<?xml version="1.0"?>
<doc>
    <assembly>
        <name>Db4objects.Db4o.Instrumentation</name>
    </assembly>
    <members>
        <member name="T:Db4objects.Db4o.Instrumentation.Api.IFieldRef">
            <summary>A reference to a field..</summary>
            <remarks>A reference to a field..</remarks>
        </member>
        <member name="T:Db4objects.Db4o.Instrumentation.Api.IMethodBuilder">
            <summary>Cross platform interface for bytecode emission.</summary>
            <remarks>Cross platform interface for bytecode emission.</remarks>
        </member>
        <member name="M:Db4objects.Db4o.Instrumentation.Api.IReferenceResolver.Resolve(Db4objects.Db4o.Instrumentation.Api.IMethodRef)">
            <exception cref="T:Db4objects.Db4o.Instrumentation.Api.InstrumentationException"></exception>
        </member>
        <member name="T:Db4objects.Db4o.Instrumentation.Api.ITypeEditor">
            <summary>Cross platform interface for type instrumentation.</summary>
            <remarks>Cross platform interface for type instrumentation.</remarks>
        </member>
        <member name="T:Db4objects.Db4o.Instrumentation.Api.INativeClassFactory">
            <exclude></exclude>
        </member>
        <member name="M:Db4objects.Db4o.Instrumentation.Api.INativeClassFactory.ForName(System.String)">
            <exception cref="T:System.TypeLoadException"></exception>
        </member>
        <member name="T:Db4objects.Db4o.Instrumentation.Core.DefaultNativeClassFactory">
            <exclude></exclude>
        </member>
        <member name="M:Db4objects.Db4o.Instrumentation.Core.DefaultNativeClassFactory.ForName(System.String)">
            <exception cref="T:System.TypeLoadException"></exception>
        </member>
    </members>
</doc>
