﻿<?xml version="1.0" encoding="utf-8"?><index><stem n="db4o"><phr n="db4o"><ent r="1000" t="0" w="1" /><ent r="102" t="0" w="9" /><ent r="3" t="0" w="14" /><ent r="3" t="0" w="50" /><ent r="64" t="0" w="54" /><ent r="64" t="0" w="56" /><ent r="64" t="0" w="82" /><ent r="3" t="1" w="88" /><ent r="3" t="1" w="93" /><ent r="1000" t="2" w="1" /><ent r="1000" t="2" w="3" /><ent r="100" t="2" w="7" /><ent r="100" t="2" w="9" /><ent r="100" t="2" w="13" /><ent r="100" t="2" w="15" /><ent r="102" t="2" w="17" /><ent r="102" t="2" w="19" /><ent r="3" t="2" w="23" /><ent r="3" t="2" w="25" /><ent r="3" t="2" w="33" /><ent r="1000" t="3" w="4" /><ent r="1000" t="3" w="6" /><ent r="3" t="3" w="28" /><ent r="3" t="3" w="30" /><ent r="3" t="3" w="102" /><ent r="4" t="3" w="135" /><ent r="4" t="3" w="163" /><ent r="3" t="4" w="68" /><ent r="4" t="10" w="79" /><ent r="4" t="10" w="107" /><ent r="3" t="11" w="13" /><ent r="3" t="11" w="18" /><ent r="2" t="12" w="12" /></phr></stem><stem n="replic"><phr n="Replication"><ent r="1000" t="0" w="2" /><ent r="100" t="0" w="7" /><ent r="102" t="0" w="10" /><ent r="3" t="0" w="15" /><ent r="64" t="0" w="57" /><ent r="1000" t="2" w="4" /><ent r="100" t="2" w="10" /><ent r="100" t="2" w="12" /><ent r="102" t="2" w="20" /><ent r="64" t="2" w="90" /><ent r="64" t="2" w="115" /><ent r="1000" t="3" w="7" /><ent r="100" t="3" w="9" /><ent r="100" t="3" w="17" /><ent r="100" t="3" w="22" /><ent r="4" t="3" w="241" /><ent r="4" t="3" w="331" /><ent r="1000" t="4" w="2" /><ent r="100" t="4" w="6" /><ent r="100" t="4" w="8" /><ent r="102" t="4" w="12" /><ent r="4" t="4" w="116" /><ent r="4" t="4" w="186" /><ent r="1000" t="5" w="2" /><ent r="100" t="5" w="6" /><ent r="100" t="5" w="8" /><ent r="100" t="5" w="10" /><ent r="102" t="5" w="13" /><ent r="92" t="5" w="544" /><ent r="100" t="6" w="8" /><ent r="4" t="6" w="74" /><ent r="4" t="6" w="105" /><ent r="1000" t="7" w="2" /><ent r="102" t="7" w="6" /><ent r="64" t="7" w="75" /><ent r="100" t="8" w="3" /><ent r="4" t="8" w="252" /><ent r="4" t="8" w="298" /><ent r="100" t="9" w="5" /><ent r="4" t="9" w="239" /><ent r="4" t="9" w="279" /><ent r="4" t="9" w="498" /><ent r="4" t="9" w="538" /><ent r="1000" t="10" w="5" /><ent r="102" t="10" w="11" /><ent r="4" t="10" w="350" /><ent r="4" t="10" w="412" /><ent r="2" t="12" w="13" /></phr><phr n="replicate"><ent r="3" t="0" w="45" /><ent r="3" t="2" w="121" /><ent r="3" t="3" w="407" /><ent r="3" t="4" w="232" /><ent r="5" t="4" w="264" /><ent r="5" t="4" w="347" /><ent r="3" t="5" w="48" /><ent r="3" t="5" w="66" /><ent r="3" t="5" w="370" /><ent r="3" t="5" w="590" /><ent r="3" t="6" w="17" /><ent r="3" t="6" w="27" /><ent r="3" t="6" w="56" /><ent r="3" t="7" w="68" /></phr><phr n="replication"><ent r="3" t="2" w="26" /><ent r="3" t="2" w="61" /><ent r="3" t="2" w="79" /><ent r="3" t="2" w="102" /><ent r="3" t="3" w="31" /><ent r="3" t="3" w="50" /><ent r="3" t="3" w="74" /><ent r="3" t="3" w="190" /><ent r="3" t="3" w="201" /><ent r="3" t="3" w="205" /><ent r="3" t="3" w="210" /><ent r="3" t="3" w="214" /><ent r="5" t="3" w="248" /><ent r="4" t="3" w="270" /><ent r="5" t="3" w="338" /><ent r="4" t="3" w="360" /><ent r="3" t="3" w="374" /><ent r="3" t="3" w="381" /><ent r="3" t="3" w="384" /><ent r="3" t="3" w="399" /><ent r="4" t="3" w="438" /><ent r="4" t="3" w="483" /><ent r="3" t="3" w="494" /><ent r="3" t="3" w="499" /><ent r="3" t="3" w="507" /><ent r="3" t="3" w="536" /><ent r="3" t="4" w="23" /><ent r="3" t="4" w="77" /><ent r="3" t="4" w="82" /><ent r="3" t="4" w="87" /><ent r="4" t="4" w="125" /><ent r="4" t="4" w="195" /><ent r="3" t="4" w="210" /><ent r="3" t="4" w="213" /><ent r="5" t="4" w="243" /><ent r="4" t="4" w="300" /><ent r="5" t="4" w="315" /><ent r="4" t="4" w="394" /><ent r="4" t="5" w="123" /><ent r="4" t="5" w="173" /><ent r="3" t="5" w="205" /><ent r="4" t="5" w="261" /><ent r="4" t="5" w="343" /><ent r="4" t="5" w="420" /><ent r="4" t="5" w="482" /><ent r="3" t="5" w="582" /><ent r="3" t="6" w="47" /><ent r="3" t="6" w="163" /><ent r="3" t="6" w="168" /><ent r="3" t="6" w="174" /><ent r="3" t="7" w="15" /><ent r="3" t="7" w="31" /><ent r="3" t="8" w="18" /><ent r="3" t="8" w="45" /><ent r="4" t="8" w="127" /><ent r="4" t="8" w="241" /><ent r="4" t="8" w="270" /><ent r="4" t="8" w="313" /><ent r="3" t="9" w="99" /><ent r="3" t="9" w="124" /><ent r="3" t="10" w="14" /><ent r="3" t="10" w="51" /><ent r="3" t="10" w="296" /><ent r="3" t="10" w="306" /><ent r="3" t="10" w="310" /></phr><phr n="replicated"><ent r="3" t="2" w="65" /><ent r="3" t="2" w="83" /><ent r="3" t="2" w="111" /><ent r="3" t="3" w="520" /><ent r="3" t="4" w="53" /><ent r="3" t="5" w="212" /><ent r="3" t="5" w="381" /><ent r="3" t="5" w="563" /><ent r="3" t="6" w="36" /><ent r="3" t="8" w="64" /><ent r="3" t="9" w="16" /><ent r="3" t="9" w="23" /><ent r="3" t="9" w="109" /><ent r="3" t="10" w="29" /></phr><phr n="replicating"><ent r="3" t="2" w="94" /><ent r="3" t="5" w="555" /></phr><phr n="Replicate"><ent r="64" t="2" w="127" /><ent r="4" t="3" w="429" /><ent r="4" t="3" w="471" /><ent r="4" t="4" w="278" /><ent r="4" t="4" w="292" /><ent r="4" t="4" w="364" /><ent r="4" t="4" w="383" /><ent r="4" t="5" w="115" /><ent r="4" t="5" w="162" /><ent r="4" t="5" w="253" /><ent r="4" t="5" w="324" /><ent r="4" t="5" w="412" /><ent r="4" t="5" w="471" /><ent r="1000" t="6" w="1" /><ent r="100" t="6" w="5" /><ent r="102" t="6" w="11" /><ent r="4" t="6" w="89" /><ent r="4" t="6" w="120" /><ent r="4" t="10" w="387" /><ent r="4" t="10" w="479" /></phr><phr n="replications"><ent r="3" t="3" w="525" /><ent r="3" t="5" w="553" /></phr></stem><stem n="system"><phr n="System"><ent r="1000" t="0" w="3" /><ent r="102" t="0" w="11" /><ent r="3" t="0" w="16" /><ent r="2" t="12" w="14" /></phr><phr n="system"><ent r="3" t="3" w="370" /></phr></stem><stem n="dr"><phr n="dRS"><ent r="100" t="0" w="5" /><ent r="3" t="0" w="43" /><ent r="3" t="0" w="71" /><ent r="3" t="1" w="16" /><ent r="3" t="1" w="28" /><ent r="3" t="1" w="52" /><ent r="3" t="1" w="83" /><ent r="3" t="1" w="96" /><ent r="3" t="1" w="105" /><ent r="3" t="1" w="129" /><ent r="3" t="1" w="143" /><ent r="4" t="1" w="151" /><ent r="4" t="1" w="183" /><ent r="100" t="2" w="6" /><ent r="3" t="2" w="57" /><ent r="3" t="2" w="76" /><ent r="3" t="2" w="98" /><ent r="3" t="2" w="118" /><ent r="100" t="3" w="13" /><ent r="100" t="3" w="20" /><ent r="3" t="3" w="60" /><ent r="100" t="4" w="4" /><ent r="100" t="5" w="4" /><ent r="3" t="5" w="64" /><ent r="3" t="5" w="548" /><ent r="3" t="5" w="587" /><ent r="100" t="6" w="4" /><ent r="3" t="6" w="22" /><ent r="3" t="6" w="129" /><ent r="3" t="7" w="18" /><ent r="100" t="8" w="6" /><ent r="3" t="8" w="26" /><ent r="100" t="9" w="8" /><ent r="3" t="9" w="32" /><ent r="3" t="9" w="54" /><ent r="3" t="11" w="8" /><ent r="3" t="11" w="21" /><ent r="3" t="11" w="29" /><ent r="92" t="12" w="5" /><ent r="2" t="12" w="15" /><ent r="2" t="12" w="25" /><ent r="2" t="12" w="71" /><ent r="2" t="12" w="77" /><ent r="2" t="12" w="86" /></phr><phr n="Drs"><ent r="3" t="11" w="36" /></phr></stem><stem n="provid"><phr n="provides"><ent r="3" t="0" w="17" /></phr><phr n="providers"><ent r="3" t="6" w="136" /></phr><phr n="provider"><ent r="3" t="6" w="147" /><ent r="3" t="6" w="158" /></phr></stem><stem n="function"><phr n="functionality"><ent r="3" t="0" w="18" /><ent r="3" t="1" w="106" /></phr><phr n="Function"><ent r="5" t="5" w="443" /></phr></stem><stem n="period"><phr n="periodically"><ent r="3" t="0" w="20" /><ent r="3" t="2" w="47" /></phr></stem><stem n="synchron"><phr n="synchronize"><ent r="3" t="0" w="21" /></phr><phr n="synchronizing"><ent r="3" t="0" w="33" /></phr><phr n="synchronized"><ent r="3" t="2" w="46" /><ent r="3" t="9" w="331" /></phr></stem><stem n="databas"><phr n="databases"><ent r="3" t="0" w="22" /><ent r="3" t="0" w="51" /><ent r="3" t="2" w="34" /><ent r="3" t="3" w="89" /><ent r="3" t="3" w="195" /><ent r="3" t="5" w="42" /><ent r="3" t="6" w="39" /><ent r="3" t="7" w="40" /><ent r="3" t="10" w="25" /><ent r="3" t="10" w="48" /></phr><phr n="database"><ent r="3" t="2" w="97" /><ent r="5" t="3" w="253" /><ent r="5" t="3" w="257" /><ent r="5" t="3" w="343" /><ent r="5" t="3" w="347" /><ent r="3" t="6" w="50" /><ent r="3" t="6" w="61" /><ent r="3" t="7" w="63" /><ent r="5" t="8" w="96" /><ent r="5" t="8" w="114" /><ent r="5" t="8" w="191" /><ent r="5" t="8" w="216" /><ent r="3" t="10" w="156" /></phr><phr n="Databases"><ent r="64" t="7" w="73" /><ent r="1000" t="10" w="3" /><ent r="102" t="10" w="9" /></phr></stem><stem n="work"><phr n="work"><ent r="3" t="0" w="24" /><ent r="3" t="1" w="26" /></phr><phr n="works"><ent r="4" t="12" w="50" /></phr></stem><stem n="disconnect"><phr n="disconnected"><ent r="3" t="0" w="25" /><ent r="3" t="9" w="326" /></phr></stem><stem n="."><phr n="."><ent r="3" t="0" w="29" /><ent r="3" t="0" w="41" /><ent r="3" t="0" w="86" /><ent r="3" t="1" w="29" /><ent r="3" t="1" w="40" /><ent r="3" t="1" w="53" /><ent r="3" t="1" w="68" /><ent r="3" t="1" w="79" /><ent r="3" t="1" w="90" /><ent r="3" t="1" w="101" /><ent r="3" t="1" w="113" /><ent r="3" t="1" w="134" /><ent r="3" t="2" w="37" /><ent r="3" t="2" w="69" /><ent r="3" t="2" w="87" /><ent r="3" t="2" w="112" /><ent r="3" t="2" w="125" /><ent r="3" t="3" w="41" /><ent r="3" t="3" w="52" /><ent r="3" t="3" w="68" /><ent r="3" t="3" w="79" /><ent r="3" t="3" w="90" /><ent r="3" t="3" w="100" /><ent r="3" t="3" w="111" /><ent r="3" t="3" w="187" /><ent r="3" t="3" w="202" /><ent r="3" t="3" w="216" /><ent r="5" t="3" w="258" /><ent r="5" t="3" w="348" /><ent r="3" t="3" w="375" /><ent r="3" t="3" w="383" /><ent r="3" t="3" w="400" /><ent r="3" t="3" w="411" /><ent r="3" t="3" w="501" /><ent r="3" t="3" w="514" /><ent r="3" t="3" w="531" /><ent r="3" t="4" w="27" /><ent r="3" t="4" w="45" /><ent r="3" t="4" w="58" /><ent r="3" t="4" w="70" /><ent r="3" t="4" w="84" /><ent r="3" t="4" w="91" /><ent r="3" t="4" w="212" /><ent r="3" t="4" w="235" /><ent r="3" t="5" w="55" /><ent r="3" t="5" w="74" /><ent r="3" t="5" w="93" /><ent r="3" t="5" w="199" /><ent r="3" t="5" w="217" /><ent r="3" t="5" w="373" /><ent r="3" t="5" w="383" /><ent r="3" t="5" w="507" /><ent r="3" t="5" w="524" /><ent r="3" t="5" w="540" /><ent r="3" t="5" w="554" /><ent r="3" t="5" w="566" /><ent r="3" t="5" w="574" /><ent r="3" t="5" w="600" /><ent r="3" t="6" w="31" /><ent r="3" t="6" w="40" /><ent r="3" t="6" w="71" /><ent r="3" t="6" w="137" /><ent r="3" t="6" w="166" /><ent r="3" t="6" w="191" /><ent r="3" t="6" w="209" /><ent r="3" t="7" w="32" /><ent r="3" t="7" w="45" /><ent r="3" t="7" w="52" /><ent r="3" t="7" w="69" /><ent r="3" t="8" w="26" /><ent r="3" t="8" w="40" /><ent r="3" t="8" w="54" /><ent r="3" t="8" w="65" /><ent r="3" t="9" w="28" /><ent r="3" t="9" w="42" /><ent r="3" t="9" w="53" /><ent r="3" t="9" w="64" /><ent r="3" t="9" w="74" /><ent r="3" t="9" w="78" /><ent r="3" t="9" w="85" /><ent r="3" t="9" w="101" /><ent r="3" t="9" w="110" /><ent r="3" t="9" w="126" /><ent r="3" t="9" w="305" /><ent r="3" t="9" w="321" /><ent r="3" t="9" w="332" /><ent r="3" t="10" w="23" /><ent r="3" t="10" w="30" /><ent r="3" t="10" w="42" /><ent r="3" t="10" w="63" /><ent r="3" t="10" w="139" /><ent r="3" t="10" w="157" /><ent r="3" t="10" w="168" /><ent r="3" t="10" w="286" /><ent r="3" t="10" w="297" /><ent r="3" t="10" w="307" /><ent r="3" t="10" w="311" /><ent r="3" t="10" w="329" /><ent r="3" t="10" w="347" /><ent r="3" t="11" w="15" /><ent r="3" t="11" w="26" /><ent r="3" t="11" w="42" /><ent r="3" t="11" w="54" /><ent r="63" t="12" w="9" /><ent r="4" t="12" w="58" /><ent r="2" t="12" w="79" /><ent r="2" t="12" w="105" /></phr></stem><stem n="exampl"><phr n="example"><ent r="3" t="0" w="30" /><ent r="3" t="1" w="138" /><ent r="3" t="4" w="28" /><ent r="3" t="5" w="508" /><ent r="3" t="5" w="576" /><ent r="3" t="6" w="192" /><ent r="3" t="9" w="111" /><ent r="3" t="9" w="306" /></phr><phr n="Example"><ent r="64" t="2" w="72" /><ent r="1000" t="3" w="2" /><ent r="100" t="3" w="11" /><ent r="100" t="3" w="15" /><ent r="102" t="3" w="25" /><ent r="64" t="4" w="73" /></phr></stem><stem n="mobil"><phr n="mobile"><ent r="3" t="0" w="31" /><ent r="3" t="2" w="43" /><ent r="5" t="3" w="256" /><ent r="5" t="3" w="346" /><ent r="3" t="4" w="33" /><ent r="3" t="5" w="18" /></phr></stem><stem n="devic"><phr n="devices"><ent r="3" t="0" w="32" /><ent r="3" t="9" w="327" /></phr><phr n="device"><ent r="3" t="2" w="44" /><ent r="3" t="4" w="34" /><ent r="3" t="5" w="19" /></phr></stem><stem n="central"><phr n="central"><ent r="3" t="0" w="36" /><ent r="3" t="2" w="50" /></phr></stem><stem n="server"><phr n="server"><ent r="3" t="0" w="37" /><ent r="3" t="2" w="51" /></phr></stem><stem n="desktop"><phr n="desktop"><ent r="3" t="0" w="39" /><ent r="3" t="2" w="54" /><ent r="5" t="3" w="252" /><ent r="5" t="3" w="342" /><ent r="3" t="4" w="43" /><ent r="5" t="8" w="95" /><ent r="5" t="8" w="113" /><ent r="5" t="8" w="190" /><ent r="5" t="8" w="215" /></phr></stem><stem n="applic"><phr n="application"><ent r="3" t="0" w="40" /><ent r="3" t="2" w="55" /><ent r="3" t="10" w="22" /><ent r="3" t="11" w="53" /></phr></stem><stem n="ani"><phr n="any"><ent r="3" t="0" w="47" /><ent r="3" t="1" w="44" /></phr></stem><stem n="number"><phr n="number"><ent r="3" t="0" w="48" /><ent r="3" t="3" w="96" /><ent r="3" t="10" w="146" /></phr><phr n="numbers"><ent r="3" t="10" w="138" /></phr></stem><stem n="db4o-databas"><phr n="db4o-databases"><ent r="3" t="0" w="50" /></phr></stem><stem n="-databases."><phr n="-databases."><ent r="3" t="0" w="52" /><ent r="3" t="0" w="52" /></phr></stem><stem n="see"><phr n="See"><ent r="64" t="0" w="53" /><ent r="64" t="2" w="70" /><ent r="64" t="2" w="88" /><ent r="64" t="2" w="113" /><ent r="64" t="2" w="126" /><ent r="64" t="3" w="69" /><ent r="64" t="4" w="71" /><ent r="64" t="7" w="33" /><ent r="64" t="7" w="53" /><ent r="64" t="7" w="70" /><ent r="64" t="9" w="75" /></phr></stem><stem n="&quot;db4o"><phr n="&quot;db4o"><ent r="64" t="0" w="54" /></phr></stem><stem n="&quot;"><phr n="&quot;"><ent r="64" t="0" w="58" /><ent r="4" t="1" w="178" /><ent r="64" t="2" w="73" /><ent r="64" t="2" w="91" /><ent r="64" t="2" w="116" /><ent r="64" t="2" w="129" /><ent r="64" t="3" w="72" /><ent r="64" t="4" w="74" /><ent r="64" t="7" w="57" /><ent r="64" t="7" w="76" /><ent r="5" t="8" w="97" /><ent r="5" t="8" w="115" /><ent r="5" t="8" w="192" /><ent r="5" t="8" w="217" /></phr></stem><stem n="befor"><phr n="Before"><ent r="3" t="0" w="59" /></phr><phr n="before"><ent r="3" t="1" w="46" /></phr></stem><stem n="start"><phr n="start"><ent r="3" t="0" w="61" /><ent r="3" t="1" w="48" /><ent r="3" t="3" w="188" /></phr><phr n="Started"><ent r="1000" t="1" w="2" /><ent r="102" t="1" w="5" /><ent r="64" t="3" w="71" /></phr><phr n="started"><ent r="3" t="3" w="51" /></phr><phr n="Start"><ent r="3" t="4" w="75" /></phr></stem><stem n=","><phr n=","><ent r="3" t="0" w="62" /><ent r="3" t="1" w="120" /><ent r="3" t="2" w="32" /><ent r="3" t="2" w="80" /><ent r="3" t="2" w="98" /><ent r="3" t="2" w="103" /><ent r="3" t="3" w="183" /><ent r="3" t="3" w="495" /><ent r="3" t="4" w="60" /><ent r="3" t="5" w="83" /><ent r="3" t="5" w="377" /><ent r="3" t="5" w="531" /><ent r="3" t="5" w="587" /><ent r="3" t="6" w="22" /><ent r="3" t="6" w="139" /><ent r="3" t="6" w="148" /><ent r="3" t="6" w="178" /><ent r="3" t="6" w="193" /><ent r="3" t="6" w="199" /><ent r="3" t="7" w="21" /><ent r="4" t="8" w="98" /><ent r="4" t="8" w="116" /><ent r="4" t="8" w="193" /><ent r="4" t="8" w="218" /><ent r="4" t="8" w="302" /><ent r="3" t="9" w="25" /><ent r="3" t="9" w="45" /><ent r="3" t="9" w="92" /><ent r="4" t="9" w="243" /><ent r="4" t="9" w="283" /><ent r="4" t="9" w="502" /><ent r="4" t="9" w="542" /><ent r="3" t="10" w="320" /><ent r="4" t="12" w="34" /><ent r="4" t="12" w="47" /><ent r="2" t="12" w="94" /></phr></stem><stem n="pleas"><phr n="please"><ent r="3" t="0" w="62" /></phr></stem><stem n="make"><phr n="make"><ent r="3" t="0" w="63" /><ent r="3" t="4" w="60" /></phr><phr n="Make"><ent r="3" t="10" w="329" /></phr></stem><stem n="sure"><phr n="sure"><ent r="3" t="0" w="64" /><ent r="3" t="4" w="61" /><ent r="3" t="10" w="331" /></phr></stem><stem n="download"><phr n="downloaded"><ent r="3" t="0" w="68" /></phr><phr n="download"><ent r="64" t="0" w="76" /></phr><phr n="Download"><ent r="92" t="1" w="30" /><ent r="66" t="3" w="143" /><ent r="66" t="3" w="171" /><ent r="66" t="3" w="272" /><ent r="66" t="3" w="362" /><ent r="66" t="3" w="440" /><ent r="66" t="3" w="485" /><ent r="66" t="4" w="127" /><ent r="66" t="4" w="197" /><ent r="66" t="4" w="302" /><ent r="66" t="4" w="396" /><ent r="66" t="5" w="127" /><ent r="66" t="5" w="177" /><ent r="66" t="5" w="266" /><ent r="66" t="5" w="348" /><ent r="66" t="5" w="425" /><ent r="66" t="5" w="487" /><ent r="66" t="6" w="92" /><ent r="66" t="6" w="123" /><ent r="66" t="8" w="130" /><ent r="66" t="8" w="244" /><ent r="66" t="8" w="273" /><ent r="66" t="8" w="316" /><ent r="66" t="9" w="158" /><ent r="66" t="9" w="231" /><ent r="66" t="9" w="254" /><ent r="66" t="9" w="291" /><ent r="66" t="9" w="384" /><ent r="66" t="9" w="490" /><ent r="66" t="9" w="513" /><ent r="66" t="9" w="550" /><ent r="66" t="10" w="87" /><ent r="66" t="10" w="115" /><ent r="66" t="10" w="212" /><ent r="66" t="10" w="272" /><ent r="66" t="10" w="399" /><ent r="66" t="10" w="494" /></phr></stem><stem n="latest"><phr n="latest"><ent r="3" t="0" w="70" /><ent r="4" t="9" w="381" /><ent r="4" t="9" w="487" /><ent r="4" t="9" w="510" /><ent r="4" t="9" w="547" /></phr></stem><stem n="distribut"><phr n="distribution"><ent r="3" t="0" w="72" /><ent r="3" t="1" w="34" /><ent r="2" t="12" w="78" /><ent r="2" t="12" w="87" /></phr><phr n="distributed"><ent r="3" t="11" w="49" /></phr></stem><stem n="area"><phr n="area"><ent r="64" t="0" w="77" /></phr></stem><stem n="develop"><phr n="developer"><ent r="64" t="0" w="83" /></phr><phr n="development"><ent r="3" t="1" w="118" /><ent r="4" t="12" w="33" /></phr></stem><stem n="websit"><phr n="website"><ent r="64" t="0" w="84" /></phr></stem><stem n="get"><phr n="Getting"><ent r="1000" t="1" w="1" /><ent r="102" t="1" w="4" /><ent r="64" t="3" w="70" /></phr><phr n="get"><ent r="3" t="1" w="21" /><ent r="3" t="3" w="48" /><ent r="3" t="4" w="204" /><ent r="5" t="4" w="237" /><ent r="5" t="4" w="309" /></phr><phr n="getting"><ent r="3" t="5" w="76" /></phr></stem><stem n="topic"><phr n="topic"><ent r="3" t="1" w="8" /><ent r="3" t="7" w="10" /></phr></stem><stem n="will"><phr n="will"><ent r="3" t="1" w="9" /><ent r="3" t="1" w="18" /><ent r="3" t="3" w="386" /><ent r="3" t="3" w="538" /><ent r="3" t="5" w="84" /><ent r="3" t="5" w="588" /><ent r="3" t="6" w="150" /><ent r="3" t="6" w="184" /><ent r="3" t="8" w="56" /></phr></stem><stem n="give"><phr n="give"><ent r="3" t="1" w="10" /></phr></stem><stem n="initi"><phr n="initial"><ent r="3" t="1" w="13" /></phr></stem><stem n="inform"><phr n="information"><ent r="3" t="1" w="14" /><ent r="3" t="8" w="15" /><ent r="4" t="8" w="267" /><ent r="4" t="8" w="310" /><ent r="3" t="9" w="82" /></phr><phr n="informations"><ent r="4" t="8" w="124" /><ent r="4" t="8" w="238" /></phr></stem><stem n="help"><phr n="help"><ent r="3" t="1" w="19" /><ent r="3" t="9" w="48" /></phr></stem><stem n="environ"><phr n="environment"><ent r="3" t="1" w="23" /></phr></stem><stem n="readi"><phr n="ready"><ent r="3" t="1" w="24" /><ent r="3" t="3" w="372" /></phr></stem><stem n="content"><phr n="Content"><ent r="92" t="1" w="31" /></phr><phr n="content"><ent r="3" t="1" w="42" /></phr></stem><stem n="come"><phr n="comes"><ent r="3" t="1" w="35" /><ent r="3" t="1" w="107" /><ent r="2" t="12" w="88" /></phr></stem><stem n="zip"><phr n="zip"><ent r="3" t="1" w="38" /></phr></stem><stem n="archiv"><phr n="archive"><ent r="3" t="1" w="39" /></phr></stem><stem n="extract"><phr n="Extract"><ent r="3" t="1" w="40" /></phr></stem><stem n="folder"><phr n="folder"><ent r="3" t="1" w="45" /><ent r="3" t="1" w="67" /><ent r="3" t="1" w="78" /><ent r="4" t="1" w="164" /><ent r="4" t="1" w="194" /></phr></stem><stem n="find"><phr n="find"><ent r="3" t="1" w="55" /></phr><phr n="Find"><ent r="4" t="1" w="182" /></phr></stem><stem n="offlin"><phr n="offline"><ent r="3" t="1" w="57" /></phr></stem><stem n="version"><phr n="version"><ent r="3" t="1" w="58" /><ent r="3" t="1" w="84" /><ent r="3" t="1" w="89" /><ent r="3" t="1" w="97" /><ent r="3" t="1" w="127" /><ent r="3" t="3" w="95" /><ent r="3" t="10" w="137" /><ent r="3" t="11" w="9" /><ent r="3" t="11" w="14" /><ent r="3" t="11" w="22" /></phr></stem><stem n="document"><phr n="documentation"><ent r="3" t="1" w="60" /><ent r="3" t="1" w="70" /></phr></stem><stem n="doc"><phr n="docs"><ent r="4" t="1" w="64" /><ent r="4" t="1" w="75" /></phr></stem><stem n="/docs/refer"><phr n="/docs/reference"><ent r="4" t="1" w="65" /></phr></stem><stem n="docs/refer"><phr n="docs/reference"><ent r="4" t="1" w="65" /><ent r="4" t="1" w="64" /></phr></stem><stem n="refer"><phr n="reference"><ent r="4" t="1" w="65" /></phr><phr n="references"><ent r="3" t="1" w="133" /></phr><phr n="References"><ent r="4" t="1" w="169" /></phr><phr n="Reference"><ent r="4" t="1" w="177" /></phr></stem><stem n="api"><phr n="API"><ent r="3" t="1" w="69" /></phr><phr n="api"><ent r="4" t="1" w="76" /></phr></stem><stem n="locat"><phr n="located"><ent r="3" t="1" w="72" /><ent r="2" t="12" w="94" /></phr></stem><stem n="/docs/api"><phr n="/docs/api"><ent r="4" t="1" w="76" /></phr></stem><stem n="docs/api"><phr n="docs/api"><ent r="4" t="1" w="76" /><ent r="4" t="1" w="75" /></phr></stem><stem n="requir"><phr n="Requirements"><ent r="92" t="1" w="80" /></phr><phr n="required"><ent r="3" t="3" w="46" /><ent r="3" t="10" w="32" /></phr><phr n="requirement"><ent r="3" t="10" w="18" /></phr></stem><stem n="correspond"><phr n="corresponds"><ent r="3" t="1" w="85" /><ent r="3" t="11" w="10" /></phr></stem><stem n="ensur"><phr n="Ensure"><ent r="3" t="1" w="90" /><ent r="3" t="11" w="15" /></phr><phr n="ensure"><ent r="3" t="3" w="54" /><ent r="3" t="3" w="522" /><ent r="3" t="10" w="324" /></phr><phr n="ensures"><ent r="4" t="10" w="203" /><ent r="4" t="10" w="263" /></phr></stem><stem n="same"><phr n="same"><ent r="3" t="1" w="100" /><ent r="3" t="11" w="25" /></phr></stem><stem n="instal"><phr n="Installation"><ent r="92" t="1" w="102" /></phr><phr n="installed"><ent r="3" t="11" w="47" /></phr></stem><stem n="singl"><phr n="single"><ent r="3" t="1" w="110" /></phr></stem><stem n="assembl"><phr n="assembly"><ent r="3" t="1" w="111" /><ent r="4" t="3" w="63" /><ent r="3" t="11" w="38" /><ent r="3" t="11" w="43" /></phr></stem><stem n="file"><phr n="file"><ent r="3" t="1" w="112" /><ent r="2" t="12" w="70" /></phr><phr n="File"><ent r="4" t="3" w="121" /><ent r="4" t="3" w="126" /><ent r="4" t="3" w="150" /><ent r="4" t="3" w="155" /><ent r="4" t="10" w="65" /><ent r="4" t="10" w="70" /><ent r="4" t="10" w="94" /><ent r="4" t="10" w="99" /></phr><phr n="files"><ent r="2" t="12" w="104" /></phr></stem><stem n="project"><phr n="project"><ent r="3" t="1" w="119" /><ent r="3" t="1" w="132" /><ent r="3" t="1" w="148" /><ent r="4" t="1" w="163" /><ent r="4" t="1" w="193" /><ent r="3" t="3" w="67" /><ent r="3" t="11" w="41" /></phr></stem><stem n="need"><phr n="need"><ent r="3" t="1" w="122" /><ent r="3" t="3" w="113" /><ent r="3" t="4" w="22" /><ent r="3" t="5" w="37" /><ent r="3" t="7" w="47" /><ent r="3" t="8" w="13" /><ent r="3" t="8" w="22" /><ent r="3" t="11" w="31" /></phr><phr n="needs"><ent r="3" t="3" w="76" /><ent r="3" t="3" w="93" /></phr></stem><stem n="add"><phr n="add"><ent r="3" t="1" w="124" /><ent r="3" t="1" w="142" /><ent r="3" t="11" w="33" /></phr><phr n="Add"><ent r="4" t="1" w="176" /><ent r="3" t="5" w="199" /></phr></stem><stem n="appropri"><phr n="appropriate"><ent r="3" t="1" w="126" /></phr></stem><stem n="here"><phr n="Here"><ent r="3" t="1" w="135" /></phr></stem><stem n="how"><phr n="how"><ent r="3" t="1" w="140" /></phr><phr n="How"><ent r="3" t="10" w="42" /></phr></stem><stem n="visual"><phr n="Visual"><ent r="3" t="1" w="146" /></phr></stem><stem n="studio"><phr n="Studio"><ent r="3" t="1" w="147" /></phr></stem><stem n=":"><phr n=":"><ent r="3" t="1" w="149" /><ent r="3" t="3" w="118" /><ent r="3" t="7" w="17" /><ent r="4" t="8" w="69" /><ent r="3" t="9" w="112" /><ent r="4" t="9" w="130" /><ent r="4" t="9" w="336" /><ent r="2" t="12" w="31" /></phr></stem><stem n="copi"><phr n="Copy"><ent r="4" t="1" w="150" /><ent r="66" t="3" w="146" /><ent r="66" t="3" w="174" /><ent r="66" t="3" w="275" /><ent r="66" t="3" w="365" /><ent r="66" t="3" w="443" /><ent r="66" t="3" w="488" /><ent r="66" t="4" w="130" /><ent r="66" t="4" w="200" /><ent r="66" t="4" w="305" /><ent r="66" t="4" w="399" /><ent r="66" t="5" w="130" /><ent r="66" t="5" w="180" /><ent r="66" t="5" w="269" /><ent r="66" t="5" w="351" /><ent r="66" t="5" w="428" /><ent r="66" t="5" w="490" /><ent r="66" t="6" w="95" /><ent r="66" t="6" w="126" /><ent r="66" t="8" w="133" /><ent r="66" t="8" w="247" /><ent r="66" t="8" w="276" /><ent r="66" t="8" w="319" /><ent r="66" t="9" w="161" /><ent r="66" t="9" w="234" /><ent r="66" t="9" w="257" /><ent r="66" t="9" w="294" /><ent r="66" t="9" w="387" /><ent r="66" t="9" w="493" /><ent r="66" t="9" w="516" /><ent r="66" t="9" w="553" /><ent r="66" t="10" w="90" /><ent r="66" t="10" w="118" /><ent r="66" t="10" w="215" /><ent r="66" t="10" w="275" /><ent r="66" t="10" w="402" /><ent r="66" t="10" w="497" /></phr><phr n="copy"><ent r="2" t="12" w="64" /></phr></stem><stem n="-"><phr n="-"><ent r="4" t="1" w="151" /><ent r="4" t="1" w="151" /><ent r="4" t="1" w="183" /><ent r="4" t="1" w="183" /><ent r="3" t="3" w="60" /><ent r="3" t="3" w="60" /></phr></stem><stem n="drs-"><phr n="dRS-"><ent r="4" t="1" w="151" /><ent r="4" t="1" w="183" /><ent r="3" t="3" w="60" /></phr></stem><stem n="x"><phr n="X"><ent r="5" t="1" w="154" /><ent r="5" t="1" w="186" /></phr></stem><stem n=".xx"><phr n=".XX"><ent r="5" t="1" w="155" /><ent r="5" t="1" w="187" /></phr></stem><stem n="x.xx"><phr n="X.XX"><ent r="5" t="1" w="155" /><ent r="5" t="1" w="154" /><ent r="5" t="1" w="187" /><ent r="5" t="1" w="186" /></phr></stem><stem n="xx"><phr n="XX"><ent r="5" t="1" w="155" /><ent r="5" t="1" w="187" /></phr></stem><stem n="core"><phr n="core"><ent r="4" t="1" w="157" /><ent r="4" t="1" w="189" /></phr></stem><stem n="-core.dl"><phr n="-core.dll"><ent r="4" t="1" w="158" /><ent r="4" t="1" w="158" /><ent r="4" t="1" w="190" /><ent r="4" t="1" w="190" /></phr></stem><stem n="core.dl"><phr n="core.dll"><ent r="4" t="1" w="158" /><ent r="4" t="1" w="157" /><ent r="4" t="1" w="190" /><ent r="4" t="1" w="189" /></phr></stem><stem n="dll"><phr n="dll"><ent r="4" t="1" w="158" /><ent r="4" t="1" w="190" /><ent r="3" t="11" w="37" /></phr></stem></index>