﻿<?xml version="1.0" encoding="utf-8"?><index><stem n="desktoprelicationpartner,mobilerelicationpartn"><phr n="desktopRelicationPartner,mobileRelicationPartner"><ent r="4" t="8" w="255" /><ent r="4" t="8" w="254" /></phr></stem><stem n="mobilerelicationpartn"><phr n="mobileRelicationPartner"><ent r="4" t="8" w="255" /><ent r="4" t="9" w="242" /><ent r="4" t="9" w="501" /><ent r="4" t="10" w="353" /></phr></stem><stem n="desktoprelicationpartner,mobilerelicationpartner,"><phr n="desktopRelicationPartner,mobileRelicationPartner,"><ent r="4" t="8" w="255" /><ent r="4" t="8" w="254" /></phr></stem><stem n=".begin(desktoprelicationpartner,mobilerelicationpartner,"><phr n=".Begin(desktopRelicationPartner,mobileRelicationPartner,"><ent r="4" t="8" w="256" /></phr></stem><stem n="());"><phr n="());"><ent r="4" t="8" w="260" /><ent r="4" t="9" w="247" /><ent r="4" t="9" w="506" /></phr></stem><stem n="regist"><phr n="Register"><ent r="4" t="8" w="263" /><ent r="4" t="8" w="306" /></phr></stem><stem n="()"><phr n="()"><ent r="4" t="8" w="290" /><ent r="4" t="9" w="271" /><ent r="4" t="9" w="530" /></phr></stem><stem n=":conflict"><phr n=":Conflicts"><ent r="100" t="9" w="6" /><ent r="100" t="9" w="9" /></phr></stem><stem n="inevit"><phr n="inevitable"><ent r="3" t="9" w="27" /></phr></stem><stem n="behavior"><phr n="behavior"><ent r="3" t="9" w="30" /></phr></stem><stem n="throw"><phr n="throw"><ent r="3" t="9" w="35" /></phr></stem><stem n="replicationconflictexcept"><phr n="ReplicationConflictException"><ent r="3" t="9" w="37" /></phr></stem><stem n="situat"><phr n="situation"><ent r="3" t="9" w="41" /><ent r="3" t="9" w="62" /></phr></stem><stem n="prevent"><phr n="prevents"><ent r="3" t="9" w="43" /></phr></stem><stem n="corrupt"><phr n="corruption"><ent r="3" t="9" w="44" /></phr></stem><stem n="resolv"><phr n="resolve"><ent r="3" t="9" w="50" /></phr><phr n="resolving"><ent r="4" t="9" w="155" /><ent r="4" t="9" w="228" /></phr></stem><stem n="fortun"><phr n="Fortunately"><ent r="3" t="9" w="53" /></phr></stem><stem n="handl"><phr n="handle"><ent r="3" t="9" w="58" /></phr></stem><stem n="flag"><phr n="flag"><ent r="3" t="9" w="94" /></phr></stem><stem n="decid"><phr n="decide"><ent r="3" t="9" w="104" /></phr></stem><stem n="state"><phr n="state"><ent r="3" t="9" w="106" /><ent r="3" t="9" w="121" /></phr></stem><stem n="actual"><phr n="actually"><ent r="3" t="9" w="108" /></phr></stem><stem n="occur"><phr n="occurs"><ent r="3" t="9" w="115" /></phr></stem><stem n="could"><phr n="could"><ent r="3" t="9" w="117" /></phr></stem><stem n="alwai"><phr n="always"><ent r="3" t="9" w="118" /></phr></stem><stem n="simpleconflictresolvinglisten"><phr n="SimpleConflictResolvingListener"><ent r="4" t="9" w="129" /><ent r="4" t="9" w="168" /><ent r="4" t="9" w="246" /><ent r="4" t="9" w="270" /></phr></stem><stem n="replicationevent.isconflict"><phr n="replicationEvent.IsConflict"><ent r="4" t="9" w="143" /><ent r="4" t="9" w="142" /><ent r="4" t="9" w="196" /><ent r="4" t="9" w="195" /><ent r="4" t="9" w="349" /><ent r="4" t="9" w="348" /><ent r="4" t="9" w="422" /><ent r="4" t="9" w="421" /></phr></stem><stem n="isconflict"><phr n="IsConflict"><ent r="4" t="9" w="143" /><ent r="4" t="9" w="196" /><ent r="4" t="9" w="349" /><ent r="4" t="9" w="422" /></phr></stem><stem n="(replicationevent.isconflict())"><phr n="(replicationEvent.IsConflict())"><ent r="4" t="9" w="144" /><ent r="4" t="9" w="350" /></phr></stem><stem n="stateofthedesktop"><phr n="stateOfTheDesktop"><ent r="4" t="9" w="145" /><ent r="4" t="9" w="150" /><ent r="4" t="9" w="202" /><ent r="4" t="9" w="211" /><ent r="4" t="9" w="351" /><ent r="4" t="9" w="361" /><ent r="4" t="9" w="368" /><ent r="4" t="9" w="428" /><ent r="4" t="9" w="448" /><ent r="4" t="9" w="458" /></phr></stem><stem n="replicationevent.overridewith"><phr n="replicationEvent.OverrideWith"><ent r="4" t="9" w="149" /><ent r="4" t="9" w="148" /><ent r="4" t="9" w="210" /><ent r="4" t="9" w="209" /><ent r="4" t="9" w="367" /><ent r="4" t="9" w="366" /><ent r="4" t="9" w="373" /><ent r="4" t="9" w="372" /><ent r="4" t="9" w="457" /><ent r="4" t="9" w="456" /><ent r="4" t="9" w="463" /><ent r="4" t="9" w="462" /></phr></stem><stem n="overridewith"><phr n="OverrideWith"><ent r="4" t="9" w="149" /><ent r="4" t="9" w="210" /><ent r="4" t="9" w="367" /><ent r="4" t="9" w="373" /><ent r="4" t="9" w="457" /><ent r="4" t="9" w="463" /></phr></stem><stem n=".overridewith(stateofthedesktop);"><phr n=".OverrideWith(stateOfTheDesktop);"><ent r="4" t="9" w="151" /><ent r="4" t="9" w="369" /></phr></stem><stem n=".isconflict()"><phr n=".IsConflict()"><ent r="4" t="9" w="197" /><ent r="4" t="9" w="423" /></phr></stem><stem n=".overridewith(stateofthedesktop)"><phr n=".OverrideWith(stateOfTheDesktop)"><ent r="4" t="9" w="212" /><ent r="4" t="9" w="459" /></phr></stem><stem n=".begin(desktoprelicationpartner,"><phr n=".Begin(desktopRelicationPartner,"><ent r="4" t="9" w="242" /><ent r="4" t="9" w="501" /><ent r="4" t="10" w="353" /></phr></stem><stem n="replicationlisten"><phr n="replicationListener"><ent r="4" t="9" w="262" /><ent r="4" t="9" w="283" /><ent r="4" t="9" w="521" /><ent r="4" t="9" w="542" /></phr></stem><stem n="compar"><phr n="compare"><ent r="3" t="9" w="308" /></phr></stem><stem n="timestamp'"><phr n="timestamp's"><ent r="3" t="9" w="311" /><ent r="3" t="9" w="310" /></phr></stem><stem n="newer"><phr n="newer"><ent r="3" t="9" w="319" /></phr></stem><stem n="clock"><phr n="clocks"><ent r="3" t="9" w="324" /></phr></stem><stem n="perfectli"><phr n="perfectly"><ent r="3" t="9" w="330" /></phr></stem><stem n="takelatestmodificationonconflictlisten"><phr n="TakeLatestModificationOnConflictListener"><ent r="4" t="9" w="335" /><ent r="4" t="9" w="394" /><ent r="4" t="9" w="505" /><ent r="4" t="9" w="529" /></phr></stem><stem n="stateofthemobil"><phr n="stateOfTheMobile"><ent r="4" t="9" w="355" /><ent r="4" t="9" w="364" /><ent r="4" t="9" w="374" /><ent r="4" t="9" w="438" /><ent r="4" t="9" w="451" /><ent r="4" t="9" w="464" /></phr></stem><stem n="replicationevent.stateinproviderb"><phr n="replicationEvent.StateInProviderB"><ent r="4" t="9" w="357" /><ent r="4" t="9" w="356" /><ent r="4" t="9" w="444" /><ent r="4" t="9" w="443" /></phr></stem><stem n="stateinproviderb"><phr n="StateInProviderB"><ent r="4" t="9" w="357" /><ent r="4" t="9" w="444" /></phr></stem><stem n=".stateinproviderb();"><phr n=".StateInProviderB();"><ent r="4" t="9" w="358" /></phr></stem><stem n="stateofthedesktop.modificationd"><phr n="stateOfTheDesktop.ModificationDate"><ent r="4" t="9" w="362" /><ent r="4" t="9" w="361" /><ent r="4" t="9" w="449" /><ent r="4" t="9" w="448" /></phr></stem><stem n="modificationd"><phr n="ModificationDate"><ent r="4" t="9" w="362" /><ent r="4" t="9" w="365" /><ent r="4" t="9" w="449" /><ent r="4" t="9" w="452" /></phr></stem><stem n="(stateofthedesktop.modificationdate()"><phr n="(stateOfTheDesktop.ModificationDate()"><ent r="4" t="9" w="363" /></phr></stem><stem n="&gt;"><phr n="&gt;"><ent r="4" t="9" w="363" /><ent r="4" t="9" w="450" /><ent r="4" t="10" w="173" /><ent r="4" t="10" w="180" /></phr></stem><stem n="stateofthemobile.modificationd"><phr n="stateOfTheMobile.ModificationDate"><ent r="4" t="9" w="365" /><ent r="4" t="9" w="364" /><ent r="4" t="9" w="452" /><ent r="4" t="9" w="451" /></phr></stem><stem n=".modificationdate())"><phr n=".ModificationDate())"><ent r="4" t="9" w="366" /></phr></stem><stem n="els"><phr n="else"><ent r="5" t="9" w="370" /></phr><phr n="Else"><ent r="5" t="9" w="460" /></phr></stem><stem n=".overridewith(stateofthemobile);"><phr n=".OverrideWith(stateOfTheMobile);"><ent r="4" t="9" w="375" /></phr></stem><stem n=".stateinproviderb()"><phr n=".StateInProviderB()"><ent r="4" t="9" w="445" /></phr></stem><stem n=".modificationdate()"><phr n=".ModificationDate()"><ent r="4" t="9" w="450" /><ent r="4" t="9" w="453" /></phr></stem><stem n=".overridewith(stateofthemobile)"><phr n=".OverrideWith(stateOfTheMobile)"><ent r="4" t="9" w="465" /></phr></stem><stem n="therefor"><phr n="Therefore"><ent r="3" t="10" w="23" /></phr></stem><stem n="haven"><phr n="haven"><ent r="3" t="10" w="36" /></phr></stem><stem n="haven't"><phr n="haven't"><ent r="3" t="10" w="37" /><ent r="3" t="10" w="36" /></phr></stem><stem n="enabl"><phr n="enabled"><ent r="3" t="10" w="39" /></phr><phr n="enable"><ent r="3" t="10" w="50" /><ent r="3" t="10" w="58" /></phr></stem><stem n="far"><phr n="far"><ent r="3" t="10" w="41" /></phr></stem><stem n="migrat"><phr n="migrate"><ent r="3" t="10" w="45" /></phr><phr n="Migrate"><ent r="4" t="10" w="394" /><ent r="4" t="10" w="489" /></phr></stem><stem n="older"><phr n="older"><ent r="3" t="10" w="47" /></phr></stem><stem n="issu"><phr n="issue"><ent r="3" t="10" w="123" /></phr></stem><stem n="don"><phr n="don"><ent r="3" t="10" w="130" /></phr></stem><stem n="don't"><phr n="don't"><ent r="3" t="10" w="131" /><ent r="3" t="10" w="130" /></phr></stem><stem n="easiest"><phr n="easiest"><ent r="3" t="10" w="140" /></phr></stem><stem n="wai"><phr n="way"><ent r="3" t="10" w="141" /></phr></stem><stem n="load"><phr n="load"><ent r="3" t="10" w="149" /></phr></stem><stem n="effect"><phr n="effect"><ent r="3" t="10" w="167" /></phr></stem><stem n="ilist&lt;"><phr n="IList&lt;"><ent r="4" t="10" w="169" /></phr></stem><stem n="allobject"><phr n="allObjects"><ent r="4" t="10" w="174" /><ent r="4" t="10" w="191" /><ent r="4" t="10" w="220" /><ent r="4" t="10" w="248" /></phr></stem><stem n=".query&lt;"><phr n=".Query&lt;"><ent r="4" t="10" w="176" /></phr></stem><stem n="desktopdatabase.query&lt;"><phr n="desktopDatabase.Query&lt;"><ent r="4" t="10" w="176" /><ent r="4" t="10" w="175" /></phr></stem><stem n="query&lt;"><phr n="Query&lt;"><ent r="4" t="10" w="176" /></phr></stem><stem n="();"><phr n="();"><ent r="4" t="10" w="181" /></phr></stem><stem n="objecttoupd"><phr n="objectToUpdate"><ent r="4" t="10" w="187" /><ent r="4" t="10" w="194" /><ent r="4" t="10" w="240" /><ent r="4" t="10" w="251" /></phr></stem><stem n="desktopdatabase.stor"><phr n="desktopDatabase.Store"><ent r="4" t="10" w="193" /><ent r="4" t="10" w="192" /><ent r="4" t="10" w="250" /><ent r="4" t="10" w="249" /></phr></stem><stem n=".store(objecttoupdate);"><phr n=".Store(objectToUpdate);"><ent r="4" t="10" w="195" /></phr></stem><stem n="desktopdatabase.commit"><phr n="desktopDatabase.Commit"><ent r="4" t="10" w="196" /><ent r="4" t="10" w="195" /><ent r="4" t="10" w="256" /><ent r="4" t="10" w="255" /></phr></stem><stem n=".query(of"><phr n=".Query(Of"><ent r="4" t="10" w="231" /><ent r="4" t="10" w="428" /></phr></stem><stem n=")()"><phr n=")()"><ent r="4" t="10" w="235" /><ent r="4" t="10" w="430" /></phr></stem><stem n=".store(objecttoupdate)"><phr n=".Store(objectToUpdate)"><ent r="4" t="10" w="252" /></phr></stem><stem n="option"><phr n="option"><ent r="3" t="10" w="285" /></phr></stem><stem n="target"><phr n="target"><ent r="3" t="10" w="303" /></phr></stem><stem n="yet"><phr n="yet"><ent r="3" t="10" w="319" /></phr></stem><stem n="-depth"><phr n="-depth"><ent r="3" t="10" w="334" /><ent r="3" t="10" w="334" /></phr></stem><stem n="update-depth"><phr n="update-depth"><ent r="3" t="10" w="334" /></phr></stem><stem n="depth"><phr n="depth"><ent r="3" t="10" w="335" /></phr></stem><stem n="high"><phr n="high"><ent r="3" t="10" w="337" /></phr></stem><stem n="initialrepl"><phr n="initialReplication"><ent r="4" t="10" w="355" /><ent r="4" t="10" w="366" /><ent r="4" t="10" w="419" /><ent r="4" t="10" w="443" /></phr></stem><stem n="desktopdatabase.query&lt;car&gt;"><phr n="desktopDatabase.Query&lt;Car&gt;"><ent r="4" t="10" w="357" /><ent r="4" t="10" w="356" /></phr></stem><stem n="query&lt;car&gt;"><phr n="Query&lt;Car&gt;"><ent r="4" t="10" w="357" /></phr></stem><stem n=".query&lt;car&gt;();"><phr n=".Query&lt;Car&gt;();"><ent r="4" t="10" w="358" /></phr></stem><stem n="iobjectinfo"><phr n="IObjectInfo"><ent r="4" t="10" w="367" /><ent r="4" t="10" w="451" /></phr></stem><stem n="infoaboutobject"><phr n="infoAboutObject"><ent r="4" t="10" w="368" /><ent r="4" t="10" w="379" /><ent r="4" t="10" w="447" /><ent r="4" t="10" w="459" /></phr></stem><stem n="desktopdatabase.ext"><phr n="desktopDatabase.Ext"><ent r="4" t="10" w="370" /><ent r="4" t="10" w="369" /><ent r="4" t="10" w="382" /><ent r="4" t="10" w="381" /><ent r="4" t="10" w="453" /><ent r="4" t="10" w="452" /><ent r="4" t="10" w="469" /><ent r="4" t="10" w="468" /></phr></stem><stem n="ext"><phr n="Ext"><ent r="4" t="10" w="370" /><ent r="4" t="10" w="382" /><ent r="4" t="10" w="453" /><ent r="4" t="10" w="469" /></phr></stem><stem n="getobjectinfo"><phr n="GetObjectInfo"><ent r="4" t="10" w="371" /><ent r="4" t="10" w="454" /></phr></stem><stem n=".ext().getobjectinfo(changedobjectondesktop);"><phr n=".Ext().GetObjectInfo(changedObjectOnDesktop);"><ent r="4" t="10" w="373" /></phr></stem><stem n="null"><phr n="null"><ent r="5" t="10" w="377" /></phr></stem><stem n="=="><phr n="=="><ent r="4" t="10" w="379" /></phr></stem><stem n="infoaboutobject.getuuid"><phr n="infoAboutObject.GetUUID"><ent r="4" t="10" w="380" /><ent r="4" t="10" w="379" /><ent r="4" t="10" w="460" /><ent r="4" t="10" w="459" /></phr></stem><stem n="getuuid"><phr n="GetUUID"><ent r="4" t="10" w="380" /><ent r="4" t="10" w="460" /></phr></stem><stem n=".getuuid())"><phr n=".GetUUID())"><ent r="4" t="10" w="381" /></phr></stem><stem n=".ext().store(changedobjectondesktop,"><phr n=".Ext().Store(changedObjectOnDesktop,"><ent r="4" t="10" w="385" /><ent r="4" t="10" w="472" /></phr></stem><stem n="2"><phr n="2"><ent r="4" t="10" w="385" /><ent r="4" t="10" w="472" /></phr></stem><stem n="fly"><phr n="fly"><ent r="4" t="10" w="397" /><ent r="4" t="10" w="492" /></phr></stem><stem n=".ext()"><phr n=".Ext()"><ent r="4" t="10" w="454" /></phr></stem><stem n=".getobjectinfo(changedobjectondesktop)"><phr n=".GetObjectInfo(changedObjectOnDesktop)"><ent r="4" t="10" w="456" /></phr></stem><stem n=".getuuid()"><phr n=".GetUUID()"><ent r="4" t="10" w="461" /></phr></stem><stem n="noth"><phr n="Nothing"><ent r="5" t="10" w="464" /></phr></stem><stem n="deploy"><phr n="Deployment"><ent r="1000" t="11" w="1" /><ent r="102" t="11" w="4" /></phr><phr n="deployment"><ent r="4" t="12" w="41" /></phr></stem><stem n="instruct"><phr n="Instructions"><ent r="1000" t="11" w="2" /><ent r="102" t="11" w="5" /></phr></stem><stem n="deploi"><phr n="deploy"><ent r="3" t="11" w="28" /></phr></stem><stem n="db4object"><phr n="Db4objects"><ent r="3" t="11" w="35" /></phr></stem><stem n="db4objects.dr"><phr n="Db4objects.Drs"><ent r="3" t="11" w="36" /><ent r="3" t="11" w="35" /></phr></stem><stem n=".drs.dll-assembl"><phr n=".Drs.dll-assembly"><ent r="3" t="11" w="37" /></phr></stem><stem n="dll-assembl"><phr n="dll-assembly"><ent r="3" t="11" w="37" /></phr></stem><stem n="db4objects.drs.to"><phr n="Db4objects.Drs.to"><ent r="3" t="11" w="39" /><ent r="3" t="11" w="35" /></phr></stem><stem n="simpli"><phr n="simply"><ent r="3" t="11" w="45" /></phr></stem><stem n="togeth"><phr n="together"><ent r="3" t="11" w="50" /><ent r="4" t="12" w="48" /><ent r="2" t="12" w="74" /><ent r="2" t="12" w="99" /></phr></stem><stem n="licens"><phr n="License"><ent r="1000" t="12" w="1" /><ent r="102" t="12" w="3" /><ent r="2" t="12" w="20" /></phr><phr n="license"><ent r="2" t="12" w="72" /><ent r="2" t="12" w="103" /></phr><phr n="Licenses"><ent r="92" t="12" w="83" /></phr></stem><stem n="versant"><phr n="Versant"><ent r="63" t="12" w="7" /></phr></stem><stem n="inc"><phr n="Inc"><ent r="63" t="12" w="8" /></phr></stem><stem n="suppli"><phr n="supplies"><ent r="2" t="12" w="10" /></phr></stem><stem n="(drs)"><phr n="(dRS)"><ent r="2" t="12" w="16" /></phr></stem><stem n="gpl"><phr n="GPL"><ent r="2" t="12" w="21" /><ent r="2" t="12" w="24" /><ent r="4" t="12" w="56" /><ent r="2" t="12" w="67" /></phr></stem><stem n="(gpl)."><phr n="(GPL)."><ent r="2" t="12" w="22" /></phr></stem><stem n="free"><phr n="free"><ent r="2" t="12" w="27" /></phr></stem><stem n="us"><phr n="used"><ent r="2" t="12" w="30" /></phr></stem><stem n="-hous"><phr n="-house"><ent r="4" t="12" w="35" /><ent r="4" t="12" w="35" /></phr></stem><stem n="in-hous"><phr n="in-house"><ent r="4" t="12" w="35" /></phr></stem><stem n="hous"><phr n="house"><ent r="4" t="12" w="36" /></phr></stem><stem n="long"><phr n="long"><ent r="4" t="12" w="38" /></phr></stem><stem n="third"><phr n="third"><ent r="4" t="12" w="43" /></phr></stem><stem n="parti"><phr n="parties"><ent r="4" t="12" w="44" /></phr><phr n="Party"><ent r="92" t="12" w="82" /></phr><phr n="party"><ent r="2" t="12" w="92" /></phr></stem><stem n="place"><phr n="place"><ent r="4" t="12" w="46" /></phr><phr n="placed"><ent r="4" t="12" w="53" /></phr></stem><stem n="themselv"><phr n="themselves"><ent r="4" t="12" w="57" /></phr></stem><stem n="should"><phr n="should"><ent r="2" t="12" w="60" /></phr></stem><stem n="receiv"><phr n="received"><ent r="2" t="12" w="62" /></phr></stem><stem n="drs.licens"><phr n="dRS.license"><ent r="2" t="12" w="72" /><ent r="2" t="12" w="71" /></phr></stem><stem n=".license.htm"><phr n=".license.htm"><ent r="2" t="12" w="73" /></phr></stem><stem n="drs.license.htm"><phr n="dRS.license.htm"><ent r="2" t="12" w="73" /><ent r="2" t="12" w="71" /></phr></stem><stem n="htm"><phr n="htm"><ent r="2" t="12" w="73" /></phr></stem><stem n="bundl"><phr n="Bundled"><ent r="92" t="12" w="80" /></phr></stem><stem n="3rd"><phr n="3rd"><ent r="92" t="12" w="81" /><ent r="2" t="12" w="91" /></phr></stem><stem n="librari"><phr n="libraries"><ent r="2" t="12" w="93" /></phr></stem><stem n="lib"><phr n="lib"><ent r="2" t="12" w="97" /></phr></stem><stem n="/lib/"><phr n="/lib/"><ent r="2" t="12" w="98" /></phr></stem><stem n="subdirectori"><phr n="subdirectory"><ent r="2" t="12" w="98" /></phr></stem><stem n="respect"><phr n="respective"><ent r="2" t="12" w="102" /></phr></stem></index>