﻿<?xml version="1.0" encoding="utf-8"?><index><stem n="changesonmobil"><phr n="changesOnMobile"><ent r="4" t="4" w="252" /><ent r="4" t="4" w="290" /><ent r="4" t="4" w="331" /><ent r="4" t="4" w="381" /></phr></stem><stem n=".providerb().objectschangedsincelastreplication();"><phr n=".ProviderB().ObjectsChangedSinceLastReplication();"><ent r="4" t="4" w="256" /></phr></stem><stem n="change-set"><phr n="change-sets"><ent r="5" t="4" w="261" /><ent r="5" t="4" w="344" /></phr><phr n="change-set"><ent r="3" t="5" w="78" /></phr></stem><stem n="changedobjectondesktop"><phr n="changedObjectOnDesktop"><ent r="4" t="4" w="272" /><ent r="4" t="4" w="279" /><ent r="4" t="4" w="354" /><ent r="4" t="4" w="365" /><ent r="4" t="5" w="109" /><ent r="4" t="5" w="116" /><ent r="4" t="5" w="152" /><ent r="4" t="5" w="163" /><ent r="4" t="5" w="229" /><ent r="4" t="5" w="237" /><ent r="4" t="5" w="246" /><ent r="4" t="5" w="254" /><ent r="4" t="5" w="287" /><ent r="4" t="5" w="301" /><ent r="4" t="5" w="313" /><ent r="4" t="5" w="325" /><ent r="4" t="5" w="406" /><ent r="4" t="5" w="413" /><ent r="4" t="5" w="461" /><ent r="4" t="5" w="472" /><ent r="4" t="10" w="362" /><ent r="4" t="10" w="372" /><ent r="4" t="10" w="384" /><ent r="4" t="10" w="388" /><ent r="4" t="10" w="435" /><ent r="4" t="10" w="455" /><ent r="4" t="10" w="471" /><ent r="4" t="10" w="480" /></phr></stem><stem n=".replicate(changedobjectondesktop);"><phr n=".Replicate(changedObjectOnDesktop);"><ent r="4" t="4" w="280" /><ent r="4" t="5" w="117" /><ent r="4" t="5" w="255" /><ent r="4" t="5" w="414" /><ent r="4" t="10" w="389" /></phr></stem><stem n="changedobjectonmobil"><phr n="changedObjectOnMobile"><ent r="4" t="4" w="286" /><ent r="4" t="4" w="293" /><ent r="4" t="4" w="373" /><ent r="4" t="4" w="384" /></phr></stem><stem n=".replicate(changedobjectonmobile);"><phr n=".Replicate(changedObjectOnMobile);"><ent r="4" t="4" w="294" /></phr></stem><stem n=".providerb().objectschangedsincelastreplication()"><phr n=".ProviderB().ObjectsChangedSinceLastReplication()"><ent r="4" t="4" w="339" /></phr></stem><stem n=".replicate(changedobjectondesktop)"><phr n=".Replicate(changedObjectOnDesktop)"><ent r="4" t="4" w="366" /><ent r="4" t="5" w="164" /><ent r="4" t="5" w="326" /><ent r="4" t="5" w="473" /><ent r="4" t="10" w="481" /></phr></stem><stem n=".replicate(changedobjectonmobile)"><phr n=".Replicate(changedObjectOnMobile)"><ent r="4" t="4" w="385" /></phr></stem><stem n=":select"><phr n=":Selective"><ent r="100" t="5" w="5" /><ent r="100" t="5" w="9" /></phr></stem><stem n="what"><phr n="What"><ent r="3" t="5" w="15" /></phr></stem><stem n="if"><phr n="if"><ent r="3" t="5" w="16" /><ent r="3" t="5" w="30" /><ent r="5" t="5" w="235" /><ent r="5" t="5" w="243" /><ent r="3" t="6" w="139" /><ent r="3" t="6" w="193" /><ent r="5" t="8" w="83" /><ent r="5" t="8" w="101" /><ent r="5" t="9" w="140" /><ent r="5" t="9" w="346" /><ent r="5" t="9" w="359" /><ent r="5" t="10" w="374" /></phr><phr n="If"><ent r="5" t="5" w="297" /><ent r="5" t="5" w="309" /><ent r="5" t="5" w="329" /><ent r="5" t="5" w="333" /><ent r="5" t="8" w="175" /><ent r="5" t="8" w="198" /><ent r="5" t="8" w="200" /><ent r="5" t="8" w="223" /><ent r="5" t="9" w="193" /><ent r="5" t="9" w="215" /><ent r="5" t="9" w="419" /><ent r="5" t="9" w="446" /><ent r="5" t="9" w="468" /><ent r="5" t="9" w="472" /><ent r="5" t="10" w="457" /><ent r="5" t="10" w="476" /></phr></stem><stem n="enough"><phr n="enough"><ent r="3" t="5" w="23" /><ent r="3" t="10" w="338" /></phr></stem><stem n="memori"><phr n="memory"><ent r="3" t="5" w="24" /></phr></stem><stem n="?"><phr n="?"><ent r="3" t="5" w="29" /><ent r="3" t="5" w="43" /><ent r="3" t="10" w="52" /></phr></stem><stem n="filter"><phr n="Filter"><ent r="92" t="5" w="56" /><ent r="92" t="5" w="183" /><ent r="92" t="5" w="354" /></phr><phr n="filter"><ent r="3" t="5" w="520" /><ent r="3" t="5" w="537" /></phr></stem><stem n="class"><phr n="Class"><ent r="92" t="5" w="58" /><ent r="5" t="8" w="138" /><ent r="5" t="8" w="231" /><ent r="5" t="9" w="166" /><ent r="5" t="9" w="223" /><ent r="5" t="9" w="392" /><ent r="5" t="9" w="480" /></phr><phr n="class"><ent r="3" t="5" w="73" /><ent r="3" t="5" w="92" /><ent r="4" t="5" w="125" /><ent r="4" t="5" w="175" /><ent r="3" t="5" w="517" /><ent r="5" t="8" w="66" /><ent r="5" t="9" w="127" /><ent r="5" t="9" w="333" /></phr></stem><stem n="ask"><phr n="ask"><ent r="3" t="5" w="62" /></phr></stem><stem n="certain"><phr n="certain"><ent r="3" t="5" w="72" /><ent r="3" t="5" w="516" /></phr></stem><stem n="instead"><phr n="Instead"><ent r="3" t="5" w="74" /></phr></stem><stem n=".providera().objectschangedsincelastreplication("><phr n=".ProviderA().ObjectsChangedSinceLastReplication("><ent r="4" t="5" w="99" /><ent r="4" t="5" w="143" /></phr></stem><stem n="typeof"><phr n="typeof"><ent r="5" t="5" w="100" /><ent r="5" t="6" w="81" /></phr><phr n="TypeOf"><ent r="5" t="5" w="299" /></phr></stem><stem n="pilot"><phr n="Pilot"><ent r="4" t="5" w="102" /><ent r="4" t="5" w="146" /></phr><phr n="Pilots"><ent r="3" t="5" w="592" /><ent r="3" t="6" w="200" /></phr></stem><stem n="(pilot));"><phr n="(Pilot));"><ent r="4" t="5" w="103" /></phr></stem><stem n="gettyp"><phr n="GetType"><ent r="5" t="5" w="144" /><ent r="5" t="6" w="112" /></phr></stem><stem n="(pilot))"><phr n="(Pilot))"><ent r="4" t="5" w="147" /></phr></stem><stem n="condit"><phr n="Condition"><ent r="92" t="5" w="186" /></phr><phr n="condition"><ent r="3" t="5" w="194" /><ent r="3" t="5" w="202" /><ent r="4" t="5" w="264" /><ent r="4" t="5" w="346" /><ent r="3" t="5" w="523" /></phr></stem><stem n="complex"><phr n="complex"><ent r="3" t="5" w="190" /><ent r="3" t="7" w="14" /></phr></stem><stem n="within"><phr n="within"><ent r="3" t="5" w="203" /></phr></stem><stem n="loop"><phr n="loop"><ent r="3" t="5" w="206" /></phr></stem><stem n="(changedobjectondesktop"><phr n="(changedObjectOnDesktop"><ent r="4" t="5" w="237" /></phr></stem><stem n="car"><phr n="Car"><ent r="4" t="5" w="241" /><ent r="4" t="5" w="245" /><ent r="4" t="5" w="305" /><ent r="4" t="5" w="314" /><ent r="4" t="5" w="391" /><ent r="4" t="5" w="405" /><ent r="4" t="5" w="439" /><ent r="4" t="5" w="449" /><ent r="4" t="5" w="465" /><ent r="3" t="5" w="585" /><ent r="3" t="5" w="598" /><ent r="4" t="6" w="83" /><ent r="4" t="6" w="114" /><ent r="3" t="6" w="132" /><ent r="3" t="6" w="195" /><ent r="3" t="6" w="204" /><ent r="4" t="10" w="361" /><ent r="4" t="10" w="425" /><ent r="4" t="10" w="429" /><ent r="4" t="10" w="439" /></phr><phr n="car"><ent r="4" t="5" w="392" /><ent r="4" t="5" w="396" /><ent r="4" t="5" w="445" /><ent r="4" t="5" w="450" /></phr></stem><stem n="(((car)"><phr n="(((Car)"><ent r="4" t="5" w="246" /></phr></stem><stem n="name"><phr n="Name"><ent r="4" t="5" w="247" /><ent r="4" t="5" w="315" /><ent r="4" t="5" w="397" /><ent r="4" t="5" w="451" /></phr></stem><stem n="name.startswith"><phr n="Name.StartsWith"><ent r="4" t="5" w="248" /><ent r="4" t="5" w="247" /><ent r="4" t="5" w="316" /><ent r="4" t="5" w="315" /></phr></stem><stem n="startswith"><phr n="StartsWith"><ent r="4" t="5" w="248" /><ent r="4" t="5" w="316" /><ent r="4" t="5" w="398" /><ent r="4" t="5" w="452" /></phr></stem><stem n=").name.startswith("><phr n=").Name.StartsWith("><ent r="4" t="5" w="249" /><ent r="4" t="5" w="317" /></phr></stem><stem n="m"><phr n="M"><ent r="5" t="5" w="250" /><ent r="5" t="5" w="318" /><ent r="5" t="5" w="400" /><ent r="5" t="5" w="454" /></phr></stem><stem n="&quot;m&quot;"><phr n="&quot;M&quot;"><ent r="5" t="5" w="251" /><ent r="5" t="5" w="319" /><ent r="5" t="5" w="401" /><ent r="5" t="5" w="455" /></phr></stem><stem n="))"><phr n="))"><ent r="4" t="5" w="252" /><ent r="4" t="5" w="456" /></phr></stem><stem n="directcast"><phr n="DirectCast"><ent r="5" t="5" w="311" /></phr></stem><stem n="(changedobjectondesktop,"><phr n="(changedObjectOnDesktop,"><ent r="4" t="5" w="314" /></phr></stem><stem n="end"><phr n="End"><ent r="5" t="5" w="327" /><ent r="5" t="5" w="331" /><ent r="5" t="8" w="196" /><ent r="5" t="8" w="221" /><ent r="5" t="8" w="225" /><ent r="5" t="8" w="229" /><ent r="5" t="9" w="213" /><ent r="5" t="9" w="217" /><ent r="5" t="9" w="221" /><ent r="5" t="9" w="466" /><ent r="5" t="9" w="470" /><ent r="5" t="9" w="474" /><ent r="5" t="9" w="478" /><ent r="5" t="10" w="474" /></phr></stem><stem n="queri"><phr n="Query"><ent r="92" t="5" w="357" /><ent r="4" t="5" w="387" /><ent r="4" t="5" w="441" /><ent r="4" t="10" w="230" /><ent r="4" t="10" w="427" /></phr><phr n="query"><ent r="3" t="5" w="364" /><ent r="4" t="5" w="423" /><ent r="4" t="5" w="485" /><ent r="3" t="10" w="298" /></phr></stem><stem n="possibl"><phr n="possible"><ent r="3" t="5" w="362" /><ent r="3" t="5" w="498" /><ent r="3" t="9" w="304" /><ent r="3" t="10" w="289" /></phr><phr n="possibilities"><ent r="3" t="5" w="506" /></phr></stem><stem n="those"><phr n="those"><ent r="3" t="5" w="371" /></phr></stem><stem n="unchang"><phr n="unchanged"><ent r="3" t="5" w="378" /></phr></stem><stem n="again"><phr n="again"><ent r="3" t="5" w="382" /><ent r="3" t="9" w="24" /></phr></stem><stem n="ilist&lt;car&gt;"><phr n="IList&lt;Car&gt;"><ent r="4" t="5" w="384" /><ent r="4" t="10" w="354" /></phr></stem><stem n="desktopdatabase.queri"><phr n="desktopDatabase.Query"><ent r="4" t="5" w="387" /><ent r="4" t="5" w="386" /><ent r="4" t="5" w="441" /><ent r="4" t="5" w="440" /><ent r="4" t="10" w="230" /><ent r="4" t="10" w="229" /><ent r="4" t="10" w="427" /><ent r="4" t="10" w="426" /></phr></stem><stem n=".query("><phr n=".Query("><ent r="4" t="5" w="388" /><ent r="4" t="5" w="442" /></phr></stem><stem n="deleg"><phr n="delegate"><ent r="5" t="5" w="389" /></phr></stem><stem n="(car"><phr n="(Car"><ent r="4" t="5" w="391" /><ent r="4" t="5" w="405" /><ent r="4" t="10" w="361" /></phr><phr n="(car"><ent r="4" t="5" w="445" /></phr></stem><stem n="car.nam"><phr n="car.Name"><ent r="4" t="5" w="397" /><ent r="4" t="5" w="396" /><ent r="4" t="5" w="451" /><ent r="4" t="5" w="450" /></phr></stem><stem n="car.name.startswith"><phr n="car.Name.StartsWith"><ent r="4" t="5" w="398" /><ent r="4" t="5" w="396" /><ent r="4" t="5" w="452" /><ent r="4" t="5" w="450" /></phr></stem><stem n=".name.startswith("><phr n=".Name.StartsWith("><ent r="4" t="5" w="399" /><ent r="4" t="5" w="453" /></phr></stem><stem n="});"><phr n="});"><ent r="4" t="5" w="402" /></phr></stem><stem n="ilist"><phr n="IList"><ent r="4" t="5" w="437" /><ent r="4" t="10" w="224" /><ent r="4" t="10" w="423" /></phr></stem><stem n="(of"><phr n="(Of"><ent r="4" t="5" w="438" /><ent r="4" t="10" w="225" /><ent r="4" t="10" w="424" /></phr></stem><stem n="combin"><phr n="Combination"><ent r="92" t="5" w="493" /></phr><phr n="combination"><ent r="3" t="5" w="502" /></phr></stem><stem n="cours"><phr n="course"><ent r="3" t="5" w="496" /><ent r="3" t="9" w="298" /></phr></stem><stem n="three"><phr n="three"><ent r="3" t="5" w="505" /></phr></stem><stem n="ienumer"><phr n="IEnumerable"><ent r="3" t="5" w="530" /></phr></stem><stem n="linq"><phr n="LINQ"><ent r="3" t="5" w="535" /></phr></stem><stem n="consist"><phr n="Consistency"><ent r="92" t="5" w="541" /></phr></stem><stem n="tri"><phr n="tries"><ent r="3" t="5" w="549" /></phr></stem><stem n="inconsist"><phr n="inconsistent"><ent r="3" t="5" w="552" /><ent r="3" t="5" w="571" /></phr></stem><stem n="referenc"><phr n="referenced"><ent r="3" t="5" w="560" /><ent r="3" t="5" w="595" /><ent r="3" t="6" w="201" /></phr></stem><stem n="well"><phr n="well"><ent r="3" t="5" w="565" /><ent r="3" t="6" w="154" /></phr></stem><stem n="incomplet"><phr n="incomplete"><ent r="3" t="5" w="569" /></phr></stem><stem n="graph"><phr n="graphs"><ent r="3" t="5" w="573" /></phr></stem><stem n=":replic"><phr n=":Replicate"><ent r="100" t="6" w="5" /></phr></stem><stem n=":delet"><phr n=":Deletions"><ent r="100" t="6" w="9" /></phr></stem><stem n="abl"><phr n="able"><ent r="3" t="6" w="25" /></phr></stem><stem n="would"><phr n="would"><ent r="3" t="6" w="53" /></phr></stem><stem n="like"><phr n="like"><ent r="3" t="6" w="54" /></phr></stem><stem n="anoth"><phr n="another"><ent r="3" t="6" w="60" /><ent r="3" t="9" w="90" /></phr></stem><stem n="follow"><phr n="following"><ent r="3" t="6" w="66" /></phr></stem><stem n="method"><phr n="method"><ent r="3" t="6" w="67" /></phr></stem><stem n="replicationsession.replicatedelet"><phr n="replicationSession.ReplicateDeletions"><ent r="4" t="6" w="79" /><ent r="4" t="6" w="78" /><ent r="4" t="6" w="110" /><ent r="4" t="6" w="109" /></phr></stem><stem n="replicatedelet"><phr n="ReplicateDeletions"><ent r="4" t="6" w="79" /><ent r="4" t="6" w="110" /></phr></stem><stem n=".replicatedeletions("><phr n=".ReplicateDeletions("><ent r="4" t="6" w="80" /><ent r="4" t="6" w="111" /></phr></stem><stem n="(car));"><phr n="(Car));"><ent r="4" t="6" w="84" /></phr></stem><stem n=".begin(desktopdatabase,"><phr n=".Begin(desktopDatabase,"><ent r="4" t="6" w="108" /><ent r="4" t="10" w="415" /></phr></stem><stem n="(car))"><phr n="(Car))"><ent r="4" t="6" w="115" /></phr></stem><stem n="travers"><phr n="traverses"><ent r="3" t="6" w="130" /></phr></stem><stem n="instanc"><phr n="instance"><ent r="3" t="6" w="138" /><ent r="3" t="8" w="53" /></phr></stem><stem n=".by"><phr n=".By"><ent r="3" t="6" w="159" /></phr></stem><stem n="provider.bi"><phr n="provider.By"><ent r="3" t="6" w="159" /><ent r="3" t="6" w="158" /></phr></stem><stem n="-session."><phr n="-session."><ent r="3" t="6" w="176" /><ent r="3" t="6" w="176" /></phr></stem><stem n="parent"><phr n="Parent"><ent r="3" t="6" w="183" /></phr></stem><stem n="cascad"><phr n="cascaded"><ent r="3" t="6" w="187" /></phr></stem><stem n="child"><phr n="child"><ent r="3" t="6" w="189" /><ent r="3" t="10" w="341" /></phr></stem><stem n="won"><phr n="won"><ent r="3" t="6" w="205" /></phr></stem><stem n="won't"><phr n="won't"><ent r="3" t="6" w="206" /><ent r="3" t="6" w="205" /></phr></stem><stem n="advanc"><phr n="Advanced"><ent r="1000" t="7" w="1" /><ent r="102" t="7" w="5" /></phr><phr n="advanced"><ent r="3" t="9" w="302" /></phr></stem><stem n="strategi"><phr n="Strategies"><ent r="1000" t="7" w="3" /><ent r="102" t="7" w="7" /></phr><phr n="strategies"><ent r="3" t="9" w="303" /></phr></stem><stem n="deal"><phr n="deals"><ent r="3" t="7" w="11" /></phr><phr n="Dealing"><ent r="64" t="7" w="54" /><ent r="1000" t="9" w="1" /><ent r="102" t="9" w="11" /></phr><phr n="deal"><ent r="3" t="9" w="66" /></phr><phr n="Deal"><ent r="4" t="9" w="250" /><ent r="4" t="9" w="287" /></phr></stem><stem n="event"><phr n="events"><ent r="3" t="7" w="20" /></phr><phr n="Events"><ent r="64" t="7" w="34" /><ent r="1000" t="8" w="1" /><ent r="100" t="8" w="4" /><ent r="100" t="8" w="7" /><ent r="102" t="8" w="9" /><ent r="64" t="9" w="76" /></phr><phr n="event"><ent r="3" t="8" w="32" /><ent r="3" t="9" w="72" /><ent r="3" t="9" w="79" /><ent r="3" t="9" w="100" /></phr></stem><stem n="integr"><phr n="integrate"><ent r="3" t="7" w="26" /></phr></stem><stem n="logic"><phr n="logic"><ent r="3" t="7" w="28" /></phr></stem><stem n="&quot;events&quot;"><phr n="&quot;Events&quot;"><ent r="64" t="7" w="35" /><ent r="64" t="9" w="77" /></phr></stem><stem n="sometim"><phr n="Sometimes"><ent r="3" t="7" w="36" /><ent r="3" t="10" w="13" /></phr></stem><stem n="differ"><phr n="different"><ent r="3" t="7" w="39" /></phr></stem><stem n="result"><phr n="result"><ent r="3" t="7" w="41" /></phr></stem><stem n="conflict"><phr n="conflict"><ent r="3" t="7" w="44" /><ent r="3" t="9" w="25" /><ent r="3" t="9" w="52" /><ent r="3" t="9" w="61" /><ent r="3" t="9" w="93" /><ent r="3" t="9" w="114" /></phr><phr n="Conflicts"><ent r="64" t="7" w="56" /><ent r="1000" t="9" w="3" /><ent r="100" t="9" w="6" /><ent r="100" t="9" w="9" /><ent r="102" t="9" w="13" /></phr><phr n="conflicts"><ent r="3" t="9" w="68" /><ent r="3" t="9" w="84" /><ent r="3" t="9" w="88" /><ent r="4" t="9" w="252" /><ent r="4" t="9" w="289" /></phr><phr n="Conflict"><ent r="4" t="9" w="154" /><ent r="4" t="9" w="227" /></phr><phr n="conflicting"><ent r="3" t="9" w="314" /></phr></stem><stem n="care"><phr n="care"><ent r="3" t="7" w="50" /></phr></stem><stem n="&quot;deal"><phr n="&quot;Dealing"><ent r="64" t="7" w="54" /></phr></stem><stem n="mayb"><phr n="Maybe"><ent r="3" t="7" w="58" /></phr><phr n="maybe"><ent r="3" t="10" w="282" /></phr></stem><stem n="exist"><phr n="existing"><ent r="3" t="7" w="62" /><ent r="3" t="10" w="21" /><ent r="3" t="10" w="24" /></phr></stem><stem n="want"><phr n="want"><ent r="3" t="7" w="66" /></phr></stem><stem n="&quot;prepar"><phr n="&quot;Prepare"><ent r="64" t="7" w="71" /></phr></stem><stem n="old"><phr n="Old"><ent r="64" t="7" w="72" /><ent r="1000" t="10" w="2" /><ent r="102" t="10" w="8" /></phr></stem><stem n=":event"><phr n=":Events"><ent r="100" t="8" w="4" /><ent r="100" t="8" w="7" /></phr></stem><stem n="even"><phr n="even"><ent r="3" t="8" w="21" /></phr></stem><stem n="interven"><phr n="intervene"><ent r="3" t="8" w="24" /></phr></stem><stem n="registr"><phr n="registration"><ent r="3" t="8" w="29" /></phr></stem><stem n="listen"><phr n="listener"><ent r="3" t="8" w="33" /><ent r="3" t="8" w="52" /><ent r="3" t="8" w="55" /><ent r="4" t="8" w="265" /><ent r="4" t="8" w="308" /><ent r="3" t="9" w="73" /><ent r="4" t="9" w="156" /><ent r="4" t="9" w="229" /></phr><phr n="Listener"><ent r="4" t="9" w="378" /><ent r="4" t="9" w="484" /></phr></stem><stem n="order"><phr n="order"><ent r="3" t="8" w="35" /></phr></stem><stem n="perform"><phr n="perform"><ent r="3" t="8" w="37" /></phr></stem><stem n="task"><phr n="tasks"><ent r="3" t="8" w="39" /></phr></stem><stem n="logreplicationlisten"><phr n="LogReplicationListener"><ent r="4" t="8" w="68" /><ent r="4" t="8" w="140" /><ent r="4" t="8" w="259" /><ent r="4" t="8" w="289" /></phr><phr n="logReplicationListener"><ent r="4" t="8" w="281" /><ent r="4" t="8" w="302" /></phr></stem><stem n="ireplicationeventlisten"><phr n="IReplicationEventListener"><ent r="4" t="8" w="69" /><ent r="4" t="8" w="144" /><ent r="4" t="8" w="162" /><ent r="4" t="8" w="285" /><ent r="4" t="9" w="130" /><ent r="4" t="9" w="172" /><ent r="4" t="9" w="190" /><ent r="4" t="9" w="266" /><ent r="4" t="9" w="336" /><ent r="4" t="9" w="398" /><ent r="4" t="9" w="416" /><ent r="4" t="9" w="525" /></phr></stem><stem n="public"><phr n="public"><ent r="5" t="8" w="71" /><ent r="5" t="9" w="132" /><ent r="5" t="9" w="338" /></phr><phr n="Public"><ent r="5" t="8" w="146" /><ent r="5" t="9" w="174" /><ent r="5" t="9" w="400" /><ent r="2" t="12" w="19" /></phr></stem><stem n="void"><phr n="void"><ent r="5" t="8" w="73" /><ent r="5" t="9" w="134" /><ent r="5" t="9" w="340" /></phr></stem><stem n="onrepl"><phr n="OnReplicate"><ent r="4" t="8" w="75" /><ent r="4" t="8" w="150" /><ent r="4" t="8" w="163" /><ent r="4" t="9" w="136" /><ent r="4" t="9" w="178" /><ent r="4" t="9" w="191" /><ent r="4" t="9" w="342" /><ent r="4" t="9" w="404" /><ent r="4" t="9" w="417" /></phr></stem><stem n="(ireplicationev"><phr n="(IReplicationEvent"><ent r="4" t="8" w="76" /><ent r="4" t="9" w="137" /><ent r="4" t="9" w="343" /></phr></stem><stem n="ireplicationev"><phr n="IReplicationEvent"><ent r="4" t="8" w="76" /><ent r="4" t="8" w="158" /><ent r="4" t="9" w="137" /><ent r="4" t="9" w="186" /><ent r="4" t="9" w="343" /><ent r="4" t="9" w="412" /></phr></stem><stem n="replicationev"><phr n="replicationEvent"><ent r="4" t="8" w="77" /><ent r="4" t="8" w="80" /><ent r="4" t="8" w="154" /><ent r="4" t="8" w="172" /><ent r="4" t="9" w="138" /><ent r="4" t="9" w="142" /><ent r="4" t="9" w="146" /><ent r="4" t="9" w="148" /><ent r="4" t="9" w="182" /><ent r="4" t="9" w="195" /><ent r="4" t="9" w="207" /><ent r="4" t="9" w="209" /><ent r="4" t="9" w="344" /><ent r="4" t="9" w="348" /><ent r="4" t="9" w="352" /><ent r="4" t="9" w="356" /><ent r="4" t="9" w="366" /><ent r="4" t="9" w="372" /><ent r="4" t="9" w="408" /><ent r="4" t="9" w="421" /><ent r="4" t="9" w="433" /><ent r="4" t="9" w="443" /><ent r="4" t="9" w="456" /><ent r="4" t="9" w="462" /></phr></stem><stem n="iobjectst"><phr n="IObjectState"><ent r="4" t="8" w="78" /><ent r="4" t="8" w="171" /><ent r="4" t="9" w="144" /><ent r="4" t="9" w="206" /><ent r="4" t="9" w="350" /><ent r="4" t="9" w="354" /><ent r="4" t="9" w="432" /><ent r="4" t="9" w="442" /></phr></stem><stem n="stateindesktop"><phr n="stateInDesktop"><ent r="4" t="8" w="79" /><ent r="4" t="8" w="85" /><ent r="4" t="8" w="98" /><ent r="4" t="8" w="103" /><ent r="4" t="8" w="116" /><ent r="4" t="8" w="167" /><ent r="4" t="8" w="177" /><ent r="4" t="8" w="193" /><ent r="4" t="8" w="202" /><ent r="4" t="8" w="218" /></phr></stem><stem n="replicationevent.stateinprovidera"><phr n="replicationEvent.StateInProviderA"><ent r="4" t="8" w="81" /><ent r="4" t="8" w="80" /><ent r="4" t="8" w="173" /><ent r="4" t="8" w="172" /><ent r="4" t="9" w="147" /><ent r="4" t="9" w="146" /><ent r="4" t="9" w="208" /><ent r="4" t="9" w="207" /><ent r="4" t="9" w="353" /><ent r="4" t="9" w="352" /><ent r="4" t="9" w="434" /><ent r="4" t="9" w="433" /></phr></stem><stem n="stateinprovidera"><phr n="StateInProviderA"><ent r="4" t="8" w="81" /><ent r="4" t="8" w="173" /><ent r="4" t="9" w="147" /><ent r="4" t="9" w="208" /><ent r="4" t="9" w="353" /><ent r="4" t="9" w="434" /></phr></stem><stem n=".stateinprovidera();"><phr n=".StateInProviderA();"><ent r="4" t="8" w="82" /><ent r="4" t="9" w="148" /><ent r="4" t="9" w="354" /></phr></stem><stem n="stateindesktop.isnew"><phr n="stateInDesktop.IsNew"><ent r="4" t="8" w="86" /><ent r="4" t="8" w="85" /><ent r="4" t="8" w="178" /><ent r="4" t="8" w="177" /></phr></stem><stem n="isnew"><phr n="IsNew"><ent r="4" t="8" w="86" /><ent r="4" t="8" w="178" /></phr></stem><stem n="(stateindesktop.isnew())"><phr n="(stateInDesktop.IsNew())"><ent r="4" t="8" w="87" /></phr></stem><stem n="consol"><phr n="Console"><ent r="4" t="8" w="87" /><ent r="4" t="8" w="105" /><ent r="4" t="8" w="182" /><ent r="4" t="8" w="207" /></phr></stem><stem n="console.writelin"><phr n="Console.WriteLine"><ent r="4" t="8" w="88" /><ent r="4" t="8" w="87" /><ent r="4" t="8" w="106" /><ent r="4" t="8" w="105" /><ent r="4" t="8" w="183" /><ent r="4" t="8" w="182" /><ent r="4" t="8" w="208" /><ent r="4" t="8" w="207" /></phr></stem><stem n="writelin"><phr n="WriteLine"><ent r="4" t="8" w="88" /><ent r="4" t="8" w="106" /><ent r="4" t="8" w="183" /><ent r="4" t="8" w="208" /></phr></stem><stem n=".writeline("><phr n=".WriteLine("><ent r="4" t="8" w="89" /><ent r="4" t="8" w="107" /><ent r="4" t="8" w="184" /><ent r="4" t="8" w="209" /></phr></stem><stem n="&quot;object"><phr n="&quot;Object"><ent r="5" t="8" w="90" /><ent r="5" t="8" w="108" /><ent r="5" t="8" w="185" /><ent r="5" t="8" w="210" /></phr></stem><stem n="0"><phr n="0"><ent r="5" t="8" w="91" /><ent r="5" t="8" w="109" /><ent r="5" t="8" w="186" /><ent r="5" t="8" w="211" /></phr></stem><stem n="'{0}'"><phr n="'{0}'"><ent r="5" t="8" w="92" /><ent r="5" t="8" w="110" /><ent r="5" t="8" w="187" /><ent r="5" t="8" w="212" /></phr></stem><stem n="stateindesktop.getobject"><phr n="stateInDesktop.GetObject"><ent r="4" t="8" w="99" /><ent r="4" t="8" w="98" /><ent r="4" t="8" w="117" /><ent r="4" t="8" w="116" /><ent r="4" t="8" w="194" /><ent r="4" t="8" w="193" /><ent r="4" t="8" w="219" /><ent r="4" t="8" w="218" /></phr></stem><stem n="getobject"><phr n="GetObject"><ent r="4" t="8" w="99" /><ent r="4" t="8" w="117" /><ent r="4" t="8" w="194" /><ent r="4" t="8" w="219" /></phr></stem><stem n=".getobject());"><phr n=".GetObject());"><ent r="4" t="8" w="100" /><ent r="4" t="8" w="118" /></phr></stem><stem n="stateindesktop.wasmodifi"><phr n="stateInDesktop.WasModified"><ent r="4" t="8" w="104" /><ent r="4" t="8" w="103" /><ent r="4" t="8" w="203" /><ent r="4" t="8" w="202" /></phr></stem><stem n="wasmodifi"><phr n="WasModified"><ent r="4" t="8" w="104" /><ent r="4" t="8" w="203" /></phr></stem><stem n="(stateindesktop.wasmodified())"><phr n="(stateInDesktop.WasModified())"><ent r="4" t="8" w="105" /></phr></stem><stem n="modifi"><phr n="modified"><ent r="5" t="8" w="111" /><ent r="5" t="8" w="213" /></phr></stem><stem n="advancedreplicationexampl"><phr n="AdvancedReplicationExamples"><ent r="4" t="8" w="119" /><ent r="4" t="8" w="233" /><ent r="4" t="8" w="261" /><ent r="4" t="8" w="304" /><ent r="4" t="9" w="152" /><ent r="4" t="9" w="225" /><ent r="4" t="9" w="248" /><ent r="4" t="9" w="285" /><ent r="4" t="9" w="376" /><ent r="4" t="9" w="482" /><ent r="4" t="9" w="507" /><ent r="4" t="9" w="544" /><ent r="4" t="10" w="198" /><ent r="4" t="10" w="258" /><ent r="4" t="10" w="392" /><ent r="4" t="10" w="487" /></phr></stem><stem n="advancedreplicationexamples.c"><phr n="AdvancedReplicationExamples.cs"><ent r="4" t="8" w="120" /><ent r="4" t="8" w="119" /><ent r="4" t="8" w="262" /><ent r="4" t="8" w="261" /><ent r="4" t="9" w="153" /><ent r="4" t="9" w="152" /><ent r="4" t="9" w="249" /><ent r="4" t="9" w="248" /><ent r="4" t="9" w="377" /><ent r="4" t="9" w="376" /><ent r="4" t="9" w="508" /><ent r="4" t="9" w="507" /><ent r="4" t="10" w="199" /><ent r="4" t="10" w="198" /><ent r="4" t="10" w="393" /><ent r="4" t="10" w="392" /></phr></stem><stem n="replicationeventlisten"><phr n="ReplicationEventListener"><ent r="4" t="8" w="122" /><ent r="4" t="8" w="236" /></phr></stem><stem n="privat"><phr n="Private"><ent r="5" t="8" w="136" /><ent r="5" t="9" w="164" /><ent r="5" t="9" w="390" /></phr></stem><stem n="implement"><phr n="Implements"><ent r="5" t="8" w="142" /><ent r="5" t="8" w="160" /><ent r="5" t="9" w="170" /><ent r="5" t="9" w="188" /><ent r="5" t="9" w="396" /><ent r="5" t="9" w="414" /></phr></stem><stem n="sub"><phr n="Sub"><ent r="5" t="8" w="148" /><ent r="5" t="8" w="227" /><ent r="5" t="9" w="176" /><ent r="5" t="9" w="219" /><ent r="5" t="9" w="402" /><ent r="5" t="9" w="476" /></phr></stem><stem n="byval"><phr n="ByVal"><ent r="5" t="8" w="152" /><ent r="5" t="9" w="180" /><ent r="5" t="9" w="406" /></phr></stem><stem n=".onrepl"><phr n=".OnReplicate"><ent r="4" t="8" w="163" /><ent r="4" t="9" w="191" /><ent r="4" t="9" w="417" /></phr></stem><stem n="ireplicationeventlistener.onrepl"><phr n="IReplicationEventListener.OnReplicate"><ent r="4" t="8" w="163" /><ent r="4" t="8" w="162" /><ent r="4" t="9" w="191" /><ent r="4" t="9" w="190" /><ent r="4" t="9" w="417" /><ent r="4" t="9" w="416" /></phr></stem><stem n=".stateinprovidera()"><phr n=".StateInProviderA()"><ent r="4" t="8" w="174" /><ent r="4" t="9" w="209" /><ent r="4" t="9" w="435" /></phr></stem><stem n=".isnew()"><phr n=".IsNew()"><ent r="4" t="8" w="179" /></phr></stem><stem n=".getobject())"><phr n=".GetObject())"><ent r="4" t="8" w="195" /><ent r="4" t="8" w="220" /></phr></stem><stem n=".wasmodified()"><phr n=".WasModified()"><ent r="4" t="8" w="204" /></phr></stem><stem n="advancedreplicationexamples.vb"><phr n="AdvancedReplicationExamples.vb"><ent r="4" t="8" w="234" /><ent r="4" t="8" w="233" /><ent r="4" t="8" w="305" /><ent r="4" t="8" w="304" /><ent r="4" t="9" w="226" /><ent r="4" t="9" w="225" /><ent r="4" t="9" w="286" /><ent r="4" t="9" w="285" /><ent r="4" t="9" w="483" /><ent r="4" t="9" w="482" /><ent r="4" t="9" w="545" /><ent r="4" t="9" w="544" /><ent r="4" t="10" w="259" /><ent r="4" t="10" w="258" /><ent r="4" t="10" w="488" /><ent r="4" t="10" w="487" /></phr></stem><stem n="desktoprelicationpartn"><phr n="desktopRelicationPartner"><ent r="4" t="8" w="254" /><ent r="4" t="9" w="241" /><ent r="4" t="9" w="500" /><ent r="4" t="10" w="352" /></phr></stem></index>