﻿<?xml version="1.0" encoding="utf-8"?><index><stem n="vs"><phr n="VS"><ent r="4" t="1" w="161" /></phr></stem><stem n=".net"><phr n=".NET"><ent r="4" t="1" w="162" /></phr></stem><stem n="vs.net"><phr n="VS.NET"><ent r="4" t="1" w="162" /><ent r="4" t="1" w="161" /></phr></stem><stem n="net"><phr n="NET"><ent r="4" t="1" w="162" /></phr></stem><stem n="-click"><phr n="-click"><ent r="4" t="1" w="166" /><ent r="4" t="1" w="166" /></phr></stem><stem n="right"><phr n="Right"><ent r="4" t="1" w="166" /></phr></stem><stem n="right-click"><phr n="Right-click"><ent r="4" t="1" w="166" /></phr></stem><stem n="click"><phr n="click"><ent r="4" t="1" w="167" /></phr><phr n="Click"><ent r="4" t="1" w="196" /><ent r="4" t="1" w="199" /></phr></stem><stem n="&quot;references&quot;"><phr n="&quot;References&quot;"><ent r="4" t="1" w="170" /></phr></stem><stem n="solut"><phr n="Solution"><ent r="4" t="1" w="172" /></phr><phr n="solution"><ent r="3" t="5" w="198" /></phr></stem><stem n="explor"><phr n="Explorer"><ent r="4" t="1" w="173" /></phr></stem><stem n="choos"><phr n="Choose"><ent r="4" t="1" w="175" /></phr></stem><stem n="&quot;add"><phr n="&quot;Add"><ent r="4" t="1" w="176" /></phr></stem><stem n="select"><phr n="Select"><ent r="4" t="1" w="179" /></phr><phr n="Selective"><ent r="64" t="2" w="114" /><ent r="1000" t="5" w="1" /><ent r="100" t="5" w="5" /><ent r="100" t="5" w="9" /><ent r="102" t="5" w="12" /><ent r="4" t="5" w="122" /><ent r="4" t="5" w="172" /><ent r="4" t="5" w="260" /><ent r="4" t="5" w="342" /><ent r="4" t="5" w="419" /><ent r="4" t="5" w="481" /><ent r="92" t="5" w="543" /></phr><phr n="select"><ent r="3" t="5" w="208" /></phr><phr n="selective"><ent r="3" t="5" w="581" /></phr></stem><stem n="brows"><phr n="Browse"><ent r="4" t="1" w="180" /></phr></stem><stem n="&quot;browse&quot;"><phr n="&quot;Browse&quot;"><ent r="4" t="1" w="181" /></phr></stem><stem n="open"><phr n="Open"><ent r="4" t="1" w="197" /></phr><phr n="open"><ent r="3" t="3" w="192" /></phr></stem><stem n="&quot;open&quot;"><phr n="&quot;Open&quot;"><ent r="4" t="1" w="198" /></phr></stem><stem n="ok"><phr n="OK"><ent r="4" t="1" w="200" /></phr></stem><stem n="&quot;ok&quot;"><phr n="&quot;OK&quot;"><ent r="4" t="1" w="201" /></phr></stem><stem n=":db4o"><phr n=":db4o"><ent r="100" t="2" w="7" /><ent r="100" t="2" w="13" /></phr></stem><stem n="allow"><phr n="allows"><ent r="3" t="2" w="27" /><ent r="3" t="8" w="27" /><ent r="3" t="9" w="55" /></phr></stem><stem n="keep"><phr n="keep"><ent r="3" t="2" w="30" /></phr><phr n="keeps"><ent r="3" t="3" w="109" /><ent r="3" t="4" w="36" /></phr></stem><stem n="multipl"><phr n="multiple"><ent r="3" t="2" w="31" /><ent r="3" t="3" w="88" /></phr></stem><stem n="independ"><phr n="independent"><ent r="3" t="2" w="32" /><ent r="3" t="9" w="20" /></phr></stem><stem n="-databas"><phr n="-databases"><ent r="3" t="2" w="34" /><ent r="3" t="2" w="34" /></phr></stem><stem n="sync"><phr n="sync"><ent r="3" t="2" w="36" /><ent r="3" t="4" w="40" /></phr></stem><stem n="typic"><phr n="typical"><ent r="3" t="2" w="38" /></phr></stem><stem n="scenario"><phr n="scenario"><ent r="3" t="2" w="39" /></phr><phr n="scenarios"><ent r="3" t="7" w="16" /></phr></stem><stem n="support"><phr n="supports"><ent r="3" t="2" w="58" /><ent r="3" t="7" w="19" /></phr><phr n="support"><ent r="3" t="2" w="77" /><ent r="3" t="2" w="99" /></phr></stem><stem n="simpl"><phr n="simple"><ent r="3" t="2" w="59" /><ent r="3" t="5" w="193" /><ent r="3" t="5" w="201" /></phr><phr n="Simple"><ent r="64" t="2" w="71" /><ent r="1000" t="3" w="1" /><ent r="100" t="3" w="10" /><ent r="100" t="3" w="14" /><ent r="102" t="3" w="24" /><ent r="64" t="4" w="72" /></phr></stem><stem n="unidirect"><phr n="unidirectional"><ent r="3" t="2" w="60" /><ent r="4" t="3" w="269" /><ent r="4" t="3" w="359" /><ent r="3" t="6" w="167" /></phr><phr n="Unidirectional"><ent r="100" t="3" w="18" /><ent r="100" t="3" w="21" /></phr></stem><stem n="chang"><phr n="changes"><ent r="3" t="2" w="63" /><ent r="3" t="2" w="81" /><ent r="3" t="3" w="378" /><ent r="4" t="3" w="413" /><ent r="4" t="3" w="427" /><ent r="4" t="3" w="448" /><ent r="4" t="3" w="469" /><ent r="3" t="3" w="505" /><ent r="3" t="3" w="530" /><ent r="3" t="3" w="537" /><ent r="3" t="4" w="234" /><ent r="5" t="4" w="239" /><ent r="5" t="4" w="311" /><ent r="3" t="5" w="513" /><ent r="3" t="6" w="58" /><ent r="3" t="7" w="37" /><ent r="3" t="9" w="315" /><ent r="4" t="9" w="382" /><ent r="4" t="9" w="488" /></phr><phr n="Changes"><ent r="3" t="4" w="45" /></phr><phr n="changed"><ent r="3" t="4" w="206" /><ent r="3" t="5" w="88" /><ent r="3" t="6" w="20" /><ent r="3" t="9" w="19" /></phr><phr n="change"><ent r="5" t="4" w="261" /><ent r="5" t="4" w="344" /><ent r="3" t="5" w="78" /><ent r="3" t="9" w="87" /><ent r="3" t="9" w="91" /><ent r="3" t="9" w="320" /><ent r="4" t="9" w="511" /><ent r="4" t="9" w="548" /></phr></stem><stem n="on"><phr n="one"><ent r="3" t="2" w="67" /><ent r="3" t="6" w="49" /><ent r="3" t="6" w="146" /><ent r="3" t="9" w="123" /></phr><phr n="One"><ent r="4" t="3" w="436" /><ent r="4" t="3" w="481" /></phr><phr n="ones"><ent r="3" t="5" w="215" /></phr></stem><stem n="direct"><phr n="direction"><ent r="3" t="2" w="68" /><ent r="5" t="3" w="249" /><ent r="5" t="3" w="339" /><ent r="4" t="3" w="437" /><ent r="4" t="3" w="482" /><ent r="3" t="4" w="88" /><ent r="3" t="6" w="171" /></phr><phr n="directions"><ent r="3" t="2" w="86" /><ent r="3" t="4" w="26" /></phr></stem><stem n="&quot;simpl"><phr n="&quot;Simple"><ent r="64" t="2" w="71" /><ent r="64" t="4" w="72" /></phr></stem><stem n="addit"><phr n="addition"><ent r="3" t="2" w="75" /><ent r="3" t="6" w="15" /></phr><phr n="additional"><ent r="3" t="7" w="27" /></phr></stem><stem n="bidirect"><phr n="bidirectional"><ent r="3" t="2" w="78" /><ent r="4" t="4" w="124" /><ent r="4" t="4" w="194" /><ent r="3" t="6" w="165" /></phr><phr n="Bidirectional"><ent r="64" t="2" w="89" /><ent r="1000" t="4" w="1" /><ent r="100" t="4" w="5" /><ent r="100" t="4" w="9" /><ent r="102" t="4" w="11" /><ent r="4" t="4" w="299" /><ent r="4" t="4" w="393" /></phr></stem><stem n="both"><phr n="both"><ent r="3" t="2" w="85" /><ent r="3" t="4" w="25" /><ent r="3" t="4" w="48" /><ent r="3" t="4" w="209" /><ent r="3" t="4" w="228" /><ent r="5" t="4" w="260" /><ent r="5" t="4" w="343" /><ent r="3" t="5" w="41" /><ent r="3" t="6" w="135" /></phr></stem><stem n="&quot;bidirect"><phr n="&quot;Bidirectional"><ent r="64" t="2" w="89" /></phr></stem><stem n="avoid"><phr n="avoid"><ent r="3" t="2" w="93" /><ent r="3" t="5" w="551" /></phr><phr n="avoids"><ent r="3" t="5" w="567" /></phr></stem><stem n="whole"><phr n="whole"><ent r="3" t="2" w="96" /></phr></stem><stem n="partial"><phr n="partial"><ent r="3" t="2" w="101" /></phr></stem><stem n="subset"><phr n="subset"><ent r="3" t="2" w="106" /><ent r="3" t="5" w="33" /><ent r="3" t="5" w="51" /></phr></stem><stem n="object"><phr n="objects"><ent r="3" t="2" w="109" /><ent r="3" t="2" w="124" /><ent r="3" t="3" w="389" /><ent r="3" t="3" w="405" /><ent r="3" t="3" w="518" /><ent r="3" t="4" w="207" /><ent r="3" t="5" w="28" /><ent r="3" t="5" w="54" /><ent r="3" t="5" w="69" /><ent r="3" t="5" w="82" /><ent r="3" t="5" w="89" /><ent r="3" t="5" w="210" /><ent r="3" t="5" w="367" /><ent r="3" t="5" w="372" /><ent r="3" t="5" w="379" /><ent r="3" t="5" w="539" /><ent r="3" t="5" w="561" /><ent r="3" t="5" w="586" /><ent r="3" t="5" w="599" /><ent r="3" t="6" w="21" /><ent r="3" t="6" w="30" /><ent r="3" t="6" w="190" /><ent r="3" t="9" w="17" /><ent r="3" t="10" w="128" /><ent r="4" t="10" w="202" /><ent r="4" t="10" w="262" /><ent r="3" t="10" w="300" /><ent r="3" t="10" w="342" /></phr><phr n="object"><ent r="3" t="3" w="83" /><ent r="3" t="3" w="92" /><ent r="3" t="3" w="408" /><ent r="3" t="3" w="410" /><ent r="5" t="3" w="421" /><ent r="3" t="4" w="220" /><ent r="3" t="4" w="223" /><ent r="3" t="4" w="229" /><ent r="5" t="4" w="270" /><ent r="5" t="4" w="284" /><ent r="3" t="5" w="36" /><ent r="5" t="5" w="107" /><ent r="5" t="5" w="227" /><ent r="3" t="5" w="557" /><ent r="3" t="5" w="572" /><ent r="3" t="6" w="42" /><ent r="3" t="6" w="133" /><ent r="3" t="6" w="142" /><ent r="3" t="6" w="149" /><ent r="3" t="6" w="196" /><ent r="3" t="8" w="61" /><ent r="3" t="10" w="153" /><ent r="3" t="10" w="162" /><ent r="5" t="10" w="171" /><ent r="5" t="10" w="178" /><ent r="5" t="10" w="185" /><ent r="3" t="10" w="280" /><ent r="3" t="10" w="313" /><ent r="3" t="10" w="322" /></phr><phr n="Object"><ent r="5" t="3" w="465" /><ent r="5" t="4" w="358" /><ent r="5" t="4" w="377" /><ent r="5" t="5" w="156" /><ent r="5" t="5" w="291" /><ent r="5" t="8" w="90" /><ent r="5" t="8" w="108" /><ent r="5" t="8" w="185" /><ent r="5" t="8" w="210" /><ent r="5" t="10" w="227" /><ent r="5" t="10" w="233" /><ent r="5" t="10" w="244" /></phr></stem><stem n="&quot;select"><phr n="&quot;Selective"><ent r="64" t="2" w="114" /></phr></stem><stem n="furthermor"><phr n="Furthermore"><ent r="3" t="2" w="117" /><ent r="3" t="3" w="90" /><ent r="3" t="3" w="514" /></phr></stem><stem n="delet"><phr n="deletions"><ent r="3" t="2" w="122" /><ent r="3" t="6" w="28" /><ent r="3" t="6" w="33" /><ent r="4" t="6" w="90" /><ent r="4" t="6" w="121" /><ent r="3" t="6" w="180" /></phr><phr n="Deletions"><ent r="64" t="2" w="128" /><ent r="1000" t="6" w="2" /><ent r="100" t="6" w="6" /><ent r="100" t="6" w="9" /><ent r="102" t="6" w="12" /></phr><phr n="deleted"><ent r="3" t="6" w="44" /><ent r="3" t="6" w="141" /><ent r="3" t="6" w="152" /><ent r="3" t="6" w="198" /><ent r="3" t="6" w="208" /></phr><phr n="deletion"><ent r="3" t="6" w="162" /></phr></stem><stem n="&quot;replic"><phr n="&quot;Replicate"><ent r="64" t="2" w="127" /></phr></stem><stem n=":simpl"><phr n=":Simple"><ent r="100" t="3" w="10" /><ent r="100" t="3" w="14" /></phr></stem><stem n=":unidirect"><phr n=":Unidirectional"><ent r="100" t="3" w="18" /><ent r="100" t="3" w="21" /></phr></stem><stem n="-to-db4o"><phr n="-to-db4o"><ent r="3" t="3" w="28" /><ent r="3" t="3" w="29" /></phr></stem><stem n="db4o-to"><phr n="db4o-to"><ent r="3" t="3" w="28" /></phr></stem><stem n="db4o-to-db4o"><phr n="db4o-to-db4o"><ent r="3" t="3" w="28" /></phr></stem><stem n="to-db4o"><phr n="to-db4o"><ent r="3" t="3" w="29" /></phr></stem><stem n="easi"><phr n="easy"><ent r="3" t="3" w="33" /><ent r="3" t="3" w="37" /></phr></stem><stem n="set"><phr n="set"><ent r="3" t="3" w="39" /><ent r="5" t="3" w="246" /><ent r="5" t="3" w="336" /><ent r="3" t="4" w="90" /><ent r="3" t="4" w="224" /><ent r="3" t="5" w="79" /><ent r="3" t="6" w="169" /><ent r="3" t="9" w="96" /></phr><phr n="sets"><ent r="3" t="4" w="230" /><ent r="5" t="4" w="262" /><ent r="5" t="4" w="345" /></phr></stem><stem n="up"><phr n="up"><ent r="3" t="3" w="40" /></phr></stem><stem n="two"><phr n="two"><ent r="3" t="3" w="44" /><ent r="3" t="3" w="77" /><ent r="3" t="3" w="194" /><ent r="3" t="4" w="81" /><ent r="5" t="4" w="242" /><ent r="5" t="4" w="314" /></phr></stem><stem n="step"><phr n="steps"><ent r="3" t="3" w="45" /></phr><phr n="step"><ent r="3" t="10" w="55" /></phr></stem><stem n="first"><phr n="First"><ent r="3" t="3" w="53" /><ent r="3" t="3" w="375" /><ent r="3" t="4" w="59" /><ent r="5" t="4" w="236" /><ent r="5" t="4" w="308" /><ent r="3" t="10" w="297" /></phr><phr n="first"><ent r="3" t="10" w="54" /><ent r="3" t="10" w="295" /></phr></stem><stem n="ad"><phr n="added"><ent r="3" t="3" w="58" /></phr></stem><stem n="&quot;get"><phr n="&quot;Getting"><ent r="64" t="3" w="70" /></phr></stem><stem n="process"><phr n="process"><ent r="3" t="3" w="75" /><ent r="3" t="3" w="191" /><ent r="3" t="8" w="19" /><ent r="4" t="8" w="128" /><ent r="4" t="8" w="242" /><ent r="4" t="8" w="271" /><ent r="4" t="8" w="314" /></phr></stem><stem n="thing"><phr n="things"><ent r="3" t="3" w="78" /></phr></stem><stem n="uuid"><phr n="UUID"><ent r="3" t="3" w="80" /><ent r="3" t="3" w="107" /><ent r="3" t="10" w="134" /><ent r="4" t="10" w="208" /><ent r="4" t="10" w="268" /><ent r="3" t="10" w="318" /><ent r="3" t="10" w="328" /><ent r="3" t="10" w="346" /></phr><phr n="UUIDs"><ent r="4" t="3" w="138" /><ent r="4" t="3" w="166" /><ent r="3" t="10" w="33" /><ent r="3" t="10" w="60" /><ent r="4" t="10" w="82" /><ent r="4" t="10" w="110" /></phr></stem><stem n="identifi"><phr n="identify"><ent r="3" t="3" w="85" /></phr></stem><stem n="across"><phr n="across"><ent r="3" t="3" w="87" /><ent r="3" t="6" w="37" /></phr></stem><stem n="everi"><phr n="every"><ent r="3" t="3" w="91" /><ent r="3" t="6" w="131" /></phr></stem><stem n="-number"><phr n="-number"><ent r="3" t="3" w="95" /><ent r="3" t="3" w="95" /></phr></stem><stem n="version-numb"><phr n="version-number"><ent r="3" t="3" w="95" /></phr></stem><stem n="detect"><phr n="detect"><ent r="3" t="3" w="98" /></phr></stem><stem n="updat"><phr n="updates"><ent r="3" t="3" w="99" /></phr><phr n="update"><ent r="3" t="3" w="185" /><ent r="3" t="10" w="151" /><ent r="3" t="10" w="160" /><ent r="3" t="10" w="320" /><ent r="3" t="10" w="334" /></phr><phr n="updated"><ent r="3" t="3" w="395" /><ent r="3" t="4" w="217" /></phr><phr n="Updating"><ent r="4" t="10" w="200" /><ent r="4" t="10" w="260" /><ent r="3" t="10" w="278" /></phr></stem><stem n="default"><phr n="default"><ent r="3" t="3" w="101" /><ent r="3" t="6" w="32" /><ent r="3" t="6" w="160" /><ent r="3" t="9" w="29" /></phr></stem><stem n="doesn"><phr n="doesn"><ent r="3" t="3" w="103" /><ent r="3" t="5" w="20" /><ent r="3" t="9" w="46" /><ent r="3" t="10" w="314" /></phr></stem><stem n="'t"><phr n="'t"><ent r="3" t="3" w="104" /><ent r="3" t="5" w="21" /><ent r="3" t="6" w="206" /><ent r="3" t="9" w="47" /><ent r="3" t="10" w="37" /><ent r="3" t="10" w="131" /><ent r="3" t="10" w="315" /></phr></stem><stem n="doesn't"><phr n="doesn't"><ent r="3" t="3" w="104" /><ent r="3" t="3" w="103" /><ent r="3" t="5" w="21" /><ent r="3" t="5" w="20" /><ent r="3" t="9" w="47" /><ent r="3" t="9" w="46" /><ent r="3" t="10" w="315" /><ent r="3" t="10" w="314" /></phr></stem><stem n="t"><phr n="t"><ent r="3" t="3" w="104" /><ent r="3" t="5" w="21" /><ent r="3" t="6" w="206" /><ent r="3" t="9" w="47" /><ent r="3" t="10" w="37" /><ent r="3" t="10" w="131" /><ent r="3" t="10" w="315" /></phr></stem><stem n="gener"><phr n="generate"><ent r="3" t="3" w="105" /><ent r="4" t="3" w="137" /><ent r="4" t="3" w="165" /><ent r="4" t="10" w="81" /><ent r="4" t="10" w="109" /></phr><phr n="General"><ent r="2" t="12" w="18" /></phr></stem><stem n="nor"><phr n="nor"><ent r="3" t="3" w="108" /><ent r="3" t="10" w="135" /></phr></stem><stem n="timestamp"><phr n="timestamps"><ent r="3" t="3" w="110" /><ent r="4" t="3" w="141" /><ent r="4" t="3" w="169" /><ent r="3" t="10" w="35" /><ent r="3" t="10" w="62" /><ent r="4" t="10" w="85" /><ent r="4" t="10" w="113" /></phr><phr n="timestamp"><ent r="3" t="9" w="310" /><ent r="4" t="10" w="210" /><ent r="4" t="10" w="270" /></phr></stem><stem n="so"><phr n="So"><ent r="3" t="3" w="111" /><ent r="3" t="5" w="574" /></phr><phr n="so"><ent r="3" t="5" w="531" /><ent r="3" t="10" w="40" /><ent r="3" t="10" w="339" /></phr></stem><stem n="configur"><phr n="configure"><ent r="3" t="3" w="115" /></phr><phr n="configuration"><ent r="4" t="3" w="120" /><ent r="4" t="3" w="125" /><ent r="4" t="3" w="149" /><ent r="4" t="3" w="154" /><ent r="4" t="10" w="64" /><ent r="4" t="10" w="69" /><ent r="4" t="10" w="93" /><ent r="4" t="10" w="98" /><ent r="3" t="10" w="165" /></phr><phr n="Configure"><ent r="4" t="3" w="134" /><ent r="4" t="3" w="162" /><ent r="4" t="10" w="78" /><ent r="4" t="10" w="106" /></phr><phr n="configured"><ent r="3" t="4" w="67" /></phr></stem><stem n="explicitli"><phr n="explicitly"><ent r="3" t="3" w="117" /></phr></stem><stem n="configuration.fil"><phr n="configuration.File"><ent r="4" t="3" w="121" /><ent r="4" t="3" w="120" /><ent r="4" t="3" w="126" /><ent r="4" t="3" w="125" /><ent r="4" t="3" w="150" /><ent r="4" t="3" w="149" /><ent r="4" t="3" w="155" /><ent r="4" t="3" w="154" /><ent r="4" t="10" w="65" /><ent r="4" t="10" w="64" /><ent r="4" t="10" w="70" /><ent r="4" t="10" w="69" /><ent r="4" t="10" w="94" /><ent r="4" t="10" w="93" /><ent r="4" t="10" w="99" /><ent r="4" t="10" w="98" /></phr></stem><stem n=".file.generateuuid"><phr n=".File.GenerateUUIDs"><ent r="4" t="3" w="122" /><ent r="4" t="3" w="151" /><ent r="4" t="10" w="66" /><ent r="4" t="10" w="95" /></phr></stem><stem n="configuration.file.generateuuid"><phr n="configuration.File.GenerateUUIDs"><ent r="4" t="3" w="122" /><ent r="4" t="3" w="120" /><ent r="4" t="3" w="151" /><ent r="4" t="3" w="149" /><ent r="4" t="10" w="66" /><ent r="4" t="10" w="64" /><ent r="4" t="10" w="95" /><ent r="4" t="10" w="93" /></phr></stem><stem n="generateuuid"><phr n="GenerateUUIDs"><ent r="4" t="3" w="122" /><ent r="4" t="3" w="151" /><ent r="4" t="10" w="66" /><ent r="4" t="10" w="95" /></phr></stem><stem n="="><phr n="="><ent r="4" t="3" w="123" /><ent r="4" t="3" w="128" /><ent r="4" t="3" w="152" /><ent r="4" t="3" w="157" /><ent r="4" t="3" w="219" /><ent r="4" t="3" w="223" /><ent r="4" t="3" w="227" /><ent r="4" t="3" w="234" /><ent r="4" t="3" w="241" /><ent r="4" t="3" w="285" /><ent r="4" t="3" w="295" /><ent r="4" t="3" w="305" /><ent r="4" t="3" w="318" /><ent r="4" t="3" w="331" /><ent r="4" t="3" w="414" /><ent r="4" t="3" w="453" /><ent r="4" t="4" w="94" /><ent r="4" t="4" w="98" /><ent r="4" t="4" w="102" /><ent r="4" t="4" w="109" /><ent r="4" t="4" w="116" /><ent r="4" t="4" w="140" /><ent r="4" t="4" w="150" /><ent r="4" t="4" w="160" /><ent r="4" t="4" w="173" /><ent r="4" t="4" w="186" /><ent r="4" t="4" w="248" /><ent r="4" t="4" w="253" /><ent r="4" t="4" w="325" /><ent r="4" t="4" w="336" /><ent r="4" t="5" w="96" /><ent r="4" t="5" w="140" /><ent r="4" t="5" w="220" /><ent r="4" t="5" w="279" /><ent r="4" t="5" w="386" /><ent r="4" t="5" w="440" /><ent r="4" t="6" w="74" /><ent r="4" t="6" w="105" /><ent r="4" t="8" w="80" /><ent r="4" t="8" w="172" /><ent r="4" t="8" w="252" /><ent r="4" t="8" w="286" /><ent r="4" t="8" w="298" /><ent r="4" t="9" w="146" /><ent r="4" t="9" w="207" /><ent r="4" t="9" w="239" /><ent r="4" t="9" w="267" /><ent r="4" t="9" w="279" /><ent r="4" t="9" w="352" /><ent r="4" t="9" w="356" /><ent r="4" t="9" w="364" /><ent r="4" t="9" w="433" /><ent r="4" t="9" w="443" /><ent r="4" t="9" w="451" /><ent r="4" t="9" w="498" /><ent r="4" t="9" w="526" /><ent r="4" t="9" w="538" /><ent r="4" t="10" w="67" /><ent r="4" t="10" w="72" /><ent r="4" t="10" w="96" /><ent r="4" t="10" w="101" /><ent r="4" t="10" w="175" /><ent r="4" t="10" w="229" /><ent r="4" t="10" w="350" /><ent r="4" t="10" w="356" /><ent r="4" t="10" w="369" /><ent r="4" t="10" w="412" /><ent r="4" t="10" w="426" /><ent r="4" t="10" w="452" /></phr></stem><stem n="configscop"><phr n="ConfigScope"><ent r="4" t="3" w="123" /><ent r="4" t="3" w="152" /><ent r="4" t="10" w="67" /><ent r="4" t="10" w="96" /></phr></stem><stem n="configscope.glob"><phr n="ConfigScope.Globally"><ent r="4" t="3" w="124" /><ent r="4" t="3" w="123" /><ent r="4" t="3" w="153" /><ent r="4" t="3" w="152" /><ent r="4" t="10" w="68" /><ent r="4" t="10" w="67" /><ent r="4" t="10" w="97" /><ent r="4" t="10" w="96" /></phr></stem><stem n="global"><phr n="Globally"><ent r="4" t="3" w="124" /><ent r="4" t="3" w="153" /><ent r="4" t="10" w="68" /><ent r="4" t="10" w="97" /></phr></stem><stem n=".globally;"><phr n=".Globally;"><ent r="4" t="3" w="125" /><ent r="4" t="10" w="69" /></phr></stem><stem n=".file.generatecommittimestamp"><phr n=".File.GenerateCommitTimestamps"><ent r="4" t="3" w="127" /><ent r="4" t="3" w="156" /><ent r="4" t="10" w="71" /><ent r="4" t="10" w="100" /></phr></stem><stem n="configuration.file.generatecommittimestamp"><phr n="configuration.File.GenerateCommitTimestamps"><ent r="4" t="3" w="127" /><ent r="4" t="3" w="125" /><ent r="4" t="3" w="156" /><ent r="4" t="3" w="154" /><ent r="4" t="10" w="71" /><ent r="4" t="10" w="69" /><ent r="4" t="10" w="100" /><ent r="4" t="10" w="98" /></phr></stem><stem n="generatecommittimestamp"><phr n="GenerateCommitTimestamps"><ent r="4" t="3" w="127" /><ent r="4" t="3" w="156" /><ent r="4" t="10" w="71" /><ent r="4" t="10" w="100" /></phr></stem><stem n="true"><phr n="true"><ent r="5" t="3" w="129" /><ent r="5" t="10" w="73" /></phr><phr n="True"><ent r="5" t="3" w="158" /><ent r="5" t="10" w="102" /></phr></stem><stem n=";"><phr n=";"><ent r="4" t="3" w="131" /><ent r="4" t="10" w="75" /></phr></stem><stem n="db4oreplicationexampl"><phr n="Db4oReplicationExamples"><ent r="4" t="3" w="132" /><ent r="4" t="3" w="160" /><ent r="4" t="3" w="266" /><ent r="4" t="3" w="356" /><ent r="4" t="3" w="434" /><ent r="4" t="3" w="479" /><ent r="4" t="4" w="121" /><ent r="4" t="4" w="191" /><ent r="4" t="4" w="297" /><ent r="4" t="4" w="391" /><ent r="4" t="5" w="120" /><ent r="4" t="5" w="170" /><ent r="4" t="5" w="258" /><ent r="4" t="5" w="340" /><ent r="4" t="5" w="417" /><ent r="4" t="5" w="479" /><ent r="4" t="6" w="87" /><ent r="4" t="6" w="118" /><ent r="4" t="10" w="76" /><ent r="4" t="10" w="104" /></phr></stem><stem n="db4oreplicationexamples.c"><phr n="Db4oReplicationExamples.cs"><ent r="4" t="3" w="133" /><ent r="4" t="3" w="132" /><ent r="4" t="3" w="267" /><ent r="4" t="3" w="266" /><ent r="4" t="3" w="435" /><ent r="4" t="3" w="434" /><ent r="4" t="4" w="122" /><ent r="4" t="4" w="121" /><ent r="4" t="4" w="298" /><ent r="4" t="4" w="297" /><ent r="4" t="5" w="121" /><ent r="4" t="5" w="120" /><ent r="4" t="5" w="259" /><ent r="4" t="5" w="258" /><ent r="4" t="5" w="418" /><ent r="4" t="5" w="417" /><ent r="4" t="6" w="88" /><ent r="4" t="6" w="87" /><ent r="4" t="10" w="77" /><ent r="4" t="10" w="76" /></phr></stem><stem n="cs"><phr n="cs"><ent r="4" t="3" w="133" /><ent r="4" t="3" w="267" /><ent r="4" t="3" w="435" /><ent r="4" t="4" w="122" /><ent r="4" t="4" w="298" /><ent r="4" t="5" w="121" /><ent r="4" t="5" w="259" /><ent r="4" t="5" w="418" /><ent r="4" t="6" w="88" /><ent r="4" t="8" w="120" /><ent r="4" t="8" w="262" /><ent r="4" t="9" w="153" /><ent r="4" t="9" w="249" /><ent r="4" t="9" w="377" /><ent r="4" t="9" w="508" /><ent r="4" t="10" w="77" /><ent r="4" t="10" w="199" /><ent r="4" t="10" w="393" /></phr></stem><stem n=".cs:"><phr n=".cs:"><ent r="4" t="3" w="134" /><ent r="4" t="3" w="268" /><ent r="4" t="3" w="436" /><ent r="4" t="4" w="123" /><ent r="4" t="4" w="299" /><ent r="4" t="5" w="122" /><ent r="4" t="5" w="260" /><ent r="4" t="5" w="419" /><ent r="4" t="6" w="89" /><ent r="4" t="8" w="121" /><ent r="4" t="8" w="263" /><ent r="4" t="9" w="154" /><ent r="4" t="9" w="250" /><ent r="4" t="9" w="378" /><ent r="4" t="9" w="509" /><ent r="4" t="10" w="78" /><ent r="4" t="10" w="200" /><ent r="4" t="10" w="394" /></phr></stem><stem n="commit"><phr n="commit"><ent r="4" t="3" w="140" /><ent r="4" t="3" w="168" /><ent r="3" t="3" w="496" /><ent r="3" t="3" w="502" /><ent r="3" t="3" w="533" /><ent r="4" t="10" w="84" /><ent r="4" t="10" w="112" /></phr><phr n="Commit"><ent r="4" t="3" w="432" /><ent r="4" t="3" w="477" /><ent r="4" t="4" w="295" /><ent r="4" t="4" w="389" /><ent r="4" t="5" w="118" /><ent r="4" t="5" w="168" /><ent r="4" t="5" w="256" /><ent r="4" t="5" w="338" /><ent r="4" t="5" w="415" /><ent r="4" t="5" w="477" /><ent r="4" t="6" w="85" /><ent r="4" t="6" w="116" /><ent r="4" t="10" w="196" /><ent r="4" t="10" w="256" /><ent r="4" t="10" w="390" /><ent r="4" t="10" w="485" /></phr></stem><stem n="code"><phr n="Code"><ent r="66" t="3" w="144" /><ent r="66" t="3" w="147" /><ent r="66" t="3" w="172" /><ent r="66" t="3" w="175" /><ent r="66" t="3" w="273" /><ent r="66" t="3" w="276" /><ent r="66" t="3" w="363" /><ent r="66" t="3" w="366" /><ent r="66" t="3" w="441" /><ent r="66" t="3" w="444" /><ent r="66" t="3" w="486" /><ent r="66" t="3" w="489" /><ent r="66" t="4" w="128" /><ent r="66" t="4" w="131" /><ent r="66" t="4" w="198" /><ent r="66" t="4" w="201" /><ent r="66" t="4" w="303" /><ent r="66" t="4" w="306" /><ent r="66" t="4" w="397" /><ent r="66" t="4" w="400" /><ent r="66" t="5" w="128" /><ent r="66" t="5" w="131" /><ent r="66" t="5" w="178" /><ent r="66" t="5" w="181" /><ent r="66" t="5" w="267" /><ent r="66" t="5" w="270" /><ent r="66" t="5" w="349" /><ent r="66" t="5" w="352" /><ent r="66" t="5" w="426" /><ent r="66" t="5" w="429" /><ent r="66" t="5" w="488" /><ent r="66" t="5" w="491" /><ent r="66" t="6" w="93" /><ent r="66" t="6" w="96" /><ent r="66" t="6" w="124" /><ent r="66" t="6" w="127" /><ent r="66" t="8" w="131" /><ent r="66" t="8" w="134" /><ent r="66" t="8" w="245" /><ent r="66" t="8" w="248" /><ent r="66" t="8" w="274" /><ent r="66" t="8" w="277" /><ent r="66" t="8" w="317" /><ent r="66" t="8" w="320" /><ent r="66" t="9" w="159" /><ent r="66" t="9" w="162" /><ent r="66" t="9" w="232" /><ent r="66" t="9" w="235" /><ent r="66" t="9" w="255" /><ent r="66" t="9" w="258" /><ent r="66" t="9" w="292" /><ent r="66" t="9" w="295" /><ent r="66" t="9" w="385" /><ent r="66" t="9" w="388" /><ent r="66" t="9" w="491" /><ent r="66" t="9" w="494" /><ent r="66" t="9" w="514" /><ent r="66" t="9" w="517" /><ent r="66" t="9" w="551" /><ent r="66" t="9" w="554" /><ent r="66" t="10" w="88" /><ent r="66" t="10" w="91" /><ent r="66" t="10" w="116" /><ent r="66" t="10" w="119" /><ent r="66" t="10" w="213" /><ent r="66" t="10" w="216" /><ent r="66" t="10" w="273" /><ent r="66" t="10" w="276" /><ent r="66" t="10" w="400" /><ent r="66" t="10" w="403" /><ent r="66" t="10" w="495" /><ent r="66" t="10" w="498" /></phr></stem><stem n=".global"><phr n=".Globally"><ent r="4" t="3" w="153" /><ent r="4" t="10" w="97" /></phr></stem><stem n="db4oreplicationexamples.vb"><phr n="Db4oReplicationExamples.vb"><ent r="4" t="3" w="161" /><ent r="4" t="3" w="160" /><ent r="4" t="3" w="357" /><ent r="4" t="3" w="356" /><ent r="4" t="3" w="480" /><ent r="4" t="3" w="479" /><ent r="4" t="4" w="192" /><ent r="4" t="4" w="191" /><ent r="4" t="4" w="392" /><ent r="4" t="4" w="391" /><ent r="4" t="5" w="171" /><ent r="4" t="5" w="170" /><ent r="4" t="5" w="341" /><ent r="4" t="5" w="340" /><ent r="4" t="5" w="480" /><ent r="4" t="5" w="479" /><ent r="4" t="6" w="119" /><ent r="4" t="6" w="118" /><ent r="4" t="10" w="105" /><ent r="4" t="10" w="104" /></phr></stem><stem n="vb"><phr n="vb"><ent r="4" t="3" w="161" /><ent r="4" t="3" w="357" /><ent r="4" t="3" w="480" /><ent r="4" t="4" w="192" /><ent r="4" t="4" w="392" /><ent r="4" t="5" w="171" /><ent r="4" t="5" w="341" /><ent r="4" t="5" w="480" /><ent r="4" t="6" w="119" /><ent r="4" t="8" w="234" /><ent r="4" t="8" w="305" /><ent r="4" t="9" w="226" /><ent r="4" t="9" w="286" /><ent r="4" t="9" w="483" /><ent r="4" t="9" w="545" /><ent r="4" t="10" w="105" /><ent r="4" t="10" w="259" /><ent r="4" t="10" w="488" /></phr></stem><stem n=".vb:"><phr n=".vb:"><ent r="4" t="3" w="162" /><ent r="4" t="3" w="358" /><ent r="4" t="3" w="481" /><ent r="4" t="4" w="193" /><ent r="4" t="4" w="393" /><ent r="4" t="5" w="172" /><ent r="4" t="5" w="342" /><ent r="4" t="5" w="481" /><ent r="4" t="6" w="120" /><ent r="4" t="8" w="235" /><ent r="4" t="8" w="306" /><ent r="4" t="9" w="227" /><ent r="4" t="9" w="287" /><ent r="4" t="9" w="484" /><ent r="4" t="9" w="546" /><ent r="4" t="10" w="106" /><ent r="4" t="10" w="260" /><ent r="4" t="10" w="489" /></phr></stem></index>