﻿<?xml version="1.0" encoding="utf-8"?><index><stem n="prepar"><phr n="preparation"><ent r="3" t="3" w="179" /></phr><phr n="Prepare"><ent r="4" t="3" w="268" /><ent r="4" t="3" w="358" /><ent r="4" t="4" w="123" /><ent r="4" t="4" w="193" /><ent r="64" t="7" w="71" /><ent r="1000" t="10" w="1" /><ent r="102" t="10" w="7" /></phr><phr n="prepared"><ent r="3" t="4" w="65" /></phr></stem><stem n="store"><phr n="store"><ent r="3" t="3" w="182" /><ent r="3" t="5" w="26" /></phr><phr n="stores"><ent r="3" t="3" w="503" /></phr><phr n="stored"><ent r="3" t="10" w="129" /></phr><phr n="Store"><ent r="4" t="10" w="193" /><ent r="4" t="10" w="250" /><ent r="4" t="10" w="383" /><ent r="4" t="10" w="470" /></phr></stem><stem n="retriev"><phr n="retrieve"><ent r="3" t="3" w="183" /></phr></stem><stem n="normal"><phr n="normally"><ent r="3" t="3" w="186" /></phr></stem><stem n="-process"><phr n="-process"><ent r="3" t="3" w="190" /><ent r="3" t="3" w="190" /></phr></stem><stem n="replication-process"><phr n="replication-process"><ent r="3" t="3" w="190" /></phr></stem><stem n="take"><phr n="take"><ent r="3" t="3" w="197" /><ent r="3" t="7" w="49" /><ent r="3" t="9" w="119" /><ent r="3" t="9" w="317" /></phr><phr n="takes"><ent r="4" t="9" w="380" /><ent r="4" t="9" w="486" /><ent r="3" t="10" w="166" /><ent r="4" t="12" w="45" /></phr><phr n="Take"><ent r="4" t="9" w="509" /><ent r="4" t="9" w="546" /></phr></stem><stem n="part"><phr n="part"><ent r="3" t="3" w="198" /></phr></stem><stem n="creat"><phr n="create"><ent r="3" t="3" w="203" /><ent r="3" t="8" w="43" /></phr><phr n="created"><ent r="3" t="3" w="393" /><ent r="3" t="4" w="219" /></phr></stem><stem n="-session"><phr n="-session"><ent r="3" t="3" w="205" /><ent r="3" t="3" w="205" /><ent r="3" t="4" w="77" /><ent r="3" t="4" w="77" /></phr></stem><stem n="replication-sess"><phr n="replication-session"><ent r="3" t="3" w="205" /><ent r="3" t="4" w="77" /><ent r="3" t="6" w="174" /></phr></stem><stem n="session"><phr n="session"><ent r="3" t="3" w="206" /><ent r="3" t="3" w="385" /><ent r="3" t="3" w="500" /><ent r="3" t="4" w="78" /><ent r="3" t="6" w="175" /><ent r="3" t="8" w="46" /></phr></stem><stem n="pass"><phr n="passing"><ent r="3" t="3" w="208" /></phr><phr n="pass"><ent r="3" t="8" w="49" /></phr></stem><stem n="partner"><phr n="partners"><ent r="3" t="3" w="211" /><ent r="3" t="3" w="508" /><ent r="3" t="4" w="49" /><ent r="3" t="4" w="83" /><ent r="3" t="4" w="211" /><ent r="5" t="4" w="244" /><ent r="5" t="4" w="316" /></phr><phr n="partner"><ent r="3" t="3" w="382" /><ent r="3" t="4" w="57" /><ent r="3" t="4" w="214" /><ent r="3" t="9" w="125" /></phr></stem><stem n="factori"><phr n="factory"><ent r="3" t="3" w="215" /></phr></stem><stem n="iobjectcontain"><phr n="IObjectContainer"><ent r="4" t="3" w="217" /><ent r="4" t="3" w="221" /><ent r="4" t="3" w="284" /><ent r="4" t="3" w="294" /><ent r="4" t="4" w="92" /><ent r="4" t="4" w="96" /><ent r="4" t="4" w="139" /><ent r="4" t="4" w="149" /></phr></stem><stem n="desktopdatabas"><phr n="desktopDatabase"><ent r="4" t="3" w="218" /><ent r="4" t="3" w="231" /><ent r="4" t="3" w="280" /><ent r="4" t="3" w="309" /><ent r="4" t="4" w="93" /><ent r="4" t="4" w="106" /><ent r="4" t="4" w="135" /><ent r="4" t="4" w="164" /><ent r="4" t="5" w="386" /><ent r="4" t="5" w="440" /><ent r="4" t="6" w="107" /><ent r="4" t="10" w="175" /><ent r="4" t="10" w="192" /><ent r="4" t="10" w="195" /><ent r="4" t="10" w="229" /><ent r="4" t="10" w="249" /><ent r="4" t="10" w="255" /><ent r="4" t="10" w="356" /><ent r="4" t="10" w="369" /><ent r="4" t="10" w="381" /><ent r="4" t="10" w="414" /><ent r="4" t="10" w="426" /><ent r="4" t="10" w="452" /><ent r="4" t="10" w="468" /></phr></stem><stem n="opendatabas"><phr n="OpenDatabase"><ent r="4" t="3" w="219" /><ent r="4" t="3" w="223" /><ent r="4" t="3" w="285" /><ent r="4" t="3" w="295" /><ent r="4" t="4" w="94" /><ent r="4" t="4" w="98" /><ent r="4" t="4" w="140" /><ent r="4" t="4" w="150" /></phr></stem><stem n="desktopdatabasenam"><phr n="DesktopDatabaseName"><ent r="4" t="3" w="220" /><ent r="4" t="3" w="286" /><ent r="4" t="4" w="95" /><ent r="4" t="4" w="141" /></phr></stem><stem n="(desktopdatabasename);"><phr n="(DesktopDatabaseName);"><ent r="4" t="3" w="221" /><ent r="4" t="4" w="96" /></phr></stem><stem n="mobiledatabas"><phr n="mobileDatabase"><ent r="4" t="3" w="222" /><ent r="4" t="3" w="238" /><ent r="4" t="3" w="290" /><ent r="4" t="3" w="322" /><ent r="4" t="4" w="97" /><ent r="4" t="4" w="113" /><ent r="4" t="4" w="145" /><ent r="4" t="4" w="177" /><ent r="4" t="6" w="108" /><ent r="4" t="10" w="415" /></phr></stem><stem n="mobiledatabasenam"><phr n="MobileDatabaseName"><ent r="4" t="3" w="224" /><ent r="4" t="3" w="296" /><ent r="4" t="4" w="99" /><ent r="4" t="4" w="151" /></phr></stem><stem n="(mobiledatabasename);"><phr n="(MobileDatabaseName);"><ent r="4" t="3" w="225" /><ent r="4" t="4" w="100" /></phr></stem><stem n="ireplicationprovid"><phr n="IReplicationProvider"><ent r="4" t="3" w="225" /><ent r="4" t="3" w="232" /><ent r="4" t="3" w="304" /><ent r="4" t="3" w="317" /><ent r="4" t="4" w="100" /><ent r="4" t="4" w="107" /><ent r="4" t="4" w="159" /><ent r="4" t="4" w="172" /></phr></stem><stem n="dektopreplicationprovid"><phr n="dektopReplicationProvider"><ent r="4" t="3" w="226" /><ent r="4" t="3" w="243" /><ent r="4" t="3" w="300" /><ent r="4" t="3" w="333" /><ent r="4" t="4" w="101" /><ent r="4" t="4" w="118" /><ent r="4" t="4" w="155" /><ent r="4" t="4" w="188" /><ent r="4" t="6" w="76" /><ent r="4" t="8" w="300" /><ent r="4" t="9" w="281" /><ent r="4" t="9" w="540" /></phr></stem><stem n="new"><phr n="new"><ent r="5" t="3" w="228" /><ent r="5" t="3" w="235" /><ent r="3" t="3" w="529" /><ent r="5" t="4" w="103" /><ent r="5" t="4" w="110" /><ent r="3" t="6" w="18" /><ent r="5" t="8" w="93" /><ent r="5" t="8" w="188" /><ent r="5" t="8" w="257" /><ent r="5" t="9" w="244" /><ent r="5" t="9" w="503" /><ent r="3" t="10" w="17" /><ent r="3" t="10" w="164" /></phr><phr n="New"><ent r="5" t="3" w="306" /><ent r="5" t="3" w="319" /><ent r="5" t="4" w="161" /><ent r="5" t="4" w="174" /><ent r="5" t="8" w="287" /><ent r="5" t="9" w="268" /><ent r="5" t="9" w="527" /></phr></stem><stem n="db4oembeddedreplicationprovid"><phr n="Db4oEmbeddedReplicationProvider"><ent r="4" t="3" w="230" /><ent r="4" t="3" w="237" /><ent r="4" t="3" w="308" /><ent r="4" t="3" w="321" /><ent r="4" t="4" w="105" /><ent r="4" t="4" w="112" /><ent r="4" t="4" w="163" /><ent r="4" t="4" w="176" /></phr></stem><stem n="(desktopdatabase);"><phr n="(desktopDatabase);"><ent r="4" t="3" w="232" /><ent r="4" t="4" w="107" /></phr></stem><stem n="mobilereplicationprovid"><phr n="mobileReplicationProvider"><ent r="4" t="3" w="233" /><ent r="4" t="3" w="244" /><ent r="4" t="3" w="313" /><ent r="4" t="3" w="334" /><ent r="4" t="4" w="108" /><ent r="4" t="4" w="119" /><ent r="4" t="4" w="168" /><ent r="4" t="4" w="189" /><ent r="4" t="6" w="77" /><ent r="4" t="8" w="301" /><ent r="4" t="9" w="282" /><ent r="4" t="9" w="541" /></phr></stem><stem n="(mobiledatabase);"><phr n="(mobileDatabase);"><ent r="4" t="3" w="239" /><ent r="4" t="4" w="114" /></phr></stem><stem n="ireplicationsess"><phr n="IReplicationSession"><ent r="4" t="3" w="239" /><ent r="4" t="3" w="330" /><ent r="4" t="4" w="114" /><ent r="4" t="4" w="185" /><ent r="4" t="6" w="72" /><ent r="4" t="6" w="104" /><ent r="4" t="8" w="250" /><ent r="4" t="8" w="297" /><ent r="4" t="9" w="237" /><ent r="4" t="9" w="278" /><ent r="4" t="9" w="496" /><ent r="4" t="9" w="537" /><ent r="4" t="10" w="348" /><ent r="4" t="10" w="411" /></phr></stem><stem n="replicationsess"><phr n="replicationSession"><ent r="4" t="3" w="240" /><ent r="4" t="3" w="259" /><ent r="4" t="3" w="261" /><ent r="4" t="3" w="263" /><ent r="4" t="3" w="326" /><ent r="4" t="3" w="349" /><ent r="4" t="3" w="351" /><ent r="4" t="3" w="353" /><ent r="4" t="3" w="414" /><ent r="4" t="3" w="428" /><ent r="4" t="3" w="431" /><ent r="4" t="3" w="453" /><ent r="4" t="3" w="470" /><ent r="4" t="3" w="476" /><ent r="4" t="4" w="115" /><ent r="4" t="4" w="181" /><ent r="4" t="4" w="248" /><ent r="4" t="4" w="253" /><ent r="4" t="4" w="277" /><ent r="4" t="4" w="291" /><ent r="4" t="4" w="294" /><ent r="4" t="4" w="325" /><ent r="4" t="4" w="336" /><ent r="4" t="4" w="363" /><ent r="4" t="4" w="382" /><ent r="4" t="4" w="388" /><ent r="4" t="5" w="96" /><ent r="4" t="5" w="114" /><ent r="4" t="5" w="117" /><ent r="4" t="5" w="140" /><ent r="4" t="5" w="161" /><ent r="4" t="5" w="167" /><ent r="4" t="5" w="220" /><ent r="4" t="5" w="252" /><ent r="4" t="5" w="255" /><ent r="4" t="5" w="279" /><ent r="4" t="5" w="323" /><ent r="4" t="5" w="337" /><ent r="4" t="5" w="411" /><ent r="4" t="5" w="414" /><ent r="4" t="5" w="470" /><ent r="4" t="5" w="476" /><ent r="4" t="6" w="73" /><ent r="4" t="6" w="78" /><ent r="4" t="6" w="84" /><ent r="4" t="6" w="100" /><ent r="4" t="6" w="109" /><ent r="4" t="6" w="115" /><ent r="4" t="8" w="251" /><ent r="4" t="8" w="293" /><ent r="4" t="9" w="238" /><ent r="4" t="9" w="274" /><ent r="4" t="9" w="497" /><ent r="4" t="9" w="533" /><ent r="4" t="10" w="349" /><ent r="4" t="10" w="386" /><ent r="4" t="10" w="389" /><ent r="4" t="10" w="407" /><ent r="4" t="10" w="478" /><ent r="4" t="10" w="484" /></phr></stem><stem n="replication.begin"><phr n="Replication.Begin"><ent r="4" t="3" w="242" /><ent r="4" t="3" w="241" /><ent r="4" t="3" w="332" /><ent r="4" t="3" w="331" /><ent r="4" t="4" w="117" /><ent r="4" t="4" w="116" /><ent r="4" t="4" w="187" /><ent r="4" t="4" w="186" /><ent r="4" t="6" w="75" /><ent r="4" t="6" w="74" /><ent r="4" t="6" w="106" /><ent r="4" t="6" w="105" /><ent r="4" t="8" w="253" /><ent r="4" t="8" w="252" /><ent r="4" t="8" w="299" /><ent r="4" t="8" w="298" /><ent r="4" t="9" w="240" /><ent r="4" t="9" w="239" /><ent r="4" t="9" w="280" /><ent r="4" t="9" w="279" /><ent r="4" t="9" w="499" /><ent r="4" t="9" w="498" /><ent r="4" t="9" w="539" /><ent r="4" t="9" w="538" /><ent r="4" t="10" w="351" /><ent r="4" t="10" w="350" /><ent r="4" t="10" w="413" /><ent r="4" t="10" w="412" /></phr></stem><stem n="begin"><phr n="Begin"><ent r="4" t="3" w="242" /><ent r="4" t="3" w="332" /><ent r="4" t="4" w="117" /><ent r="4" t="4" w="187" /><ent r="4" t="6" w="75" /><ent r="4" t="6" w="106" /><ent r="4" t="8" w="253" /><ent r="4" t="8" w="299" /><ent r="4" t="9" w="240" /><ent r="4" t="9" w="280" /><ent r="4" t="9" w="499" /><ent r="4" t="9" w="539" /><ent r="4" t="10" w="351" /><ent r="4" t="10" w="413" /></phr></stem><stem n=".begin(dektopreplicationprovider,"><phr n=".Begin(dektopReplicationProvider,"><ent r="4" t="3" w="244" /><ent r="4" t="3" w="334" /><ent r="4" t="4" w="119" /><ent r="4" t="4" w="189" /><ent r="4" t="6" w="77" /><ent r="4" t="8" w="301" /><ent r="4" t="9" w="282" /><ent r="4" t="9" w="541" /></phr></stem><stem n=");"><phr n=");"><ent r="4" t="3" w="245" /><ent r="4" t="4" w="120" /><ent r="4" t="5" w="402" /><ent r="4" t="6" w="78" /><ent r="4" t="10" w="354" /><ent r="4" t="10" w="386" /></phr></stem><stem n="//"><phr n="//"><ent r="5" t="3" w="246" /><ent r="5" t="4" w="236" /><ent r="5" t="4" w="257" /></phr></stem><stem n="-direct"><phr n="-direction"><ent r="5" t="3" w="248" /><ent r="5" t="3" w="248" /><ent r="5" t="3" w="338" /><ent r="5" t="3" w="338" /></phr></stem><stem n="replication-direct"><phr n="replication-direction"><ent r="5" t="3" w="248" /><ent r="5" t="3" w="338" /></phr></stem><stem n="replicationsession.setdirect"><phr n="replicationSession.SetDirection"><ent r="4" t="3" w="260" /><ent r="4" t="3" w="259" /><ent r="4" t="3" w="350" /><ent r="4" t="3" w="349" /></phr></stem><stem n="setdirect"><phr n="SetDirection"><ent r="4" t="3" w="260" /><ent r="4" t="3" w="350" /></phr></stem><stem n="replicationsession.providera"><phr n="replicationSession.ProviderA"><ent r="4" t="3" w="262" /><ent r="4" t="3" w="261" /><ent r="4" t="3" w="352" /><ent r="4" t="3" w="351" /><ent r="4" t="3" w="415" /><ent r="4" t="3" w="414" /><ent r="4" t="3" w="454" /><ent r="4" t="3" w="453" /><ent r="4" t="4" w="249" /><ent r="4" t="4" w="248" /><ent r="4" t="4" w="326" /><ent r="4" t="4" w="325" /><ent r="4" t="5" w="97" /><ent r="4" t="5" w="96" /><ent r="4" t="5" w="141" /><ent r="4" t="5" w="140" /><ent r="4" t="5" w="221" /><ent r="4" t="5" w="220" /><ent r="4" t="5" w="280" /><ent r="4" t="5" w="279" /></phr></stem><stem n="providera"><phr n="ProviderA"><ent r="4" t="3" w="262" /><ent r="4" t="3" w="352" /><ent r="4" t="3" w="415" /><ent r="4" t="3" w="454" /><ent r="4" t="4" w="249" /><ent r="4" t="4" w="326" /><ent r="4" t="5" w="97" /><ent r="4" t="5" w="141" /><ent r="4" t="5" w="221" /><ent r="4" t="5" w="280" /></phr></stem><stem n=".setdirection(replicationsession.providera(),"><phr n=".SetDirection(replicationSession.ProviderA(),"><ent r="4" t="3" w="263" /><ent r="4" t="3" w="353" /></phr></stem><stem n="replicationsession.providerb"><phr n="replicationSession.ProviderB"><ent r="4" t="3" w="264" /><ent r="4" t="3" w="263" /><ent r="4" t="3" w="354" /><ent r="4" t="3" w="353" /><ent r="4" t="4" w="254" /><ent r="4" t="4" w="253" /><ent r="4" t="4" w="337" /><ent r="4" t="4" w="336" /></phr></stem><stem n="providerb"><phr n="ProviderB"><ent r="4" t="3" w="264" /><ent r="4" t="3" w="354" /><ent r="4" t="4" w="254" /><ent r="4" t="4" w="337" /></phr></stem><stem n=".providerb());"><phr n=".ProviderB());"><ent r="4" t="3" w="265" /></phr></stem><stem n="dim"><phr n="Dim"><ent r="5" t="3" w="278" /><ent r="5" t="3" w="288" /><ent r="5" t="3" w="298" /><ent r="5" t="3" w="311" /><ent r="5" t="3" w="324" /><ent r="5" t="3" w="446" /><ent r="5" t="4" w="133" /><ent r="5" t="4" w="143" /><ent r="5" t="4" w="153" /><ent r="5" t="4" w="166" /><ent r="5" t="4" w="179" /><ent r="5" t="4" w="318" /><ent r="5" t="4" w="329" /><ent r="5" t="5" w="133" /><ent r="5" t="5" w="272" /><ent r="5" t="5" w="431" /><ent r="5" t="6" w="98" /><ent r="5" t="8" w="165" /><ent r="5" t="8" w="279" /><ent r="5" t="8" w="291" /><ent r="5" t="9" w="200" /><ent r="5" t="9" w="260" /><ent r="5" t="9" w="272" /><ent r="5" t="9" w="426" /><ent r="5" t="9" w="436" /><ent r="5" t="9" w="519" /><ent r="5" t="9" w="531" /><ent r="5" t="10" w="218" /><ent r="5" t="10" w="405" /><ent r="5" t="10" w="417" /><ent r="5" t="10" w="445" /></phr></stem><stem n="(desktopdatabasename)"><phr n="(DesktopDatabaseName)"><ent r="4" t="3" w="287" /><ent r="4" t="4" w="142" /></phr></stem><stem n="(mobiledatabasename)"><phr n="(MobileDatabaseName)"><ent r="4" t="3" w="297" /><ent r="4" t="4" w="152" /></phr></stem><stem n="_"><phr n="_"><ent r="4" t="3" w="305" /><ent r="4" t="3" w="318" /><ent r="4" t="3" w="331" /><ent r="4" t="4" w="160" /><ent r="4" t="4" w="173" /><ent r="4" t="4" w="186" /><ent r="4" t="4" w="325" /><ent r="4" t="4" w="336" /><ent r="4" t="5" w="140" /><ent r="4" t="5" w="279" /><ent r="4" t="5" w="440" /><ent r="4" t="6" w="105" /><ent r="4" t="8" w="159" /><ent r="4" t="8" w="193" /><ent r="4" t="8" w="218" /><ent r="4" t="8" w="298" /><ent r="4" t="9" w="187" /><ent r="4" t="9" w="279" /><ent r="4" t="9" w="413" /><ent r="4" t="9" w="526" /><ent r="4" t="9" w="538" /><ent r="4" t="10" w="412" /><ent r="4" t="10" w="454" /></phr></stem><stem n="(desktopdatabase)"><phr n="(desktopDatabase)"><ent r="4" t="3" w="310" /><ent r="4" t="4" w="165" /></phr></stem><stem n="(mobiledatabase)"><phr n="(mobileDatabase)"><ent r="4" t="3" w="323" /><ent r="4" t="4" w="178" /></phr></stem><stem n=")"><phr n=")"><ent r="4" t="3" w="335" /><ent r="4" t="3" w="428" /><ent r="4" t="4" w="190" /><ent r="4" t="4" w="277" /><ent r="4" t="4" w="291" /><ent r="4" t="5" w="114" /><ent r="4" t="5" w="234" /><ent r="4" t="5" w="242" /><ent r="4" t="5" w="320" /><ent r="4" t="5" w="393" /><ent r="4" t="5" w="411" /><ent r="4" t="5" w="440" /><ent r="4" t="5" w="450" /><ent r="4" t="6" w="109" /><ent r="4" t="8" w="78" /><ent r="4" t="8" w="159" /><ent r="4" t="8" w="303" /><ent r="4" t="9" w="139" /><ent r="4" t="9" w="187" /><ent r="4" t="9" w="284" /><ent r="4" t="9" w="345" /><ent r="4" t="9" w="413" /><ent r="4" t="9" w="543" /><ent r="4" t="10" w="192" /><ent r="4" t="10" w="229" /><ent r="4" t="10" w="367" /><ent r="4" t="10" w="416" /><ent r="4" t="10" w="426" /><ent r="4" t="10" w="473" /></phr></stem><stem n="'"><phr n="'"><ent r="5" t="3" w="336" /><ent r="5" t="4" w="308" /><ent r="5" t="4" w="340" /></phr></stem><stem n=".providerb())"><phr n=".ProviderB())"><ent r="4" t="3" w="355" /></phr></stem><stem n="now"><phr n="Now"><ent r="3" t="3" w="368" /></phr></stem><stem n="request"><phr n="request"><ent r="3" t="3" w="376" /><ent r="3" t="5" w="511" /></phr></stem><stem n="return"><phr n="return"><ent r="3" t="3" w="387" /><ent r="3" t="5" w="85" /><ent r="5" t="5" w="394" /></phr><phr n="returned"><ent r="3" t="3" w="404" /></phr><phr n="returns"><ent r="3" t="4" w="215" /></phr></stem><stem n="sinc"><phr n="since"><ent r="3" t="3" w="396" /><ent r="3" t="6" w="45" /></phr></stem><stem n="last"><phr n="last"><ent r="3" t="3" w="398" /><ent r="3" t="6" w="46" /></phr></stem><stem n="iter"><phr n="iterate"><ent r="3" t="3" w="401" /><ent r="3" t="4" w="226" /><ent r="5" t="4" w="258" /><ent r="5" t="4" w="341" /></phr></stem><stem n="iobjectset"><phr n="IObjectSet"><ent r="4" t="3" w="412" /><ent r="4" t="3" w="452" /><ent r="4" t="4" w="246" /><ent r="4" t="4" w="251" /><ent r="4" t="4" w="324" /><ent r="4" t="4" w="335" /><ent r="4" t="5" w="94" /><ent r="4" t="5" w="139" /><ent r="4" t="5" w="218" /><ent r="4" t="5" w="278" /><ent r="3" t="5" w="526" /></phr></stem><stem n="objectschangedsincelastrepl"><phr n="ObjectsChangedSinceLastReplication"><ent r="4" t="3" w="416" /><ent r="4" t="3" w="455" /><ent r="4" t="4" w="250" /><ent r="4" t="4" w="255" /><ent r="4" t="4" w="327" /><ent r="4" t="4" w="338" /><ent r="4" t="5" w="98" /><ent r="4" t="5" w="142" /><ent r="4" t="5" w="222" /><ent r="4" t="5" w="281" /></phr></stem><stem n=".providera().objectschangedsincelastreplication();"><phr n=".ProviderA().ObjectsChangedSinceLastReplication();"><ent r="4" t="3" w="417" /><ent r="4" t="4" w="251" /><ent r="4" t="5" w="223" /></phr></stem><stem n="foreach"><phr n="foreach"><ent r="5" t="3" w="418" /><ent r="5" t="4" w="267" /><ent r="5" t="4" w="281" /><ent r="5" t="5" w="104" /><ent r="5" t="5" w="224" /><ent r="5" t="5" w="403" /><ent r="5" t="10" w="182" /><ent r="5" t="10" w="359" /></phr></stem><stem n="("><phr n="("><ent r="4" t="3" w="420" /><ent r="4" t="4" w="269" /><ent r="4" t="4" w="283" /><ent r="4" t="5" w="106" /><ent r="4" t="5" w="226" /><ent r="4" t="8" w="151" /><ent r="4" t="9" w="179" /><ent r="4" t="9" w="405" /><ent r="4" t="10" w="184" /><ent r="4" t="10" w="376" /></phr></stem><stem n="changedobject"><phr n="changedObject"><ent r="4" t="3" w="423" /><ent r="4" t="3" w="430" /><ent r="4" t="3" w="461" /><ent r="4" t="3" w="472" /></phr></stem><stem n="{"><phr n="{"><ent r="4" t="3" w="428" /><ent r="4" t="4" w="277" /><ent r="4" t="4" w="291" /><ent r="4" t="5" w="114" /><ent r="4" t="5" w="234" /><ent r="4" t="5" w="242" /><ent r="4" t="5" w="252" /><ent r="4" t="5" w="393" /><ent r="4" t="5" w="411" /><ent r="4" t="8" w="70" /><ent r="4" t="8" w="78" /><ent r="4" t="8" w="87" /><ent r="4" t="8" w="105" /><ent r="4" t="9" w="131" /><ent r="4" t="9" w="139" /><ent r="4" t="9" w="144" /><ent r="4" t="9" w="337" /><ent r="4" t="9" w="345" /><ent r="4" t="9" w="350" /><ent r="4" t="9" w="366" /><ent r="4" t="9" w="372" /><ent r="4" t="10" w="192" /><ent r="4" t="10" w="367" /><ent r="4" t="10" w="381" /></phr></stem><stem n="replicationsession.repl"><phr n="replicationSession.Replicate"><ent r="4" t="3" w="429" /><ent r="4" t="3" w="428" /><ent r="4" t="3" w="471" /><ent r="4" t="3" w="470" /><ent r="4" t="4" w="278" /><ent r="4" t="4" w="277" /><ent r="4" t="4" w="292" /><ent r="4" t="4" w="291" /><ent r="4" t="4" w="364" /><ent r="4" t="4" w="363" /><ent r="4" t="4" w="383" /><ent r="4" t="4" w="382" /><ent r="4" t="5" w="115" /><ent r="4" t="5" w="114" /><ent r="4" t="5" w="162" /><ent r="4" t="5" w="161" /><ent r="4" t="5" w="253" /><ent r="4" t="5" w="252" /><ent r="4" t="5" w="324" /><ent r="4" t="5" w="323" /><ent r="4" t="5" w="412" /><ent r="4" t="5" w="411" /><ent r="4" t="5" w="471" /><ent r="4" t="5" w="470" /><ent r="4" t="10" w="387" /><ent r="4" t="10" w="386" /><ent r="4" t="10" w="479" /><ent r="4" t="10" w="478" /></phr></stem><stem n=".replicate(changedobject);"><phr n=".Replicate(changedObject);"><ent r="4" t="3" w="431" /></phr></stem><stem n="}"><phr n="}"><ent r="4" t="3" w="431" /><ent r="4" t="4" w="280" /><ent r="4" t="4" w="294" /><ent r="4" t="5" w="117" /><ent r="4" t="5" w="255" /><ent r="4" t="5" w="255" /><ent r="4" t="5" w="255" /><ent r="4" t="5" w="414" /><ent r="4" t="8" w="100" /><ent r="4" t="8" w="118" /><ent r="4" t="8" w="118" /><ent r="4" t="8" w="118" /><ent r="4" t="9" w="151" /><ent r="4" t="9" w="151" /><ent r="4" t="9" w="151" /><ent r="4" t="9" w="369" /><ent r="4" t="9" w="375" /><ent r="4" t="9" w="375" /><ent r="4" t="9" w="375" /><ent r="4" t="9" w="375" /><ent r="4" t="10" w="195" /><ent r="4" t="10" w="386" /><ent r="4" t="10" w="389" /></phr></stem><stem n="replicationsession.commit"><phr n="replicationSession.Commit"><ent r="4" t="3" w="432" /><ent r="4" t="3" w="431" /><ent r="4" t="3" w="477" /><ent r="4" t="3" w="476" /><ent r="4" t="4" w="295" /><ent r="4" t="4" w="294" /><ent r="4" t="4" w="389" /><ent r="4" t="4" w="388" /><ent r="4" t="5" w="118" /><ent r="4" t="5" w="117" /><ent r="4" t="5" w="168" /><ent r="4" t="5" w="167" /><ent r="4" t="5" w="256" /><ent r="4" t="5" w="255" /><ent r="4" t="5" w="338" /><ent r="4" t="5" w="337" /><ent r="4" t="5" w="415" /><ent r="4" t="5" w="414" /><ent r="4" t="5" w="477" /><ent r="4" t="5" w="476" /><ent r="4" t="6" w="85" /><ent r="4" t="6" w="84" /><ent r="4" t="6" w="116" /><ent r="4" t="6" w="115" /><ent r="4" t="10" w="390" /><ent r="4" t="10" w="389" /><ent r="4" t="10" w="485" /><ent r="4" t="10" w="484" /></phr></stem><stem n=".commit();"><phr n=".Commit();"><ent r="4" t="3" w="433" /><ent r="4" t="4" w="296" /><ent r="4" t="5" w="119" /><ent r="4" t="5" w="257" /><ent r="4" t="5" w="416" /><ent r="4" t="6" w="86" /><ent r="4" t="10" w="197" /><ent r="4" t="10" w="391" /></phr></stem><stem n=".providera().objectschangedsincelastreplication()"><phr n=".ProviderA().ObjectsChangedSinceLastReplication()"><ent r="4" t="3" w="456" /><ent r="4" t="4" w="328" /><ent r="4" t="5" w="282" /></phr></stem><stem n=".replicate(changedobject)"><phr n=".Replicate(changedObject)"><ent r="4" t="3" w="473" /></phr></stem><stem n="next"><phr n="Next"><ent r="5" t="3" w="474" /><ent r="5" t="4" w="367" /><ent r="5" t="4" w="386" /><ent r="5" t="5" w="165" /><ent r="5" t="5" w="335" /><ent r="5" t="5" w="474" /><ent r="5" t="10" w="253" /><ent r="5" t="10" w="482" /></phr><phr n="next"><ent r="3" t="10" w="122" /></phr></stem><stem n=".commit()"><phr n=".Commit()"><ent r="4" t="3" w="478" /><ent r="4" t="4" w="390" /><ent r="4" t="5" w="169" /><ent r="4" t="5" w="339" /><ent r="4" t="5" w="478" /><ent r="4" t="6" w="117" /><ent r="4" t="10" w="257" /><ent r="4" t="10" w="486" /></phr></stem><stem n="complet"><phr n="complete"><ent r="3" t="3" w="492" /></phr></stem><stem n="call"><phr n="call"><ent r="3" t="3" w="495" /><ent r="3" t="3" w="534" /></phr><phr n="called"><ent r="3" t="8" w="58" /></phr></stem><stem n="finish"><phr n="finishes"><ent r="3" t="3" w="510" /></phr></stem><stem n="run"><phr n="running"><ent r="3" t="3" w="512" /></phr></stem><stem n="transact"><phr n="transactions"><ent r="3" t="3" w="513" /></phr></stem><stem n="mark"><phr n="marks"><ent r="3" t="3" w="516" /></phr></stem><stem n="futur"><phr n="future"><ent r="3" t="3" w="524" /></phr></stem><stem n="without"><phr n="Without"><ent r="3" t="3" w="531" /></phr></stem><stem n="-chang"><phr n="-changes"><ent r="3" t="3" w="536" /><ent r="3" t="3" w="536" /></phr></stem><stem n="replication-chang"><phr n="replication-changes"><ent r="3" t="3" w="536" /></phr></stem><stem n="discard"><phr n="discarded"><ent r="3" t="3" w="540" /></phr></stem><stem n="!"><phr n="!"><ent r="3" t="3" w="541" /></phr></stem><stem n=":bidirect"><phr n=":Bidirectional"><ent r="100" t="4" w="5" /><ent r="100" t="4" w="9" /></phr></stem><stem n="'s"><phr n="'s"><ent r="3" t="4" w="15" /><ent r="3" t="5" w="360" /><ent r="3" t="9" w="311" /><ent r="3" t="10" w="287" /></phr></stem><stem n="it'"><phr n="It's"><ent r="3" t="4" w="15" /><ent r="3" t="4" w="14" /><ent r="3" t="5" w="360" /><ent r="3" t="5" w="359" /><ent r="3" t="10" w="287" /><ent r="3" t="10" w="286" /></phr></stem><stem n="s"><phr n="s"><ent r="3" t="4" w="15" /><ent r="3" t="5" w="360" /><ent r="3" t="9" w="311" /><ent r="3" t="10" w="287" /></phr></stem><stem n="quit"><phr n="quite"><ent r="3" t="4" w="16" /></phr></stem><stem n="often"><phr n="often"><ent r="3" t="4" w="17" /></phr><phr n="Often"><ent r="3" t="8" w="11" /></phr></stem><stem n="case"><phr n="case"><ent r="3" t="4" w="19" /><ent r="3" t="5" w="45" /><ent r="3" t="5" w="376" /></phr><phr n="cases"><ent r="3" t="5" w="191" /></phr></stem><stem n="data"><phr n="data"><ent r="3" t="4" w="38" /></phr></stem><stem n="pc"><phr n="PC"><ent r="3" t="4" w="44" /></phr></stem><stem n="'ve"><phr n="'ve"><ent r="3" t="4" w="64" /></phr></stem><stem n="you'v"><phr n="you've"><ent r="3" t="4" w="64" /><ent r="3" t="4" w="63" /></phr></stem><stem n="ve"><phr n="ve"><ent r="3" t="4" w="64" /></phr></stem><stem n="properli"><phr n="properly"><ent r="3" t="4" w="69" /><ent r="3" t="9" w="63" /></phr></stem><stem n="note"><phr n="Note"><ent r="3" t="4" w="84" /><ent r="3" t="5" w="546" /><ent r="3" t="6" w="177" /><ent r="3" t="9" w="321" /></phr></stem><stem n="object-set"><phr n="object-set"><ent r="3" t="4" w="223" /></phr><phr n="object-sets"><ent r="3" t="4" w="229" /></phr></stem><stem n="-set."><phr n="-set."><ent r="3" t="4" w="225" /><ent r="3" t="4" w="225" /></phr></stem><stem n="-set"><phr n="-sets"><ent r="3" t="4" w="229" /><ent r="3" t="4" w="229" /><ent r="5" t="4" w="261" /><ent r="5" t="4" w="261" /><ent r="5" t="4" w="344" /><ent r="5" t="4" w="344" /></phr><phr n="-set"><ent r="3" t="5" w="78" /><ent r="3" t="5" w="78" /></phr></stem><stem n="-partner"><phr n="-partners"><ent r="5" t="4" w="243" /><ent r="5" t="4" w="243" /><ent r="5" t="4" w="315" /><ent r="5" t="4" w="315" /></phr></stem><stem n="replication-partn"><phr n="replication-partners"><ent r="5" t="4" w="243" /><ent r="5" t="4" w="315" /></phr></stem><stem n="changesondesktop"><phr n="changesOnDesktop"><ent r="4" t="4" w="247" /><ent r="4" t="4" w="276" /><ent r="4" t="4" w="320" /><ent r="4" t="4" w="362" /><ent r="4" t="5" w="95" /><ent r="4" t="5" w="113" /><ent r="4" t="5" w="135" /><ent r="4" t="5" w="160" /><ent r="4" t="5" w="219" /><ent r="4" t="5" w="233" /><ent r="4" t="5" w="274" /><ent r="4" t="5" w="295" /><ent r="4" t="5" w="385" /><ent r="4" t="5" w="410" /><ent r="4" t="5" w="433" /><ent r="4" t="5" w="469" /></phr></stem></index>