﻿<?xml version="1.0" encoding="utf-8"?><CatapultTargetIndex><IndexEntry><Entries><IndexEntry Term="Source-Code"><Entries><IndexEntry Term="Code from the Distribution"><Entries /><Links><IndexLink Title="Using The Sources From db4o Distribution" Link="/Content/community/working_with_source/using_the_sources_from_db4o_distribution.htm#kanchor131" UsedConditions="" /></Links></IndexEntry></Entries><Links /></IndexEntry><IndexEntry Term="Source Code"><Entries /><Links><IndexLink Title="Working With Source Code" Link="/Content/community/working_with_source_code.htm#kanchor129" UsedConditions="" /><IndexLink Title="License" Link="/Content/license.htm#kanchor133" UsedConditions="" /></Links></IndexEntry><IndexEntry Term="SSL"><Entries /><Links><IndexLink Title="Using SSL For Client-Server Communication" Link="/Content/client-server/pluggable_sockets/using_ssl_for_client-server_communication.htm#kanchor104" UsedConditions="" /></Links></IndexEntry><IndexEntry Term="Storage"><Entries><IndexEntry Term="Memory"><Entries /><Links><IndexLink Title="Memory Storage" Link="/Content/configuration/file/storage/memory_storage.htm#kanchor84" UsedConditions="" /></Links></IndexEntry></Entries><Links><IndexLink Title="Storage" Link="/Content/configuration/file/storage.htm#kanchor83" UsedConditions="" /></Links></IndexEntry><IndexEntry Term="Storing Objects"><Entries /><Links><IndexLink Title="The Basic Operations" Link="/Content/basics/object_container.htm#kanchor5" UsedConditions="" /></Links></IndexEntry><IndexEntry Term="System Info"><Entries /><Links><IndexLink Title="System Info" Link="/Content/advanced_topics/system_info.htm#kanchor45" UsedConditions="" /></Links></IndexEntry><IndexEntry Term="TA"><Entries /><Links><IndexLink Title="Transparent Activation/Persistence" Link="/Content/basics/transparent_persistence.htm#kanchor32" UsedConditions="" /></Links></IndexEntry><IndexEntry Term="Timestamps"><Entries /><Links><IndexLink Title="Generate Commit Timestamps" Link="/Content/configuration/file/generate_timestamps.htm#kanchor82" UsedConditions="" /></Links></IndexEntry><IndexEntry Term="TP"><Entries /><Links><IndexLink Title="Transparent Activation/Persistence" Link="/Content/basics/transparent_persistence.htm#kanchor32" UsedConditions="" /></Links></IndexEntry><IndexEntry Term="Transactions"><Entries><IndexEntry Term="Multiple Transactions"><Entries /><Links><IndexLink Title="Session Containers" Link="/Content/advanced_topics/session_containers.htm#kanchor39" UsedConditions="" /></Links></IndexEntry></Entries><Links><IndexLink Title="db4o Transactions" Link="/Content/basics/acid_and_transactions/db4o_tx_basics.htm#kanchor22" UsedConditions="" /></Links></IndexEntry><IndexEntry Term="Translators"><Entries /><Links><IndexLink Title="Translators" Link="/Content/advanced_topics/type_handling/translators.htm#kanchor59" UsedConditions="" /></Links></IndexEntry><IndexEntry Term="Transparent Activation"><Entries><IndexEntry Term="Collections"><Entries /><Links><IndexLink Title="Collections" Link="/Content/basics/transparentpersistence/Collections.htm#kanchor34" UsedConditions="" /></Links></IndexEntry></Entries><Links><IndexLink Title="Transparent Activation/Persistence" Link="/Content/basics/transparent_persistence.htm#kanchor32" UsedConditions="" /></Links></IndexEntry><IndexEntry Term="Transparent Persistence"><Entries><IndexEntry Term="Collections"><Entries /><Links><IndexLink Title="Collections" Link="/Content/basics/transparentpersistence/Collections.htm#kanchor34" UsedConditions="" /></Links></IndexEntry></Entries><Links><IndexLink Title="Transparent Activation/Persistence" Link="/Content/basics/transparent_persistence.htm#kanchor32" UsedConditions="" /></Links></IndexEntry><IndexEntry Term="Triggers"><Entries /><Links><IndexLink Title="Callbacks" Link="/Content/advanced_topics/callbacks.htm#kanchor51" UsedConditions="" /></Links></IndexEntry><IndexEntry Term="Troubleshooting"><Entries /><Links><IndexLink Title="Troubleshooting" Link="/Content/trouble_shooting.htm#kanchor123" UsedConditions="" /></Links></IndexEntry><IndexEntry Term="Type Handling"><Entries><IndexEntry Term="Collectins"><Entries /><Links><IndexLink Title="Collections" Link="/Content/advanced_topics/type_handling/collections.htm#kanchor56" UsedConditions="" /></Links></IndexEntry></Entries><Links><IndexLink Title="Type Handling" Link="/Content/advanced_topics/type_handling.htm#kanchor55" UsedConditions="" /></Links></IndexEntry><IndexEntry Term="TypeHandlers"><Entries /><Links><IndexLink Title="TypeHandlers" Link="/Content/advanced_topics/type_handling/typehandlers.htm#kanchor60" UsedConditions="" /></Links></IndexEntry><IndexEntry Term="Unique Constraints"><Entries /><Links><IndexLink Title="Unique Constraints" Link="/Content/advanced_topics/unique_constraints.htm#kanchor41" UsedConditions="" /></Links></IndexEntry><IndexEntry Term="Unit Of Work"><Entries /><Links><IndexLink Title="Session Containers" Link="/Content/advanced_topics/session_containers.htm#kanchor39" UsedConditions="" /></Links></IndexEntry><IndexEntry Term="Update Concept"><Entries /><Links><IndexLink Title="Update Concept" Link="/Content/basics/update_concept.htm#kanchor30" UsedConditions="" /></Links></IndexEntry><IndexEntry Term="Upgrade db4o Version"><Entries /><Links><IndexLink Title="Upgrade db4o Version" Link="/Content/best_practises/updating_db4o_version.htm#kanchor109" UsedConditions="" /></Links></IndexEntry><IndexEntry Term="UUIDs"><Entries /><Links><IndexLink Title="IDs and UUIDs" Link="/Content/advanced_topics/ids_and_uuids.htm#kanchor43" UsedConditions="" /></Links></IndexEntry><IndexEntry Term="Validation"><Entries /><Links><IndexLink Title="Validation" Link="/Content/platform_specific_issues/validation.htm#kanchor117" UsedConditions="" /></Links></IndexEntry><IndexEntry Term="WCF Data Service"><Entries /><Links><IndexLink Title="WCF Data Services (aka ADO.NET Data Services)" Link="/Content/platform_specific_issues/wcf_data_services.htm#kanchor119" UsedConditions="" /></Links></IndexEntry><IndexEntry Term="Web"><Entries><IndexEntry Term="ASP.NET"><Entries /><Links><IndexLink Title="Web Environment" Link="/Content/platform_specific_issues/web_environment.htm#kanchor114" UsedConditions="" /></Links></IndexEntry><IndexEntry Term="Disconnected Objects"><Entries /><Links><IndexLink Title="Disconnected Objects" Link="/Content/platform_specific_issues/disconnected_objects.htm#kanchor111" UsedConditions="" /></Links></IndexEntry><IndexEntry Term="Request Isolation"><Entries /><Links><IndexLink Title="Isolation in Web-Applications" Link="/Content/platform_specific_issues/web/web_isolation.htm#kanchor115" UsedConditions="" /></Links></IndexEntry></Entries><Links><IndexLink Title="Web Environment" Link="/Content/platform_specific_issues/web_environment.htm#kanchor113" UsedConditions="" /></Links></IndexEntry></Entries></IndexEntry></CatapultTargetIndex>