﻿<?xml version="1.0" encoding="utf-8"?><CatapultTargetIndex Count="171" Char_65="0" Char_66="8" Char_67="12" Char_68="41" Char_69="46" Char_71="54" Char_73="55" Char_76="63" Char_77="68" Char_78="72" Char_79="77" Char_80="83" Char_81="95" Char_82="100" Char_83="116" Char_84="145" Char_85="160" Char_86="165" Char_87="166"><Chunks><Chunk FirstTerm="ACID Properties" Link="Index_Chunk1.xml" Start="0" Count="137" /><Chunk FirstTerm="Source-Code" Link="Index_Chunk2.xml" Start="137" Count="34" /></Chunks><IndexEntry><Entries></Entries><Links /></IndexEntry></CatapultTargetIndex>