﻿<?xml version="1.0" encoding="utf-8"?><CatapultTargetIndex><IndexEntry><Entries><IndexEntry Term="ACID Properties"><Entries /><Links><IndexLink Title="ACID Properties and Transactions" Link="/Content/basics/acid_and_transactions.htm#kanchor21" UsedConditions="" /></Links></IndexEntry><IndexEntry Term="Activation"><Entries><IndexEntry Term="Deactivate"><Entries /><Links><IndexLink Title="Activation In Action" Link="/Content/basics/activation_concept/hitting_activation_depth_wall.htm#kanchor28" UsedConditions="" /></Links></IndexEntry><IndexEntry Term="Transparent Activation"><Entries /><Links><IndexLink Title="Transparent Activation" Link="/Content/basics/activation_concept/transparent_activation_framework.htm#kanchor29" UsedConditions="" /></Links></IndexEntry></Entries><Links><IndexLink Title="Activation Concept" Link="/Content/basics/activation.htm#kanchor27" UsedConditions="" /></Links></IndexEntry><IndexEntry Term="ADO.NET Data Service"><Entries /><Links><IndexLink Title="WCF Data Services (aka ADO.NET Data Services)" Link="/Content/platform_specific_issues/wcf_data_services.htm#kanchor119" UsedConditions="" /></Links></IndexEntry><IndexEntry Term="ASP.NET"><Entries /><Links><IndexLink Title="Web Environment" Link="/Content/platform_specific_issues/web_environment.htm#kanchor114" UsedConditions="" /></Links></IndexEntry><IndexEntry Term="Auto Properties"><Entries /><Links><IndexLink Title="Automatic Properties" Link="/Content/platform_specific_issues/automatic_properties.htm#kanchor118" UsedConditions="" /></Links></IndexEntry><IndexEntry Term="Autoincrement"><Entries /><Links><IndexLink Title="Autoincrement" Link="/Content/advanced_topics/callbacks/possible_usecases/autoincrement.htm#kanchor54" UsedConditions="" /></Links></IndexEntry><IndexEntry Term="Backup"><Entries /><Links><IndexLink Title="Backup" Link="/Content/advanced_topics/backup.htm#kanchor42" UsedConditions="" /></Links></IndexEntry><IndexEntry Term="Batch Mode"><Entries /><Links><IndexLink Title="Batch Mode" Link="/Content/configuration/networking/batch_mode.htm#kanchor92" UsedConditions="" /></Links></IndexEntry><IndexEntry Term="Best Practices"><Entries /><Links><IndexLink Title="Best Practices" Link="/Content/best_practises.htm#kanchor106" UsedConditions="" /></Links></IndexEntry><IndexEntry Term="Bugs"><Entries /><Links><IndexLink Title="Report Bugs" Link="/Content/community/report_bugs.htm#kanchor128" UsedConditions="" /></Links></IndexEntry><IndexEntry Term="Cache"><Entries><IndexEntry Term="Reference Cache"><Entries /><Links><IndexLink Title="The Reference Cache" Link="/Content/basics/indentity_concept/reference_cache.htm#kanchor26" UsedConditions="" /></Links></IndexEntry><IndexEntry Term="Storage Cache"><Entries /><Links><IndexLink Title="CachingStorage" Link="/Content/configuration/file/storage/cachingstorage.htm#kanchor85" UsedConditions="" /></Links></IndexEntry></Entries><Links /></IndexEntry><IndexEntry Term="Callbacks"><Entries /><Links><IndexLink Title="Callbacks" Link="/Content/advanced_topics/callbacks.htm#kanchor51" UsedConditions="" /><IndexLink Title="Object Callbacks" Link="/Content/advanced_topics/callbacks/object_callbacks.htm#kanchor52" UsedConditions="" /></Links></IndexEntry><IndexEntry Term="Cascade Behavior"><Entries><IndexEntry Term="Cascade Activation"><Entries /><Links><IndexLink Title="Class Specific Configuration" Link="/Content/configuration/objectclass_configuration.htm#kanchor94" UsedConditions="" /></Links></IndexEntry><IndexEntry Term="Cascade Delete"><Entries /><Links><IndexLink Title="Class Specific Configuration" Link="/Content/configuration/objectclass_configuration.htm#kanchor94" UsedConditions="" /></Links></IndexEntry><IndexEntry Term="Cascade Update"><Entries /><Links><IndexLink Title="Class Specific Configuration" Link="/Content/configuration/objectclass_configuration.htm#kanchor94" UsedConditions="" /></Links></IndexEntry></Entries><Links><IndexLink Title="Class Specific Configuration" Link="/Content/configuration/objectclass_configuration.htm#kanchor94" UsedConditions="" /></Links></IndexEntry><IndexEntry Term="Classloader"><Entries /><Links><IndexLink Title="Changing The Reflector" Link="/Content/configuration/common/reflector.htm#kanchor79" UsedConditions="" /></Links></IndexEntry><IndexEntry Term="Client-Server"><Entries /><Links><IndexLink Title="Client-Server" Link="/Content/client-server.htm#kanchor97" UsedConditions="" /></Links></IndexEntry><IndexEntry Term="Collections"><Entries /><Links><IndexLink Title="Collections" Link="/Content/advanced_topics/type_handling/collections.htm#kanchor56" UsedConditions="" /></Links></IndexEntry><IndexEntry Term="Communication"><Entries /><Links><IndexLink Title="Pluggable Sockets" Link="/Content/configuration/networking/pluggable_sockets.htm#kanchor93" UsedConditions="" /><IndexLink Title="Client-Server Timeouts" Link="/Content/client-server/client-server_timeouts.htm#kanchor105" UsedConditions="" /></Links></IndexEntry><IndexEntry Term="Community"><Entries /><Links><IndexLink Title="Community" Link="/Content/community.htm#kanchor127" UsedConditions="" /></Links></IndexEntry><IndexEntry Term="Concurrency"><Entries><IndexEntry Term="Share Container"><Entries /><Links><IndexLink Title="Sharing an Object Container Across Threads" Link="/Content/advanced_topics/concurrency/share_object_container_threads.htm#kanchor47" UsedConditions="" /></Links></IndexEntry></Entries><Links><IndexLink Title="Concurrency and db4o" Link="/Content/advanced_topics/concurrency.htm#kanchor46" UsedConditions="" /><IndexLink Title="Concurrency Control" Link="/Content/client-server/concurrency_control.htm#kanchor100" UsedConditions="" /></Links></IndexEntry><IndexEntry Term="Configuration"><Entries><IndexEntry Term="Class Configuration"><Entries /><Links><IndexLink Title="Class Specific Configuration" Link="/Content/configuration/objectclass_configuration.htm#kanchor94" UsedConditions="" /></Links></IndexEntry><IndexEntry Term="Classloader"><Entries /><Links><IndexLink Title="Changing The Reflector" Link="/Content/configuration/common/reflector.htm#kanchor79" UsedConditions="" /></Links></IndexEntry><IndexEntry Term="Client Configuration"><Entries /><Links><IndexLink Title="Client Configuration" Link="/Content/configuration/client_configuration.htm#kanchor87" UsedConditions="" /></Links></IndexEntry><IndexEntry Term="Common Configuration"><Entries /><Links><IndexLink Title="Common Configuration" Link="/Content/configuration/common_configuration.htm#kanchor75" UsedConditions="" /></Links></IndexEntry><IndexEntry Term="Configuration Items"><Entries /><Links><IndexLink Title="Common Configuration Items" Link="/Content/configuration/common/configuration_items.htm#kanchor76" UsedConditions="" /></Links></IndexEntry><IndexEntry Term="Field Configuration"><Entries /><Links><IndexLink Title="Field Specific Configuration" Link="/Content/configuration/objectfield_configuration.htm#kanchor95" UsedConditions="" /></Links></IndexEntry><IndexEntry Term="File Configuration"><Entries /><Links><IndexLink Title="File Configuration" Link="/Content/configuration/file_configuration.htm#kanchor80" UsedConditions="" /></Links></IndexEntry><IndexEntry Term="Freespace"><Entries /><Links><IndexLink Title="Freespace Configuration" Link="/Content/configuration/file/freespace_configuration.htm#kanchor81" UsedConditions="" /></Links></IndexEntry><IndexEntry Term="Network Configuration"><Entries /><Links><IndexLink Title="Networking Configuration" Link="/Content/configuration/network_configuration.htm#kanchor91" UsedConditions="" /></Links></IndexEntry><IndexEntry Term="Server Configuration"><Entries /><Links><IndexLink Title="Server Configuration" Link="/Content/configuration/server_configuration.htm#kanchor96" UsedConditions="" /></Links></IndexEntry></Entries><Links><IndexLink Title="Configuration" Link="/Content/configuration.htm#kanchor74" UsedConditions="" /></Links></IndexEntry><IndexEntry Term="Connection Pooling"><Entries /><Links><IndexLink Title="Client-Container Pooling" Link="/Content/client-server/pooling.htm#kanchor99" UsedConditions="" /></Links></IndexEntry><IndexEntry Term="Constraint"><Entries /><Links><IndexLink Title="Unique Constraints" Link="/Content/advanced_topics/unique_constraints.htm#kanchor40" UsedConditions="" /></Links></IndexEntry><IndexEntry Term="Container Pooling"><Entries /><Links><IndexLink Title="Client-Container Pooling" Link="/Content/client-server/pooling.htm#kanchor99" UsedConditions="" /></Links></IndexEntry><IndexEntry Term="Debug"><Entries /><Links><IndexLink Title="Diagnostics" Link="/Content/advanced_topics/diagnostics.htm#kanchor73" UsedConditions="" /></Links></IndexEntry><IndexEntry Term="Defragment"><Entries><IndexEntry Term="Configuration"><Entries /><Links><IndexLink Title="Defragmentation Configuration" Link="/Content/advanced_topics/defragment/defragmentation_configuration.htm#kanchor49" UsedConditions="" /></Links></IndexEntry></Entries><Links><IndexLink Title="Defragment" Link="/Content/advanced_topics/defragment.htm#kanchor48" UsedConditions="" /></Links></IndexEntry><IndexEntry Term="Deletion Behavior"><Entries /><Links><IndexLink Title="Delete Behavior" Link="/Content/basics/delete_behavior.htm#kanchor36" UsedConditions="" /></Links></IndexEntry><IndexEntry Term="Disconnected Objects"><Entries /><Links><IndexLink Title="Disconnected Objects" Link="/Content/platform_specific_issues/disconnected_objects.htm#kanchor111" UsedConditions="" /></Links></IndexEntry><IndexEntry Term="Embedded"><Entries /><Links><IndexLink Title="db4o Position" Link="/Content/product_philosophy/db4o_position.htm#kanchor2" UsedConditions="" /><IndexLink Title="Embedded Client Server" Link="/Content/client-server/embedded.htm#kanchor98" UsedConditions="" /></Links></IndexEntry><IndexEntry Term="Encryption"><Entries /><Links><IndexLink Title="Using SSL For Client-Server Communication" Link="/Content/client-server/pluggable_sockets/using_ssl_for_client-server_communication.htm#kanchor104" UsedConditions="" /></Links></IndexEntry><IndexEntry Term="Enhancement"><Entries><IndexEntry Term="Example"><Entries /><Links><IndexLink Title="Transparent Persistence Enhancement Example" Link="/Content/basics/transparentpersistence/ta_enhanced_example.htm#kanchor33" UsedConditions="" /></Links></IndexEntry></Entries><Links><IndexLink Title="Enhancement Tools" Link="/Content/advanced_topics/enhancement_tools.htm#kanchor50" UsedConditions="" /></Links></IndexEntry><IndexEntry Term="Enum"><Entries /><Links><IndexLink Title="Static Fields And Enums" Link="/Content/advanced_topics/type_handling/static_fields_and_enums.htm#kanchor57" UsedConditions="" /><IndexLink Title=".NET Enumerations" Link="/Content/advanced_topics/type_handling/static_fields_and_enums/.net_enumerations.htm#kanchor58" UsedConditions="" /></Links></IndexEntry><IndexEntry Term="Events"><Entries /><Links><IndexLink Title="Callbacks" Link="/Content/advanced_topics/callbacks.htm#kanchor51" UsedConditions="" /><IndexLink Title="Event Registry API" Link="/Content/advanced_topics/callbacks/event_registry_api.htm#kanchor53" UsedConditions="" /></Links></IndexEntry><IndexEntry Term="Exception-Handling"><Entries><IndexEntry Term="Exception Types"><Entries /><Links><IndexLink Title="Exception Types" Link="/Content/advanced_topics/exceptions/exception_types.htm#kanchor69" UsedConditions="" /></Links></IndexEntry></Entries><Links><IndexLink Title="Exception-Handling" Link="/Content/advanced_topics/exceptions.htm#kanchor68" UsedConditions="" /></Links></IndexEntry><IndexEntry Term="Getting Started"><Entries /><Links><IndexLink Title="Getting Started" Link="/Content/basics/getting_started.htm#kanchor3" UsedConditions="" /></Links></IndexEntry><IndexEntry Term="Identity"><Entries /><Links><IndexLink Title="Identity Concept" Link="/Content/basics/identity_concept.htm#kanchor25" UsedConditions="" /></Links></IndexEntry><IndexEntry Term="IDs"><Entries /><Links><IndexLink Title="Comparison Of Different IDs" Link="/Content/platform_specific_issues/disconnected_objects/comparison_of_ids.htm#kanchor112" UsedConditions="" /></Links></IndexEntry><IndexEntry Term="In Memory Database"><Entries /><Links><IndexLink Title="Memory Storage" Link="/Content/configuration/file/storage/memory_storage.htm#kanchor84" UsedConditions="" /></Links></IndexEntry><IndexEntry Term="Indexes"><Entries><IndexEntry Term="Limitations"><Entries /><Links><IndexLink Title="Types And Limitations" Link="/Content/basics/indexing/types_and_limitations.htm#kanchor38" UsedConditions="" /></Links></IndexEntry></Entries><Links><IndexLink Title="Indexing" Link="/Content/basics/indexing.htm#kanchor37" UsedConditions="" /></Links></IndexEntry><IndexEntry Term="Internal IDs"><Entries /><Links><IndexLink Title="IDs and UUIDs" Link="/Content/advanced_topics/ids_and_uuids.htm#kanchor43" UsedConditions="" /></Links></IndexEntry><IndexEntry Term="IQueryable"><Entries /><Links><IndexLink Title="LINQ" Link="/Content/basics/querying/linq.htm#kanchor8" UsedConditions="" /></Links></IndexEntry><IndexEntry Term="Isolation"><Entries /><Links><IndexLink Title="Isolation" Link="/Content/basics/acid_and_transactions/isolation.htm#kanchor24" UsedConditions="" /></Links></IndexEntry><IndexEntry Term="Lazy Loading"><Entries /><Links><IndexLink Title="Transparent Activation" Link="/Content/basics/activation_concept/transparent_activation_framework.htm#kanchor29" UsedConditions="" /></Links></IndexEntry><IndexEntry Term="Lazy Queries"><Entries /><Links><IndexLink Title="Lazy Queries" Link="/Content/configuration/common/query_modes/lazy_queries.htm#kanchor77" UsedConditions="" /><IndexLink Title="Snapshot Queries" Link="/Content/configuration/common/query_modes/snapshot_queries.htm#kanchor78" UsedConditions="" /></Links></IndexEntry><IndexEntry Term="License"><Entries /><Links><IndexLink Title="License" Link="/Content/license.htm#kanchor132" UsedConditions="" /></Links></IndexEntry><IndexEntry Term="LINQ"><Entries><IndexEntry Term="Performance"><Entries /><Links><IndexLink Title="LINQ Performance Characteristics " Link="/Content/basics/querying/linq/linq_performance_characteristics.htm#kanchor10" UsedConditions="" /></Links></IndexEntry></Entries><Links><IndexLink Title="LINQ" Link="/Content/basics/querying/linq.htm#kanchor7" UsedConditions="" /></Links></IndexEntry><IndexEntry Term="Messaging"><Entries /><Links><IndexLink Title="Messaging" Link="/Content/client-server/messaging.htm#kanchor103" UsedConditions="" /></Links></IndexEntry><IndexEntry Term="Meta-Information"><Entries /><Links><IndexLink Title="db4o Meta-Information" Link="/Content/advanced_topics/db4o_meta-information.htm#kanchor44" UsedConditions="" /></Links></IndexEntry><IndexEntry Term="Monitoring"><Entries /><Links><IndexLink Title="Runtime Monitoring" Link="/Content/advanced_topics/runtime_statistics.htm#kanchor71" UsedConditions="" /></Links></IndexEntry><IndexEntry Term="Mono"><Entries /><Links><IndexLink Title="db4o On Mono" Link="/Content/platform_specific_issues/db4o_on_mono.htm#kanchor121" UsedConditions="" /></Links></IndexEntry><IndexEntry Term="Native Queries"><Entries><IndexEntry Term="Optimisation"><Entries /><Links><IndexLink Title="Monitoring Optimization" Link="/Content/basics/querying/native_queries/native_query_optimization/monitoring_optimization.htm#kanchor14" UsedConditions="" /></Links></IndexEntry><IndexEntry Term="Optimization"><Entries /><Links><IndexLink Title="Native Query Optimization" Link="/Content/basics/querying/native_queries/native_query_optimization.htm#kanchor13" UsedConditions="" /></Links></IndexEntry></Entries><Links><IndexLink Title="Native Queries" Link="/Content/basics/querying/native_queries.htm#kanchor11" UsedConditions="" /></Links></IndexEntry><IndexEntry Term="Network"><Entries><IndexEntry Term="Messaging"><Entries /><Links><IndexLink Title="Messaging" Link="/Content/client-server/messaging.htm#kanchor102" UsedConditions="" /></Links></IndexEntry></Entries><Links><IndexLink Title="Client-Server" Link="/Content/client-server.htm#kanchor97" UsedConditions="" /></Links></IndexEntry><IndexEntry Term="Object Container"><Entries /><Links><IndexLink Title="The Basic Operations" Link="/Content/basics/object_container.htm#kanchor4" UsedConditions="" /></Links></IndexEntry><IndexEntry Term="Object Manager Enterprise"><Entries><IndexEntry Term="View Collections"><Entries /><Links><IndexLink Title="Viewing Collections" Link="/Content/object_manager_enterprise/ome_for_visual_studio/viewing_collections.htm#kanchor125" UsedConditions="" /></Links></IndexEntry><IndexEntry Term="View Enums"><Entries /><Links><IndexLink Title="Viewing Enum Values In OME" Link="/Content/object_manager_enterprise/ome_for_visual_studio/viewing_enum_values_in_ome.htm#kanchor126" UsedConditions="" /></Links></IndexEntry></Entries><Links /></IndexEntry><IndexEntry Term="Object Translator"><Entries /><Links><IndexLink Title="Translators" Link="/Content/advanced_topics/type_handling/translators.htm#kanchor59" UsedConditions="" /></Links></IndexEntry><IndexEntry Term="OODBMS"><Entries /><Links><IndexLink Title="OODBMS" Link="/Content/product_philosophy/oodbms.htm#kanchor1" UsedConditions="" /></Links></IndexEntry><IndexEntry Term="Paging"><Entries /><Links><IndexLink Title="Paging" Link="/Content/best_practises/paging.htm#kanchor108" UsedConditions="" /></Links></IndexEntry><IndexEntry Term="Performance"><Entries><IndexEntry Term="LINQ-Queries"><Entries /><Links><IndexLink Title="LINQ Performance Characteristics " Link="/Content/basics/querying/linq/linq_performance_characteristics.htm#kanchor10" UsedConditions="" /></Links></IndexEntry><IndexEntry Term="Soda"><Entries /><Links><IndexLink Title="SODA Performance Characteristics" Link="/Content/basics/querying/soda/soda_performance_characteristics.htm#kanchor20" UsedConditions="" /></Links></IndexEntry></Entries><Links /></IndexEntry><IndexEntry Term="Performance-Issues"><Entries /><Links><IndexLink Title="Performance and Scalability Issues" Link="/Content/troubleshoot/speed_issues.html.htm#kanchor124" UsedConditions="" /></Links></IndexEntry><IndexEntry Term="Performance Counters"><Entries /><Links><IndexLink Title="Runtime Monitoring" Link="/Content/advanced_topics/runtime_statistics.htm#kanchor72" UsedConditions="" /></Links></IndexEntry><IndexEntry Term="Persistence"><Entries /><Links><IndexLink Title="Transparent Persistence" Link="/Content/basics/update_concept/transparent_persistence.htm#kanchor31" UsedConditions="" /></Links></IndexEntry><IndexEntry Term="Platform"><Entries /><Links><IndexLink Title="Platform Specific Issues" Link="/Content/platform_specific_issues.htm#kanchor110" UsedConditions="" /></Links></IndexEntry><IndexEntry Term="Prefetching"><Entries><IndexEntry Term="Cache Size"><Entries /><Links><IndexLink Title="Prefetch Slot Cache Size" Link="/Content/configuration/client/prefetch_slot_cache_size.htm#kanchor90" UsedConditions="" /></Links></IndexEntry><IndexEntry Term="Object Count"><Entries /><Links><IndexLink Title="Prefetch Object Count" Link="/Content/configuration/client/prefetch_object_count.htm#kanchor89" UsedConditions="" /></Links></IndexEntry><IndexEntry Term="Prefetch Depth"><Entries /><Links><IndexLink Title="Prefetch Depth" Link="/Content/configuration/client/prefetch_depth.htm#kanchor88" UsedConditions="" /></Links></IndexEntry></Entries><Links /></IndexEntry><IndexEntry Term="Query"><Entries><IndexEntry Term="LINQ"><Entries /><Links><IndexLink Title="LINQ" Link="/Content/basics/querying/linq.htm#kanchor7" UsedConditions="" /></Links></IndexEntry><IndexEntry Term="Native Queries"><Entries /><Links><IndexLink Title="Native Queries" Link="/Content/basics/querying/native_queries.htm#kanchor11" UsedConditions="" /></Links></IndexEntry><IndexEntry Term="Query By Example"><Entries /><Links><IndexLink Title="Query By Example" Link="/Content/basics/querying/query_by_example.htm#kanchor15" UsedConditions="" /></Links></IndexEntry><IndexEntry Term="SODA Queries"><Entries /><Links><IndexLink Title="SODA Query" Link="/Content/basics/querying/soda_query.htm#kanchor16" UsedConditions="" /></Links></IndexEntry></Entries><Links><IndexLink Title="Querying" Link="/Content/basics/querying.htm#kanchor6" UsedConditions="" /></Links></IndexEntry><IndexEntry Term="Refactoring"><Entries><IndexEntry Term="Automatic Refactorings"><Entries /><Links><IndexLink Title="Automatic Refactoring" Link="/Content/advanced_topics/refactoring_and_schema_evolution/automatic_refactoring.htm#kanchor63" UsedConditions="" /></Links></IndexEntry><IndexEntry Term="Change Field Type"><Entries /><Links><IndexLink Title="Field Type Change" Link="/Content/advanced_topics/refactoring_and_schema_evolution/field_type_change.htm#kanchor65" UsedConditions="" /></Links></IndexEntry><IndexEntry Term="Insert Class Into A Hierarchy"><Entries /><Links><IndexLink Title="Inserting Class Into A Hierarchy" Link="/Content/advanced_topics/refactoring_and_schema_evolution/refactoring_class_hierarchy/inserting_class_into_a_hierarchy.htm#kanchor67" UsedConditions="" /></Links></IndexEntry><IndexEntry Term="Remove Class From Hierarchy"><Entries /><Links><IndexLink Title="Removing Class From A Hierarchy" Link="/Content/advanced_topics/refactoring_and_schema_evolution/refactoring_class_hierarchy/removing_class_from_a_hierarchy.htm#kanchor66" UsedConditions="" /></Links></IndexEntry><IndexEntry Term="Rename Classes and Fields"><Entries /><Links><IndexLink Title="Renaming API" Link="/Content/advanced_topics/refactoring_and_schema_evolution/refactoring_api.htm#kanchor64" UsedConditions="" /></Links></IndexEntry></Entries><Links><IndexLink Title="Refactoring and Schema Evolution" Link="/Content/advanced_topics/refactoring_and_schema_evolution.htm#kanchor61" UsedConditions="" /></Links></IndexEntry><IndexEntry Term="Reference Cache"><Entries /><Links><IndexLink Title="The Reference Cache" Link="/Content/basics/indentity_concept/reference_cache.htm#kanchor26" UsedConditions="" /></Links></IndexEntry><IndexEntry Term="Reference Equality"><Entries /><Links><IndexLink Title="Identity Concept" Link="/Content/basics/identity_concept.htm#kanchor25" UsedConditions="" /></Links></IndexEntry><IndexEntry Term="Reflection"><Entries /><Links><IndexLink Title="db4o Reflection API" Link="/Content/advanced_topics/db4o_reflection_api.htm#kanchor70" UsedConditions="" /></Links></IndexEntry><IndexEntry Term="Regex"><Entries /><Links><IndexLink Title="SODA Evaluations" Link="/Content/basics/querying/soda/soda_evaluations.htm#kanchor18" UsedConditions="" /></Links></IndexEntry><IndexEntry Term="Regular Expressions"><Entries /><Links><IndexLink Title="SODA Evaluations" Link="/Content/basics/querying/soda/soda_evaluations.htm#kanchor18" UsedConditions="" /></Links></IndexEntry><IndexEntry Term="Relations"><Entries /><Links><IndexLink Title="Managing Relations" Link="/Content/best_practises/managing_relations.htm#kanchor107" UsedConditions="" /></Links></IndexEntry><IndexEntry Term="Report Bugs"><Entries /><Links><IndexLink Title="Report Bugs" Link="/Content/community/report_bugs.htm#kanchor128" UsedConditions="" /></Links></IndexEntry><IndexEntry Term="Reporting"><Entries /><Links><IndexLink Title="Reporting" Link="/Content/platform_specific_issues/reporting.htm#kanchor116" UsedConditions="" /></Links></IndexEntry><IndexEntry Term="Rollback"><Entries><IndexEntry Term="Strategy"><Entries /><Links><IndexLink Title="Automatic Rollback" Link="/Content/basics/transparentpersistence/automatic_deactivation.htm#kanchor35" UsedConditions="" /></Links></IndexEntry></Entries><Links><IndexLink Title="db4o Transactions" Link="/Content/basics/acid_and_transactions/db4o_tx_basics.htm#kanchor23" UsedConditions="" /></Links></IndexEntry><IndexEntry Term="Scalability"><Entries /><Links><IndexLink Title="Performance and Scalability Issues" Link="/Content/troubleshoot/speed_issues.html.htm#kanchor124" UsedConditions="" /></Links></IndexEntry><IndexEntry Term="Schema Evolution"><Entries><IndexEntry Term="Automatic Refactorings"><Entries /><Links><IndexLink Title="Automatic Refactoring" Link="/Content/advanced_topics/refactoring_and_schema_evolution/automatic_refactoring.htm#kanchor63" UsedConditions="" /></Links></IndexEntry><IndexEntry Term="Change Field Type"><Entries /><Links><IndexLink Title="Field Type Change" Link="/Content/advanced_topics/refactoring_and_schema_evolution/field_type_change.htm#kanchor65" UsedConditions="" /></Links></IndexEntry><IndexEntry Term="Insert Class Into A Hierarchy"><Entries /><Links><IndexLink Title="Inserting Class Into A Hierarchy" Link="/Content/advanced_topics/refactoring_and_schema_evolution/refactoring_class_hierarchy/inserting_class_into_a_hierarchy.htm#kanchor67" UsedConditions="" /></Links></IndexEntry><IndexEntry Term="Remove Class From Hierarchy"><Entries /><Links><IndexLink Title="Removing Class From A Hierarchy" Link="/Content/advanced_topics/refactoring_and_schema_evolution/refactoring_class_hierarchy/removing_class_from_a_hierarchy.htm#kanchor66" UsedConditions="" /></Links></IndexEntry><IndexEntry Term="Rename Classes and Fields"><Entries /><Links><IndexLink Title="Renaming API" Link="/Content/advanced_topics/refactoring_and_schema_evolution/refactoring_api.htm#kanchor64" UsedConditions="" /></Links></IndexEntry></Entries><Links><IndexLink Title="Refactoring and Schema Evolution" Link="/Content/advanced_topics/refactoring_and_schema_evolution.htm#kanchor62" UsedConditions="" /></Links></IndexEntry><IndexEntry Term="Security"><Entries><IndexEntry Term="IsolatedStorage"><Entries /><Links><IndexLink Title="Isolated Storage For Silverlight" Link="/Content/configuration/file/storage/isolated_storage.htm#kanchor86" UsedConditions="" /></Links></IndexEntry></Entries><Links><IndexLink Title="Security Requirements On .NET Platform" Link="/Content/platform_specific_issues/security_requirements_on_.net_platform.htm#kanchor122" UsedConditions="" /></Links></IndexEntry><IndexEntry Term="Semaphores"><Entries /><Links><IndexLink Title="Semaphores" Link="/Content/client-server/semaphores.htm#kanchor101" UsedConditions="" /></Links></IndexEntry><IndexEntry Term="Sessions"><Entries /><Links><IndexLink Title="Session Containers" Link="/Content/advanced_topics/session_containers.htm#kanchor39" UsedConditions="" /></Links></IndexEntry><IndexEntry Term="Sharpen"><Entries /><Links><IndexLink Title="Sharpen" Link="/Content/community/working_with_source/sharpen.htm#kanchor130" UsedConditions="" /></Links></IndexEntry><IndexEntry Term="Silverlight"><Entries /><Links><IndexLink Title="Silverlight" Link="/Content/platform_specific_issues/silverlight.htm#kanchor120" UsedConditions="" /></Links></IndexEntry><IndexEntry Term="SODA"><Entries><IndexEntry Term="Collections"><Entries /><Links><IndexLink Title="SODA Special Cases Examples" Link="/Content/basics/querying/soda/soda_special_case_examples.htm#kanchor17" UsedConditions="" /></Links></IndexEntry><IndexEntry Term="Performance"><Entries /><Links><IndexLink Title="SODA Performance Characteristics" Link="/Content/basics/querying/soda/soda_performance_characteristics.htm#kanchor20" UsedConditions="" /></Links></IndexEntry><IndexEntry Term="Regex"><Entries /><Links><IndexLink Title="SODA Evaluations" Link="/Content/basics/querying/soda/soda_evaluations.htm#kanchor18" UsedConditions="" /></Links></IndexEntry></Entries><Links><IndexLink Title="SODA Query" Link="/Content/basics/querying/soda_query.htm#kanchor16" UsedConditions="" /></Links></IndexEntry><IndexEntry Term="Sorting"><Entries><IndexEntry Term="LINQ"><Entries /><Links><IndexLink Title="LINQ Examples" Link="/Content/basics/querying/linq/linq_examples.htm#kanchor9" UsedConditions="" /></Links></IndexEntry><IndexEntry Term="Native Queries"><Entries /><Links><IndexLink Title="Native Query Sorting" Link="/Content/basics/querying/native_queries/native_query_sorting.htm#kanchor12" UsedConditions="" /></Links></IndexEntry><IndexEntry Term="SODA"><Entries /><Links><IndexLink Title="SODA Sorting" Link="/Content/basics/querying/soda/soda_sorting.htm#kanchor19" UsedConditions="" /></Links></IndexEntry></Entries><Links /></IndexEntry></Entries></IndexEntry></CatapultTargetIndex>