﻿<?xml version="1.0" encoding="utf-8"?><index><stem n="dosometh"><phr n="doSomething"><ent r="6" t="300" w="489" /><ent r="6" t="300" w="561" /><ent r="6" t="300" w="589" /><ent r="6" t="300" w="617" /></phr><phr n="DoSomething"><ent r="6" t="300" w="501" /><ent r="6" t="300" w="627" /></phr></stem><stem n="(){"><phr n="(){"><ent r="6" t="300" w="490" /><ent r="6" t="300" w="502" /></phr></stem><stem n="system.out"><phr n="System.out"><ent r="6" t="300" w="491" /><ent r="6" t="300" w="490" /></phr></stem><stem n="system.out.println"><phr n="System.out.println"><ent r="6" t="300" w="492" /><ent r="6" t="300" w="490" /></phr></stem><stem n="println"><phr n="println"><ent r="6" t="300" w="492" /></phr></stem><stem n=".out.println(&quot;java&quot;);"><phr n=".out.println(&quot;Java&quot;);"><ent r="6" t="300" w="494" /></phr></stem><stem n="nextmethod"><phr n="NextMethod"><ent r="6" t="300" w="494" /><ent r="6" t="300" w="502" /></phr></stem><stem n="@sharpen.struct"><phr n="@sharpen.struct"><ent r="6" t="300" w="505" /></phr></stem><stem n="sharpen.struct"><phr n="sharpen.struct"><ent r="6" t="300" w="505" /><ent r="6" t="300" w="504" /></phr></stem><stem n="struct"><phr n="struct"><ent r="6" t="300" w="505" /><ent r="6" t="300" w="514" /></phr></stem><stem n="@sharpen.unwrap"><phr n="@sharpen.unwrap"><ent r="5" t="300" w="517" /><ent r="6" t="300" w="549" /></phr></stem><stem n="sharpen.unwrap"><phr n="sharpen.unwrap"><ent r="5" t="300" w="517" /><ent r="5" t="300" w="516" /><ent r="6" t="300" w="549" /><ent r="6" t="300" w="548" /></phr></stem><stem n="unwrap"><phr n="unwrap"><ent r="5" t="300" w="517" /><ent r="6" t="300" w="549" /></phr></stem><stem n="toiter"><phr n="toIterable"><ent r="6" t="300" w="552" /><ent r="6" t="300" w="566" /></phr><phr n="ToIterable"><ent r="6" t="300" w="580" /></phr></stem><stem n="(object[]"><phr n="(Object[]"><ent r="6" t="300" w="554" /><ent r="6" t="300" w="563" /></phr><phr n="(object[]"><ent r="6" t="300" w="582" /><ent r="6" t="300" w="591" /></phr></stem><stem n="arrays.aslist"><phr n="Arrays.asList"><ent r="6" t="300" w="557" /><ent r="6" t="300" w="556" /></phr><phr n="Arrays.AsList"><ent r="6" t="300" w="585" /><ent r="6" t="300" w="584" /></phr></stem><stem n="aslist"><phr n="asList"><ent r="6" t="300" w="557" /></phr><phr n="AsList"><ent r="6" t="300" w="585" /></phr></stem><stem n=".aslist(array);"><phr n=".asList(array);"><ent r="6" t="300" w="559" /></phr><phr n=".AsList(array);"><ent r="6" t="300" w="587" /></phr></stem><stem n="(objs);"><phr n="(objs);"><ent r="6" t="300" w="568" /></phr></stem><stem n="@sharpen.attribut"><phr n="@sharpen.attribute"><ent r="5" t="300" w="602" /><ent r="6" t="300" w="613" /></phr></stem><stem n="sharpen.attribut"><phr n="sharpen.attribute"><ent r="5" t="300" w="602" /><ent r="5" t="300" w="601" /><ent r="6" t="300" w="613" /><ent r="6" t="300" w="612" /></phr></stem><stem n="theattribut"><phr n="TheAttribute"><ent r="6" t="300" w="614" /><ent r="6" t="300" w="624" /></phr></stem><stem n="(){}"><phr n="(){}"><ent r="6" t="300" w="618" /><ent r="6" t="300" w="628" /></phr></stem><stem n="[theattribute]"><phr n="[TheAttribute]"><ent r="6" t="300" w="625" /></phr></stem><stem n="@sharpen.macro"><phr n="@sharpen.macro"><ent r="5" t="300" w="630" /></phr></stem><stem n="sharpen.macro"><phr n="sharpen.macro"><ent r="5" t="300" w="630" /><ent r="5" t="300" w="629" /></phr></stem><stem n="replace-pattern"><phr n="replace-pattern"><ent r="5" t="300" w="634" /></phr></stem><stem n="xunit"><phr n="xUnit"><ent r="3" t="301" w="13" /><ent r="3" t="301" w="59" /><ent r="3" t="301" w="67" /></phr></stem><stem n="junit"><phr n="jUnit"><ent r="3" t="301" w="14" /></phr><phr n="junit"><ent r="6" t="313" w="236" /><ent r="6" t="313" w="305" /></phr></stem><stem n="(junit,"><phr n="(jUnit,"><ent r="3" t="301" w="15" /></phr></stem><stem n="nunit"><phr n="NUnit"><ent r="3" t="301" w="15" /></phr></stem><stem n="jdk1"><phr n="JDK1"><ent r="4" t="301" w="37" /><ent r="6" t="313" w="72" /><ent r="6" t="313" w="79" /><ent r="6" t="313" w="111" /><ent r="6" t="313" w="119" /><ent r="6" t="313" w="126" /><ent r="6" t="313" w="338" /><ent r="6" t="313" w="354" /></phr><phr n="jdk1"><ent r="3" t="306" w="337" /><ent r="3" t="306" w="346" /><ent r="3" t="306" w="355" /></phr></stem><stem n=".1"><phr n=".1"><ent r="4" t="301" w="38" /></phr></stem><stem n="jdk1.1"><phr n="JDK1.1"><ent r="4" t="301" w="38" /><ent r="4" t="301" w="37" /></phr></stem><stem n="deviat"><phr n="deviates"><ent r="3" t="301" w="56" /></phr></stem><stem n="vanilla"><phr n="vanilla"><ent r="3" t="301" w="58" /></phr></stem><stem n="respect"><phr n="respect"><ent r="3" t="301" w="62" /></phr><phr n="respective"><ent r="3" t="309" w="421" /></phr></stem><stem n=".extens"><phr n=".extensions"><ent r="3" t="301" w="86" /><ent r="3" t="301" w="106" /><ent r="6" t="313" w="85" /><ent r="6" t="313" w="137" /><ent r="6" t="313" w="152" /><ent r="6" t="313" w="167" /><ent r="5" t="313" w="180" /><ent r="7" t="313" w="188" /><ent r="6" t="313" w="348" /></phr></stem><stem n="db4ounit.extens"><phr n="db4ounit.extensions"><ent r="3" t="301" w="86" /><ent r="3" t="301" w="85" /><ent r="3" t="301" w="106" /><ent r="3" t="301" w="105" /><ent r="4" t="305" w="197" /><ent r="4" t="305" w="196" /><ent r="4" t="306" w="193" /><ent r="4" t="306" w="192" /><ent r="6" t="313" w="85" /><ent r="6" t="313" w="84" /><ent r="6" t="313" w="137" /><ent r="6" t="313" w="136" /><ent r="6" t="313" w="152" /><ent r="6" t="313" w="151" /><ent r="6" t="313" w="167" /><ent r="6" t="313" w="166" /><ent r="5" t="313" w="180" /><ent r="5" t="313" w="179" /><ent r="7" t="313" w="188" /><ent r="7" t="313" w="187" /><ent r="6" t="313" w="348" /><ent r="6" t="313" w="347" /></phr><phr n="Db4oUnit.Extensions"><ent r="3" t="302" w="71" /><ent r="3" t="302" w="70" /><ent r="4" t="304" w="265" /><ent r="4" t="304" w="264" /></phr></stem><stem n="fixtur"><phr n="fixtures"><ent r="3" t="301" w="100" /></phr></stem><stem n="db4o-x"><phr n="db4o-X"><ent r="3" t="301" w="126" /></phr></stem><stem n="xx"><phr n="XX"><ent r="3" t="301" w="128" /><ent r="7" t="313" w="19" /><ent r="7" t="313" w="44" /></phr></stem><stem n="xx-db4ounit"><phr n="XX-db4ounit"><ent r="3" t="301" w="128" /></phr></stem><stem n="db4o-x.xx-db4ounit.jar"><phr n="db4o-X.XX-db4ounit.jar"><ent r="3" t="301" w="130" /><ent r="3" t="301" w="127" /></phr></stem><stem n="db4o-x.xx-db4ounit.jar,"><phr n="db4o-X.XX-db4ounit.jar,"><ent r="3" t="301" w="130" /><ent r="3" t="301" w="127" /></phr></stem><stem n="-x.xx-db4ounit.jar,"><phr n="-X.XX-db4ounit.jar,"><ent r="3" t="301" w="131" /><ent r="3" t="301" w="132" /></phr></stem><stem n="quickli"><phr n="quickly"><ent r="3" t="301" w="163" /></phr></stem><stem n="/past"><phr n="/paste"><ent r="3" t="301" w="195" /></phr></stem><stem n="copy/past"><phr n="copy/paste"><ent r="3" t="301" w="195" /><ent r="3" t="301" w="194" /></phr></stem><stem n="past"><phr n="paste"><ent r="3" t="301" w="195" /></phr></stem><stem n="sampl"><phr n="Sample"><ent r="66" t="301" w="215" /><ent r="1000" t="302" w="3" /><ent r="102" t="302" w="8" /></phr></stem><stem n="source-cod"><phr n="source-code"><ent r="3" t="302" w="53" /><ent r="3" t="304" w="70" /></phr><phr n="Source-Code"><ent r="100" t="304" w="8" /></phr></stem><stem n="-project"><phr n="-projects"><ent r="3" t="302" w="58" /><ent r="3" t="302" w="58" /><ent r="4" t="305" w="218" /><ent r="4" t="305" w="218" /><ent r="4" t="305" w="246" /><ent r="4" t="305" w="246" /><ent r="4" t="306" w="214" /><ent r="4" t="306" w="214" /><ent r="4" t="306" w="242" /><ent r="4" t="306" w="242" /></phr></stem><stem n="'db4ounit'"><phr n="'Db4oUnit'"><ent r="3" t="302" w="69" /></phr></stem><stem n="db4ounit.extensions'"><phr n="Db4oUnit.Extensions'"><ent r="3" t="302" w="71" /><ent r="3" t="302" w="70" /></phr></stem><stem n="'db4ounit.extensions'."><phr n="'Db4oUnit.Extensions'."><ent r="3" t="302" w="72" /></phr></stem><stem n="we'r"><phr n="we're"><ent r="3" t="302" w="86" /><ent r="3" t="302" w="85" /></phr></stem><stem n="abstractdb4otestcas"><phr n="AbstractDb4oTestCase"><ent r="3" t="302" w="101" /><ent r="4" t="302" w="134" /><ent r="4" t="302" w="200" /><ent r="92" t="303" w="48" /><ent r="3" t="303" w="50" /><ent r="3" t="303" w="106" /><ent r="3" t="303" w="177" /><ent r="3" t="303" w="226" /></phr></stem><stem n="test-method"><phr n="test-method"><ent r="3" t="302" w="105" /></phr></stem><stem n="'test'"><phr n="'test'"><ent r="3" t="302" w="115" /><ent r="3" t="303" w="161" /></phr></stem><stem n="exampletestcas"><phr n="ExampleTestCase"><ent r="4" t="302" w="133" /><ent r="4" t="302" w="150" /><ent r="4" t="302" w="180" /><ent r="4" t="302" w="196" /><ent r="4" t="302" w="225" /><ent r="4" t="302" w="284" /></phr></stem><stem n="runsolo"><phr n="RunSolo"><ent r="4" t="302" w="151" /><ent r="4" t="302" w="227" /></phr><phr n="runSolo"><ent r="3" t="303" w="118" /></phr></stem><stem n="().runsolo();"><phr n="().RunSolo();"><ent r="4" t="302" w="152" /></phr></stem><stem n="teststoresel"><phr n="TestStoresElement"><ent r="4" t="302" w="157" /><ent r="4" t="302" w="237" /></phr></stem><stem n="().store("><phr n="().Store("><ent r="4" t="302" w="160" /><ent r="4" t="302" w="240" /></phr></stem><stem n="testitem"><phr n="TestItem"><ent r="4" t="302" w="163" /><ent r="4" t="302" w="178" /><ent r="4" t="302" w="243" /><ent r="4" t="302" w="253" /><ent r="4" t="302" w="257" /><ent r="4" t="302" w="274" /></phr></stem><stem n="ilist&lt;testitem&gt;"><phr n="IList&lt;TestItem&gt;"><ent r="4" t="302" w="164" /></phr></stem><stem n="query&lt;testitem&gt;"><phr n="Query&lt;TestItem&gt;"><ent r="4" t="302" w="167" /></phr></stem><stem n="().query&lt;testitem&gt;();"><phr n="().Query&lt;TestItem&gt;();"><ent r="4" t="302" w="168" /></phr></stem><stem n="assert"><phr n="Assert"><ent r="4" t="302" w="168" /><ent r="4" t="302" w="258" /><ent r="92" t="303" w="242" /></phr><phr n="asserting"><ent r="3" t="303" w="252" /></phr></stem><stem n="assert.areequ"><phr n="Assert.AreEqual"><ent r="4" t="302" w="169" /><ent r="4" t="302" w="168" /><ent r="4" t="302" w="259" /><ent r="4" t="302" w="258" /></phr></stem><stem n="areequ"><phr n="AreEqual"><ent r="4" t="302" w="169" /><ent r="4" t="302" w="259" /></phr></stem><stem n=".areequal(1,"><phr n=".AreEqual(1,"><ent r="4" t="302" w="171" /><ent r="4" t="302" w="261" /></phr></stem><stem n="result.count"><phr n="result.Count"><ent r="4" t="302" w="172" /><ent r="4" t="302" w="171" /></phr></stem><stem n="exampletestcase.c"><phr n="ExampleTestCase.cs"><ent r="4" t="302" w="181" /><ent r="4" t="302" w="180" /></phr></stem><stem n="testcase.runsolo"><phr n="testCase.RunSolo"><ent r="4" t="302" w="227" /><ent r="4" t="302" w="226" /></phr></stem><stem n=".runsolo()"><phr n=".RunSolo()"><ent r="4" t="302" w="228" /></phr></stem><stem n="().query(of"><phr n="().Query(Of"><ent r="4" t="302" w="256" /></phr></stem><stem n="exampletestcase.vb"><phr n="ExampleTestCase.vb"><ent r="4" t="302" w="285" /><ent r="4" t="302" w="284" /></phr></stem><stem n="intent"><phr n="intention"><ent r="3" t="303" w="33" /></phr></stem><stem n="'runsolo'"><phr n="'runSolo'"><ent r="3" t="303" w="119" /></phr></stem><stem n="itestcas"><phr n="ITestCase"><ent r="92" t="303" w="129" /></phr></stem><stem n="contin"><phr n="continent"><ent r="3" t="303" w="173" /></phr></stem><stem n="itestlifecycl"><phr n="ITestLifeCycle"><ent r="92" t="303" w="179" /></phr></stem><stem n="tear"><phr n="tear"><ent r="3" t="303" w="191" /></phr></stem><stem n="consoletestrunn"><phr n="ConsoleTestRunner"><ent r="92" t="303" w="205" /></phr></stem><stem n="-runner"><phr n="-runner"><ent r="3" t="303" w="208" /><ent r="3" t="303" w="208" /></phr></stem><stem n="test-runn"><phr n="test-runner"><ent r="3" t="303" w="208" /></phr></stem><stem n="runner"><phr n="runner"><ent r="3" t="303" w="209" /><ent r="3" t="303" w="239" /></phr></stem><stem n=".assert"><phr n=".Assert"><ent r="92" t="303" w="242" /></phr></stem><stem n="db4ounit.assert"><phr n="Db4ounit.Assert"><ent r="92" t="303" w="242" /><ent r="92" t="303" w="241" /></phr></stem><stem n="-code:cod"><phr n="-Code:Code"><ent r="100" t="304" w="10" /><ent r="100" t="304" w="10" /></phr></stem><stem n="'src'"><phr n="'src'"><ent r="3" t="304" w="30" /></phr></stem><stem n="subdirectori"><phr n="subdirectory"><ent r="3" t="304" w="30" /></phr></stem><stem n="harder"><phr n="harder"><ent r="3" t="304" w="83" /></phr></stem><stem n="ship"><phr n="shipped"><ent r="3" t="304" w="96" /></phr></stem><stem n=".db4o:"><phr n=".Db4o:"><ent r="4" t="304" w="102" /></phr></stem><stem n="db4objects.db4o.cfcompatibilitytest"><phr n="Db4objects.Db4o.CFCompatibilityTests"><ent r="4" t="304" w="108" /><ent r="4" t="304" w="106" /></phr></stem><stem n="cfcompatibilitytest"><phr n="CFCompatibilityTests"><ent r="4" t="304" w="108" /></phr></stem><stem n=".db4o.cfcompatibilitytests:"><phr n=".Db4o.CFCompatibilityTests:"><ent r="4" t="304" w="109" /></phr></stem><stem n=".db4o.cs:"><phr n=".Db4o.CS:"><ent r="4" t="304" w="119" /></phr></stem><stem n="db4objects.db4o.cs.opt"><phr n="Db4objects.Db4o.CS.Optional"><ent r="4" t="304" w="128" /><ent r="4" t="304" w="125" /><ent r="93" t="308" w="245" /><ent r="93" t="308" w="242" /></phr></stem><stem n=".db4o.cs.optional:"><phr n=".Db4o.CS.Optional:"><ent r="4" t="304" w="129" /></phr></stem><stem n=".db4o.data.services:"><phr n=".Db4o.Data.Services:"><ent r="4" t="304" w="141" /></phr></stem><stem n="db4objects.db4o.data.services.test"><phr n="Db4objects.Db4o.Data.Services.Tests"><ent r="4" t="304" w="153" /><ent r="4" t="304" w="149" /></phr></stem><stem n=".db4o.data.services.tests:"><phr n=".Db4o.Data.Services.Tests:"><ent r="4" t="304" w="154" /></phr></stem><stem n=".db4o.instrumentation:"><phr n=".Db4o.Instrumentation:"><ent r="4" t="304" w="166" /></phr></stem><stem n=".db4o.linq:"><phr n=".Db4o.Linq:"><ent r="4" t="304" w="180" /></phr></stem><stem n="db4objects.db4o.linq.test"><phr n="Db4objects.Db4o.Linq.Tests"><ent r="4" t="304" w="188" /><ent r="4" t="304" w="185" /></phr></stem><stem n="db4objects.db4o.linq.tests,"><phr n="Db4objects.Db4o.Linq.Tests,"><ent r="4" t="304" w="188" /><ent r="4" t="304" w="185" /></phr></stem><stem n=".db4o.linq.tests,"><phr n=".Db4o.Linq.Tests,"><ent r="4" t="304" w="189" /></phr></stem><stem n="db4objects.db4o.linq.vb"><phr n="Db4objects.Db4o.Linq.VB"><ent r="4" t="304" w="192" /><ent r="4" t="304" w="189" /></phr></stem><stem n="db4objects.db4o.linq.vb.test"><phr n="Db4objects.Db4o.Linq.VB.Tests"><ent r="4" t="304" w="193" /><ent r="4" t="304" w="189" /></phr></stem><stem n="db4objects.db4o.linq.vb.tests,"><phr n="Db4objects.Db4o.Linq.VB.Tests,"><ent r="4" t="304" w="193" /><ent r="4" t="304" w="189" /></phr></stem><stem n=".db4o.linq.vb.tests,"><phr n=".Db4o.Linq.VB.Tests,"><ent r="4" t="304" w="194" /></phr></stem><stem n="db4objects.db4o.linq.instrument"><phr n="Db4objects.Db4o.Linq.Instrumentation"><ent r="4" t="304" w="197" /><ent r="4" t="304" w="194" /></phr></stem><stem n="db4objects.db4o.linq.instrumentation.test"><phr n="Db4objects.Db4o.Linq.Instrumentation.Tests"><ent r="4" t="304" w="198" /><ent r="4" t="304" w="194" /></phr></stem><stem n=".db4o.linq.instrumentation.tests:"><phr n=".Db4o.Linq.Instrumentation.Tests:"><ent r="4" t="304" w="199" /></phr></stem><stem n=".db4o.nativequeries:"><phr n=".Db4o.NativeQueries:"><ent r="4" t="304" w="210" /></phr></stem><stem n="db4objects.db4o.opt"><phr n="Db4objects.Db4o.Optional"><ent r="4" t="304" w="217" /><ent r="4" t="304" w="215" /><ent r="93" t="308" w="220" /><ent r="93" t="308" w="218" /><ent r="4" t="308" w="282" /><ent r="4" t="308" w="280" /></phr></stem><stem n=".db4o.optional:"><phr n=".Db4o.Optional:"><ent r="4" t="304" w="218" /></phr></stem><stem n="db4objects.db4o.silverlight"><phr n="Db4objects.Db4o.Silverlight"><ent r="4" t="304" w="225" /><ent r="4" t="304" w="223" /></phr></stem><stem n="db4objects.db4o.silverlight.teststart"><phr n="Db4objects.Db4o.Silverlight.TestStart"><ent r="4" t="304" w="226" /><ent r="4" t="304" w="223" /></phr></stem><stem n="teststart"><phr n="TestStart"><ent r="4" t="304" w="226" /></phr></stem><stem n="db4objects.db4o.silverlight.teststart,"><phr n="Db4objects.Db4o.Silverlight.TestStart,"><ent r="4" t="304" w="226" /><ent r="4" t="304" w="223" /></phr></stem><stem n=".db4o.silverlight.teststart,"><phr n=".Db4o.Silverlight.TestStart,"><ent r="4" t="304" w="227" /></phr></stem><stem n="db4objects.db4o.silverlighttesthost"><phr n="Db4objects.Db4o.SilverlightTestHost"><ent r="4" t="304" w="229" /><ent r="4" t="304" w="227" /></phr></stem><stem n="silverlighttesthost"><phr n="SilverlightTestHost"><ent r="4" t="304" w="229" /></phr></stem><stem n=".db4o.silverlighttesthost:"><phr n=".Db4o.SilverlightTestHost:"><ent r="4" t="304" w="230" /></phr></stem><stem n="db4objects.db4o.test"><phr n="Db4objects.Db4o.Tests"><ent r="4" t="304" w="239" /><ent r="4" t="304" w="237" /></phr></stem><stem n=".db4o.tests:"><phr n=".Db4o.Tests:"><ent r="4" t="304" w="240" /></phr></stem><stem n=".extensions:"><phr n=".Extensions:"><ent r="4" t="304" w="266" /></phr><phr n=".extensions:"><ent r="4" t="305" w="198" /><ent r="4" t="306" w="194" /></phr></stem><stem n="&quot;cut"><phr n="&quot;cutting"><ent r="3" t="305" w="15" /></phr></stem><stem n="cut"><phr n="cutting"><ent r="3" t="305" w="15" /></phr></stem><stem n="edg"><phr n="edge"><ent r="3" t="305" w="16" /></phr></stem><stem n="-to-dat"><phr n="-to-date"><ent r="3" t="305" w="36" /><ent r="3" t="305" w="37" /></phr></stem><stem n="up-to"><phr n="up-to"><ent r="3" t="305" w="36" /></phr></stem><stem n="up-to-d"><phr n="up-to-date"><ent r="3" t="305" w="36" /></phr></stem><stem n="to-dat"><phr n="to-date"><ent r="3" t="305" w="37" /></phr></stem><stem n="subvers"><phr n="Subversion"><ent r="3" t="305" w="50" /></phr><phr n="Subversive"><ent r="64" t="306" w="89" /><ent r="64" t="307" w="45" /></phr></stem><stem n="db4o.c"><phr n="db4o.cs"><ent r="4" t="305" w="125" /><ent r="4" t="305" w="124" /><ent r="4" t="305" w="134" /><ent r="4" t="305" w="133" /><ent r="4" t="306" w="121" /><ent r="4" t="306" w="120" /><ent r="4" t="306" w="130" /><ent r="4" t="306" w="129" /><ent r="7" t="313" w="70" /><ent r="7" t="313" w="69" /><ent r="6" t="313" w="131" /><ent r="6" t="313" w="130" /><ent r="6" t="313" w="192" /><ent r="6" t="313" w="191" /><ent r="6" t="313" w="246" /><ent r="6" t="313" w="245" /></phr></stem><stem n="db4o.cs.opt"><phr n="db4o.cs.optional"><ent r="4" t="305" w="135" /><ent r="4" t="305" w="133" /><ent r="4" t="306" w="131" /><ent r="4" t="306" w="129" /></phr></stem><stem n=".cs.optional:"><phr n=".cs.optional:"><ent r="4" t="305" w="136" /><ent r="4" t="306" w="132" /></phr></stem><stem n="db4o.instrument"><phr n="db4o.instrumentation"><ent r="4" t="305" w="144" /><ent r="4" t="305" w="143" /><ent r="4" t="306" w="140" /><ent r="4" t="306" w="139" /><ent r="7" t="313" w="77" /><ent r="7" t="313" w="76" /><ent r="6" t="313" w="144" /><ent r="6" t="313" w="143" /><ent r="6" t="313" w="159" /><ent r="6" t="313" w="158" /><ent r="5" t="313" w="174" /><ent r="5" t="313" w="173" /></phr></stem><stem n=".instrumentation:"><phr n=".instrumentation:"><ent r="4" t="305" w="145" /><ent r="4" t="306" w="141" /></phr></stem><stem n="db4o.net"><phr n="db4o.net"><ent r="4" t="305" w="153" /><ent r="4" t="305" w="152" /><ent r="4" t="306" w="149" /><ent r="4" t="306" w="148" /><ent r="7" t="313" w="90" /><ent r="7" t="313" w="89" /></phr></stem><stem n="db4obuild"><phr n="db4obuild"><ent r="4" t="305" w="160" /><ent r="4" t="306" w="156" /><ent r="3" t="306" w="278" /><ent r="3" t="306" w="419" /><ent r="3" t="306" w="464" /><ent r="3" t="306" w="485" /><ent r="3" t="306" w="500" /></phr></stem><stem n="db4onqopt"><phr n="db4onqopt"><ent r="4" t="305" w="167" /><ent r="4" t="306" w="163" /><ent r="7" t="313" w="139" /><ent r="5" t="313" w="176" /></phr></stem><stem n="db4otaj"><phr n="db4otaj"><ent r="4" t="305" w="174" /><ent r="4" t="306" w="170" /><ent r="7" t="313" w="154" /><ent r="5" t="313" w="177" /></phr></stem><stem n="decaf"><phr n="decaf"><ent r="4" t="305" w="203" /><ent r="4" t="306" w="199" /><ent r="6" t="313" w="113" /><ent r="7" t="313" w="196" /><ent r="6" t="313" w="203" /><ent r="7" t="313" w="206" /><ent r="7" t="313" w="211" /><ent r="7" t="313" w="216" /></phr></stem><stem n=".4"><phr n=".4"><ent r="4" t="305" w="211" /><ent r="3" t="306" w="67" /><ent r="4" t="306" w="207" /></phr></stem><stem n="1.4"><phr n="1.4"><ent r="4" t="305" w="211" /><ent r="4" t="305" w="210" /><ent r="4" t="306" w="207" /><ent r="4" t="306" w="206" /></phr></stem><stem n="checkout"><phr n="checkout"><ent r="4" t="305" w="216" /><ent r="4" t="305" w="244" /><ent r="4" t="306" w="212" /><ent r="4" t="306" w="240" /></phr></stem><stem n="sub-project"><phr n="sub-projects"><ent r="4" t="305" w="218" /><ent r="4" t="305" w="246" /><ent r="4" t="306" w="214" /><ent r="4" t="306" w="242" /></phr></stem><stem n="center"><phr n="center"><ent r="3" t="306" w="26" /></phr></stem><stem n="distro"><phr n="distro"><ent r="3" t="306" w="46" /></phr></stem><stem n="3.4"><phr n="3.4"><ent r="3" t="306" w="67" /><ent r="3" t="306" w="66" /></phr></stem><stem n="ganymed"><phr n="Ganymede"><ent r="3" t="306" w="68" /></phr></stem><stem n="subclips"><phr n="Subclipse"><ent r="64" t="306" w="85" /></phr></stem><stem n="doctor"><phr n="doctor"><ent r="4" t="306" w="253" /><ent r="7" t="313" w="229" /><ent r="6" t="313" w="286" /></phr></stem><stem n=".properti"><phr n=".properties"><ent r="82" t="306" w="267" /><ent r="3" t="306" w="275" /></phr></stem><stem n="machine.properti"><phr n="machine.properties"><ent r="82" t="306" w="267" /><ent r="82" t="306" w="266" /><ent r="3" t="306" w="275" /><ent r="3" t="306" w="274" /></phr></stem><stem n="build.xml"><phr n="build.xml"><ent r="3" t="306" w="290" /><ent r="3" t="306" w="289" /><ent r="3" t="306" w="322" /><ent r="3" t="306" w="321" /><ent r="3" t="306" w="621" /><ent r="3" t="306" w="620" /></phr></stem><stem n="file.compil"><phr n="file.compiler"><ent r="3" t="306" w="336" /><ent r="3" t="306" w="335" /><ent r="3" t="306" w="345" /><ent r="3" t="306" w="344" /></phr></stem><stem n="file.compiler.jdk1"><phr n="file.compiler.jdk1"><ent r="3" t="306" w="337" /><ent r="3" t="306" w="335" /><ent r="3" t="306" w="346" /><ent r="3" t="306" w="344" /></phr></stem><stem n="file.compiler.jdk1.3"><phr n="file.compiler.jdk1.3"><ent r="3" t="306" w="338" /><ent r="3" t="306" w="335" /><ent r="3" t="306" w="347" /><ent r="3" t="306" w="344" /></phr></stem><stem n="file.compiler.jdk1.java"><phr n="file.compiler.jdk1.JAVA"><ent r="3" t="306" w="339" /><ent r="3" t="306" w="335" /></phr></stem><stem n="file.compiler.jdk1.java_hom"><phr n="file.compiler.jdk1.JAVA_HOME"><ent r="3" t="306" w="340" /><ent r="3" t="306" w="335" /></phr></stem><stem n="bin/javac"><phr n="bin/javac"><ent r="3" t="306" w="342" /><ent r="3" t="306" w="341" /></phr></stem><stem n=".compiler.jdk1.3=%java_home%/bin/javac.ex"><phr n=".compiler.jdk1.3=%JAVA_HOME%/bin/javac.exe"><ent r="3" t="306" w="343" /></phr></stem><stem n="bin/javac.ex"><phr n="bin/javac.exe"><ent r="3" t="306" w="343" /><ent r="3" t="306" w="341" /></phr></stem><stem n="file.compiler.jdk1.3.arg"><phr n="file.compiler.jdk1.3.args"><ent r="3" t="306" w="348" /><ent r="3" t="306" w="344" /></phr></stem><stem n="file.compiler.jdk1.3.args.opt"><phr n="file.compiler.jdk1.3.args.optional"><ent r="3" t="306" w="349" /><ent r="3" t="306" w="344" /></phr></stem><stem n=".compiler.jdk1.3.args.optional=-sourc"><phr n=".compiler.jdk1.3.args.optional=-source"><ent r="3" t="306" w="350" /></phr></stem><stem n="file.compiler.jdk1.3.args.sourc"><phr n="file.compiler.jdk1.3.args.source"><ent r="3" t="306" w="350" /><ent r="3" t="306" w="344" /></phr></stem><stem n=".3"><phr n=".3"><ent r="3" t="306" w="352" /></phr></stem><stem n="1.3"><phr n="1.3"><ent r="3" t="306" w="352" /><ent r="3" t="306" w="351" /></phr></stem><stem n="file.jvm"><phr n="file.jvm"><ent r="3" t="306" w="354" /><ent r="3" t="306" w="353" /></phr></stem><stem n="jvm"><phr n="jvm"><ent r="3" t="306" w="354" /></phr></stem><stem n="file.jvm.jdk1"><phr n="file.jvm.jdk1"><ent r="3" t="306" w="355" /><ent r="3" t="306" w="353" /></phr></stem><stem n="file.jvm.jdk1.5"><phr n="file.jvm.jdk1.5"><ent r="3" t="306" w="356" /><ent r="3" t="306" w="353" /></phr></stem><stem n="file.jvm.jdk1.java"><phr n="file.jvm.jdk1.JAVA"><ent r="3" t="306" w="357" /><ent r="3" t="306" w="353" /></phr></stem><stem n="file.jvm.jdk1.java_hom"><phr n="file.jvm.jdk1.JAVA_HOME"><ent r="3" t="306" w="358" /><ent r="3" t="306" w="353" /></phr></stem><stem n=".jvm.jdk1.5=%java_home%/bin/java.ex"><phr n=".jvm.jdk1.5=%JAVA_HOME%/bin/java.exe"><ent r="3" t="306" w="361" /></phr></stem><stem n="db4o-src"><phr n="db4o-src"><ent r="3" t="306" w="369" /></phr></stem><stem n="users/gamlor/develop/db4o/db4o-src/"><phr n="Users/Gamlor/Develop/db4o/db4o-src/"><ent r="3" t="306" w="370" /><ent r="3" t="306" w="365" /></phr></stem><stem n=".workspace=c:/users/gamlor/develop/db4o/db4o-src/"><phr n=".workspace=C:/Users/Gamlor/Develop/db4o/db4o-src/"><ent r="3" t="306" w="371" /></phr></stem><stem n="msbuild.execut"><phr n="msbuild.executable"><ent r="3" t="306" w="377" /><ent r="3" t="306" w="376" /></phr></stem><stem n="msbuild.c"><phr n="msbuild.C"><ent r="3" t="306" w="378" /><ent r="3" t="306" w="376" /></phr></stem><stem n="windows/microsoft"><phr n="Windows/Microsoft"><ent r="3" t="306" w="380" /><ent r="3" t="306" w="379" /></phr></stem><stem n="windows/microsoft.net"><phr n="Windows/Microsoft.NET"><ent r="3" t="306" w="381" /><ent r="3" t="306" w="379" /></phr></stem><stem n="windows/microsoft.net/framework"><phr n="Windows/Microsoft.NET/Framework"><ent r="3" t="306" w="382" /><ent r="3" t="306" w="379" /></phr></stem><stem n="windows/microsoft.net/framework/v4"><phr n="Windows/Microsoft.NET/Framework/v4"><ent r="3" t="306" w="383" /><ent r="3" t="306" w="379" /></phr></stem><stem n="v4"><phr n="v4"><ent r="3" t="306" w="383" /></phr></stem><stem n="windows/microsoft.net/framework/v4.0"><phr n="Windows/Microsoft.NET/Framework/v4.0"><ent r="3" t="306" w="384" /><ent r="3" t="306" w="379" /></phr></stem><stem n="windows/microsoft.net/framework/v4.0.30319"><phr n="Windows/Microsoft.NET/Framework/v4.0.30319"><ent r="3" t="306" w="385" /><ent r="3" t="306" w="379" /></phr></stem><stem n="30319"><phr n="30319"><ent r="3" t="306" w="385" /></phr></stem><stem n="windows/microsoft.net/framework/v4.0.30319/msbuild"><phr n="Windows/Microsoft.NET/Framework/v4.0.30319/MSBuild"><ent r="3" t="306" w="386" /><ent r="3" t="306" w="379" /></phr></stem><stem n="windows/microsoft.net/framework/v4.0.30319/msbuild.ex"><phr n="Windows/Microsoft.NET/Framework/v4.0.30319/MSBuild.exe"><ent r="3" t="306" w="387" /><ent r="3" t="306" w="379" /></phr></stem><stem n=".executable=&quot;c:/windows/microsoft.net/framework/v4.0.30319/msbuild.exe&quot;"><phr n=".executable=&quot;C:/Windows/Microsoft.NET/Framework/v4.0.30319/MSBuild.exe&quot;"><ent r="3" t="306" w="388" /></phr></stem><stem n="repeat"><phr n="repeated"><ent r="3" t="306" w="412" /></phr></stem><stem n="build-db4obuild"><phr n="build-db4obuild"><ent r="3" t="306" w="418" /></phr></stem><stem n="build-db4obuild.xml"><phr n="build-db4obuild.xml"><ent r="3" t="306" w="420" /><ent r="3" t="306" w="419" /></phr></stem><stem n="build-db4obuild.xml,"><phr n="build-db4obuild.xml,"><ent r="3" t="306" w="420" /><ent r="3" t="306" w="419" /></phr></stem><stem n="-db4obuild.xml,"><phr n="-db4obuild.xml,"><ent r="3" t="306" w="421" /><ent r="3" t="306" w="421" /></phr></stem><stem n="applet"><phr n="applet"><ent r="3" t="306" w="445" /></phr></stem><stem n="keytool"><phr n="keytool"><ent r="3" t="306" w="451" /><ent r="3" t="306" w="458" /><ent r="3" t="306" w="523" /></phr></stem><stem n="-genkei"><phr n="-genkey"><ent r="3" t="306" w="452" /><ent r="3" t="306" w="452" /></phr></stem><stem n="genkei"><phr n="genkey"><ent r="3" t="306" w="452" /></phr></stem><stem n="-alia"><phr n="-alias"><ent r="3" t="306" w="453" /><ent r="3" t="306" w="453" /><ent r="3" t="306" w="460" /><ent r="3" t="306" w="460" /><ent r="3" t="306" w="525" /><ent r="3" t="306" w="525" /></phr></stem></index>