﻿<?xml version="1.0" encoding="utf-8"?><index><stem n="configuration.fil"><phr n="configuration.File"><ent r="4" t="36" w="91" /><ent r="4" t="36" w="90" /><ent r="4" t="36" w="131" /><ent r="4" t="36" w="130" /><ent r="4" t="36" w="199" /><ent r="4" t="36" w="198" /><ent r="4" t="36" w="219" /><ent r="4" t="36" w="218" /><ent r="4" t="69" w="390" /><ent r="4" t="69" w="389" /><ent r="4" t="69" w="418" /><ent r="4" t="69" w="417" /><ent r="4" t="106" w="148" /><ent r="4" t="106" w="147" /><ent r="4" t="106" w="177" /><ent r="4" t="106" w="176" /><ent r="4" t="174" w="95" /><ent r="4" t="174" w="94" /><ent r="4" t="174" w="127" /><ent r="4" t="174" w="126" /><ent r="4" t="175" w="57" /><ent r="4" t="175" w="56" /><ent r="4" t="175" w="86" /><ent r="4" t="175" w="85" /><ent r="4" t="176" w="130" /><ent r="4" t="176" w="129" /><ent r="4" t="176" w="159" /><ent r="4" t="176" w="158" /><ent r="4" t="177" w="113" /><ent r="4" t="177" w="112" /><ent r="4" t="177" w="140" /><ent r="4" t="177" w="139" /><ent r="4" t="178" w="152" /><ent r="4" t="178" w="151" /><ent r="4" t="178" w="177" /><ent r="4" t="178" w="176" /><ent r="4" t="179" w="151" /><ent r="4" t="179" w="150" /><ent r="4" t="179" w="184" /><ent r="4" t="179" w="183" /><ent r="4" t="179" w="278" /><ent r="4" t="179" w="277" /><ent r="4" t="179" w="306" /><ent r="4" t="179" w="305" /><ent r="4" t="179" w="398" /><ent r="4" t="179" w="397" /><ent r="4" t="179" w="424" /><ent r="4" t="179" w="423" /><ent r="4" t="179" w="522" /><ent r="4" t="179" w="521" /><ent r="4" t="179" w="553" /><ent r="4" t="179" w="552" /><ent r="4" t="180" w="69" /><ent r="4" t="180" w="68" /><ent r="4" t="180" w="97" /><ent r="4" t="180" w="96" /><ent r="4" t="180" w="136" /><ent r="4" t="180" w="135" /><ent r="4" t="180" w="177" /><ent r="4" t="180" w="176" /><ent r="4" t="181" w="45" /><ent r="4" t="181" w="44" /><ent r="4" t="181" w="74" /><ent r="4" t="181" w="73" /><ent r="4" t="182" w="73" /><ent r="4" t="182" w="72" /><ent r="4" t="182" w="103" /><ent r="4" t="182" w="102" /><ent r="4" t="183" w="50" /><ent r="4" t="183" w="49" /><ent r="4" t="183" w="79" /><ent r="4" t="183" w="78" /><ent r="4" t="184" w="87" /><ent r="4" t="184" w="86" /><ent r="4" t="184" w="120" /><ent r="4" t="184" w="119" /><ent r="4" t="185" w="132" /><ent r="4" t="185" w="131" /><ent r="4" t="185" w="159" /><ent r="4" t="185" w="158" /><ent r="4" t="187" w="40" /><ent r="4" t="187" w="39" /><ent r="4" t="187" w="91" /><ent r="4" t="187" w="90" /><ent r="4" t="187" w="180" /><ent r="4" t="187" w="179" /><ent r="4" t="187" w="243" /><ent r="4" t="187" w="242" /><ent r="4" t="188" w="52" /><ent r="4" t="188" w="51" /><ent r="4" t="188" w="99" /><ent r="4" t="188" w="98" /><ent r="4" t="188" w="295" /><ent r="4" t="188" w="294" /><ent r="4" t="188" w="341" /><ent r="4" t="188" w="340" /><ent r="4" t="188" w="451" /><ent r="4" t="188" w="450" /><ent r="4" t="188" w="495" /><ent r="4" t="188" w="494" /><ent r="4" t="190" w="87" /><ent r="4" t="190" w="86" /><ent r="4" t="190" w="152" /><ent r="4" t="190" w="151" /><ent r="4" t="191" w="219" /><ent r="4" t="191" w="218" /><ent r="4" t="191" w="292" /><ent r="4" t="191" w="291" /><ent r="4" t="194" w="46" /><ent r="4" t="194" w="45" /><ent r="4" t="194" w="87" /><ent r="4" t="194" w="86" /><ent r="4" t="249" w="54" /><ent r="4" t="249" w="53" /><ent r="4" t="249" w="75" /><ent r="4" t="249" w="74" /><ent r="4" t="266" w="573" /><ent r="4" t="266" w="572" /><ent r="4" t="266" w="616" /><ent r="4" t="266" w="615" /><ent r="4" t="284" w="74" /><ent r="4" t="284" w="73" /><ent r="4" t="284" w="103" /><ent r="4" t="284" w="102" /></phr></stem><stem n="configuration.file."><phr n="configuration.File."><ent r="4" t="36" w="91" /><ent r="4" t="36" w="90" /><ent r="4" t="183" w="79" /><ent r="4" t="183" w="78" /><ent r="4" t="187" w="40" /><ent r="4" t="187" w="39" /><ent r="4" t="188" w="52" /><ent r="4" t="188" w="51" /><ent r="4" t="190" w="87" /><ent r="4" t="190" w="86" /><ent r="4" t="266" w="573" /><ent r="4" t="266" w="572" /></phr></stem><stem n=".file."><phr n=".File."><ent r="4" t="36" w="92" /><ent r="4" t="183" w="80" /><ent r="4" t="187" w="41" /><ent r="4" t="188" w="53" /><ent r="4" t="190" w="88" /><ent r="4" t="266" w="574" /></phr></stem><stem n="nonflushingstorag"><phr n="NonFlushingStorage"><ent r="4" t="36" w="98" /><ent r="4" t="36" w="136" /><ent r="65" t="186" w="51" /><ent r="1000" t="191" w="1" /><ent r="102" t="191" w="3" /><ent r="3" t="191" w="5" /><ent r="3" t="191" w="117" /><ent r="3" t="191" w="175" /><ent r="4" t="191" w="216" /><ent r="4" t="191" w="289" /><ent r="3" t="191" w="328" /></phr></stem><stem n="(filestorage);"><phr n="(fileStorage);"><ent r="4" t="36" w="100" /><ent r="4" t="191" w="218" /></phr></stem><stem n="dangerouspractis"><phr n="DangerousPractises"><ent r="4" t="36" w="101" /><ent r="4" t="36" w="139" /><ent r="4" t="36" w="202" /><ent r="4" t="36" w="222" /></phr></stem><stem n="dangerouspractises.c"><phr n="DangerousPractises.cs"><ent r="4" t="36" w="102" /><ent r="4" t="36" w="101" /><ent r="4" t="36" w="203" /><ent r="4" t="36" w="202" /></phr></stem><stem n="weaken"><phr n="weakens"><ent r="4" t="36" w="108" /><ent r="4" t="36" w="146" /><ent r="4" t="36" w="207" /><ent r="4" t="36" w="227" /></phr></stem><stem n="acid-properti"><phr n="ACID-properties"><ent r="4" t="36" w="110" /><ent r="4" t="36" w="148" /><ent r="4" t="36" w="209" /><ent r="4" t="36" w="229" /></phr></stem><stem n=".file.storag"><phr n=".File.Storage"><ent r="4" t="36" w="132" /><ent r="4" t="187" w="92" /><ent r="4" t="187" w="181" /><ent r="4" t="187" w="244" /><ent r="4" t="188" w="100" /><ent r="4" t="188" w="296" /><ent r="4" t="188" w="342" /><ent r="4" t="188" w="452" /><ent r="4" t="188" w="496" /><ent r="4" t="190" w="153" /><ent r="4" t="191" w="220" /><ent r="4" t="191" w="293" /><ent r="4" t="194" w="47" /><ent r="4" t="194" w="88" /><ent r="4" t="266" w="617" /></phr></stem><stem n="configuration.file.storag"><phr n="configuration.File.Storage"><ent r="4" t="36" w="132" /><ent r="4" t="36" w="130" /><ent r="4" t="187" w="92" /><ent r="4" t="187" w="90" /><ent r="4" t="187" w="181" /><ent r="4" t="187" w="179" /><ent r="4" t="187" w="244" /><ent r="4" t="187" w="242" /><ent r="4" t="188" w="100" /><ent r="4" t="188" w="98" /><ent r="4" t="188" w="296" /><ent r="4" t="188" w="294" /><ent r="4" t="188" w="342" /><ent r="4" t="188" w="340" /><ent r="4" t="188" w="452" /><ent r="4" t="188" w="450" /><ent r="4" t="188" w="496" /><ent r="4" t="188" w="494" /><ent r="4" t="190" w="153" /><ent r="4" t="190" w="151" /><ent r="4" t="191" w="220" /><ent r="4" t="191" w="218" /><ent r="4" t="191" w="293" /><ent r="4" t="191" w="291" /><ent r="4" t="194" w="47" /><ent r="4" t="194" w="45" /><ent r="4" t="194" w="88" /><ent r="4" t="194" w="86" /><ent r="4" t="266" w="617" /><ent r="4" t="266" w="615" /></phr></stem><stem n="(filestorage)"><phr n="(fileStorage)"><ent r="4" t="36" w="138" /></phr><phr n="(FileStorage)"><ent r="4" t="191" w="291" /></phr></stem><stem n="dangerouspractises.vb"><phr n="DangerousPractises.vb"><ent r="4" t="36" w="140" /><ent r="4" t="36" w="139" /><ent r="4" t="36" w="223" /><ent r="4" t="36" w="222" /></phr></stem><stem n="commit-recoveri"><phr n="commit-recovery"><ent r="3" t="36" w="167" /><ent r="4" t="36" w="205" /><ent r="4" t="36" w="225" /><ent r="6" t="173" w="183" /></phr></stem><stem n="recoveri"><phr n="recovery"><ent r="3" t="36" w="168" /><ent r="4" t="36" w="206" /><ent r="4" t="36" w="226" /><ent r="6" t="173" w="106" /><ent r="6" t="173" w="184" /><ent r="6" t="173" w="252" /><ent r="3" t="178" w="25" /><ent r="3" t="178" w="132" /><ent r="4" t="178" w="159" /><ent r="4" t="178" w="184" /><ent r="3" t="184" w="22" /><ent r="3" t="184" w="46" /><ent r="4" t="184" w="96" /><ent r="4" t="184" w="128" /></phr><phr n="Recovery"><ent r="1000" t="178" w="3" /><ent r="102" t="178" w="7" /><ent r="1000" t="184" w="1" /><ent r="102" t="184" w="4" /><ent r="3" t="184" w="27" /></phr></stem><stem n="-recovery."><phr n="-recovery."><ent r="3" t="36" w="169" /><ent r="3" t="36" w="169" /><ent r="6" t="173" w="185" /><ent r="6" t="173" w="185" /></phr></stem><stem n="consult"><phr n="consulting"><ent r="3" t="36" w="179" /><ent r="3" t="178" w="143" /></phr><phr n="Consult"><ent r="4" t="258" w="296" /></phr></stem><stem n="-enabl"><phr n="-enabled"><ent r="3" t="36" w="190" /><ent r="3" t="36" w="190" /></phr></stem><stem n="re-en"><phr n="re-enabled"><ent r="3" t="36" w="190" /></phr></stem><stem n="restor"><phr n="restoring"><ent r="3" t="36" w="193" /></phr><phr n="Restoring"><ent r="4" t="95" w="144" /></phr><phr n="restored"><ent r="3" t="112" w="142" /></phr><phr n="restore"><ent r="3" t="281" w="98" /></phr><phr n="Restore"><ent r="92" t="281" w="243" /></phr></stem><stem n="configuration.file.disablecommitrecoveri"><phr n="configuration.File.DisableCommitRecovery"><ent r="4" t="36" w="200" /><ent r="4" t="36" w="198" /><ent r="4" t="36" w="220" /><ent r="4" t="36" w="218" /><ent r="4" t="178" w="153" /><ent r="4" t="178" w="151" /><ent r="4" t="178" w="178" /><ent r="4" t="178" w="176" /></phr></stem><stem n="disablecommitrecoveri"><phr n="DisableCommitRecovery"><ent r="4" t="36" w="200" /><ent r="4" t="36" w="220" /><ent r="68" t="173" w="179" /><ent r="4" t="178" w="153" /><ent r="4" t="178" w="178" /></phr></stem><stem n=".file.disablecommitrecovery();"><phr n=".File.DisableCommitRecovery();"><ent r="4" t="36" w="201" /><ent r="4" t="178" w="154" /></phr></stem><stem n="-recoveri"><phr n="-recovery"><ent r="4" t="36" w="205" /><ent r="4" t="36" w="205" /><ent r="4" t="36" w="225" /><ent r="4" t="36" w="225" /></phr></stem><stem n=".file.disablecommitrecovery()"><phr n=".File.DisableCommitRecovery()"><ent r="4" t="36" w="221" /><ent r="4" t="178" w="179" /></phr></stem><stem n="recov"><phr n="recover"><ent r="3" t="37" w="21" /><ent r="8" t="173" w="120" /><ent r="4" t="178" w="18" /><ent r="4" t="184" w="16" /><ent r="3" t="185" w="91" /><ent r="3" t="281" w="198" /></phr></stem><stem n="-phase"><phr n="-phases"><ent r="3" t="37" w="30" /><ent r="3" t="37" w="30" /></phr><phr n="-phase"><ent r="3" t="178" w="30" /><ent r="3" t="178" w="30" /></phr></stem><stem n="transaction-phas"><phr n="transaction-phases"><ent r="3" t="37" w="30" /></phr></stem><stem n="phase"><phr n="phases"><ent r="3" t="37" w="31" /></phr><phr n="Phase"><ent r="6" t="37" w="35" /></phr><phr n="phase"><ent r="3" t="178" w="31" /></phr></stem><stem n="written"><phr n="written"><ent r="6" t="37" w="52" /><ent r="6" t="37" w="112" /><ent r="6" t="37" w="212" /><ent r="6" t="92" w="267" /><ent r="4" t="136" w="113" /><ent r="3" t="136" w="122" /><ent r="3" t="174" w="167" /><ent r="3" t="177" w="82" /><ent r="3" t="178" w="48" /><ent r="3" t="224" w="307" /><ent r="3" t="286" w="16" /><ent r="3" t="315" w="57" /></phr></stem><stem n="slot"><phr n="Slot"><ent r="6" t="37" w="56" /><ent r="1000" t="199" w="2" /><ent r="102" t="199" w="11" /></phr><phr n="slot"><ent r="6" t="37" w="116" /><ent r="3" t="72" w="110" /><ent r="3" t="72" w="117" /><ent r="3" t="117" w="455" /><ent r="4" t="137" w="98" /><ent r="3" t="137" w="107" /><ent r="3" t="137" w="144" /><ent r="3" t="137" w="226" /><ent r="6" t="195" w="129" /><ent r="4" t="199" w="47" /><ent r="4" t="199" w="73" /><ent r="3" t="284" w="258" /><ent r="3" t="292" w="36" /></phr><phr n="slots"><ent r="3" t="72" w="121" /><ent r="3" t="72" w="148" /><ent r="3" t="77" w="19" /><ent r="3" t="137" w="117" /><ent r="4" t="137" w="124" /><ent r="3" t="137" w="131" /><ent r="3" t="137" w="162" /><ent r="4" t="137" w="206" /><ent r="3" t="137" w="212" /><ent r="3" t="137" w="254" /></phr></stem><stem n="database-fil"><phr n="database-file"><ent r="6" t="37" w="59" /><ent r="3" t="79" w="68" /><ent r="3" t="79" w="158" /><ent r="3" t="80" w="12" /><ent r="3" t="80" w="110" /><ent r="3" t="87" w="60" /><ent r="7" t="128" w="90" /><ent r="7" t="128" w="145" /><ent r="3" t="137" w="168" /><ent r="3" t="137" w="243" /><ent r="6" t="173" w="171" /><ent r="3" t="177" w="13" /><ent r="3" t="224" w="394" /><ent r="3" t="257" w="154" /></phr><phr n="database-files"><ent r="4" t="126" w="210" /></phr></stem><stem n="-file."><phr n="-file."><ent r="6" t="37" w="61" /><ent r="6" t="37" w="61" /><ent r="3" t="79" w="160" /><ent r="3" t="79" w="160" /><ent r="3" t="87" w="55" /><ent r="3" t="87" w="55" /><ent r="3" t="224" w="396" /><ent r="3" t="224" w="396" /><ent r="3" t="257" w="156" /><ent r="3" t="257" w="156" /></phr></stem><stem n="-map"><phr n="-mapping"><ent r="6" t="37" w="62" /><ent r="6" t="37" w="62" /><ent r="6" t="37" w="79" /><ent r="6" t="37" w="79" /><ent r="6" t="37" w="129" /><ent r="6" t="37" w="129" /><ent r="3" t="79" w="223" /><ent r="3" t="79" w="223" /><ent r="3" t="224" w="399" /><ent r="3" t="224" w="399" /></phr></stem><stem n="id-map"><phr n="id-mapping"><ent r="6" t="37" w="62" /><ent r="6" t="37" w="79" /><ent r="6" t="37" w="129" /><ent r="3" t="79" w="223" /><ent r="3" t="224" w="399" /></phr></stem><stem n="freespac"><phr n="freespace"><ent r="6" t="37" w="65" /><ent r="6" t="37" w="82" /><ent r="6" t="37" w="132" /><ent r="3" t="72" w="94" /><ent r="3" t="72" w="126" /><ent r="3" t="72" w="156" /><ent r="3" t="72" w="247" /><ent r="3" t="137" w="11" /><ent r="3" t="137" w="34" /><ent r="4" t="137" w="97" /><ent r="4" t="137" w="123" /><ent r="4" t="137" w="205" /><ent r="4" t="137" w="232" /><ent r="3" t="137" w="238" /><ent r="3" t="179" w="29" /><ent r="4" t="179" w="534" /><ent r="4" t="179" w="565" /><ent r="3" t="285" w="260" /><ent r="3" t="285" w="274" /><ent r="3" t="285" w="309" /><ent r="3" t="285" w="362" /></phr><phr n="Freespace"><ent r="92" t="72" w="26" /><ent r="5" t="72" w="39" /><ent r="4" t="72" w="48" /><ent r="5" t="72" w="73" /><ent r="4" t="72" w="82" /><ent r="92" t="72" w="162" /><ent r="5" t="72" w="176" /><ent r="4" t="72" w="185" /><ent r="5" t="72" w="211" /><ent r="4" t="72" w="220" /><ent r="3" t="72" w="238" /><ent r="1000" t="137" w="2" /><ent r="102" t="137" w="5" /><ent r="92" t="137" w="27" /><ent r="92" t="137" w="93" /><ent r="92" t="139" w="105" /><ent r="68" t="173" w="189" /><ent r="1000" t="179" w="1" /><ent r="100" t="179" w="5" /><ent r="102" t="179" w="7" /><ent r="4" t="179" w="152" /><ent r="4" t="179" w="185" /><ent r="92" t="179" w="201" /><ent r="4" t="179" w="279" /><ent r="4" t="179" w="307" /><ent r="92" t="179" w="325" /><ent r="4" t="179" w="399" /><ent r="4" t="179" w="425" /><ent r="92" t="179" w="440" /><ent r="4" t="179" w="523" /><ent r="4" t="179" w="554" /><ent r="92" t="285" w="243" /><ent r="3" t="285" w="245" /></phr></stem><stem n="lost"><phr n="lost"><ent r="6" t="37" w="76" /><ent r="6" t="37" w="126" /><ent r="4" t="47" w="111" /><ent r="3" t="179" w="131" /><ent r="3" t="179" w="253" /><ent r="3" t="185" w="75" /><ent r="3" t="185" w="93" /><ent r="3" t="191" w="94" /><ent r="3" t="246" w="87" /><ent r="3" t="246" w="97" /><ent r="3" t="281" w="301" /><ent r="5" t="281" w="397" /><ent r="5" t="281" w="515" /><ent r="64" t="285" w="316" /><ent r="3" t="285" w="361" /><ent r="3" t="292" w="166" /></phr><phr n="Lost"><ent r="92" t="285" w="296" /></phr></stem><stem n="weren"><phr n="weren"><ent r="6" t="37" w="84" /></phr></stem><stem n="weren't"><phr n="weren't"><ent r="6" t="37" w="85" /><ent r="6" t="37" w="84" /></phr></stem><stem n="roll"><phr n="rolled"><ent r="6" t="37" w="98" /><ent r="6" t="37" w="142" /><ent r="3" t="37" w="237" /><ent r="3" t="54" w="49" /><ent r="3" t="54" w="206" /></phr></stem><stem n="-chang"><phr n="-changes"><ent r="6" t="37" w="105" /><ent r="6" t="37" w="105" /></phr></stem><stem n="id-chang"><phr n="id-changes"><ent r="6" t="37" w="105" /></phr></stem><stem n="-space"><phr n="-space"><ent r="6" t="37" w="108" /><ent r="6" t="37" w="108" /><ent r="6" t="37" w="154" /><ent r="6" t="37" w="154" /><ent r="6" t="37" w="194" /><ent r="6" t="37" w="194" /><ent r="4" t="137" w="60" /><ent r="4" t="137" w="60" /><ent r="4" t="137" w="82" /><ent r="4" t="137" w="82" /><ent r="3" t="137" w="180" /><ent r="3" t="137" w="180" /><ent r="3" t="137" w="247" /><ent r="3" t="137" w="247" /><ent r="6" t="173" w="193" /><ent r="6" t="173" w="193" /><ent r="6" t="173" w="261" /><ent r="6" t="173" w="261" /><ent r="3" t="179" w="109" /><ent r="3" t="179" w="109" /><ent r="3" t="179" w="209" /><ent r="3" t="179" w="209" /><ent r="3" t="179" w="492" /><ent r="3" t="179" w="492" /></phr></stem><stem n="free-spac"><phr n="free-space"><ent r="6" t="37" w="108" /><ent r="6" t="37" w="154" /><ent r="6" t="37" w="194" /><ent r="4" t="137" w="60" /><ent r="4" t="137" w="82" /><ent r="3" t="137" w="180" /><ent r="3" t="137" w="247" /><ent r="3" t="144" w="73" /><ent r="6" t="173" w="193" /><ent r="3" t="179" w="109" /><ent r="3" t="179" w="209" /><ent r="3" t="179" w="492" /><ent r="3" t="179" w="502" /></phr></stem><stem n="damag"><phr n="damaging"><ent r="6" t="37" w="118" /><ent r="3" t="126" w="125" /></phr><phr n="damage"><ent r="3" t="121" w="29" /></phr></stem><stem n="haven"><phr n="haven"><ent r="6" t="37" w="134" /></phr></stem><stem n="haven't"><phr n="haven't"><ent r="6" t="37" w="135" /><ent r="6" t="37" w="134" /></phr></stem><stem n="locat"><phr n="location"><ent r="6" t="37" w="148" /><ent r="6" t="37" w="160" /><ent r="6" t="37" w="200" /><ent r="3" t="88" w="19" /><ent r="3" t="88" w="30" /><ent r="4" t="105" w="45" /><ent r="64" t="106" w="121" /><ent r="3" t="224" w="90" /><ent r="3" t="224" w="412" /><ent r="3" t="244" w="473" /><ent r="3" t="260" w="317" /><ent r="6" t="270" w="344" /><ent r="4" t="272" w="89" /><ent r="5" t="297" w="161" /><ent r="4" t="306" w="600" /></phr><phr n="locations"><ent r="3" t="179" w="218" /></phr></stem><stem n="id-record"><phr n="id-records"><ent r="6" t="37" w="151" /></phr></stem><stem n="-records,"><phr n="-records,"><ent r="6" t="37" w="153" /><ent r="6" t="37" w="153" /></phr></stem><stem n="checksum"><phr n="checksum"><ent r="6" t="37" w="164" /><ent r="6" t="37" w="204" /></phr></stem><stem n="resum"><phr n="resumed"><ent r="6" t="37" w="175" /><ent r="6" t="37" w="216" /></phr></stem><stem n="id-recod"><phr n="id-recods"><ent r="6" t="37" w="191" /></phr></stem><stem n="recod"><phr n="recods"><ent r="6" t="37" w="192" /></phr></stem><stem n="-recods,"><phr n="-recods,"><ent r="6" t="37" w="193" /><ent r="6" t="37" w="193" /></phr></stem><stem n="wasn"><phr n="wasn"><ent r="6" t="37" w="209" /></phr></stem><stem n="wasn't"><phr n="wasn't"><ent r="6" t="37" w="210" /><ent r="6" t="37" w="209" /></phr></stem><stem n="worri"><phr n="worry"><ent r="3" t="37" w="225" /><ent r="3" t="48" w="78" /><ent r="3" t="50" w="711" /><ent r="3" t="292" w="106" /></phr></stem><stem n="whenev"><phr n="Whenever"><ent r="3" t="37" w="239" /><ent r="3" t="177" w="21" /><ent r="4" t="238" w="136" /><ent r="4" t="238" w="159" /></phr><phr n="whenever"><ent r="3" t="44" w="52" /><ent r="6" t="300" w="320" /></phr></stem><stem n="succe"><phr n="succeeds"><ent r="3" t="37" w="246" /></phr></stem><stem n="-call,"><phr n="-call,"><ent r="3" t="37" w="262" /><ent r="3" t="37" w="262" /><ent r="3" t="174" w="177" /><ent r="3" t="174" w="177" /></phr></stem><stem n="undon"><phr n="undone"><ent r="3" t="37" w="265" /></phr></stem><stem n="mayb"><phr n="maybe"><ent r="3" t="38" w="14" /><ent r="3" t="114" w="262" /><ent r="3" t="197" w="48" /><ent r="2" t="198" w="50" /><ent r="3" t="268" w="357" /><ent r="3" t="281" w="214" /><ent r="3" t="293" w="156" /><ent r="3" t="294" w="101" /></phr><phr n="Maybe"><ent r="3" t="38" w="489" /><ent r="4" t="52" w="74" /><ent r="3" t="68" w="74" /><ent r="3" t="174" w="185" /><ent r="3" t="243" w="363" /></phr></stem><stem n="notic"><phr n="noticed"><ent r="3" t="38" w="15" /></phr></stem><stem n="-ident"><phr n="-identity"><ent r="3" t="38" w="44" /><ent r="3" t="38" w="44" /><ent r="64" t="44" w="112" /><ent r="64" t="44" w="112" /><ent r="3" t="109" w="232" /><ent r="3" t="109" w="232" /><ent r="64" t="246" w="19" /><ent r="64" t="246" w="19" /><ent r="3" t="246" w="71" /><ent r="3" t="246" w="71" /><ent r="3" t="246" w="84" /><ent r="3" t="246" w="84" /><ent r="3" t="246" w="94" /><ent r="3" t="246" w="94" /><ent r="64" t="253" w="23" /><ent r="64" t="253" w="23" /></phr></stem><stem n="object-ident"><phr n="object-identity"><ent r="3" t="38" w="44" /><ent r="64" t="44" w="112" /><ent r="3" t="99" w="41" /><ent r="3" t="109" w="232" /><ent r="64" t="246" w="19" /><ent r="3" t="246" w="71" /><ent r="3" t="246" w="84" /><ent r="3" t="246" w="94" /><ent r="64" t="253" w="23" /></phr></stem><stem n="represent"><phr n="representation"><ent r="3" t="38" w="63" /><ent r="3" t="38" w="229" /><ent r="3" t="139" w="40" /><ent r="3" t="166" w="80" /><ent r="4" t="166" w="214" /><ent r="3" t="166" w="376" /><ent r="3" t="292" w="213" /></phr></stem><stem n="thumb"><phr n="thumb"><ent r="3" t="38" w="86" /><ent r="3" t="59" w="262" /><ent r="3" t="238" w="357" /></phr></stem><stem n="repres"><phr n="represented"><ent r="3" t="38" w="116" /><ent r="3" t="105" w="100" /><ent r="3" t="140" w="153" /><ent r="3" t="246" w="33" /></phr><phr n="represent"><ent r="3" t="69" w="473" /><ent r="3" t="169" w="52" /><ent r="3" t="268" w="190" /><ent r="3" t="268" w="384" /></phr><phr n="represents"><ent r="3" t="224" w="389" /><ent r="3" t="243" w="102" /><ent r="3" t="243" w="377" /><ent r="3" t="268" w="172" /></phr><phr n="representing"><ent r="3" t="236" w="107" /></phr></stem><stem n="thecar"><phr n="theCar"><ent r="4" t="38" w="125" /><ent r="4" t="38" w="136" /><ent r="4" t="38" w="157" /><ent r="4" t="38" w="188" /><ent r="4" t="40" w="334" /><ent r="4" t="40" w="341" /><ent r="4" t="40" w="364" /></phr></stem><stem n="container.query&lt;car&gt;"><phr n="container.Query&lt;Car&gt;"><ent r="4" t="38" w="127" /><ent r="4" t="38" w="126" /><ent r="4" t="40" w="336" /><ent r="4" t="40" w="335" /></phr></stem><stem n="query&lt;car&gt;"><phr n="Query&lt;Car&gt;"><ent r="4" t="38" w="127" /><ent r="4" t="38" w="276" /><ent r="4" t="38" w="281" /><ent r="4" t="40" w="336" /></phr></stem><stem n=".query&lt;car&gt;()[0];"><phr n=".Query&lt;Car&gt;()[0];"><ent r="4" t="38" w="129" /><ent r="4" t="38" w="278" /><ent r="4" t="38" w="283" /><ent r="4" t="40" w="338" /></phr></stem><stem n="thepilot"><phr n="thePilot"><ent r="4" t="38" w="130" /><ent r="4" t="38" w="139" /><ent r="4" t="38" w="170" /><ent r="4" t="38" w="192" /></phr></stem><stem n="pilotviacar"><phr n="pilotViaCar"><ent r="4" t="38" w="135" /><ent r="4" t="38" w="140" /><ent r="4" t="38" w="183" /><ent r="4" t="38" w="193" /></phr></stem><stem n="thecar.pilot"><phr n="theCar.Pilot"><ent r="4" t="38" w="137" /><ent r="4" t="38" w="136" /><ent r="4" t="38" w="189" /><ent r="4" t="38" w="188" /></phr></stem><stem n=".pilot;"><phr n=".Pilot;"><ent r="4" t="38" w="138" /><ent r="4" t="254" w="113" /><ent r="4" t="254" w="117" /></phr></stem><stem n="asserttru"><phr n="AssertTrue"><ent r="4" t="38" w="138" /><ent r="4" t="38" w="190" /></phr></stem><stem n="(thepilot"><phr n="(thePilot"><ent r="4" t="38" w="139" /></phr></stem><stem n="identityconcept"><phr n="IdentityConcepts"><ent r="4" t="38" w="142" /><ent r="4" t="38" w="195" /><ent r="4" t="38" w="287" /><ent r="4" t="38" w="335" /><ent r="4" t="40" w="343" /><ent r="4" t="40" w="375" /></phr></stem><stem n="identityconcepts.c"><phr n="IdentityConcepts.cs"><ent r="4" t="38" w="143" /><ent r="4" t="38" w="142" /><ent r="4" t="38" w="288" /><ent r="4" t="38" w="287" /><ent r="4" t="40" w="344" /><ent r="4" t="40" w="343" /></phr></stem><stem n="referenceequ"><phr n="ReferenceEquals"><ent r="4" t="38" w="191" /><ent r="4" t="38" w="331" /><ent r="4" t="112" w="469" /><ent r="4" t="112" w="482" /><ent r="4" t="112" w="519" /><ent r="4" t="112" w="532" /><ent r="4" t="112" w="916" /><ent r="4" t="112" w="930" /><ent r="4" t="112" w="996" /><ent r="4" t="112" w="1010" /></phr></stem><stem n="(referenceequals(thepilot,"><phr n="(ReferenceEquals(thePilot,"><ent r="4" t="38" w="193" /></phr></stem><stem n="identityconcepts.vb"><phr n="IdentityConcepts.vb"><ent r="4" t="38" w="196" /><ent r="4" t="38" w="195" /><ent r="4" t="38" w="336" /><ent r="4" t="38" w="335" /><ent r="4" t="40" w="376" /><ent r="4" t="40" w="375" /></phr></stem><stem n="(for"><phr n="(for"><ent r="3" t="38" w="240" /><ent r="3" t="170" w="22" /><ent r="5" t="294" w="232" /><ent r="3" t="300" w="56" /></phr></stem><stem n="-server-mod"><phr n="-server-mode"><ent r="64" t="38" w="250" /><ent r="64" t="38" w="251" /><ent r="3" t="232" w="361" /><ent r="3" t="232" w="362" /></phr></stem><stem n="client-serv"><phr n="client-server"><ent r="64" t="38" w="250" /><ent r="3" t="68" w="18" /><ent r="4" t="96" w="1003" /><ent r="3" t="97" w="25" /><ent r="3" t="109" w="102" /><ent r="3" t="138" w="16" /><ent r="3" t="165" w="68" /><ent r="3" t="200" w="91" /><ent r="6" t="202" w="93" /><ent r="3" t="207" w="33" /><ent r="3" t="208" w="13" /><ent r="3" t="229" w="43" /><ent r="3" t="230" w="24" /><ent r="3" t="232" w="361" /><ent r="3" t="237" w="24" /><ent r="2" t="238" w="73" /><ent r="3" t="266" w="59" /><ent r="63" t="276" w="245" /><ent r="65" t="308" w="149" /></phr><phr n="Client-Server"><ent r="92" t="67" w="348" /><ent r="126" t="208" w="102" /><ent r="1000" t="226" w="1" /><ent r="100" t="226" w="6" /><ent r="102" t="226" w="9" /><ent r="1000" t="227" w="4" /><ent r="102" t="227" w="11" /><ent r="1000" t="237" w="4" /><ent r="102" t="237" w="15" /><ent r="1000" t="238" w="1" /><ent r="102" t="238" w="7" /><ent r="92" t="282" w="345" /></phr></stem><stem n="client-server-mod"><phr n="client-server-mode"><ent r="64" t="38" w="250" /><ent r="3" t="97" w="25" /><ent r="3" t="232" w="361" /></phr></stem><stem n="server-mod"><phr n="server-mode"><ent r="64" t="38" w="251" /><ent r="3" t="97" w="26" /><ent r="3" t="143" w="23" /><ent r="3" t="202" w="21" /><ent r="3" t="224" w="18" /><ent r="3" t="232" w="34" /><ent r="3" t="232" w="362" /></phr><phr n="Server-Mode"><ent r="65" t="96" w="1030" /><ent r="92" t="142" w="453" /><ent r="1000" t="232" w="4" /><ent r="102" t="232" w="10" /></phr></stem><stem n="memory-ident"><phr n="memory-identity"><ent r="3" t="38" w="259" /></phr></stem><stem n="-identity."><phr n="-identity."><ent r="3" t="38" w="261" /><ent r="3" t="38" w="261" /><ent r="3" t="99" w="43" /><ent r="3" t="99" w="43" /></phr></stem><stem n="loadedwithcontainer1"><phr n="loadedWithContainer1"><ent r="4" t="38" w="274" /><ent r="4" t="38" w="284" /><ent r="4" t="38" w="307" /><ent r="4" t="38" w="332" /></phr></stem><stem n="container1"><phr n="container1"><ent r="4" t="38" w="275" /><ent r="4" t="38" w="312" /></phr></stem><stem n="container1.query&lt;car&gt;"><phr n="container1.Query&lt;Car&gt;"><ent r="4" t="38" w="276" /><ent r="4" t="38" w="275" /></phr></stem><stem n="loadedwithcontainer2"><phr n="loadedWithContainer2"><ent r="4" t="38" w="279" /><ent r="4" t="38" w="285" /><ent r="4" t="38" w="320" /><ent r="4" t="38" w="333" /></phr></stem><stem n="container2"><phr n="container2"><ent r="4" t="38" w="280" /><ent r="4" t="38" w="325" /></phr></stem></index>