﻿<?xml version="1.0" encoding="utf-8"?><index><stem n="(nonstorabletype)).translate("><phr n="(NonStorableType)).Translate("><ent r="4" t="114" w="734" /><ent r="4" t="114" w="781" /></phr></stem><stem n="nonstorabletype-class"><phr n="NonStorableType-class"><ent r="4" t="114" w="755" /><ent r="4" t="114" w="808" /></phr></stem><stem n="testdata"><phr n="TestData"><ent r="5" t="114" w="862" /><ent r="5" t="114" w="886" /></phr></stem><stem n="&quot;testdata&quot;"><phr n="&quot;TestData&quot;"><ent r="5" t="114" w="863" /><ent r="5" t="114" w="887" /></phr></stem><stem n="container.query&lt;nonstorabletype&gt;"><phr n="container.Query&lt;NonStorableType&gt;"><ent r="4" t="114" w="906" /><ent r="4" t="114" w="905" /></phr></stem><stem n="query&lt;nonstorabletype&gt;"><phr n="Query&lt;NonStorableType&gt;"><ent r="4" t="114" w="906" /></phr></stem><stem n=".query&lt;nonstorabletype&gt;()[0];"><phr n=".Query&lt;NonStorableType&gt;()[0];"><ent r="4" t="114" w="908" /></phr></stem><stem n="great"><phr n="great"><ent r="3" t="114" w="957" /><ent r="3" t="224" w="211" /></phr></stem><stem n="seriou"><phr n="serious"><ent r="3" t="114" w="969" /><ent r="3" t="261" w="45" /><ent r="3" t="274" w="411" /></phr></stem><stem n="build-in"><phr n="build-in"><ent r="3" t="115" w="12" /></phr></stem><stem n="nedd"><phr n="nedd"><ent r="3" t="115" w="35" /></phr></stem><stem n="ttransient"><phr n="TTransient"><ent r="4" t="115" w="39" /><ent r="3" t="276" w="184" /><ent r="3" t="276" w="194" /><ent r="3" t="276" w="197" /></phr></stem><stem n="usabl"><phr n="Usable"><ent r="4" t="115" w="47" /></phr><phr n="usable"><ent r="3" t="118" w="87" /></phr></stem><stem n="tserializ"><phr n="TSerializable"><ent r="4" t="115" w="68" /><ent r="4" t="220" w="52" /><ent r="4" t="220" w="89" /></phr></stem><stem n="serialis"><phr n="serialisation"><ent r="4" t="115" w="73" /><ent r="5" t="116" w="99" /></phr></stem><stem n="nevertheless"><phr n="Nevertheless"><ent r="3" t="115" w="100" /><ent r="3" t="226" w="23" /></phr></stem><stem n="typehandl"><phr n="TypeHandlers"><ent r="1000" t="116" w="1" /><ent r="100" t="116" w="3" /><ent r="102" t="116" w="5" /><ent r="3" t="116" w="7" /><ent r="64" t="162" w="33" /></phr><phr n="typehandler"><ent r="3" t="116" w="16" /><ent r="5" t="116" w="111" /><ent r="3" t="116" w="245" /><ent r="3" t="117" w="12" /><ent r="3" t="117" w="22" /><ent r="3" t="117" w="680" /><ent r="3" t="117" w="696" /><ent r="3" t="117" w="699" /></phr><phr n="typehandlers"><ent r="5" t="116" w="141" /><ent r="3" t="117" w="53" /></phr><phr n="Typehandler"><ent r="1000" t="117" w="2" /><ent r="102" t="117" w="6" /></phr><phr n="TypeHandler"><ent r="6" t="143" w="351" /></phr></stem><stem n="stream"><phr n="stream"><ent r="3" t="116" w="31" /><ent r="6" t="143" w="326" /><ent r="3" t="158" w="120" /><ent r="3" t="163" w="35" /><ent r="4" t="163" w="52" /><ent r="4" t="163" w="80" /><ent r="4" t="272" w="85" /><ent r="4" t="272" w="106" /></phr><phr n="Stream"><ent r="64" t="158" w="126" /><ent r="1000" t="163" w="4" /><ent r="102" t="163" w="9" /></phr></stem><stem n="mind"><phr n="mind"><ent r="3" t="116" w="78" /><ent r="3" t="240" w="120" /><ent r="3" t="240" w="795" /><ent r="3" t="240" w="982" /><ent r="3" t="267" w="67" /></phr></stem><stem n="scheme"><phr n="scheme"><ent r="5" t="116" w="100" /><ent r="3" t="234" w="39" /></phr></stem><stem n="typehandler-api"><phr n="typehandler-API"><ent r="5" t="116" w="111" /></phr></stem><stem n="undocu"><phr n="undocumented"><ent r="5" t="116" w="115" /><ent r="5" t="116" w="132" /></phr></stem><stem n="elabor"><phr n="Elaborate"><ent r="5" t="116" w="125" /></phr></stem><stem n="knowledg"><phr n="knowledge"><ent r="5" t="116" w="130" /></phr></stem><stem n="mistak"><phr n="Mistakes"><ent r="5" t="116" w="139" /></phr><phr n="mistakes"><ent r="3" t="116" w="237" /></phr><phr n="mistake"><ent r="3" t="116" w="242" /></phr></stem><stem n="cryptic"><phr n="cryptic"><ent r="5" t="116" w="145" /></phr></stem><stem n="configuration.common.registertypehandl"><phr n="configuration.Common.RegisterTypeHandler"><ent r="4" t="116" w="158" /><ent r="4" t="116" w="156" /><ent r="4" t="116" w="195" /><ent r="4" t="116" w="193" /><ent r="4" t="117" w="708" /><ent r="4" t="117" w="706" /><ent r="4" t="117" w="745" /><ent r="4" t="117" w="743" /></phr></stem><stem n="registertypehandl"><phr n="RegisterTypeHandler"><ent r="4" t="116" w="158" /><ent r="4" t="116" w="195" /><ent r="4" t="117" w="708" /><ent r="4" t="117" w="745" /><ent r="68" t="143" w="346" /></phr></stem><stem n=".common.registertypehandler("><phr n=".Common.RegisterTypeHandler("><ent r="4" t="116" w="159" /><ent r="4" t="116" w="196" /><ent r="4" t="117" w="709" /><ent r="4" t="117" w="746" /></phr></stem><stem n="singleclasstypehandlerpred"><phr n="SingleClassTypeHandlerPredicate"><ent r="4" t="116" w="162" /><ent r="4" t="116" w="199" /><ent r="4" t="117" w="712" /><ent r="4" t="117" w="749" /></phr></stem><stem n="stringbuild"><phr n="StringBuilder"><ent r="4" t="116" w="166" /><ent r="4" t="116" w="203" /><ent r="3" t="117" w="25" /><ent r="3" t="117" w="32" /><ent r="4" t="117" w="118" /><ent r="4" t="117" w="120" /><ent r="4" t="117" w="148" /><ent r="4" t="117" w="190" /><ent r="4" t="117" w="195" /><ent r="4" t="117" w="236" /><ent r="4" t="117" w="343" /><ent r="4" t="117" w="353" /><ent r="4" t="117" w="419" /><ent r="4" t="117" w="433" /><ent r="4" t="117" w="716" /><ent r="4" t="117" w="753" /></phr></stem><stem n="(stringbuilder)),"><phr n="(StringBuilder)),"><ent r="4" t="116" w="167" /><ent r="4" t="116" w="204" /><ent r="4" t="117" w="717" /><ent r="4" t="117" w="754" /></phr></stem><stem n="stringbuilderhandl"><phr n="StringBuilderHandler"><ent r="4" t="116" w="170" /><ent r="4" t="116" w="207" /><ent r="4" t="117" w="144" /><ent r="4" t="117" w="232" /><ent r="4" t="117" w="349" /><ent r="4" t="117" w="429" /><ent r="4" t="117" w="489" /><ent r="4" t="117" w="563" /><ent r="4" t="117" w="617" /><ent r="4" t="117" w="654" /><ent r="4" t="117" w="720" /><ent r="4" t="117" w="757" /></phr></stem><stem n="typehandlerexampl"><phr n="TypeHandlerExample"><ent r="4" t="116" w="172" /><ent r="4" t="116" w="209" /><ent r="4" t="117" w="722" /><ent r="4" t="117" w="759" /></phr></stem><stem n="typehandlerexample.c"><phr n="TypeHandlerExample.cs"><ent r="4" t="116" w="173" /><ent r="4" t="116" w="172" /><ent r="4" t="117" w="723" /><ent r="4" t="117" w="722" /></phr></stem><stem n="typehandlerexample.vb"><phr n="TypeHandlerExample.vb"><ent r="4" t="116" w="210" /><ent r="4" t="116" w="209" /><ent r="4" t="117" w="760" /><ent r="4" t="117" w="759" /></phr></stem><stem n="lose"><phr n="lose"><ent r="3" t="116" w="248" /><ent r="3" t="174" w="200" /><ent r="3" t="179" w="369" /></phr><phr n="losing"><ent r="3" t="286" w="68" /><ent r="4" t="286" w="160" /></phr></stem><stem n="valuetypehandl"><phr n="ValueTypeHandler"><ent r="3" t="117" w="41" /></phr></stem><stem n="typehandler4"><phr n="TypeHandler4"><ent r="3" t="117" w="59" /></phr></stem><stem n="indexabletypehandl"><phr n="IndexableTypeHandler"><ent r="3" t="117" w="77" /></phr></stem><stem n="determin"><phr n="determines"><ent r="3" t="117" w="100" /><ent r="3" t="176" w="10" /></phr><phr n="determined"><ent r="4" t="164" w="86" /></phr></stem><stem n="(iwritecontext"><phr n="(IWriteContext"><ent r="4" t="117" w="112" /></phr></stem><stem n="iwritecontext"><phr n="IWriteContext"><ent r="4" t="117" w="112" /><ent r="4" t="117" w="168" /></phr></stem><stem n="writecontext"><phr n="writeContext"><ent r="4" t="117" w="113" /><ent r="4" t="117" w="136" /><ent r="4" t="117" w="140" /><ent r="4" t="117" w="164" /><ent r="4" t="117" w="220" /><ent r="4" t="117" w="224" /></phr><phr n="WriteContext"><ent r="4" t="117" w="261" /><ent r="4" t="117" w="263" /></phr></stem><stem n="o"><phr n="o"><ent r="4" t="117" w="117" /><ent r="4" t="117" w="121" /><ent r="4" t="117" w="172" /><ent r="4" t="117" w="194" /><ent r="4" t="130" w="192" /><ent r="4" t="130" w="200" /><ent r="4" t="130" w="209" /><ent r="4" t="130" w="244" /><ent r="4" t="130" w="254" /><ent r="4" t="130" w="471" /><ent r="4" t="130" w="494" /><ent r="4" t="130" w="502" /><ent r="4" t="130" w="576" /><ent r="4" t="130" w="603" /><ent r="4" t="240" w="187" /><ent r="4" t="240" w="190" /><ent r="4" t="240" w="253" /><ent r="4" t="240" w="260" /><ent r="4" t="240" w="837" /><ent r="4" t="240" w="840" /><ent r="4" t="240" w="890" /><ent r="4" t="240" w="897" /><ent r="4" t="250" w="315" /><ent r="4" t="250" w="323" /><ent r="4" t="250" w="330" /><ent r="4" t="250" w="359" /><ent r="4" t="250" w="364" /><ent r="4" t="251" w="504" /><ent r="4" t="251" w="512" /><ent r="4" t="251" w="518" /><ent r="4" t="251" w="542" /><ent r="4" t="251" w="554" /><ent r="4" t="251" w="560" /><ent r="5" t="262" w="181" /></phr></stem><stem n="builder"><phr n="builder"><ent r="4" t="117" w="119" /><ent r="4" t="117" w="126" /><ent r="4" t="117" w="186" /><ent r="4" t="117" w="205" /><ent r="4" t="297" w="41" /><ent r="7" t="313" w="375" /><ent r="6" t="313" w="402" /><ent r="6" t="313" w="415" /></phr><phr n="builders"><ent r="3" t="117" w="775" /></phr><phr n="Builder"><ent r="3" t="290" w="110" /><ent r="3" t="290" w="124" /></phr></stem><stem n="(stringbuilder)"><phr n="(StringBuilder)"><ent r="4" t="117" w="121" /></phr></stem><stem n="str"><phr n="str"><ent r="4" t="117" w="125" /><ent r="4" t="117" w="135" /><ent r="4" t="117" w="199" /><ent r="4" t="117" w="219" /></phr></stem><stem n="builder.tostr"><phr n="builder.ToString"><ent r="4" t="117" w="127" /><ent r="4" t="117" w="126" /><ent r="4" t="117" w="206" /><ent r="4" t="117" w="205" /></phr></stem><stem n=".tostring();"><phr n=".ToString();"><ent r="4" t="117" w="128" /></phr></stem><stem n="encoding.utf8"><phr n="Encoding.UTF8"><ent r="4" t="117" w="133" /><ent r="4" t="117" w="132" /><ent r="4" t="117" w="217" /><ent r="4" t="117" w="216" /><ent r="4" t="117" w="345" /><ent r="4" t="117" w="344" /><ent r="4" t="117" w="421" /><ent r="4" t="117" w="420" /></phr></stem><stem n="utf8"><phr n="UTF8"><ent r="4" t="117" w="133" /><ent r="4" t="117" w="217" /><ent r="4" t="117" w="275" /><ent r="4" t="117" w="345" /><ent r="4" t="117" w="421" /><ent r="64" t="285" w="159" /></phr><phr n="Utf8"><ent r="4" t="169" w="157" /><ent r="4" t="169" w="185" /></phr><phr n="utf8"><ent r="4" t="169" w="163" /><ent r="4" t="169" w="191" /></phr></stem><stem n="encoding.utf8.getbyt"><phr n="Encoding.UTF8.GetBytes"><ent r="4" t="117" w="134" /><ent r="4" t="117" w="132" /><ent r="4" t="117" w="218" /><ent r="4" t="117" w="216" /></phr></stem><stem n="getbyt"><phr n="GetBytes"><ent r="4" t="117" w="134" /><ent r="4" t="117" w="218" /></phr></stem><stem n=".utf8.getbytes(str);"><phr n=".UTF8.GetBytes(str);"><ent r="4" t="117" w="136" /></phr></stem><stem n="writecontext.writeint"><phr n="writeContext.WriteInt"><ent r="4" t="117" w="137" /><ent r="4" t="117" w="136" /><ent r="4" t="117" w="221" /><ent r="4" t="117" w="220" /></phr></stem><stem n="writeint"><phr n="WriteInt"><ent r="4" t="117" w="137" /><ent r="4" t="117" w="221" /></phr></stem><stem n="bytes.length"><phr n="bytes.Length"><ent r="4" t="117" w="139" /><ent r="4" t="117" w="138" /><ent r="4" t="117" w="223" /><ent r="4" t="117" w="222" /></phr></stem><stem n=".writeint(bytes.length);"><phr n=".WriteInt(bytes.Length);"><ent r="4" t="117" w="140" /></phr></stem><stem n="writecontext.writebyt"><phr n="writeContext.WriteBytes"><ent r="4" t="117" w="141" /><ent r="4" t="117" w="140" /><ent r="4" t="117" w="225" /><ent r="4" t="117" w="224" /></phr></stem><stem n="writebyt"><phr n="WriteBytes"><ent r="4" t="117" w="141" /><ent r="4" t="117" w="225" /></phr></stem><stem n=".writebytes(bytes);"><phr n=".WriteBytes(bytes);"><ent r="4" t="117" w="143" /></phr></stem><stem n="stringbuilderhandler.c"><phr n="StringBuilderHandler.cs"><ent r="4" t="117" w="145" /><ent r="4" t="117" w="144" /><ent r="4" t="117" w="350" /><ent r="4" t="117" w="349" /><ent r="4" t="117" w="490" /><ent r="4" t="117" w="489" /><ent r="4" t="117" w="618" /><ent r="4" t="117" w="617" /></phr></stem><stem n="ivaluetypehandl"><phr n="IValueTypeHandler"><ent r="4" t="117" w="181" /><ent r="4" t="117" w="382" /><ent r="4" t="117" w="517" /><ent r="4" t="117" w="645" /></phr></stem><stem n=".write"><phr n=".Write"><ent r="4" t="117" w="182" /></phr></stem><stem n="ivaluetypehandler.writ"><phr n="IValueTypeHandler.Write"><ent r="4" t="117" w="182" /><ent r="4" t="117" w="181" /></phr></stem><stem n="(o,"><phr n="(o,"><ent r="4" t="117" w="195" /></phr></stem><stem n=".tostring()"><phr n=".ToString()"><ent r="4" t="117" w="207" /></phr></stem><stem n=".utf8.getbytes(str)"><phr n=".UTF8.GetBytes(str)"><ent r="4" t="117" w="220" /></phr></stem><stem n=".writeint(bytes.length)"><phr n=".WriteInt(bytes.Length)"><ent r="4" t="117" w="224" /></phr></stem><stem n=".writebytes(bytes)"><phr n=".WriteBytes(bytes)"><ent r="4" t="117" w="227" /></phr></stem><stem n="stringbuilderhandler.vb"><phr n="StringBuilderHandler.vb"><ent r="4" t="117" w="233" /><ent r="4" t="117" w="232" /><ent r="4" t="117" w="430" /><ent r="4" t="117" w="429" /><ent r="4" t="117" w="564" /><ent r="4" t="117" w="563" /><ent r="4" t="117" w="655" /><ent r="4" t="117" w="654" /></phr></stem><stem n="buffer"><phr n="buffer"><ent r="4" t="117" w="259" /><ent r="3" t="117" w="448" /><ent r="4" t="193" w="190" /><ent r="4" t="193" w="215" /><ent r="4" t="193" w="229" /><ent r="4" t="193" w="253" /><ent r="4" t="193" w="452" /><ent r="4" t="193" w="483" /><ent r="4" t="193" w="502" /><ent r="4" t="193" w="530" /></phr><phr n="buffers"><ent r="3" t="174" w="20" /></phr></stem><stem n="/i"><phr n="/I"><ent r="4" t="117" w="262" /></phr></stem><stem n="writecontext/i"><phr n="WriteContext/I"><ent r="4" t="117" w="262" /><ent r="4" t="117" w="261" /></phr></stem><stem n="-content"><phr n="-content"><ent r="4" t="117" w="267" /><ent r="4" t="117" w="267" /></phr></stem><stem n="string-cont"><phr n="string-content"><ent r="4" t="117" w="267" /></phr></stem><stem n="-arrai"><phr n="-array"><ent r="4" t="117" w="271" /><ent r="4" t="117" w="271" /><ent r="4" t="122" w="119" /><ent r="4" t="122" w="119" /><ent r="4" t="122" w="286" /><ent r="4" t="122" w="286" /><ent r="4" t="122" w="360" /><ent r="4" t="122" w="360" /></phr></stem><stem n="byte-arrai"><phr n="byte-array"><ent r="4" t="117" w="271" /><ent r="4" t="117" w="284" /><ent r="3" t="188" w="150" /></phr></stem><stem n="-array."><phr n="-array."><ent r="4" t="117" w="286" /><ent r="4" t="117" w="286" /><ent r="4" t="122" w="114" /><ent r="4" t="122" w="114" /><ent r="3" t="188" w="152" /><ent r="3" t="188" w="152" /></phr></stem><stem n="opposit"><phr n="opposite"><ent r="3" t="117" w="306" /></phr></stem><stem n="(ireadcontext"><phr n="(IReadContext"><ent r="4" t="117" w="317" /></phr></stem><stem n="ireadcontext"><phr n="IReadContext"><ent r="4" t="117" w="317" /><ent r="4" t="117" w="373" /></phr></stem><stem n="readcontext"><phr n="readContext"><ent r="4" t="117" w="318" /><ent r="4" t="117" w="323" /><ent r="4" t="117" w="335" /><ent r="4" t="117" w="369" /><ent r="4" t="117" w="393" /><ent r="4" t="117" w="411" /></phr></stem><stem n="readcontext.readint"><phr n="readContext.ReadInt"><ent r="4" t="117" w="324" /><ent r="4" t="117" w="323" /><ent r="4" t="117" w="394" /><ent r="4" t="117" w="393" /></phr></stem><stem n="readint"><phr n="ReadInt"><ent r="4" t="117" w="324" /><ent r="4" t="117" w="394" /><ent r="4" t="117" w="481" /><ent r="4" t="117" w="551" /></phr></stem><stem n=".readint();"><phr n=".ReadInt();"><ent r="4" t="117" w="325" /><ent r="4" t="117" w="482" /></phr></stem><stem n="[length];"><phr n="[length];"><ent r="4" t="117" w="335" /></phr></stem><stem n="readcontext.readbyt"><phr n="readContext.ReadBytes"><ent r="4" t="117" w="336" /><ent r="4" t="117" w="335" /><ent r="4" t="117" w="412" /><ent r="4" t="117" w="411" /></phr></stem><stem n="readbyt"><phr n="ReadBytes"><ent r="4" t="117" w="336" /><ent r="4" t="117" w="412" /></phr></stem><stem n=".readbytes(data);"><phr n=".ReadBytes(data);"><ent r="4" t="117" w="338" /></phr></stem><stem n="encoding.utf8.getstr"><phr n="Encoding.UTF8.GetString"><ent r="4" t="117" w="346" /><ent r="4" t="117" w="344" /><ent r="4" t="117" w="422" /><ent r="4" t="117" w="420" /></phr></stem><stem n="getstr"><phr n="GetString"><ent r="4" t="117" w="346" /><ent r="4" t="117" w="422" /></phr></stem><stem n="(encoding.utf8.getstring(data));"><phr n="(Encoding.UTF8.GetString(data));"><ent r="4" t="117" w="348" /></phr></stem><stem n=".read"><phr n=".Read"><ent r="4" t="117" w="383" /></phr></stem><stem n="ivaluetypehandler.read"><phr n="IValueTypeHandler.Read"><ent r="4" t="117" w="383" /><ent r="4" t="117" w="382" /></phr></stem><stem n=".readint()"><phr n=".ReadInt()"><ent r="4" t="117" w="395" /><ent r="4" t="117" w="552" /></phr></stem><stem n="(length"><phr n="(length"><ent r="4" t="117" w="409" /></phr></stem><stem n="{}"><phr n="{}"><ent r="4" t="117" w="411" /></phr></stem><stem n=".readbytes(data)"><phr n=".ReadBytes(data)"><ent r="4" t="117" w="414" /></phr></stem><stem n="(encoding.utf8.getstring(data))"><phr n="(Encoding.UTF8.GetString(data))"><ent r="4" t="117" w="424" /></phr></stem><stem n="reposit"><phr n="reposition"><ent r="3" t="117" w="446" /></phr></stem><stem n="offset"><phr n="offset"><ent r="3" t="117" w="449" /><ent r="3" t="117" w="585" /></phr><phr n="Offset"><ent r="4" t="117" w="485" /><ent r="4" t="117" w="555" /></phr></stem><stem n="(ideletecontext"><phr n="(IDeleteContext"><ent r="4" t="117" w="462" /></phr></stem><stem n="ideletecontext"><phr n="IDeleteContext"><ent r="4" t="117" w="462" /><ent r="4" t="117" w="513" /></phr></stem><stem n="deletecontext"><phr n="deleteContext"><ent r="4" t="117" w="463" /><ent r="4" t="117" w="465" /><ent r="4" t="117" w="475" /><ent r="4" t="117" w="480" /><ent r="4" t="117" w="482" /><ent r="4" t="117" w="484" /><ent r="4" t="117" w="509" /><ent r="4" t="117" w="520" /><ent r="4" t="117" w="536" /><ent r="4" t="117" w="550" /><ent r="4" t="117" w="552" /><ent r="4" t="117" w="554" /></phr></stem><stem n="skipdata"><phr n="SkipData"><ent r="4" t="117" w="464" /><ent r="4" t="117" w="473" /><ent r="4" t="117" w="519" /><ent r="4" t="117" w="532" /><ent r="4" t="117" w="614" /><ent r="4" t="117" w="647" /></phr></stem><stem n="(deletecontext);"><phr n="(deleteContext);"><ent r="4" t="117" w="466" /></phr></stem><stem n="(ireadbuff"><phr n="(IReadBuffer"><ent r="4" t="117" w="474" /></phr></stem><stem n="ireadbuff"><phr n="IReadBuffer"><ent r="4" t="117" w="474" /><ent r="4" t="117" w="540" /></phr></stem><stem n="numbyt"><phr n="numBytes"><ent r="4" t="117" w="479" /><ent r="4" t="117" w="487" /><ent r="4" t="117" w="544" /><ent r="4" t="117" w="557" /></phr></stem><stem n="deletecontext.readint"><phr n="deleteContext.ReadInt"><ent r="4" t="117" w="481" /><ent r="4" t="117" w="480" /><ent r="4" t="117" w="551" /><ent r="4" t="117" w="550" /></phr></stem><stem n="deletecontext.seek"><phr n="deleteContext.Seek"><ent r="4" t="117" w="483" /><ent r="4" t="117" w="482" /><ent r="4" t="117" w="553" /><ent r="4" t="117" w="552" /></phr></stem><stem n="seek"><phr n="Seek"><ent r="4" t="117" w="483" /><ent r="4" t="117" w="553" /></phr></stem><stem n="deletecontext.offset"><phr n="deleteContext.Offset"><ent r="4" t="117" w="485" /><ent r="4" t="117" w="484" /><ent r="4" t="117" w="555" /><ent r="4" t="117" w="554" /></phr></stem><stem n=".seek(deletecontext.offset()"><phr n=".Seek(deleteContext.Offset()"><ent r="4" t="117" w="486" /><ent r="4" t="117" w="556" /></phr></stem><stem n="ivaluetypehandler.delet"><phr n="IValueTypeHandler.Delete"><ent r="4" t="117" w="518" /><ent r="4" t="117" w="517" /></phr></stem><stem n="(deletecontext)"><phr n="(deleteContext)"><ent r="4" t="117" w="521" /></phr></stem><stem n="#defragment."><phr n="#defragment."><ent r="3" t="117" w="580" /></phr></stem><stem n="(to"><phr n="(to"><ent r="3" t="117" w="600" /><ent r="4" t="272" w="86" /></phr></stem><stem n="(idefragmentcontext"><phr n="(IDefragmentContext"><ent r="4" t="117" w="612" /></phr></stem><stem n="idefragmentcontext"><phr n="IDefragmentContext"><ent r="4" t="117" w="612" /><ent r="4" t="117" w="641" /></phr></stem><stem n="defragmentcontext"><phr n="defragmentContext"><ent r="4" t="117" w="613" /><ent r="4" t="117" w="615" /><ent r="4" t="117" w="637" /><ent r="4" t="117" w="648" /></phr></stem><stem n="(defragmentcontext);"><phr n="(defragmentContext);"><ent r="4" t="117" w="616" /></phr></stem><stem n=".defrag"><phr n=".Defragment"><ent r="4" t="117" w="646" /></phr></stem><stem n="ivaluetypehandler.defrag"><phr n="IValueTypeHandler.Defragment"><ent r="4" t="117" w="646" /><ent r="4" t="117" w="645" /></phr></stem><stem n="(defragmentcontext)"><phr n="(defragmentContext)"><ent r="4" t="117" w="649" /></phr></stem><stem n="volatil"><phr n="volatile"><ent r="3" t="118" w="20" /></phr></stem><stem n="shape"><phr n="shape"><ent r="3" t="118" w="67" /></phr></stem><stem n="renam"><phr n="renaming"><ent r="3" t="118" w="114" /><ent r="3" t="118" w="122" /><ent r="3" t="120" w="246" /><ent r="4" t="120" w="271" /><ent r="3" t="272" w="544" /></phr><phr n="Renaming"><ent r="64" t="118" w="126" /><ent r="1000" t="120" w="1" /><ent r="102" t="120" w="17" /></phr><phr n="Rename"><ent r="100" t="120" w="6" /><ent r="100" t="120" w="12" /><ent r="92" t="120" w="37" /><ent r="4" t="120" w="83" /><ent r="4" t="120" w="95" /><ent r="4" t="120" w="116" /><ent r="4" t="120" w="128" /><ent r="92" t="120" w="138" /><ent r="4" t="120" w="188" /><ent r="4" t="120" w="195" /><ent r="4" t="120" w="219" /><ent r="4" t="120" w="226" /><ent r="92" t="120" w="235" /><ent r="4" t="120" w="261" /><ent r="68" t="209" w="284" /><ent r="6" t="209" w="286" /><ent r="1000" t="219" w="1" /><ent r="102" t="219" w="4" /><ent r="4" t="219" w="37" /><ent r="4" t="219" w="46" /><ent r="4" t="219" w="72" /><ent r="4" t="219" w="81" /><ent r="92" t="223" w="659" /><ent r="4" t="223" w="690" /><ent r="4" t="223" w="697" /><ent r="4" t="223" w="727" /><ent r="4" t="223" w="734" /></phr><phr n="rename"><ent r="3" t="120" w="32" /><ent r="64" t="120" w="47" /><ent r="3" t="120" w="54" /><ent r="64" t="120" w="148" /><ent r="3" t="120" w="155" /><ent r="4" t="120" w="287" /><ent r="65" t="140" w="211" /><ent r="3" t="219" w="9" /><ent r="3" t="223" w="665" /><ent r="3" t="265" w="651" /><ent r="3" t="300" w="69" /><ent r="6" t="300" w="106" /><ent r="6" t="300" w="125" /></phr><phr n="renamed"><ent r="4" t="120" w="305" /><ent r="4" t="140" w="205" /></phr></stem><stem n="&quot;renam"><phr n="&quot;Renaming"><ent r="64" t="118" w="126" /></phr></stem><stem n="&quot;field"><phr n="&quot;Field"><ent r="64" t="118" w="159" /><ent r="64" t="118" w="177" /><ent r="64" t="122" w="37" /><ent r="65" t="278" w="202" /></phr><phr n="&quot;field"><ent r="3" t="131" w="138" /><ent r="3" t="231" w="67" /></phr></stem><stem n="field-typ"><phr n="field-type"><ent r="3" t="118" w="173" /><ent r="3" t="121" w="154" /><ent r="3" t="121" w="234" /></phr></stem><stem n="unfortunatli"><phr n="Unfortunatly"><ent r="3" t="118" w="181" /></phr></stem><stem n=":automat"><phr n=":Automatic"><ent r="100" t="119" w="6" /><ent r="100" t="119" w="10" /></phr></stem><stem n="/storedfield"><phr n="/StoredField"><ent r="65" t="119" w="99" /></phr></stem><stem n="storedclass/storedfield"><phr n="StoredClass/StoredField"><ent r="65" t="119" w="99" /><ent r="65" t="119" w="98" /></phr></stem><stem n=":renam"><phr n=":Rename"><ent r="100" t="120" w="6" /><ent r="100" t="120" w="12" /></phr></stem><stem n=".you"><phr n=".You"><ent r="3" t="120" w="51" /></phr></stem><stem n="db4odoc"><phr n="Db4oDoc"><ent r="5" t="120" w="76" /><ent r="5" t="120" w="81" /><ent r="5" t="120" w="85" /><ent r="5" t="120" w="90" /><ent r="5" t="120" w="109" /><ent r="5" t="120" w="114" /><ent r="5" t="120" w="118" /><ent r="5" t="120" w="123" /><ent r="5" t="120" w="177" /><ent r="5" t="120" w="182" /><ent r="5" t="120" w="208" /><ent r="5" t="120" w="213" /><ent r="5" t="147" w="271" /><ent r="5" t="147" w="276" /><ent r="5" t="147" w="279" /><ent r="5" t="147" w="284" /><ent r="5" t="147" w="304" /><ent r="5" t="147" w="310" /><ent r="5" t="147" w="313" /><ent r="5" t="147" w="319" /><ent r="5" t="147" w="349" /><ent r="5" t="147" w="354" /><ent r="5" t="147" w="357" /><ent r="5" t="147" w="362" /><ent r="5" t="147" w="382" /><ent r="5" t="147" w="388" /><ent r="5" t="147" w="391" /><ent r="5" t="147" w="397" /><ent r="5" t="219" w="39" /><ent r="5" t="219" w="74" /><ent r="4" t="257" w="73" /><ent r="5" t="262" w="248" /></phr><phr n="Db4odoc"><ent r="4" t="193" w="68" /><ent r="4" t="193" w="297" /></phr><phr n="db4odoc"><ent r="6" t="299" w="354" /></phr></stem><stem n="db4odoc.cod"><phr n="Db4oDoc.Code"><ent r="5" t="120" w="77" /><ent r="5" t="120" w="76" /><ent r="5" t="120" w="86" /><ent r="5" t="120" w="85" /><ent r="5" t="120" w="110" /><ent r="5" t="120" w="109" /><ent r="5" t="120" w="119" /><ent r="5" t="120" w="118" /><ent r="5" t="120" w="178" /><ent r="5" t="120" w="177" /><ent r="5" t="120" w="209" /><ent r="5" t="120" w="208" /><ent r="5" t="147" w="272" /><ent r="5" t="147" w="271" /><ent r="5" t="147" w="280" /><ent r="5" t="147" w="279" /><ent r="5" t="147" w="305" /><ent r="5" t="147" w="304" /><ent r="5" t="147" w="314" /><ent r="5" t="147" w="313" /><ent r="5" t="147" w="350" /><ent r="5" t="147" w="349" /><ent r="5" t="147" w="358" /><ent r="5" t="147" w="357" /><ent r="5" t="147" w="383" /><ent r="5" t="147" w="382" /><ent r="5" t="147" w="392" /><ent r="5" t="147" w="391" /><ent r="5" t="262" w="249" /><ent r="5" t="262" w="248" /></phr></stem><stem n="db4odoc.code.strategi"><phr n="Db4oDoc.Code.Strategies"><ent r="5" t="120" w="78" /><ent r="5" t="120" w="76" /><ent r="5" t="120" w="87" /><ent r="5" t="120" w="85" /><ent r="5" t="120" w="111" /><ent r="5" t="120" w="109" /><ent r="5" t="120" w="120" /><ent r="5" t="120" w="118" /><ent r="5" t="120" w="179" /><ent r="5" t="120" w="177" /><ent r="5" t="120" w="210" /><ent r="5" t="120" w="208" /></phr></stem><stem n="db4odoc.code.strategies.refactor"><phr n="Db4oDoc.Code.Strategies.Refactoring"><ent r="5" t="120" w="79" /><ent r="5" t="120" w="76" /><ent r="5" t="120" w="88" /><ent r="5" t="120" w="85" /><ent r="5" t="120" w="112" /><ent r="5" t="120" w="109" /><ent r="5" t="120" w="121" /><ent r="5" t="120" w="118" /><ent r="5" t="120" w="180" /><ent r="5" t="120" w="177" /><ent r="5" t="120" w="211" /><ent r="5" t="120" w="208" /></phr></stem><stem n="db4odoc.code.strategies.refactoring.personold"><phr n="Db4oDoc.Code.Strategies.Refactoring.PersonOld"><ent r="5" t="120" w="80" /><ent r="5" t="120" w="76" /><ent r="5" t="120" w="113" /><ent r="5" t="120" w="109" /><ent r="5" t="120" w="181" /><ent r="5" t="120" w="177" /><ent r="5" t="120" w="212" /><ent r="5" t="120" w="208" /></phr></stem><stem n="personold"><phr n="PersonOld"><ent r="5" t="120" w="80" /><ent r="5" t="120" w="113" /><ent r="5" t="120" w="181" /><ent r="5" t="120" w="212" /><ent r="4" t="122" w="249" /><ent r="4" t="122" w="304" /><ent r="4" t="122" w="308" /><ent r="4" t="122" w="318" /></phr></stem><stem n="db4odoc.code.strategies.refactoring.personold,"><phr n="Db4oDoc.Code.Strategies.Refactoring.PersonOld,"><ent r="5" t="120" w="80" /><ent r="5" t="120" w="76" /><ent r="5" t="120" w="113" /><ent r="5" t="120" w="109" /><ent r="5" t="120" w="181" /><ent r="5" t="120" w="177" /><ent r="5" t="120" w="212" /><ent r="5" t="120" w="208" /></phr></stem></index>