﻿<?xml version="1.0" encoding="utf-8"?><index><stem n="benefit"><phr n="benefits"><ent r="3" t="5" w="56" /><ent r="6" t="5" w="313" /><ent r="3" t="10" w="307" /><ent r="3" t="47" w="71" /><ent r="4" t="47" w="89" /><ent r="3" t="60" w="30" /><ent r="3" t="61" w="93" /></phr><phr n="Benefits"><ent r="7" t="5" w="66" /><ent r="64" t="60" w="35" /><ent r="1000" t="61" w="3" /><ent r="102" t="61" w="7" /><ent r="92" t="156" w="77" /></phr><phr n="benefit"><ent r="6" t="5" w="213" /><ent r="6" t="5" w="250" /><ent r="4" t="59" w="314" /><ent r="4" t="59" w="358" /><ent r="3" t="60" w="46" /><ent r="3" t="60" w="81" /><ent r="3" t="60" w="117" /><ent r="3" t="60" w="132" /><ent r="3" t="61" w="125" /><ent r="3" t="61" w="173" /><ent r="3" t="64" w="30" /><ent r="3" t="187" w="18" /><ent r="3" t="289" w="222" /></phr></stem><stem n="select"><phr n="selected"><ent r="3" t="5" w="61" /><ent r="4" t="289" w="114" /><ent r="3" t="290" w="179" /><ent r="3" t="290" w="217" /></phr><phr n="select"><ent r="5" t="8" w="129" /><ent r="5" t="10" w="354" /><ent r="5" t="10" w="523" /><ent r="5" t="10" w="664" /><ent r="5" t="12" w="157" /><ent r="5" t="12" w="308" /><ent r="5" t="13" w="73" /><ent r="5" t="13" w="151" /><ent r="5" t="13" w="243" /><ent r="5" t="13" w="342" /><ent r="5" t="13" w="452" /><ent r="5" t="14" w="200" /><ent r="5" t="14" w="300" /><ent r="5" t="14" w="451" /><ent r="5" t="14" w="579" /><ent r="5" t="14" w="687" /><ent r="5" t="14" w="764" /><ent r="5" t="14" w="853" /><ent r="5" t="14" w="931" /><ent r="5" t="14" w="1110" /><ent r="5" t="14" w="1239" /><ent r="5" t="14" w="1318" /><ent r="5" t="14" w="1450" /><ent r="5" t="14" w="1520" /><ent r="5" t="15" w="148" /><ent r="5" t="15" w="256" /><ent r="5" t="15" w="526" /><ent r="5" t="15" w="662" /><ent r="5" t="15" w="690" /><ent r="5" t="35" w="128" /><ent r="5" t="35" w="315" /><ent r="3" t="50" w="109" /><ent r="5" t="74" w="309" /><ent r="5" t="74" w="476" /><ent r="5" t="74" w="818" /><ent r="5" t="74" w="961" /><ent r="5" t="75" w="86" /><ent r="5" t="75" w="251" /><ent r="5" t="75" w="710" /><ent r="5" t="75" w="857" /><ent r="5" t="76" w="226" /><ent r="5" t="76" w="407" /><ent r="5" t="76" w="608" /><ent r="5" t="76" w="795" /><ent r="4" t="93" w="83" /><ent r="4" t="93" w="137" /><ent r="5" t="100" w="131" /><ent r="3" t="129" w="68" /><ent r="4" t="133" w="383" /><ent r="4" t="133" w="410" /><ent r="5" t="240" w="547" /><ent r="5" t="250" w="328" /><ent r="5" t="251" w="516" /><ent r="3" t="262" w="100" /><ent r="5" t="262" w="184" /><ent r="5" t="266" w="390" /><ent r="5" t="272" w="199" /><ent r="3" t="289" w="45" /><ent r="3" t="290" w="28" /><ent r="3" t="291" w="90" /><ent r="3" t="292" w="80" /><ent r="3" t="292" w="128" /><ent r="3" t="292" w="144" /><ent r="3" t="292" w="272" /><ent r="4" t="306" w="586" /><ent r="4" t="306" w="596" /><ent r="3" t="306" w="624" /><ent r="4" t="307" w="55" /><ent r="4" t="307" w="65" /><ent r="4" t="307" w="70" /></phr><phr n="Select"><ent r="5" t="9" w="369" /><ent r="5" t="12" w="184" /><ent r="5" t="12" w="365" /><ent r="5" t="13" w="100" /><ent r="5" t="13" w="194" /><ent r="5" t="13" w="283" /><ent r="5" t="13" w="390" /><ent r="5" t="13" w="509" /><ent r="5" t="14" w="239" /><ent r="5" t="14" w="338" /><ent r="5" t="14" w="509" /><ent r="5" t="14" w="638" /><ent r="5" t="14" w="725" /><ent r="5" t="14" w="809" /><ent r="5" t="14" w="893" /><ent r="5" t="14" w="971" /><ent r="5" t="14" w="1149" /><ent r="5" t="14" w="1278" /><ent r="5" t="14" w="1365" /><ent r="5" t="14" w="1487" /><ent r="5" t="14" w="1557" /><ent r="5" t="15" w="203" /><ent r="5" t="15" w="306" /><ent r="5" t="15" w="582" /><ent r="5" t="15" w="737" /><ent r="5" t="15" w="765" /><ent r="5" t="35" w="225" /><ent r="5" t="35" w="381" /><ent r="5" t="74" w="392" /><ent r="5" t="74" w="536" /><ent r="5" t="74" w="882" /><ent r="5" t="74" w="1038" /><ent r="5" t="75" w="152" /><ent r="5" t="75" w="337" /><ent r="5" t="75" w="776" /><ent r="5" t="75" w="936" /><ent r="5" t="76" w="313" /><ent r="5" t="76" w="474" /><ent r="5" t="76" w="705" /><ent r="5" t="76" w="861" /><ent r="5" t="240" w="601" /><ent r="5" t="251" w="558" /><ent r="5" t="266" w="447" /><ent r="5" t="272" w="276" /><ent r="4" t="306" w="578" /></phr><phr n="Selective"><ent r="8" t="228" w="110" /></phr><phr n="SELECT"><ent r="3" t="261" w="71" /></phr><phr n="selection"><ent r="3" t="261" w="90" /><ent r="3" t="289" w="230" /><ent r="3" t="304" w="40" /></phr><phr n="selective"><ent r="3" t="272" w="548" /><ent r="3" t="274" w="438" /></phr></stem><stem n="-line"><phr n="-line"><ent r="6" t="5" w="71" /><ent r="6" t="5" w="71" /><ent r="3" t="299" w="27" /><ent r="3" t="299" w="27" /><ent r="3" t="299" w="77" /><ent r="3" t="299" w="77" /><ent r="3" t="299" w="89" /><ent r="3" t="299" w="89" /><ent r="3" t="299" w="100" /><ent r="3" t="299" w="100" /><ent r="3" t="299" w="151" /><ent r="3" t="299" w="151" /></phr><phr n="-Line"><ent r="67" t="296" w="74" /><ent r="67" t="296" w="74" /><ent r="1000" t="299" w="2" /><ent r="1000" t="299" w="2" /><ent r="102" t="299" w="7" /><ent r="102" t="299" w="7" /></phr></stem><stem n="one-lin"><phr n="One-line"><ent r="6" t="5" w="71" /></phr></stem><stem n="intuit"><phr n="intuitive"><ent r="6" t="5" w="77" /></phr></stem><stem n="interfac"><phr n="interface"><ent r="6" t="5" w="79" /><ent r="3" t="10" w="41" /><ent r="3" t="12" w="258" /><ent r="3" t="13" w="419" /><ent r="3" t="14" w="400" /><ent r="3" t="26" w="68" /><ent r="3" t="29" w="55" /><ent r="3" t="29" w="67" /><ent r="3" t="29" w="77" /><ent r="3" t="31" w="332" /><ent r="3" t="31" w="932" /><ent r="3" t="49" w="282" /><ent r="3" t="49" w="292" /><ent r="4" t="49" w="357" /><ent r="4" t="49" w="395" /><ent r="3" t="49" w="417" /><ent r="4" t="49" w="556" /><ent r="4" t="49" w="698" /><ent r="3" t="49" w="958" /><ent r="3" t="49" w="1309" /><ent r="4" t="49" w="1335" /><ent r="4" t="49" w="1355" /><ent r="3" t="49" w="1389" /><ent r="3" t="50" w="482" /><ent r="3" t="51" w="30" /><ent r="4" t="53" w="102" /><ent r="3" t="55" w="151" /><ent r="3" t="70" w="231" /><ent r="3" t="90" w="155" /><ent r="3" t="90" w="174" /><ent r="3" t="90" w="202" /><ent r="6" t="92" w="372" /><ent r="3" t="95" w="41" /><ent r="3" t="95" w="50" /><ent r="4" t="105" w="52" /><ent r="4" t="113" w="33" /><ent r="3" t="114" w="79" /><ent r="3" t="114" w="88" /><ent r="3" t="114" w="103" /><ent r="3" t="115" w="119" /><ent r="3" t="117" w="42" /><ent r="5" t="119" w="109" /><ent r="3" t="130" w="46" /><ent r="3" t="140" w="39" /><ent r="3" t="147" w="65" /><ent r="4" t="147" w="130" /><ent r="3" t="169" w="218" /><ent r="64" t="186" w="80" /><ent r="3" t="192" w="56" /><ent r="3" t="195" w="33" /><ent r="3" t="225" w="32" /><ent r="3" t="243" w="15" /><ent r="3" t="257" w="57" /><ent r="3" t="257" w="61" /><ent r="3" t="265" w="466" /><ent r="3" t="276" w="133" /><ent r="6" t="299" w="251" /><ent r="6" t="300" w="432" /><ent r="6" t="300" w="439" /><ent r="3" t="303" w="132" /><ent r="3" t="303" w="148" /><ent r="3" t="303" w="182" /></phr><phr n="interfaces"><ent r="3" t="10" w="303" /><ent r="3" t="49" w="20" /><ent r="3" t="49" w="37" /><ent r="3" t="51" w="115" /><ent r="4" t="52" w="45" /><ent r="4" t="53" w="720" /><ent r="3" t="65" w="71" /><ent r="3" t="114" w="71" /><ent r="3" t="117" w="51" /><ent r="3" t="118" w="104" /><ent r="4" t="119" w="123" /><ent r="3" t="123" w="34" /><ent r="4" t="131" w="178" /><ent r="3" t="192" w="44" /></phr><phr n="Interface"><ent r="92" t="13" w="411" /><ent r="82" t="31" w="915" /><ent r="92" t="49" w="259" /><ent r="4" t="269" w="39" /><ent r="67" t="287" w="126" /><ent r="1000" t="288" w="2" /><ent r="102" t="288" w="5" /></phr><phr n="Interfaces"><ent r="93" t="53" w="92" /></phr></stem><stem n="meaning"><phr n="meaningful"><ent r="6" t="5" w="95" /><ent r="4" t="102" w="93" /></phr></stem><stem n="prototyp"><phr n="Prototypes"><ent r="6" t="5" w="115" /></phr><phr n="prototype"><ent r="6" t="5" w="122" /></phr></stem><stem n="build"><phr n="build"><ent r="6" t="5" w="120" /><ent r="3" t="7" w="359" /><ent r="3" t="7" w="660" /><ent r="3" t="9" w="54" /><ent r="3" t="12" w="266" /><ent r="3" t="22" w="203" /><ent r="3" t="22" w="262" /><ent r="3" t="50" w="39" /><ent r="4" t="50" w="273" /><ent r="4" t="50" w="285" /><ent r="4" t="50" w="294" /><ent r="4" t="50" w="327" /><ent r="4" t="50" w="357" /><ent r="3" t="65" w="94" /><ent r="3" t="90" w="45" /><ent r="4" t="90" w="325" /><ent r="4" t="90" w="337" /><ent r="3" t="93" w="26" /><ent r="3" t="93" w="41" /><ent r="4" t="93" w="91" /><ent r="4" t="93" w="135" /><ent r="4" t="93" w="140" /><ent r="4" t="93" w="144" /><ent r="4" t="103" w="124" /><ent r="3" t="115" w="12" /><ent r="3" t="140" w="114" /><ent r="3" t="233" w="205" /><ent r="3" t="234" w="84" /><ent r="3" t="235" w="295" /><ent r="3" t="235" w="306" /><ent r="3" t="241" w="85" /><ent r="3" t="255" w="29" /><ent r="3" t="259" w="35" /><ent r="3" t="265" w="382" /><ent r="3" t="268" w="15" /><ent r="3" t="268" w="53" /><ent r="3" t="268" w="72" /><ent r="3" t="268" w="79" /><ent r="3" t="268" w="105" /><ent r="3" t="268" w="295" /><ent r="3" t="268" w="410" /><ent r="4" t="289" w="123" /><ent r="3" t="290" w="229" /><ent r="3" t="297" w="124" /><ent r="5" t="297" w="142" /><ent r="5" t="297" w="538" /><ent r="3" t="297" w="607" /><ent r="65" t="297" w="749" /><ent r="3" t="303" w="19" /><ent r="4" t="305" w="162" /><ent r="3" t="306" w="32" /><ent r="3" t="306" w="59" /><ent r="3" t="306" w="99" /><ent r="4" t="306" w="158" /><ent r="3" t="306" w="289" /><ent r="3" t="306" w="308" /><ent r="3" t="306" w="321" /><ent r="3" t="306" w="418" /><ent r="3" t="306" w="431" /><ent r="3" t="306" w="617" /><ent r="3" t="306" w="620" /></phr><phr n="Build"><ent r="1000" t="22" w="5" /><ent r="102" t="22" w="12" /><ent r="93" t="50" w="260" /><ent r="4" t="50" w="313" /><ent r="4" t="50" w="349" /><ent r="64" t="91" w="79" /><ent r="1000" t="93" w="5" /><ent r="102" t="93" w="11" /><ent r="4" t="93" w="84" /><ent r="4" t="265" w="721" /><ent r="92" t="268" w="94" /><ent r="92" t="268" w="318" /><ent r="4" t="289" w="118" /><ent r="4" t="297" w="500" /><ent r="92" t="306" w="389" /><ent r="92" t="306" w="608" /><ent r="3" t="306" w="628" /></phr><phr n="builds"><ent r="3" t="48" w="108" /><ent r="3" t="245" w="41" /><ent r="3" t="268" w="306" /><ent r="3" t="268" w="477" /></phr><phr n="Building"><ent r="4" t="131" w="177" /><ent r="92" t="235" w="276" /><ent r="66" t="295" w="101" /><ent r="5" t="295" w="105" /><ent r="66" t="295" w="109" /><ent r="1000" t="306" w="1" /><ent r="102" t="306" w="4" /><ent r="3" t="306" w="7" /></phr><phr n="building"><ent r="3" t="233" w="201" /><ent r="3" t="235" w="284" /><ent r="4" t="297" w="727" /><ent r="4" t="306" w="257" /></phr></stem><stem n="quicker"><phr n="quicker"><ent r="6" t="5" w="126" /></phr></stem><stem n="mechan"><phr n="mechanism"><ent r="6" t="5" w="167" /><ent r="3" t="11" w="17" /><ent r="3" t="26" w="89" /><ent r="3" t="41" w="13" /><ent r="3" t="43" w="19" /><ent r="3" t="100" w="17" /><ent r="3" t="114" w="55" /><ent r="3" t="114" w="955" /><ent r="4" t="115" w="74" /><ent r="3" t="122" w="48" /><ent r="3" t="140" w="15" /><ent r="3" t="186" w="16" /><ent r="3" t="186" w="75" /><ent r="3" t="186" w="89" /><ent r="3" t="187" w="10" /><ent r="3" t="190" w="24" /><ent r="3" t="208" w="95" /><ent r="3" t="241" w="14" /><ent r="3" t="241" w="133" /><ent r="4" t="269" w="50" /></phr><phr n="mechanisms"><ent r="3" t="11" w="11" /><ent r="3" t="186" w="25" /></phr></stem><stem n="almost"><phr n="almost"><ent r="6" t="5" w="169" /><ent r="3" t="7" w="125" /><ent r="3" t="73" w="81" /><ent r="3" t="166" w="54" /><ent r="3" t="274" w="422" /><ent r="3" t="283" w="198" /><ent r="3" t="283" w="235" /></phr></stem><stem n="transpar"><phr n="transparent"><ent r="6" t="5" w="170" /><ent r="3" t="42" w="736" /><ent r="3" t="43" w="110" /><ent r="64" t="43" w="132" /><ent r="64" t="44" w="251" /><ent r="3" t="45" w="660" /><ent r="3" t="47" w="19" /><ent r="64" t="47" w="126" /><ent r="3" t="48" w="46" /><ent r="3" t="48" w="91" /><ent r="3" t="48" w="112" /><ent r="3" t="48" w="139" /><ent r="3" t="48" w="212" /><ent r="3" t="49" w="9" /><ent r="3" t="49" w="55" /><ent r="3" t="49" w="64" /><ent r="4" t="49" w="92" /><ent r="4" t="49" w="133" /><ent r="3" t="49" w="147" /><ent r="3" t="49" w="162" /><ent r="4" t="49" w="202" /><ent r="4" t="49" w="247" /><ent r="64" t="49" w="318" /><ent r="3" t="49" w="435" /><ent r="3" t="49" w="984" /><ent r="3" t="49" w="1001" /><ent r="3" t="49" w="1018" /><ent r="5" t="49" w="1059" /><ent r="5" t="49" w="1200" /><ent r="3" t="49" w="1374" /><ent r="3" t="49" w="1394" /><ent r="3" t="50" w="17" /><ent r="3" t="50" w="47" /><ent r="3" t="50" w="613" /><ent r="4" t="50" w="642" /><ent r="4" t="50" w="683" /><ent r="3" t="50" w="694" /><ent r="5" t="50" w="732" /><ent r="5" t="50" w="809" /><ent r="3" t="50" w="885" /><ent r="4" t="50" w="918" /><ent r="4" t="50" w="963" /><ent r="3" t="51" w="17" /><ent r="3" t="51" w="59" /><ent r="3" t="51" w="66" /><ent r="3" t="51" w="185" /><ent r="3" t="52" w="17" /><ent r="3" t="53" w="50" /><ent r="3" t="54" w="66" /><ent r="3" t="54" w="82" /><ent r="3" t="65" w="73" /><ent r="3" t="69" w="36" /><ent r="64" t="90" w="142" /><ent r="3" t="90" w="158" /><ent r="3" t="91" w="24" /><ent r="6" t="92" w="225" /><ent r="3" t="107" w="55" /><ent r="64" t="135" w="169" /><ent r="65" t="140" w="404" /><ent r="4" t="140" w="466" /><ent r="3" t="143" w="439" /><ent r="3" t="144" w="35" /><ent r="3" t="144" w="47" /><ent r="64" t="145" w="41" /><ent r="64" t="145" w="147" /><ent r="63" t="146" w="56" /><ent r="64" t="146" w="180" /><ent r="63" t="212" w="27" /><ent r="63" t="213" w="56" /><ent r="63" t="216" w="34" /><ent r="63" t="217" w="34" /><ent r="63" t="223" w="340" /><ent r="63" t="223" w="460" /><ent r="65" t="274" w="359" /><ent r="4" t="274" w="363" /><ent r="65" t="274" w="466" /><ent r="4" t="274" w="470" /><ent r="64" t="275" w="586" /><ent r="64" t="282" w="210" /><ent r="4" t="305" w="177" /><ent r="4" t="306" w="173" /></phr><phr n="Transparent"><ent r="3" t="39" w="362" /><ent r="64" t="41" w="245" /><ent r="92" t="42" w="714" /><ent r="3" t="42" w="742" /><ent r="64" t="42" w="752" /><ent r="1000" t="43" w="1" /><ent r="100" t="43" w="5" /><ent r="102" t="43" w="11" /><ent r="3" t="43" w="76" /><ent r="5" t="43" w="81" /><ent r="64" t="44" w="310" /><ent r="92" t="45" w="645" /><ent r="64" t="45" w="674" /><ent r="1000" t="47" w="1" /><ent r="102" t="47" w="6" /><ent r="3" t="47" w="49" /><ent r="1000" t="48" w="1" /><ent r="100" t="48" w="5" /><ent r="100" t="48" w="12" /><ent r="102" t="48" w="15" /><ent r="3" t="48" w="54" /><ent r="3" t="48" w="106" /><ent r="3" t="48" w="153" /><ent r="64" t="48" w="185" /><ent r="64" t="48" w="250" /><ent r="64" t="49" w="41" /><ent r="82" t="49" w="59" /><ent r="82" t="49" w="142" /><ent r="3" t="49" w="265" /><ent r="64" t="49" w="978" /><ent r="4" t="49" w="1128" /><ent r="4" t="49" w="1280" /><ent r="1000" t="50" w="1" /><ent r="102" t="50" w="9" /><ent r="92" t="50" w="608" /><ent r="92" t="50" w="868" /><ent r="3" t="50" w="871" /><ent r="4" t="50" w="1023" /><ent r="4" t="50" w="1084" /><ent r="100" t="51" w="3" /><ent r="100" t="51" w="7" /><ent r="64" t="51" w="197" /><ent r="1000" t="52" w="2" /><ent r="102" t="52" w="8" /><ent r="64" t="53" w="30" /><ent r="1000" t="55" w="1" /><ent r="102" t="55" w="5" /><ent r="64" t="55" w="9" /><ent r="3" t="55" w="142" /><ent r="65" t="90" w="130" /><ent r="65" t="90" w="133" /><ent r="64" t="91" w="44" /><ent r="6" t="92" w="425" /><ent r="6" t="92" w="439" /><ent r="6" t="92" w="441" /><ent r="4" t="105" w="137" /><ent r="64" t="107" w="59" /><ent r="5" t="108" w="88" /><ent r="5" t="108" w="94" /><ent r="64" t="144" w="39" /><ent r="64" t="144" w="51" /></phr><phr n="transparently"><ent r="3" t="49" w="1024" /><ent r="3" t="103" w="26" /></phr></stem><stem n="effort"><phr n="effort"><ent r="6" t="5" w="174" /><ent r="3" t="239" w="49" /><ent r="3" t="293" w="235" /></phr><phr n="efforts"><ent r="3" t="128" w="31" /></phr></stem><stem n="adapt"><phr n="adapt"><ent r="6" t="5" w="176" /><ent r="3" t="74" w="602" /></phr><phr n="adapters"><ent r="3" t="192" w="14" /></phr><phr n="Adapters"><ent r="92" t="282" w="299" /></phr></stem><stem n="automat"><phr n="Automatic"><ent r="6" t="5" w="178" /><ent r="6" t="5" w="278" /><ent r="64" t="48" w="236" /><ent r="1000" t="54" w="1" /><ent r="102" t="54" w="7" /><ent r="64" t="118" w="110" /><ent r="1000" t="119" w="1" /><ent r="100" t="119" w="6" /><ent r="100" t="119" w="10" /><ent r="102" t="119" w="13" /><ent r="1000" t="149" w="1" /><ent r="102" t="149" w="4" /><ent r="67" t="245" w="211" /><ent r="1000" t="264" w="1" /><ent r="102" t="264" w="7" /><ent r="3" t="264" w="10" /></phr><phr n="automatically"><ent r="3" t="7" w="571" /><ent r="3" t="22" w="197" /><ent r="3" t="34" w="475" /><ent r="3" t="39" w="92" /><ent r="4" t="41" w="202" /><ent r="3" t="47" w="64" /><ent r="3" t="48" w="131" /><ent r="3" t="49" w="67" /><ent r="3" t="49" w="150" /><ent r="3" t="50" w="977" /><ent r="3" t="51" w="144" /><ent r="3" t="54" w="90" /><ent r="3" t="74" w="31" /><ent r="3" t="95" w="12" /><ent r="3" t="118" w="107" /><ent r="3" t="119" w="23" /><ent r="4" t="119" w="34" /><ent r="3" t="131" w="211" /><ent r="3" t="148" w="205" /><ent r="3" t="231" w="77" /><ent r="3" t="235" w="75" /><ent r="4" t="242" w="81" /><ent r="3" t="259" w="32" /><ent r="4" t="301" w="45" /><ent r="4" t="308" w="115" /><ent r="4" t="308" w="353" /></phr><phr n="automatic"><ent r="3" t="43" w="94" /><ent r="4" t="149" w="92" /><ent r="4" t="149" w="119" /><ent r="3" t="245" w="37" /></phr></stem><stem n="without"><phr n="without"><ent r="6" t="5" w="185" /><ent r="3" t="7" w="578" /><ent r="3" t="7" w="625" /><ent r="3" t="17" w="181" /><ent r="5" t="20" w="506" /><ent r="4" t="25" w="63" /><ent r="3" t="28" w="911" /><ent r="6" t="37" w="117" /><ent r="3" t="39" w="358" /><ent r="3" t="50" w="24" /><ent r="3" t="62" w="133" /><ent r="3" t="66" w="124" /><ent r="3" t="92" w="55" /><ent r="3" t="103" w="30" /><ent r="3" t="103" w="147" /><ent r="3" t="104" w="127" /><ent r="4" t="105" w="139" /><ent r="4" t="106" w="61" /><ent r="3" t="109" w="69" /><ent r="3" t="122" w="33" /><ent r="3" t="126" w="115" /><ent r="3" t="129" w="257" /><ent r="4" t="131" w="159" /><ent r="4" t="140" w="306" /><ent r="3" t="152" w="84" /><ent r="4" t="165" w="202" /><ent r="4" t="167" w="128" /><ent r="3" t="178" w="130" /><ent r="3" t="183" w="37" /><ent r="3" t="188" w="119" /><ent r="3" t="231" w="41" /><ent r="3" t="231" w="118" /><ent r="3" t="231" w="195" /><ent r="3" t="231" w="223" /><ent r="3" t="242" w="37" /><ent r="3" t="272" w="334" /><ent r="3" t="273" w="86" /><ent r="3" t="275" w="462" /><ent r="4" t="276" w="60" /><ent r="3" t="276" w="140" /><ent r="3" t="292" w="230" /><ent r="3" t="306" w="471" /><ent r="4" t="308" w="361" /><ent r="4" t="308" w="370" /></phr><phr n="Without"><ent r="3" t="185" w="17" /><ent r="3" t="187" w="124" /><ent r="3" t="203" w="91" /><ent r="1000" t="231" w="2" /><ent r="102" t="231" w="8" /><ent r="6" t="270" w="409" /><ent r="3" t="283" w="297" /></phr></stem><stem n="necess"><phr n="necessity"><ent r="6" t="5" w="187" /><ent r="3" t="234" w="25" /></phr></stem><stem n="high"><phr n="high"><ent r="6" t="5" w="203" /><ent r="3" t="5" w="401" /><ent r="3" t="6" w="83" /><ent r="3" t="7" w="628" /><ent r="3" t="42" w="707" /><ent r="3" t="72" w="241" /><ent r="3" t="134" w="249" /><ent r="3" t="139" w="138" /><ent r="3" t="177" w="97" /><ent r="3" t="274" w="388" /><ent r="3" t="282" w="106" /></phr><phr n="High"><ent r="92" t="274" w="377" /></phr></stem><stem n="cach"><phr n="caching"><ent r="6" t="5" w="206" /><ent r="65" t="186" w="34" /><ent r="4" t="187" w="197" /><ent r="4" t="187" w="266" /><ent r="3" t="190" w="23" /><ent r="4" t="190" w="106" /><ent r="4" t="190" w="175" /><ent r="3" t="190" w="302" /><ent r="3" t="190" w="382" /><ent r="3" t="191" w="54" /><ent r="3" t="203" w="138" /></phr><phr n="cache"><ent r="3" t="38" w="528" /><ent r="3" t="40" w="48" /><ent r="3" t="40" w="89" /><ent r="3" t="40" w="95" /><ent r="3" t="40" w="107" /><ent r="3" t="40" w="137" /><ent r="3" t="40" w="157" /><ent r="3" t="40" w="171" /><ent r="3" t="40" w="223" /><ent r="3" t="40" w="287" /><ent r="3" t="40" w="319" /><ent r="4" t="40" w="354" /><ent r="4" t="40" w="386" /><ent r="3" t="66" w="102" /><ent r="3" t="66" w="573" /><ent r="4" t="66" w="661" /><ent r="4" t="66" w="749" /><ent r="64" t="74" w="44" /><ent r="3" t="166" w="96" /><ent r="3" t="172" w="15" /><ent r="3" t="172" w="59" /><ent r="3" t="176" w="221" /><ent r="3" t="187" w="125" /><ent r="3" t="187" w="134" /><ent r="3" t="190" w="35" /><ent r="3" t="190" w="60" /><ent r="3" t="190" w="289" /><ent r="3" t="190" w="311" /><ent r="3" t="190" w="364" /><ent r="3" t="190" w="375" /><ent r="4" t="190" w="464" /><ent r="4" t="190" w="605" /><ent r="3" t="191" w="130" /><ent r="3" t="191" w="159" /><ent r="6" t="195" w="130" /><ent r="3" t="199" w="19" /><ent r="3" t="199" w="26" /><ent r="4" t="199" w="48" /><ent r="4" t="199" w="74" /><ent r="64" t="227" w="21" /><ent r="3" t="227" w="42" /><ent r="5" t="227" w="133" /><ent r="4" t="227" w="165" /><ent r="5" t="227" w="222" /><ent r="4" t="227" w="254" /><ent r="3" t="227" w="369" /><ent r="3" t="227" w="387" /><ent r="3" t="227" w="400" /><ent r="3" t="227" w="421" /><ent r="5" t="227" w="445" /><ent r="4" t="227" w="462" /><ent r="5" t="227" w="497" /><ent r="4" t="227" w="520" /><ent r="3" t="228" w="20" /><ent r="3" t="229" w="31" /><ent r="3" t="229" w="258" /><ent r="3" t="229" w="276" /><ent r="64" t="233" w="118" /><ent r="3" t="233" w="134" /><ent r="3" t="233" w="149" /><ent r="3" t="233" w="159" /><ent r="3" t="233" w="190" /><ent r="3" t="233" w="346" /><ent r="3" t="243" w="117" /><ent r="3" t="243" w="139" /><ent r="3" t="282" w="321" /><ent r="64" t="282" w="325" /><ent r="3" t="284" w="236" /></phr><phr n="Cache"><ent r="64" t="38" w="538" /><ent r="1000" t="40" w="3" /><ent r="100" t="40" w="5" /><ent r="100" t="40" w="7" /><ent r="100" t="40" w="10" /><ent r="102" t="40" w="14" /><ent r="92" t="40" w="308" /><ent r="100" t="190" w="3" /><ent r="100" t="190" w="5" /><ent r="3" t="190" w="390" /><ent r="1000" t="199" w="3" /><ent r="100" t="199" w="7" /><ent r="102" t="199" w="12" /><ent r="1000" t="227" w="2" /><ent r="102" t="227" w="9" /><ent r="92" t="227" w="347" /></phr><phr n="cached"><ent r="5" t="66" w="630" /><ent r="5" t="66" w="718" /><ent r="3" t="227" w="65" /><ent r="3" t="228" w="30" /></phr><phr n="Caching"><ent r="92" t="190" w="292" /></phr><phr n="caches"><ent r="3" t="286" w="48" /></phr></stem><stem n="replai"><phr n="replay"><ent r="6" t="5" w="208" /></phr></stem><stem n="though"><phr n="though"><ent r="6" t="5" w="239" /><ent r="3" t="7" w="513" /><ent r="4" t="39" w="246" /><ent r="3" t="106" w="25" /><ent r="6" t="300" w="143" /></phr></stem><stem n="minim"><phr n="minimizing"><ent r="6" t="5" w="240" /></phr><phr n="minimal"><ent r="6" t="5" w="327" /><ent r="3" t="301" w="12" /></phr><phr n="minimize"><ent r="3" t="150" w="73" /><ent r="4" t="227" w="339" /></phr></stem><stem n="disk"><phr n="disk"><ent r="6" t="5" w="241" /><ent r="3" t="40" w="72" /><ent r="3" t="40" w="120" /><ent r="3" t="40" w="143" /><ent r="3" t="72" w="330" /><ent r="3" t="118" w="73" /><ent r="3" t="136" w="110" /><ent r="3" t="136" w="124" /><ent r="3" t="150" w="64" /><ent r="3" t="150" w="66" /><ent r="3" t="150" w="77" /><ent r="3" t="150" w="111" /><ent r="3" t="150" w="142" /><ent r="3" t="174" w="169" /><ent r="3" t="179" w="353" /><ent r="3" t="185" w="67" /><ent r="3" t="188" w="32" /><ent r="3" t="188" w="386" /><ent r="3" t="190" w="27" /><ent r="3" t="191" w="51" /><ent r="3" t="191" w="55" /><ent r="3" t="191" w="66" /><ent r="3" t="224" w="309" /><ent r="4" t="278" w="93" /><ent r="3" t="282" w="312" /><ent r="3" t="286" w="44" /><ent r="4" t="286" w="237" /></phr></stem><stem n="-process"><phr n="-process"><ent r="6" t="5" w="252" /><ent r="6" t="5" w="252" /></phr><phr n="-processing"><ent r="4" t="164" w="112" /><ent r="4" t="164" w="112" /></phr></stem><stem n="in-process"><phr n="in-process"><ent r="6" t="5" w="252" /></phr></stem><stem n="-administration."><phr n="-administration."><ent r="6" t="5" w="259" /><ent r="6" t="5" w="259" /></phr></stem><stem n="synchron"><phr n="Synchronization"><ent r="6" t="5" w="259" /></phr><phr n="synchronized"><ent r="3" t="6" w="57" /><ent r="3" t="101" w="335" /><ent r="3" t="282" w="80" /></phr><phr n="synchronization"><ent r="3" t="7" w="363" /><ent r="3" t="7" w="408" /><ent r="3" t="73" w="128" /><ent r="3" t="73" w="143" /><ent r="4" t="101" w="24" /><ent r="4" t="102" w="55" /></phr><phr n="synchronize"><ent r="3" t="7" w="419" /><ent r="3" t="73" w="279" /><ent r="3" t="74" w="50" /><ent r="3" t="74" w="1134" /></phr></stem><stem n="main"><phr n="main"><ent r="6" t="5" w="262" /><ent r="3" t="44" w="39" /><ent r="3" t="68" w="88" /><ent r="3" t="69" w="349" /><ent r="3" t="91" w="29" /><ent r="3" t="105" w="95" /><ent r="3" t="118" w="75" /><ent r="3" t="234" w="81" /><ent r="3" t="243" w="14" /><ent r="3" t="274" w="38" /><ent r="3" t="293" w="18" /><ent r="3" t="302" w="122" /></phr><phr n="Main"><ent r="4" t="106" w="41" /><ent r="5" t="298" w="201" /><ent r="4" t="302" w="142" /><ent r="4" t="302" w="208" /></phr></stem><stem n="done"><phr n="done"><ent r="6" t="5" w="266" /><ent r="3" t="27" w="196" /><ent r="3" t="49" w="736" /><ent r="3" t="49" w="1023" /><ent r="3" t="50" w="31" /><ent r="4" t="50" w="276" /><ent r="3" t="54" w="58" /><ent r="4" t="102" w="52" /><ent r="4" t="106" w="358" /><ent r="4" t="106" w="388" /><ent r="4" t="133" w="198" /><ent r="4" t="164" w="124" /><ent r="3" t="231" w="76" /><ent r="3" t="233" w="579" /><ent r="3" t="236" w="259" /><ent r="3" t="236" w="524" /><ent r="3" t="246" w="200" /><ent r="3" t="260" w="110" /><ent r="4" t="286" w="187" /><ent r="3" t="290" w="106" /><ent r="3" t="290" w="242" /><ent r="3" t="306" w="403" /><ent r="4" t="306" w="569" /></phr></stem><stem n="dr"><phr n="dRS"><ent r="68" t="5" w="272" /></phr><phr n="drs"><ent r="4" t="305" w="229" /><ent r="4" t="306" w="225" /><ent r="7" t="313" w="243" /><ent r="6" t="313" w="349" /></phr></stem><stem n="valuabl"><phr n="valuable"><ent r="6" t="5" w="283" /></phr></stem><stem n="skip"><phr n="skip"><ent r="6" t="5" w="288" /><ent r="3" t="117" w="69" /><ent r="3" t="241" w="123" /><ent r="3" t="264" w="17" /><ent r="3" t="300" w="62" /></phr><phr n="skipped"><ent r="5" t="93" w="128" /><ent r="3" t="191" w="87" /></phr><phr n="skips"><ent r="3" t="117" w="595" /></phr><phr n="skipping"><ent r="3" t="239" w="33" /></phr><phr n="Skip"><ent r="6" t="300" w="377" /></phr></stem></index>