﻿<?xml version="1.0" encoding="utf-8"?><index><stem n="setentitysetaccessrul"><phr n="SetEntitySetAccessRule"><ent r="4" t="265" w="706" /></phr></stem><stem n=".setentitysetaccessrule("><phr n=".SetEntitySetAccessRule("><ent r="4" t="265" w="707" /></phr></stem><stem n="&quot;*&quot;"><phr n="&quot;*&quot;"><ent r="5" t="265" w="708" /><ent r="5" t="265" w="714" /></phr></stem><stem n="entitysetright"><phr n="EntitySetRights"><ent r="4" t="265" w="709" /></phr></stem><stem n="entitysetrights.al"><phr n="EntitySetRights.All"><ent r="4" t="265" w="710" /><ent r="4" t="265" w="709" /></phr></stem><stem n=".all);"><phr n=".All);"><ent r="4" t="265" w="711" /><ent r="4" t="265" w="717" /></phr></stem><stem n="config.setserviceoperationaccessrul"><phr n="config.SetServiceOperationAccessRule"><ent r="4" t="265" w="712" /><ent r="4" t="265" w="711" /></phr></stem><stem n="setserviceoperationaccessrul"><phr n="SetServiceOperationAccessRule"><ent r="4" t="265" w="712" /></phr></stem><stem n=".setserviceoperationaccessrule("><phr n=".SetServiceOperationAccessRule("><ent r="4" t="265" w="713" /></phr></stem><stem n="serviceoperationright"><phr n="ServiceOperationRights"><ent r="4" t="265" w="715" /></phr></stem><stem n="serviceoperationrights.al"><phr n="ServiceOperationRights.All"><ent r="4" t="265" w="716" /><ent r="4" t="265" w="715" /></phr></stem><stem n="teamdataservice.svc"><phr n="TeamDataService.svc"><ent r="4" t="265" w="719" /><ent r="4" t="265" w="718" /></phr></stem><stem n="svc"><phr n="svc"><ent r="4" t="265" w="719" /><ent r="5" t="265" w="804" /></phr></stem><stem n="teamdataservice.svc.c"><phr n="TeamDataService.svc.cs"><ent r="4" t="265" w="720" /><ent r="4" t="265" w="718" /></phr></stem><stem n=".svc.cs:"><phr n=".svc.cs:"><ent r="4" t="265" w="721" /></phr></stem><stem n="'add"><phr n="'Add"><ent r="3" t="265" w="769" /></phr></stem><stem n="serviceurl"><phr n="serviceURL"><ent r="4" t="265" w="794" /><ent r="4" t="265" w="814" /></phr></stem><stem n="8080/teamdataservic"><phr n="8080/TeamDataService"><ent r="5" t="265" w="803" /><ent r="5" t="265" w="802" /></phr></stem><stem n="8080/teamdataservice.svc"><phr n="8080/TeamDataService.svc"><ent r="5" t="265" w="804" /><ent r="5" t="265" w="802" /></phr></stem><stem n="&quot;http://localhost:8080/teamdataservice.svc&quot;"><phr n="&quot;http://localhost:8080/TeamDataService.svc&quot;"><ent r="5" t="265" w="805" /></phr></stem><stem n="servicecontext"><phr n="serviceContext"><ent r="4" t="265" w="809" /><ent r="4" t="265" w="819" /></phr></stem><stem n="(serviceurl);"><phr n="(serviceURL);"><ent r="4" t="265" w="815" /></phr></stem><stem n="servicecontext.team"><phr n="serviceContext.Teams"><ent r="4" t="265" w="820" /><ent r="4" t="265" w="819" /></phr></stem><stem n=".teams;"><phr n=".Teams;"><ent r="4" t="265" w="821" /></phr></stem><stem n="team.teamnam"><phr n="team.TeamName"><ent r="4" t="265" w="836" /><ent r="4" t="265" w="835" /></phr></stem><stem n=".out.writeline(team.teamname);"><phr n=".Out.WriteLine(team.TeamName);"><ent r="4" t="265" w="837" /></phr></stem><stem n="simpleconsolecli"><phr n="SimpleConsoleClient"><ent r="4" t="265" w="838" /></phr></stem><stem n="simpleconsoleclient.c"><phr n="SimpleConsoleClient.cs"><ent r="4" t="265" w="839" /><ent r="4" t="265" w="838" /></phr></stem><stem n="bin/silverlight"><phr n="bin/silverlight"><ent r="3" t="266" w="30" /><ent r="3" t="266" w="29" /></phr></stem><stem n="bin/silverlight'"><phr n="bin/silverlight'"><ent r="3" t="266" w="30" /><ent r="3" t="266" w="29" /></phr></stem><stem n="'bin/silverlight'."><phr n="'bin/silverlight'."><ent r="3" t="266" w="31" /></phr></stem><stem n="silverlightsupport"><phr n="SilverlightSupport"><ent r="4" t="266" w="118" /><ent r="4" t="266" w="155" /></phr></stem><stem n="roman"><phr n="Roman"><ent r="5" t="266" w="387" /><ent r="5" t="266" w="444" /></phr></stem><stem n="&quot;roman&quot;"><phr n="&quot;Roman&quot;"><ent r="5" t="266" w="388" /><ent r="5" t="266" w="445" /></phr></stem><stem n="queriesinsilverlight"><phr n="QueriesInSilverlight"><ent r="4" t="266" w="410" /><ent r="4" t="266" w="473" /></phr></stem><stem n="queriesinsilverlight.c"><phr n="QueriesInSilverlight.cs"><ent r="4" t="266" w="411" /><ent r="4" t="266" w="410" /></phr></stem><stem n="queriesinsilverlight.vb"><phr n="QueriesInSilverlight.vb"><ent r="4" t="266" w="474" /><ent r="4" t="266" w="473" /></phr></stem><stem n="mbyte"><phr n="MByte"><ent r="3" t="266" w="527" /></phr></stem><stem n="consent"><phr n="consent"><ent r="3" t="266" w="539" /></phr></stem><stem n="browser"><phr n="browser"><ent r="3" t="266" w="548" /><ent r="4" t="287" w="30" /></phr><phr n="Browser"><ent r="4" t="289" w="88" /><ent r="3" t="289" w="145" /><ent r="3" t="290" w="26" /><ent r="3" t="290" w="119" /><ent r="3" t="290" w="197" /><ent r="3" t="292" w="73" /><ent r="3" t="292" w="138" /></phr></stem><stem n="namespace.classnam"><phr n="Namespace.ClassName"><ent r="3" t="267" w="36" /><ent r="3" t="267" w="35" /><ent r="3" t="267" w="143" /><ent r="3" t="267" w="142" /><ent r="3" t="267" w="162" /><ent r="3" t="267" w="161" /><ent r="4" t="277" w="62" /><ent r="4" t="277" w="61" /></phr></stem><stem n="namespace.classname,"><phr n="Namespace.ClassName,"><ent r="3" t="267" w="36" /><ent r="3" t="267" w="35" /><ent r="3" t="267" w="143" /><ent r="3" t="267" w="142" /><ent r="3" t="267" w="162" /><ent r="3" t="267" w="161" /><ent r="4" t="277" w="62" /><ent r="4" t="277" w="61" /></phr></stem><stem n=".classname,"><phr n=".ClassName,"><ent r="3" t="267" w="37" /><ent r="4" t="277" w="63" /></phr></stem><stem n="assemblynam"><phr n="AssemblyName"><ent r="3" t="267" w="37" /><ent r="3" t="267" w="144" /><ent r="3" t="267" w="163" /><ent r="4" t="277" w="63" /></phr></stem><stem n="(applic"><phr n="(applications"><ent r="3" t="267" w="50" /></phr></stem><stem n=".net2"><phr n=".NET2"><ent r="65" t="267" w="100" /></phr></stem><stem n="asp.net2"><phr n="ASP.NET2"><ent r="65" t="267" w="100" /><ent r="65" t="267" w="99" /></phr></stem><stem n="net2"><phr n="NET2"><ent r="65" t="267" w="100" /><ent r="6" t="313" w="92" /><ent r="6" t="313" w="96" /><ent r="6" t="313" w="364" /></phr></stem><stem n="naming-schema"><phr n="naming-schema"><ent r="3" t="267" w="118" /></phr></stem><stem n="-schema."><phr n="-schema."><ent r="3" t="267" w="120" /><ent r="3" t="267" w="120" /></phr></stem><stem n="bracket"><phr n="brackets"><ent r="3" t="267" w="126" /></phr></stem><stem n="[]-brackets."><phr n="[]-brackets."><ent r="3" t="267" w="127" /></phr></stem><stem n="system.collect"><phr n="System.Collections"><ent r="3" t="267" w="139" /><ent r="3" t="267" w="138" /><ent r="3" t="267" w="155" /><ent r="3" t="267" w="154" /><ent r="6" t="300" w="429" /><ent r="6" t="300" w="428" /><ent r="6" t="300" w="442" /><ent r="6" t="300" w="441" /></phr></stem><stem n="system.collections.gener"><phr n="System.Collections.Generic"><ent r="3" t="267" w="140" /><ent r="3" t="267" w="138" /><ent r="3" t="267" w="156" /><ent r="3" t="267" w="154" /></phr></stem><stem n="system.collections.generic.list`1"><phr n="System.Collections.Generic.List`1"><ent r="3" t="267" w="141" /><ent r="3" t="267" w="138" /></phr></stem><stem n="list`1"><phr n="List`1"><ent r="3" t="267" w="141" /></phr></stem><stem n="&quot;system.collections.generic.list`1[[namespace.classname,"><phr n="&quot;System.Collections.Generic.List`1[[Namespace.ClassName,"><ent r="3" t="267" w="144" /></phr></stem><stem n="]],"><phr n="]],"><ent r="3" t="267" w="145" /><ent r="3" t="267" w="164" /></phr></stem><stem n="system.collections.generic.dictionari"><phr n="System.Collections.Generic.Dictionary"><ent r="3" t="267" w="157" /><ent r="3" t="267" w="154" /></phr></stem><stem n="system.str"><phr n="System.String"><ent r="3" t="267" w="159" /><ent r="3" t="267" w="158" /></phr></stem><stem n="system.string,"><phr n="System.String,"><ent r="3" t="267" w="159" /><ent r="3" t="267" w="158" /></phr></stem><stem n=".collections.generic.dictionary[[system.string,"><phr n=".Collections.Generic.Dictionary[[System.String,"><ent r="3" t="267" w="160" /></phr></stem><stem n="],"><phr n="],"><ent r="3" t="267" w="161" /></phr></stem><stem n="[namespace.classname,"><phr n="[Namespace.ClassName,"><ent r="3" t="267" w="163" /></phr></stem><stem n="mscorelib"><phr n="mscorelib"><ent r="3" t="267" w="164" /></phr></stem><stem n="api'"><phr n="API's"><ent r="3" t="268" w="59" /><ent r="3" t="268" w="58" /></phr></stem><stem n="'mono'."><phr n="'Mono'."><ent r="3" t="268" w="82" /></phr></stem><stem n="'src'-folder"><phr n="'src'-folder"><ent r="3" t="268" w="88" /></phr></stem><stem n="'mono'"><phr n="'Mono'"><ent r="3" t="268" w="121" /></phr></stem><stem n="built-tim"><phr n="built-time"><ent r="3" t="268" w="121" /></phr></stem><stem n="/property:configuration=releas"><phr n="/property:Configuration=Release"><ent r="3" t="268" w="146" /><ent r="3" t="268" w="398" /></phr></stem><stem n="defineconst"><phr n="DefineConstants"><ent r="3" t="268" w="148" /><ent r="3" t="268" w="400" /></phr></stem><stem n="/property:defineconstants=&quot;mono&quot;"><phr n="/property:DefineConstants=&quot;Mono&quot;"><ent r="3" t="268" w="150" /><ent r="3" t="268" w="402" /></phr></stem><stem n="/target:rebuild"><phr n="/target:Rebuild"><ent r="3" t="268" w="151" /><ent r="3" t="268" w="403" /></phr></stem><stem n="rebuild"><phr n="Rebuild"><ent r="3" t="268" w="151" /><ent r="3" t="268" w="403" /></phr></stem><stem n="db4o-2008"><phr n="Db4o-2008"><ent r="3" t="268" w="152" /><ent r="6" t="268" w="204" /><ent r="3" t="268" w="297" /><ent r="3" t="268" w="404" /></phr></stem><stem n="-2008.sln"><phr n="-2008.sln"><ent r="3" t="268" w="154" /><ent r="3" t="268" w="154" /><ent r="6" t="268" w="206" /><ent r="6" t="268" w="206" /><ent r="6" t="268" w="238" /><ent r="6" t="268" w="238" /><ent r="3" t="268" w="299" /><ent r="3" t="268" w="299" /><ent r="3" t="268" w="406" /><ent r="3" t="268" w="406" /></phr></stem><stem n="db4o-2008.sln"><phr n="Db4o-2008.sln"><ent r="3" t="268" w="154" /><ent r="3" t="268" w="153" /><ent r="6" t="268" w="206" /><ent r="6" t="268" w="205" /><ent r="3" t="268" w="299" /><ent r="3" t="268" w="298" /><ent r="3" t="268" w="406" /><ent r="3" t="268" w="405" /></phr></stem><stem n="sln"><phr n="sln"><ent r="3" t="268" w="154" /><ent r="3" t="268" w="189" /><ent r="6" t="268" w="206" /><ent r="6" t="268" w="218" /><ent r="6" t="268" w="238" /><ent r="6" t="268" w="251" /><ent r="6" t="268" w="265" /><ent r="3" t="268" w="299" /><ent r="3" t="268" w="406" /></phr></stem><stem n="msbuild-tool"><phr n="MSBuild-tool"><ent r="3" t="268" w="157" /><ent r="3" t="268" w="282" /></phr></stem><stem n="microsoft.net"><phr n="Microsoft.NET"><ent r="3" t="268" w="165" /><ent r="3" t="268" w="164" /></phr></stem><stem n=":\windows\microsoft.net\framework\{version}\-folder,"><phr n=":\Windows\Microsoft.NET\Framework\{version}\-folder,"><ent r="3" t="268" w="169" /></phr></stem><stem n="{version}"><phr n="{version}"><ent r="3" t="268" w="172" /></phr></stem><stem n="v3"><phr n="v3"><ent r="3" t="268" w="178" /></phr></stem><stem n="v3.5"><phr n="v3.5"><ent r="3" t="268" w="179" /><ent r="3" t="268" w="178" /></phr></stem><stem n="v3.5'"><phr n="v3.5'"><ent r="3" t="268" w="179" /><ent r="3" t="268" w="178" /></phr></stem><stem n="'v3.5'"><phr n="'v3.5'"><ent r="3" t="268" w="180" /></phr></stem><stem n="solution-fil"><phr n="solution-files"><ent r="3" t="268" w="187" /><ent r="3" t="268" w="382" /><ent r="3" t="304" w="42" /></phr><phr n="Solution-File"><ent r="6" t="268" w="198" /></phr></stem><stem n="(*.sln)"><phr n="(*.sln)"><ent r="3" t="268" w="190" /></phr></stem><stem n="db4o-2010"><phr n="Db4o-2010"><ent r="6" t="268" w="216" /></phr></stem><stem n="2010"><phr n="2010"><ent r="6" t="268" w="217" /><ent r="6" t="268" w="264" /><ent r="4" t="287" w="120" /></phr></stem><stem n="-2010.sln"><phr n="-2010.sln"><ent r="6" t="268" w="218" /><ent r="6" t="268" w="218" /></phr></stem><stem n="db4o-2010.sln"><phr n="Db4o-2010.sln"><ent r="6" t="268" w="218" /><ent r="6" t="268" w="217" /></phr></stem><stem n="db4o-"><phr n="Db4o-"><ent r="6" t="268" w="228" /></phr><phr n="db4o-"><ent r="6" t="313" w="15" /><ent r="6" t="313" w="40" /></phr></stem><stem n="cf"><phr n="CF"><ent r="68" t="268" w="231" /><ent r="68" t="313" w="99" /><ent r="6" t="313" w="107" /></phr></stem><stem n="2008.sln"><phr n="2008.sln"><ent r="6" t="268" w="238" /><ent r="6" t="268" w="237" /></phr></stem><stem n="db4o-silverlight"><phr n="Db4o-Silverlight"><ent r="6" t="268" w="248" /><ent r="6" t="268" w="262" /></phr></stem><stem n="db4o-silverlight-2008"><phr n="Db4o-Silverlight-2008"><ent r="6" t="268" w="248" /></phr></stem><stem n="silverlight-2008"><phr n="Silverlight-2008"><ent r="6" t="268" w="249" /></phr></stem><stem n="-silverlight-2008.sln"><phr n="-Silverlight-2008.sln"><ent r="6" t="268" w="251" /><ent r="6" t="268" w="252" /></phr></stem><stem n="db4o-silverlight-2008.sln"><phr n="Db4o-Silverlight-2008.sln"><ent r="6" t="268" w="251" /><ent r="6" t="268" w="250" /></phr></stem><stem n="3.0"><phr n="3.0"><ent r="6" t="268" w="257" /><ent r="6" t="268" w="256" /><ent r="6" t="268" w="260" /><ent r="6" t="268" w="259" /><ent r="6" t="268" w="271" /><ent r="6" t="268" w="270" /><ent r="6" t="268" w="274" /><ent r="6" t="268" w="273" /></phr></stem><stem n="moonlight"><phr n="Moonlight"><ent r="6" t="268" w="258" /><ent r="6" t="268" w="272" /></phr></stem><stem n="db4o-silverlight-2010"><phr n="Db4o-Silverlight-2010"><ent r="6" t="268" w="262" /></phr></stem><stem n="silverlight-2010"><phr n="Silverlight-2010"><ent r="6" t="268" w="263" /></phr></stem><stem n="-silverlight-2010.sln"><phr n="-Silverlight-2010.sln"><ent r="6" t="268" w="265" /><ent r="6" t="268" w="266" /></phr></stem><stem n="db4o-silverlight-2010.sln"><phr n="Db4o-Silverlight-2010.sln"><ent r="6" t="268" w="265" /><ent r="6" t="268" w="264" /></phr></stem><stem n="/release-fold"><phr n="/Release-folders"><ent r="3" t="268" w="311" /><ent r="3" t="268" w="482" /></phr></stem><stem n="release-fold"><phr n="Release-folders"><ent r="3" t="268" w="311" /><ent r="3" t="268" w="482" /></phr></stem><stem n="bin/of"><phr n="bin/of"><ent r="3" t="268" w="313" /><ent r="3" t="268" w="310" /><ent r="3" t="268" w="484" /><ent r="3" t="268" w="481" /></phr></stem><stem n="subproject"><phr n="subprojects"><ent r="3" t="268" w="316" /></phr><phr n="subproject"><ent r="3" t="268" w="487" /></phr></stem><stem n="-command"><phr n="-command"><ent r="3" t="268" w="328" /><ent r="3" t="268" w="328" /></phr></stem><stem n="xbuild"><phr n="xbuild"><ent r="3" t="268" w="328" /><ent r="3" t="268" w="335" /><ent r="3" t="268" w="395" /><ent r="3" t="268" w="414" /></phr></stem><stem n="xbuild-command"><phr n="xbuild-command"><ent r="3" t="268" w="328" /></phr></stem><stem n="linux-distribut"><phr n="Linux-distribution"><ent r="3" t="268" w="354" /></phr></stem><stem n="-distribution,"><phr n="-distribution,"><ent r="3" t="268" w="356" /><ent r="3" t="268" w="356" /></phr></stem><stem n="errors.thi"><phr n="errors.This"><ent r="3" t="268" w="420" /><ent r="3" t="268" w="419" /></phr></stem><stem n="db4o-data"><phr n="Db4o-Data"><ent r="4" t="268" w="429" /></phr></stem><stem n="db4o-data-servic"><phr n="Db4o-Data-Services"><ent r="4" t="268" w="429" /></phr></stem><stem n="data-servic"><phr n="Data-Services"><ent r="4" t="268" w="430" /></phr></stem><stem n="-data-services:"><phr n="-Data-Services:"><ent r="4" t="268" w="432" /><ent r="4" t="268" w="433" /></phr></stem><stem n="db4o-test"><phr n="Db4o-Test"><ent r="4" t="268" w="439" /></phr><phr n="db4o-tests"><ent r="6" t="313" w="61" /><ent r="6" t="313" w="64" /></phr></stem><stem n="db4o-test-project"><phr n="Db4o-Test-Projects"><ent r="4" t="268" w="439" /></phr></stem><stem n="test-project"><phr n="Test-Projects"><ent r="4" t="268" w="440" /></phr><phr n="test-projects"><ent r="3" t="302" w="58" /></phr></stem><stem n="-test-projects:"><phr n="-Test-Projects:"><ent r="4" t="268" w="442" /><ent r="4" t="268" w="443" /></phr></stem><stem n="testcas"><phr n="TestCases"><ent r="4" t="268" w="457" /></phr><phr n="testCase"><ent r="4" t="302" w="221" /><ent r="4" t="302" w="226" /></phr></stem><stem n="subproject'"><phr n="subproject's"><ent r="3" t="268" w="488" /><ent r="3" t="268" w="487" /></phr></stem><stem n="subproject's."><phr n="subproject's."><ent r="3" t="268" w="488" /><ent r="3" t="268" w="487" /></phr></stem><stem n="pascal"><phr n="Pascal"><ent r="4" t="269" w="19" /><ent r="6" t="299" w="170" /><ent r="6" t="299" w="183" /></phr></stem><stem n="upper"><phr n="upper"><ent r="4" t="269" w="35" /><ent r="3" t="284" w="167" /></phr></stem><stem n="letter"><phr n="letter"><ent r="4" t="269" w="37" /></phr></stem><stem n="prefix"><phr n="prefix"><ent r="4" t="269" w="46" /><ent r="3" t="302" w="113" /></phr></stem><stem n="(client"><phr n="(client"><ent r="4" t="269" w="65" /></phr></stem><stem n="'ll"><phr n="'ll"><ent r="4" t="269" w="69" /></phr></stem><stem n="you'll"><phr n="you'll"><ent r="4" t="269" w="69" /><ent r="4" t="269" w="68" /></phr></stem><stem n="ll"><phr n="ll"><ent r="4" t="269" w="69" /></phr></stem><stem n=".dll."><phr n=".dll."><ent r="4" t="269" w="81" /></phr></stem><stem n="/librari"><phr n="/libraries"><ent r="4" t="269" w="87" /></phr><phr n="/library"><ent r="4" t="272" w="81" /></phr></stem><stem n="executables/librari"><phr n="executables/libraries"><ent r="4" t="269" w="87" /><ent r="4" t="269" w="86" /></phr></stem><stem n="framwork"><phr n="Framwork"><ent r="92" t="269" w="117" /></phr></stem><stem n="prior"><phr n="prior"><ent r="3" t="269" w="152" /></phr></stem><stem n="&quot;.net"><phr n="&quot;.NET"><ent r="3" t="270" w="60" /></phr></stem><stem n="calcul"><phr n="calculated"><ent r="3" t="270" w="71" /></phr><phr n="calculate"><ent r="3" t="270" w="100" /></phr></stem><stem n="[visual"><phr n="[Visual"><ent r="3" t="270" w="87" /></phr></stem><stem n="home"><phr n="Home"><ent r="3" t="270" w="89" /><ent r="4" t="306" w="588" /></phr><phr n="home"><ent r="5" t="297" w="274" /><ent r="5" t="297" w="571" /><ent r="4" t="297" w="663" /><ent r="4" t="297" w="669" /><ent r="4" t="297" w="673" /><ent r="4" t="297" w="678" /><ent r="4" t="297" w="681" /><ent r="4" t="297" w="714" /><ent r="4" t="297" w="716" /><ent r="4" t="297" w="719" /><ent r="5" t="298" w="236" /><ent r="3" t="306" w="372" /></phr><phr n="HOME"><ent r="4" t="297" w="667" /><ent r="3" t="306" w="340" /><ent r="3" t="306" w="358" /></phr></stem><stem n="sdk"><phr n="SDK"><ent r="3" t="270" w="90" /></phr></stem><stem n="v2"><phr n="v2"><ent r="3" t="270" w="91" /></phr></stem><stem n="v2.0"><phr n="v2.0"><ent r="3" t="270" w="92" /><ent r="3" t="270" w="91" /></phr></stem><stem n="]\sdk\v2.0\bin"><phr n="]\SDK\v2.0\Bin"><ent r="3" t="270" w="93" /></phr></stem><stem n="db4o.xml"><phr n="Db4o.Xml"><ent r="3" t="270" w="136" /><ent r="3" t="270" w="135" /></phr></stem><stem n="serializationformatt"><phr n="SerializationFormatter"><ent r="3" t="270" w="218" /><ent r="7" t="270" w="432" /></phr></stem><stem n="controlappdomain"><phr n="ControlAppDomain"><ent r="3" t="270" w="219" /><ent r="7" t="270" w="441" /></phr></stem><stem n="(uipermiss"><phr n="(UIPermission"><ent r="3" t="270" w="270" /></phr></stem><stem n="-stack"><phr n="-Stacks"><ent r="3" t="270" w="301" /><ent r="3" t="270" w="301" /></phr></stem><stem n="(more"><phr n="(More"><ent r="3" t="270" w="303" /></phr></stem><stem n="correspond"><phr n="corresponding"><ent r="6" t="270" w="333" /></phr><phr n="corresponds"><ent r="3" t="284" w="255" /></phr></stem><stem n="unmanag"><phr n="Unmanaged"><ent r="6" t="270" w="389" /></phr></stem><stem n="formatt"><phr n="formatters"><ent r="6" t="270" w="439" /></phr></stem><stem n="(formatters)"><phr n="(formatters)"><ent r="6" t="270" w="440" /></phr></stem><stem n="appdomain"><phr n="AppDomain"><ent r="6" t="270" w="445" /></phr></stem><stem n="(requir"><phr n="(required"><ent r="4" t="270" w="506" /></phr></stem><stem n="auxiliari"><phr n="auxiliary"><ent r="3" t="270" w="522" /></phr></stem><stem n=".db4o.nativequeri"><phr n=".Db4o.NativeQueries"><ent r="6" t="270" w="532" /></phr></stem><stem n=".db4o.instrument"><phr n=".Db4o.Instrumentation"><ent r="6" t="270" w="540" /></phr></stem><stem n="(unmanagedcode)"><phr n="(UnmanagedCode)"><ent r="7" t="270" w="544" /></phr></stem><stem n="&quot;web"><phr n="&quot;Web"><ent r="64" t="271" w="50" /></phr></stem><stem n="import/export"><phr n="import/export"><ent r="3" t="272" w="42" /><ent r="3" t="272" w="41" /></phr></stem><stem n="import/export,"><phr n="import/export,"><ent r="3" t="272" w="42" /><ent r="3" t="272" w="41" /></phr></stem><stem n="/export,"><phr n="/export,"><ent r="3" t="272" w="43" /></phr></stem><stem n="database/queri"><phr n="database/query"><ent r="3" t="272" w="61" /><ent r="3" t="272" w="60" /></phr></stem><stem n="favorit"><phr n="favorite"><ent r="4" t="272" w="78" /></phr></stem><stem n="api/librari"><phr n="API/library"><ent r="4" t="272" w="81" /><ent r="4" t="272" w="80" /></phr></stem><stem n="disc"><phr n="disc"><ent r="4" t="272" w="88" /></phr></stem><stem n="revers"><phr n="reverse"><ent r="3" t="272" w="101" /></phr></stem><stem n="xmlserial"><phr n="XmlSerializer"><ent r="3" t="272" w="131" /><ent r="4" t="272" w="160" /><ent r="4" t="272" w="165" /><ent r="4" t="272" w="242" /><ent r="4" t="272" w="378" /><ent r="4" t="272" w="383" /><ent r="4" t="272" w="459" /></phr></stem><stem n="/deseri"><phr n="/deserialize"><ent r="3" t="272" w="147" /></phr></stem><stem n="serialize/deseri"><phr n="serialize/deserialize"><ent r="3" t="272" w="147" /><ent r="3" t="272" w="146" /></phr></stem><stem n="deseri"><phr n="deserialize"><ent r="3" t="272" w="147" /></phr><phr n="Deserialize"><ent r="4" t="272" w="407" /><ent r="4" t="272" w="492" /></phr></stem><stem n="pilotseri"><phr n="pilotSerializer"><ent r="4" t="272" w="161" /><ent r="4" t="272" w="203" /><ent r="4" t="272" w="236" /><ent r="4" t="272" w="280" /><ent r="4" t="272" w="379" /><ent r="4" t="272" w="406" /><ent r="4" t="272" w="453" /><ent r="4" t="272" w="491" /></phr></stem><stem n="(pilot[]));"><phr n="(Pilot[]));"><ent r="4" t="272" w="170" /><ent r="4" t="272" w="388" /></phr></stem><stem n="(filestream"><phr n="(FileStream"><ent r="4" t="272" w="173" /><ent r="4" t="272" w="391" /></phr></stem><stem n="filestream"><phr n="FileStream"><ent r="4" t="272" w="173" /><ent r="4" t="272" w="178" /><ent r="4" t="272" w="256" /><ent r="4" t="272" w="391" /><ent r="4" t="272" w="396" /><ent r="4" t="272" w="473" /></phr></stem><stem n="pilots.xml"><phr n="pilots.xml"><ent r="5" t="272" w="181" /><ent r="5" t="272" w="180" /><ent r="5" t="272" w="259" /><ent r="5" t="272" w="258" /><ent r="5" t="272" w="399" /><ent r="5" t="272" w="398" /><ent r="5" t="272" w="476" /><ent r="5" t="272" w="475" /></phr></stem><stem n="&quot;pilots.xml&quot;"><phr n="&quot;pilots.xml&quot;"><ent r="5" t="272" w="182" /><ent r="5" t="272" w="260" /><ent r="5" t="272" w="400" /><ent r="5" t="272" w="477" /></phr></stem><stem n="filemod"><phr n="FileMode"><ent r="4" t="272" w="183" /><ent r="4" t="272" w="261" /><ent r="4" t="272" w="401" /><ent r="4" t="272" w="478" /></phr></stem><stem n="filemode.createnew"><phr n="FileMode.CreateNew"><ent r="4" t="272" w="184" /><ent r="4" t="272" w="183" /><ent r="4" t="272" w="262" /><ent r="4" t="272" w="261" /></phr></stem><stem n="createnew"><phr n="CreateNew"><ent r="4" t="272" w="184" /><ent r="4" t="272" w="262" /></phr></stem><stem n=",filemode.createnew))"><phr n=",FileMode.CreateNew))"><ent r="4" t="272" w="185" /></phr></stem><stem n="toarrai"><phr n="ToArray"><ent r="4" t="272" w="202" /><ent r="4" t="272" w="279" /></phr></stem><stem n=").toarray();"><phr n=").ToArray();"><ent r="4" t="272" w="203" /></phr></stem><stem n="pilotserializer.seri"><phr n="pilotSerializer.Serialize"><ent r="4" t="272" w="204" /><ent r="4" t="272" w="203" /><ent r="4" t="272" w="281" /><ent r="4" t="272" w="280" /></phr></stem><stem n=".serialize(file,"><phr n=".Serialize(file,"><ent r="4" t="272" w="206" /><ent r="4" t="272" w="283" /></phr></stem><stem n="xmlserialisationexampl"><phr n="XMLSerialisationExamples"><ent r="4" t="272" w="208" /><ent r="4" t="272" w="293" /><ent r="4" t="272" w="424" /><ent r="4" t="272" w="523" /></phr></stem><stem n="xmlserialisationexamples.c"><phr n="XMLSerialisationExamples.cs"><ent r="4" t="272" w="209" /><ent r="4" t="272" w="208" /><ent r="4" t="272" w="425" /><ent r="4" t="272" w="424" /></phr></stem><stem n="(pilot()))"><phr n="(Pilot()))"><ent r="4" t="272" w="247" /><ent r="4" t="272" w="464" /></phr></stem><stem n=".createnew)"><phr n=".CreateNew)"><ent r="4" t="272" w="263" /></phr></stem><stem n=").toarray()"><phr n=").ToArray()"><ent r="4" t="272" w="280" /></phr></stem><stem n="xmlserialisationexamples.vb"><phr n="XMLSerialisationExamples.vb"><ent r="4" t="272" w="294" /><ent r="4" t="272" w="293" /><ent r="4" t="272" w="524" /><ent r="4" t="272" w="523" /></phr></stem><stem n="child"><phr n="child"><ent r="3" t="272" w="327" /></phr></stem><stem n="filemode.open"><phr n="FileMode.Open"><ent r="4" t="272" w="402" /><ent r="4" t="272" w="401" /><ent r="4" t="272" w="479" /><ent r="4" t="272" w="478" /></phr></stem><stem n=".open))"><phr n=".Open))"><ent r="4" t="272" w="403" /></phr></stem><stem n="pilotserializer.deseri"><phr n="pilotSerializer.Deserialize"><ent r="4" t="272" w="407" /><ent r="4" t="272" w="406" /><ent r="4" t="272" w="492" /><ent r="4" t="272" w="491" /></phr></stem><stem n="(pilot[])pilotserializer.deserialize(file);"><phr n="(Pilot[])pilotSerializer.Deserialize(file);"><ent r="4" t="272" w="409" /></phr></stem><stem n=".open)"><phr n=".Open)"><ent r="4" t="272" w="480" /></phr></stem><stem n="(pilotserializer.deserialize(file),"><phr n="(pilotSerializer.Deserialize(file),"><ent r="4" t="272" w="494" /></phr></stem><stem n=".for"><phr n=".For"><ent r="4" t="273" w="98" /></phr></stem><stem n="remot"><phr n="remoting"><ent r="4" t="273" w="100" /></phr><phr n="Remoting"><ent r="3" t="276" w="15" /><ent r="3" t="276" w="179" /></phr><phr n="remote"><ent r="4" t="276" w="65" /><ent r="4" t="276" w="81" /><ent r="4" t="276" w="100" /><ent r="2" t="276" w="256" /></phr></stem><stem n="marshalbyref"><phr n="MarshalByRef"><ent r="65" t="273" w="111" /><ent r="1000" t="276" w="2" /><ent r="102" t="276" w="6" /><ent r="3" t="276" w="11" /><ent r="3" t="276" w="25" /><ent r="3" t="276" w="157" /><ent r="3" t="276" w="163" /><ent r="3" t="276" w="226" /></phr></stem><stem n="&quot;access"><phr n="&quot;Accessing"><ent r="64" t="273" w="144" /></phr></stem><stem n="&quot;danger"><phr n="&quot;Dangerous"><ent r="64" t="273" w="165" /></phr></stem><stem n="&quot;work"><phr n="&quot;Working"><ent r="64" t="273" w="187" /><ent r="64" t="293" w="248" /></phr></stem><stem n="unactiv"><phr n="unactivated"><ent r="3" t="274" w="58" /></phr></stem><stem n="reachabl"><phr n="reachable"><ent r="3" t="274" w="298" /></phr></stem><stem n="dive"><phr n="dive"><ent r="4" t="274" w="319" /><ent r="4" t="274" w="453" /></phr></stem><stem n="eleg"><phr n="elegant"><ent r="4" t="274" w="355" /><ent r="4" t="274" w="462" /></phr></stem><stem n="regul"><phr n="regulated"><ent r="3" t="275" w="13" /></phr></stem><stem n="-object,"><phr n="-object,"><ent r="3" t="275" w="112" /><ent r="3" t="275" w="112" /></phr></stem><stem n="friend-collect"><phr n="friend-collection"><ent r="3" t="275" w="115" /></phr></stem><stem n="friend-collection-object"><phr n="friend-collection-object"><ent r="3" t="275" w="115" /></phr></stem><stem n="collection-object"><phr n="collection-object"><ent r="3" t="275" w="116" /></phr></stem><stem n="-collection-object."><phr n="-collection-object."><ent r="3" t="275" w="118" /><ent r="3" t="275" w="119" /></phr></stem><stem n="top-level"><phr n="top-level"><ent r="3" t="275" w="565" /><ent r="3" t="305" w="94" /></phr></stem><stem n="lower-level"><phr n="lower-level"><ent r="3" t="275" w="573" /></phr></stem><stem n="penalti"><phr n="penalty"><ent r="3" t="275" w="582" /></phr></stem><stem n="completli"><phr n="completly"><ent r="3" t="275" w="597" /></phr></stem></index>