﻿<?xml version="1.0" encoding="utf-8"?><index><stem n="theexample.ag"><phr n="theExample.Age"><ent r="4" t="24" w="185" /><ent r="4" t="24" w="184" /><ent r="4" t="24" w="218" /><ent r="4" t="24" w="217" /><ent r="4" t="24" w="301" /><ent r="4" t="24" w="300" /><ent r="4" t="24" w="339" /><ent r="4" t="24" w="338" /></phr></stem><stem n="29"><phr n="29"><ent r="3" t="24" w="274" /><ent r="3" t="24" w="282" /><ent r="4" t="24" w="302" /><ent r="4" t="24" w="313" /><ent r="4" t="24" w="340" /><ent r="4" t="24" w="357" /></phr></stem><stem n="empti"><phr n="empty"><ent r="3" t="24" w="378" /><ent r="4" t="24" w="411" /><ent r="4" t="24" w="451" /><ent r="4" t="25" w="42" /><ent r="3" t="40" w="230" /><ent r="4" t="140" w="349" /><ent r="4" t="140" w="356" /><ent r="3" t="233" w="348" /><ent r="3" t="277" w="40" /></phr></stem><stem n=".querybyexample(example);"><phr n=".QueryByExample(example);"><ent r="4" t="24" w="400" /></phr></stem><stem n=".querybyexample(example)"><phr n=".QueryByExample(example)"><ent r="4" t="24" w="440" /></phr></stem><stem n="directli"><phr n="directly"><ent r="3" t="24" w="464" /><ent r="3" t="28" w="69" /><ent r="3" t="28" w="366" /><ent r="3" t="32" w="157" /><ent r="3" t="51" w="173" /><ent r="3" t="52" w="21" /><ent r="3" t="68" w="99" /><ent r="4" t="90" w="396" /><ent r="3" t="93" w="23" /><ent r="3" t="109" w="25" /><ent r="3" t="115" w="92" /><ent r="3" t="123" w="12" /><ent r="3" t="124" w="54" /><ent r="4" t="124" w="122" /><ent r="3" t="127" w="27" /><ent r="6" t="143" w="294" /><ent r="3" t="187" w="22" /><ent r="3" t="195" w="28" /><ent r="3" t="225" w="27" /><ent r="3" t="229" w="54" /><ent r="3" t="235" w="291" /><ent r="3" t="241" w="72" /><ent r="3" t="250" w="238" /><ent r="3" t="251" w="424" /><ent r="3" t="259" w="14" /><ent r="3" t="299" w="107" /><ent r="3" t="302" w="34" /><ent r="3" t="305" w="99" /><ent r="3" t="309" w="418" /></phr><phr n="Directly"><ent r="64" t="51" w="200" /><ent r="1000" t="52" w="5" /><ent r="102" t="52" w="11" /></phr></stem><stem n=".querybyexample("><phr n=".QueryByExample("><ent r="4" t="24" w="474" /><ent r="4" t="24" w="506" /><ent r="4" t="24" w="550" /><ent r="4" t="24" w="574" /></phr></stem><stem n="noth"><phr n="Nothing"><ent r="5" t="24" w="575" /><ent r="5" t="28" w="832" /><ent r="5" t="28" w="1021" /><ent r="5" t="28" w="1193" /><ent r="5" t="49" w="609" /><ent r="5" t="49" w="618" /><ent r="5" t="49" w="676" /><ent r="5" t="49" w="1231" /><ent r="5" t="50" w="840" /><ent r="5" t="56" w="300" /><ent r="5" t="70" w="514" /><ent r="5" t="70" w="760" /><ent r="5" t="74" w="220" /><ent r="5" t="74" w="223" /><ent r="5" t="76" w="148" /><ent r="5" t="76" w="151" /><ent r="5" t="99" w="579" /><ent r="5" t="99" w="746" /><ent r="5" t="112" w="918" /><ent r="5" t="112" w="998" /><ent r="5" t="121" w="492" /><ent r="5" t="121" w="528" /><ent r="5" t="263" w="333" /><ent r="5" t="263" w="336" /></phr><phr n="nothing"><ent r="4" t="33" w="51" /><ent r="3" t="126" w="238" /><ent r="4" t="308" w="163" /></phr></stem><stem n="nest"><phr n="Nested"><ent r="92" t="24" w="589" /><ent r="4" t="24" w="663" /><ent r="4" t="24" w="713" /></phr><phr n="nested"><ent r="3" t="24" w="596" /><ent r="3" t="27" w="1264" /><ent r="5" t="49" w="1067" /><ent r="5" t="49" w="1208" /><ent r="5" t="50" w="740" /><ent r="5" t="50" w="817" /></phr></stem><stem n="jenni"><phr n="Jenny"><ent r="3" t="24" w="633" /><ent r="5" t="24" w="644" /><ent r="5" t="24" w="685" /><ent r="5" t="28" w="269" /><ent r="5" t="28" w="315" /></phr></stem><stem n="pilotexampl"><phr n="pilotExample"><ent r="4" t="24" w="636" /><ent r="4" t="24" w="641" /><ent r="4" t="24" w="654" /><ent r="4" t="24" w="675" /><ent r="4" t="24" w="682" /><ent r="4" t="24" w="698" /><ent r="4" t="24" w="771" /><ent r="4" t="24" w="776" /><ent r="4" t="24" w="785" /><ent r="4" t="24" w="801" /><ent r="4" t="24" w="808" /><ent r="4" t="24" w="823" /><ent r="4" t="24" w="876" /><ent r="4" t="24" w="881" /><ent r="4" t="24" w="894" /><ent r="4" t="24" w="909" /><ent r="4" t="24" w="916" /><ent r="4" t="24" w="935" /></phr></stem><stem n="pilotexample.nam"><phr n="pilotExample.Name"><ent r="4" t="24" w="642" /><ent r="4" t="24" w="641" /><ent r="4" t="24" w="683" /><ent r="4" t="24" w="682" /></phr></stem><stem n="&quot;jenny&quot;"><phr n="&quot;Jenny&quot;"><ent r="5" t="24" w="645" /><ent r="5" t="24" w="686" /><ent r="5" t="28" w="270" /><ent r="5" t="28" w="316" /></phr></stem><stem n="carexampl"><phr n="carExample"><ent r="4" t="24" w="647" /><ent r="4" t="24" w="652" /><ent r="4" t="24" w="659" /><ent r="4" t="24" w="689" /><ent r="4" t="24" w="696" /><ent r="4" t="24" w="709" /></phr></stem><stem n=".pilot"><phr n=".Pilot"><ent r="4" t="24" w="653" /><ent r="4" t="24" w="697" /><ent r="4" t="38" w="189" /><ent r="4" t="100" w="128" /><ent r="4" t="100" w="238" /><ent r="4" t="254" w="161" /><ent r="4" t="254" w="243" /><ent r="4" t="254" w="253" /><ent r="4" t="254" w="301" /></phr></stem><stem n="carexample.pilot"><phr n="carExample.Pilot"><ent r="4" t="24" w="653" /><ent r="4" t="24" w="652" /><ent r="4" t="24" w="697" /><ent r="4" t="24" w="696" /></phr></stem><stem n=".querybyexample(carexample);"><phr n=".QueryByExample(carExample);"><ent r="4" t="24" w="660" /></phr></stem><stem n=".querybyexample(carexample)"><phr n=".QueryByExample(carExample)"><ent r="4" t="24" w="710" /></phr></stem><stem n="act"><phr n="act"><ent r="3" t="24" w="729" /></phr><phr n="acts"><ent r="3" t="27" w="85" /><ent r="3" t="28" w="879" /><ent r="3" t="40" w="87" /></phr></stem><stem n="least"><phr n="least"><ent r="3" t="24" w="742" /><ent r="3" t="40" w="163" /><ent r="4" t="41" w="210" /><ent r="3" t="104" w="118" /><ent r="3" t="265" w="141" /><ent r="4" t="265" w="247" /><ent r="3" t="281" w="100" /></phr></stem><stem n="post"><phr n="post"><ent r="3" t="24" w="759" /><ent r="3" t="24" w="862" /><ent r="4" t="50" w="293" /><ent r="4" t="50" w="326" /><ent r="4" t="50" w="356" /><ent r="4" t="93" w="134" /></phr><phr n="Post"><ent r="4" t="93" w="90" /><ent r="4" t="260" w="367" /></phr><phr n="posts"><ent r="3" t="293" w="38" /></phr></stem><stem n="&quot;db4o&quot;-tag"><phr n="&quot;db4o&quot;-tag"><ent r="3" t="24" w="764" /></phr></stem><stem n="tag"><phr n="tag"><ent r="3" t="24" w="764" /><ent r="3" t="24" w="767" /></phr><phr n="tags"><ent r="3" t="27" w="46" /><ent r="5" t="28" w="116" /><ent r="5" t="28" w="157" /></phr></stem><stem n="tag-collect"><phr n="tag-collection"><ent r="3" t="24" w="767" /></phr></stem><stem n="blogpost"><phr n="BlogPost"><ent r="4" t="24" w="770" /><ent r="4" t="24" w="775" /><ent r="4" t="24" w="807" /><ent r="4" t="24" w="875" /><ent r="4" t="24" w="880" /><ent r="4" t="24" w="915" /><ent r="3" t="27" w="41" /><ent r="4" t="28" w="112" /><ent r="4" t="28" w="153" /><ent r="4" t="28" w="257" /><ent r="4" t="28" w="303" /><ent r="4" t="28" w="418" /><ent r="4" t="28" w="461" /></phr></stem><stem n="pilotexample.addtag"><phr n="pilotExample.AddTags"><ent r="4" t="24" w="777" /><ent r="4" t="24" w="776" /><ent r="4" t="24" w="809" /><ent r="4" t="24" w="808" /></phr></stem><stem n="addtag"><phr n="AddTags"><ent r="4" t="24" w="777" /><ent r="4" t="24" w="809" /></phr></stem><stem n=".addtags("><phr n=".AddTags("><ent r="4" t="24" w="778" /><ent r="4" t="24" w="810" /></phr></stem><stem n="&quot;db4o&quot;"><phr n="&quot;db4o&quot;"><ent r="5" t="24" w="780" /><ent r="5" t="24" w="812" /><ent r="5" t="28" w="121" /><ent r="5" t="28" w="162" /></phr></stem><stem n=".querybyexample(pilotexample);"><phr n=".QueryByExample(pilotExample);"><ent r="4" t="24" w="786" /><ent r="4" t="24" w="895" /></phr></stem><stem n=".querybyexample(pilotexample)"><phr n=".QueryByExample(pilotExample)"><ent r="4" t="24" w="824" /><ent r="4" t="24" w="936" /></phr></stem><stem n="criteria'"><phr n="criteria's"><ent r="3" t="24" w="853" /><ent r="3" t="24" w="852" /></phr></stem><stem n="criteria's."><phr n="criteria's."><ent r="3" t="24" w="853" /><ent r="3" t="24" w="852" /></phr></stem><stem n="author"><phr n="author"><ent r="3" t="24" w="865" /><ent r="3" t="24" w="872" /></phr><phr n="Author"><ent r="4" t="24" w="886" /><ent r="4" t="24" w="921" /></phr><phr n="authors"><ent r="3" t="27" w="47" /><ent r="5" t="28" w="261" /><ent r="5" t="28" w="307" /></phr></stem><stem n="author-collect"><phr n="author-collection"><ent r="3" t="24" w="872" /></phr></stem><stem n="pilotexample.addauthor"><phr n="pilotExample.AddAuthors"><ent r="4" t="24" w="882" /><ent r="4" t="24" w="881" /><ent r="4" t="24" w="917" /><ent r="4" t="24" w="916" /></phr></stem><stem n="addauthor"><phr n="AddAuthors"><ent r="4" t="24" w="882" /><ent r="4" t="24" w="917" /></phr></stem><stem n=".addauthors("><phr n=".AddAuthors("><ent r="4" t="24" w="883" /><ent r="4" t="24" w="918" /></phr></stem><stem n="));"><phr n="));"><ent r="4" t="24" w="890" /><ent r="4" t="27" w="910" /><ent r="4" t="29" w="773" /><ent r="4" t="34" w="132" /><ent r="4" t="34" w="141" /><ent r="4" t="34" w="218" /><ent r="4" t="34" w="227" /><ent r="4" t="34" w="595" /><ent r="4" t="46" w="66" /><ent r="4" t="64" w="110" /><ent r="4" t="66" w="209" /><ent r="4" t="66" w="433" /><ent r="4" t="66" w="442" /><ent r="4" t="67" w="152" /><ent r="4" t="70" w="409" /><ent r="4" t="85" w="55" /><ent r="4" t="109" w="146" /><ent r="4" t="114" w="864" /><ent r="4" t="121" w="317" /><ent r="4" t="147" w="286" /><ent r="4" t="147" w="321" /><ent r="4" t="160" w="40" /><ent r="4" t="193" w="211" /><ent r="4" t="193" w="250" /><ent r="4" t="229" w="140" /><ent r="4" t="236" w="413" /><ent r="4" t="236" w="771" /><ent r="4" t="256" w="142" /><ent r="4" t="256" w="290" /><ent r="4" t="262" w="231" /><ent r="4" t="275" w="174" /></phr></stem><stem n="-valu"><phr n="-values"><ent r="4" t="25" w="36" /><ent r="4" t="25" w="36" /></phr></stem><stem n="default-valu"><phr n="default-values"><ent r="4" t="25" w="36" /></phr></stem><stem n="unconstrain"><phr n="unconstrained"><ent r="4" t="25" w="54" /></phr></stem><stem n="constructor"><phr n="constructor"><ent r="4" t="25" w="59" /><ent r="3" t="80" w="26" /><ent r="3" t="80" w="128" /><ent r="3" t="104" w="34" /><ent r="3" t="104" w="91" /><ent r="3" t="104" w="100" /><ent r="3" t="104" w="115" /><ent r="3" t="104" w="123" /><ent r="3" t="104" w="136" /><ent r="3" t="104" w="167" /><ent r="6" t="143" w="196" /><ent r="3" t="152" w="13" /><ent r="3" t="152" w="47" /><ent r="3" t="152" w="64" /><ent r="3" t="152" w="76" /><ent r="3" t="152" w="154" /><ent r="4" t="152" w="180" /><ent r="4" t="152" w="212" /><ent r="3" t="170" w="21" /><ent r="3" t="170" w="38" /><ent r="3" t="188" w="126" /><ent r="3" t="210" w="12" /><ent r="3" t="210" w="28" /><ent r="4" t="210" w="78" /><ent r="4" t="210" w="110" /><ent r="3" t="247" w="184" /><ent r="5" t="265" w="175" /><ent r="6" t="300" w="478" /></phr><phr n="Constructor"><ent r="92" t="104" w="23" /><ent r="92" t="104" w="79" /><ent r="1000" t="210" w="2" /><ent r="102" t="210" w="5" /></phr><phr n="constructors"><ent r="3" t="104" w="111" /><ent r="3" t="129" w="62" /><ent r="6" t="143" w="375" /><ent r="4" t="152" w="103" /><ent r="4" t="152" w="129" /><ent r="4" t="170" w="86" /><ent r="4" t="170" w="115" /><ent r="6" t="209" w="170" /></phr><phr n="Constructors"><ent r="1000" t="152" w="2" /><ent r="102" t="152" w="5" /><ent r="1000" t="170" w="3" /><ent r="102" t="170" w="7" /><ent r="64" t="210" w="57" /></phr></stem><stem n=":soda"><phr n=":SODA"><ent r="100" t="26" w="5" /><ent r="100" t="30" w="5" /></phr><phr n=":Soda"><ent r="100" t="31" w="9" /></phr></stem><stem n="node"><phr n="nodes"><ent r="3" t="26" w="28" /><ent r="3" t="41" w="42" /><ent r="3" t="150" w="131" /><ent r="3" t="150" w="135" /><ent r="3" t="282" w="405" /></phr><phr n="node"><ent r="3" t="41" w="44" /><ent r="6" t="143" w="169" /><ent r="3" t="150" w="105" /><ent r="3" t="150" w="107" /><ent r="3" t="150" w="115" /><ent r="3" t="150" w="150" /><ent r="4" t="150" w="197" /><ent r="4" t="150" w="225" /></phr><phr n="Node"><ent r="1000" t="150" w="3" /><ent r="102" t="150" w="8" /><ent r="92" t="282" w="387" /></phr></stem><stem n="identifi"><phr n="identify"><ent r="3" t="26" w="37" /><ent r="3" t="38" w="47" /><ent r="3" t="39" w="28" /><ent r="3" t="128" w="38" /><ent r="3" t="246" w="124" /><ent r="3" t="247" w="23" /><ent r="3" t="247" w="40" /><ent r="3" t="248" w="22" /><ent r="3" t="249" w="19" /><ent r="3" t="250" w="20" /><ent r="3" t="251" w="20" /><ent r="3" t="255" w="85" /><ent r="3" t="260" w="135" /><ent r="3" t="260" w="225" /><ent r="4" t="260" w="306" /></phr><phr n="identifier"><ent r="3" t="38" w="24" /></phr><phr n="identifying"><ent r="3" t="69" w="39" /><ent r="3" t="246" w="179" /></phr><phr n="identified"><ent r="3" t="188" w="546" /><ent r="3" t="246" w="113" /></phr><phr n="identifiers"><ent r="6" t="299" w="168" /></phr></stem><stem n="neither"><phr n="neither"><ent r="3" t="26" w="41" /><ent r="3" t="165" w="117" /><ent r="3" t="165" w="123" /></phr></stem><stem n="perfectli"><phr n="perfectly"><ent r="3" t="26" w="42" /><ent r="3" t="255" w="18" /></phr></stem><stem n="nor"><phr n="nor"><ent r="3" t="26" w="44" /><ent r="3" t="48" w="148" /><ent r="3" t="73" w="72" /></phr><phr n="Nor"><ent r="3" t="261" w="65" /></phr></stem><stem n="verbos"><phr n="verbose"><ent r="3" t="26" w="53" /><ent r="6" t="92" w="482" /><ent r="6" t="92" w="516" /></phr><phr n="Verbose"><ent r="6" t="92" w="484" /></phr></stem><stem n="analysi"><phr n="analysis"><ent r="4" t="26" w="118" /></phr></stem><stem n="-exampl"><phr n="-examples"><ent r="3" t="26" w="166" /><ent r="3" t="26" w="166" /></phr><phr n="-example"><ent r="64" t="260" w="85" /><ent r="64" t="260" w="85" /></phr></stem><stem n="soda-exampl"><phr n="SODA-examples"><ent r="3" t="26" w="166" /></phr></stem><stem n="feel"><phr n="feel"><ent r="3" t="26" w="171" /></phr></stem><stem n="soda-api"><phr n="SODA-API"><ent r="3" t="26" w="173" /></phr></stem><stem n="-api."><phr n="-API."><ent r="3" t="26" w="175" /><ent r="3" t="26" w="175" /></phr></stem><stem n="&quot;soda"><phr n="&quot;SODA"><ent r="64" t="26" w="177" /><ent r="64" t="26" w="195" /><ent r="64" t="26" w="219" /><ent r="64" t="26" w="237" /><ent r="64" t="283" w="385" /></phr></stem><stem n="addition"><phr n="Additionally"><ent r="3" t="26" w="200" /><ent r="3" t="56" w="366" /><ent r="3" t="61" w="81" /><ent r="3" t="62" w="56" /><ent r="3" t="94" w="67" /><ent r="3" t="97" w="14" /><ent r="3" t="108" w="81" /><ent r="3" t="179" w="375" /><ent r="3" t="207" w="118" /><ent r="3" t="236" w="276" /><ent r="4" t="237" w="107" /><ent r="3" t="257" w="143" /><ent r="3" t="266" w="88" /><ent r="3" t="297" w="53" /><ent r="3" t="298" w="509" /><ent r="3" t="303" w="74" /><ent r="3" t="303" w="88" /></phr></stem><stem n="pure"><phr n="pure"><ent r="3" t="26" w="214" /><ent r="64" t="182" w="27" /><ent r="4" t="187" w="59" /><ent r="4" t="187" w="114" /><ent r="3" t="231" w="240" /></phr><phr n="Pure"><ent r="4" t="28" w="983" /><ent r="4" t="28" w="1039" /></phr></stem><stem n="last"><phr n="last"><ent r="3" t="26" w="223" /><ent r="3" t="30" w="199" /><ent r="3" t="35" w="450" /><ent r="3" t="76" w="930" /><ent r="5" t="92" w="166" /><ent r="3" t="99" w="618" /><ent r="3" t="104" w="182" /><ent r="3" t="117" w="576" /><ent r="3" t="184" w="71" /><ent r="3" t="265" w="605" /></phr><phr n="Last"><ent r="3" t="99" w="1035" /></phr></stem><stem n="list"><phr n="list"><ent r="3" t="27" w="44" /><ent r="4" t="35" w="183" /><ent r="4" t="35" w="269" /><ent r="5" t="46" w="103" /><ent r="5" t="46" w="234" /><ent r="5" t="63" w="53" /><ent r="5" t="63" w="139" /><ent r="3" t="70" w="255" /><ent r="3" t="70" w="280" /><ent r="3" t="70" w="291" /><ent r="3" t="76" w="372" /><ent r="4" t="76" w="663" /><ent r="4" t="76" w="749" /><ent r="3" t="92" w="31" /><ent r="6" t="92" w="303" /><ent r="6" t="92" w="314" /><ent r="3" t="95" w="27" /><ent r="3" t="126" w="221" /><ent r="3" t="128" w="50" /><ent r="3" t="131" w="91" /><ent r="3" t="131" w="107" /><ent r="3" t="141" w="376" /><ent r="3" t="144" w="24" /><ent r="3" t="165" w="26" /><ent r="3" t="165" w="94" /><ent r="3" t="240" w="965" /><ent r="3" t="240" w="971" /><ent r="3" t="241" w="29" /><ent r="3" t="241" w="71" /><ent r="5" t="241" w="192" /><ent r="4" t="241" w="217" /><ent r="4" t="241" w="234" /><ent r="4" t="241" w="241" /><ent r="5" t="241" w="409" /><ent r="4" t="241" w="443" /><ent r="4" t="241" w="471" /><ent r="4" t="241" w="480" /><ent r="3" t="260" w="231" /><ent r="3" t="267" w="133" /><ent r="3" t="270" w="288" /><ent r="3" t="275" w="151" /><ent r="5" t="275" w="211" /><ent r="5" t="275" w="342" /><ent r="3" t="290" w="33" /><ent r="3" t="298" w="553" /><ent r="3" t="298" w="564" /><ent r="6" t="299" w="409" /><ent r="4" t="306" w="583" /></phr><phr n="lists"><ent r="3" t="35" w="99" /><ent r="4" t="41" w="214" /><ent r="3" t="76" w="579" /><ent r="3" t="270" w="516" /></phr><phr n="List"><ent r="5" t="53" w="209" /><ent r="5" t="53" w="603" /><ent r="4" t="141" w="276" /><ent r="5" t="241" w="196" /><ent r="5" t="241" w="412" /><ent r="4" t="241" w="453" /><ent r="3" t="290" w="200" /></phr><phr n="Lists"><ent r="4" t="103" w="112" /></phr><phr n="Listing"><ent r="4" t="260" w="197" /></phr></stem><stem n="dictionari"><phr n="Dictionary"><ent r="4" t="27" w="51" /><ent r="93" t="28" w="345" /><ent r="4" t="28" w="385" /><ent r="4" t="28" w="435" /><ent r="4" t="28" w="484" /><ent r="4" t="99" w="346" /><ent r="3" t="267" w="157" /></phr><phr n="dictionary"><ent r="3" t="28" w="353" /><ent r="3" t="267" w="149" /></phr><phr n="Dictionaries"><ent r="5" t="103" w="115" /></phr></stem><stem n="meta-data"><phr n="meta-data"><ent r="3" t="27" w="54" /><ent r="3" t="83" w="27" /><ent r="3" t="83" w="72" /></phr></stem><stem n="-data."><phr n="-data."><ent r="3" t="27" w="56" /><ent r="3" t="27" w="56" /></phr></stem><stem n="-queries."><phr n="-queries."><ent r="3" t="27" w="84" /><ent r="3" t="27" w="84" /></phr></stem><stem n="filter"><phr n="filter"><ent r="3" t="27" w="88" /><ent r="3" t="28" w="882" /><ent r="5" t="28" w="958" /><ent r="5" t="28" w="1006" /><ent r="3" t="83" w="36" /><ent r="3" t="83" w="57" /><ent r="3" t="83" w="69" /><ent r="4" t="83" w="106" /><ent r="4" t="83" w="141" /><ent r="6" t="92" w="126" /><ent r="6" t="92" w="131" /><ent r="5" t="92" w="167" /><ent r="3" t="140" w="161" /><ent r="3" t="140" w="175" /><ent r="3" t="141" w="27" /><ent r="4" t="141" w="200" /><ent r="4" t="141" w="345" /><ent r="3" t="141" w="359" /><ent r="3" t="244" w="317" /><ent r="3" t="289" w="197" /></phr><phr n="filters"><ent r="3" t="28" w="892" /><ent r="3" t="29" w="168" /><ent r="3" t="79" w="120" /></phr><phr n="Filter"><ent r="3" t="60" w="155" /><ent r="64" t="79" w="124" /><ent r="1000" t="83" w="2" /><ent r="102" t="83" w="5" /><ent r="6" t="92" w="110" /><ent r="6" t="92" w="144" /><ent r="1000" t="141" w="3" /><ent r="102" t="141" w="7" /><ent r="4" t="141" w="408" /><ent r="4" t="141" w="447" /></phr></stem><stem n="field-valu"><phr n="field-values"><ent r="3" t="27" w="315" /></phr></stem><stem n="-values."><phr n="-values."><ent r="3" t="27" w="317" /><ent r="3" t="27" w="317" /></phr></stem><stem n="&quot;age&quot;"><phr n="&quot;age&quot;"><ent r="5" t="27" w="345" /><ent r="5" t="27" w="386" /><ent r="5" t="27" w="428" /><ent r="5" t="27" w="472" /><ent r="5" t="27" w="545" /><ent r="5" t="27" w="554" /><ent r="5" t="27" w="595" /><ent r="5" t="27" w="606" /><ent r="5" t="27" w="662" /><ent r="5" t="27" w="701" /><ent r="5" t="30" w="218" /><ent r="5" t="30" w="263" /><ent r="5" t="70" w="402" /><ent r="5" t="70" w="549" /></phr></stem><stem n="42"><phr n="42"><ent r="4" t="27" w="347" /><ent r="4" t="27" w="388" /><ent r="4" t="27" w="430" /><ent r="4" t="27" w="474" /><ent r="4" t="27" w="547" /><ent r="4" t="27" w="597" /><ent r="4" t="27" w="664" /><ent r="4" t="27" w="703" /><ent r="4" t="28" w="759" /><ent r="4" t="28" w="834" /><ent r="4" t="67" w="257" /><ent r="4" t="67" w="264" /><ent r="4" t="67" w="302" /><ent r="4" t="67" w="309" /><ent r="6" t="128" w="325" /><ent r="6" t="128" w="332" /><ent r="6" t="128" w="382" /><ent r="6" t="128" w="389" /></phr></stem><stem n=").constrain(42).greater();"><phr n=").Constrain(42).Greater();"><ent r="4" t="27" w="349" /></phr></stem><stem n=").constrain(42).greater()"><phr n=").Constrain(42).Greater()"><ent r="4" t="27" w="390" /><ent r="4" t="27" w="549" /></phr></stem><stem n=").constrain(42).greater().equal();"><phr n=").Constrain(42).Greater().Equal();"><ent r="4" t="27" w="433" /></phr></stem><stem n=").constrain(42).greater().equal()"><phr n=").Constrain(42).Greater().Equal()"><ent r="4" t="27" w="477" /></phr></stem><stem n="(and,"><phr n="(AND,"><ent r="92" t="27" w="507" /></phr></stem><stem n="'and'"><phr n="'AND'"><ent r="3" t="27" w="517" /><ent r="3" t="27" w="529" /></phr></stem><stem n="'or'"><phr n="'OR'"><ent r="3" t="27" w="519" /></phr></stem><stem n=".or(query.descend("><phr n=".Or(query.Descend("><ent r="4" t="27" w="552" /><ent r="4" t="27" w="868" /><ent r="4" t="27" w="899" /></phr></stem><stem n=").constrain(30).smaller());"><phr n=").Constrain(30).Smaller());"><ent r="4" t="27" w="558" /></phr></stem><stem n=").constrain(42).greater()."><phr n=").Constrain(42).Greater()."><ent r="4" t="27" w="599" /></phr></stem><stem n="(query.descend("><phr n="(query.Descend("><ent r="4" t="27" w="604" /><ent r="4" t="27" w="995" /><ent r="4" t="27" w="1010" /><ent r="4" t="31" w="688" /></phr></stem><stem n=").constrain(30).smaller())"><phr n=").Constrain(30).Smaller())"><ent r="4" t="27" w="610" /></phr></stem><stem n="-constrain"><phr n="-Constrain"><ent r="92" t="27" w="634" /><ent r="92" t="27" w="634" /></phr><phr n="-constrain"><ent r="64" t="28" w="914" /><ent r="64" t="28" w="914" /></phr><phr n="-constrains"><ent r="64" t="32" w="153" /><ent r="64" t="32" w="153" /></phr></stem><stem n="not-constrain"><phr n="Not-Constrain"><ent r="92" t="27" w="634" /></phr></stem><stem n="invert"><phr n="invert"><ent r="3" t="27" w="639" /></phr></stem><stem n="not-method"><phr n="not-method"><ent r="3" t="27" w="645" /></phr></stem><stem n="-method."><phr n="-method."><ent r="3" t="27" w="647" /><ent r="3" t="27" w="647" /><ent r="3" t="29" w="105" /><ent r="3" t="29" w="105" /><ent r="3" t="34" w="71" /><ent r="3" t="34" w="71" /><ent r="3" t="55" w="79" /><ent r="3" t="55" w="79" /><ent r="3" t="55" w="96" /><ent r="3" t="55" w="96" /><ent r="3" t="302" w="107" /><ent r="3" t="302" w="107" /></phr></stem><stem n=").constrain(42).not();"><phr n=").Constrain(42).Not();"><ent r="4" t="27" w="666" /></phr></stem><stem n=").constrain(42)."><phr n=").Constrain(42)."><ent r="4" t="27" w="704" /></phr></stem><stem n="sensit"><phr n="sensitive"><ent r="3" t="27" w="751" /><ent r="3" t="27" w="803" /><ent r="5" t="27" w="890" /><ent r="5" t="27" w="974" /><ent r="6" t="92" w="179" /><ent r="6" t="92" w="188" /><ent r="7" t="92" w="205" /></phr></stem><stem n="-comparison"><phr n="-comparison"><ent r="3" t="27" w="756" /><ent r="3" t="27" w="756" /><ent r="3" t="27" w="767" /><ent r="3" t="27" w="767" /></phr></stem><stem n="contains-comparison"><phr n="contains-comparison"><ent r="3" t="27" w="756" /><ent r="3" t="27" w="776" /></phr></stem><stem n="like-comparison"><phr n="like-comparison"><ent r="3" t="27" w="767" /></phr></stem><stem n="-insensit"><phr n="-insensitive"><ent r="3" t="27" w="771" /><ent r="3" t="27" w="771" /><ent r="5" t="27" w="893" /><ent r="5" t="27" w="893" /><ent r="5" t="27" w="977" /><ent r="5" t="27" w="977" /></phr></stem><stem n="case-insensit"><phr n="case-insensitive"><ent r="3" t="27" w="771" /><ent r="5" t="27" w="893" /><ent r="5" t="27" w="977" /></phr></stem><stem n="insensit"><phr n="insensitive"><ent r="3" t="27" w="772" /><ent r="5" t="27" w="863" /><ent r="5" t="27" w="894" /><ent r="5" t="27" w="959" /><ent r="5" t="27" w="978" /></phr></stem><stem n="-comparison."><phr n="-comparison."><ent r="3" t="27" w="778" /><ent r="3" t="27" w="778" /></phr></stem><stem n="-with-"><phr n="-with-"><ent r="3" t="27" w="781" /><ent r="3" t="27" w="782" /></phr></stem><stem n="start-with"><phr n="start-with"><ent r="3" t="27" w="781" /><ent r="3" t="283" w="358" /></phr></stem><stem n="start-with-"><phr n="start-with-"><ent r="3" t="27" w="781" /></phr></stem><stem n="with-"><phr n="with-"><ent r="3" t="27" w="782" /></phr></stem><stem n="-with-caparison"><phr n="-with-caparison"><ent r="3" t="27" w="786" /><ent r="3" t="27" w="787" /></phr></stem><stem n="ends-with"><phr n="ends-with"><ent r="3" t="27" w="786" /></phr></stem><stem n="ends-with-caparison"><phr n="ends-with-caparison"><ent r="3" t="27" w="786" /></phr></stem><stem n="with-caparison"><phr n="with-caparison"><ent r="3" t="27" w="787" /></phr></stem><stem n="caparison"><phr n="caparison"><ent r="3" t="27" w="788" /></phr></stem><stem n="oh"><phr n="oh"><ent r="5" t="27" w="851" /><ent r="5" t="27" w="987" /></phr></stem><stem n="&quot;oh&quot;"><phr n="&quot;oh&quot;"><ent r="5" t="27" w="852" /><ent r="5" t="27" w="988" /></phr></stem><stem n=").contains()"><phr n=").Contains()"><ent r="4" t="27" w="854" /></phr></stem><stem n=".contains(),"><phr n=".contains(),"><ent r="5" t="27" w="861" /><ent r="5" t="27" w="957" /></phr></stem><stem n="ann"><phr n="AnN"><ent r="5" t="27" w="873" /><ent r="5" t="27" w="1000" /></phr></stem><stem n="&quot;ann&quot;"><phr n="&quot;AnN&quot;"><ent r="5" t="27" w="874" /><ent r="5" t="27" w="1001" /></phr></stem><stem n=").like())"><phr n=").Like())"><ent r="4" t="27" w="876" /></phr></stem><stem n=".endswith"><phr n=".endsWith"><ent r="5" t="27" w="878" /><ent r="5" t="27" w="962" /></phr></stem><stem n=".startwith"><phr n=".startWith"><ent r="5" t="27" w="880" /><ent r="5" t="27" w="964" /></phr></stem><stem n="startwith"><phr n="startWith"><ent r="5" t="27" w="880" /><ent r="5" t="27" w="964" /></phr></stem><stem n="case-sensit"><phr n="case-sensitive"><ent r="5" t="27" w="889" /><ent r="5" t="27" w="973" /><ent r="6" t="92" w="178" /><ent r="6" t="92" w="187" /><ent r="7" t="92" w="204" /></phr></stem><stem n="-sensitive,"><phr n="-sensitive,"><ent r="5" t="27" w="891" /><ent r="5" t="27" w="891" /><ent r="5" t="27" w="975" /><ent r="5" t="27" w="975" /></phr></stem><stem n="fals"><phr n="false"><ent r="5" t="27" w="891" /><ent r="5" t="27" w="908" /><ent r="5" t="27" w="975" /><ent r="3" t="29" w="107" /><ent r="5" t="50" w="124" /><ent r="5" t="86" w="47" /><ent r="3" t="95" w="84" /><ent r="5" t="112" w="477" /><ent r="5" t="112" w="527" /><ent r="5" t="112" w="554" /><ent r="5" t="149" w="86" /><ent r="5" t="151" w="94" /><ent r="5" t="153" w="118" /><ent r="5" t="155" w="57" /><ent r="5" t="161" w="68" /><ent r="5" t="170" w="77" /><ent r="5" t="172" w="69" /><ent r="5" t="182" w="76" /><ent r="5" t="214" w="55" /></phr><phr n="False"><ent r="5" t="27" w="1019" /><ent r="5" t="50" w="159" /><ent r="5" t="86" w="84" /><ent r="5" t="112" w="926" /><ent r="5" t="112" w="1006" /><ent r="5" t="112" w="1041" /><ent r="5" t="149" w="114" /><ent r="5" t="151" w="121" /><ent r="5" t="153" w="146" /><ent r="5" t="155" w="88" /><ent r="5" t="161" w="99" /><ent r="5" t="170" w="107" /><ent r="5" t="172" w="97" /><ent r="5" t="182" w="106" /><ent r="5" t="214" w="88" /></phr></stem></index>