﻿<?xml version="1.0" encoding="utf-8"?><index><stem n="microsoft"><phr n="Microsoft"><ent r="64" t="257" w="585" /><ent r="3" t="262" w="27" /><ent r="64" t="262" w="158" /><ent r="3" t="266" w="13" /><ent r="3" t="268" w="164" /><ent r="3" t="306" w="380" /></phr></stem><stem n="microsoft'"><phr n="Microsoft's"><ent r="64" t="257" w="586" /><ent r="64" t="257" w="585" /><ent r="3" t="262" w="28" /><ent r="3" t="262" w="27" /><ent r="3" t="266" w="14" /><ent r="3" t="266" w="13" /></phr></stem><stem n="uniti"><phr n="Unity"><ent r="64" t="257" w="587" /></phr></stem><stem n="enforc"><phr n="enforce"><ent r="3" t="257" w="590" /></phr></stem><stem n="permiss"><phr n="permissions"><ent r="3" t="258" w="20" /><ent r="3" t="258" w="47" /><ent r="4" t="258" w="66" /><ent r="5" t="258" w="97" /><ent r="4" t="258" w="138" /><ent r="4" t="258" w="305" /><ent r="3" t="270" w="19" /><ent r="3" t="270" w="62" /><ent r="3" t="270" w="65" /><ent r="3" t="270" w="104" /><ent r="3" t="270" w="295" /><ent r="6" t="270" w="328" /><ent r="6" t="270" w="351" /><ent r="7" t="270" w="536" /></phr><phr n="Permissions"><ent r="4" t="258" w="186" /><ent r="4" t="258" w="209" /><ent r="4" t="258" w="230" /><ent r="4" t="258" w="257" /><ent r="4" t="258" w="276" /><ent r="3" t="270" w="158" /><ent r="3" t="270" w="181" /><ent r="3" t="270" w="202" /><ent r="3" t="270" w="231" /><ent r="3" t="270" w="250" /></phr><phr n="permission"><ent r="3" t="270" w="32" /><ent r="3" t="270" w="283" /><ent r="6" t="270" w="354" /><ent r="6" t="270" w="411" /><ent r="3" t="270" w="518" /><ent r="3" t="270" w="549" /></phr><phr n="Permission"><ent r="7" t="270" w="316" /><ent r="6" t="270" w="403" /><ent r="7" t="270" w="527" /></phr></stem><stem n="forbid"><phr n="forbid"><ent r="3" t="258" w="26" /></phr></stem><stem n="/deploi"><phr n="/deploying"><ent r="3" t="258" w="39" /></phr></stem><stem n="developing/deploi"><phr n="developing/deploying"><ent r="3" t="258" w="39" /><ent r="3" t="258" w="38" /></phr></stem><stem n="host"><phr n="hosting"><ent r="3" t="258" w="56" /></phr></stem><stem n="trust"><phr n="Trust"><ent r="5" t="258" w="83" /></phr><phr n="trust"><ent r="5" t="258" w="114" /><ent r="4" t="258" w="125" /></phr><phr n="trusted"><ent r="4" t="259" w="97" /><ent r="4" t="259" w="102" /><ent r="3" t="270" w="38" /></phr></stem><stem n="&quot;full&quot;."><phr n="&quot;Full&quot;."><ent r="5" t="258" w="93" /></phr></stem><stem n="gac"><phr n="GAC"><ent r="5" t="258" w="121" /></phr></stem><stem n="-assembl"><phr n="-assembly"><ent r="4" t="258" w="140" /><ent r="4" t="258" w="140" /></phr><phr n="-assemblies"><ent r="4" t="260" w="59" /><ent r="4" t="260" w="59" /></phr></stem><stem n="db4o-assembl"><phr n="db4o-assembly"><ent r="4" t="258" w="140" /></phr><phr n="db4o-assemblies"><ent r="4" t="260" w="59" /></phr></stem><stem n="permcalc"><phr n="permcalc"><ent r="4" t="258" w="146" /><ent r="65" t="258" w="307" /><ent r="3" t="270" w="298" /><ent r="64" t="270" w="551" /></phr><phr n="PermCalc"><ent r="5" t="258" w="155" /><ent r="4" t="258" w="163" /><ent r="3" t="270" w="76" /><ent r="4" t="270" w="121" /><ent r="3" t="270" w="306" /></phr><phr n="Permcalc"><ent r="3" t="270" w="117" /></phr></stem><stem n="permcalc.ex"><phr n="permcalc.exe"><ent r="4" t="258" w="147" /><ent r="4" t="258" w="146" /></phr><phr n="PermCalc.exe"><ent r="5" t="258" w="156" /><ent r="5" t="258" w="155" /><ent r="4" t="270" w="122" /><ent r="4" t="270" w="121" /></phr></stem><stem n="-sandbox"><phr n="-Sandbox"><ent r="5" t="258" w="157" /><ent r="5" t="258" w="157" /></phr><phr n="-sandbox"><ent r="4" t="270" w="123" /><ent r="4" t="270" w="123" /></phr></stem><stem n="sandbox.permcalc"><phr n="sandbox.PermCalc"><ent r="4" t="258" w="163" /><ent r="4" t="258" w="162" /></phr><phr n="Sandbox.Permcalc"><ent r="3" t="270" w="117" /><ent r="3" t="270" w="116" /></phr></stem><stem n=".permcalc.xml"><phr n=".PermCalc.xml"><ent r="4" t="258" w="164" /></phr><phr n=".Permcalc.xml"><ent r="3" t="270" w="118" /></phr></stem><stem n="sandbox.permcalc.xml"><phr n="sandbox.PermCalc.xml"><ent r="4" t="258" w="164" /><ent r="4" t="258" w="162" /></phr><phr n="Sandbox.Permcalc.xml"><ent r="3" t="270" w="118" /><ent r="3" t="270" w="116" /></phr></stem><stem n="?xml"><phr n="?xml"><ent r="4" t="258" w="166" /><ent r="3" t="270" w="138" /></phr></stem><stem n="1.0"><phr n="1.0"><ent r="4" t="258" w="169" /><ent r="4" t="258" w="168" /><ent r="3" t="270" w="141" /><ent r="3" t="270" w="140" /></phr></stem><stem n="=&quot;1.0&quot;?&gt;"><phr n="=&quot;1.0&quot;?&gt;"><ent r="4" t="258" w="170" /><ent r="3" t="270" w="142" /></phr></stem><stem n="&lt;sandbox&gt;"><phr n="&lt;Sandbox&gt;"><ent r="4" t="258" w="171" /><ent r="3" t="270" w="143" /></phr></stem><stem n="&lt;permissionset"><phr n="&lt;PermissionSet"><ent r="4" t="258" w="172" /><ent r="3" t="270" w="144" /></phr></stem><stem n="=&quot;1&quot;"><phr n="=&quot;1&quot;"><ent r="4" t="258" w="175" /><ent r="4" t="258" w="183" /><ent r="4" t="258" w="206" /><ent r="4" t="258" w="227" /><ent r="4" t="258" w="254" /><ent r="4" t="258" w="273" /><ent r="3" t="270" w="147" /><ent r="3" t="270" w="155" /><ent r="3" t="270" w="178" /><ent r="3" t="270" w="199" /><ent r="3" t="270" w="228" /><ent r="3" t="270" w="247" /></phr></stem><stem n="system.secur"><phr n="System.Security"><ent r="4" t="258" w="177" /><ent r="4" t="258" w="176" /><ent r="4" t="258" w="185" /><ent r="4" t="258" w="184" /><ent r="4" t="258" w="208" /><ent r="4" t="258" w="207" /><ent r="4" t="258" w="229" /><ent r="4" t="258" w="228" /><ent r="4" t="258" w="256" /><ent r="4" t="258" w="255" /><ent r="4" t="258" w="275" /><ent r="4" t="258" w="274" /><ent r="3" t="270" w="149" /><ent r="3" t="270" w="148" /><ent r="3" t="270" w="157" /><ent r="3" t="270" w="156" /><ent r="3" t="270" w="180" /><ent r="3" t="270" w="179" /><ent r="3" t="270" w="201" /><ent r="3" t="270" w="200" /><ent r="3" t="270" w="230" /><ent r="3" t="270" w="229" /><ent r="3" t="270" w="249" /><ent r="3" t="270" w="248" /></phr></stem><stem n="system.security.permissionset"><phr n="System.Security.PermissionSet"><ent r="4" t="258" w="178" /><ent r="4" t="258" w="176" /><ent r="3" t="270" w="150" /><ent r="3" t="270" w="148" /></phr></stem><stem n="permissionset"><phr n="PermissionSet"><ent r="4" t="258" w="178" /><ent r="3" t="270" w="150" /></phr></stem><stem n="=&quot;system.security.permissionset&quot;&gt;"><phr n="=&quot;System.Security.PermissionSet&quot;&gt;"><ent r="4" t="258" w="179" /><ent r="3" t="270" w="151" /></phr></stem><stem n="&lt;ipermiss"><phr n="&lt;IPermission"><ent r="4" t="258" w="180" /><ent r="4" t="258" w="203" /><ent r="4" t="258" w="224" /><ent r="4" t="258" w="247" /><ent r="4" t="258" w="270" /><ent r="3" t="270" w="152" /><ent r="3" t="270" w="175" /><ent r="3" t="270" w="196" /><ent r="3" t="270" w="221" /><ent r="3" t="270" w="244" /></phr></stem><stem n="system.security.permiss"><phr n="System.Security.Permissions"><ent r="4" t="258" w="186" /><ent r="4" t="258" w="184" /><ent r="4" t="258" w="209" /><ent r="4" t="258" w="207" /><ent r="4" t="258" w="230" /><ent r="4" t="258" w="228" /><ent r="4" t="258" w="257" /><ent r="4" t="258" w="255" /><ent r="4" t="258" w="276" /><ent r="4" t="258" w="274" /><ent r="3" t="270" w="158" /><ent r="3" t="270" w="156" /><ent r="3" t="270" w="181" /><ent r="3" t="270" w="179" /><ent r="3" t="270" w="202" /><ent r="3" t="270" w="200" /><ent r="3" t="270" w="231" /><ent r="3" t="270" w="229" /><ent r="3" t="270" w="250" /><ent r="3" t="270" w="248" /></phr></stem><stem n="system.security.permissions.fileiopermiss"><phr n="System.Security.Permissions.FileIOPermission"><ent r="4" t="258" w="187" /><ent r="4" t="258" w="184" /><ent r="3" t="270" w="159" /><ent r="3" t="270" w="156" /></phr></stem><stem n="fileiopermiss"><phr n="FileIOPermission"><ent r="4" t="258" w="187" /><ent r="3" t="270" w="159" /><ent r="6" t="270" w="321" /></phr></stem><stem n="system.security.permissions.fileiopermission,"><phr n="System.Security.Permissions.FileIOPermission,"><ent r="4" t="258" w="187" /><ent r="4" t="258" w="184" /><ent r="3" t="270" w="159" /><ent r="3" t="270" w="156" /></phr></stem><stem n="=&quot;system.security.permissions.fileiopermission,"><phr n="=&quot;System.Security.Permissions.FileIOPermission,"><ent r="4" t="258" w="188" /><ent r="3" t="270" w="160" /></phr></stem><stem n="mscorlib"><phr n="mscorlib"><ent r="4" t="258" w="188" /><ent r="4" t="258" w="211" /><ent r="4" t="258" w="232" /><ent r="4" t="258" w="259" /><ent r="4" t="258" w="278" /><ent r="3" t="267" w="145" /><ent r="3" t="267" w="160" /><ent r="3" t="270" w="160" /><ent r="3" t="270" w="183" /><ent r="3" t="270" w="204" /><ent r="3" t="270" w="233" /><ent r="3" t="270" w="252" /><ent r="3" t="276" w="181" /><ent r="3" t="276" w="191" /></phr></stem><stem n="2.0"><phr n="2.0"><ent r="4" t="258" w="191" /><ent r="4" t="258" w="190" /><ent r="4" t="258" w="214" /><ent r="4" t="258" w="213" /><ent r="4" t="258" w="235" /><ent r="4" t="258" w="234" /><ent r="4" t="258" w="262" /><ent r="4" t="258" w="261" /><ent r="4" t="258" w="281" /><ent r="4" t="258" w="280" /><ent r="3" t="260" w="31" /><ent r="3" t="260" w="30" /><ent r="4" t="260" w="52" /><ent r="4" t="260" w="51" /><ent r="3" t="270" w="163" /><ent r="3" t="270" w="162" /><ent r="3" t="270" w="186" /><ent r="3" t="270" w="185" /><ent r="3" t="270" w="207" /><ent r="3" t="270" w="206" /><ent r="3" t="270" w="236" /><ent r="3" t="270" w="235" /><ent r="3" t="270" w="255" /><ent r="3" t="270" w="254" /></phr></stem><stem n="2.0.0"><phr n="2.0.0"><ent r="4" t="258" w="192" /><ent r="4" t="258" w="190" /><ent r="4" t="258" w="215" /><ent r="4" t="258" w="213" /><ent r="4" t="258" w="236" /><ent r="4" t="258" w="234" /><ent r="4" t="258" w="263" /><ent r="4" t="258" w="261" /><ent r="4" t="258" w="282" /><ent r="4" t="258" w="280" /><ent r="3" t="270" w="164" /><ent r="3" t="270" w="162" /><ent r="3" t="270" w="187" /><ent r="3" t="270" w="185" /><ent r="3" t="270" w="208" /><ent r="3" t="270" w="206" /><ent r="3" t="270" w="237" /><ent r="3" t="270" w="235" /><ent r="3" t="270" w="256" /><ent r="3" t="270" w="254" /></phr></stem><stem n="2.0.0.0"><phr n="2.0.0.0"><ent r="4" t="258" w="193" /><ent r="4" t="258" w="190" /><ent r="4" t="258" w="216" /><ent r="4" t="258" w="213" /><ent r="4" t="258" w="237" /><ent r="4" t="258" w="234" /><ent r="4" t="258" w="264" /><ent r="4" t="258" w="261" /><ent r="4" t="258" w="283" /><ent r="4" t="258" w="280" /><ent r="3" t="270" w="165" /><ent r="3" t="270" w="162" /><ent r="3" t="270" w="188" /><ent r="3" t="270" w="185" /><ent r="3" t="270" w="209" /><ent r="3" t="270" w="206" /><ent r="3" t="270" w="238" /><ent r="3" t="270" w="235" /><ent r="3" t="270" w="257" /><ent r="3" t="270" w="254" /></phr></stem><stem n="2.0.0.0,"><phr n="2.0.0.0,"><ent r="4" t="258" w="193" /><ent r="4" t="258" w="190" /><ent r="4" t="258" w="216" /><ent r="4" t="258" w="213" /><ent r="4" t="258" w="237" /><ent r="4" t="258" w="234" /><ent r="4" t="258" w="264" /><ent r="4" t="258" w="261" /><ent r="4" t="258" w="283" /><ent r="4" t="258" w="280" /><ent r="3" t="270" w="165" /><ent r="3" t="270" w="162" /><ent r="3" t="270" w="188" /><ent r="3" t="270" w="185" /><ent r="3" t="270" w="209" /><ent r="3" t="270" w="206" /><ent r="3" t="270" w="238" /><ent r="3" t="270" w="235" /><ent r="3" t="270" w="257" /><ent r="3" t="270" w="254" /></phr></stem><stem n="=2.0.0.0,"><phr n="=2.0.0.0,"><ent r="4" t="258" w="194" /><ent r="4" t="258" w="217" /><ent r="4" t="258" w="238" /><ent r="4" t="258" w="265" /><ent r="4" t="258" w="284" /><ent r="3" t="270" w="166" /><ent r="3" t="270" w="189" /><ent r="3" t="270" w="210" /><ent r="3" t="270" w="239" /><ent r="3" t="270" w="258" /></phr></stem><stem n="b77a5c561934e089"><phr n="b77a5c561934e089"><ent r="4" t="258" w="197" /><ent r="4" t="258" w="220" /><ent r="4" t="258" w="241" /><ent r="4" t="258" w="268" /><ent r="4" t="258" w="287" /><ent r="3" t="270" w="169" /><ent r="3" t="270" w="192" /><ent r="3" t="270" w="213" /><ent r="3" t="270" w="242" /><ent r="3" t="270" w="261" /></phr></stem><stem n="=b77a5c561934e089&quot;"><phr n="=b77a5c561934e089&quot;"><ent r="4" t="258" w="198" /><ent r="4" t="258" w="221" /><ent r="4" t="258" w="242" /><ent r="4" t="258" w="269" /><ent r="4" t="258" w="288" /><ent r="3" t="270" w="170" /><ent r="3" t="270" w="193" /><ent r="3" t="270" w="214" /><ent r="3" t="270" w="243" /><ent r="3" t="270" w="262" /></phr></stem><stem n="allfil"><phr n="AllFiles"><ent r="4" t="258" w="199" /><ent r="4" t="258" w="201" /><ent r="3" t="270" w="171" /><ent r="3" t="270" w="173" /></phr></stem><stem n="=&quot;*allfiles*&quot;"><phr n="=&quot;*AllFiles*&quot;"><ent r="4" t="258" w="200" /><ent r="4" t="258" w="202" /><ent r="3" t="270" w="172" /><ent r="3" t="270" w="174" /></phr></stem><stem n="pathdiscoveri"><phr n="PathDiscovery"><ent r="4" t="258" w="200" /><ent r="3" t="270" w="172" /></phr></stem><stem n="system.security.permissions.reflectionpermiss"><phr n="System.Security.Permissions.ReflectionPermission"><ent r="4" t="258" w="210" /><ent r="4" t="258" w="207" /><ent r="3" t="270" w="182" /><ent r="3" t="270" w="179" /></phr></stem><stem n="reflectionpermiss"><phr n="ReflectionPermission"><ent r="4" t="258" w="210" /><ent r="3" t="270" w="182" /><ent r="6" t="270" w="364" /></phr></stem><stem n="system.security.permissions.reflectionpermission,"><phr n="System.Security.Permissions.ReflectionPermission,"><ent r="4" t="258" w="210" /><ent r="4" t="258" w="207" /><ent r="3" t="270" w="182" /><ent r="3" t="270" w="179" /></phr></stem><stem n="=&quot;system.security.permissions.reflectionpermission,"><phr n="=&quot;System.Security.Permissions.ReflectionPermission,"><ent r="4" t="258" w="211" /><ent r="3" t="270" w="183" /></phr></stem><stem n="memberaccess"><phr n="MemberAccess"><ent r="4" t="258" w="222" /><ent r="3" t="270" w="194" /></phr></stem><stem n="=&quot;memberaccess&quot;"><phr n="=&quot;MemberAccess&quot;"><ent r="4" t="258" w="223" /><ent r="3" t="270" w="195" /></phr></stem><stem n="system.security.permissions.securitypermiss"><phr n="System.Security.Permissions.SecurityPermission"><ent r="4" t="258" w="231" /><ent r="4" t="258" w="228" /><ent r="3" t="270" w="203" /><ent r="3" t="270" w="200" /></phr></stem><stem n="securitypermiss"><phr n="SecurityPermission"><ent r="4" t="258" w="231" /><ent r="3" t="270" w="203" /><ent r="6" t="270" w="385" /><ent r="7" t="270" w="542" /></phr></stem><stem n="system.security.permissions.securitypermission,"><phr n="System.Security.Permissions.SecurityPermission,"><ent r="4" t="258" w="231" /><ent r="4" t="258" w="228" /><ent r="3" t="270" w="203" /><ent r="3" t="270" w="200" /></phr></stem><stem n="=&quot;system.security.permissions.securitypermission,"><phr n="=&quot;System.Security.Permissions.SecurityPermission,"><ent r="4" t="258" w="232" /><ent r="3" t="270" w="204" /></phr></stem><stem n="unmanagedcod"><phr n="UnmanagedCode"><ent r="4" t="258" w="243" /><ent r="3" t="270" w="215" /><ent r="7" t="270" w="387" /><ent r="7" t="270" w="543" /></phr></stem><stem n="=&quot;unmanagedcode,"><phr n="=&quot;UnmanagedCode,"><ent r="4" t="258" w="244" /><ent r="3" t="270" w="216" /></phr></stem><stem n="controlevid"><phr n="ControlEvidence"><ent r="4" t="258" w="245" /><ent r="3" t="270" w="217" /><ent r="7" t="270" w="419" /></phr></stem><stem n="safesubwindow"><phr n="SafeSubWindows"><ent r="4" t="258" w="249" /><ent r="3" t="270" w="223" /></phr></stem><stem n="=&quot;safesubwindows&quot;"><phr n="=&quot;SafeSubWindows&quot;"><ent r="4" t="258" w="250" /><ent r="3" t="270" w="224" /></phr></stem><stem n="clipboard"><phr n="Clipboard"><ent r="4" t="258" w="250" /><ent r="3" t="270" w="224" /></phr></stem><stem n="ownclipboard"><phr n="OwnClipboard"><ent r="4" t="258" w="251" /><ent r="3" t="270" w="225" /></phr></stem><stem n="=&quot;ownclipboard&quot;"><phr n="=&quot;OwnClipboard&quot;"><ent r="4" t="258" w="252" /><ent r="3" t="270" w="226" /></phr></stem><stem n="system.security.permissions.uipermiss"><phr n="System.Security.Permissions.UIPermission"><ent r="4" t="258" w="258" /><ent r="4" t="258" w="255" /><ent r="3" t="270" w="232" /><ent r="3" t="270" w="229" /></phr></stem><stem n="uipermiss"><phr n="UIPermission"><ent r="4" t="258" w="258" /><ent r="3" t="270" w="232" /><ent r="3" t="270" w="270" /><ent r="7" t="270" w="545" /></phr></stem><stem n="system.security.permissions.uipermission,"><phr n="System.Security.Permissions.UIPermission,"><ent r="4" t="258" w="258" /><ent r="4" t="258" w="255" /><ent r="3" t="270" w="232" /><ent r="3" t="270" w="229" /></phr></stem><stem n="=&quot;system.security.permissions.uipermission,"><phr n="=&quot;System.Security.Permissions.UIPermission,"><ent r="4" t="258" w="259" /><ent r="3" t="270" w="233" /></phr></stem><stem n="system.security.permissions.keycontainerpermiss"><phr n="System.Security.Permissions.KeyContainerPermission"><ent r="4" t="258" w="277" /><ent r="4" t="258" w="274" /><ent r="3" t="270" w="251" /><ent r="3" t="270" w="248" /></phr></stem><stem n="keycontainerpermiss"><phr n="KeyContainerPermission"><ent r="4" t="258" w="277" /><ent r="3" t="270" w="251" /><ent r="6" t="270" w="448" /></phr></stem><stem n="system.security.permissions.keycontainerpermission,"><phr n="System.Security.Permissions.KeyContainerPermission,"><ent r="4" t="258" w="277" /><ent r="4" t="258" w="274" /><ent r="3" t="270" w="251" /><ent r="3" t="270" w="248" /></phr></stem><stem n="=&quot;system.security.permissions.keycontainerpermission,"><phr n="=&quot;System.Security.Permissions.KeyContainerPermission,"><ent r="4" t="258" w="278" /><ent r="3" t="270" w="252" /></phr></stem><stem n="unrestrict"><phr n="Unrestricted"><ent r="4" t="258" w="288" /><ent r="3" t="270" w="262" /></phr></stem><stem n="=&quot;true&quot;"><phr n="=&quot;true&quot;"><ent r="4" t="258" w="290" /><ent r="3" t="270" w="264" /></phr></stem><stem n="/permissionset&gt;"><phr n="/PermissionSet&gt;"><ent r="4" t="258" w="292" /><ent r="3" t="270" w="266" /></phr></stem><stem n="&lt;/permissionset&gt;"><phr n="&lt;/PermissionSet&gt;"><ent r="4" t="258" w="292" /><ent r="4" t="258" w="291" /><ent r="3" t="270" w="266" /><ent r="3" t="270" w="265" /></phr></stem><stem n="permissionset&gt;"><phr n="PermissionSet&gt;"><ent r="4" t="258" w="292" /><ent r="3" t="270" w="266" /></phr></stem><stem n="/sandbox&gt;"><phr n="/Sandbox&gt;"><ent r="4" t="258" w="294" /><ent r="3" t="270" w="268" /></phr></stem><stem n="&lt;/sandbox&gt;"><phr n="&lt;/Sandbox&gt;"><ent r="4" t="258" w="294" /><ent r="4" t="258" w="293" /><ent r="3" t="270" w="268" /><ent r="3" t="270" w="267" /></phr></stem><stem n="sandbox&gt;"><phr n="Sandbox&gt;"><ent r="4" t="258" w="294" /><ent r="3" t="270" w="268" /></phr></stem><stem n=".xml"><phr n=".xml"><ent r="65" t="258" w="308" /><ent r="64" t="270" w="552" /><ent r="5" t="297" w="474" /><ent r="3" t="306" w="290" /><ent r="3" t="306" w="322" /><ent r="3" t="306" w="621" /></phr><phr n=".Xml"><ent r="3" t="270" w="136" /></phr></stem><stem n="permcalc.xml"><phr n="permcalc.xml"><ent r="65" t="258" w="308" /><ent r="65" t="258" w="307" /><ent r="64" t="270" w="552" /><ent r="64" t="270" w="551" /></phr></stem><stem n="distinguish"><phr n="distinguish"><ent r="3" t="259" w="37" /><ent r="3" t="267" w="19" /><ent r="3" t="276" w="47" /></phr></stem><stem n="workaround"><phr n="workarounds"><ent r="3" t="259" w="72" /></phr></stem><stem n="config.common.addalia"><phr n="config.Common.AddAlias"><ent r="5" t="259" w="154" /><ent r="5" t="259" w="152" /><ent r="5" t="259" w="181" /><ent r="5" t="259" w="179" /></phr></stem><stem n="aspassemblynamingfix"><phr n="AspAssemblyNamingFix"><ent r="5" t="259" w="158" /><ent r="5" t="259" w="185" /><ent r="4" t="259" w="203" /><ent r="4" t="259" w="227" /><ent r="4" t="259" w="286" /><ent r="4" t="259" w="318" /></phr></stem><stem n="dynamicassembliesissu"><phr n="DynamicAssembliesIssue"><ent r="5" t="259" w="160" /><ent r="5" t="259" w="187" /><ent r="4" t="259" w="266" /><ent r="4" t="259" w="395" /></phr></stem><stem n="dynamicassembliesissue.c"><phr n="DynamicAssembliesIssue.cs"><ent r="5" t="259" w="161" /><ent r="5" t="259" w="160" /><ent r="4" t="259" w="267" /><ent r="4" t="259" w="266" /></phr></stem><stem n="dynamicassembliesissue.vb"><phr n="DynamicAssembliesIssue.vb"><ent r="5" t="259" w="188" /><ent r="5" t="259" w="187" /><ent r="4" t="259" w="396" /><ent r="4" t="259" w="395" /></phr></stem><stem n="ialia"><phr n="IAlias"><ent r="4" t="259" w="204" /><ent r="4" t="259" w="290" /><ent r="4" t="259" w="344" /><ent r="4" t="259" w="377" /></phr></stem><stem n="const"><phr n="const"><ent r="5" t="259" w="208" /></phr><phr n="Const"><ent r="5" t="259" w="294" /></phr></stem><stem n="fixednam"><phr n="FixedName"><ent r="4" t="259" w="212" /><ent r="4" t="259" w="247" /><ent r="4" t="259" w="263" /><ent r="4" t="259" w="296" /><ent r="4" t="259" w="352" /><ent r="4" t="259" w="384" /></phr></stem><stem n="aspfixedassemblynam"><phr n="AspFixedAssemblyName"><ent r="5" t="259" w="214" /><ent r="5" t="259" w="303" /></phr></stem><stem n="&quot;aspfixedassemblyname&quot;"><phr n="&quot;AspFixedAssemblyName&quot;"><ent r="5" t="259" w="215" /><ent r="5" t="259" w="304" /></phr></stem><stem n="dynamicnam"><phr n="DynamicName"><ent r="4" t="259" w="223" /><ent r="4" t="259" w="246" /><ent r="4" t="259" w="264" /><ent r="4" t="259" w="309" /><ent r="4" t="259" w="351" /><ent r="4" t="259" w="385" /></phr></stem><stem n="assembly.getnam"><phr n="Assembly.GetName"><ent r="4" t="259" w="229" /><ent r="4" t="259" w="228" /></phr></stem><stem n="(aspassemblynamingfix).assembly.getname().name;"><phr n="(AspAssemblyNamingFix).Assembly.GetName().Name;"><ent r="4" t="259" w="231" /></phr></stem><stem n="resolveruntimenam"><phr n="ResolveRuntimeName"><ent r="4" t="259" w="236" /><ent r="4" t="259" w="329" /><ent r="4" t="259" w="345" /></phr></stem><stem n="runtimetypenam"><phr n="runtimeTypeName"><ent r="4" t="259" w="240" /><ent r="4" t="259" w="244" /><ent r="4" t="259" w="330" /><ent r="4" t="259" w="349" /><ent r="6" t="299" w="360" /></phr></stem><stem n="runtimetypename.replac"><phr n="runtimeTypeName.Replace"><ent r="4" t="259" w="245" /><ent r="4" t="259" w="244" /><ent r="4" t="259" w="350" /><ent r="4" t="259" w="349" /></phr></stem><stem n=".replace(dynamicname,"><phr n=".Replace(DynamicName,"><ent r="4" t="259" w="247" /><ent r="4" t="259" w="352" /></phr></stem><stem n="resolvestorednam"><phr n="ResolveStoredName"><ent r="4" t="259" w="253" /><ent r="4" t="259" w="362" /><ent r="4" t="259" w="378" /></phr></stem><stem n="storedtypenam"><phr n="storedTypeName"><ent r="4" t="259" w="257" /><ent r="4" t="259" w="261" /><ent r="4" t="259" w="363" /><ent r="4" t="259" w="382" /></phr></stem><stem n="storedtypename.replac"><phr n="storedTypeName.Replace"><ent r="4" t="259" w="262" /><ent r="4" t="259" w="261" /><ent r="4" t="259" w="383" /><ent r="4" t="259" w="382" /></phr></stem><stem n=".replace(fixedname,"><phr n=".Replace(FixedName,"><ent r="4" t="259" w="264" /><ent r="4" t="259" w="385" /></phr></stem><stem n="(aspassemblynamingfix)."><phr n="(AspAssemblyNamingFix)."><ent r="4" t="259" w="319" /></phr></stem><stem n=".getname().nam"><phr n=".GetName().Name"><ent r="4" t="259" w="323" /></phr></stem><stem n="(runtimetypenam"><phr n="(runtimeTypeName"><ent r="4" t="259" w="330" /></phr></stem><stem n=".resolveruntimenam"><phr n=".ResolveRuntimeName"><ent r="4" t="259" w="345" /></phr></stem><stem n="ialias.resolveruntimenam"><phr n="IAlias.ResolveRuntimeName"><ent r="4" t="259" w="345" /><ent r="4" t="259" w="344" /></phr></stem><stem n="(storedtypenam"><phr n="(storedTypeName"><ent r="4" t="259" w="363" /></phr></stem><stem n=".resolvestorednam"><phr n=".ResolveStoredName"><ent r="4" t="259" w="378" /></phr></stem><stem n="ialias.resolvestorednam"><phr n="IAlias.ResolveStoredName"><ent r="4" t="259" w="378" /><ent r="4" t="259" w="377" /></phr></stem><stem n="crud"><phr n="CRUD"><ent r="3" t="260" w="16" /></phr></stem><stem n="2.0."><phr n="2.0."><ent r="3" t="260" w="31" /><ent r="3" t="260" w="30" /></phr></stem><stem n="2008"><phr n="2008"><ent r="4" t="260" w="44" /><ent r="3" t="268" w="153" /><ent r="6" t="268" w="205" /><ent r="6" t="268" w="237" /><ent r="6" t="268" w="250" /><ent r="3" t="268" w="298" /><ent r="3" t="268" w="405" /><ent r="4" t="287" w="110" /></phr></stem><stem n="unzip"><phr n="Unzip"><ent r="4" t="260" w="54" /></phr></stem><stem n="lib-fold"><phr n="Lib-folder"><ent r="4" t="260" w="63" /></phr></stem><stem n="-folder."><phr n="-folder."><ent r="4" t="260" w="65" /><ent r="4" t="260" w="65" /></phr></stem><stem n="request-exampl"><phr n="request-example"><ent r="64" t="260" w="85" /></phr></stem><stem n="request-contain"><phr n="request-container"><ent r="3" t="260" w="177" /></phr></stem><stem n="-container:"><phr n="-container:"><ent r="3" t="260" w="179" /><ent r="3" t="260" w="179" /></phr></stem><stem n="actionresult"><phr n="ActionResult"><ent r="4" t="260" w="182" /><ent r="4" t="260" w="371" /></phr></stem><stem n="db4oprovider.databas"><phr n="Db4oProvider.Database"><ent r="4" t="260" w="187" /><ent r="4" t="260" w="186" /><ent r="4" t="260" w="390" /><ent r="4" t="260" w="389" /></phr></stem><stem n="db4oprovider.database.query&lt;pilot&gt;"><phr n="Db4oProvider.Database.Query&lt;Pilot&gt;"><ent r="4" t="260" w="188" /><ent r="4" t="260" w="186" /></phr></stem><stem n=".database.query&lt;pilot&gt;();"><phr n=".Database.Query&lt;Pilot&gt;();"><ent r="4" t="260" w="189" /></phr></stem><stem n="(allpilots);"><phr n="(allPilots);"><ent r="4" t="260" w="194" /></phr></stem><stem n="homecontrol"><phr n="HomeController"><ent r="4" t="260" w="195" /><ent r="4" t="260" w="401" /></phr></stem><stem n="homecontroller.c"><phr n="HomeController.cs"><ent r="4" t="260" w="196" /><ent r="4" t="260" w="195" /><ent r="4" t="260" w="402" /><ent r="4" t="260" w="401" /></phr></stem><stem n="-view"><phr n="-view"><ent r="3" t="260" w="231" /><ent r="3" t="260" w="231" /></phr></stem><stem n="list-view"><phr n="list-view"><ent r="3" t="260" w="231" /></phr></stem><stem n="action-link"><phr n="action-links"><ent r="3" t="260" w="239" /></phr></stem><stem n="-links:"><phr n="-links:"><ent r="3" t="260" w="241" /><ent r="3" t="260" w="241" /></phr></stem><stem n="(var"><phr n="(var"><ent r="4" t="260" w="244" /></phr></stem><stem n="%&gt;"><phr n="%&gt;"><ent r="4" t="260" w="248" /><ent r="4" t="260" w="260" /><ent r="4" t="260" w="280" /><ent r="4" t="260" w="289" /><ent r="4" t="260" w="295" /></phr></stem><stem n="&lt;tr&gt;"><phr n="&lt;tr&gt;"><ent r="4" t="260" w="249" /></phr></stem><stem n="&lt;td&gt;"><phr n="&lt;td&gt;"><ent r="4" t="260" w="250" /><ent r="4" t="260" w="274" /><ent r="4" t="260" w="283" /></phr></stem><stem n="%="><phr n="%="><ent r="4" t="260" w="252" /><ent r="4" t="260" w="263" /><ent r="4" t="260" w="276" /><ent r="4" t="260" w="285" /></phr></stem><stem n="html.actionlink"><phr n="Html.ActionLink"><ent r="4" t="260" w="253" /><ent r="4" t="260" w="252" /><ent r="4" t="260" w="264" /><ent r="4" t="260" w="263" /></phr></stem><stem n="actionlink"><phr n="ActionLink"><ent r="4" t="260" w="253" /><ent r="4" t="260" w="264" /></phr></stem><stem n=".actionlink(&quot;edit&quot;,"><phr n=".ActionLink(&quot;Edit&quot;,"><ent r="4" t="260" w="255" /></phr></stem><stem n="&quot;edit&quot;,"><phr n="&quot;Edit&quot;,"><ent r="4" t="260" w="256" /></phr></stem><stem n="=pilot.id"><phr n="=pilot.ID"><ent r="4" t="260" w="259" /></phr></stem><stem n="pilot.id"><phr n="pilot.ID"><ent r="4" t="260" w="259" /><ent r="4" t="260" w="258" /><ent r="4" t="260" w="270" /><ent r="4" t="260" w="269" /></phr></stem><stem n="|"><phr n="|"><ent r="4" t="260" w="261" /></phr></stem><stem n=".actionlink(&quot;delete&quot;,"><phr n=".ActionLink(&quot;Delete&quot;,"><ent r="4" t="260" w="266" /></phr></stem><stem n="&quot;delete&quot;,"><phr n="&quot;Delete&quot;,"><ent r="4" t="260" w="267" /></phr></stem></index>