﻿<?xml version="1.0" encoding="utf-8"?><index><stem n="-sourc"><phr n="-source"><ent r="3" t="0" w="24" /><ent r="3" t="0" w="24" /><ent r="3" t="4" w="378" /><ent r="3" t="4" w="378" /><ent r="6" t="5" w="331" /><ent r="6" t="5" w="331" /><ent r="6" t="5" w="336" /><ent r="6" t="5" w="336" /><ent r="6" t="5" w="352" /><ent r="6" t="5" w="352" /><ent r="6" t="5" w="366" /><ent r="6" t="5" w="366" /><ent r="3" t="295" w="17" /><ent r="3" t="295" w="17" /></phr></stem><stem n="open"><phr n="open"><ent r="3" t="0" w="24" /><ent r="3" t="1" w="41" /><ent r="3" t="1" w="254" /><ent r="3" t="1" w="265" /><ent r="2" t="4" w="66" /><ent r="2" t="4" w="122" /><ent r="3" t="4" w="312" /><ent r="3" t="4" w="338" /><ent r="3" t="4" w="368" /><ent r="3" t="4" w="378" /><ent r="3" t="4" w="396" /><ent r="6" t="5" w="336" /><ent r="6" t="5" w="352" /><ent r="6" t="5" w="359" /><ent r="6" t="5" w="366" /><ent r="3" t="10" w="47" /><ent r="3" t="10" w="63" /><ent r="3" t="15" w="349" /><ent r="3" t="34" w="514" /><ent r="3" t="34" w="525" /><ent r="5" t="34" w="556" /><ent r="5" t="34" w="619" /><ent r="3" t="38" w="433" /><ent r="3" t="66" w="158" /><ent r="5" t="66" w="170" /><ent r="5" t="66" w="233" /><ent r="3" t="68" w="165" /><ent r="3" t="120" w="59" /><ent r="3" t="120" w="160" /><ent r="4" t="120" w="255" /><ent r="3" t="127" w="163" /><ent r="3" t="127" w="175" /><ent r="2" t="127" w="245" /><ent r="3" t="127" w="266" /><ent r="3" t="127" w="361" /><ent r="7" t="128" w="86" /><ent r="6" t="128" w="106" /><ent r="7" t="128" w="141" /><ent r="6" t="128" w="164" /><ent r="3" t="178" w="126" /><ent r="4" t="184" w="99" /><ent r="4" t="184" w="131" /><ent r="3" t="227" w="404" /><ent r="3" t="229" w="65" /><ent r="5" t="229" w="101" /><ent r="5" t="229" w="164" /><ent r="3" t="229" w="236" /><ent r="3" t="233" w="79" /><ent r="3" t="233" w="178" /><ent r="3" t="233" w="329" /><ent r="3" t="233" w="373" /><ent r="3" t="243" w="44" /><ent r="3" t="243" w="61" /><ent r="5" t="256" w="103" /><ent r="5" t="256" w="166" /><ent r="5" t="256" w="251" /><ent r="5" t="256" w="314" /><ent r="4" t="257" w="321" /><ent r="64" t="257" w="405" /><ent r="3" t="257" w="422" /><ent r="4" t="260" w="66" /><ent r="5" t="265" w="522" /><ent r="5" t="265" w="569" /><ent r="3" t="289" w="42" /><ent r="4" t="289" w="95" /><ent r="4" t="289" w="107" /><ent r="3" t="292" w="39" /><ent r="3" t="295" w="17" /><ent r="3" t="309" w="209" /><ent r="3" t="309" w="246" /></phr><phr n="Open"><ent r="92" t="4" w="302" /><ent r="3" t="4" w="455" /><ent r="6" t="5" w="331" /><ent r="5" t="9" w="347" /><ent r="4" t="10" w="99" /><ent r="4" t="10" w="139" /><ent r="3" t="10" w="168" /><ent r="3" t="22" w="115" /><ent r="4" t="93" w="78" /><ent r="4" t="120" w="294" /><ent r="4" t="193" w="108" /><ent r="4" t="193" w="114" /><ent r="4" t="193" w="348" /><ent r="4" t="193" w="360" /><ent r="4" t="233" w="258" /><ent r="4" t="233" w="288" /><ent r="3" t="268" w="124" /><ent r="4" t="272" w="402" /><ent r="4" t="272" w="479" /><ent r="3" t="302" w="50" /><ent r="3" t="304" w="50" /></phr><phr n="openness"><ent r="3" t="4" w="470" /></phr><phr n="opened"><ent r="3" t="78" w="70" /><ent r="4" t="78" w="293" /><ent r="3" t="86" w="18" /><ent r="3" t="112" w="149" /><ent r="3" t="131" w="76" /><ent r="3" t="148" w="190" /><ent r="3" t="178" w="87" /><ent r="3" t="188" w="557" /><ent r="3" t="188" w="591" /><ent r="3" t="260" w="105" /></phr><phr n="opening"><ent r="4" t="113" w="54" /><ent r="4" t="120" w="278" /><ent r="4" t="133" w="368" /><ent r="3" t="140" w="29" /><ent r="3" t="148" w="213" /><ent r="4" t="259" w="130" /></phr><phr n="Opening"><ent r="5" t="128" w="58" /><ent r="5" t="128" w="172" /></phr><phr n="opens"><ent r="4" t="193" w="98" /><ent r="4" t="193" w="336" /></phr></stem><stem n="open-sourc"><phr n="open-source"><ent r="3" t="0" w="24" /><ent r="3" t="4" w="378" /><ent r="6" t="5" w="336" /><ent r="6" t="5" w="352" /><ent r="6" t="5" w="359" /><ent r="6" t="5" w="366" /><ent r="3" t="295" w="17" /></phr><phr n="Open-source"><ent r="6" t="5" w="331" /></phr></stem><stem n="sourc"><phr n="source"><ent r="3" t="0" w="25" /><ent r="3" t="1" w="42" /><ent r="3" t="1" w="255" /><ent r="3" t="1" w="266" /><ent r="2" t="4" w="67" /><ent r="2" t="4" w="123" /><ent r="3" t="4" w="313" /><ent r="3" t="4" w="339" /><ent r="3" t="4" w="369" /><ent r="3" t="4" w="379" /><ent r="3" t="4" w="397" /><ent r="6" t="5" w="332" /><ent r="6" t="5" w="337" /><ent r="6" t="5" w="353" /><ent r="6" t="5" w="360" /><ent r="6" t="5" w="367" /><ent r="3" t="9" w="250" /><ent r="5" t="28" w="426" /><ent r="5" t="28" w="469" /><ent r="3" t="60" w="190" /><ent r="3" t="190" w="325" /><ent r="4" t="233" w="221" /><ent r="3" t="268" w="75" /><ent r="3" t="268" w="83" /><ent r="3" t="268" w="133" /><ent r="3" t="295" w="18" /><ent r="3" t="295" w="21" /><ent r="64" t="295" w="39" /><ent r="115" t="295" w="70" /><ent r="5" t="296" w="16" /><ent r="5" t="296" w="20" /><ent r="3" t="297" w="15" /><ent r="64" t="297" w="23" /><ent r="5" t="297" w="64" /><ent r="5" t="297" w="68" /><ent r="5" t="297" w="218" /><ent r="3" t="297" w="643" /><ent r="5" t="298" w="43" /><ent r="5" t="298" w="47" /><ent r="5" t="299" w="20" /><ent r="5" t="299" w="24" /><ent r="6" t="299" w="217" /><ent r="5" t="300" w="16" /><ent r="5" t="300" w="20" /><ent r="3" t="300" w="26" /><ent r="6" t="300" w="152" /><ent r="3" t="301" w="111" /><ent r="3" t="302" w="37" /><ent r="3" t="302" w="43" /><ent r="3" t="302" w="53" /><ent r="3" t="304" w="70" /><ent r="3" t="304" w="77" /><ent r="4" t="304" w="249" /><ent r="3" t="305" w="40" /><ent r="64" t="305" w="65" /><ent r="3" t="306" w="350" /><ent r="3" t="309" w="210" /><ent r="3" t="309" w="247" /><ent r="3" t="315" w="171" /></phr><phr n="Source"><ent r="92" t="4" w="303" /><ent r="3" t="4" w="456" /><ent r="5" t="127" w="49" /><ent r="5" t="127" w="54" /><ent r="92" t="293" w="244" /><ent r="64" t="293" w="250" /><ent r="1000" t="295" w="3" /><ent r="100" t="295" w="6" /><ent r="102" t="295" w="11" /><ent r="100" t="304" w="8" /><ent r="3" t="305" w="84" /><ent r="100" t="309" w="5" /></phr><phr n="sources"><ent r="3" t="117" w="80" /><ent r="3" t="298" w="416" /><ent r="3" t="304" w="23" /><ent r="3" t="304" w="61" /></phr><phr n="Sources"><ent r="66" t="295" w="92" /><ent r="1000" t="304" w="3" /><ent r="102" t="304" w="17" /></phr></stem><stem n="product"><phr n="product"><ent r="3" t="0" w="26" /><ent r="3" t="1" w="243" /><ent r="3" t="1" w="277" /><ent r="3" t="4" w="280" /><ent r="3" t="4" w="354" /><ent r="3" t="4" w="370" /><ent r="3" t="4" w="409" /><ent r="3" t="4" w="442" /><ent r="3" t="4" w="667" /><ent r="3" t="7" w="71" /><ent r="3" t="7" w="641" /></phr><phr n="Product"><ent r="1000" t="1" w="1" /><ent r="102" t="1" w="4" /><ent r="5" t="294" w="213" /></phr><phr n="products"><ent r="64" t="1" w="316" /><ent r="3" t="3" w="21" /><ent r="6" t="5" w="354" /><ent r="3" t="7" w="152" /><ent r="3" t="7" w="464" /><ent r="3" t="7" w="663" /><ent r="3" t="7" w="689" /><ent r="3" t="309" w="153" /><ent r="3" t="309" w="398" /><ent r="3" t="309" w="417" /></phr><phr n="productivity"><ent r="3" t="2" w="277" /><ent r="3" t="2" w="298" /><ent r="3" t="7" w="78" /><ent r="3" t="7" w="275" /></phr><phr n="production"><ent r="3" t="5" w="16" /><ent r="3" t="9" w="49" /><ent r="3" t="9" w="62" /><ent r="3" t="132" w="60" /><ent r="3" t="170" w="52" /><ent r="3" t="191" w="348" /><ent r="3" t="245" w="38" /></phr></stem><stem n="avail"><phr n="available"><ent r="3" t="0" w="29" /><ent r="4" t="0" w="169" /><ent r="3" t="4" w="336" /><ent r="3" t="7" w="711" /><ent r="3" t="9" w="42" /><ent r="3" t="10" w="304" /><ent r="3" t="17" w="111" /><ent r="4" t="20" w="453" /><ent r="3" t="27" w="790" /><ent r="3" t="32" w="36" /><ent r="3" t="52" w="283" /><ent r="3" t="64" w="89" /><ent r="3" t="79" w="23" /><ent r="3" t="88" w="68" /><ent r="3" t="95" w="33" /><ent r="3" t="97" w="12" /><ent r="3" t="104" w="41" /><ent r="3" t="127" w="77" /><ent r="3" t="129" w="171" /><ent r="3" t="131" w="53" /><ent r="4" t="131" w="175" /><ent r="3" t="132" w="156" /><ent r="3" t="133" w="120" /><ent r="3" t="143" w="452" /><ent r="3" t="144" w="29" /><ent r="3" t="147" w="84" /><ent r="3" t="150" w="132" /><ent r="3" t="164" w="35" /><ent r="3" t="165" w="89" /><ent r="4" t="166" w="190" /><ent r="3" t="168" w="50" /><ent r="3" t="200" w="64" /><ent r="3" t="209" w="53" /><ent r="3" t="223" w="29" /><ent r="3" t="224" w="28" /><ent r="3" t="229" w="239" /><ent r="3" t="231" w="219" /><ent r="3" t="232" w="118" /><ent r="4" t="259" w="141" /><ent r="3" t="268" w="63" /><ent r="4" t="268" w="435" /><ent r="3" t="272" w="51" /><ent r="4" t="286" w="205" /><ent r="3" t="295" w="23" /><ent r="3" t="299" w="150" /><ent r="3" t="305" w="53" /><ent r="3" t="305" w="76" /><ent r="3" t="306" w="329" /><ent r="3" t="309" w="171" /><ent r="2" t="309" w="274" /><ent r="3" t="315" w="183" /></phr><phr n="Available"><ent r="92" t="132" w="149" /></phr><phr n="availability"><ent r="3" t="164" w="73" /><ent r="3" t="303" w="46" /></phr></stem><stem n="dual"><phr n="dual"><ent r="64" t="0" w="32" /><ent r="3" t="1" w="256" /><ent r="2" t="4" w="124" /><ent r="3" t="4" w="314" /></phr><phr n="Dual"><ent r="65" t="309" w="131" /></phr></stem><stem n="licens"><phr n="license"><ent r="64" t="0" w="33" /><ent r="3" t="1" w="257" /><ent r="3" t="4" w="315" /><ent r="3" t="4" w="358" /><ent r="3" t="4" w="416" /><ent r="3" t="309" w="21" /><ent r="3" t="309" w="90" /><ent r="3" t="309" w="108" /><ent r="3" t="309" w="175" /><ent r="3" t="309" w="227" /><ent r="2" t="309" w="272" /><ent r="3" t="309" w="415" /><ent r="6" t="313" w="279" /></phr><phr n="licensing"><ent r="2" t="4" w="125" /><ent r="6" t="92" w="507" /><ent r="3" t="309" w="188" /></phr><phr n="licenses"><ent r="3" t="4" w="380" /><ent r="3" t="4" w="420" /></phr><phr n="License"><ent r="1000" t="309" w="1" /><ent r="100" t="309" w="3" /><ent r="102" t="309" w="8" /><ent r="82" t="309" w="33" /><ent r="82" t="309" w="146" /><ent r="82" t="309" w="196" /><ent r="3" t="309" w="203" /></phr><phr n="Licensing"><ent r="92" t="309" w="10" /><ent r="65" t="309" w="132" /></phr><phr n="licensed"><ent r="3" t="309" w="254" /><ent r="3" t="309" w="405" /></phr><phr n="Licenses"><ent r="92" t="309" w="283" /></phr></stem><stem n="overview"><phr n="Overview"><ent r="92" t="0" w="35" /><ent r="64" t="9" w="307" /><ent r="64" t="12" w="53" /><ent r="64" t="12" w="222" /><ent r="64" t="13" w="30" /><ent r="64" t="17" w="221" /><ent r="65" t="20" w="429" /><ent r="1000" t="97" w="2" /><ent r="102" t="97" w="5" /><ent r="92" t="142" w="515" /><ent r="92" t="143" w="45" /><ent r="92" t="173" w="57" /><ent r="92" t="195" w="53" /><ent r="92" t="202" w="59" /><ent r="92" t="209" w="148" /><ent r="64" t="226" w="89" /><ent r="64" t="283" w="74" /><ent r="64" t="283" w="104" /><ent r="82" t="283" w="246" /><ent r="1000" t="308" w="2" /><ent r="102" t="308" w="5" /><ent r="1000" t="314" w="1" /><ent r="102" t="314" w="3" /></phr><phr n="overview"><ent r="3" t="8" w="14" /><ent r="3" t="14" w="17" /><ent r="3" t="14" w="995" /><ent r="3" t="31" w="16" /><ent r="3" t="31" w="857" /><ent r="3" t="37" w="27" /><ent r="64" t="50" w="62" /><ent r="3" t="73" w="26" /><ent r="3" t="97" w="8" /><ent r="3" t="143" w="50" /><ent r="3" t="173" w="62" /><ent r="3" t="195" w="58" /><ent r="3" t="202" w="64" /><ent r="3" t="209" w="153" /><ent r="3" t="240" w="45" /><ent r="3" t="282" w="30" /><ent r="3" t="283" w="258" /><ent r="3" t="283" w="370" /><ent r="3" t="308" w="39" /></phr></stem><stem n="instal"><phr n="install"><ent r="4" t="0" w="38" /><ent r="5" t="92" w="321" /><ent r="7" t="92" w="333" /><ent r="3" t="132" w="104" /><ent r="4" t="133" w="189" /><ent r="4" t="133" w="218" /><ent r="4" t="133" w="245" /><ent r="4" t="133" w="251" /><ent r="4" t="133" w="269" /><ent r="4" t="133" w="312" /><ent r="4" t="133" w="330" /><ent r="4" t="133" w="337" /><ent r="3" t="268" w="360" /><ent r="4" t="287" w="61" /><ent r="4" t="297" w="498" /><ent r="3" t="297" w="514" /><ent r="5" t="297" w="529" /><ent r="4" t="297" w="589" /><ent r="4" t="298" w="376" /></phr><phr n="installer"><ent r="3" t="9" w="107" /><ent r="3" t="9" w="132" /><ent r="3" t="9" w="232" /></phr><phr n="Install"><ent r="3" t="14" w="1593" /><ent r="3" t="31" w="1789" /><ent r="92" t="132" w="111" /><ent r="64" t="132" w="145" /><ent r="1000" t="133" w="1" /><ent r="102" t="133" w="5" /><ent r="93" t="133" w="176" /><ent r="5" t="133" w="275" /><ent r="5" t="133" w="279" /><ent r="5" t="133" w="291" /><ent r="5" t="133" w="295" /><ent r="3" t="297" w="80" /><ent r="4" t="297" w="591" /></phr><phr n="installing"><ent r="4" t="113" w="92" /><ent r="5" t="258" w="118" /><ent r="3" t="282" w="166" /></phr><phr n="Installing"><ent r="92" t="133" w="38" /><ent r="4" t="133" w="208" /><ent r="83" t="133" w="238" /><ent r="83" t="133" w="306" /></phr><phr n="installed"><ent r="3" t="162" w="47" /><ent r="4" t="260" w="53" /><ent r="4" t="287" w="47" /><ent r="3" t="288" w="13" /><ent r="3" t="298" w="15" /><ent r="3" t="306" w="91" /></phr><phr n="installation"><ent r="4" t="258" w="153" /><ent r="3" t="270" w="85" /><ent r="4" t="287" w="38" /><ent r="4" t="287" w="67" /><ent r="4" t="287" w="92" /><ent r="3" t="297" w="77" /><ent r="3" t="297" w="89" /><ent r="3" t="298" w="21" /></phr></stem><stem n="read"><phr n="read"><ent r="4" t="0" w="40" /><ent r="4" t="0" w="56" /><ent r="4" t="0" w="128" /><ent r="4" t="0" w="333" /><ent r="3" t="10" w="193" /><ent r="3" t="10" w="199" /><ent r="3" t="12" w="422" /><ent r="3" t="14" w="1622" /><ent r="4" t="25" w="75" /><ent r="3" t="34" w="541" /><ent r="3" t="35" w="42" /><ent r="3" t="49" w="447" /><ent r="3" t="54" w="118" /><ent r="3" t="61" w="160" /><ent r="3" t="73" w="97" /><ent r="64" t="74" w="592" /><ent r="64" t="74" w="1121" /><ent r="3" t="75" w="30" /><ent r="3" t="75" w="42" /><ent r="3" t="75" w="54" /><ent r="4" t="75" w="103" /><ent r="4" t="75" w="179" /><ent r="3" t="75" w="404" /><ent r="3" t="75" w="425" /><ent r="3" t="75" w="433" /><ent r="3" t="75" w="440" /><ent r="4" t="75" w="482" /><ent r="4" t="75" w="550" /><ent r="4" t="75" w="731" /><ent r="4" t="75" w="813" /><ent r="3" t="76" w="534" /><ent r="3" t="79" w="170" /><ent r="3" t="86" w="20" /><ent r="3" t="86" w="27" /><ent r="3" t="96" w="672" /><ent r="3" t="114" w="264" /><ent r="3" t="117" w="299" /><ent r="3" t="121" w="227" /><ent r="3" t="127" w="226" /><ent r="3" t="129" w="95" /><ent r="3" t="131" w="201" /><ent r="4" t="136" w="96" /><ent r="3" t="136" w="105" /><ent r="3" t="145" w="129" /><ent r="3" t="150" w="117" /><ent r="3" t="150" w="120" /><ent r="3" t="166" w="433" /><ent r="6" t="173" w="239" /><ent r="3" t="179" w="475" /><ent r="3" t="183" w="13" /><ent r="4" t="183" w="59" /><ent r="4" t="183" w="89" /><ent r="3" t="185" w="62" /><ent r="3" t="234" w="47" /><ent r="3" t="242" w="26" /><ent r="4" t="242" w="129" /><ent r="4" t="258" w="64" /><ent r="3" t="262" w="154" /><ent r="6" t="270" w="324" /><ent r="65" t="278" w="72" /><ent r="3" t="281" w="229" /><ent r="3" t="281" w="250" /><ent r="3" t="281" w="259" /><ent r="5" t="281" w="384" /><ent r="4" t="281" w="409" /><ent r="5" t="281" w="503" /><ent r="4" t="281" w="533" /><ent r="5" t="294" w="207" /><ent r="3" t="298" w="532" /><ent r="3" t="304" w="85" /><ent r="3" t="309" w="112" /><ent r="6" t="309" w="327" /><ent r="3" t="315" w="185" /></phr><phr n="Read"><ent r="4" t="0" w="160" /><ent r="4" t="0" w="271" /><ent r="3" t="12" w="405" /><ent r="3" t="35" w="29" /><ent r="4" t="49" w="788" /><ent r="4" t="49" w="861" /><ent r="4" t="52" w="154" /><ent r="4" t="52" w="246" /><ent r="4" t="59" w="294" /><ent r="3" t="65" w="245" /><ent r="1000" t="75" w="1" /><ent r="102" t="75" w="6" /><ent r="92" t="75" w="396" /><ent r="64" t="79" w="180" /><ent r="1000" t="86" w="2" /><ent r="102" t="86" w="7" /><ent r="6" t="92" w="558" /><ent r="6" t="92" w="572" /><ent r="4" t="117" w="316" /><ent r="4" t="117" w="351" /><ent r="4" t="117" w="365" /><ent r="4" t="117" w="383" /><ent r="4" t="117" w="431" /><ent r="4" t="133" w="430" /><ent r="3" t="154" w="13" /><ent r="1000" t="183" w="1" /><ent r="102" t="183" w="4" /><ent r="4" t="186" w="110" /><ent r="4" t="193" w="186" /><ent r="4" t="193" w="213" /><ent r="4" t="193" w="446" /><ent r="4" t="193" w="481" /><ent r="4" t="258" w="198" /><ent r="3" t="265" w="672" /><ent r="3" t="270" w="170" /><ent r="4" t="272" w="103" /><ent r="4" t="272" w="426" /><ent r="4" t="272" w="525" /><ent r="3" t="293" w="201" /><ent r="3" t="306" w="314" /></phr><phr n="reading"><ent r="4" t="59" w="322" /><ent r="4" t="74" w="840" /><ent r="4" t="74" w="920" /><ent r="3" t="75" w="49" /><ent r="4" t="75" w="734" /><ent r="4" t="75" w="816" /><ent r="3" t="183" w="34" /></phr><phr n="Reading"><ent r="2" t="98" w="74" /><ent r="3" t="110" w="39" /><ent r="3" t="188" w="633" /><ent r="4" t="193" w="200" /><ent r="4" t="193" w="468" /><ent r="3" t="245" w="191" /><ent r="4" t="287" w="123" /><ent r="3" t="295" w="77" /><ent r="3" t="296" w="61" /><ent r="3" t="301" w="211" /></phr><phr n="reads"><ent r="3" t="315" w="152" /></phr></stem><stem n="get"><phr n="getting"><ent r="65" t="0" w="43" /><ent r="5" t="69" w="236" /><ent r="5" t="69" w="297" /><ent r="5" t="69" w="578" /><ent r="5" t="69" w="629" /><ent r="4" t="99" w="504" /><ent r="4" t="99" w="603" /><ent r="3" t="166" w="137" /><ent r="3" t="197" w="81" /><ent r="3" t="198" w="80" /><ent r="5" t="248" w="172" /><ent r="5" t="248" w="233" /><ent r="5" t="249" w="212" /><ent r="5" t="249" w="263" /></phr><phr n="get"><ent r="4" t="0" w="119" /><ent r="3" t="9" w="68" /><ent r="3" t="13" w="415" /><ent r="3" t="24" w="626" /><ent r="3" t="26" w="169" /><ent r="3" t="29" w="84" /><ent r="5" t="35" w="157" /><ent r="5" t="35" w="260" /><ent r="3" t="36" w="65" /><ent r="3" t="39" w="409" /><ent r="3" t="40" w="109" /><ent r="5" t="42" w="112" /><ent r="5" t="42" w="125" /><ent r="3" t="45" w="650" /><ent r="3" t="47" w="120" /><ent r="3" t="48" w="175" /><ent r="5" t="49" w="784" /><ent r="5" t="52" w="150" /><ent r="3" t="64" w="63" /><ent r="3" t="69" w="125" /><ent r="4" t="69" w="148" /><ent r="4" t="69" w="175" /><ent r="3" t="69" w="201" /><ent r="4" t="69" w="260" /><ent r="4" t="69" w="321" /><ent r="3" t="69" w="480" /><ent r="4" t="69" w="500" /><ent r="4" t="69" w="526" /><ent r="3" t="69" w="540" /><ent r="3" t="69" w="550" /><ent r="4" t="69" w="602" /><ent r="4" t="69" w="653" /><ent r="3" t="70" w="241" /><ent r="3" t="70" w="260" /><ent r="3" t="70" w="289" /><ent r="3" t="73" w="101" /><ent r="3" t="73" w="236" /><ent r="5" t="76" w="637" /><ent r="5" t="76" w="740" /><ent r="3" t="93" w="33" /><ent r="3" t="96" w="648" /><ent r="5" t="99" w="137" /><ent r="3" t="106" w="17" /><ent r="5" t="112" w="426" /><ent r="5" t="112" w="439" /><ent r="5" t="112" w="452" /><ent r="3" t="112" w="1184" /><ent r="3" t="117" w="82" /><ent r="5" t="121" w="256" /><ent r="5" t="121" w="278" /><ent r="5" t="121" w="294" /><ent r="5" t="121" w="400" /><ent r="5" t="121" w="436" /><ent r="5" t="121" w="457" /><ent r="3" t="127" w="38" /><ent r="3" t="141" w="110" /><ent r="3" t="148" w="179" /><ent r="3" t="164" w="17" /><ent r="3" t="165" w="168" /><ent r="3" t="166" w="49" /><ent r="3" t="167" w="15" /><ent r="3" t="184" w="74" /><ent r="3" t="200" w="61" /><ent r="3" t="228" w="27" /><ent r="3" t="233" w="143" /><ent r="3" t="233" w="307" /><ent r="3" t="233" w="608" /><ent r="5" t="233" w="627" /><ent r="5" t="233" w="667" /><ent r="5" t="235" w="140" /><ent r="5" t="235" w="151" /><ent r="5" t="235" w="228" /><ent r="5" t="235" w="239" /><ent r="3" t="236" w="718" /><ent r="4" t="237" w="125" /><ent r="5" t="240" w="399" /><ent r="5" t="240" w="1255" /><ent r="3" t="241" w="77" /><ent r="3" t="248" w="55" /><ent r="3" t="248" w="64" /><ent r="4" t="248" w="84" /><ent r="4" t="248" w="111" /><ent r="3" t="248" w="134" /><ent r="4" t="248" w="196" /><ent r="4" t="248" w="257" /><ent r="3" t="249" w="111" /><ent r="4" t="249" w="132" /><ent r="4" t="249" w="158" /><ent r="3" t="249" w="180" /><ent r="4" t="249" w="236" /><ent r="4" t="249" w="287" /><ent r="5" t="250" w="79" /><ent r="3" t="250" w="236" /><ent r="4" t="250" w="251" /><ent r="4" t="250" w="286" /><ent r="3" t="250" w="298" /><ent r="4" t="250" w="335" /><ent r="4" t="250" w="374" /><ent r="5" t="251" w="70" /><ent r="3" t="251" w="422" /><ent r="4" t="251" w="439" /><ent r="4" t="251" w="475" /><ent r="3" t="251" w="487" /><ent r="4" t="251" w="523" /><ent r="4" t="251" w="567" /><ent r="5" t="254" w="75" /><ent r="5" t="254" w="196" /><ent r="5" t="257" w="536" /><ent r="3" t="260" w="337" /><ent r="5" t="263" w="126" /><ent r="5" t="264" w="46" /><ent r="5" t="264" w="206" /><ent r="5" t="265" w="213" /><ent r="5" t="265" w="231" /><ent r="5" t="265" w="312" /><ent r="5" t="265" w="330" /><ent r="5" t="265" w="347" /><ent r="5" t="265" w="495" /><ent r="5" t="265" w="508" /><ent r="3" t="268" w="417" /><ent r="3" t="280" w="22" /><ent r="3" t="281" w="272" /><ent r="3" t="285" w="114" /><ent r="3" t="285" w="270" /><ent r="3" t="295" w="57" /><ent r="3" t="305" w="33" /><ent r="3" t="306" w="14" /><ent r="3" t="306" w="22" /><ent r="3" t="306" w="38" /></phr><phr n="gets"><ent r="3" t="4" w="488" /><ent r="3" t="45" w="362" /><ent r="4" t="105" w="107" /><ent r="4" t="106" w="34" /><ent r="3" t="227" w="51" /><ent r="3" t="238" w="302" /><ent r="3" t="256" w="50" /><ent r="3" t="264" w="31" /></phr><phr n="Getting"><ent r="64" t="8" w="51" /><ent r="1000" t="9" w="1" /><ent r="100" t="9" w="4" /><ent r="102" t="9" w="7" /><ent r="3" t="240" w="500" /><ent r="3" t="248" w="123" /><ent r="3" t="249" w="169" /></phr><phr n="Get"><ent r="4" t="12" w="314" /><ent r="4" t="12" w="371" /><ent r="92" t="13" w="408" /><ent r="4" t="13" w="458" /><ent r="4" t="13" w="515" /><ent r="5" t="42" w="254" /><ent r="5" t="42" w="263" /><ent r="5" t="42" w="281" /><ent r="5" t="42" w="290" /><ent r="5" t="49" w="857" /><ent r="5" t="49" w="870" /><ent r="5" t="52" w="242" /><ent r="5" t="52" w="255" /><ent r="5" t="70" w="101" /><ent r="5" t="70" w="156" /><ent r="5" t="70" w="423" /><ent r="5" t="70" w="575" /><ent r="4" t="70" w="708" /><ent r="5" t="70" w="804" /><ent r="5" t="99" w="179" /><ent r="5" t="99" w="188" /><ent r="5" t="112" w="824" /><ent r="5" t="112" w="833" /><ent r="5" t="112" w="851" /><ent r="5" t="112" w="860" /><ent r="5" t="112" w="878" /><ent r="5" t="112" w="887" /><ent r="4" t="117" w="257" /><ent r="4" t="121" w="341" /><ent r="5" t="121" w="518" /><ent r="4" t="236" w="775" /><ent r="4" t="236" w="833" /><ent r="5" t="240" w="465" /><ent r="5" t="240" w="474" /><ent r="5" t="240" w="1382" /><ent r="5" t="240" w="1390" /><ent r="5" t="250" w="122" /><ent r="5" t="250" w="130" /><ent r="5" t="251" w="112" /><ent r="5" t="251" w="121" /><ent r="5" t="263" w="175" /><ent r="5" t="263" w="184" /><ent r="5" t="264" w="256" /><ent r="5" t="264" w="264" /></phr></stem><stem n="start"><phr n="started"><ent r="65" t="0" w="44" /><ent r="3" t="9" w="69" /><ent r="3" t="34" w="32" /><ent r="3" t="43" w="86" /><ent r="3" t="47" w="121" /><ent r="3" t="48" w="176" /></phr><phr n="start"><ent r="3" t="1" w="184" /><ent r="3" t="4" w="235" /><ent r="3" t="9" w="12" /><ent r="3" t="9" w="273" /><ent r="3" t="11" w="47" /><ent r="3" t="12" w="133" /><ent r="3" t="27" w="781" /><ent r="3" t="62" w="112" /><ent r="3" t="73" w="265" /><ent r="4" t="133" w="363" /><ent r="3" t="226" w="96" /><ent r="3" t="234" w="14" /><ent r="3" t="241" w="91" /><ent r="4" t="241" w="166" /><ent r="4" t="241" w="174" /><ent r="5" t="241" w="187" /><ent r="5" t="241" w="204" /><ent r="4" t="241" w="207" /><ent r="4" t="241" w="214" /><ent r="4" t="241" w="229" /><ent r="4" t="241" w="255" /><ent r="4" t="241" w="264" /><ent r="4" t="241" w="364" /><ent r="4" t="241" w="388" /><ent r="5" t="241" w="404" /><ent r="5" t="241" w="420" /><ent r="4" t="241" w="422" /><ent r="4" t="241" w="438" /><ent r="4" t="241" w="465" /><ent r="4" t="241" w="508" /><ent r="4" t="241" w="536" /><ent r="4" t="269" w="33" /><ent r="3" t="283" w="358" /><ent r="3" t="285" w="65" /></phr><phr n="Started"><ent r="64" t="8" w="52" /><ent r="1000" t="9" w="2" /><ent r="100" t="9" w="5" /><ent r="102" t="9" w="8" /></phr><phr n="starting"><ent r="3" t="10" w="25" /><ent r="3" t="104" w="112" /><ent r="3" t="303" w="158" /></phr><phr n="starts"><ent r="3" t="10" w="70" /><ent r="3" t="14" w="1070" /><ent r="3" t="31" w="1129" /><ent r="6" t="37" w="103" /><ent r="3" t="62" w="231" /><ent r="3" t="74" w="140" /><ent r="3" t="76" w="68" /><ent r="3" t="96" w="70" /><ent r="6" t="97" w="187" /><ent r="4" t="102" w="91" /><ent r="3" t="104" w="106" /><ent r="4" t="119" w="35" /><ent r="3" t="257" w="251" /><ent r="3" t="257" w="253" /><ent r="4" t="257" w="326" /><ent r="3" t="302" w="110" /><ent r="3" t="302" w="125" /></phr><phr n="Start"><ent r="4" t="102" w="54" /><ent r="92" t="226" w="91" /><ent r="4" t="226" w="184" /><ent r="4" t="226" w="231" /><ent r="5" t="227" w="441" /><ent r="5" t="227" w="493" /><ent r="4" t="287" w="75" /></phr><phr n="Starts"><ent r="3" t="290" w="163" /></phr></stem><stem n="manual"><phr n="manual"><ent r="65" t="0" w="45" /><ent r="3" t="48" w="201" /></phr><phr n="manually"><ent r="3" t="40" w="288" /><ent r="3" t="40" w="312" /><ent r="3" t="49" w="21" /><ent r="3" t="49" w="959" /><ent r="3" t="51" w="188" /><ent r="3" t="56" w="353" /><ent r="5" t="69" w="251" /><ent r="5" t="69" w="312" /><ent r="5" t="69" w="593" /><ent r="5" t="69" w="644" /><ent r="3" t="78" w="129" /><ent r="3" t="114" w="60" /><ent r="3" t="122" w="392" /><ent r="3" t="124" w="329" /><ent r="3" t="125" w="339" /><ent r="3" t="240" w="678" /><ent r="5" t="248" w="187" /><ent r="5" t="248" w="248" /><ent r="5" t="249" w="227" /><ent r="5" t="249" w="278" /><ent r="3" t="315" w="176" /></phr><phr n="Manually"><ent r="92" t="40" w="301" /></phr></stem><stem n="inform"><phr n="information"><ent r="4" t="0" w="49" /><ent r="65" t="0" w="240" /><ent r="3" t="3" w="172" /><ent r="3" t="5" w="470" /><ent r="3" t="8" w="280" /><ent r="3" t="20" w="536" /><ent r="6" t="37" w="121" /><ent r="6" t="37" w="182" /><ent r="3" t="39" w="173" /><ent r="3" t="43" w="45" /><ent r="64" t="63" w="32" /><ent r="3" t="65" w="200" /><ent r="3" t="65" w="219" /><ent r="3" t="65" w="253" /><ent r="3" t="70" w="14" /><ent r="3" t="70" w="40" /><ent r="3" t="70" w="64" /><ent r="3" t="70" w="91" /><ent r="5" t="70" w="103" /><ent r="5" t="70" w="158" /><ent r="3" t="70" w="235" /><ent r="3" t="70" w="271" /><ent r="3" t="70" w="304" /><ent r="3" t="70" w="307" /><ent r="3" t="70" w="611" /><ent r="3" t="70" w="645" /><ent r="3" t="72" w="19" /><ent r="3" t="72" w="21" /><ent r="3" t="92" w="81" /><ent r="6" t="92" w="240" /><ent r="5" t="92" w="458" /><ent r="6" t="92" w="508" /><ent r="3" t="96" w="673" /><ent r="3" t="112" w="155" /><ent r="3" t="117" w="70" /><ent r="3" t="117" w="84" /><ent r="3" t="117" w="599" /><ent r="3" t="118" w="83" /><ent r="4" t="120" w="288" /><ent r="3" t="129" w="19" /><ent r="3" t="130" w="74" /><ent r="3" t="131" w="50" /><ent r="4" t="133" w="439" /><ent r="3" t="140" w="19" /><ent r="3" t="141" w="29" /><ent r="3" t="141" w="52" /><ent r="3" t="141" w="65" /><ent r="3" t="141" w="116" /><ent r="3" t="150" w="83" /><ent r="3" t="163" w="31" /><ent r="3" t="179" w="213" /><ent r="3" t="179" w="251" /><ent r="3" t="179" w="336" /><ent r="3" t="179" w="349" /><ent r="3" t="179" w="371" /><ent r="3" t="190" w="209" /><ent r="3" t="192" w="74" /><ent r="4" t="193" w="135" /><ent r="4" t="193" w="385" /><ent r="3" t="240" w="40" /><ent r="3" t="263" w="473" /><ent r="3" t="269" w="113" /><ent r="3" t="270" w="304" /><ent r="3" t="277" w="258" /><ent r="3" t="279" w="20" /><ent r="3" t="280" w="25" /><ent r="3" t="285" w="67" /><ent r="3" t="285" w="213" /><ent r="3" t="285" w="233" /><ent r="3" t="289" w="172" /><ent r="3" t="292" w="165" /><ent r="3" t="292" w="197" /><ent r="4" t="294" w="218" /><ent r="64" t="309" w="181" /></phr><phr n="informed"><ent r="3" t="0" w="376" /><ent r="3" t="293" w="89" /><ent r="3" t="310" w="38" /></phr><phr n="informational"><ent r="3" t="2" w="20" /></phr><phr n="Information"><ent r="92" t="38" w="487" /><ent r="64" t="65" w="212" /><ent r="1000" t="70" w="3" /><ent r="100" t="70" w="6" /><ent r="102" t="70" w="10" /><ent r="5" t="70" w="128" /><ent r="5" t="70" w="195" /><ent r="4" t="105" w="57" /><ent r="92" t="310" w="49" /></phr><phr n="inform"><ent r="3" t="232" w="316" /></phr></stem></index>