﻿<?xml version="1.0" encoding="utf-8"?><index><stem n="db4oembed"><phr n="Db4oEmbedded"><ent r="4" t="8" w="78" /><ent r="4" t="8" w="176" /><ent r="4" t="10" w="84" /><ent r="4" t="10" w="126" /><ent r="4" t="10" w="214" /><ent r="4" t="10" w="252" /><ent r="4" t="10" w="327" /><ent r="4" t="10" w="393" /><ent r="4" t="10" w="496" /><ent r="4" t="10" w="561" /><ent r="4" t="10" w="637" /><ent r="4" t="10" w="691" /><ent r="4" t="34" w="552" /><ent r="4" t="34" w="615" /><ent r="4" t="45" w="92" /><ent r="4" t="45" w="148" /><ent r="4" t="45" w="200" /><ent r="4" t="45" w="268" /><ent r="4" t="46" w="50" /><ent r="4" t="46" w="113" /><ent r="4" t="46" w="175" /><ent r="4" t="46" w="251" /><ent r="4" t="46" w="365" /><ent r="4" t="46" w="376" /><ent r="4" t="46" w="403" /><ent r="4" t="46" w="417" /><ent r="4" t="49" w="73" /><ent r="4" t="49" w="84" /><ent r="4" t="49" w="108" /><ent r="4" t="49" w="125" /><ent r="4" t="49" w="179" /><ent r="4" t="49" w="194" /><ent r="4" t="49" w="218" /><ent r="4" t="49" w="239" /><ent r="4" t="50" w="623" /><ent r="4" t="50" w="634" /><ent r="4" t="50" w="658" /><ent r="4" t="50" w="675" /><ent r="4" t="50" w="895" /><ent r="4" t="50" w="910" /><ent r="4" t="50" w="934" /><ent r="4" t="50" w="955" /><ent r="4" t="54" w="140" /><ent r="4" t="54" w="173" /><ent r="4" t="57" w="67" /><ent r="4" t="57" w="89" /><ent r="4" t="57" w="115" /><ent r="4" t="57" w="140" /><ent r="4" t="59" w="174" /><ent r="4" t="59" w="212" /><ent r="4" t="66" w="166" /><ent r="4" t="66" w="229" /><ent r="4" t="69" w="387" /><ent r="4" t="69" w="415" /><ent r="4" t="81" w="86" /><ent r="4" t="81" w="145" /><ent r="4" t="106" w="145" /><ent r="4" t="106" w="174" /><ent r="4" t="112" w="59" /><ent r="4" t="112" w="91" /><ent r="4" t="112" w="1384" /><ent r="4" t="112" w="1419" /><ent r="4" t="114" w="724" /><ent r="4" t="114" w="740" /><ent r="4" t="114" w="771" /><ent r="4" t="114" w="793" /><ent r="4" t="116" w="154" /><ent r="4" t="116" w="191" /><ent r="4" t="117" w="704" /><ent r="4" t="117" w="741" /><ent r="4" t="121" w="248" /><ent r="4" t="121" w="392" /><ent r="6" t="128" w="71" /><ent r="6" t="128" w="123" /><ent r="4" t="129" w="115" /><ent r="4" t="129" w="144" /><ent r="4" t="140" w="52" /><ent r="4" t="140" w="83" /><ent r="4" t="141" w="387" /><ent r="4" t="141" w="426" /><ent r="4" t="142" w="127" /><ent r="4" t="142" w="136" /><ent r="4" t="142" w="164" /><ent r="4" t="142" w="178" /><ent r="4" t="145" w="54" /><ent r="4" t="145" w="80" /><ent r="4" t="145" w="178" /><ent r="4" t="145" w="210" /><ent r="4" t="146" w="86" /><ent r="4" t="146" w="113" /><ent r="4" t="146" w="211" /><ent r="4" t="146" w="243" /><ent r="4" t="148" w="71" /><ent r="4" t="148" w="92" /><ent r="4" t="148" w="119" /><ent r="4" t="148" w="144" /><ent r="4" t="149" w="80" /><ent r="4" t="149" w="108" /><ent r="4" t="150" w="185" /><ent r="4" t="150" w="213" /><ent r="4" t="151" w="88" /><ent r="4" t="151" w="115" /><ent r="4" t="152" w="91" /><ent r="4" t="152" w="118" /><ent r="4" t="152" w="163" /><ent r="4" t="152" w="195" /><ent r="4" t="153" w="112" /><ent r="4" t="153" w="140" /><ent r="4" t="154" w="25" /><ent r="4" t="154" w="56" /><ent r="4" t="155" w="51" /><ent r="4" t="155" w="82" /><ent r="4" t="156" w="31" /><ent r="4" t="156" w="58" /><ent r="4" t="157" w="44" /><ent r="4" t="157" w="76" /><ent r="4" t="158" w="55" /><ent r="4" t="158" w="82" /><ent r="4" t="159" w="53" /><ent r="4" t="159" w="80" /><ent r="4" t="160" w="28" /><ent r="4" t="160" w="61" /><ent r="4" t="161" w="62" /><ent r="4" t="161" w="93" /><ent r="4" t="163" w="39" /><ent r="4" t="163" w="67" /><ent r="4" t="164" w="133" /><ent r="4" t="164" w="162" /><ent r="4" t="168" w="105" /><ent r="4" t="168" w="134" /><ent r="4" t="169" w="151" /><ent r="4" t="169" w="179" /><ent r="4" t="170" w="71" /><ent r="4" t="170" w="101" /><ent r="4" t="171" w="46" /><ent r="4" t="171" w="75" /><ent r="4" t="172" w="63" /><ent r="4" t="172" w="91" /><ent r="4" t="174" w="92" /><ent r="4" t="174" w="124" /><ent r="4" t="175" w="54" /><ent r="4" t="175" w="83" /><ent r="4" t="176" w="127" /><ent r="4" t="176" w="156" /><ent r="4" t="177" w="110" /><ent r="4" t="177" w="137" /><ent r="4" t="178" w="149" /><ent r="4" t="178" w="174" /><ent r="4" t="179" w="141" /><ent r="4" t="179" w="174" /><ent r="4" t="179" w="275" /><ent r="4" t="179" w="303" /><ent r="4" t="179" w="395" /><ent r="4" t="179" w="421" /><ent r="4" t="179" w="519" /><ent r="4" t="179" w="550" /><ent r="4" t="180" w="66" /><ent r="4" t="180" w="94" /><ent r="4" t="180" w="133" /><ent r="4" t="180" w="174" /><ent r="4" t="181" w="42" /><ent r="4" t="181" w="71" /><ent r="4" t="182" w="70" /><ent r="4" t="182" w="100" /><ent r="4" t="183" w="47" /><ent r="4" t="183" w="76" /><ent r="4" t="184" w="84" /><ent r="4" t="184" w="117" /><ent r="4" t="185" w="129" /><ent r="4" t="185" w="156" /><ent r="4" t="187" w="31" /><ent r="4" t="187" w="47" /><ent r="4" t="187" w="76" /><ent r="4" t="187" w="102" /><ent r="4" t="187" w="162" /><ent r="4" t="187" w="185" /><ent r="4" t="187" w="213" /><ent r="4" t="187" w="254" /><ent r="4" t="188" w="43" /><ent r="4" t="188" w="59" /><ent r="4" t="188" w="86" /><ent r="4" t="188" w="286" /><ent r="4" t="188" w="300" /><ent r="4" t="188" w="328" /><ent r="4" t="188" w="352" /><ent r="5" t="188" w="562" /><ent r="4" t="190" w="69" /><ent r="4" t="190" w="94" /><ent r="4" t="190" w="122" /><ent r="4" t="190" w="163" /><ent r="4" t="191" w="191" /><ent r="4" t="191" w="224" /><ent r="4" t="191" w="253" /><ent r="4" t="191" w="303" /><ent r="4" t="194" w="43" /><ent r="4" t="194" w="54" /><ent r="4" t="194" w="84" /><ent r="4" t="194" w="101" /><ent r="4" t="210" w="61" /><ent r="4" t="210" w="93" /><ent r="4" t="211" w="22" /><ent r="4" t="211" w="58" /><ent r="4" t="212" w="43" /><ent r="4" t="212" w="79" /><ent r="4" t="213" w="69" /><ent r="4" t="213" w="105" /><ent r="4" t="214" w="44" /><ent r="4" t="214" w="77" /><ent r="4" t="215" w="25" /><ent r="4" t="215" w="60" /><ent r="4" t="216" w="47" /><ent r="4" t="216" w="79" /><ent r="4" t="217" w="47" /><ent r="4" t="217" w="79" /><ent r="4" t="218" w="79" /><ent r="4" t="218" w="111" /><ent r="4" t="219" w="28" /><ent r="4" t="219" w="63" /><ent r="4" t="220" w="39" /><ent r="4" t="220" w="76" /><ent r="4" t="221" w="32" /><ent r="4" t="221" w="66" /><ent r="4" t="222" w="60" /><ent r="4" t="222" w="92" /><ent r="4" t="223" w="203" /><ent r="4" t="223" w="241" /><ent r="4" t="223" w="353" /><ent r="4" t="223" w="397" /><ent r="4" t="223" w="476" /><ent r="4" t="223" w="520" /><ent r="4" t="223" w="578" /><ent r="4" t="223" w="622" /><ent r="4" t="223" w="677" /><ent r="4" t="223" w="714" /><ent r="4" t="224" w="136" /><ent r="4" t="224" w="166" /><ent r="4" t="224" w="228" /><ent r="4" t="224" w="259" /><ent r="4" t="224" w="325" /><ent r="4" t="224" w="353" /><ent r="4" t="224" w="449" /><ent r="4" t="224" w="477" /><ent r="4" t="224" w="525" /><ent r="4" t="224" w="556" /><ent r="4" t="256" w="99" /><ent r="4" t="256" w="162" /><ent r="4" t="257" w="315" /><ent r="5" t="259" w="150" /><ent r="5" t="259" w="177" /><ent r="4" t="264" w="379" /><ent r="4" t="264" w="417" /><ent r="4" t="265" w="585" /><ent r="4" t="266" w="111" /><ent r="4" t="266" w="121" /><ent r="4" t="266" w="148" /><ent r="4" t="266" w="164" /><ent r="4" t="266" w="570" /><ent r="4" t="266" w="583" /><ent r="4" t="266" w="613" /><ent r="4" t="266" w="630" /><ent r="4" t="272" w="154" /><ent r="4" t="272" w="227" /><ent r="4" t="272" w="372" /><ent r="4" t="272" w="444" /><ent r="4" t="275" w="158" /><ent r="4" t="275" w="221" /><ent r="4" t="275" w="283" /><ent r="4" t="275" w="359" /><ent r="4" t="275" w="469" /><ent r="4" t="275" w="480" /><ent r="4" t="275" w="507" /><ent r="4" t="275" w="521" /><ent r="5" t="277" w="165" /><ent r="5" t="277" w="182" /><ent r="5" t="277" w="216" /><ent r="5" t="277" w="235" /><ent r="4" t="284" w="71" /><ent r="4" t="284" w="100" /></phr></stem><stem n="db4oembedded.openfil"><phr n="Db4oEmbedded.OpenFile"><ent r="4" t="8" w="79" /><ent r="4" t="8" w="78" /><ent r="4" t="8" w="177" /><ent r="4" t="8" w="176" /><ent r="4" t="10" w="85" /><ent r="4" t="10" w="84" /><ent r="4" t="10" w="127" /><ent r="4" t="10" w="126" /><ent r="4" t="10" w="215" /><ent r="4" t="10" w="214" /><ent r="4" t="10" w="253" /><ent r="4" t="10" w="252" /><ent r="4" t="10" w="328" /><ent r="4" t="10" w="327" /><ent r="4" t="10" w="394" /><ent r="4" t="10" w="393" /><ent r="4" t="10" w="497" /><ent r="4" t="10" w="496" /><ent r="4" t="10" w="562" /><ent r="4" t="10" w="561" /><ent r="4" t="10" w="638" /><ent r="4" t="10" w="637" /><ent r="4" t="10" w="692" /><ent r="4" t="10" w="691" /><ent r="4" t="34" w="553" /><ent r="4" t="34" w="552" /><ent r="4" t="34" w="616" /><ent r="4" t="34" w="615" /><ent r="4" t="45" w="93" /><ent r="4" t="45" w="92" /><ent r="4" t="45" w="149" /><ent r="4" t="45" w="148" /><ent r="4" t="45" w="201" /><ent r="4" t="45" w="200" /><ent r="4" t="45" w="269" /><ent r="4" t="45" w="268" /><ent r="4" t="46" w="51" /><ent r="4" t="46" w="50" /><ent r="4" t="46" w="114" /><ent r="4" t="46" w="113" /><ent r="4" t="46" w="176" /><ent r="4" t="46" w="175" /><ent r="4" t="46" w="252" /><ent r="4" t="46" w="251" /><ent r="4" t="46" w="377" /><ent r="4" t="46" w="376" /><ent r="4" t="46" w="418" /><ent r="4" t="46" w="417" /><ent r="4" t="49" w="85" /><ent r="4" t="49" w="84" /><ent r="4" t="49" w="126" /><ent r="4" t="49" w="125" /><ent r="4" t="49" w="195" /><ent r="4" t="49" w="194" /><ent r="4" t="49" w="240" /><ent r="4" t="49" w="239" /><ent r="4" t="50" w="635" /><ent r="4" t="50" w="634" /><ent r="4" t="50" w="676" /><ent r="4" t="50" w="675" /><ent r="4" t="50" w="911" /><ent r="4" t="50" w="910" /><ent r="4" t="50" w="956" /><ent r="4" t="50" w="955" /><ent r="4" t="57" w="90" /><ent r="4" t="57" w="89" /><ent r="4" t="57" w="141" /><ent r="4" t="57" w="140" /><ent r="4" t="66" w="167" /><ent r="4" t="66" w="166" /><ent r="4" t="66" w="230" /><ent r="4" t="66" w="229" /><ent r="4" t="114" w="741" /><ent r="4" t="114" w="740" /><ent r="4" t="114" w="794" /><ent r="4" t="114" w="793" /><ent r="4" t="121" w="249" /><ent r="4" t="121" w="248" /><ent r="4" t="121" w="393" /><ent r="4" t="121" w="392" /><ent r="6" t="128" w="72" /><ent r="6" t="128" w="71" /><ent r="6" t="128" w="124" /><ent r="6" t="128" w="123" /><ent r="4" t="142" w="137" /><ent r="4" t="142" w="136" /><ent r="4" t="142" w="179" /><ent r="4" t="142" w="178" /><ent r="4" t="148" w="93" /><ent r="4" t="148" w="92" /><ent r="4" t="148" w="145" /><ent r="4" t="148" w="144" /><ent r="4" t="187" w="48" /><ent r="4" t="187" w="47" /><ent r="4" t="187" w="103" /><ent r="4" t="187" w="102" /><ent r="4" t="187" w="186" /><ent r="4" t="187" w="185" /><ent r="4" t="187" w="255" /><ent r="4" t="187" w="254" /><ent r="4" t="188" w="60" /><ent r="4" t="188" w="59" /><ent r="4" t="188" w="301" /><ent r="4" t="188" w="300" /><ent r="4" t="188" w="353" /><ent r="4" t="188" w="352" /><ent r="5" t="188" w="563" /><ent r="5" t="188" w="562" /><ent r="4" t="190" w="95" /><ent r="4" t="190" w="94" /><ent r="4" t="190" w="164" /><ent r="4" t="190" w="163" /><ent r="4" t="191" w="225" /><ent r="4" t="191" w="224" /><ent r="4" t="191" w="304" /><ent r="4" t="191" w="303" /><ent r="4" t="194" w="55" /><ent r="4" t="194" w="54" /><ent r="4" t="194" w="102" /><ent r="4" t="194" w="101" /><ent r="4" t="256" w="100" /><ent r="4" t="256" w="99" /><ent r="4" t="256" w="163" /><ent r="4" t="256" w="162" /><ent r="4" t="257" w="316" /><ent r="4" t="257" w="315" /><ent r="4" t="266" w="122" /><ent r="4" t="266" w="121" /><ent r="4" t="266" w="165" /><ent r="4" t="266" w="164" /><ent r="4" t="266" w="584" /><ent r="4" t="266" w="583" /><ent r="4" t="266" w="631" /><ent r="4" t="266" w="630" /><ent r="4" t="272" w="155" /><ent r="4" t="272" w="154" /><ent r="4" t="272" w="228" /><ent r="4" t="272" w="227" /><ent r="4" t="272" w="373" /><ent r="4" t="272" w="372" /><ent r="4" t="272" w="445" /><ent r="4" t="272" w="444" /><ent r="4" t="275" w="159" /><ent r="4" t="275" w="158" /><ent r="4" t="275" w="222" /><ent r="4" t="275" w="221" /><ent r="4" t="275" w="284" /><ent r="4" t="275" w="283" /><ent r="4" t="275" w="360" /><ent r="4" t="275" w="359" /><ent r="4" t="275" w="481" /><ent r="4" t="275" w="480" /><ent r="4" t="275" w="522" /><ent r="4" t="275" w="521" /><ent r="5" t="277" w="183" /><ent r="5" t="277" w="182" /><ent r="5" t="277" w="236" /><ent r="5" t="277" w="235" /></phr></stem><stem n="openfil"><phr n="OpenFile"><ent r="4" t="8" w="79" /><ent r="4" t="8" w="177" /><ent r="4" t="10" w="85" /><ent r="4" t="10" w="127" /><ent r="4" t="10" w="215" /><ent r="4" t="10" w="253" /><ent r="4" t="10" w="328" /><ent r="4" t="10" w="394" /><ent r="4" t="10" w="497" /><ent r="4" t="10" w="562" /><ent r="4" t="10" w="638" /><ent r="4" t="10" w="692" /><ent r="4" t="34" w="553" /><ent r="4" t="34" w="616" /><ent r="4" t="45" w="93" /><ent r="4" t="45" w="149" /><ent r="4" t="45" w="201" /><ent r="4" t="45" w="269" /><ent r="4" t="46" w="51" /><ent r="4" t="46" w="114" /><ent r="4" t="46" w="176" /><ent r="4" t="46" w="252" /><ent r="4" t="46" w="377" /><ent r="4" t="46" w="418" /><ent r="4" t="49" w="85" /><ent r="4" t="49" w="126" /><ent r="4" t="49" w="195" /><ent r="4" t="49" w="240" /><ent r="4" t="50" w="635" /><ent r="4" t="50" w="676" /><ent r="4" t="50" w="911" /><ent r="4" t="50" w="956" /><ent r="4" t="57" w="90" /><ent r="4" t="57" w="141" /><ent r="4" t="66" w="167" /><ent r="4" t="66" w="230" /><ent r="4" t="114" w="741" /><ent r="4" t="114" w="794" /><ent r="4" t="121" w="249" /><ent r="4" t="121" w="393" /><ent r="6" t="128" w="72" /><ent r="6" t="128" w="124" /><ent r="4" t="142" w="137" /><ent r="4" t="142" w="179" /><ent r="4" t="148" w="93" /><ent r="4" t="148" w="145" /><ent r="4" t="187" w="48" /><ent r="4" t="187" w="103" /><ent r="4" t="187" w="186" /><ent r="4" t="187" w="255" /><ent r="4" t="188" w="60" /><ent r="4" t="188" w="301" /><ent r="4" t="188" w="353" /><ent r="5" t="188" w="563" /><ent r="4" t="190" w="95" /><ent r="4" t="190" w="164" /><ent r="4" t="191" w="225" /><ent r="4" t="191" w="304" /><ent r="4" t="194" w="55" /><ent r="4" t="194" w="102" /><ent r="4" t="256" w="100" /><ent r="4" t="256" w="163" /><ent r="4" t="257" w="316" /><ent r="4" t="266" w="122" /><ent r="4" t="266" w="165" /><ent r="4" t="266" w="584" /><ent r="4" t="266" w="631" /><ent r="4" t="272" w="155" /><ent r="4" t="272" w="228" /><ent r="4" t="272" w="373" /><ent r="4" t="272" w="445" /><ent r="4" t="275" w="159" /><ent r="4" t="275" w="222" /><ent r="4" t="275" w="284" /><ent r="4" t="275" w="360" /><ent r="4" t="275" w="481" /><ent r="4" t="275" w="522" /><ent r="5" t="277" w="183" /><ent r="5" t="277" w="236" /></phr></stem><stem n=".openfile("><phr n=".OpenFile("><ent r="4" t="8" w="80" /><ent r="4" t="8" w="178" /><ent r="4" t="10" w="86" /><ent r="4" t="10" w="128" /><ent r="4" t="10" w="216" /><ent r="4" t="10" w="254" /><ent r="4" t="10" w="329" /><ent r="4" t="10" w="395" /><ent r="4" t="10" w="498" /><ent r="4" t="10" w="563" /><ent r="4" t="10" w="639" /><ent r="4" t="10" w="693" /><ent r="4" t="121" w="250" /><ent r="4" t="121" w="394" /><ent r="6" t="128" w="73" /><ent r="6" t="128" w="125" /><ent r="4" t="272" w="156" /><ent r="4" t="272" w="229" /><ent r="4" t="272" w="374" /><ent r="4" t="272" w="446" /></phr></stem><stem n="databasefil"><phr n="databaseFile"><ent r="5" t="8" w="81" /><ent r="5" t="8" w="179" /><ent r="5" t="10" w="87" /><ent r="5" t="10" w="129" /><ent r="5" t="10" w="217" /><ent r="5" t="10" w="255" /><ent r="5" t="10" w="330" /><ent r="5" t="10" w="396" /><ent r="5" t="10" w="499" /><ent r="5" t="10" w="564" /><ent r="5" t="10" w="640" /><ent r="5" t="10" w="694" /><ent r="3" t="71" w="53" /><ent r="3" t="71" w="117" /><ent r="6" t="92" w="467" /><ent r="3" t="281" w="127" /></phr><phr n="DatabaseFile"><ent r="4" t="45" w="94" /><ent r="4" t="45" w="150" /><ent r="4" t="45" w="202" /><ent r="4" t="45" w="270" /><ent r="4" t="46" w="52" /><ent r="4" t="46" w="115" /><ent r="4" t="46" w="177" /><ent r="4" t="46" w="253" /><ent r="4" t="46" w="378" /><ent r="4" t="46" w="419" /><ent r="4" t="57" w="92" /><ent r="4" t="57" w="143" /><ent r="4" t="148" w="95" /><ent r="4" t="148" w="147" /><ent r="4" t="236" w="302" /><ent r="4" t="236" w="348" /><ent r="4" t="275" w="160" /><ent r="4" t="275" w="223" /><ent r="4" t="275" w="285" /><ent r="4" t="275" w="361" /><ent r="4" t="275" w="482" /><ent r="4" t="275" w="523" /></phr></stem><stem n="databasefile.db4o"><phr n="databaseFile.db4o"><ent r="5" t="8" w="82" /><ent r="5" t="8" w="81" /><ent r="5" t="8" w="180" /><ent r="5" t="8" w="179" /><ent r="5" t="10" w="88" /><ent r="5" t="10" w="87" /><ent r="5" t="10" w="130" /><ent r="5" t="10" w="129" /><ent r="5" t="10" w="218" /><ent r="5" t="10" w="217" /><ent r="5" t="10" w="256" /><ent r="5" t="10" w="255" /><ent r="5" t="10" w="331" /><ent r="5" t="10" w="330" /><ent r="5" t="10" w="397" /><ent r="5" t="10" w="396" /><ent r="5" t="10" w="500" /><ent r="5" t="10" w="499" /><ent r="5" t="10" w="565" /><ent r="5" t="10" w="564" /><ent r="5" t="10" w="641" /><ent r="5" t="10" w="640" /><ent r="5" t="10" w="695" /><ent r="5" t="10" w="694" /><ent r="3" t="71" w="54" /><ent r="3" t="71" w="53" /><ent r="3" t="71" w="118" /><ent r="3" t="71" w="117" /><ent r="6" t="92" w="468" /><ent r="6" t="92" w="467" /><ent r="3" t="281" w="128" /><ent r="3" t="281" w="127" /></phr></stem><stem n="&quot;databasefile.db4o&quot;"><phr n="&quot;databaseFile.db4o&quot;"><ent r="5" t="8" w="83" /><ent r="5" t="8" w="181" /><ent r="5" t="10" w="89" /><ent r="5" t="10" w="131" /><ent r="5" t="10" w="219" /><ent r="5" t="10" w="257" /><ent r="5" t="10" w="332" /><ent r="5" t="10" w="398" /><ent r="5" t="10" w="501" /><ent r="5" t="10" w="566" /><ent r="5" t="10" w="642" /><ent r="5" t="10" w="696" /></phr></stem><stem n="))"><phr n="))"><ent r="4" t="8" w="84" /><ent r="4" t="10" w="90" /><ent r="4" t="10" w="220" /><ent r="4" t="10" w="333" /><ent r="4" t="10" w="502" /><ent r="4" t="10" w="643" /><ent r="4" t="24" w="925" /><ent r="4" t="27" w="1021" /><ent r="4" t="29" w="821" /><ent r="4" t="31" w="1656" /><ent r="4" t="34" w="164" /><ent r="4" t="34" w="173" /><ent r="4" t="34" w="250" /><ent r="4" t="34" w="259" /><ent r="4" t="34" w="661" /><ent r="4" t="38" w="194" /><ent r="4" t="38" w="334" /><ent r="4" t="46" w="197" /><ent r="4" t="57" w="93" /><ent r="4" t="64" w="152" /><ent r="4" t="66" w="275" /><ent r="4" t="66" w="501" /><ent r="4" t="66" w="510" /><ent r="4" t="67" w="201" /><ent r="4" t="70" w="556" /><ent r="4" t="74" w="722" /><ent r="4" t="75" w="506" /><ent r="4" t="75" w="620" /><ent r="4" t="85" w="91" /><ent r="4" t="96" w="371" /><ent r="4" t="99" w="298" /><ent r="4" t="109" w="199" /><ent r="4" t="112" w="474" /><ent r="4" t="112" w="487" /><ent r="4" t="112" w="524" /><ent r="4" t="112" w="537" /><ent r="4" t="112" w="1052" /><ent r="4" t="114" w="888" /><ent r="4" t="121" w="254" /><ent r="4" t="121" w="485" /><ent r="4" t="130" w="605" /><ent r="4" t="147" w="364" /><ent r="4" t="147" w="399" /><ent r="4" t="160" w="73" /><ent r="4" t="193" w="479" /><ent r="4" t="193" w="527" /><ent r="4" t="226" w="166" /><ent r="4" t="226" w="304" /><ent r="4" t="229" w="100" /><ent r="4" t="229" w="206" /><ent r="4" t="236" w="496" /><ent r="4" t="236" w="761" /><ent r="4" t="236" w="825" /><ent r="5" t="237" w="324" /><ent r="4" t="256" w="208" /><ent r="4" t="256" w="250" /><ent r="4" t="256" w="356" /><ent r="4" t="272" w="160" /><ent r="4" t="272" w="378" /><ent r="4" t="275" w="305" /></phr></stem><stem n="{"><phr n="{"><ent r="4" t="8" w="84" /><ent r="4" t="10" w="90" /><ent r="4" t="10" w="220" /><ent r="4" t="10" w="333" /><ent r="4" t="10" w="368" /><ent r="4" t="10" w="502" /><ent r="4" t="10" w="643" /><ent r="4" t="17" w="255" /><ent r="4" t="18" w="131" /><ent r="4" t="18" w="248" /><ent r="4" t="18" w="381" /><ent r="4" t="18" w="518" /><ent r="4" t="18" w="706" /><ent r="4" t="18" w="935" /><ent r="4" t="19" w="76" /><ent r="4" t="19" w="90" /><ent r="4" t="20" w="166" /><ent r="4" t="21" w="193" /><ent r="4" t="21" w="201" /><ent r="4" t="29" w="197" /><ent r="4" t="29" w="205" /><ent r="4" t="29" w="575" /><ent r="4" t="29" w="588" /><ent r="4" t="29" w="605" /><ent r="4" t="30" w="410" /><ent r="4" t="30" w="424" /><ent r="4" t="31" w="1621" /><ent r="4" t="31" w="1629" /><ent r="4" t="31" w="1639" /><ent r="4" t="31" w="1656" /><ent r="4" t="34" w="555" /><ent r="4" t="34" w="577" /><ent r="4" t="35" w="140" /><ent r="4" t="42" w="62" /><ent r="4" t="42" w="81" /><ent r="4" t="42" w="96" /><ent r="4" t="42" w="111" /><ent r="4" t="42" w="114" /><ent r="4" t="42" w="124" /><ent r="4" t="42" w="127" /><ent r="4" t="45" w="95" /><ent r="4" t="45" w="151" /><ent r="4" t="46" w="53" /><ent r="4" t="46" w="116" /><ent r="4" t="46" w="130" /><ent r="4" t="46" w="379" /><ent r="4" t="49" w="344" /><ent r="4" t="49" w="486" /><ent r="4" t="49" w="494" /><ent r="4" t="49" w="511" /><ent r="4" t="49" w="540" /><ent r="4" t="49" w="547" /><ent r="4" t="49" w="783" /><ent r="4" t="49" w="786" /><ent r="4" t="49" w="796" /><ent r="4" t="49" w="809" /><ent r="4" t="49" w="1031" /><ent r="4" t="49" w="1044" /><ent r="4" t="49" w="1090" /><ent r="4" t="50" w="137" /><ent r="4" t="50" w="215" /><ent r="4" t="50" w="511" /><ent r="4" t="50" w="763" /><ent r="4" t="52" w="119" /><ent r="4" t="52" w="138" /><ent r="4" t="52" w="149" /><ent r="4" t="52" w="152" /><ent r="5" t="53" w="126" /><ent r="5" t="53" w="153" /><ent r="5" t="53" w="169" /><ent r="5" t="53" w="304" /><ent r="5" t="53" w="331" /><ent r="5" t="53" w="347" /><ent r="5" t="53" w="506" /><ent r="5" t="53" w="543" /><ent r="5" t="53" w="559" /><ent r="4" t="57" w="93" /><ent r="4" t="60" w="203" /><ent r="4" t="60" w="211" /><ent r="4" t="60" w="219" /><ent r="4" t="63" w="73" /><ent r="4" t="63" w="78" /><ent r="4" t="63" w="95" /><ent r="4" t="64" w="176" /><ent r="4" t="64" w="186" /><ent r="4" t="66" w="169" /><ent r="4" t="66" w="191" /><ent r="4" t="67" w="268" /><ent r="4" t="67" w="275" /><ent r="4" t="70" w="123" /><ent r="4" t="70" w="347" /><ent r="4" t="70" w="700" /><ent r="4" t="74" w="282" /><ent r="4" t="74" w="286" /><ent r="4" t="74" w="321" /><ent r="4" t="74" w="455" /><ent r="4" t="74" w="459" /><ent r="4" t="74" w="479" /><ent r="4" t="74" w="669" /><ent r="4" t="74" w="673" /><ent r="4" t="74" w="676" /><ent r="4" t="74" w="685" /><ent r="4" t="74" w="693" /><ent r="4" t="74" w="800" /><ent r="4" t="74" w="804" /><ent r="4" t="74" w="830" /><ent r="4" t="74" w="936" /><ent r="4" t="74" w="940" /><ent r="4" t="74" w="973" /><ent r="4" t="75" w="64" /><ent r="4" t="75" w="69" /><ent r="4" t="75" w="89" /><ent r="4" t="75" w="96" /><ent r="4" t="75" w="223" /><ent r="4" t="75" w="228" /><ent r="4" t="75" w="263" /><ent r="4" t="75" w="275" /><ent r="4" t="75" w="452" /><ent r="4" t="75" w="457" /><ent r="4" t="75" w="466" /><ent r="4" t="75" w="474" /><ent r="4" t="75" w="566" /><ent r="4" t="75" w="571" /><ent r="4" t="75" w="580" /><ent r="4" t="75" w="588" /><ent r="4" t="75" w="692" /><ent r="4" t="75" w="696" /><ent r="4" t="75" w="722" /><ent r="4" t="75" w="832" /><ent r="4" t="75" w="836" /><ent r="4" t="75" w="869" /><ent r="4" t="76" w="195" /><ent r="4" t="76" w="203" /><ent r="4" t="76" w="238" /><ent r="4" t="76" w="382" /><ent r="4" t="76" w="390" /><ent r="4" t="76" w="410" /><ent r="4" t="76" w="620" /><ent r="4" t="89" w="68" /><ent r="4" t="89" w="76" /><ent r="4" t="96" w="230" /><ent r="4" t="96" w="347" /><ent r="4" t="96" w="356" /><ent r="4" t="96" w="371" /><ent r="4" t="96" w="702" /><ent r="4" t="96" w="712" /><ent r="4" t="96" w="730" /><ent r="4" t="96" w="748" /><ent r="4" t="99" w="136" /><ent r="4" t="99" w="139" /><ent r="4" t="99" w="146" /><ent r="4" t="99" w="257" /><ent r="4" t="99" w="284" /><ent r="4" t="99" w="298" /><ent r="4" t="99" w="466" /><ent r="4" t="99" w="470" /><ent r="4" t="99" w="485" /><ent r="4" t="99" w="489" /><ent r="4" t="99" w="496" /><ent r="4" t="99" w="647" /><ent r="4" t="99" w="654" /><ent r="4" t="99" w="665" /><ent r="4" t="99" w="675" /><ent r="4" t="99" w="689" /><ent r="4" t="99" w="697" /><ent r="4" t="99" w="928" /><ent r="4" t="99" w="937" /><ent r="4" t="99" w="960" /><ent r="4" t="100" w="95" /><ent r="4" t="100" w="109" /><ent r="4" t="100" w="141" /><ent r="4" t="101" w="126" /><ent r="4" t="101" w="136" /><ent r="4" t="106" w="347" /><ent r="4" t="109" w="308" /><ent r="4" t="112" w="284" /><ent r="4" t="112" w="404" /><ent r="4" t="112" w="425" /><ent r="4" t="112" w="428" /><ent r="4" t="112" w="438" /><ent r="4" t="112" w="441" /><ent r="4" t="112" w="451" /><ent r="4" t="112" w="454" /><ent r="4" t="112" w="466" /><ent r="4" t="112" w="516" /><ent r="4" t="112" w="570" /><ent r="4" t="112" w="573" /><ent r="4" t="112" w="600" /><ent r="4" t="112" w="1233" /><ent r="4" t="112" w="1250" /><ent r="4" t="114" w="291" /><ent r="4" t="114" w="311" /><ent r="4" t="114" w="345" /><ent r="4" t="114" w="369" /><ent r="4" t="114" w="398" /><ent r="4" t="117" w="118" /><ent r="4" t="117" w="319" /><ent r="4" t="117" w="464" /><ent r="4" t="117" w="476" /><ent r="4" t="117" w="614" /><ent r="4" t="121" w="254" /><ent r="4" t="121" w="277" /><ent r="4" t="121" w="324" /><ent r="4" t="121" w="350" /><ent r="4" t="122" w="255" /><ent r="4" t="124" w="182" /><ent r="4" t="125" w="190" /><ent r="6" t="128" w="69" /><ent r="6" t="128" w="82" /><ent r="6" t="128" w="182" /><ent r="6" t="128" w="201" /><ent r="6" t="128" w="336" /><ent r="6" t="128" w="343" /><ent r="4" t="130" w="89" /><ent r="4" t="130" w="100" /><ent r="4" t="130" w="114" /><ent r="4" t="130" w="127" /><ent r="4" t="130" w="135" /><ent r="4" t="130" w="147" /><ent r="4" t="130" w="170" /><ent r="4" t="130" w="193" /><ent r="4" t="130" w="218" /><ent r="4" t="130" w="232" /><ent r="4" t="130" w="245" /><ent r="4" t="141" w="134" /><ent r="4" t="141" w="159" /><ent r="4" t="141" w="181" /><ent r="4" t="141" w="191" /><ent r="4" t="190" w="398" /><ent r="4" t="190" w="416" /><ent r="4" t="190" w="441" /><ent r="4" t="190" w="453" /><ent r="4" t="193" w="72" /><ent r="4" t="193" w="75" /><ent r="4" t="193" w="86" /><ent r="4" t="193" w="98" /><ent r="4" t="193" w="111" /><ent r="4" t="193" w="119" /><ent r="4" t="193" w="145" /><ent r="4" t="193" w="151" /><ent r="4" t="193" w="164" /><ent r="4" t="193" w="193" /><ent r="4" t="193" w="232" /><ent r="4" t="193" w="264" /><ent r="4" t="226" w="166" /><ent r="4" t="226" w="304" /><ent r="4" t="227" w="436" /><ent r="4" t="227" w="454" /><ent r="4" t="229" w="100" /><ent r="4" t="229" w="122" /><ent r="4" t="235" w="125" /><ent r="4" t="235" w="136" /><ent r="4" t="235" w="146" /><ent r="4" t="235" w="157" /><ent r="4" t="236" w="122" /><ent r="4" t="236" w="138" /><ent r="4" t="236" w="151" /><ent r="4" t="236" w="371" /><ent r="4" t="236" w="383" /><ent r="4" t="236" w="601" /><ent r="4" t="236" w="613" /><ent r="4" t="236" w="761" /><ent r="5" t="237" w="357" /><ent r="4" t="240" w="177" /><ent r="4" t="240" w="188" /><ent r="4" t="240" w="398" /><ent r="4" t="240" w="401" /><ent r="4" t="240" w="838" /><ent r="4" t="240" w="849" /><ent r="4" t="240" w="1033" /><ent r="4" t="240" w="1039" /><ent r="4" t="240" w="1055" /><ent r="4" t="240" w="1061" /><ent r="4" t="240" w="1213" /><ent r="4" t="240" w="1219" /><ent r="4" t="240" w="1235" /><ent r="4" t="240" w="1241" /><ent r="4" t="240" w="1254" /><ent r="4" t="240" w="1257" /><ent r="4" t="241" w="147" /><ent r="4" t="241" w="171" /><ent r="4" t="241" w="178" /><ent r="4" t="241" w="234" /><ent r="4" t="241" w="260" /><ent r="4" t="241" w="274" /><ent r="4" t="244" w="230" /><ent r="4" t="244" w="261" /><ent r="4" t="250" w="78" /><ent r="4" t="250" w="81" /><ent r="4" t="251" w="69" /><ent r="4" t="251" w="72" /><ent r="4" t="251" w="79" /><ent r="4" t="251" w="304" /><ent r="4" t="251" w="313" /><ent r="4" t="251" w="336" /><ent r="4" t="253" w="69" /><ent r="4" t="253" w="94" /><ent r="4" t="253" w="103" /><ent r="4" t="253" w="140" /><ent r="4" t="253" w="349" /><ent r="4" t="253" w="371" /><ent r="4" t="253" w="394" /><ent r="4" t="254" w="73" /><ent r="4" t="254" w="134" /><ent r="4" t="254" w="154" /><ent r="4" t="256" w="102" /><ent r="4" t="256" w="124" /><ent r="4" t="256" w="250" /><ent r="4" t="256" w="272" /><ent r="4" t="257" w="272" /><ent r="4" t="257" w="282" /><ent r="4" t="257" w="294" /><ent r="4" t="257" w="348" /><ent r="4" t="257" w="365" /><ent r="4" t="257" w="443" /><ent r="4" t="257" w="463" /><ent r="4" t="257" w="492" /><ent r="4" t="257" w="535" /><ent r="4" t="257" w="538" /><ent r="4" t="259" w="205" /><ent r="4" t="259" w="241" /><ent r="4" t="259" w="258" /><ent r="4" t="260" w="184" /><ent r="4" t="260" w="248" /><ent r="4" t="260" w="257" /><ent r="4" t="260" w="268" /><ent r="4" t="260" w="377" /><ent r="4" t="262" w="195" /><ent r="4" t="263" w="112" /><ent r="4" t="263" w="125" /><ent r="4" t="263" w="128" /><ent r="4" t="263" w="135" /><ent r="4" t="263" w="252" /><ent r="4" t="263" w="548" /><ent r="4" t="263" w="556" /><ent r="4" t="264" w="39" /><ent r="4" t="264" w="45" /><ent r="4" t="264" w="177" /><ent r="4" t="264" w="205" /><ent r="4" t="264" w="208" /><ent r="4" t="264" w="215" /><ent r="4" t="265" w="158" /><ent r="4" t="265" w="184" /><ent r="4" t="265" w="196" /><ent r="4" t="265" w="212" /><ent r="4" t="265" w="215" /><ent r="4" t="265" w="222" /><ent r="4" t="265" w="230" /><ent r="4" t="265" w="233" /><ent r="4" t="265" w="240" /><ent r="4" t="265" w="267" /><ent r="4" t="265" w="292" /><ent r="4" t="265" w="300" /><ent r="4" t="265" w="311" /><ent r="4" t="265" w="314" /><ent r="4" t="265" w="321" /><ent r="4" t="265" w="329" /><ent r="4" t="265" w="332" /><ent r="4" t="265" w="339" /><ent r="4" t="265" w="346" /><ent r="4" t="265" w="349" /><ent r="4" t="265" w="356" /><ent r="4" t="265" w="481" /><ent r="4" t="265" w="494" /><ent r="4" t="265" w="497" /><ent r="4" t="265" w="507" /><ent r="4" t="265" w="510" /><ent r="4" t="265" w="582" /><ent r="4" t="265" w="695" /><ent r="4" t="265" w="705" /><ent r="4" t="265" w="832" /><ent r="4" t="266" w="260" /><ent r="4" t="266" w="402" /><ent r="4" t="272" w="160" /><ent r="4" t="272" w="185" /><ent r="4" t="272" w="378" /><ent r="4" t="272" w="403" /><ent r="4" t="272" w="420" /><ent r="4" t="275" w="161" /><ent r="4" t="275" w="224" /><ent r="4" t="275" w="238" /><ent r="4" t="275" w="483" /><ent r="4" t="281" w="336" /><ent r="4" t="281" w="339" /><ent r="4" t="281" w="377" /><ent r="4" t="302" w="135" /><ent r="4" t="302" w="147" /><ent r="4" t="302" w="158" /><ent r="4" t="302" w="179" /></phr></stem></index>