﻿<?xml version="1.0" encoding="utf-8"?><index><stem n="})%&gt;"><phr n="})%&gt;"><ent r="4" t="260" w="271" /></phr></stem><stem n="/td&gt;"><phr n="/td&gt;"><ent r="4" t="260" w="273" /><ent r="4" t="260" w="282" /><ent r="4" t="260" w="291" /></phr></stem><stem n="&lt;/td&gt;"><phr n="&lt;/td&gt;"><ent r="4" t="260" w="273" /><ent r="4" t="260" w="272" /><ent r="4" t="260" w="282" /><ent r="4" t="260" w="281" /><ent r="4" t="260" w="291" /><ent r="4" t="260" w="290" /></phr></stem><stem n="td&gt;"><phr n="td&gt;"><ent r="4" t="260" w="273" /><ent r="4" t="260" w="282" /><ent r="4" t="260" w="291" /></phr></stem><stem n="html.encod"><phr n="Html.Encode"><ent r="4" t="260" w="277" /><ent r="4" t="260" w="276" /><ent r="4" t="260" w="286" /><ent r="4" t="260" w="285" /></phr></stem><stem n=".encode(pilot.name)"><phr n=".Encode(pilot.Name)"><ent r="4" t="260" w="280" /></phr></stem><stem n="pilot.point"><phr n="pilot.Points"><ent r="4" t="260" w="288" /><ent r="4" t="260" w="287" /></phr></stem><stem n=".encode(pilot.points)"><phr n=".Encode(pilot.Points)"><ent r="4" t="260" w="289" /></phr></stem><stem n="/tr&gt;"><phr n="/tr&gt;"><ent r="4" t="260" w="293" /></phr></stem><stem n="&lt;/tr&gt;"><phr n="&lt;/tr&gt;"><ent r="4" t="260" w="293" /><ent r="4" t="260" w="292" /></phr></stem><stem n="tr&gt;"><phr n="tr&gt;"><ent r="4" t="260" w="293" /></phr></stem><stem n="index.aspx"><phr n="Index.aspx"><ent r="4" t="260" w="298" /><ent r="4" t="260" w="297" /></phr></stem><stem n="aspx"><phr n="aspx"><ent r="4" t="260" w="298" /><ent r="64" t="280" w="140" /><ent r="64" t="293" w="79" /><ent r="64" t="293" w="110" /></phr></stem><stem n=".aspx:"><phr n=".aspx:"><ent r="4" t="260" w="299" /></phr></stem><stem n="acceptverb"><phr n="AcceptVerbs"><ent r="4" t="260" w="365" /></phr></stem><stem n="httpverb"><phr n="HttpVerbs"><ent r="4" t="260" w="366" /></phr></stem><stem n="httpverbs.post"><phr n="HttpVerbs.Post"><ent r="4" t="260" w="367" /><ent r="4" t="260" w="366" /></phr></stem><stem n="[acceptverbs(httpverbs.post)]"><phr n="[AcceptVerbs(HttpVerbs.Post)]"><ent r="4" t="260" w="368" /></phr></stem><stem n="(guid"><phr n="(Guid"><ent r="4" t="260" w="373" /></phr></stem><stem n="editedpilot"><phr n="editedPilot"><ent r="4" t="260" w="376" /><ent r="4" t="260" w="383" /><ent r="4" t="260" w="387" /></phr></stem><stem n="databasepilot"><phr n="databasePilot"><ent r="4" t="260" w="378" /><ent r="4" t="260" w="381" /><ent r="4" t="260" w="385" /><ent r="4" t="260" w="392" /></phr></stem><stem n="getpilotbyid"><phr n="GetPilotById"><ent r="4" t="260" w="379" /></phr></stem><stem n="(id);"><phr n="(id);"><ent r="4" t="260" w="381" /></phr></stem><stem n="databasepilot.nam"><phr n="databasePilot.Name"><ent r="4" t="260" w="382" /><ent r="4" t="260" w="381" /></phr></stem><stem n="editedpilot.nam"><phr n="editedPilot.Name"><ent r="4" t="260" w="384" /><ent r="4" t="260" w="383" /></phr></stem><stem n="databasepilot.point"><phr n="databasePilot.Points"><ent r="4" t="260" w="386" /><ent r="4" t="260" w="385" /></phr></stem><stem n="editedpilot.point"><phr n="editedPilot.Points"><ent r="4" t="260" w="388" /><ent r="4" t="260" w="387" /></phr></stem><stem n="db4oprovider.database.stor"><phr n="Db4oProvider.Database.Store"><ent r="4" t="260" w="391" /><ent r="4" t="260" w="389" /></phr></stem><stem n=".database.store(databasepilot);"><phr n=".Database.Store(databasePilot);"><ent r="4" t="260" w="393" /></phr></stem><stem n="redirecttoact"><phr n="RedirectToAction"><ent r="4" t="260" w="396" /></phr></stem><stem n="&quot;index&quot;"><phr n="&quot;Index&quot;"><ent r="5" t="260" w="399" /></phr></stem><stem n="min"><phr n="min"><ent r="3" t="261" w="61" /></phr></stem><stem n="(select"><phr n="(SELECT"><ent r="3" t="261" w="71" /></phr></stem><stem n="bean"><phr n="Beans"><ent r="3" t="261" w="124" /></phr><phr n="bean"><ent r="3" t="315" w="158" /></phr></stem><stem n="ms"><phr n="MS"><ent r="4" t="261" w="139" /><ent r="64" t="261" w="148" /><ent r="1000" t="262" w="4" /><ent r="102" t="262" w="11" /></phr></stem><stem n="viewer"><phr n="Viewer"><ent r="4" t="261" w="141" /><ent r="64" t="261" w="150" /><ent r="1000" t="262" w="6" /><ent r="102" t="262" w="13" /><ent r="3" t="289" w="167" /></phr><phr n="viewer"><ent r="3" t="262" w="30" /><ent r="3" t="262" w="150" /><ent r="5" t="262" w="276" /></phr></stem><stem n="&quot;report"><phr n="&quot;Reporting"><ent r="64" t="261" w="145" /></phr><phr n="&quot;Report"><ent r="64" t="281" w="73" /></phr></stem><stem n="jasper"><phr n="Jasper"><ent r="64" t="261" w="156" /><ent r="1000" t="315" w="3" /><ent r="102" t="315" w="9" /><ent r="3" t="315" w="20" /><ent r="64" t="315" w="36" /><ent r="3" t="315" w="46" /><ent r="64" t="315" w="188" /></phr></stem><stem n="denorm"><phr n="denormalize"><ent r="3" t="261" w="263" /></phr></stem><stem n="restructur"><phr n="restructure"><ent r="3" t="261" w="265" /></phr></stem><stem n="illustr"><phr n="illustrates"><ent r="3" t="262" w="17" /><ent r="3" t="315" w="15" /></phr></stem><stem n="'report"><phr n="'Report"><ent r="3" t="262" w="79" /></phr></stem><stem n="datasourc"><phr n="datasource"><ent r="3" t="262" w="86" /><ent r="3" t="262" w="139" /><ent r="5" t="262" w="204" /></phr><phr n="DataSources"><ent r="4" t="262" w="221" /></phr><phr n="datasources"><ent r="3" t="315" w="184" /></phr></stem><stem n="put"><phr n="put"><ent r="3" t="262" w="132" /><ent r="3" t="290" w="129" /><ent r="3" t="301" w="199" /></phr><phr n="Put"><ent r="5" t="262" w="199" /><ent r="3" t="297" w="602" /></phr></stem><stem n="datatoshow"><phr n="dataToShow"><ent r="4" t="262" w="164" /><ent r="4" t="262" w="230" /></phr></stem><stem n="p.firstnam"><phr n="p.FirstName"><ent r="4" t="262" w="178" /><ent r="4" t="262" w="177" /><ent r="4" t="266" w="384" /><ent r="4" t="266" w="383" /><ent r="4" t="266" w="441" /><ent r="4" t="266" w="440" /></phr></stem><stem n="firstnam"><phr n="FirstName"><ent r="4" t="262" w="178" /><ent r="3" t="264" w="131" /><ent r="3" t="264" w="161" /><ent r="4" t="264" w="169" /><ent r="4" t="266" w="265" /><ent r="4" t="266" w="298" /><ent r="4" t="266" w="384" /><ent r="4" t="266" w="441" /></phr></stem><stem n="p.firstname.contain"><phr n="p.FirstName.Contains"><ent r="4" t="262" w="179" /><ent r="4" t="262" w="177" /><ent r="4" t="266" w="385" /><ent r="4" t="266" w="383" /><ent r="4" t="266" w="442" /><ent r="4" t="266" w="440" /></phr></stem><stem n=".firstname.contains("><phr n=".FirstName.Contains("><ent r="4" t="262" w="180" /><ent r="4" t="266" w="386" /><ent r="4" t="266" w="443" /></phr></stem><stem n="&quot;o&quot;"><phr n="&quot;o&quot;"><ent r="5" t="262" w="182" /></phr></stem><stem n="reportview"><phr n="reportViewer"><ent r="4" t="262" w="190" /><ent r="4" t="262" w="219" /><ent r="4" t="262" w="231" /><ent r="4" t="262" w="244" /><ent r="5" t="262" w="261" /><ent r="4" t="262" w="285" /><ent r="4" t="262" w="286" /></phr><phr n="ReportViewer"><ent r="4" t="262" w="194" /></phr></stem><stem n="processingmod"><phr n="ProcessingMode"><ent r="4" t="262" w="195" /><ent r="4" t="262" w="196" /></phr></stem><stem n=".local"><phr n=".Local"><ent r="4" t="262" w="197" /></phr></stem><stem n="processingmode.loc"><phr n="ProcessingMode.Local"><ent r="4" t="262" w="197" /><ent r="4" t="262" w="196" /></phr></stem><stem n="maindata"><phr n="MainData"><ent r="5" t="262" w="217" /><ent r="5" t="262" w="228" /></phr></stem><stem n="'maindata'"><phr n="'MainData'"><ent r="5" t="262" w="218" /></phr></stem><stem n="reportviewer.localreport"><phr n="reportViewer.LocalReport"><ent r="4" t="262" w="220" /><ent r="4" t="262" w="219" /><ent r="4" t="262" w="245" /><ent r="4" t="262" w="244" /><ent r="5" t="262" w="262" /><ent r="5" t="262" w="261" /></phr></stem><stem n="localreport"><phr n="LocalReport"><ent r="4" t="262" w="220" /><ent r="4" t="262" w="245" /><ent r="5" t="262" w="262" /></phr></stem><stem n="reportviewer.localreport.datasourc"><phr n="reportViewer.LocalReport.DataSources"><ent r="4" t="262" w="221" /><ent r="4" t="262" w="219" /></phr></stem><stem n="reportviewer.localreport.datasources.add"><phr n="reportViewer.LocalReport.DataSources.Add"><ent r="4" t="262" w="222" /><ent r="4" t="262" w="219" /></phr></stem><stem n=".localreport.datasources.add("><phr n=".LocalReport.DataSources.Add("><ent r="4" t="262" w="223" /></phr></stem><stem n="reportdatasourc"><phr n="ReportDataSource"><ent r="4" t="262" w="226" /></phr></stem><stem n="&quot;maindata&quot;"><phr n="&quot;MainData&quot;"><ent r="5" t="262" w="229" /></phr></stem><stem n=".dock"><phr n=".Dock"><ent r="4" t="262" w="232" /></phr></stem><stem n="reportviewer.dock"><phr n="reportViewer.Dock"><ent r="4" t="262" w="232" /><ent r="4" t="262" w="231" /></phr></stem><stem n="dock"><phr n="Dock"><ent r="4" t="262" w="232" /></phr></stem><stem n="dockstyl"><phr n="DockStyle"><ent r="4" t="262" w="233" /></phr></stem><stem n="dockstyle.fil"><phr n="DockStyle.Fill"><ent r="4" t="262" w="234" /><ent r="4" t="262" w="233" /></phr></stem><stem n=".fill;"><phr n=".Fill;"><ent r="4" t="262" w="235" /></phr></stem><stem n=".localreport.reportembeddedresourc"><phr n=".LocalReport.ReportEmbeddedResource"><ent r="4" t="262" w="246" /></phr></stem><stem n="reportviewer.localreport.reportembeddedresourc"><phr n="reportViewer.LocalReport.ReportEmbeddedResource"><ent r="4" t="262" w="246" /><ent r="4" t="262" w="244" /></phr></stem><stem n="reportembeddedresourc"><phr n="ReportEmbeddedResource"><ent r="4" t="262" w="246" /></phr></stem><stem n="db4odoc.code.report"><phr n="Db4oDoc.Code.Reporting"><ent r="5" t="262" w="250" /><ent r="5" t="262" w="248" /></phr></stem><stem n="db4odoc.code.reporting.examplereport"><phr n="Db4oDoc.Code.Reporting.ExampleReport"><ent r="5" t="262" w="251" /><ent r="5" t="262" w="248" /></phr></stem><stem n="examplereport"><phr n="ExampleReport"><ent r="5" t="262" w="251" /></phr></stem><stem n="db4odoc.code.reporting.examplereport.rdlc"><phr n="Db4oDoc.Code.Reporting.ExampleReport.rdlc"><ent r="5" t="262" w="252" /><ent r="5" t="262" w="248" /></phr></stem><stem n="rdlc"><phr n="rdlc"><ent r="5" t="262" w="252" /></phr></stem><stem n="&quot;db4odoc.code.reporting.examplereport.rdlc&quot;"><phr n="&quot;Db4oDoc.Code.Reporting.ExampleReport.rdlc&quot;"><ent r="5" t="262" w="253" /></phr></stem><stem n=".localreport.reportpath"><phr n=".LocalReport.ReportPath"><ent r="5" t="262" w="263" /></phr></stem><stem n="reportviewer.localreport.reportpath"><phr n="reportViewer.LocalReport.ReportPath"><ent r="5" t="262" w="263" /><ent r="5" t="262" w="261" /></phr></stem><stem n="reportpath"><phr n="ReportPath"><ent r="5" t="262" w="263" /></phr></stem><stem n="path/to"><phr n="path/to"><ent r="5" t="262" w="265" /><ent r="5" t="262" w="264" /></phr></stem><stem n="path/to/your"><phr n="path/to/your"><ent r="5" t="262" w="266" /><ent r="5" t="262" w="264" /></phr></stem><stem n="path/to/your/report"><phr n="path/to/your/report"><ent r="5" t="262" w="267" /><ent r="5" t="262" w="264" /></phr></stem><stem n="&quot;path/to/your/report&quot;;"><phr n="&quot;path/to/your/report&quot;;"><ent r="5" t="262" w="268" /></phr></stem><stem n="controls.add"><phr n="Controls.Add"><ent r="4" t="262" w="284" /><ent r="4" t="262" w="283" /></phr></stem><stem n=".controls.add(reportviewer);"><phr n=".Controls.Add(reportViewer);"><ent r="4" t="262" w="286" /></phr></stem><stem n="reportviewer.refreshreport"><phr n="reportViewer.RefreshReport"><ent r="4" t="262" w="287" /><ent r="4" t="262" w="286" /></phr></stem><stem n="refreshreport"><phr n="RefreshReport"><ent r="4" t="262" w="287" /></phr></stem><stem n=".refreshreport();"><phr n=".RefreshReport();"><ent r="4" t="262" w="288" /></phr></stem><stem n="reportform"><phr n="ReportForm"><ent r="4" t="262" w="289" /></phr></stem><stem n="reportform.c"><phr n="ReportForm.cs"><ent r="4" t="262" w="290" /><ent r="4" t="262" w="289" /></phr></stem><stem n="-valid"><phr n="-Validator"><ent r="65" t="263" w="55" /><ent r="65" t="263" w="55" /></phr></stem><stem n="hibernate-valid"><phr n="Hibernate-Validator"><ent r="65" t="263" w="55" /></phr></stem><stem n="[required]"><phr n="[Required]"><ent r="4" t="263" w="119" /></phr></stem><stem n="datavalid"><phr n="DataValidation"><ent r="4" t="263" w="138" /><ent r="4" t="263" w="213" /><ent r="4" t="263" w="285" /><ent r="4" t="263" w="361" /><ent r="4" t="263" w="386" /><ent r="4" t="263" w="432" /><ent r="4" t="263" w="493" /><ent r="4" t="263" w="522" /><ent r="4" t="263" w="567" /><ent r="4" t="263" w="630" /></phr></stem><stem n="datavalidation.c"><phr n="DataValidation.cs"><ent r="4" t="263" w="139" /><ent r="4" t="263" w="138" /><ent r="4" t="263" w="286" /><ent r="4" t="263" w="285" /><ent r="4" t="263" w="387" /><ent r="4" t="263" w="386" /><ent r="4" t="263" w="494" /><ent r="4" t="263" w="493" /><ent r="4" t="263" w="568" /><ent r="4" t="263" w="567" /></phr></stem><stem n="&lt;requir"><phr n="&lt;Required"><ent r="4" t="263" w="162" /></phr></stem><stem n="datavalidation.vb"><phr n="DataValidation.vb"><ent r="4" t="263" w="214" /><ent r="4" t="263" w="213" /><ent r="4" t="263" w="362" /><ent r="4" t="263" w="361" /><ent r="4" t="263" w="433" /><ent r="4" t="263" w="432" /><ent r="4" t="263" w="523" /><ent r="4" t="263" w="522" /><ent r="4" t="263" w="631" /><ent r="4" t="263" w="630" /></phr></stem><stem n="validateobject"><phr n="ValidateObject"><ent r="4" t="263" w="245" /><ent r="4" t="263" w="277" /><ent r="4" t="263" w="302" /><ent r="4" t="263" w="349" /><ent r="4" t="263" w="380" /><ent r="4" t="263" w="384" /><ent r="4" t="263" w="421" /><ent r="4" t="263" w="430" /></phr></stem><stem n="eventinfo"><phr n="eventInfo"><ent r="4" t="263" w="251" /><ent r="4" t="263" w="258" /><ent r="4" t="263" w="278" /><ent r="4" t="263" w="315" /><ent r="4" t="263" w="330" /><ent r="4" t="263" w="350" /></phr></stem><stem n="validationcontext"><phr n="ValidationContext"><ent r="4" t="263" w="252" /><ent r="4" t="263" w="257" /><ent r="4" t="263" w="329" /></phr></stem><stem n="eventinfo.object"><phr n="eventInfo.Object"><ent r="4" t="263" w="259" /><ent r="4" t="263" w="258" /><ent r="4" t="263" w="279" /><ent r="4" t="263" w="278" /><ent r="4" t="263" w="331" /><ent r="4" t="263" w="330" /><ent r="4" t="263" w="351" /><ent r="4" t="263" w="350" /></phr></stem><stem n="eventinfo.object,"><phr n="eventInfo.Object,"><ent r="4" t="263" w="259" /><ent r="4" t="263" w="258" /><ent r="4" t="263" w="279" /><ent r="4" t="263" w="278" /><ent r="4" t="263" w="331" /><ent r="4" t="263" w="330" /><ent r="4" t="263" w="351" /><ent r="4" t="263" w="350" /></phr></stem><stem n="(eventinfo.object,"><phr n="(eventInfo.Object,"><ent r="4" t="263" w="260" /><ent r="4" t="263" w="332" /></phr></stem><stem n="validator.validateobject"><phr n="Validator.ValidateObject"><ent r="4" t="263" w="277" /><ent r="4" t="263" w="276" /><ent r="4" t="263" w="349" /><ent r="4" t="263" w="348" /></phr></stem><stem n=".validateobject(eventinfo.object,"><phr n=".ValidateObject(eventInfo.Object,"><ent r="4" t="263" w="280" /><ent r="4" t="263" w="352" /></phr></stem><stem n="'thi"><phr n="'This"><ent r="5" t="263" w="339" /></phr></stem><stem n="events.upd"><phr n="events.Updating"><ent r="4" t="263" w="382" /><ent r="4" t="263" w="381" /><ent r="4" t="263" w="426" /><ent r="4" t="263" w="425" /></phr></stem><stem n="events.updating,"><phr n="events.Updating,"><ent r="4" t="263" w="426" /><ent r="4" t="263" w="425" /></phr></stem><stem n=".updating,"><phr n=".Updating,"><ent r="4" t="263" w="427" /></phr></stem><stem n="{name"><phr n="{Name"><ent r="4" t="263" w="485" /><ent r="4" t="263" w="542" /></phr></stem><stem n="otherpilot"><phr n="otherPilot"><ent r="4" t="263" w="537" /><ent r="4" t="263" w="550" /><ent r="4" t="263" w="584" /><ent r="4" t="263" w="589" /><ent r="4" t="263" w="597" /></phr></stem><stem n=".store(otherpilot);"><phr n=".Store(otherPilot);"><ent r="4" t="263" w="551" /></phr></stem><stem n="(eventexcept"><phr n="(EventException"><ent r="4" t="263" w="554" /></phr></stem><stem n="validationexcept"><phr n="ValidationException"><ent r="4" t="263" w="556" /><ent r="4" t="263" w="558" /><ent r="4" t="263" w="613" /><ent r="4" t="263" w="619" /></phr></stem><stem n="(validationexception)"><phr n="(ValidationException)"><ent r="4" t="263" w="559" /></phr></stem><stem n="e.innerexcept"><phr n="e.InnerException"><ent r="4" t="263" w="560" /><ent r="4" t="263" w="559" /><ent r="4" t="263" w="618" /><ent r="4" t="263" w="617" /></phr></stem><stem n="innerexcept"><phr n="InnerException"><ent r="4" t="263" w="560" /><ent r="4" t="263" w="618" /></phr></stem><stem n=".innerexception;"><phr n=".InnerException;"><ent r="4" t="263" w="561" /></phr></stem><stem n="cause.validationresult"><phr n="cause.ValidationResult"><ent r="4" t="263" w="564" /><ent r="4" t="263" w="563" /><ent r="4" t="263" w="623" /><ent r="4" t="263" w="622" /></phr></stem><stem n="validationresult"><phr n="ValidationResult"><ent r="4" t="263" w="564" /><ent r="4" t="263" w="623" /></phr></stem><stem n="cause.validationresult.errormessag"><phr n="cause.ValidationResult.ErrorMessage"><ent r="4" t="263" w="565" /><ent r="4" t="263" w="563" /><ent r="4" t="263" w="624" /><ent r="4" t="263" w="622" /></phr></stem><stem n="errormessag"><phr n="ErrorMessage"><ent r="4" t="263" w="565" /><ent r="4" t="263" w="624" /></phr></stem><stem n=".writeline(cause.validationresult.errormessage);"><phr n=".WriteLine(cause.ValidationResult.ErrorMessage);"><ent r="4" t="263" w="566" /></phr></stem><stem n="otherpilot.nam"><phr n="otherPilot.Name"><ent r="4" t="263" w="590" /><ent r="4" t="263" w="589" /></phr></stem><stem n=".store(otherpilot)"><phr n=".Store(otherPilot)"><ent r="4" t="263" w="598" /></phr></stem><stem n="e.innerexception,"><phr n="e.InnerException,"><ent r="4" t="263" w="618" /><ent r="4" t="263" w="617" /></phr></stem><stem n="(e.innerexception,"><phr n="(e.InnerException,"><ent r="4" t="263" w="619" /></phr></stem><stem n=".writeline(cause.validationresult.errormessage)"><phr n=".WriteLine(cause.ValidationResult.ErrorMessage)"><ent r="4" t="263" w="625" /></phr></stem><stem n="variabl"><phr n="variables"><ent r="3" t="264" w="24" /><ent r="3" t="306" w="309" /></phr></stem><stem n="autoproperti"><phr n="AutoProperties"><ent r="4" t="264" w="52" /><ent r="4" t="264" w="83" /><ent r="4" t="264" w="218" /><ent r="4" t="264" w="292" /><ent r="4" t="264" w="398" /><ent r="4" t="264" w="435" /></phr></stem><stem n="autoproperties.c"><phr n="AutoProperties.cs"><ent r="4" t="264" w="53" /><ent r="4" t="264" w="52" /><ent r="4" t="264" w="219" /><ent r="4" t="264" w="218" /><ent r="4" t="264" w="399" /><ent r="4" t="264" w="398" /></phr></stem><stem n="autoproperties.vb"><phr n="AutoProperties.vb"><ent r="4" t="264" w="84" /><ent r="4" t="264" w="83" /><ent r="4" t="264" w="293" /><ent r="4" t="264" w="292" /><ent r="4" t="264" w="436" /><ent r="4" t="264" w="435" /></phr></stem><stem n="scene"><phr n="scenes"><ent r="3" t="264" w="96" /><ent r="4" t="264" w="224" /><ent r="4" t="264" w="298" /></phr></stem><stem n="&lt;propertyname&gt;k"><phr n="&lt;PropertyName&gt;k"><ent r="4" t="264" w="124" /></phr></stem><stem n="__backingfield"><phr n="__BackingField"><ent r="4" t="264" w="125" /><ent r="4" t="264" w="140" /><ent r="5" t="264" w="183" /></phr></stem><stem n="backingfield"><phr n="BackingField"><ent r="4" t="264" w="125" /><ent r="4" t="264" w="140" /><ent r="5" t="264" w="183" /><ent r="5" t="264" w="391" /></phr></stem><stem n="&lt;firstname&gt;k"><phr n="&lt;FirstName&gt;k"><ent r="4" t="264" w="139" /></phr></stem><stem n="_propertynam"><phr n="_PropertyName"><ent r="4" t="264" w="155" /></phr></stem><stem n="propertynam"><phr n="PropertyName"><ent r="4" t="264" w="155" /></phr></stem><stem n="_firstnam"><phr n="_FirstName"><ent r="4" t="264" w="169" /></phr></stem><stem n="&lt;name&gt;k"><phr n="&lt;Name&gt;k"><ent r="5" t="264" w="182" /><ent r="5" t="264" w="390" /></phr></stem><stem n="&quot;&lt;name&gt;k__backingfield&quot;"><phr n="&quot;&lt;Name&gt;k__BackingField&quot;"><ent r="5" t="264" w="392" /></phr></stem><stem n="&quot;_name&quot;"><phr n="&quot;_Name&quot;"><ent r="5" t="264" w="429" /></phr></stem><stem n="wcf"><phr n="WCF"><ent r="1000" t="265" w="1" /><ent r="100" t="265" w="10" /><ent r="102" t="265" w="19" /><ent r="3" t="265" w="29" /><ent r="64" t="265" w="54" /><ent r="5" t="265" w="179" /><ent r="3" t="265" w="633" /><ent r="4" t="304" w="145" /><ent r="4" t="304" w="158" /></phr></stem><stem n="(aka"><phr n="(aka"><ent r="1000" t="265" w="4" /><ent r="102" t="265" w="22" /></phr></stem><stem n="aka"><phr n="aka"><ent r="1000" t="265" w="4" /><ent r="102" t="265" w="22" /></phr></stem><stem n="ado"><phr n="ADO"><ent r="1000" t="265" w="5" /><ent r="100" t="265" w="14" /><ent r="102" t="265" w="23" /><ent r="3" t="265" w="642" /><ent r="4" t="308" w="176" /><ent r="4" t="308" w="210" /></phr></stem><stem n="ado.net"><phr n="ADO.NET"><ent r="1000" t="265" w="6" /><ent r="1000" t="265" w="5" /><ent r="100" t="265" w="15" /><ent r="100" t="265" w="14" /><ent r="102" t="265" w="24" /><ent r="102" t="265" w="23" /><ent r="3" t="265" w="643" /><ent r="3" t="265" w="642" /><ent r="4" t="308" w="177" /><ent r="4" t="308" w="176" /><ent r="4" t="308" w="211" /><ent r="4" t="308" w="210" /></phr></stem><stem n="expos"><phr n="expose"><ent r="3" t="265" w="36" /><ent r="3" t="265" w="460" /><ent r="3" t="265" w="468" /></phr></stem><stem n="iupdat"><phr n="IUpdatable"><ent r="3" t="265" w="81" /><ent r="3" t="265" w="114" /></phr></stem><stem n="db4objects.db4o.data"><phr n="Db4objects.Db4o.Data"><ent r="3" t="265" w="100" /><ent r="3" t="265" w="98" /><ent r="4" t="304" w="139" /><ent r="4" t="304" w="137" /><ent r="4" t="304" w="151" /><ent r="4" t="304" w="149" /><ent r="93" t="308" w="168" /><ent r="93" t="308" w="166" /></phr></stem><stem n="db4objects.db4o.data.servic"><phr n="Db4objects.Db4o.Data.Services"><ent r="3" t="265" w="101" /><ent r="3" t="265" w="98" /><ent r="4" t="304" w="140" /><ent r="4" t="304" w="137" /><ent r="4" t="304" w="152" /><ent r="4" t="304" w="149" /><ent r="93" t="308" w="169" /><ent r="93" t="308" w="166" /></phr></stem><stem n="db4objects.db4o.data.services.dl"><phr n="Db4objects.Db4o.Data.Services.dll"><ent r="3" t="265" w="102" /><ent r="3" t="265" w="98" /><ent r="93" t="308" w="170" /><ent r="93" t="308" w="166" /></phr></stem><stem n="db4objects.db4o.data.services.dll."><phr n="Db4objects.Db4o.Data.Services.dll."><ent r="3" t="265" w="102" /><ent r="3" t="265" w="98" /></phr></stem><stem n=".db4o.data.services.dll."><phr n=".Db4o.Data.Services.dll."><ent r="3" t="265" w="103" /></phr></stem><stem n="linq-provid"><phr n="LINQ-provider"><ent r="3" t="265" w="108" /></phr></stem><stem n="-provider,"><phr n="-provider,"><ent r="3" t="265" w="110" /><ent r="3" t="265" w="110" /></phr></stem><stem n="prepar"><phr n="Preparing"><ent r="92" t="265" w="116" /></phr><phr n="Preparation"><ent r="92" t="306" w="390" /></phr><phr n="preparation"><ent r="3" t="306" w="399" /></phr><phr n="prepare"><ent r="3" t="307" w="12" /></phr></stem><stem n="dataservicekei"><phr n="DataServiceKey"><ent r="4" t="265" w="148" /><ent r="4" t="265" w="257" /></phr></stem><stem n="[dataservicekey("><phr n="[DataServiceKey("><ent r="4" t="265" w="149" /><ent r="4" t="265" w="258" /></phr></stem><stem n="email"><phr n="Email"><ent r="5" t="265" w="150" /><ent r="4" t="265" w="229" /></phr><phr n="email"><ent r="4" t="265" w="169" /><ent r="4" t="265" w="191" /><ent r="4" t="265" w="199" /><ent r="4" t="265" w="200" /><ent r="4" t="265" w="236" /><ent r="4" t="265" w="240" /></phr></stem><stem n="&quot;email&quot;"><phr n="&quot;Email&quot;"><ent r="5" t="265" w="151" /></phr></stem><stem n=".email"><phr n=".email"><ent r="4" t="265" w="199" /></phr></stem><stem n="teamnam"><phr n="TeamName"><ent r="5" t="265" w="259" /><ent r="4" t="265" w="310" /><ent r="4" t="265" w="836" /></phr><phr n="teamName"><ent r="4" t="265" w="272" /><ent r="4" t="265" w="299" /><ent r="4" t="265" w="303" /><ent r="4" t="265" w="304" /><ent r="4" t="265" w="317" /><ent r="4" t="265" w="321" /></phr></stem><stem n="&quot;teamname&quot;"><phr n="&quot;TeamName&quot;"><ent r="5" t="265" w="260" /></phr></stem><stem n="motiv"><phr n="motivation"><ent r="4" t="265" w="278" /><ent r="4" t="265" w="335" /><ent r="4" t="265" w="339" /></phr><phr n="Motivation"><ent r="4" t="265" w="328" /></phr></stem><stem n="list&lt;person&gt;"><phr n="List&lt;Person&gt;"><ent r="4" t="265" w="287" /></phr></stem><stem n=".teamnam"><phr n=".teamName"><ent r="4" t="265" w="303" /></phr></stem><stem n="db4odatacontext"><phr n="Db4oDataContext"><ent r="3" t="265" w="391" /><ent r="4" t="265" w="480" /></phr></stem><stem n="opensession-oper"><phr n="OpenSession-operation"><ent r="64" t="265" w="422" /></phr></stem><stem n="teamdatacontext"><phr n="TeamDataContext"><ent r="4" t="265" w="479" /><ent r="4" t="265" w="588" /><ent r="4" t="265" w="813" /></phr></stem><stem n="iqueryable&lt;team&gt;"><phr n="IQueryable&lt;Team&gt;"><ent r="4" t="265" w="505" /></phr></stem><stem n="container.asqueryable&lt;team&gt;"><phr n="Container.AsQueryable&lt;Team&gt;"><ent r="4" t="265" w="514" /><ent r="4" t="265" w="513" /></phr></stem><stem n="asqueryable&lt;team&gt;"><phr n="AsQueryable&lt;Team&gt;"><ent r="4" t="265" w="514" /></phr></stem><stem n=".asqueryable&lt;team&gt;();"><phr n=".AsQueryable&lt;Team&gt;();"><ent r="4" t="265" w="515" /></phr></stem><stem n="practis"><phr n="practise"><ent r="5" t="265" w="533" /></phr></stem><stem n="&lt;see"><phr n="&lt;see"><ent r="5" t="265" w="551" /><ent r="5" t="265" w="556" /><ent r="5" t="265" w="561" /></phr></stem><stem n="cref"><phr n="cref"><ent r="5" t="265" w="552" /><ent r="5" t="265" w="557" /><ent r="5" t="265" w="562" /></phr></stem><stem n="=&quot;iobjectcontainer&quot;/&gt;"><phr n="=&quot;IObjectContainer&quot;/&gt;"><ent r="5" t="265" w="554" /></phr></stem><stem n=".&lt;see"><phr n=".&lt;see"><ent r="5" t="265" w="556" /></phr></stem><stem n="iobjectcontainer.ext"><phr n="IObjectContainer.Ext"><ent r="5" t="265" w="559" /><ent r="5" t="265" w="558" /></phr></stem><stem n="=&quot;iobjectcontainer.ext&quot;/&gt;.&lt;se"><phr n="=&quot;IObjectContainer.Ext&quot;/&gt;.&lt;see"><ent r="5" t="265" w="561" /></phr></stem><stem n="&gt;.&lt;see"><phr n="&gt;.&lt;see"><ent r="5" t="265" w="561" /><ent r="5" t="265" w="560" /></phr></stem><stem n="iextobjectcontain"><phr n="IExtObjectContainer"><ent r="5" t="265" w="563" /></phr></stem><stem n="iextobjectcontainer.opensess"><phr n="IExtObjectContainer.OpenSession"><ent r="5" t="265" w="564" /><ent r="5" t="265" w="563" /></phr></stem><stem n="=&quot;iextobjectcontainer.opensession&quot;/&gt;"><phr n="=&quot;IExtObjectContainer.OpenSession&quot;/&gt;"><ent r="5" t="265" w="565" /></phr></stem><stem n="db4oembedded.newsess"><phr n="Db4oEmbedded.NewSession"><ent r="4" t="265" w="586" /><ent r="4" t="265" w="585" /></phr></stem><stem n="newsess"><phr n="NewSession"><ent r="4" t="265" w="586" /></phr></stem><stem n=".newsession();"><phr n=".NewSession();"><ent r="4" t="265" w="587" /></phr></stem><stem n="teamdatacontext.c"><phr n="TeamDataContext.cs"><ent r="4" t="265" w="589" /><ent r="4" t="265" w="588" /></phr></stem><stem n="assist"><phr n="assist"><ent r="3" t="265" w="616" /></phr><phr n="assistant"><ent r="3" t="265" w="775" /></phr></stem><stem n="'add'-&gt;"><phr n="'Add'-&gt;"><ent r="3" t="265" w="627" /></phr></stem><stem n="'new"><phr n="'New"><ent r="3" t="265" w="628" /></phr></stem><stem n="'wcf"><phr n="'WCF"><ent r="3" t="265" w="633" /></phr></stem><stem n="'ado.net"><phr n="'ADO.NET"><ent r="3" t="265" w="643" /></phr></stem><stem n="parameter"><phr n="parameterize"><ent r="3" t="265" w="656" /></phr></stem><stem n="teamdataservic"><phr n="TeamDataService"><ent r="4" t="265" w="693" /><ent r="4" t="265" w="718" /><ent r="5" t="265" w="803" /></phr></stem><stem n="dataservice&lt;teamdatacontext&gt;"><phr n="DataService&lt;TeamDataContext&gt;"><ent r="4" t="265" w="694" /></phr></stem><stem n="initializeservic"><phr n="InitializeService"><ent r="4" t="265" w="702" /></phr></stem><stem n="(dataserviceconfigur"><phr n="(DataServiceConfiguration"><ent r="4" t="265" w="703" /></phr></stem><stem n="dataserviceconfigur"><phr n="DataServiceConfiguration"><ent r="4" t="265" w="703" /></phr></stem><stem n="config.setentitysetaccessrul"><phr n="config.SetEntitySetAccessRule"><ent r="4" t="265" w="706" /><ent r="4" t="265" w="705" /></phr></stem></index>