﻿<?xml version="1.0" encoding="utf-8"?><index><stem n=".linq"><phr n=".Linq"><ent r="4" t="12" w="108" /></phr></stem><stem n=".db4o.linq"><phr n=".Db4o.Linq"><ent r="4" t="12" w="114" /></phr></stem><stem n="linqexamples.vb"><phr n="LinqExamples.vb"><ent r="4" t="12" w="117" /><ent r="4" t="12" w="116" /><ent r="4" t="12" w="189" /><ent r="4" t="12" w="188" /><ent r="4" t="12" w="370" /><ent r="4" t="12" w="369" /><ent r="4" t="13" w="105" /><ent r="4" t="13" w="104" /><ent r="4" t="13" w="199" /><ent r="4" t="13" w="198" /><ent r="4" t="13" w="288" /><ent r="4" t="13" w="287" /><ent r="4" t="13" w="395" /><ent r="4" t="13" w="394" /><ent r="4" t="13" w="514" /><ent r="4" t="13" w="513" /><ent r="4" t="15" w="208" /><ent r="4" t="15" w="207" /><ent r="4" t="15" w="311" /><ent r="4" t="15" w="310" /><ent r="4" t="15" w="587" /><ent r="4" t="15" w="586" /><ent r="4" t="15" w="770" /><ent r="4" t="15" w="769" /></phr></stem><stem n="-queri"><phr n="-Query"><ent r="3" t="12" w="137" /><ent r="3" t="12" w="137" /></phr><phr n="-Queries"><ent r="82" t="14" w="526" /><ent r="82" t="14" w="526" /><ent r="65" t="26" w="136" /><ent r="65" t="26" w="136" /><ent r="82" t="31" w="455" /><ent r="82" t="31" w="455" /><ent r="92" t="283" w="362" /><ent r="92" t="283" w="362" /></phr><phr n="-queries"><ent r="64" t="18" w="862" /><ent r="64" t="18" w="862" /><ent r="65" t="26" w="126" /><ent r="65" t="26" w="126" /><ent r="3" t="29" w="12" /><ent r="3" t="29" w="12" /></phr><phr n="-query"><ent r="3" t="27" w="14" /><ent r="3" t="27" w="14" /><ent r="64" t="240" w="124" /><ent r="64" t="240" w="124" /><ent r="64" t="240" w="799" /><ent r="64" t="240" w="799" /><ent r="64" t="240" w="986" /><ent r="64" t="240" w="986" /></phr></stem><stem n="linq-queri"><phr n="LINQ-Query"><ent r="3" t="12" w="137" /></phr><phr n="LINQ-Queries"><ent r="100" t="14" w="9" /></phr><phr n="LINQ-queries"><ent r="65" t="26" w="126" /><ent r="3" t="134" w="291" /></phr><phr n="LINQ-query"><ent r="3" t="134" w="312" /></phr></stem><stem n="allperson"><phr n="allPersons"><ent r="4" t="12" w="146" /><ent r="4" t="12" w="174" /><ent r="4" t="13" w="62" /><ent r="4" t="13" w="90" /><ent r="4" t="13" w="131" /><ent r="4" t="13" w="169" /><ent r="4" t="13" w="225" /><ent r="4" t="13" w="262" /><ent r="4" t="13" w="319" /><ent r="4" t="13" w="362" /></phr></stem><stem n="person"><phr n="Person"><ent r="4" t="12" w="150" /><ent r="4" t="12" w="333" /><ent r="4" t="12" w="337" /><ent r="4" t="13" w="66" /><ent r="4" t="13" w="135" /><ent r="4" t="13" w="177" /><ent r="4" t="13" w="229" /><ent r="4" t="13" w="270" /><ent r="4" t="13" w="323" /><ent r="4" t="13" w="370" /><ent r="4" t="13" w="477" /><ent r="4" t="13" w="481" /><ent r="4" t="15" w="125" /><ent r="4" t="15" w="176" /><ent r="4" t="15" w="239" /><ent r="4" t="15" w="288" /><ent r="4" t="15" w="500" /><ent r="4" t="15" w="551" /><ent r="4" t="15" w="644" /><ent r="4" t="15" w="717" /><ent r="4" t="34" w="591" /><ent r="4" t="34" w="657" /><ent r="3" t="42" w="54" /><ent r="4" t="42" w="61" /><ent r="4" t="42" w="65" /><ent r="4" t="42" w="76" /><ent r="4" t="42" w="89" /><ent r="4" t="42" w="90" /><ent r="4" t="42" w="109" /><ent r="4" t="42" w="132" /><ent r="4" t="42" w="134" /><ent r="4" t="42" w="152" /><ent r="4" t="42" w="161" /><ent r="4" t="42" w="215" /><ent r="4" t="42" w="252" /><ent r="4" t="42" w="300" /><ent r="4" t="42" w="302" /><ent r="4" t="42" w="369" /><ent r="4" t="42" w="373" /><ent r="4" t="42" w="453" /><ent r="4" t="42" w="463" /><ent r="4" t="42" w="565" /><ent r="4" t="42" w="611" /><ent r="4" t="46" w="53" /><ent r="4" t="46" w="62" /><ent r="4" t="46" w="116" /><ent r="4" t="46" w="123" /><ent r="4" t="46" w="185" /><ent r="4" t="46" w="193" /><ent r="4" t="46" w="261" /><ent r="4" t="46" w="273" /><ent r="4" t="49" w="342" /><ent r="4" t="49" w="351" /><ent r="4" t="49" w="372" /><ent r="4" t="49" w="389" /><ent r="4" t="49" w="551" /><ent r="4" t="49" w="693" /><ent r="4" t="49" w="830" /><ent r="4" t="49" w="936" /><ent r="4" t="49" w="1031" /><ent r="4" t="49" w="1033" /><ent r="4" t="49" w="1044" /><ent r="4" t="49" w="1053" /><ent r="4" t="49" w="1154" /><ent r="4" t="49" w="1155" /><ent r="4" t="49" w="1180" /><ent r="4" t="49" w="1195" /><ent r="4" t="50" w="214" /><ent r="4" t="50" w="216" /><ent r="4" t="50" w="239" /><ent r="4" t="50" w="241" /><ent r="4" t="50" w="510" /><ent r="4" t="50" w="532" /><ent r="4" t="50" w="561" /><ent r="4" t="50" w="585" /><ent r="4" t="50" w="717" /><ent r="4" t="50" w="726" /><ent r="4" t="50" w="789" /><ent r="4" t="50" w="804" /><ent r="4" t="50" w="984" /><ent r="4" t="50" w="993" /><ent r="4" t="50" w="1041" /><ent r="4" t="50" w="1056" /><ent r="4" t="59" w="182" /><ent r="4" t="59" w="220" /><ent r="4" t="66" w="205" /><ent r="4" t="66" w="271" /><ent r="4" t="66" w="429" /><ent r="4" t="66" w="438" /><ent r="4" t="66" w="497" /><ent r="4" t="66" w="506" /><ent r="4" t="66" w="529" /><ent r="4" t="66" w="547" /><ent r="4" t="66" w="598" /><ent r="4" t="66" w="603" /><ent r="4" t="66" w="677" /><ent r="4" t="66" w="681" /><ent r="4" t="66" w="690" /><ent r="4" t="66" w="694" /><ent r="4" t="70" w="142" /><ent r="4" t="70" w="214" /><ent r="4" t="70" w="331" /><ent r="4" t="70" w="462" /><ent r="4" t="70" w="676" /><ent r="4" t="70" w="694" /><ent r="4" t="70" w="745" /><ent r="4" t="70" w="771" /><ent r="4" t="70" w="775" /><ent r="4" t="70" w="785" /><ent r="4" t="74" w="293" /><ent r="4" t="74" w="315" /><ent r="4" t="74" w="375" /><ent r="4" t="74" w="404" /><ent r="4" t="74" w="462" /><ent r="4" t="74" w="469" /><ent r="4" t="74" w="530" /><ent r="4" t="74" w="811" /><ent r="4" t="74" w="824" /><ent r="4" t="74" w="876" /><ent r="4" t="74" w="894" /><ent r="4" t="74" w="947" /><ent r="4" t="74" w="967" /><ent r="4" t="74" w="1024" /><ent r="4" t="74" w="1050" /><ent r="4" t="75" w="72" /><ent r="4" t="75" w="79" /><ent r="4" t="75" w="146" /><ent r="4" t="75" w="235" /><ent r="4" t="75" w="257" /><ent r="4" t="75" w="320" /><ent r="4" t="75" w="349" /><ent r="4" t="75" w="703" /><ent r="4" t="75" w="716" /><ent r="4" t="75" w="770" /><ent r="4" t="75" w="788" /><ent r="4" t="75" w="843" /><ent r="4" t="75" w="863" /><ent r="4" t="75" w="922" /><ent r="4" t="75" w="948" /><ent r="4" t="76" w="210" /><ent r="4" t="76" w="232" /><ent r="4" t="76" w="296" /><ent r="4" t="76" w="325" /><ent r="4" t="76" w="393" /><ent r="4" t="76" w="400" /><ent r="4" t="76" w="462" /><ent r="4" t="96" w="355" /><ent r="4" t="96" w="356" /><ent r="4" t="96" w="358" /><ent r="4" t="96" w="452" /><ent r="4" t="96" w="462" /><ent r="4" t="96" w="468" /><ent r="4" t="109" w="141" /><ent r="4" t="109" w="169" /><ent r="4" t="109" w="175" /><ent r="4" t="109" w="194" /><ent r="4" t="109" w="298" /><ent r="4" t="109" w="346" /><ent r="4" t="109" w="351" /><ent r="4" t="109" w="399" /><ent r="4" t="109" w="409" /><ent r="4" t="109" w="464" /><ent r="4" t="112" w="67" /><ent r="4" t="112" w="99" /><ent r="4" t="121" w="271" /><ent r="4" t="121" w="416" /><ent r="4" t="121" w="420" /><ent r="4" t="121" w="430" /><ent r="3" t="122" w="177" /><ent r="4" t="122" w="207" /><ent r="4" t="122" w="220" /><ent r="4" t="122" w="230" /><ent r="4" t="145" w="186" /><ent r="4" t="145" w="218" /><ent r="4" t="146" w="219" /><ent r="4" t="146" w="251" /><ent r="3" t="147" w="207" /><ent r="3" t="147" w="217" /><ent r="4" t="152" w="171" /><ent r="4" t="152" w="203" /><ent r="4" t="210" w="69" /><ent r="4" t="210" w="101" /><ent r="4" t="211" w="30" /><ent r="4" t="211" w="66" /><ent r="4" t="212" w="51" /><ent r="4" t="212" w="87" /><ent r="4" t="213" w="77" /><ent r="4" t="213" w="113" /><ent r="4" t="214" w="52" /><ent r="4" t="214" w="85" /><ent r="4" t="215" w="33" /><ent r="4" t="215" w="68" /><ent r="4" t="216" w="55" /><ent r="4" t="216" w="87" /><ent r="4" t="217" w="55" /><ent r="4" t="217" w="87" /><ent r="4" t="218" w="87" /><ent r="4" t="218" w="119" /><ent r="4" t="219" w="36" /><ent r="4" t="219" w="71" /><ent r="4" t="220" w="47" /><ent r="4" t="220" w="84" /><ent r="4" t="221" w="40" /><ent r="4" t="221" w="74" /><ent r="4" t="222" w="68" /><ent r="4" t="222" w="100" /><ent r="4" t="223" w="211" /><ent r="4" t="223" w="249" /><ent r="4" t="223" w="361" /><ent r="4" t="223" w="405" /><ent r="4" t="223" w="484" /><ent r="4" t="223" w="528" /><ent r="4" t="223" w="586" /><ent r="4" t="223" w="630" /><ent r="4" t="223" w="685" /><ent r="4" t="223" w="722" /><ent r="4" t="227" w="98" /><ent r="4" t="227" w="102" /><ent r="4" t="227" w="182" /><ent r="4" t="227" w="192" /><ent r="4" t="229" w="136" /><ent r="4" t="229" w="202" /><ent r="4" t="240" w="406" /><ent r="4" t="240" w="480" /><ent r="4" t="240" w="534" /><ent r="4" t="240" w="586" /><ent r="4" t="240" w="853" /><ent r="4" t="240" w="921" /><ent r="4" t="240" w="1031" /><ent r="4" t="240" w="1053" /><ent r="4" t="240" w="1094" /><ent r="4" t="240" w="1100" /><ent r="4" t="240" w="1111" /><ent r="4" t="240" w="1153" /><ent r="4" t="240" w="1262" /><ent r="4" t="240" w="1396" /><ent r="4" t="256" w="138" /><ent r="4" t="256" w="204" /><ent r="4" t="256" w="286" /><ent r="4" t="256" w="352" /><ent r="4" t="262" w="168" /><ent r="4" t="264" w="38" /><ent r="4" t="264" w="67" /><ent r="4" t="264" w="176" /><ent r="4" t="264" w="236" /><ent r="4" t="264" w="387" /><ent r="4" t="264" w="425" /><ent r="4" t="265" w="157" /><ent r="4" t="265" w="183" /><ent r="4" t="265" w="187" /><ent r="4" t="265" w="243" /><ent r="4" t="266" w="259" /><ent r="4" t="266" w="273" /><ent r="4" t="266" w="294" /><ent r="4" t="266" w="316" /><ent r="4" t="266" w="374" /><ent r="4" t="266" w="396" /><ent r="4" t="266" w="432" /><ent r="4" t="266" w="459" /><ent r="4" t="274" w="92" /><ent r="4" t="274" w="96" /><ent r="4" t="274" w="176" /><ent r="4" t="274" w="186" /><ent r="4" t="275" w="161" /><ent r="4" t="275" w="170" /><ent r="4" t="275" w="224" /><ent r="4" t="275" w="231" /><ent r="4" t="275" w="293" /><ent r="4" t="275" w="301" /><ent r="4" t="275" w="369" /><ent r="4" t="275" w="381" /><ent r="4" t="281" w="323" /><ent r="4" t="281" w="343" /><ent r="4" t="281" w="434" /><ent r="4" t="281" w="463" /></phr><phr n="persons"><ent r="3" t="13" w="58" /><ent r="3" t="42" w="323" /><ent r="4" t="70" w="688" /><ent r="4" t="70" w="699" /><ent r="4" t="70" w="765" /><ent r="4" t="70" w="789" /><ent r="4" t="121" w="265" /><ent r="4" t="121" w="276" /><ent r="4" t="121" w="410" /><ent r="4" t="121" w="434" /><ent r="4" t="266" w="370" /><ent r="4" t="266" w="401" /><ent r="4" t="266" w="424" /><ent r="4" t="266" w="463" /></phr><phr n="person"><ent r="3" t="13" w="125" /><ent r="3" t="18" w="120" /><ent r="3" t="42" w="34" /><ent r="3" t="42" w="345" /><ent r="5" t="45" w="138" /><ent r="5" t="45" w="251" /><ent r="5" t="46" w="91" /><ent r="4" t="46" w="124" /><ent r="4" t="46" w="150" /><ent r="5" t="46" w="222" /><ent r="4" t="46" w="269" /><ent r="4" t="46" w="298" /><ent r="4" t="49" w="1032" /><ent r="4" t="49" w="1037" /><ent r="4" t="49" w="1045" /><ent r="4" t="49" w="1055" /><ent r="4" t="50" w="718" /><ent r="4" t="50" w="728" /><ent r="4" t="50" w="785" /><ent r="4" t="50" w="805" /><ent r="4" t="50" w="985" /><ent r="4" t="50" w="995" /><ent r="4" t="50" w="1037" /><ent r="4" t="50" w="1057" /><ent r="4" t="70" w="695" /><ent r="4" t="70" w="709" /><ent r="4" t="70" w="781" /><ent r="4" t="70" w="806" /><ent r="4" t="74" w="463" /><ent r="4" t="74" w="481" /><ent r="4" t="74" w="519" /><ent r="4" t="74" w="541" /><ent r="4" t="74" w="825" /><ent r="4" t="74" w="832" /><ent r="4" t="74" w="890" /><ent r="4" t="74" w="901" /><ent r="4" t="75" w="73" /><ent r="4" t="75" w="91" /><ent r="4" t="75" w="135" /><ent r="4" t="75" w="157" /><ent r="4" t="75" w="717" /><ent r="4" t="75" w="724" /><ent r="4" t="75" w="784" /><ent r="4" t="75" w="795" /><ent r="4" t="76" w="394" /><ent r="4" t="76" w="412" /><ent r="4" t="76" w="458" /><ent r="4" t="76" w="479" /><ent r="5" t="109" w="337" /><ent r="5" t="109" w="363" /><ent r="5" t="109" w="447" /><ent r="4" t="121" w="272" /><ent r="4" t="121" w="292" /><ent r="4" t="121" w="342" /><ent r="4" t="121" w="350" /><ent r="4" t="121" w="362" /><ent r="4" t="121" w="426" /><ent r="4" t="121" w="455" /><ent r="4" t="121" w="520" /><ent r="4" t="121" w="532" /><ent r="4" t="121" w="544" /><ent r="3" t="240" w="305" /><ent r="3" t="240" w="314" /><ent r="4" t="240" w="415" /><ent r="4" t="240" w="489" /><ent r="3" t="240" w="705" /><ent r="3" t="240" w="748" /><ent r="3" t="240" w="769" /><ent r="4" t="240" w="1032" /><ent r="4" t="240" w="1038" /><ent r="4" t="240" w="1041" /><ent r="4" t="240" w="1042" /><ent r="4" t="240" w="1054" /><ent r="4" t="240" w="1060" /><ent r="4" t="240" w="1063" /><ent r="4" t="240" w="1064" /><ent r="4" t="240" w="1107" /><ent r="4" t="240" w="1120" /><ent r="4" t="240" w="1127" /><ent r="4" t="240" w="1128" /><ent r="4" t="240" w="1149" /><ent r="4" t="240" w="1160" /><ent r="4" t="240" w="1167" /><ent r="4" t="240" w="1168" /><ent r="4" t="266" w="397" /><ent r="5" t="266" w="407" /><ent r="5" t="266" w="469" /><ent r="3" t="275" w="110" /><ent r="5" t="275" w="199" /><ent r="4" t="275" w="232" /><ent r="4" t="275" w="258" /><ent r="5" t="275" w="330" /><ent r="4" t="275" w="377" /><ent r="4" t="275" w="406" /><ent r="4" t="281" w="342" /><ent r="4" t="281" w="351" /><ent r="5" t="281" w="356" /><ent r="4" t="281" w="371" /><ent r="4" t="281" w="455" /><ent r="4" t="281" w="467" /><ent r="5" t="281" w="472" /><ent r="4" t="281" w="487" /></phr><phr n="Persons"><ent r="4" t="265" w="493" /></phr></stem><stem n="_"><phr n="_"><ent r="4" t="12" w="183" /><ent r="4" t="12" w="350" /><ent r="4" t="12" w="357" /><ent r="4" t="12" w="364" /><ent r="4" t="13" w="99" /><ent r="4" t="13" w="182" /><ent r="4" t="13" w="193" /><ent r="4" t="13" w="275" /><ent r="4" t="13" w="282" /><ent r="4" t="13" w="375" /><ent r="4" t="13" w="382" /><ent r="4" t="13" w="389" /><ent r="4" t="13" w="494" /><ent r="4" t="13" w="501" /><ent r="4" t="13" w="508" /><ent r="4" t="14" w="232" /><ent r="4" t="14" w="238" /><ent r="4" t="14" w="330" /><ent r="4" t="14" w="337" /><ent r="4" t="14" w="501" /><ent r="4" t="14" w="508" /><ent r="4" t="14" w="628" /><ent r="4" t="14" w="637" /><ent r="4" t="14" w="717" /><ent r="4" t="14" w="724" /><ent r="4" t="14" w="794" /><ent r="4" t="14" w="801" /><ent r="4" t="14" w="808" /><ent r="4" t="14" w="886" /><ent r="4" t="14" w="892" /><ent r="4" t="14" w="963" /><ent r="4" t="14" w="970" /><ent r="4" t="14" w="1141" /><ent r="4" t="14" w="1148" /><ent r="4" t="14" w="1270" /><ent r="4" t="14" w="1277" /><ent r="4" t="14" w="1349" /><ent r="4" t="14" w="1364" /><ent r="4" t="14" w="1480" /><ent r="4" t="14" w="1486" /><ent r="4" t="14" w="1551" /><ent r="4" t="14" w="1556" /><ent r="4" t="15" w="181" /><ent r="4" t="15" w="195" /><ent r="4" t="15" w="202" /><ent r="4" t="15" w="293" /><ent r="4" t="15" w="305" /><ent r="4" t="15" w="556" /><ent r="4" t="15" w="581" /><ent r="4" t="15" w="722" /><ent r="4" t="15" w="736" /><ent r="4" t="15" w="753" /><ent r="4" t="15" w="764" /><ent r="4" t="18" w="1034" /><ent r="4" t="29" w="255" /><ent r="4" t="29" w="691" /><ent r="4" t="30" w="500" /><ent r="4" t="31" w="683" /><ent r="4" t="31" w="833" /><ent r="4" t="49" w="379" /><ent r="4" t="49" w="578" /><ent r="4" t="49" w="663" /><ent r="4" t="50" w="166" /><ent r="4" t="50" w="234" /><ent r="4" t="59" w="139" /><ent r="4" t="60" w="272" /><ent r="4" t="74" w="1029" /><ent r="4" t="74" w="1037" /><ent r="4" t="75" w="927" /><ent r="4" t="75" w="935" /><ent r="4" t="89" w="115" /><ent r="4" t="96" w="265" /><ent r="4" t="96" w="434" /><ent r="4" t="96" w="574" /><ent r="4" t="96" w="586" /><ent r="4" t="99" w="343" /><ent r="4" t="100" w="234" /><ent r="4" t="109" w="170" /><ent r="4" t="114" w="450" /><ent r="4" t="114" w="464" /><ent r="4" t="114" w="514" /><ent r="4" t="114" w="532" /><ent r="4" t="114" w="584" /><ent r="4" t="114" w="626" /><ent r="4" t="114" w="640" /><ent r="4" t="117" w="178" /><ent r="4" t="117" w="379" /><ent r="4" t="117" w="514" /><ent r="4" t="117" w="642" /><ent r="4" t="120" w="116" /><ent r="4" t="120" w="215" /><ent r="4" t="130" w="343" /><ent r="4" t="130" w="365" /><ent r="4" t="130" w="397" /><ent r="4" t="130" w="439" /><ent r="4" t="130" w="481" /><ent r="4" t="130" w="526" /><ent r="4" t="130" w="555" /><ent r="4" t="130" w="587" /><ent r="4" t="141" w="298" /><ent r="4" t="141" w="431" /><ent r="4" t="147" w="356" /><ent r="4" t="147" w="390" /><ent r="4" t="193" w="351" /><ent r="4" t="193" w="426" /><ent r="4" t="193" w="448" /><ent r="4" t="193" w="455" /><ent r="4" t="193" w="464" /><ent r="4" t="193" w="474" /><ent r="4" t="193" w="501" /><ent r="4" t="193" w="522" /><ent r="4" t="193" w="547" /><ent r="4" t="223" w="169" /><ent r="4" t="232" w="249" /><ent r="4" t="232" w="261" /><ent r="4" t="233" w="282" /><ent r="4" t="236" w="461" /><ent r="4" t="236" w="672" /><ent r="4" t="236" w="809" /><ent r="4" t="240" w="591" /><ent r="4" t="240" w="600" /><ent r="4" t="241" w="505" /><ent r="4" t="251" w="551" /><ent r="4" t="251" w="557" /><ent r="4" t="259" w="315" /><ent r="4" t="259" w="341" /><ent r="4" t="259" w="374" /><ent r="4" t="263" w="164" /><ent r="4" t="266" w="437" /><ent r="4" t="266" w="446" /></phr></stem><stem n="-resourc"><phr n="-resources"><ent r="3" t="12" w="209" /><ent r="3" t="12" w="209" /><ent r="3" t="13" w="17" /><ent r="3" t="13" w="17" /></phr></stem><stem n="linq-resourc"><phr n="LINQ-resources"><ent r="3" t="12" w="209" /><ent r="3" t="13" w="17" /></phr></stem><stem n="internet"><phr n="Internet"><ent r="3" t="12" w="216" /><ent r="3" t="13" w="24" /><ent r="3" t="190" w="314" /><ent r="3" t="270" w="57" /></phr><phr n="internet"><ent r="64" t="150" w="90" /></phr></stem><stem n="-overview"><phr n="-Overview"><ent r="64" t="12" w="221" /><ent r="64" t="12" w="221" /><ent r="64" t="13" w="29" /><ent r="64" t="13" w="29" /></phr></stem><stem n="linq-overview"><phr n="LINQ-Overview"><ent r="64" t="12" w="221" /><ent r="64" t="13" w="29" /></phr></stem><stem n="msdn"><phr n="MSDN"><ent r="64" t="12" w="224" /><ent r="64" t="13" w="32" /><ent r="64" t="262" w="41" /><ent r="64" t="265" w="51" /><ent r="64" t="270" w="312" /></phr></stem><stem n="example-collect"><phr n="example-collection"><ent r="64" t="12" w="230" /><ent r="64" t="13" w="38" /></phr></stem><stem n="collect"><phr n="collection"><ent r="64" t="12" w="231" /><ent r="64" t="13" w="39" /><ent r="3" t="14" w="1183" /><ent r="4" t="14" w="1247" /><ent r="4" t="14" w="1286" /><ent r="4" t="14" w="1326" /><ent r="4" t="14" w="1373" /><ent r="3" t="17" w="241" /><ent r="3" t="18" w="48" /><ent r="3" t="24" w="749" /><ent r="3" t="24" w="768" /><ent r="3" t="24" w="849" /><ent r="3" t="24" w="873" /><ent r="3" t="27" w="12" /><ent r="3" t="28" w="72" /><ent r="3" t="28" w="195" /><ent r="3" t="28" w="206" /><ent r="3" t="28" w="219" /><ent r="3" t="28" w="225" /><ent r="4" t="28" w="280" /><ent r="4" t="28" w="332" /><ent r="3" t="28" w="372" /><ent r="3" t="31" w="1285" /><ent r="4" t="31" w="1323" /><ent r="4" t="31" w="1355" /><ent r="4" t="31" w="1390" /><ent r="4" t="31" w="1427" /><ent r="4" t="41" w="205" /><ent r="3" t="44" w="280" /><ent r="3" t="46" w="30" /><ent r="5" t="46" w="70" /><ent r="4" t="46" w="160" /><ent r="5" t="46" w="201" /><ent r="4" t="46" w="314" /><ent r="3" t="46" w="357" /><ent r="3" t="51" w="114" /><ent r="3" t="51" w="172" /><ent r="4" t="52" w="44" /><ent r="4" t="52" w="81" /><ent r="3" t="53" w="53" /><ent r="4" t="53" w="62" /><ent r="4" t="53" w="101" /><ent r="3" t="58" w="24" /><ent r="3" t="58" w="26" /><ent r="3" t="58" w="32" /><ent r="3" t="58" w="52" /><ent r="3" t="58" w="59" /><ent r="3" t="58" w="65" /><ent r="4" t="58" w="110" /><ent r="4" t="58" w="115" /><ent r="4" t="58" w="180" /><ent r="4" t="58" w="185" /><ent r="3" t="58" w="206" /><ent r="3" t="96" w="614" /><ent r="3" t="107" w="27" /><ent r="3" t="107" w="31" /><ent r="3" t="107" w="72" /><ent r="3" t="107" w="113" /><ent r="3" t="117" w="49" /><ent r="3" t="166" w="375" /><ent r="3" t="171" w="41" /><ent r="4" t="171" w="59" /><ent r="4" t="171" w="88" /><ent r="3" t="188" w="523" /><ent r="3" t="239" w="14" /><ent r="3" t="240" w="108" /><ent r="3" t="240" w="666" /><ent r="3" t="240" w="708" /><ent r="3" t="240" w="791" /><ent r="64" t="240" w="803" /><ent r="3" t="240" w="954" /><ent r="64" t="240" w="990" /><ent r="3" t="275" w="88" /><ent r="3" t="275" w="116" /><ent r="5" t="275" w="178" /><ent r="4" t="275" w="268" /><ent r="5" t="275" w="309" /><ent r="4" t="275" w="422" /><ent r="3" t="283" w="335" /><ent r="3" t="291" w="23" /><ent r="3" t="291" w="45" /><ent r="3" t="291" w="52" /><ent r="3" t="291" w="59" /></phr><phr n="Collections"><ent r="82" t="14" w="1167" /><ent r="3" t="24" w="726" /><ent r="100" t="28" w="38" /><ent r="92" t="28" w="42" /><ent r="3" t="28" w="46" /><ent r="82" t="31" w="1269" /><ent r="4" t="41" w="198" /><ent r="64" t="44" w="296" /><ent r="1000" t="46" w="2" /><ent r="102" t="46" w="5" /><ent r="3" t="48" w="207" /><ent r="64" t="48" w="217" /><ent r="1000" t="51" w="1" /><ent r="100" t="51" w="5" /><ent r="100" t="51" w="9" /><ent r="102" t="51" w="11" /><ent r="64" t="51" w="165" /><ent r="64" t="51" w="199" /><ent r="1000" t="52" w="4" /><ent r="102" t="52" w="10" /><ent r="1000" t="53" w="2" /><ent r="102" t="53" w="5" /><ent r="92" t="56" w="364" /><ent r="64" t="56" w="394" /><ent r="1000" t="58" w="1" /><ent r="102" t="58" w="5" /><ent r="3" t="58" w="9" /><ent r="1000" t="107" w="1" /><ent r="100" t="107" w="3" /><ent r="102" t="107" w="9" /><ent r="64" t="107" w="62" /><ent r="64" t="107" w="125" /><ent r="1000" t="108" w="1" /><ent r="102" t="108" w="5" /><ent r="64" t="108" w="112" /><ent r="3" t="267" w="139" /><ent r="3" t="267" w="155" /><ent r="67" t="287" w="135" /><ent r="1000" t="291" w="2" /><ent r="100" t="291" w="8" /><ent r="102" t="291" w="11" /><ent r="6" t="300" w="429" /><ent r="6" t="300" w="442" /></phr><phr n="collections"><ent r="3" t="14" w="1177" /><ent r="3" t="14" w="1196" /><ent r="4" t="24" w="791" /><ent r="4" t="24" w="829" /><ent r="3" t="26" w="191" /><ent r="3" t="28" w="85" /><ent r="3" t="28" w="230" /><ent r="3" t="28" w="362" /><ent r="3" t="28" w="391" /><ent r="3" t="31" w="1279" /><ent r="3" t="31" w="1298" /><ent r="3" t="44" w="292" /><ent r="3" t="46" w="11" /><ent r="3" t="46" w="25" /><ent r="3" t="46" w="323" /><ent r="3" t="51" w="47" /><ent r="3" t="51" w="54" /><ent r="3" t="51" w="69" /><ent r="3" t="51" w="73" /><ent r="3" t="51" w="80" /><ent r="3" t="51" w="86" /><ent r="3" t="51" w="150" /><ent r="3" t="52" w="20" /><ent r="3" t="52" w="35" /><ent r="4" t="52" w="166" /><ent r="4" t="52" w="271" /><ent r="3" t="52" w="281" /><ent r="3" t="53" w="15" /><ent r="3" t="53" w="43" /><ent r="4" t="53" w="691" /><ent r="3" t="56" w="380" /><ent r="3" t="62" w="187" /><ent r="3" t="62" w="214" /><ent r="5" t="92" w="219" /><ent r="6" t="92" w="223" /><ent r="7" t="92" w="230" /><ent r="3" t="96" w="635" /><ent r="4" t="103" w="109" /><ent r="4" t="103" w="192" /><ent r="3" t="107" w="47" /><ent r="3" t="107" w="52" /><ent r="3" t="107" w="81" /><ent r="3" t="108" w="27" /><ent r="3" t="108" w="70" /><ent r="3" t="108" w="82" /><ent r="3" t="108" w="101" /><ent r="4" t="166" w="349" /><ent r="64" t="240" w="127" /><ent r="3" t="240" w="950" /><ent r="3" t="240" w="1001" /><ent r="3" t="272" w="547" /><ent r="3" t="275" w="461" /><ent r="3" t="283" w="324" /><ent r="3" t="291" w="119" /><ent r="6" t="313" w="267" /></phr><phr n="Collection"><ent r="4" t="28" w="129" /><ent r="4" t="28" w="176" /><ent r="92" t="28" w="188" /><ent r="64" t="40" w="244" /><ent r="92" t="58" w="45" /><ent r="92" t="58" w="197" /><ent r="1000" t="171" w="3" /><ent r="102" t="171" w="8" /></phr><phr n="collected"><ent r="3" t="40" w="192" /><ent r="3" t="40" w="206" /><ent r="3" t="40" w="214" /><ent r="3" t="40" w="275" /><ent r="3" t="72" w="123" /><ent r="3" t="132" w="47" /><ent r="3" t="156" w="119" /><ent r="4" t="167" w="180" /><ent r="3" t="172" w="28" /><ent r="3" t="188" w="217" /><ent r="4" t="276" w="112" /></phr><phr n="collect"><ent r="3" t="132" w="22" /></phr></stem><stem n="-collection."><phr n="-collection."><ent r="64" t="12" w="232" /><ent r="64" t="12" w="232" /><ent r="64" t="13" w="40" /><ent r="64" t="13" w="40" /><ent r="3" t="24" w="769" /><ent r="3" t="24" w="769" /><ent r="3" t="24" w="874" /><ent r="3" t="24" w="874" /></phr></stem><stem n="iquery"><phr n="IQueryable"><ent r="100" t="12" w="248" /><ent r="92" t="12" w="250" /><ent r="3" t="12" w="257" /><ent r="4" t="12" w="316" /><ent r="4" t="12" w="331" /><ent r="4" t="12" w="373" /><ent r="92" t="13" w="410" /><ent r="3" t="13" w="418" /><ent r="4" t="13" w="460" /><ent r="4" t="13" w="475" /><ent r="4" t="13" w="517" /><ent r="3" t="265" w="77" /><ent r="3" t="265" w="465" /></phr></stem><stem n="abstract"><phr n="abstraction"><ent r="3" t="12" w="268" /><ent r="3" t="65" w="263" /><ent r="3" t="74" w="628" /><ent r="3" t="75" w="411" /><ent r="64" t="75" w="420" /></phr><phr n="abstractions"><ent r="3" t="235" w="297" /></phr><phr n="abstract"><ent r="6" t="300" w="181" /><ent r="6" t="300" w="205" /><ent r="6" t="300" w="359" /></phr></stem><stem n="iqueryable&lt;person&gt;"><phr n="IQueryable&lt;Person&gt;"><ent r="4" t="12" w="279" /><ent r="4" t="13" w="423" /><ent r="4" t="265" w="492" /></phr></stem><stem n="personquer"><phr n="personQuerable"><ent r="4" t="12" w="280" /><ent r="4" t="12" w="294" /><ent r="4" t="12" w="327" /><ent r="4" t="12" w="349" /><ent r="4" t="13" w="424" /><ent r="4" t="13" w="438" /><ent r="4" t="13" w="471" /><ent r="4" t="13" w="493" /></phr></stem><stem n="container.asqueryable&lt;person&gt;"><phr n="container.AsQueryable&lt;Person&gt;"><ent r="4" t="12" w="282" /><ent r="4" t="12" w="281" /><ent r="4" t="13" w="426" /><ent r="4" t="13" w="425" /></phr><phr n="Container.AsQueryable&lt;Person&gt;"><ent r="4" t="265" w="501" /><ent r="4" t="265" w="500" /></phr></stem><stem n="asqueryable&lt;person&gt;"><phr n="AsQueryable&lt;Person&gt;"><ent r="4" t="12" w="282" /><ent r="4" t="13" w="426" /><ent r="4" t="265" w="501" /></phr></stem><stem n=".asqueryable&lt;person&gt;();"><phr n=".AsQueryable&lt;Person&gt;();"><ent r="4" t="12" w="283" /><ent r="4" t="13" w="427" /><ent r="4" t="265" w="502" /></phr></stem><stem n="adult"><phr n="adults"><ent r="4" t="12" w="286" /><ent r="4" t="12" w="341" /><ent r="4" t="13" w="430" /><ent r="4" t="13" w="485" /><ent r="4" t="15" w="121" /><ent r="4" t="15" w="168" /><ent r="4" t="15" w="235" /><ent r="4" t="15" w="280" /><ent r="4" t="15" w="496" /><ent r="4" t="15" w="543" /><ent r="4" t="18" w="333" /></phr></stem></index>