﻿<?xml version="1.0" encoding="utf-8"?><index><stem n="format"><phr n="Format"><ent r="4" t="50" w="520" /><ent r="4" t="50" w="573" /><ent r="4" t="112" w="605" /><ent r="4" t="112" w="1120" /><ent r="4" t="193" w="170" /><ent r="4" t="193" w="197" /><ent r="4" t="193" w="236" /><ent r="4" t="193" w="268" /><ent r="4" t="193" w="427" /><ent r="4" t="193" w="465" /><ent r="4" t="193" w="513" /><ent r="4" t="193" w="548" /><ent r="1000" t="267" w="3" /><ent r="102" t="267" w="9" /><ent r="64" t="277" w="263" /></phr><phr n="format"><ent r="3" t="85" w="17" /><ent r="3" t="127" w="275" /><ent r="3" t="127" w="295" /><ent r="3" t="127" w="352" /><ent r="6" t="143" w="143" /><ent r="3" t="148" w="13" /><ent r="4" t="148" w="104" /><ent r="4" t="148" w="156" /><ent r="3" t="239" w="105" /><ent r="3" t="242" w="61" /><ent r="4" t="242" w="122" /><ent r="3" t="267" w="33" /><ent r="3" t="270" w="115" /><ent r="4" t="272" w="75" /><ent r="3" t="277" w="48" /><ent r="3" t="301" w="177" /><ent r="3" t="301" w="179" /></phr><phr n="formats"><ent r="3" t="272" w="21" /></phr></stem><stem n=".format("><phr n=".Format("><ent r="4" t="50" w="521" /><ent r="4" t="50" w="574" /><ent r="4" t="112" w="606" /><ent r="4" t="112" w="1121" /></phr></stem><stem n="&quot;expect"><phr n="&quot;Expect"><ent r="5" t="50" w="522" /><ent r="5" t="50" w="575" /></phr></stem><stem n="{0}"><phr n="{0}"><ent r="5" t="50" w="526" /><ent r="5" t="50" w="579" /><ent r="5" t="281" w="391" /><ent r="5" t="281" w="510" /></phr></stem><stem n="(person),"><phr n="(Person),"><ent r="4" t="50" w="533" /><ent r="4" t="50" w="586" /></phr><phr n="(person),"><ent r="4" t="70" w="807" /></phr></stem><stem n="(iactivatable)));"><phr n="(IActivatable)));"><ent r="4" t="50" w="537" /></phr></stem><stem n="(person))"><phr n="(Person))"><ent r="4" t="50" w="562" /><ent r="4" t="70" w="215" /><ent r="4" t="70" w="463" /><ent r="4" t="70" w="746" /></phr></stem><stem n="(iactivatable)))"><phr n="(IActivatable)))"><ent r="4" t="50" w="590" /></phr></stem><stem n="properli"><phr n="properly"><ent r="3" t="50" w="698" /><ent r="3" t="51" w="19" /><ent r="3" t="81" w="52" /><ent r="3" t="275" w="136" /></phr></stem><stem n="transvers"><phr n="transverse"><ent r="3" t="50" w="701" /></phr></stem><stem n="’t"><phr n="’t"><ent r="3" t="50" w="708" /></phr></stem><stem n="mother.nam"><phr n="mother.Name"><ent r="4" t="50" w="998" /><ent r="4" t="50" w="997" /><ent r="4" t="50" w="1060" /><ent r="4" t="50" w="1059" /></phr></stem><stem n="-collections?"><phr n="-collections?"><ent r="3" t="51" w="48" /><ent r="3" t="51" w="48" /></phr></stem><stem n="togeth"><phr n="together"><ent r="3" t="51" w="57" /><ent r="3" t="69" w="472" /><ent r="3" t="91" w="10" /><ent r="4" t="93" w="60" /><ent r="3" t="111" w="87" /><ent r="4" t="113" w="38" /><ent r="3" t="118" w="37" /><ent r="3" t="180" w="25" /><ent r="3" t="181" w="36" /><ent r="3" t="187" w="151" /><ent r="3" t="272" w="559" /><ent r="4" t="309" w="68" /><ent r="3" t="309" w="92" /><ent r="3" t="309" w="157" /><ent r="3" t="315" w="22" /></phr></stem><stem n="bring"><phr n="brings"><ent r="3" t="51" w="64" /><ent r="3" t="61" w="170" /><ent r="3" t="107" w="44" /><ent r="3" t="116" w="33" /><ent r="3" t="188" w="154" /><ent r="3" t="194" w="20" /><ent r="3" t="227" w="384" /><ent r="3" t="241" w="115" /><ent r="3" t="256" w="73" /></phr><phr n="bring"><ent r="3" t="92" w="59" /><ent r="3" t="96" w="612" /><ent r="3" t="228" w="64" /></phr></stem><stem n="activatablelist&lt;t&gt;"><phr n="ActivatableList&lt;T&gt;"><ent r="4" t="51" w="91" /><ent r="4" t="52" w="285" /></phr></stem><stem n="list&lt;t&gt;"><phr n="List&lt;T&gt;"><ent r="4" t="51" w="97" /><ent r="5" t="52" w="72" /><ent r="4" t="52" w="291" /><ent r="4" t="241" w="221" /></phr></stem><stem n="list&lt;t&gt;-class"><phr n="List&lt;T&gt;-class"><ent r="4" t="51" w="97" /><ent r="4" t="52" w="291" /></phr></stem><stem n="activatabledictionary&lt;t&gt;"><phr n="ActivatableDictionary&lt;T&gt;"><ent r="4" t="51" w="100" /><ent r="4" t="52" w="294" /></phr></stem><stem n="dictionary&lt;t&gt;"><phr n="Dictionary&lt;T&gt;"><ent r="4" t="51" w="106" /><ent r="4" t="52" w="300" /></phr></stem><stem n="collection-interfac"><phr n="collection-interfaces"><ent r="3" t="51" w="114" /><ent r="4" t="52" w="44" /></phr><phr n="collection-interface"><ent r="4" t="53" w="101" /></phr></stem><stem n="wherev"><phr n="wherever"><ent r="3" t="51" w="116" /></phr></stem><stem n="replac"><phr n="replace"><ent r="3" t="51" w="145" /><ent r="4" t="52" w="106" /><ent r="3" t="53" w="21" /><ent r="3" t="53" w="45" /><ent r="4" t="53" w="687" /><ent r="3" t="75" w="36" /><ent r="3" t="112" w="207" /><ent r="5" t="254" w="156" /><ent r="5" t="254" w="296" /><ent r="5" t="300" w="634" /><ent r="3" t="314" w="9" /></phr><phr n="replaced"><ent r="3" t="90" w="278" /><ent r="5" t="299" w="498" /><ent r="6" t="300" w="292" /></phr><phr n="Replace"><ent r="6" t="202" w="91" /><ent r="4" t="259" w="245" /><ent r="4" t="259" w="262" /><ent r="4" t="259" w="268" /><ent r="4" t="259" w="350" /><ent r="4" t="259" w="383" /><ent r="4" t="259" w="397" /><ent r="3" t="306" w="479" /></phr></stem><stem n="-collect"><phr n="-collections"><ent r="3" t="51" w="150" /><ent r="3" t="51" w="150" /><ent r="3" t="53" w="15" /><ent r="3" t="53" w="15" /><ent r="5" t="92" w="219" /><ent r="5" t="92" w="219" /><ent r="7" t="92" w="230" /><ent r="7" t="92" w="230" /><ent r="3" t="96" w="634" /><ent r="3" t="96" w="634" /></phr><phr n="-collection"><ent r="3" t="51" w="171" /><ent r="3" t="51" w="171" /></phr></stem><stem n="db4o-equival"><phr n="db4o-equivalent"><ent r="3" t="51" w="153" /></phr></stem><stem n="equival"><phr n="equivalent"><ent r="3" t="51" w="154" /><ent r="3" t="92" w="67" /><ent r="3" t="122" w="156" /><ent r="6" t="268" w="214" /><ent r="6" t="268" w="226" /><ent r="3" t="290" w="282" /></phr></stem><stem n="-equivalent."><phr n="-equivalent."><ent r="3" t="51" w="155" /><ent r="3" t="51" w="155" /></phr></stem><stem n="db4o-collect"><phr n="db4o-collection"><ent r="3" t="51" w="171" /></phr><phr n="db4o-collections"><ent r="3" t="108" w="100" /></phr></stem><stem n="&quot;use"><phr n="&quot;Using"><ent r="64" t="51" w="196" /><ent r="64" t="208" w="98" /></phr></stem><stem n="-collections."><phr n="-collections."><ent r="3" t="52" w="36" /><ent r="3" t="52" w="36" /></phr></stem><stem n="prefer"><phr n="Prefer"><ent r="4" t="52" w="42" /></phr><phr n="preferably"><ent r="4" t="123" w="109" /></phr><phr n="prefer"><ent r="3" t="167" w="208" /></phr></stem><stem n="-,"><phr n="-,"><ent r="4" t="52" w="54" /><ent r="4" t="52" w="54" /><ent r="4" t="122" w="102" /><ent r="4" t="122" w="102" /><ent r="4" t="122" w="104" /><ent r="4" t="122" w="104" /><ent r="4" t="122" w="125" /><ent r="4" t="122" w="125" /><ent r="3" t="142" w="115" /><ent r="3" t="142" w="115" /><ent r="3" t="142" w="212" /><ent r="3" t="142" w="212" /><ent r="3" t="142" w="215" /><ent r="3" t="142" w="215" /><ent r="3" t="142" w="218" /><ent r="3" t="142" w="218" /><ent r="3" t="142" w="317" /><ent r="3" t="142" w="317" /><ent r="3" t="142" w="320" /><ent r="3" t="142" w="320" /><ent r="3" t="143" w="19" /><ent r="3" t="143" w="19" /><ent r="3" t="225" w="42" /><ent r="3" t="225" w="42" /><ent r="3" t="225" w="45" /><ent r="3" t="225" w="45" /></phr></stem><stem n="paramet"><phr n="parameter"><ent r="4" t="52" w="54" /><ent r="3" t="71" w="45" /><ent r="3" t="71" w="109" /><ent r="3" t="80" w="27" /><ent r="3" t="80" w="129" /><ent r="3" t="92" w="26" /><ent r="3" t="92" w="36" /><ent r="3" t="92" w="78" /><ent r="3" t="96" w="310" /><ent r="3" t="267" w="123" /><ent r="3" t="270" w="302" /><ent r="3" t="281" w="119" /><ent r="3" t="282" w="391" /><ent r="3" t="282" w="410" /><ent r="3" t="298" w="97" /></phr><phr n="parameters"><ent r="3" t="92" w="48" /><ent r="3" t="92" w="57" /><ent r="3" t="92" w="93" /><ent r="3" t="188" w="122" /><ent r="3" t="190" w="56" /><ent r="3" t="190" w="194" /></phr></stem><stem n="parameter-"><phr n="parameter-"><ent r="4" t="52" w="54" /></phr></stem><stem n="-type"><phr n="-type"><ent r="4" t="52" w="57" /><ent r="4" t="52" w="57" /><ent r="3" t="106" w="318" /><ent r="3" t="106" w="318" /><ent r="3" t="121" w="234" /><ent r="3" t="121" w="234" /><ent r="5" t="121" w="284" /><ent r="5" t="121" w="284" /><ent r="5" t="121" w="301" /><ent r="5" t="121" w="301" /><ent r="5" t="121" w="442" /><ent r="5" t="121" w="442" /><ent r="5" t="121" w="464" /><ent r="5" t="121" w="464" /><ent r="3" t="122" w="59" /><ent r="3" t="122" w="59" /><ent r="3" t="122" w="154" /><ent r="3" t="122" w="154" /></phr><phr n="-types"><ent r="3" t="104" w="149" /><ent r="3" t="104" w="149" /><ent r="3" t="126" w="25" /><ent r="3" t="126" w="25" /><ent r="3" t="218" w="39" /><ent r="3" t="218" w="39" /></phr><phr n="-Types"><ent r="92" t="140" w="146" /><ent r="92" t="140" w="146" /></phr></stem><stem n="return-typ"><phr n="return-type"><ent r="4" t="52" w="57" /></phr></stem><stem n="declar"><phr n="declarations"><ent r="4" t="52" w="59" /><ent r="4" t="53" w="474" /></phr><phr n="declare"><ent r="4" t="52" w="62" /><ent r="3" t="315" w="81" /></phr><phr n="Declaration"><ent r="93" t="53" w="94" /><ent r="93" t="53" w="464" /></phr><phr n="declaration"><ent r="4" t="53" w="117" /><ent r="3" t="111" w="59" /><ent r="6" t="300" w="310" /><ent r="6" t="300" w="338" /></phr><phr n="declared"><ent r="6" t="300" w="137" /><ent r="6" t="300" w="170" /><ent r="6" t="300" w="194" /></phr></stem><stem n="ilist&lt;t&gt;"><phr n="IList&lt;T&gt;"><ent r="5" t="52" w="68" /><ent r="4" t="241" w="139" /><ent r="4" t="241" w="141" /><ent r="4" t="241" w="159" /><ent r="4" t="241" w="161" /><ent r="4" t="241" w="216" /><ent r="4" t="241" w="250" /></phr></stem><stem n="activatablebas"><phr n="ActivatableBase"><ent r="4" t="52" w="118" /><ent r="4" t="52" w="182" /></phr></stem><stem n="activatablelist&lt;pilot&gt;"><phr n="ActivatableList&lt;Pilot&gt;"><ent r="4" t="52" w="129" /></phr></stem><stem n="pilots.add"><phr n="pilots.Add"><ent r="4" t="52" w="142" /><ent r="4" t="52" w="141" /></phr></stem><stem n=".add(pilot);"><phr n=".Add(pilot);"><ent r="4" t="52" w="144" /></phr></stem><stem n="icollection&lt;pilot&gt;"><phr n="ICollection&lt;Pilot&gt;"><ent r="4" t="52" w="147" /></phr></stem><stem n="team.c"><phr n="Team.cs"><ent r="4" t="52" w="161" /><ent r="4" t="52" w="160" /><ent r="4" t="265" w="360" /><ent r="4" t="265" w="359" /></phr></stem><stem n="_pilot"><phr n="_pilots"><ent r="4" t="52" w="189" /><ent r="4" t="52" w="251" /></phr></stem><stem n="m_pilot"><phr n="m_pilots"><ent r="4" t="52" w="189" /><ent r="4" t="52" w="188" /><ent r="4" t="52" w="220" /><ent r="4" t="52" w="219" /><ent r="4" t="52" w="251" /><ent r="4" t="52" w="250" /></phr></stem><stem n="activatablelist"><phr n="ActivatableList"><ent r="4" t="52" w="199" /><ent r="5" t="53" w="383" /></phr></stem><stem n="m_pilots.add"><phr n="m_pilots.Add"><ent r="4" t="52" w="221" /><ent r="4" t="52" w="219" /></phr></stem><stem n="_pilots.add(pilot)"><phr n="_pilots.Add(pilot)"><ent r="4" t="52" w="223" /></phr></stem><stem n="icollect"><phr n="ICollection"><ent r="4" t="52" w="238" /><ent r="4" t="109" w="167" /><ent r="4" t="141" w="226" /><ent r="4" t="240" w="220" /><ent r="4" t="240" w="875" /><ent r="4" t="240" w="1092" /><ent r="4" t="240" w="1283" /></phr></stem><stem n="team.vb"><phr n="Team.vb"><ent r="4" t="52" w="266" /><ent r="4" t="52" w="265" /></phr></stem><stem n="enhancement-tool"><phr n="enhancement-tools"><ent r="3" t="53" w="26" /><ent r="64" t="55" w="127" /></phr></stem><stem n="-tools."><phr n="-tools."><ent r="3" t="53" w="28" /><ent r="3" t="53" w="28" /></phr></stem><stem n="implic"><phr n="implications"><ent r="4" t="53" w="59" /></phr></stem><stem n="seal"><phr n="sealed"><ent r="4" t="53" w="66" /><ent r="5" t="112" w="279" /></phr></stem><stem n="consequ"><phr n="consequences"><ent r="4" t="53" w="85" /></phr></stem><stem n="-declar"><phr n="-declaration"><ent r="4" t="53" w="116" /><ent r="4" t="53" w="116" /></phr></stem><stem n="field-declar"><phr n="field-declaration"><ent r="4" t="53" w="116" /></phr></stem><stem n="canbeenhanc"><phr n="CanBeEnhanced"><ent r="5" t="53" w="125" /><ent r="5" t="53" w="193" /><ent r="5" t="53" w="303" /><ent r="5" t="53" w="367" /></phr></stem><stem n="list&lt;"><phr n="List&lt;"><ent r="5" t="53" w="138" /><ent r="5" t="53" w="519" /><ent r="5" t="53" w="528" /></phr></stem><stem n="containsnam"><phr n="ContainsName"><ent r="5" t="53" w="148" /><ent r="5" t="53" w="219" /><ent r="5" t="53" w="326" /><ent r="5" t="53" w="393" /><ent r="5" t="53" w="538" /><ent r="5" t="53" w="613" /></phr></stem><stem n="names.contain"><phr n="names.Contains"><ent r="5" t="53" w="157" /><ent r="5" t="53" w="156" /><ent r="5" t="53" w="237" /><ent r="5" t="53" w="236" /><ent r="5" t="53" w="335" /><ent r="5" t="53" w="334" /><ent r="5" t="53" w="411" /><ent r="5" t="53" w="410" /><ent r="5" t="53" w="547" /><ent r="5" t="53" w="546" /><ent r="5" t="53" w="631" /><ent r="5" t="53" w="630" /></phr></stem><stem n="_names.contains(item);"><phr n="_names.Contains(item);"><ent r="5" t="53" w="159" /><ent r="5" t="53" w="337" /><ent r="5" t="53" w="549" /></phr></stem><stem n="addnam"><phr n="AddName"><ent r="5" t="53" w="164" /><ent r="5" t="53" w="248" /><ent r="5" t="53" w="342" /><ent r="5" t="53" w="422" /><ent r="5" t="53" w="554" /><ent r="5" t="53" w="642" /></phr></stem><stem n="names.add"><phr n="names.Add"><ent r="5" t="53" w="170" /><ent r="5" t="53" w="169" /><ent r="5" t="53" w="259" /><ent r="5" t="53" w="258" /><ent r="5" t="53" w="348" /><ent r="5" t="53" w="347" /><ent r="5" t="53" w="433" /><ent r="5" t="53" w="432" /><ent r="5" t="53" w="560" /><ent r="5" t="53" w="559" /><ent r="5" t="53" w="653" /><ent r="5" t="53" w="652" /></phr></stem><stem n="_names.add(item);"><phr n="_names.Add(item);"><ent r="5" t="53" w="172" /><ent r="5" t="53" w="350" /><ent r="5" t="53" w="562" /></phr></stem><stem n="enhancementlimit"><phr n="EnhancementLimitations"><ent r="5" t="53" w="173" /><ent r="5" t="53" w="270" /><ent r="5" t="53" w="351" /><ent r="5" t="53" w="444" /><ent r="5" t="53" w="563" /><ent r="5" t="53" w="664" /></phr></stem><stem n="enhancementlimitations.c"><phr n="EnhancementLimitations.cs"><ent r="5" t="53" w="174" /><ent r="5" t="53" w="173" /><ent r="5" t="53" w="352" /><ent r="5" t="53" w="351" /><ent r="5" t="53" w="564" /><ent r="5" t="53" w="563" /></phr></stem><stem n="-tool"><phr n="-tools"><ent r="5" t="53" w="180" /><ent r="5" t="53" w="180" /><ent r="5" t="53" w="277" /><ent r="5" t="53" w="277" /><ent r="4" t="53" w="476" /><ent r="4" t="53" w="476" /><ent r="5" t="53" w="570" /><ent r="5" t="53" w="570" /><ent r="5" t="53" w="671" /><ent r="5" t="53" w="671" /><ent r="64" t="55" w="127" /><ent r="64" t="55" w="127" /></phr><phr n="-tool"><ent r="3" t="268" w="157" /><ent r="3" t="268" w="157" /><ent r="3" t="268" w="282" /><ent r="3" t="268" w="282" /></phr></stem><stem n="db4o-tool"><phr n="db4o-tools"><ent r="5" t="53" w="180" /><ent r="5" t="53" w="277" /><ent r="5" t="53" w="570" /><ent r="5" t="53" w="671" /></phr></stem><stem n="_names.contains(item)"><phr n="_names.Contains(item)"><ent r="5" t="53" w="239" /><ent r="5" t="53" w="413" /><ent r="5" t="53" w="633" /></phr></stem><stem n="_names.add(item)"><phr n="_names.Add(item)"><ent r="5" t="53" w="261" /><ent r="5" t="53" w="435" /><ent r="5" t="53" w="655" /></phr></stem><stem n="enhancementlimitations.vb"><phr n="EnhancementLimitations.vb"><ent r="5" t="53" w="271" /><ent r="5" t="53" w="270" /><ent r="5" t="53" w="445" /><ent r="5" t="53" w="444" /><ent r="5" t="53" w="665" /><ent r="5" t="53" w="664" /></phr></stem><stem n="kind"><phr n="kind"><ent r="4" t="53" w="287" /><ent r="3" t="73" w="126" /><ent r="3" t="74" w="123" /><ent r="3" t="94" w="39" /><ent r="3" t="103" w="140" /><ent r="3" t="124" w="66" /><ent r="3" t="125" w="66" /><ent r="3" t="256" w="43" /><ent r="3" t="283" w="262" /><ent r="3" t="283" w="374" /><ent r="5" t="294" w="229" /></phr><phr n="kinds"><ent r="3" t="96" w="28" /></phr></stem><stem n="activatablelist&lt;"><phr n="ActivatableList&lt;"><ent r="5" t="53" w="316" /></phr></stem><stem n="enhancer-tool"><phr n="enhancer-tools"><ent r="4" t="53" w="476" /></phr></stem><stem n="below"><phr n="below"><ent r="4" t="53" w="490" /><ent r="3" t="92" w="97" /><ent r="3" t="99" w="88" /><ent r="3" t="105" w="101" /><ent r="3" t="159" w="44" /><ent r="3" t="240" w="157" /><ent r="3" t="270" w="277" /><ent r="3" t="290" w="56" /></phr></stem><stem n="cannotbeenhanc"><phr n="CannotBeEnhanced"><ent r="5" t="53" w="505" /><ent r="5" t="53" w="583" /></phr></stem><stem n="cast"><phr n="Casts"><ent r="93" t="53" w="680" /></phr><phr n="cast"><ent r="4" t="53" w="705" /></phr><phr n="casting"><ent r="4" t="53" w="714" /></phr></stem><stem n=":strategi"><phr n=":Strategy"><ent r="100" t="54" w="5" /></phr></stem><stem n="touch"><phr n="touched"><ent r="3" t="54" w="32" /></phr><phr n="touches"><ent r="4" t="59" w="344" /><ent r="4" t="140" w="289" /></phr></stem><stem n="-implement"><phr n="-implementation"><ent r="3" t="54" w="78" /><ent r="3" t="54" w="78" /><ent r="4" t="190" w="464" /><ent r="4" t="190" w="464" /><ent r="4" t="190" w="605" /><ent r="4" t="190" w="605" /><ent r="3" t="208" w="83" /><ent r="3" t="208" w="83" /></phr></stem><stem n="rollbackstrategi"><phr n="RollbackStrategy"><ent r="3" t="54" w="78" /></phr></stem><stem n="rollbackstrategy-implement"><phr n="RollbackStrategy-implementation"><ent r="3" t="54" w="78" /></phr></stem><stem n="onc"><phr n="once"><ent r="3" t="54" w="92" /><ent r="4" t="133" w="200" /><ent r="3" t="148" w="167" /><ent r="3" t="148" w="219" /><ent r="3" t="153" w="75" /><ent r="3" t="156" w="132" /><ent r="3" t="157" w="40" /><ent r="3" t="165" w="91" /><ent r="3" t="233" w="359" /><ent r="3" t="306" w="405" /></phr><phr n="Once"><ent r="3" t="288" w="7" /><ent r="3" t="289" w="67" /><ent r="3" t="307" w="100" /></phr></stem><stem n=".common"><phr n=".Common"><ent r="4" t="54" w="143" /></phr></stem><stem n="rollbackexampl"><phr n="RollbackExample"><ent r="4" t="54" w="154" /><ent r="4" t="54" w="187" /><ent r="4" t="54" w="241" /><ent r="4" t="54" w="291" /></phr></stem><stem n="rollbackexample.c"><phr n="RollbackExample.cs"><ent r="4" t="54" w="155" /><ent r="4" t="54" w="154" /><ent r="4" t="54" w="242" /><ent r="4" t="54" w="241" /></phr></stem><stem n="rollbackexample.vb"><phr n="RollbackExample.vb"><ent r="4" t="54" w="188" /><ent r="4" t="54" w="187" /><ent r="4" t="54" w="292" /><ent r="4" t="54" w="291" /></phr></stem><stem n="aswel"><phr n="aswell"><ent r="3" t="54" w="208" /></phr></stem><stem n="newnam"><phr n="NewName"><ent r="5" t="54" w="218" /><ent r="5" t="54" w="269" /><ent r="5" t="66" w="611" /><ent r="5" t="66" w="699" /><ent r="5" t="219" w="41" /><ent r="5" t="219" w="76" /></phr></stem><stem n="&quot;newname&quot;"><phr n="&quot;NewName&quot;"><ent r="5" t="54" w="219" /><ent r="5" t="54" w="270" /><ent r="5" t="66" w="612" /><ent r="5" t="66" w="700" /></phr></stem><stem n="error-proof"><phr n="error-proof"><ent r="3" t="55" w="26" /></phr></stem><stem n="proof"><phr n="proof"><ent r="3" t="55" w="27" /></phr></stem><stem n="-proof."><phr n="-proof."><ent r="3" t="55" w="28" /><ent r="3" t="55" w="28" /></phr></stem><stem n="aim"><phr n="aim"><ent r="3" t="55" w="41" /></phr><phr n="aims"><ent r="3" t="309" w="239" /></phr></stem><stem n="unexpect"><phr n="unexpected"><ent r="3" t="55" w="56" /><ent r="3" t="191" w="334" /><ent r="3" t="218" w="62" /></phr></stem><stem n="undesir"><phr n="undesired"><ent r="3" t="55" w="58" /></phr></stem><stem n="tostring-method"><phr n="toString-method"><ent r="3" t="55" w="94" /></phr></stem><stem n="migrat"><phr n="Migrating"><ent r="92" t="55" w="136" /></phr><phr n="migrate"><ent r="3" t="118" w="144" /></phr></stem><stem n="-interface,"><phr n="-interface,"><ent r="3" t="55" w="152" /><ent r="3" t="55" w="152" /></phr></stem><stem n="unbound"><phr n="unbound"><ent r="3" t="55" w="201" /></phr></stem><stem n=".just"><phr n=".Just"><ent r="3" t="55" w="209" /></phr></stem><stem n="database.just"><phr n="database.Just"><ent r="3" t="55" w="209" /><ent r="3" t="55" w="208" /></phr></stem><stem n="-flag"><phr n="-flag"><ent r="4" t="55" w="236" /><ent r="4" t="55" w="236" /><ent r="3" t="244" w="47" /><ent r="3" t="244" w="47" /><ent r="3" t="244" w="96" /><ent r="3" t="244" w="96" /></phr><phr n="-Flag"><ent r="4" t="244" w="273" /><ent r="4" t="244" w="273" /><ent r="4" t="244" w="304" /><ent r="4" t="244" w="304" /></phr></stem><stem n="debug-flag"><phr n="debug-flag"><ent r="4" t="55" w="236" /></phr></stem><stem n="flag"><phr n="flag"><ent r="4" t="55" w="237" /><ent r="3" t="244" w="48" /><ent r="3" t="244" w="97" /><ent r="3" t="244" w="107" /><ent r="5" t="244" w="163" /><ent r="5" t="244" w="167" /><ent r="5" t="244" w="243" /><ent r="5" t="244" w="247" /></phr><phr n="flags"><ent r="3" t="235" w="11" /><ent r="3" t="298" w="539" /><ent r="64" t="298" w="559" /></phr><phr n="Flag"><ent r="92" t="244" w="31" /><ent r="4" t="244" w="274" /><ent r="4" t="244" w="305" /></phr><phr n="Flags"><ent r="4" t="258" w="221" /><ent r="4" t="258" w="242" /><ent r="3" t="270" w="193" /><ent r="3" t="270" w="214" /></phr></stem><stem n="anywher"><phr n="anywhere"><ent r="3" t="55" w="250" /><ent r="3" t="90" w="103" /></phr></stem><stem n="think"><phr n="think"><ent r="3" t="55" w="257" /><ent r="4" t="113" w="66" /><ent r="3" t="240" w="32" /><ent r="3" t="281" w="67" /></phr></stem><stem n="area"><phr n="area"><ent r="3" t="55" w="265" /><ent r="3" t="274" w="80" /><ent r="3" t="286" w="21" /></phr></stem><stem n="pleas"><phr n="please"><ent r="3" t="55" w="266" /><ent r="3" t="93" w="161" /><ent r="3" t="117" w="74" /><ent r="3" t="270" w="296" /><ent r="3" t="289" w="30" /><ent r="3" t="293" w="138" /><ent r="4" t="294" w="242" /><ent r="3" t="307" w="20" /><ent r="3" t="309" w="111" /></phr><phr n="Please"><ent r="3" t="148" w="164" /><ent r="3" t="191" w="325" /><ent r="3" t="269" w="101" /><ent r="3" t="292" w="127" /></phr></stem><stem n="submit"><phr n="submit"><ent r="3" t="55" w="267" /></phr><phr n="submitted"><ent r="4" t="193" w="87" /><ent r="4" t="193" w="326" /></phr><phr n="submitting"><ent r="3" t="307" w="122" /></phr></stem><stem n="bug"><phr n="bug"><ent r="3" t="55" w="269" /><ent r="3" t="293" w="154" /><ent r="3" t="293" w="179" /><ent r="64" t="293" w="187" /><ent r="3" t="293" w="227" /><ent r="3" t="293" w="239" /><ent r="3" t="294" w="14" /><ent r="3" t="294" w="40" /><ent r="3" t="294" w="56" /><ent r="3" t="294" w="96" /><ent r="3" t="294" w="121" /><ent r="4" t="294" w="143" /><ent r="4" t="294" w="149" /><ent r="4" t="294" w="183" /><ent r="3" t="301" w="148" /></phr><phr n="bugs"><ent r="3" t="112" w="219" /><ent r="3" t="132" w="98" /><ent r="3" t="281" w="39" /><ent r="3" t="293" w="129" /><ent r="3" t="293" w="137" /><ent r="3" t="293" w="209" /><ent r="3" t="294" w="26" /></phr><phr n="Bugs"><ent r="64" t="281" w="74" /><ent r="92" t="293" w="124" /><ent r="1000" t="294" w="2" /><ent r="100" t="294" w="5" /><ent r="100" t="294" w="7" /><ent r="102" t="294" w="10" /><ent r="92" t="294" w="32" /></phr><phr n="Bug"><ent r="92" t="294" w="116" /></phr></stem><stem n="jira"><phr n="Jira"><ent r="64" t="55" w="274" /><ent r="64" t="307" w="114" /></phr></stem><stem n="delete-method"><phr n="delete-method"><ent r="3" t="56" w="24" /><ent r="3" t="57" w="18" /></phr></stem><stem n="findcar"><phr n="FindCar"><ent r="4" t="56" w="54" /><ent r="4" t="56" w="110" /><ent r="4" t="56" w="253" /><ent r="4" t="56" w="296" /><ent r="4" t="57" w="176" /><ent r="4" t="57" w="213" /></phr></stem><stem n=".delete(car);"><phr n=".Delete(car);"><ent r="4" t="56" w="59" /><ent r="4" t="57" w="181" /></phr></stem><stem n="we'v"><phr n="We've"><ent r="5" t="56" w="61" /><ent r="5" t="56" w="60" /><ent r="5" t="56" w="117" /><ent r="5" t="56" w="116" /></phr><phr n="we've"><ent r="3" t="123" w="54" /><ent r="3" t="123" w="53" /></phr></stem><stem n="care"><phr n="care"><ent r="5" t="56" w="65" /><ent r="5" t="56" w="121" /><ent r="3" t="114" w="213" /><ent r="3" t="179" w="33" /><ent r="3" t="184" w="68" /><ent r="4" t="274" w="367" /><ent r="4" t="274" w="474" /></phr><phr n="careful"><ent r="4" t="113" w="78" /><ent r="4" t="238" w="194" /><ent r="3" t="273" w="133" /></phr><phr n="Careful"><ent r="92" t="244" w="328" /></phr></stem><stem n="assertequ"><phr n="AssertEquals"><ent r="4" t="56" w="69" /><ent r="4" t="56" w="81" /><ent r="4" t="56" w="125" /><ent r="4" t="56" w="139" /><ent r="4" t="56" w="255" /><ent r="4" t="56" w="298" /><ent r="4" t="57" w="189" /><ent r="4" t="57" w="226" /><ent r="4" t="58" w="92" /><ent r="4" t="58" w="97" /><ent r="4" t="58" w="158" /><ent r="4" t="58" w="165" /><ent r="4" t="58" w="243" /><ent r="4" t="58" w="248" /><ent r="4" t="58" w="305" /><ent r="4" t="58" w="312" /></phr></stem><stem n="(0,"><phr n="(0,"><ent r="4" t="56" w="71" /><ent r="4" t="56" w="127" /><ent r="4" t="57" w="191" /><ent r="4" t="57" w="228" /><ent r="4" t="112" w="298" /><ent r="4" t="112" w="346" /><ent r="4" t="112" w="362" /><ent r="4" t="112" w="652" /><ent r="4" t="112" w="703" /><ent r="4" t="112" w="720" /></phr></stem><stem n="allcar"><phr n="AllCars"><ent r="4" t="56" w="71" /><ent r="4" t="56" w="127" /></phr></stem><stem n="(container).count);"><phr n="(container).Count);"><ent r="4" t="56" w="74" /><ent r="4" t="56" w="86" /><ent r="4" t="57" w="194" /><ent r="4" t="58" w="97" /><ent r="4" t="58" w="248" /></phr></stem><stem n="(1,"><phr n="(1,"><ent r="4" t="56" w="83" /><ent r="4" t="56" w="141" /></phr></stem><stem n="allpilot"><phr n="AllPilots"><ent r="4" t="56" w="83" /><ent r="4" t="56" w="141" /><ent r="4" t="57" w="191" /><ent r="4" t="57" w="228" /><ent r="4" t="58" w="94" /><ent r="4" t="58" w="160" /><ent r="4" t="58" w="245" /><ent r="4" t="58" w="307" /></phr><phr n="allPilots"><ent r="4" t="260" w="185" /><ent r="4" t="260" w="193" /></phr></stem><stem n="deletionexampl"><phr n="DeletionExamples"><ent r="4" t="56" w="87" /><ent r="4" t="56" w="147" /><ent r="4" t="56" w="201" /><ent r="4" t="56" w="226" /><ent r="4" t="56" w="262" /><ent r="4" t="56" w="305" /><ent r="4" t="57" w="94" /><ent r="4" t="57" w="145" /><ent r="4" t="57" w="195" /><ent r="4" t="57" w="234" /><ent r="4" t="58" w="105" /><ent r="4" t="58" w="175" /><ent r="4" t="58" w="256" /><ent r="4" t="58" w="322" /></phr></stem><stem n="deletionexamples.c"><phr n="DeletionExamples.cs"><ent r="4" t="56" w="88" /><ent r="4" t="56" w="87" /><ent r="4" t="56" w="202" /><ent r="4" t="56" w="201" /><ent r="4" t="56" w="263" /><ent r="4" t="56" w="262" /><ent r="4" t="57" w="95" /><ent r="4" t="57" w="94" /><ent r="4" t="57" w="196" /><ent r="4" t="57" w="195" /><ent r="4" t="58" w="106" /><ent r="4" t="58" w="105" /><ent r="4" t="58" w="257" /><ent r="4" t="58" w="256" /></phr></stem><stem n=".delete(car)"><phr n=".Delete(car)"><ent r="4" t="56" w="115" /><ent r="4" t="57" w="218" /></phr></stem><stem n="(container)."><phr n="(container)."><ent r="4" t="56" w="129" /><ent r="4" t="56" w="143" /><ent r="4" t="57" w="230" /><ent r="4" t="58" w="162" /><ent r="4" t="58" w="309" /></phr></stem><stem n="deletionexamples.vb"><phr n="DeletionExamples.vb"><ent r="4" t="56" w="148" /><ent r="4" t="56" w="147" /><ent r="4" t="56" w="227" /><ent r="4" t="56" w="226" /><ent r="4" t="56" w="306" /><ent r="4" t="56" w="305" /><ent r="4" t="57" w="146" /><ent r="4" t="57" w="145" /><ent r="4" t="57" w="235" /><ent r="4" t="57" w="234" /><ent r="4" t="58" w="176" /><ent r="4" t="58" w="175" /><ent r="4" t="58" w="323" /><ent r="4" t="58" w="322" /></phr></stem></index>