﻿<?xml version="1.0" encoding="utf-8"?><index><stem n="object"><phr n="object"><ent r="3" t="0" w="9" /><ent r="65" t="0" w="113" /><ent r="4" t="0" w="125" /><ent r="3" t="1" w="36" /><ent r="3" t="1" w="51" /><ent r="3" t="1" w="211" /><ent r="3" t="2" w="33" /><ent r="3" t="2" w="58" /><ent r="3" t="2" w="64" /><ent r="3" t="2" w="115" /><ent r="3" t="2" w="136" /><ent r="3" t="2" w="154" /><ent r="3" t="2" w="247" /><ent r="3" t="2" w="305" /><ent r="3" t="2" w="460" /><ent r="3" t="2" w="465" /><ent r="3" t="2" w="560" /><ent r="3" t="2" w="579" /><ent r="3" t="2" w="588" /><ent r="3" t="2" w="599" /><ent r="3" t="2" w="630" /><ent r="3" t="2" w="639" /><ent r="3" t="2" w="656" /><ent r="3" t="3" w="58" /><ent r="3" t="3" w="118" /><ent r="2" t="4" w="71" /><ent r="3" t="4" w="527" /><ent r="3" t="4" w="544" /><ent r="3" t="4" w="554" /><ent r="3" t="4" w="569" /><ent r="3" t="4" w="575" /><ent r="3" t="4" w="580" /><ent r="3" t="4" w="630" /><ent r="6" t="5" w="98" /><ent r="6" t="5" w="159" /><ent r="6" t="5" w="300" /><ent r="3" t="5" w="527" /><ent r="64" t="6" w="44" /><ent r="64" t="6" w="99" /><ent r="3" t="7" w="16" /><ent r="3" t="7" w="49" /><ent r="3" t="7" w="83" /><ent r="3" t="7" w="89" /><ent r="3" t="7" w="92" /><ent r="3" t="7" w="123" /><ent r="3" t="7" w="140" /><ent r="3" t="7" w="166" /><ent r="3" t="7" w="271" /><ent r="3" t="7" w="306" /><ent r="3" t="7" w="402" /><ent r="3" t="7" w="478" /><ent r="3" t="7" w="524" /><ent r="3" t="7" w="535" /><ent r="3" t="7" w="653" /><ent r="3" t="7" w="670" /><ent r="3" t="8" w="350" /><ent r="3" t="10" w="13" /><ent r="3" t="10" w="37" /><ent r="3" t="10" w="57" /><ent r="3" t="10" w="65" /><ent r="5" t="10" w="93" /><ent r="4" t="10" w="101" /><ent r="5" t="10" w="116" /><ent r="4" t="10" w="141" /><ent r="3" t="10" w="162" /><ent r="3" t="10" w="170" /><ent r="3" t="10" w="175" /><ent r="3" t="10" w="201" /><ent r="4" t="10" w="237" /><ent r="4" t="10" w="283" /><ent r="3" t="10" w="473" /><ent r="3" t="10" w="483" /><ent r="4" t="10" w="676" /><ent r="4" t="10" w="734" /><ent r="3" t="12" w="70" /><ent r="3" t="12" w="141" /><ent r="3" t="14" w="404" /><ent r="3" t="17" w="96" /><ent r="3" t="17" w="389" /><ent r="3" t="18" w="889" /><ent r="3" t="23" w="29" /><ent r="3" t="23" w="58" /><ent r="3" t="24" w="24" /><ent r="3" t="24" w="31" /><ent r="3" t="24" w="738" /><ent r="3" t="27" w="1064" /><ent r="3" t="27" w="1072" /><ent r="3" t="27" w="1074" /><ent r="3" t="27" w="1093" /><ent r="3" t="27" w="1109" /><ent r="5" t="27" w="1137" /><ent r="4" t="27" w="1162" /><ent r="5" t="27" w="1202" /><ent r="4" t="27" w="1233" /><ent r="3" t="28" w="215" /><ent r="4" t="28" w="576" /><ent r="4" t="28" w="637" /><ent r="3" t="28" w="678" /><ent r="3" t="28" w="692" /><ent r="3" t="28" w="698" /><ent r="5" t="28" w="733" /><ent r="5" t="28" w="748" /><ent r="5" t="28" w="805" /><ent r="5" t="28" w="820" /><ent r="3" t="28" w="919" /><ent r="3" t="28" w="1076" /><ent r="3" t="28" w="1079" /><ent r="5" t="28" w="1110" /><ent r="5" t="28" w="1178" /><ent r="3" t="29" w="87" /><ent r="3" t="29" w="90" /><ent r="3" t="29" w="94" /><ent r="5" t="30" w="417" /><ent r="5" t="30" w="421" /><ent r="3" t="31" w="335" /><ent r="3" t="31" w="930" /><ent r="5" t="31" w="985" /><ent r="5" t="31" w="1045" /><ent r="64" t="33" w="203" /><ent r="3" t="34" w="22" /><ent r="3" t="34" w="206" /><ent r="3" t="34" w="450" /><ent r="3" t="34" w="468" /><ent r="3" t="34" w="503" /><ent r="3" t="34" w="516" /><ent r="4" t="34" w="599" /><ent r="4" t="34" w="673" /><ent r="3" t="35" w="48" /><ent r="3" t="38" w="44" /><ent r="3" t="38" w="54" /><ent r="3" t="38" w="65" /><ent r="3" t="38" w="71" /><ent r="3" t="38" w="81" /><ent r="3" t="38" w="110" /><ent r="3" t="38" w="120" /><ent r="3" t="38" w="215" /><ent r="3" t="38" w="228" /><ent r="3" t="38" w="235" /><ent r="3" t="38" w="238" /><ent r="3" t="38" w="270" /><ent r="4" t="38" w="292" /><ent r="4" t="38" w="340" /><ent r="3" t="38" w="358" /><ent r="3" t="38" w="366" /><ent r="3" t="38" w="372" /><ent r="3" t="38" w="386" /><ent r="3" t="38" w="395" /><ent r="3" t="38" w="427" /><ent r="3" t="38" w="495" /><ent r="3" t="39" w="74" /><ent r="3" t="39" w="96" /><ent r="3" t="39" w="124" /><ent r="3" t="39" w="155" /><ent r="3" t="39" w="177" /><ent r="4" t="39" w="251" /><ent r="3" t="39" w="401" /><ent r="3" t="40" w="40" /><ent r="3" t="40" w="70" /><ent r="3" t="40" w="82" /><ent r="3" t="40" w="129" /><ent r="3" t="40" w="131" /><ent r="3" t="40" w="168" /><ent r="3" t="40" w="187" /><ent r="3" t="40" w="202" /><ent r="3" t="40" w="283" /><ent r="3" t="40" w="294" /><ent r="3" t="40" w="315" /><ent r="3" t="41" w="16" /><ent r="3" t="41" w="37" /><ent r="3" t="41" w="67" /><ent r="3" t="41" w="133" /><ent r="3" t="41" w="156" /><ent r="3" t="41" w="166" /><ent r="4" t="41" w="193" /><ent r="3" t="42" w="24" /><ent r="3" t="42" w="49" /><ent r="3" t="42" w="338" /><ent r="3" t="42" w="347" /><ent r="3" t="42" w="360" /><ent r="3" t="42" w="549" /><ent r="3" t="42" w="768" /><ent r="3" t="42" w="773" /><ent r="4" t="42" w="849" /><ent r="4" t="42" w="898" /><ent r="3" t="43" w="22" /><ent r="3" t="43" w="39" /><ent r="3" t="43" w="58" /><ent r="3" t="44" w="30" /><ent r="3" t="44" w="47" /><ent r="3" t="44" w="57" /><ent r="3" t="44" w="64" /><ent r="3" t="44" w="92" /><ent r="3" t="44" w="99" /><ent r="3" t="44" w="106" /><ent r="64" t="44" w="112" /><ent r="3" t="44" w="123" /><ent r="3" t="44" w="126" /><ent r="3" t="44" w="135" /><ent r="3" t="44" w="147" /><ent r="3" t="44" w="154" /><ent r="3" t="44" w="164" /><ent r="3" t="44" w="186" /><ent r="3" t="44" w="209" /><ent r="3" t="44" w="215" /><ent r="3" t="44" w="246" /><ent r="3" t="44" w="283" /><ent r="3" t="44" w="307" /><ent r="3" t="45" w="81" /><ent r="5" t="45" w="128" /><ent r="5" t="45" w="241" /><ent r="3" t="45" w="335" /><ent r="3" t="46" w="34" /><ent r="5" t="46" w="75" /><ent r="5" t="46" w="92" /><ent r="5" t="46" w="206" /><ent r="5" t="46" w="223" /><ent r="3" t="46" w="351" /><ent r="3" t="47" w="33" /><ent r="3" t="47" w="47" /><ent r="3" t="49" w="285" /><ent r="3" t="49" w="429" /><ent r="3" t="49" w="453" /><ent r="3" t="49" w="993" /><ent r="5" t="49" w="1068" /><ent r="5" t="49" w="1100" /><ent r="5" t="49" w="1209" /><ent r="5" t="49" w="1248" /><ent r="3" t="50" w="704" /><ent r="5" t="50" w="741" /><ent r="5" t="50" w="818" /><ent r="3" t="54" w="95" /><ent r="3" t="54" w="108" /><ent r="3" t="54" w="113" /><ent r="3" t="55" w="155" /><ent r="3" t="55" w="159" /><ent r="3" t="55" w="163" /><ent r="3" t="55" w="170" /><ent r="3" t="55" w="184" /><ent r="3" t="55" w="194" /><ent r="3" t="55" w="198" /><ent r="3" t="56" w="12" /><ent r="3" t="56" w="19" /><ent r="3" t="56" w="36" /><ent r="4" t="56" w="90" /><ent r="4" t="56" w="150" /><ent r="3" t="56" w="174" /><ent r="3" t="56" w="326" /><ent r="3" t="57" w="56" /><ent r="3" t="58" w="49" /><ent r="3" t="59" w="38" /><ent r="3" t="62" w="142" /><ent r="3" t="62" w="166" /><ent r="5" t="64" w="183" /><ent r="3" t="65" w="238" /><ent r="3" t="66" w="94" /><ent r="4" t="66" w="213" /><ent r="4" t="66" w="287" /><ent r="3" t="66" w="359" /><ent r="3" t="66" w="371" /><ent r="3" t="66" w="391" /><ent r="3" t="66" w="577" /><ent r="3" t="66" w="590" /><ent r="3" t="67" w="42" /><ent r="3" t="67" w="47" /><ent r="3" t="68" w="162" /><ent r="3" t="69" w="21" /><ent r="3" t="69" w="32" /><ent r="3" t="69" w="59" /><ent r="3" t="69" w="77" /><ent r="3" t="69" w="131" /><ent r="3" t="69" w="135" /><ent r="3" t="69" w="192" /><ent r="3" t="69" w="203" /><ent r="3" t="69" w="221" /><ent r="5" t="69" w="228" /><ent r="5" t="69" w="243" /><ent r="4" t="69" w="262" /><ent r="5" t="69" w="304" /><ent r="4" t="69" w="323" /><ent r="3" t="69" w="346" /><ent r="3" t="69" w="367" /><ent r="3" t="69" w="465" /><ent r="3" t="69" w="469" /><ent r="3" t="69" w="487" /><ent r="3" t="69" w="542" /><ent r="3" t="69" w="552" /><ent r="3" t="69" w="568" /><ent r="5" t="69" w="570" /><ent r="5" t="69" w="585" /><ent r="4" t="69" w="604" /><ent r="5" t="69" w="636" /><ent r="4" t="69" w="655" /><ent r="3" t="70" w="43" /><ent r="3" t="70" w="49" /><ent r="3" t="70" w="635" /><ent r="3" t="72" w="14" /><ent r="4" t="73" w="66" /><ent r="3" t="73" w="149" /><ent r="3" t="73" w="190" /><ent r="3" t="73" w="225" /><ent r="3" t="74" w="24" /><ent r="3" t="74" w="55" /><ent r="4" t="74" w="88" /><ent r="3" t="74" w="1155" /><ent r="3" t="75" w="39" /><ent r="3" t="76" w="21" /><ent r="3" t="76" w="40" /><ent r="64" t="76" w="51" /><ent r="3" t="76" w="181" /><ent r="4" t="76" w="251" /><ent r="4" t="76" w="353" /><ent r="4" t="76" w="418" /><ent r="4" t="76" w="495" /><ent r="3" t="76" w="519" /><ent r="3" t="76" w="542" /><ent r="3" t="76" w="553" /><ent r="3" t="88" w="13" /><ent r="3" t="89" w="28" /><ent r="3" t="89" w="39" /><ent r="3" t="89" w="47" /><ent r="3" t="94" w="75" /><ent r="4" t="95" w="134" /><ent r="3" t="96" w="113" /><ent r="5" t="96" w="225" /><ent r="5" t="96" w="342" /><ent r="3" t="96" w="621" /><ent r="3" t="96" w="650" /><ent r="3" t="96" w="660" /><ent r="5" t="96" w="697" /><ent r="5" t="96" w="757" /><ent r="5" t="96" w="912" /><ent r="6" t="97" w="44" /><ent r="6" t="97" w="58" /><ent r="6" t="97" w="71" /><ent r="6" t="97" w="88" /><ent r="6" t="97" w="104" /><ent r="6" t="97" w="118" /><ent r="6" t="97" w="131" /><ent r="6" t="97" w="145" /><ent r="6" t="97" w="158" /><ent r="6" t="97" w="172" /><ent r="6" t="97" w="245" /><ent r="6" t="97" w="273" /><ent r="4" t="98" w="49" /><ent r="4" t="98" w="64" /><ent r="3" t="99" w="41" /><ent r="3" t="99" w="104" /><ent r="3" t="99" w="873" /><ent r="5" t="99" w="923" /><ent r="5" t="99" w="955" /><ent r="3" t="100" w="60" /><ent r="3" t="100" w="67" /><ent r="5" t="100" w="90" /><ent r="5" t="100" w="96" /><ent r="3" t="100" w="346" /><ent r="3" t="101" w="68" /><ent r="3" t="101" w="90" /><ent r="3" t="101" w="103" /><ent r="5" t="101" w="121" /><ent r="5" t="101" w="137" /><ent r="4" t="102" w="109" /><ent r="3" t="103" w="29" /><ent r="3" t="103" w="38" /><ent r="3" t="103" w="52" /><ent r="3" t="103" w="213" /><ent r="64" t="103" w="223" /><ent r="3" t="104" w="30" /><ent r="3" t="104" w="57" /><ent r="3" t="104" w="63" /><ent r="3" t="104" w="70" /><ent r="3" t="105" w="194" /><ent r="3" t="109" w="232" /><ent r="3" t="109" w="237" /><ent r="3" t="109" w="249" /><ent r="5" t="109" w="326" /><ent r="5" t="109" w="338" /><ent r="5" t="109" w="364" /><ent r="5" t="109" w="436" /><ent r="5" t="109" w="448" /><ent r="3" t="111" w="91" /><ent r="3" t="111" w="102" /><ent r="3" t="112" w="32" /><ent r="5" t="112" w="513" /><ent r="3" t="112" w="1358" /><ent r="3" t="114" w="50" /><ent r="3" t="114" w="66" /><ent r="3" t="114" w="100" /><ent r="3" t="114" w="113" /><ent r="3" t="114" w="200" /><ent r="3" t="114" w="204" /><ent r="3" t="114" w="219" /><ent r="3" t="114" w="230" /><ent r="3" t="114" w="247" /><ent r="5" t="114" w="298" /><ent r="5" t="114" w="302" /><ent r="5" t="114" w="308" /><ent r="5" t="114" w="326" /><ent r="5" t="114" w="338" /><ent r="5" t="114" w="342" /><ent r="5" t="114" w="389" /><ent r="5" t="114" w="395" /><ent r="5" t="114" w="435" /><ent r="5" t="114" w="497" /><ent r="3" t="114" w="852" /><ent r="3" t="114" w="953" /><ent r="4" t="114" w="978" /><ent r="4" t="114" w="984" /><ent r="4" t="114" w="994" /><ent r="4" t="115" w="44" /><ent r="4" t="115" w="78" /><ent r="3" t="116" w="22" /><ent r="3" t="116" w="27" /><ent r="3" t="116" w="44" /><ent r="3" t="117" w="103" /><ent r="5" t="117" w="115" /><ent r="3" t="117" w="302" /><ent r="5" t="117" w="314" /><ent r="3" t="117" w="591" /><ent r="3" t="118" w="51" /><ent r="3" t="118" w="82" /><ent r="4" t="119" w="83" /><ent r="4" t="120" w="256" /><ent r="4" t="120" w="291" /><ent r="3" t="121" w="68" /><ent r="5" t="121" w="284" /><ent r="5" t="121" w="337" /><ent r="5" t="121" w="442" /><ent r="3" t="121" w="637" /><ent r="4" t="122" w="102" /><ent r="4" t="122" w="125" /><ent r="3" t="126" w="75" /><ent r="4" t="126" w="92" /><ent r="3" t="126" w="113" /><ent r="2" t="127" w="246" /><ent r="3" t="129" w="89" /><ent r="3" t="129" w="96" /><ent r="5" t="130" w="190" /><ent r="5" t="130" w="238" /><ent r="5" t="130" w="242" /><ent r="3" t="131" w="73" /><ent r="3" t="131" w="219" /><ent r="3" t="135" w="13" /><ent r="3" t="135" w="42" /><ent r="4" t="135" w="68" /><ent r="4" t="135" w="90" /><ent r="3" t="135" w="129" /><ent r="3" t="137" w="137" /><ent r="3" t="139" w="34" /><ent r="4" t="139" w="110" /><ent r="4" t="140" w="366" /><ent r="4" t="140" w="469" /><ent r="4" t="140" w="488" /><ent r="3" t="142" w="57" /><ent r="3" t="142" w="71" /><ent r="4" t="142" w="148" /><ent r="4" t="142" w="190" /><ent r="4" t="142" w="360" /><ent r="4" t="142" w="409" /><ent r="3" t="142" w="446" /><ent r="3" t="143" w="43" /><ent r="6" t="143" w="182" /><ent r="6" t="143" w="280" /><ent r="3" t="144" w="134" /><ent r="3" t="146" w="16" /><ent r="3" t="146" w="34" /><ent r="3" t="146" w="81" /><ent r="3" t="146" w="151" /><ent r="3" t="149" w="62" /><ent r="3" t="151" w="55" /><ent r="3" t="153" w="67" /><ent r="3" t="155" w="18" /><ent r="3" t="155" w="33" /><ent r="4" t="158" w="40" /><ent r="4" t="158" w="41" /><ent r="4" t="158" w="49" /><ent r="3" t="159" w="24" /><ent r="3" t="160" w="12" /><ent r="3" t="165" w="24" /><ent r="3" t="165" w="150" /><ent r="3" t="165" w="160" /><ent r="3" t="165" w="164" /><ent r="3" t="166" w="99" /><ent r="5" t="166" w="311" /><ent r="3" t="173" w="55" /><ent r="3" t="177" w="34" /><ent r="3" t="179" w="447" /><ent r="3" t="180" w="14" /><ent r="4" t="182" w="64" /><ent r="3" t="188" w="554" /><ent r="3" t="188" w="612" /><ent r="6" t="195" w="89" /><ent r="6" t="195" w="102" /><ent r="3" t="197" w="60" /><ent r="64" t="197" w="151" /><ent r="3" t="197" w="162" /><ent r="3" t="197" w="181" /><ent r="4" t="198" w="107" /><ent r="4" t="198" w="134" /><ent r="64" t="198" w="152" /><ent r="3" t="198" w="163" /><ent r="3" t="198" w="182" /><ent r="3" t="200" w="48" /><ent r="3" t="200" w="65" /><ent r="3" t="202" w="41" /><ent r="3" t="205" w="14" /><ent r="3" t="209" w="34" /><ent r="6" t="209" w="179" /><ent r="6" t="209" w="191" /><ent r="6" t="209" w="203" /><ent r="3" t="222" w="16" /><ent r="3" t="222" w="34" /><ent r="64" t="223" w="24" /><ent r="3" t="223" w="320" /><ent r="3" t="223" w="329" /><ent r="4" t="223" w="378" /><ent r="4" t="223" w="422" /><ent r="3" t="223" w="440" /><ent r="3" t="223" w="444" /><ent r="4" t="223" w="501" /><ent r="4" t="223" w="545" /><ent r="3" t="223" w="563" /><ent r="3" t="223" w="567" /><ent r="4" t="223" w="603" /><ent r="4" t="223" w="647" /><ent r="3" t="224" w="47" /><ent r="3" t="224" w="85" /><ent r="3" t="224" w="93" /><ent r="3" t="226" w="102" /><ent r="3" t="226" w="277" /><ent r="64" t="227" w="19" /><ent r="3" t="227" w="60" /><ent r="3" t="227" w="63" /><ent r="3" t="227" w="82" /><ent r="4" t="227" w="283" /><ent r="3" t="227" w="358" /><ent r="3" t="227" w="360" /><ent r="3" t="228" w="12" /><ent r="3" t="228" w="80" /><ent r="3" t="228" w="91" /><ent r="8" t="228" w="169" /><ent r="8" t="228" w="197" /><ent r="3" t="228" w="216" /><ent r="3" t="228" w="221" /><ent r="4" t="228" w="245" /><ent r="4" t="228" w="266" /><ent r="3" t="229" w="22" /><ent r="3" t="229" w="242" /><ent r="3" t="232" w="183" /><ent r="3" t="232" w="202" /><ent r="3" t="233" w="112" /><ent r="3" t="233" w="124" /><ent r="3" t="233" w="184" /><ent r="3" t="233" w="305" /><ent r="3" t="233" w="396" /><ent r="3" t="233" w="592" /><ent r="3" t="234" w="43" /><ent r="3" t="235" w="19" /><ent r="3" t="235" w="307" /><ent r="3" t="236" w="88" /><ent r="5" t="236" w="380" /><ent r="5" t="236" w="610" /><ent r="6" t="237" w="348" /><ent r="3" t="239" w="62" /><ent r="3" t="239" w="77" /><ent r="3" t="241" w="42" /><ent r="64" t="243" w="22" /><ent r="3" t="243" w="32" /><ent r="3" t="243" w="42" /><ent r="3" t="243" w="51" /><ent r="3" t="243" w="59" /><ent r="3" t="243" w="73" /><ent r="3" t="243" w="84" /><ent r="3" t="243" w="100" /><ent r="3" t="243" w="104" /><ent r="3" t="243" w="126" /><ent r="3" t="243" w="135" /><ent r="3" t="243" w="148" /><ent r="3" t="243" w="175" /><ent r="3" t="243" w="185" /><ent r="3" t="243" w="199" /><ent r="64" t="243" w="213" /><ent r="3" t="243" w="243" /><ent r="3" t="243" w="260" /><ent r="3" t="243" w="271" /><ent r="3" t="243" w="280" /><ent r="3" t="243" w="292" /><ent r="3" t="243" w="302" /><ent r="3" t="243" w="313" /><ent r="3" t="243" w="325" /><ent r="64" t="243" w="351" /><ent r="3" t="244" w="8" /><ent r="3" t="244" w="17" /><ent r="3" t="244" w="39" /><ent r="3" t="244" w="84" /><ent r="5" t="244" w="159" /><ent r="5" t="244" w="172" /><ent r="5" t="244" w="231" /><ent r="5" t="244" w="239" /><ent r="5" t="244" w="252" /><ent r="3" t="244" w="341" /><ent r="3" t="244" w="350" /><ent r="3" t="244" w="363" /><ent r="3" t="244" w="372" /><ent r="64" t="246" w="19" /><ent r="3" t="246" w="27" /><ent r="3" t="246" w="37" /><ent r="3" t="246" w="44" /><ent r="3" t="246" w="54" /><ent r="3" t="246" w="71" /><ent r="3" t="246" w="84" /><ent r="3" t="246" w="94" /><ent r="3" t="246" w="109" /><ent r="3" t="246" w="125" /><ent r="3" t="246" w="130" /><ent r="3" t="246" w="181" /><ent r="3" t="246" w="183" /><ent r="3" t="246" w="197" /><ent r="3" t="246" w="209" /><ent r="3" t="247" w="27" /><ent r="3" t="247" w="42" /><ent r="3" t="247" w="187" /><ent r="3" t="247" w="197" /><ent r="3" t="247" w="203" /><ent r="3" t="248" w="17" /><ent r="3" t="248" w="60" /><ent r="3" t="248" w="71" /><ent r="3" t="248" w="125" /><ent r="3" t="248" w="136" /><ent r="3" t="248" w="150" /><ent r="5" t="248" w="164" /><ent r="5" t="248" w="179" /><ent r="4" t="248" w="198" /><ent r="5" t="248" w="240" /><ent r="4" t="248" w="259" /><ent r="3" t="249" w="107" /><ent r="3" t="249" w="116" /><ent r="3" t="249" w="119" /><ent r="3" t="249" w="171" /><ent r="3" t="249" w="182" /><ent r="3" t="249" w="195" /><ent r="5" t="249" w="204" /><ent r="5" t="249" w="219" /><ent r="4" t="249" w="238" /><ent r="5" t="249" w="270" /><ent r="4" t="249" w="289" /><ent r="3" t="250" w="48" /><ent r="3" t="250" w="160" /><ent r="3" t="250" w="231" /><ent r="3" t="250" w="300" /><ent r="4" t="250" w="337" /><ent r="4" t="250" w="376" /><ent r="3" t="251" w="46" /><ent r="3" t="251" w="270" /><ent r="5" t="251" w="299" /><ent r="5" t="251" w="331" /><ent r="3" t="251" w="417" /><ent r="3" t="251" w="489" /><ent r="4" t="251" w="525" /><ent r="4" t="251" w="569" /><ent r="3" t="252" w="25" /><ent r="3" t="252" w="43" /><ent r="3" t="252" w="54" /><ent r="3" t="252" w="73" /><ent r="3" t="252" w="82" /><ent r="3" t="252" w="86" /><ent r="3" t="252" w="91" /><ent r="3" t="253" w="19" /><ent r="64" t="253" w="23" /><ent r="3" t="253" w="39" /><ent r="3" t="253" w="50" /><ent r="3" t="253" w="59" /><ent r="5" t="253" w="80" /><ent r="4" t="253" w="154" /><ent r="5" t="253" w="194" /><ent r="4" t="253" w="298" /><ent r="3" t="253" w="313" /><ent r="3" t="253" w="324" /><ent r="3" t="253" w="336" /><ent r="4" t="253" w="406" /><ent r="4" t="253" w="515" /><ent r="3" t="254" w="19" /><ent r="3" t="254" w="22" /><ent r="3" t="254" w="30" /><ent r="3" t="254" w="49" /><ent r="3" t="254" w="66" /><ent r="5" t="254" w="77" /><ent r="5" t="254" w="121" /><ent r="5" t="254" w="158" /><ent r="5" t="254" w="198" /><ent r="5" t="254" w="258" /><ent r="5" t="254" w="298" /><ent r="3" t="255" w="74" /><ent r="3" t="255" w="99" /><ent r="3" t="255" w="146" /><ent r="3" t="256" w="64" /><ent r="4" t="256" w="146" /><ent r="4" t="256" w="220" /><ent r="3" t="257" w="19" /><ent r="3" t="257" w="39" /><ent r="3" t="257" w="397" /><ent r="5" t="257" w="458" /><ent r="5" t="257" w="487" /><ent r="4" t="257" w="505" /><ent r="3" t="260" w="92" /><ent r="3" t="260" w="102" /><ent r="3" t="260" w="133" /><ent r="3" t="260" w="339" /><ent r="3" t="260" w="352" /><ent r="4" t="260" w="405" /><ent r="5" t="263" w="247" /><ent r="5" t="263" w="271" /><ent r="5" t="263" w="343" /><ent r="3" t="263" w="460" /><ent r="3" t="265" w="146" /><ent r="3" t="265" w="402" /><ent r="3" t="265" w="411" /><ent r="3" t="265" w="440" /><ent r="5" t="265" w="527" /><ent r="5" t="265" w="539" /><ent r="3" t="266" w="206" /><ent r="3" t="273" w="85" /><ent r="3" t="274" w="78" /><ent r="3" t="274" w="290" /><ent r="3" t="274" w="292" /><ent r="4" t="274" w="315" /><ent r="4" t="274" w="323" /><ent r="4" t="274" w="370" /><ent r="3" t="274" w="406" /><ent r="4" t="274" w="449" /><ent r="4" t="274" w="457" /><ent r="4" t="274" w="477" /><ent r="3" t="275" w="85" /><ent r="3" t="275" w="95" /><ent r="3" t="275" w="111" /><ent r="3" t="275" w="117" /><ent r="5" t="275" w="183" /><ent r="5" t="275" w="200" /><ent r="5" t="275" w="314" /><ent r="5" t="275" w="331" /><ent r="3" t="275" w="567" /><ent r="4" t="276" w="51" /><ent r="4" t="276" w="57" /><ent r="4" t="276" w="73" /><ent r="4" t="276" w="78" /><ent r="4" t="276" w="101" /><ent r="4" t="276" w="109" /><ent r="3" t="276" w="125" /><ent r="3" t="276" w="130" /><ent r="3" t="276" w="144" /><ent r="3" t="276" w="164" /><ent r="3" t="281" w="219" /><ent r="3" t="281" w="253" /><ent r="3" t="281" w="291" /><ent r="3" t="281" w="295" /><ent r="3" t="281" w="299" /><ent r="5" t="281" w="366" /><ent r="5" t="281" w="386" /><ent r="5" t="281" w="482" /><ent r="5" t="281" w="505" /><ent r="64" t="282" w="122" /><ent r="3" t="283" w="313" /><ent r="3" t="285" w="76" /><ent r="3" t="285" w="80" /><ent r="3" t="285" w="86" /><ent r="4" t="286" w="220" /><ent r="4" t="287" w="29" /><ent r="3" t="290" w="50" /><ent r="3" t="291" w="19" /><ent r="3" t="292" w="35" /><ent r="6" t="300" w="254" /><ent r="6" t="300" w="581" /><ent r="6" t="300" w="590" /><ent r="3" t="309" w="26" /></phr><phr n="objects"><ent r="5" t="0" w="72" /><ent r="4" t="0" w="145" /><ent r="3" t="2" w="85" /><ent r="3" t="2" w="172" /><ent r="3" t="3" w="76" /><ent r="3" t="4" w="648" /><ent r="3" t="7" w="388" /><ent r="3" t="8" w="67" /><ent r="3" t="8" w="336" /><ent r="3" t="8" w="370" /><ent r="3" t="8" w="398" /><ent r="3" t="10" w="295" /><ent r="4" t="10" w="378" /><ent r="4" t="10" w="452" /><ent r="3" t="10" w="464" /><ent r="3" t="10" w="631" /><ent r="3" t="11" w="32" /><ent r="3" t="11" w="58" /><ent r="3" t="14" w="140" /><ent r="3" t="14" w="1213" /><ent r="3" t="15" w="45" /><ent r="3" t="15" w="51" /><ent r="3" t="15" w="61" /><ent r="3" t="15" w="228" /><ent r="3" t="15" w="811" /><ent r="3" t="16" w="21" /><ent r="3" t="17" w="184" /><ent r="3" t="17" w="369" /><ent r="3" t="18" w="882" /><ent r="3" t="20" w="100" /><ent r="3" t="21" w="96" /><ent r="3" t="22" w="250" /><ent r="3" t="23" w="39" /><ent r="3" t="23" w="81" /><ent r="3" t="24" w="384" /><ent r="4" t="24" w="404" /><ent r="4" t="24" w="444" /><ent r="4" t="24" w="482" /><ent r="4" t="24" w="514" /><ent r="3" t="24" w="537" /><ent r="4" t="24" w="557" /><ent r="4" t="24" w="581" /><ent r="3" t="24" w="597" /><ent r="4" t="24" w="664" /><ent r="4" t="24" w="714" /><ent r="4" t="25" w="62" /><ent r="3" t="27" w="92" /><ent r="4" t="27" w="137" /><ent r="4" t="27" w="177" /><ent r="3" t="27" w="1085" /><ent r="3" t="27" w="1252" /><ent r="3" t="27" w="1265" /><ent r="3" t="27" w="1274" /><ent r="3" t="28" w="222" /><ent r="3" t="28" w="514" /><ent r="3" t="28" w="525" /><ent r="3" t="28" w="530" /><ent r="3" t="28" w="886" /><ent r="3" t="28" w="894" /><ent r="3" t="28" w="924" /><ent r="5" t="28" w="959" /><ent r="5" t="28" w="1007" /><ent r="4" t="28" w="1140" /><ent r="4" t="28" w="1216" /><ent r="3" t="29" w="38" /><ent r="3" t="29" w="126" /><ent r="3" t="31" w="82" /><ent r="3" t="31" w="949" /><ent r="3" t="32" w="88" /><ent r="3" t="32" w="113" /><ent r="3" t="32" w="121" /><ent r="3" t="32" w="142" /><ent r="3" t="32" w="179" /><ent r="3" t="32" w="200" /><ent r="3" t="34" w="285" /><ent r="3" t="34" w="289" /><ent r="3" t="34" w="303" /><ent r="3" t="34" w="319" /><ent r="5" t="34" w="345" /><ent r="4" t="34" w="367" /><ent r="5" t="34" w="408" /><ent r="4" t="34" w="430" /><ent r="3" t="35" w="67" /><ent r="3" t="35" w="80" /><ent r="3" t="35" w="462" /><ent r="6" t="37" w="50" /><ent r="3" t="38" w="27" /><ent r="3" t="38" w="40" /><ent r="3" t="38" w="48" /><ent r="3" t="38" w="88" /><ent r="3" t="38" w="94" /><ent r="3" t="38" w="104" /><ent r="3" t="38" w="222" /><ent r="4" t="38" w="297" /><ent r="4" t="38" w="345" /><ent r="3" t="38" w="408" /><ent r="3" t="38" w="453" /><ent r="3" t="38" w="465" /><ent r="3" t="38" w="521" /><ent r="3" t="38" w="533" /><ent r="3" t="39" w="29" /><ent r="3" t="39" w="56" /><ent r="3" t="39" w="82" /><ent r="3" t="39" w="112" /><ent r="4" t="39" w="262" /><ent r="3" t="39" w="354" /><ent r="3" t="39" w="391" /><ent r="3" t="40" w="21" /><ent r="3" t="40" w="29" /><ent r="3" t="40" w="55" /><ent r="3" t="40" w="99" /><ent r="3" t="40" w="110" /><ent r="3" t="40" w="211" /><ent r="3" t="40" w="218" /><ent r="3" t="40" w="267" /><ent r="3" t="40" w="271" /><ent r="4" t="40" w="350" /><ent r="4" t="40" w="382" /><ent r="3" t="41" w="71" /><ent r="3" t="41" w="104" /><ent r="4" t="42" w="439" /><ent r="4" t="42" w="533" /><ent r="3" t="42" w="557" /><ent r="3" t="42" w="562" /><ent r="3" t="42" w="685" /><ent r="5" t="42" w="828" /><ent r="5" t="42" w="881" /><ent r="3" t="43" w="113" /><ent r="3" t="44" w="11" /><ent r="3" t="44" w="74" /><ent r="3" t="44" w="79" /><ent r="3" t="44" w="192" /><ent r="3" t="44" w="221" /><ent r="3" t="44" w="233" /><ent r="4" t="45" w="185" /><ent r="4" t="45" w="313" /><ent r="3" t="45" w="339" /><ent r="3" t="46" w="15" /><ent r="64" t="46" w="334" /><ent r="3" t="47" w="63" /><ent r="4" t="47" w="92" /><ent r="4" t="47" w="103" /><ent r="64" t="48" w="32" /><ent r="3" t="48" w="40" /><ent r="3" t="48" w="60" /><ent r="3" t="48" w="63" /><ent r="3" t="48" w="118" /><ent r="3" t="48" w="122" /><ent r="3" t="48" w="126" /><ent r="3" t="48" w="135" /><ent r="3" t="48" w="233" /><ent r="3" t="49" w="69" /><ent r="3" t="49" w="152" /><ent r="3" t="49" w="157" /><ent r="3" t="49" w="268" /><ent r="3" t="49" w="1006" /><ent r="5" t="49" w="1075" /><ent r="5" t="49" w="1111" /><ent r="5" t="49" w="1216" /><ent r="5" t="49" w="1259" /><ent r="3" t="49" w="1302" /><ent r="3" t="49" w="1371" /><ent r="3" t="49" w="1380" /><ent r="3" t="50" w="715" /><ent r="5" t="50" w="748" /><ent r="5" t="50" w="825" /><ent r="3" t="50" w="883" /><ent r="3" t="50" w="975" /><ent r="5" t="50" w="1010" /><ent r="5" t="50" w="1071" /><ent r="3" t="54" w="27" /><ent r="3" t="54" w="44" /><ent r="3" t="54" w="204" /><ent r="3" t="54" w="312" /><ent r="3" t="56" w="47" /><ent r="3" t="56" w="181" /><ent r="3" t="56" w="385" /><ent r="3" t="57" w="12" /><ent r="3" t="57" w="25" /><ent r="3" t="58" w="34" /><ent r="3" t="58" w="38" /><ent r="4" t="59" w="305" /><ent r="4" t="59" w="310" /><ent r="4" t="59" w="406" /><ent r="3" t="61" w="26" /><ent r="3" t="61" w="146" /><ent r="3" t="61" w="151" /><ent r="3" t="62" w="172" /><ent r="3" t="65" w="185" /><ent r="3" t="65" w="230" /><ent r="3" t="65" w="281" /><ent r="3" t="66" w="342" /><ent r="4" t="66" w="663" /><ent r="4" t="66" w="751" /><ent r="3" t="67" w="27" /><ent r="3" t="69" w="41" /><ent r="3" t="69" w="80" /><ent r="3" t="69" w="107" /><ent r="3" t="69" w="117" /><ent r="3" t="71" w="65" /><ent r="3" t="71" w="128" /><ent r="3" t="71" w="140" /><ent r="3" t="72" w="105" /><ent r="3" t="72" w="135" /><ent r="3" t="73" w="76" /><ent r="3" t="73" w="93" /><ent r="3" t="73" w="239" /><ent r="3" t="74" w="36" /><ent r="4" t="74" w="841" /><ent r="4" t="74" w="921" /><ent r="4" t="74" w="989" /><ent r="4" t="74" w="1082" /><ent r="3" t="74" w="1140" /><ent r="3" t="74" w="1150" /><ent r="4" t="75" w="735" /><ent r="4" t="75" w="817" /><ent r="4" t="75" w="887" /><ent r="4" t="75" w="982" /><ent r="3" t="76" w="942" /><ent r="3" t="77" w="65" /><ent r="3" t="82" w="56" /><ent r="3" t="89" w="53" /><ent r="3" t="89" w="60" /><ent r="3" t="94" w="49" /><ent r="3" t="95" w="16" /><ent r="4" t="95" w="138" /><ent r="3" t="96" w="629" /><ent r="4" t="98" w="42" /><ent r="3" t="99" w="39" /><ent r="64" t="99" w="50" /><ent r="3" t="101" w="33" /><ent r="3" t="101" w="48" /><ent r="4" t="101" w="158" /><ent r="4" t="101" w="195" /><ent r="3" t="103" w="78" /><ent r="3" t="104" w="12" /><ent r="3" t="104" w="88" /><ent r="3" t="104" w="188" /><ent r="3" t="105" w="15" /><ent r="3" t="105" w="162" /><ent r="4" t="106" w="86" /><ent r="4" t="106" w="100" /><ent r="3" t="112" w="164" /><ent r="4" t="113" w="104" /><ent r="3" t="114" w="11" /><ent r="3" t="114" w="21" /><ent r="3" t="114" w="41" /><ent r="3" t="114" w="831" /><ent r="3" t="114" w="836" /><ent r="5" t="121" w="258" /><ent r="5" t="121" w="402" /><ent r="3" t="121" w="623" /><ent r="4" t="123" w="132" /><ent r="3" t="124" w="155" /><ent r="3" t="125" w="163" /><ent r="3" t="129" w="36" /><ent r="3" t="129" w="51" /><ent r="3" t="129" w="75" /><ent r="4" t="129" w="187" /><ent r="3" t="129" w="256" /><ent r="3" t="131" w="14" /><ent r="3" t="131" w="32" /><ent r="3" t="131" w="46" /><ent r="3" t="131" w="132" /><ent r="3" t="131" w="144" /><ent r="4" t="131" w="168" /><ent r="3" t="131" w="203" /><ent r="4" t="132" w="175" /><ent r="4" t="133" w="139" /><ent r="3" t="134" w="143" /><ent r="3" t="134" w="162" /><ent r="3" t="134" w="239" /><ent r="4" t="135" w="105" /><ent r="3" t="135" w="113" /><ent r="3" t="135" w="141" /><ent r="3" t="135" w="151" /><ent r="3" t="135" w="164" /><ent r="4" t="135" w="173" /><ent r="3" t="135" w="181" /><ent r="4" t="135" w="187" /><ent r="3" t="135" w="195" /><ent r="4" t="135" w="201" /><ent r="3" t="135" w="209" /><ent r="3" t="137" w="113" /><ent r="3" t="137" w="159" /><ent r="3" t="137" w="222" /><ent r="3" t="139" w="132" /><ent r="3" t="139" w="146" /><ent r="4" t="140" w="350" /><ent r="4" t="140" w="400" /><ent r="6" t="143" w="199" /><ent r="6" t="143" w="229" /><ent r="3" t="145" w="116" /><ent r="3" t="146" w="23" /><ent r="3" t="146" w="43" /><ent r="3" t="146" w="167" /><ent r="3" t="146" w="189" /><ent r="3" t="150" w="181" /><ent r="3" t="152" w="17" /><ent r="3" t="153" w="23" /><ent r="3" t="155" w="38" /><ent r="4" t="155" w="67" /><ent r="4" t="155" w="97" /><ent r="4" t="164" w="91" /><ent r="3" t="165" w="86" /><ent r="3" t="165" w="140" /><ent r="4" t="165" w="208" /><ent r="4" t="165" w="263" /><ent r="3" t="166" w="135" /><ent r="3" t="166" w="170" /><ent r="5" t="166" w="327" /><ent r="3" t="166" w="371" /><ent r="3" t="166" w="379" /><ent r="3" t="168" w="33" /><ent r="4" t="168" w="66" /><ent r="3" t="171" w="24" /><ent r="3" t="172" w="19" /><ent r="3" t="172" w="24" /><ent r="3" t="172" w="55" /><ent r="6" t="173" w="206" /><ent r="3" t="176" w="191" /><ent r="3" t="179" w="11" /><ent r="3" t="179" w="79" /><ent r="3" t="179" w="481" /><ent r="92" t="180" w="46" /><ent r="3" t="180" w="54" /><ent r="3" t="181" w="24" /><ent r="3" t="184" w="56" /><ent r="3" t="188" w="205" /><ent r="6" t="195" w="108" /><ent r="6" t="195" w="118" /><ent r="3" t="197" w="45" /><ent r="3" t="197" w="70" /><ent r="3" t="197" w="72" /><ent r="3" t="197" w="167" /><ent r="2" t="198" w="47" /><ent r="3" t="198" w="60" /><ent r="3" t="198" w="71" /><ent r="3" t="198" w="168" /><ent r="3" t="200" w="23" /><ent r="3" t="200" w="37" /><ent r="3" t="200" w="106" /><ent r="3" t="200" w="133" /><ent r="3" t="200" w="149" /><ent r="6" t="209" w="173" /><ent r="6" t="209" w="185" /><ent r="6" t="209" w="197" /><ent r="6" t="209" w="209" /><ent r="6" t="209" w="217" /><ent r="3" t="210" w="17" /><ent r="3" t="211" w="18" /><ent r="3" t="212" w="18" /><ent r="3" t="213" w="44" /><ent r="3" t="216" w="25" /><ent r="3" t="217" w="25" /><ent r="3" t="222" w="23" /><ent r="3" t="222" w="43" /><ent r="3" t="227" w="28" /><ent r="4" t="227" w="303" /><ent r="4" t="227" w="344" /><ent r="3" t="228" w="25" /><ent r="3" t="228" w="31" /><ent r="3" t="228" w="35" /><ent r="3" t="228" w="62" /><ent r="8" t="228" w="138" /><ent r="8" t="228" w="163" /><ent r="3" t="228" w="209" /><ent r="3" t="228" w="288" /><ent r="4" t="230" w="60" /><ent r="3" t="231" w="63" /><ent r="3" t="231" w="73" /><ent r="3" t="231" w="97" /><ent r="3" t="233" w="145" /><ent r="3" t="239" w="34" /><ent r="3" t="240" w="19" /><ent r="3" t="241" w="37" /><ent r="3" t="241" w="80" /><ent r="3" t="241" w="102" /><ent r="3" t="243" w="320" /><ent r="3" t="244" w="28" /><ent r="3" t="244" w="320" /><ent r="3" t="244" w="415" /><ent r="3" t="246" w="16" /><ent r="3" t="246" w="92" /><ent r="3" t="246" w="119" /><ent r="3" t="246" w="157" /><ent r="3" t="247" w="24" /><ent r="8" t="247" w="259" /><ent r="3" t="247" w="302" /><ent r="8" t="247" w="333" /><ent r="8" t="247" w="356" /><ent r="3" t="248" w="23" /><ent r="3" t="248" w="25" /><ent r="3" t="249" w="20" /><ent r="3" t="249" w="22" /><ent r="3" t="250" w="21" /><ent r="3" t="250" w="23" /><ent r="3" t="251" w="21" /><ent r="3" t="251" w="23" /><ent r="3" t="251" w="167" /><ent r="3" t="252" w="18" /><ent r="3" t="253" w="16" /><ent r="3" t="253" w="30" /><ent r="5" t="254" w="92" /><ent r="5" t="254" w="141" /><ent r="5" t="254" w="218" /><ent r="5" t="254" w="282" /><ent r="3" t="255" w="86" /><ent r="3" t="260" w="140" /><ent r="3" t="260" w="226" /><ent r="4" t="260" w="308" /><ent r="3" t="261" w="83" /><ent r="4" t="263" w="36" /><ent r="4" t="263" w="45" /><ent r="4" t="263" w="60" /><ent r="3" t="263" w="456" /><ent r="3" t="265" w="135" /><ent r="3" t="266" w="214" /><ent r="3" t="266" w="344" /><ent r="6" t="270" w="371" /><ent r="4" t="272" w="66" /><ent r="4" t="272" w="110" /><ent r="4" t="272" w="115" /><ent r="3" t="272" w="148" /><ent r="3" t="272" w="311" /><ent r="3" t="272" w="328" /><ent r="4" t="272" w="427" /><ent r="4" t="272" w="526" /><ent r="3" t="273" w="30" /><ent r="3" t="273" w="48" /><ent r="4" t="273" w="101" /><ent r="3" t="274" w="30" /><ent r="3" t="274" w="59" /><ent r="4" t="274" w="162" /><ent r="4" t="274" w="256" /><ent r="3" t="274" w="276" /><ent r="3" t="274" w="295" /><ent r="3" t="274" w="432" /><ent r="3" t="275" w="47" /><ent r="3" t="275" w="62" /><ent r="3" t="275" w="552" /><ent r="3" t="275" w="575" /><ent r="3" t="276" w="12" /><ent r="3" t="276" w="26" /><ent r="3" t="276" w="30" /><ent r="3" t="276" w="34" /><ent r="3" t="276" w="227" /><ent r="3" t="281" w="139" /><ent r="3" t="281" w="232" /><ent r="3" t="281" w="264" /><ent r="3" t="281" w="277" /><ent r="3" t="281" w="309" /><ent r="4" t="281" w="412" /><ent r="4" t="281" w="536" /><ent r="3" t="282" w="143" /><ent r="3" t="282" w="163" /><ent r="3" t="282" w="205" /><ent r="3" t="282" w="217" /><ent r="3" t="282" w="370" /><ent r="3" t="283" w="150" /><ent r="3" t="283" w="216" /><ent r="3" t="283" w="306" /><ent r="3" t="284" w="203" /><ent r="3" t="285" w="99" /><ent r="3" t="285" w="111" /><ent r="3" t="285" w="126" /><ent r="3" t="285" w="252" /><ent r="4" t="286" w="127" /><ent r="4" t="286" w="146" /><ent r="4" t="286" w="162" /><ent r="4" t="286" w="212" /><ent r="3" t="289" w="20" /><ent r="3" t="290" w="37" /><ent r="3" t="290" w="81" /><ent r="3" t="290" w="87" /><ent r="3" t="290" w="90" /><ent r="3" t="291" w="113" /><ent r="3" t="292" w="83" /><ent r="3" t="292" w="97" /><ent r="3" t="292" w="147" /><ent r="3" t="292" w="295" /><ent r="3" t="315" w="159" /></phr><phr n="Object"><ent r="3" t="2" w="81" /><ent r="3" t="3" w="104" /><ent r="6" t="5" w="74" /><ent r="3" t="9" w="235" /><ent r="64" t="9" w="239" /><ent r="100" t="10" w="5" /><ent r="3" t="15" w="478" /><ent r="92" t="27" w="1047" /><ent r="5" t="30" w="484" /><ent r="5" t="30" w="493" /><ent r="82" t="31" w="914" /><ent r="92" t="40" w="304" /><ent r="4" t="41" w="187" /><ent r="92" t="44" w="84" /><ent r="5" t="49" w="518" /><ent r="5" t="49" w="628" /><ent r="5" t="64" w="234" /><ent r="5" t="69" w="290" /><ent r="5" t="69" w="622" /><ent r="92" t="73" w="38" /><ent r="92" t="73" w="133" /><ent r="64" t="73" w="172" /><ent r="92" t="73" w="197" /><ent r="64" t="73" w="287" /><ent r="1000" t="74" w="3" /><ent r="102" t="74" w="14" /><ent r="1000" t="76" w="1" /><ent r="102" t="76" w="8" /><ent r="3" t="76" w="544" /><ent r="64" t="94" w="64" /><ent r="1000" t="95" w="1" /><ent r="102" t="95" w="6" /><ent r="5" t="96" w="263" /><ent r="4" t="96" w="351" /><ent r="4" t="96" w="360" /><ent r="5" t="96" w="432" /><ent r="4" t="96" w="448" /><ent r="4" t="96" w="467" /><ent r="5" t="96" w="830" /><ent r="4" t="99" w="932" /><ent r="4" t="99" w="941" /><ent r="4" t="100" w="100" /><ent r="5" t="100" w="169" /><ent r="5" t="100" w="186" /><ent r="4" t="100" w="189" /><ent r="5" t="101" w="217" /><ent r="5" t="101" w="249" /><ent r="1000" t="104" w="1" /><ent r="102" t="104" w="4" /><ent r="5" t="112" w="987" /><ent r="100" t="114" w="5" /><ent r="5" t="114" w="457" /><ent r="5" t="114" w="462" /><ent r="5" t="114" w="521" /><ent r="5" t="114" w="530" /><ent r="5" t="114" w="633" /><ent r="5" t="114" w="638" /><ent r="5" t="117" w="176" /><ent r="5" t="117" w="377" /><ent r="3" t="118" w="62" /><ent r="5" t="121" w="514" /><ent r="5" t="130" w="475" /><ent r="5" t="130" w="580" /><ent r="5" t="130" w="585" /><ent r="65" t="132" w="168" /><ent r="65" t="133" w="132" /><ent r="1000" t="135" w="2" /><ent r="102" t="135" w="6" /><ent r="92" t="135" w="32" /><ent r="92" t="135" w="101" /><ent r="1000" t="198" w="2" /><ent r="100" t="198" w="6" /><ent r="102" t="198" w="10" /><ent r="64" t="231" w="110" /><ent r="5" t="236" w="459" /><ent r="5" t="236" w="670" /><ent r="6" t="237" w="408" /><ent r="64" t="239" w="73" /><ent r="1000" t="243" w="4" /><ent r="102" t="243" w="10" /><ent r="92" t="243" w="77" /><ent r="92" t="243" w="159" /><ent r="5" t="244" w="135" /><ent r="5" t="244" w="152" /><ent r="4" t="244" w="155" /><ent r="4" t="244" w="235" /><ent r="5" t="248" w="226" /><ent r="5" t="249" w="256" /><ent r="4" t="251" w="308" /><ent r="4" t="251" w="317" /><ent r="92" t="260" w="74" /><ent r="92" t="260" w="123" /><ent r="4" t="263" w="259" /><ent r="4" t="263" w="279" /><ent r="5" t="263" w="310" /><ent r="4" t="263" w="331" /><ent r="4" t="263" w="351" /><ent r="92" t="266" w="185" /><ent r="92" t="285" w="45" /><ent r="1000" t="287" w="1" /><ent r="102" t="287" w="5" /><ent r="4" t="287" w="9" /><ent r="6" t="287" w="15" /><ent r="3" t="288" w="9" /><ent r="5" t="288" w="34" /><ent r="5" t="290" w="251" /><ent r="100" t="291" w="4" /><ent r="5" t="291" w="28" /><ent r="3" t="291" w="83" /><ent r="100" t="292" w="7" /><ent r="5" t="292" w="49" /><ent r="3" t="292" w="265" /><ent r="6" t="300" w="553" /><ent r="6" t="300" w="562" /></phr><phr n="Objects"><ent r="100" t="10" w="155" /><ent r="92" t="10" w="158" /><ent r="92" t="10" w="461" /><ent r="92" t="10" w="623" /><ent r="92" t="24" w="369" /><ent r="92" t="24" w="530" /><ent r="92" t="24" w="590" /><ent r="92" t="27" w="1244" /><ent r="92" t="28" w="498" /><ent r="64" t="38" w="484" /><ent r="3" t="39" w="357" /><ent r="4" t="49" w="1328" /><ent r="4" t="49" w="1346" /><ent r="92" t="56" w="166" /><ent r="4" t="105" w="54" /><ent r="1000" t="155" w="5" /><ent r="102" t="155" w="11" /><ent r="5" t="166" w="280" /><ent r="1000" t="200" w="5" /><ent r="102" t="200" w="11" /><ent r="65" t="227" w="326" /><ent r="1000" t="228" w="2" /><ent r="102" t="228" w="5" /><ent r="92" t="228" w="204" /><ent r="92" t="228" w="278" /><ent r="64" t="239" w="86" /><ent r="1000" t="244" w="2" /><ent r="102" t="244" w="5" /><ent r="1000" t="246" w="2" /><ent r="100" t="246" w="5" /><ent r="100" t="246" w="9" /><ent r="102" t="246" w="12" /><ent r="64" t="255" w="109" /><ent r="3" t="263" w="77" /><ent r="65" t="273" w="112" /><ent r="92" t="274" w="50" /><ent r="1000" t="276" w="3" /><ent r="102" t="276" w="7" /><ent r="92" t="281" w="245" /><ent r="92" t="285" w="120" /><ent r="3" t="286" w="7" /><ent r="3" t="290" w="31" /></phr></stem></index>