﻿<?xml version="1.0" encoding="utf-8"?><index><stem n="technolog"><phr n="technology"><ent r="3" t="1" w="38" /><ent r="3" t="1" w="53" /><ent r="3" t="1" w="328" /><ent r="3" t="2" w="128" /><ent r="3" t="2" w="574" /><ent r="3" t="2" w="581" /><ent r="3" t="3" w="48" /><ent r="3" t="3" w="175" /><ent r="2" t="4" w="112" /><ent r="3" t="4" w="307" /><ent r="3" t="4" w="521" /><ent r="3" t="7" w="17" /><ent r="3" t="7" w="309" /><ent r="3" t="7" w="605" /><ent r="3" t="276" w="121" /></phr><phr n="technologies"><ent r="3" t="2" w="13" /><ent r="3" t="2" w="594" /><ent r="3" t="2" w="632" /><ent r="3" t="7" w="710" /></phr><phr n="Technology"><ent r="3" t="2" w="548" /></phr><phr n="technological"><ent r="3" t="7" w="36" /></phr></stem><stem n="both"><phr n="both"><ent r="3" t="1" w="40" /><ent r="3" t="4" w="531" /><ent r="3" t="49" w="1301" /><ent r="3" t="87" w="26" /><ent r="4" t="102" w="122" /><ent r="3" t="108" w="61" /><ent r="3" t="132" w="48" /><ent r="3" t="142" w="504" /><ent r="4" t="203" w="167" /><ent r="3" t="230" w="122" /><ent r="3" t="231" w="24" /><ent r="4" t="238" w="117" /><ent r="3" t="238" w="310" /><ent r="3" t="240" w="956" /><ent r="3" t="265" w="85" /><ent r="4" t="267" w="92" /><ent r="3" t="301" w="114" /></phr><phr n="Both"><ent r="3" t="69" w="470" /><ent r="3" t="71" w="13" /><ent r="3" t="92" w="47" /><ent r="3" t="228" w="95" /><ent r="4" t="283" w="113" /></phr></stem><stem n="commerci"><phr n="commercial"><ent r="3" t="1" w="44" /><ent r="3" t="1" w="50" /><ent r="3" t="1" w="271" /><ent r="3" t="1" w="314" /><ent r="3" t="4" w="279" /><ent r="3" t="4" w="353" /><ent r="3" t="4" w="357" /><ent r="3" t="4" w="414" /><ent r="3" t="5" w="549" /><ent r="3" t="309" w="152" /><ent r="3" t="309" w="174" /><ent r="64" t="309" w="180" /></phr><phr n="Commercial"><ent r="82" t="309" w="145" /></phr></stem><stem n="initi"><phr n="initiatives"><ent r="3" t="1" w="46" /></phr><phr n="initialize"><ent r="3" t="14" w="85" /><ent r="3" t="152" w="157" /><ent r="3" t="210" w="35" /></phr><phr n="initialized"><ent r="4" t="25" w="64" /></phr><phr n="initial"><ent r="4" t="33" w="111" /></phr><phr n="initially"><ent r="3" t="47" w="30" /></phr><phr n="initializing"><ent r="3" t="257" w="246" /></phr><phr n="initiative"><ent r="3" t="309" w="238" /></phr></stem><stem n="'s"><phr n="'s"><ent r="3" t="1" w="49" /><ent r="3" t="1" w="64" /><ent r="3" t="1" w="191" /><ent r="3" t="1" w="196" /><ent r="3" t="1" w="253" /><ent r="3" t="1" w="313" /><ent r="2" t="4" w="56" /><ent r="2" t="4" w="109" /><ent r="3" t="4" w="278" /><ent r="3" t="4" w="326" /><ent r="3" t="4" w="469" /><ent r="3" t="4" w="637" /><ent r="3" t="5" w="428" /><ent r="3" t="5" w="441" /><ent r="3" t="5" w="446" /><ent r="3" t="5" w="456" /><ent r="3" t="7" w="42" /><ent r="3" t="7" w="303" /><ent r="3" t="7" w="354" /><ent r="3" t="7" w="496" /><ent r="3" t="7" w="651" /><ent r="3" t="8" w="38" /><ent r="3" t="9" w="75" /><ent r="3" t="9" w="192" /><ent r="3" t="9" w="400" /><ent r="3" t="10" w="23" /><ent r="3" t="10" w="187" /><ent r="92" t="12" w="385" /><ent r="3" t="12" w="398" /><ent r="3" t="14" w="379" /><ent r="3" t="14" w="993" /><ent r="64" t="15" w="426" /><ent r="3" t="15" w="455" /><ent r="3" t="15" w="488" /><ent r="3" t="16" w="71" /><ent r="3" t="17" w="227" /><ent r="3" t="17" w="317" /><ent r="3" t="18" w="46" /><ent r="3" t="18" w="58" /><ent r="3" t="21" w="73" /><ent r="3" t="22" w="215" /><ent r="3" t="23" w="107" /><ent r="3" t="26" w="19" /><ent r="3" t="27" w="10" /><ent r="3" t="27" w="22" /><ent r="3" t="27" w="754" /><ent r="3" t="29" w="150" /><ent r="3" t="29" w="159" /><ent r="3" t="29" w="410" /><ent r="3" t="31" w="310" /><ent r="3" t="31" w="855" /><ent r="3" t="34" w="16" /><ent r="3" t="34" w="471" /><ent r="3" t="35" w="51" /><ent r="3" t="35" w="83" /><ent r="1000" t="37" w="2" /><ent r="102" t="37" w="7" /><ent r="3" t="37" w="24" /><ent r="3" t="39" w="75" /><ent r="3" t="39" w="190" /><ent r="3" t="40" w="92" /><ent r="3" t="41" w="23" /><ent r="3" t="41" w="34" /><ent r="3" t="42" w="10" /><ent r="3" t="42" w="13" /><ent r="3" t="42" w="354" /><ent r="3" t="42" w="762" /><ent r="3" t="44" w="67" /><ent r="3" t="45" w="12" /><ent r="3" t="45" w="15" /><ent r="3" t="45" w="74" /><ent r="3" t="45" w="628" /><ent r="3" t="47" w="12" /><ent r="64" t="49" w="31" /><ent r="3" t="49" w="324" /><ent r="3" t="49" w="431" /><ent r="3" t="49" w="969" /><ent r="3" t="49" w="1316" /><ent r="3" t="51" w="109" /><ent r="5" t="56" w="241" /><ent r="5" t="56" w="279" /><ent r="4" t="59" w="312" /><ent r="3" t="60" w="78" /><ent r="3" t="61" w="63" /><ent r="3" t="61" w="83" /><ent r="3" t="62" w="90" /><ent r="3" t="65" w="193" /><ent r="3" t="65" w="248" /><ent r="3" t="67" w="242" /><ent r="3" t="76" w="59" /><ent r="3" t="76" w="563" /><ent r="3" t="78" w="254" /><ent r="3" t="79" w="45" /><ent r="3" t="81" w="25" /><ent r="5" t="81" w="69" /><ent r="5" t="81" w="123" /><ent r="3" t="82" w="12" /><ent r="3" t="88" w="65" /><ent r="3" t="89" w="26" /><ent r="3" t="90" w="193" /><ent r="4" t="90" w="390" /><ent r="5" t="93" w="118" /><ent r="3" t="96" w="46" /><ent r="4" t="96" w="1010" /><ent r="3" t="99" w="862" /><ent r="4" t="105" w="109" /><ent r="4" t="106" w="36" /><ent r="3" t="106" w="263" /><ent r="3" t="108" w="32" /><ent r="3" t="109" w="18" /><ent r="3" t="110" w="33" /><ent r="3" t="114" w="175" /><ent r="3" t="117" w="46" /><ent r="3" t="121" w="21" /><ent r="3" t="121" w="582" /><ent r="3" t="122" w="43" /><ent r="3" t="122" w="69" /><ent r="3" t="126" w="177" /><ent r="3" t="130" w="59" /><ent r="4" t="132" w="208" /><ent r="4" t="133" w="172" /><ent r="3" t="135" w="133" /><ent r="3" t="140" w="156" /><ent r="3" t="141" w="122" /><ent r="3" t="142" w="85" /><ent r="3" t="143" w="48" /><ent r="3" t="144" w="22" /><ent r="3" t="144" w="161" /><ent r="3" t="173" w="60" /><ent r="3" t="179" w="472" /><ent r="3" t="190" w="13" /><ent r="3" t="190" w="359" /><ent r="3" t="192" w="105" /><ent r="3" t="195" w="56" /><ent r="3" t="197" w="33" /><ent r="3" t="197" w="76" /><ent r="2" t="198" w="35" /><ent r="3" t="198" w="75" /><ent r="3" t="202" w="62" /><ent r="3" t="203" w="23" /><ent r="3" t="208" w="90" /><ent r="3" t="209" w="43" /><ent r="3" t="209" w="151" /><ent r="3" t="214" w="12" /><ent r="3" t="218" w="65" /><ent r="3" t="223" w="19" /><ent r="3" t="224" w="117" /><ent r="3" t="224" w="405" /><ent r="3" t="224" w="438" /><ent r="3" t="224" w="503" /><ent r="3" t="226" w="13" /><ent r="3" t="226" w="32" /><ent r="3" t="227" w="64" /><ent r="3" t="227" w="83" /><ent r="4" t="227" w="277" /><ent r="8" t="228" w="146" /><ent r="3" t="229" w="19" /><ent r="3" t="231" w="108" /><ent r="3" t="233" w="23" /><ent r="3" t="233" w="167" /><ent r="3" t="233" w="367" /><ent r="3" t="236" w="111" /><ent r="3" t="236" w="269" /><ent r="6" t="237" w="372" /><ent r="6" t="237" w="453" /><ent r="3" t="238" w="317" /><ent r="3" t="240" w="757" /><ent r="3" t="240" w="996" /><ent r="3" t="243" w="94" /><ent r="3" t="244" w="41" /><ent r="3" t="244" w="344" /><ent r="3" t="244" w="433" /><ent r="3" t="244" w="479" /><ent r="3" t="250" w="149" /><ent r="3" t="254" w="60" /><ent r="3" t="257" w="387" /><ent r="3" t="257" w="562" /><ent r="64" t="257" w="586" /><ent r="92" t="261" w="40" /><ent r="3" t="261" w="105" /><ent r="3" t="262" w="28" /><ent r="5" t="262" w="215" /><ent r="3" t="264" w="358" /><ent r="3" t="265" w="640" /><ent r="3" t="266" w="14" /><ent r="3" t="266" w="197" /><ent r="3" t="268" w="24" /><ent r="3" t="268" w="59" /><ent r="3" t="272" w="120" /><ent r="92" t="282" w="38" /><ent r="3" t="286" w="56" /><ent r="3" t="289" w="10" /><ent r="3" t="297" w="620" /><ent r="3" t="302" w="12" /><ent r="3" t="303" w="8" /><ent r="3" t="303" w="220" /><ent r="3" t="306" w="331" /><ent r="3" t="308" w="37" /><ent r="65" t="309" w="136" /><ent r="3" t="309" w="404" /></phr></stem><stem n="versant'"><phr n="Versant's"><ent r="3" t="1" w="49" /><ent r="3" t="1" w="48" /><ent r="3" t="1" w="191" /><ent r="3" t="1" w="190" /><ent r="3" t="1" w="253" /><ent r="3" t="1" w="252" /><ent r="3" t="1" w="313" /><ent r="3" t="1" w="312" /><ent r="2" t="4" w="56" /><ent r="2" t="4" w="55" /><ent r="3" t="4" w="278" /><ent r="3" t="4" w="277" /><ent r="3" t="5" w="428" /><ent r="3" t="5" w="427" /><ent r="65" t="309" w="136" /><ent r="65" t="309" w="135" /></phr></stem><stem n="s"><phr n="s"><ent r="3" t="1" w="49" /><ent r="3" t="1" w="64" /><ent r="3" t="1" w="191" /><ent r="3" t="1" w="196" /><ent r="3" t="1" w="253" /><ent r="3" t="1" w="313" /><ent r="3" t="2" w="606" /><ent r="2" t="4" w="56" /><ent r="2" t="4" w="109" /><ent r="3" t="4" w="278" /><ent r="3" t="4" w="326" /><ent r="3" t="4" w="469" /><ent r="3" t="4" w="637" /><ent r="3" t="5" w="428" /><ent r="3" t="5" w="441" /><ent r="3" t="5" w="446" /><ent r="3" t="5" w="456" /><ent r="3" t="7" w="42" /><ent r="3" t="7" w="303" /><ent r="3" t="7" w="354" /><ent r="3" t="7" w="496" /><ent r="3" t="7" w="651" /><ent r="3" t="8" w="38" /><ent r="3" t="9" w="75" /><ent r="3" t="9" w="192" /><ent r="3" t="9" w="400" /><ent r="3" t="10" w="23" /><ent r="3" t="10" w="187" /><ent r="3" t="11" w="26" /><ent r="92" t="12" w="385" /><ent r="3" t="12" w="398" /><ent r="3" t="14" w="379" /><ent r="3" t="14" w="993" /><ent r="64" t="15" w="426" /><ent r="3" t="15" w="455" /><ent r="3" t="15" w="488" /><ent r="3" t="16" w="71" /><ent r="3" t="17" w="227" /><ent r="3" t="17" w="317" /><ent r="3" t="18" w="46" /><ent r="3" t="18" w="58" /><ent r="3" t="21" w="73" /><ent r="3" t="22" w="215" /><ent r="3" t="23" w="107" /><ent r="3" t="24" w="853" /><ent r="3" t="26" w="19" /><ent r="3" t="27" w="10" /><ent r="3" t="27" w="22" /><ent r="3" t="27" w="754" /><ent r="92" t="28" w="347" /><ent r="3" t="29" w="150" /><ent r="3" t="29" w="159" /><ent r="3" t="29" w="410" /><ent r="3" t="31" w="310" /><ent r="3" t="31" w="855" /><ent r="3" t="34" w="16" /><ent r="3" t="34" w="471" /><ent r="3" t="35" w="51" /><ent r="3" t="35" w="83" /><ent r="1000" t="37" w="2" /><ent r="102" t="37" w="7" /><ent r="3" t="37" w="24" /><ent r="3" t="39" w="75" /><ent r="3" t="39" w="190" /><ent r="3" t="40" w="92" /><ent r="3" t="41" w="23" /><ent r="3" t="41" w="34" /><ent r="3" t="42" w="10" /><ent r="3" t="42" w="13" /><ent r="3" t="42" w="354" /><ent r="3" t="42" w="762" /><ent r="3" t="44" w="67" /><ent r="3" t="45" w="12" /><ent r="3" t="45" w="15" /><ent r="3" t="45" w="74" /><ent r="3" t="45" w="628" /><ent r="3" t="47" w="12" /><ent r="64" t="49" w="31" /><ent r="3" t="49" w="324" /><ent r="3" t="49" w="431" /><ent r="3" t="49" w="969" /><ent r="3" t="49" w="1316" /><ent r="3" t="51" w="109" /><ent r="5" t="56" w="241" /><ent r="5" t="56" w="279" /><ent r="4" t="59" w="312" /><ent r="3" t="60" w="78" /><ent r="3" t="61" w="63" /><ent r="3" t="61" w="83" /><ent r="3" t="62" w="90" /><ent r="3" t="65" w="193" /><ent r="3" t="65" w="248" /><ent r="3" t="67" w="242" /><ent r="3" t="76" w="59" /><ent r="3" t="76" w="563" /><ent r="3" t="78" w="254" /><ent r="3" t="79" w="45" /><ent r="3" t="81" w="25" /><ent r="5" t="81" w="69" /><ent r="5" t="81" w="123" /><ent r="3" t="82" w="12" /><ent r="3" t="88" w="65" /><ent r="3" t="89" w="26" /><ent r="3" t="90" w="193" /><ent r="4" t="90" w="390" /><ent r="5" t="93" w="118" /><ent r="3" t="96" w="46" /><ent r="4" t="96" w="1010" /><ent r="3" t="99" w="862" /><ent r="4" t="103" w="104" /><ent r="3" t="104" w="152" /><ent r="4" t="105" w="109" /><ent r="4" t="106" w="36" /><ent r="3" t="106" w="263" /><ent r="3" t="108" w="32" /><ent r="3" t="109" w="18" /><ent r="3" t="110" w="33" /><ent r="3" t="114" w="175" /><ent r="3" t="117" w="46" /><ent r="3" t="121" w="21" /><ent r="3" t="121" w="582" /><ent r="3" t="122" w="43" /><ent r="3" t="122" w="69" /><ent r="3" t="126" w="177" /><ent r="3" t="130" w="59" /><ent r="4" t="132" w="208" /><ent r="64" t="133" w="72" /><ent r="4" t="133" w="172" /><ent r="3" t="135" w="133" /><ent r="3" t="140" w="156" /><ent r="3" t="141" w="122" /><ent r="3" t="142" w="85" /><ent r="3" t="143" w="48" /><ent r="3" t="144" w="22" /><ent r="3" t="144" w="161" /><ent r="3" t="157" w="16" /><ent r="3" t="157" w="30" /><ent r="3" t="173" w="60" /><ent r="3" t="179" w="472" /><ent r="3" t="190" w="13" /><ent r="3" t="190" w="359" /><ent r="3" t="192" w="105" /><ent r="3" t="195" w="56" /><ent r="3" t="197" w="33" /><ent r="3" t="197" w="76" /><ent r="2" t="198" w="35" /><ent r="3" t="198" w="75" /><ent r="3" t="202" w="62" /><ent r="3" t="203" w="23" /><ent r="3" t="206" w="72" /><ent r="3" t="208" w="90" /><ent r="3" t="209" w="43" /><ent r="3" t="209" w="151" /><ent r="3" t="214" w="12" /><ent r="3" t="218" w="65" /><ent r="3" t="223" w="19" /><ent r="3" t="224" w="117" /><ent r="3" t="224" w="405" /><ent r="3" t="224" w="438" /><ent r="3" t="224" w="503" /><ent r="3" t="226" w="13" /><ent r="3" t="226" w="32" /><ent r="3" t="227" w="64" /><ent r="3" t="227" w="83" /><ent r="4" t="227" w="277" /><ent r="8" t="228" w="146" /><ent r="3" t="229" w="19" /><ent r="3" t="231" w="108" /><ent r="3" t="233" w="23" /><ent r="3" t="233" w="167" /><ent r="3" t="233" w="367" /><ent r="3" t="236" w="111" /><ent r="3" t="236" w="269" /><ent r="6" t="237" w="372" /><ent r="6" t="237" w="453" /><ent r="3" t="238" w="317" /><ent r="3" t="240" w="757" /><ent r="3" t="240" w="996" /><ent r="3" t="243" w="94" /><ent r="3" t="244" w="41" /><ent r="3" t="244" w="344" /><ent r="3" t="244" w="433" /><ent r="3" t="244" w="479" /><ent r="8" t="247" w="263" /><ent r="3" t="250" w="18" /><ent r="3" t="250" w="35" /><ent r="3" t="250" w="149" /><ent r="3" t="254" w="60" /><ent r="3" t="257" w="387" /><ent r="3" t="257" w="562" /><ent r="64" t="257" w="586" /><ent r="92" t="261" w="40" /><ent r="3" t="261" w="105" /><ent r="3" t="262" w="28" /><ent r="5" t="262" w="215" /><ent r="3" t="264" w="358" /><ent r="3" t="265" w="640" /><ent r="3" t="266" w="14" /><ent r="3" t="266" w="197" /><ent r="3" t="268" w="24" /><ent r="3" t="268" w="59" /><ent r="3" t="268" w="488" /><ent r="3" t="272" w="120" /><ent r="92" t="282" w="38" /><ent r="3" t="282" w="363" /><ent r="3" t="286" w="56" /><ent r="3" t="289" w="10" /><ent r="3" t="297" w="620" /><ent r="3" t="302" w="12" /><ent r="3" t="303" w="8" /><ent r="3" t="303" w="220" /><ent r="3" t="306" w="331" /><ent r="3" t="308" w="19" /><ent r="3" t="308" w="37" /><ent r="65" t="309" w="136" /><ent r="3" t="309" w="404" /></phr><phr n="S"><ent r="68" t="143" w="66" /><ent r="66" t="167" w="185" /></phr></stem><stem n="target"><phr n="targeting"><ent r="3" t="1" w="54" /></phr><phr n="target"><ent r="3" t="4" w="130" /><ent r="4" t="22" w="144" /><ent r="5" t="50" w="454" /><ent r="3" t="129" w="69" /><ent r="4" t="141" w="147" /><ent r="4" t="141" w="153" /><ent r="4" t="141" w="162" /><ent r="4" t="141" w="163" /><ent r="4" t="141" w="191" /><ent r="4" t="141" w="234" /><ent r="4" t="141" w="249" /><ent r="4" t="141" w="267" /><ent r="4" t="141" w="268" /><ent r="4" t="141" w="324" /><ent r="3" t="268" w="150" /><ent r="3" t="268" w="402" /><ent r="5" t="297" w="136" /><ent r="5" t="297" w="210" /><ent r="5" t="297" w="493" /><ent r="5" t="297" w="523" /><ent r="5" t="297" w="584" /><ent r="5" t="298" w="423" /><ent r="5" t="298" w="491" /><ent r="4" t="299" w="41" /><ent r="3" t="306" w="635" /></phr></stem><stem n="extrem"><phr n="extreme"><ent r="3" t="1" w="55" /></phr><phr n="extremely"><ent r="3" t="7" w="538" /><ent r="3" t="10" w="166" /><ent r="4" t="17" w="34" /><ent r="4" t="18" w="29" /><ent r="4" t="19" w="33" /><ent r="4" t="20" w="33" /><ent r="4" t="21" w="31" /><ent r="4" t="22" w="35" /><ent r="3" t="29" w="113" /><ent r="3" t="62" w="53" /><ent r="4" t="114" w="987" /><ent r="4" t="140" w="261" /><ent r="3" t="150" w="69" /><ent r="3" t="302" w="16" /></phr></stem><stem n="scale"><phr n="scale"><ent r="3" t="1" w="56" /><ent r="3" t="1" w="297" /><ent r="3" t="6" w="115" /><ent r="3" t="14" w="147" /><ent r="3" t="31" w="89" /><ent r="3" t="224" w="218" /></phr></stem><stem n="power"><phr n="powering"><ent r="3" t="1" w="59" /></phr><phr n="power"><ent r="3" t="1" w="262" /><ent r="3" t="17" w="94" /><ent r="3" t="34" w="105" /><ent r="3" t="179" w="246" /><ent r="2" t="238" w="49" /><ent r="3" t="261" w="223" /><ent r="3" t="312" w="27" /></phr><phr n="powerful"><ent r="3" t="3" w="78" /><ent r="3" t="7" w="696" /><ent r="4" t="17" w="35" /><ent r="4" t="18" w="30" /><ent r="4" t="19" w="34" /><ent r="4" t="20" w="34" /><ent r="4" t="21" w="32" /><ent r="4" t="22" w="36" /><ent r="3" t="29" w="114" /><ent r="3" t="55" w="14" /></phr></stem><stem n="world"><phr n="world"><ent r="3" t="1" w="63" /><ent r="3" t="1" w="157" /><ent r="3" t="2" w="558" /><ent r="3" t="4" w="208" /><ent r="3" t="4" w="325" /><ent r="3" t="4" w="636" /><ent r="6" t="5" w="100" /><ent r="8" t="247" w="347" /></phr><phr n="worlds"><ent r="3" t="2" w="59" /></phr></stem><stem n="world'"><phr n="world's"><ent r="3" t="1" w="64" /><ent r="3" t="1" w="63" /><ent r="3" t="4" w="326" /><ent r="3" t="4" w="325" /><ent r="3" t="4" w="637" /><ent r="3" t="4" w="636" /></phr></stem><stem n="demand"><phr n="demanding"><ent r="3" t="1" w="66" /></phr><phr n="demand"><ent r="3" t="43" w="117" /><ent r="3" t="109" w="288" /><ent r="3" t="233" w="239" /></phr></stem><stem n="applic"><phr n="applications"><ent r="3" t="1" w="67" /><ent r="2" t="4" w="29" /><ent r="3" t="4" w="199" /><ent r="6" t="5" w="245" /><ent r="6" t="5" w="248" /><ent r="6" t="5" w="306" /><ent r="6" t="5" w="309" /><ent r="6" t="5" w="316" /><ent r="6" t="5" w="357" /><ent r="3" t="5" w="377" /><ent r="3" t="5" w="430" /><ent r="3" t="7" w="700" /><ent r="3" t="11" w="120" /><ent r="3" t="26" w="59" /><ent r="3" t="26" w="73" /><ent r="3" t="26" w="159" /><ent r="3" t="38" w="420" /><ent r="3" t="38" w="470" /><ent r="3" t="61" w="155" /><ent r="3" t="73" w="185" /><ent r="4" t="102" w="64" /><ent r="3" t="167" w="200" /><ent r="3" t="235" w="39" /><ent r="3" t="245" w="119" /><ent r="3" t="255" w="72" /><ent r="3" t="258" w="14" /><ent r="3" t="261" w="169" /><ent r="3" t="267" w="50" /><ent r="4" t="267" w="76" /><ent r="4" t="269" w="64" /><ent r="3" t="273" w="141" /><ent r="3" t="277" w="68" /><ent r="3" t="277" w="107" /></phr><phr n="application"><ent r="3" t="2" w="378" /><ent r="3" t="2" w="403" /><ent r="3" t="2" w="452" /><ent r="3" t="2" w="478" /><ent r="3" t="4" w="428" /><ent r="3" t="4" w="608" /><ent r="3" t="4" w="620" /><ent r="3" t="5" w="519" /><ent r="3" t="6" w="111" /><ent r="4" t="6" w="137" /><ent r="3" t="7" w="383" /><ent r="3" t="10" w="69" /><ent r="3" t="15" w="360" /><ent r="3" t="33" w="263" /><ent r="3" t="37" w="253" /><ent r="3" t="38" w="436" /><ent r="3" t="40" w="160" /><ent r="3" t="40" w="181" /><ent r="3" t="47" w="22" /><ent r="4" t="59" w="302" /><ent r="3" t="61" w="128" /><ent r="3" t="66" w="19" /><ent r="3" t="66" w="36" /><ent r="3" t="73" w="204" /><ent r="3" t="73" w="230" /><ent r="3" t="73" w="243" /><ent r="3" t="74" w="114" /><ent r="3" t="74" w="608" /><ent r="3" t="90" w="16" /><ent r="3" t="90" w="35" /><ent r="3" t="90" w="317" /><ent r="3" t="99" w="69" /><ent r="3" t="101" w="341" /><ent r="4" t="102" w="46" /><ent r="3" t="105" w="208" /><ent r="3" t="108" w="14" /><ent r="3" t="110" w="26" /><ent r="3" t="112" w="222" /><ent r="3" t="118" w="40" /><ent r="4" t="120" w="267" /><ent r="4" t="131" w="161" /><ent r="3" t="132" w="51" /><ent r="3" t="132" w="57" /><ent r="4" t="133" w="225" /><ent r="4" t="133" w="260" /><ent r="3" t="134" w="21" /><ent r="3" t="135" w="28" /><ent r="3" t="136" w="25" /><ent r="3" t="137" w="23" /><ent r="3" t="139" w="27" /><ent r="3" t="139" w="149" /><ent r="4" t="140" w="454" /><ent r="3" t="141" w="35" /><ent r="3" t="142" w="489" /><ent r="6" t="143" w="155" /><ent r="3" t="147" w="22" /><ent r="3" t="149" w="51" /><ent r="3" t="149" w="69" /><ent r="3" t="150" w="155" /><ent r="3" t="164" w="23" /><ent r="3" t="166" w="40" /><ent r="4" t="166" w="193" /><ent r="3" t="167" w="61" /><ent r="3" t="226" w="48" /><ent r="3" t="235" w="64" /><ent r="2" t="238" w="14" /><ent r="2" t="238" w="29" /><ent r="2" t="238" w="75" /><ent r="4" t="238" w="221" /><ent r="3" t="243" w="90" /><ent r="3" t="243" w="230" /><ent r="3" t="243" w="236" /><ent r="3" t="243" w="269" /><ent r="3" t="243" w="345" /><ent r="3" t="255" w="32" /><ent r="3" t="255" w="37" /><ent r="4" t="255" w="186" /><ent r="3" t="256" w="18" /><ent r="3" t="257" w="262" /><ent r="4" t="257" w="325" /><ent r="4" t="257" w="375" /><ent r="3" t="258" w="35" /><ent r="3" t="258" w="53" /><ent r="4" t="259" w="104" /><ent r="3" t="260" w="17" /><ent r="3" t="261" w="176" /><ent r="3" t="261" w="188" /><ent r="3" t="265" w="757" /><ent r="3" t="266" w="544" /><ent r="4" t="267" w="86" /><ent r="4" t="267" w="102" /><ent r="3" t="271" w="21" /><ent r="3" t="271" w="30" /><ent r="3" t="277" w="29" /><ent r="3" t="277" w="35" /><ent r="3" t="277" w="92" /><ent r="3" t="286" w="55" /><ent r="4" t="286" w="224" /><ent r="5" t="298" w="318" /><ent r="5" t="298" w="333" /><ent r="3" t="303" w="216" /><ent r="3" t="308" w="35" /></phr><phr n="applicable"><ent r="3" t="2" w="628" /><ent r="3" t="105" w="169" /><ent r="3" t="306" w="304" /><ent r="3" t="307" w="132" /></phr><phr n="Applications"><ent r="1000" t="5" w="2" /><ent r="102" t="5" w="5" /><ent r="64" t="255" w="66" /><ent r="1000" t="256" w="4" /><ent r="102" t="256" w="13" /><ent r="64" t="257" w="46" /><ent r="64" t="273" w="150" /><ent r="1000" t="277" w="7" /><ent r="102" t="277" w="15" /></phr><phr n="Application"><ent r="3" t="118" w="16" /><ent r="83" t="133" w="241" /><ent r="92" t="243" w="221" /><ent r="92" t="243" w="340" /><ent r="4" t="257" w="280" /><ent r="4" t="257" w="284" /><ent r="4" t="257" w="352" /><ent r="4" t="257" w="468" /><ent r="92" t="261" w="161" /></phr></stem><stem n="fortun"><phr n="fortune"><ent r="3" t="1" w="69" /></phr></stem><stem n="1000"><phr n="1000"><ent r="3" t="1" w="70" /><ent r="3" t="5" w="440" /><ent r="6" t="143" w="399" /><ent r="4" t="171" w="52" /><ent r="4" t="171" w="81" /><ent r="4" t="201" w="30" /><ent r="4" t="201" w="57" /><ent r="4" t="225" w="84" /><ent r="4" t="225" w="112" /><ent r="4" t="235" w="121" /><ent r="4" t="235" w="207" /></phr></stem><stem n="industri"><phr n="industries"><ent r="3" t="1" w="73" /><ent r="3" t="3" w="35" /><ent r="3" t="4" w="175" /></phr><phr n="industrial"><ent r="64" t="4" w="192" /></phr><phr n="industry"><ent r="3" t="7" w="184" /></phr></stem><stem n="includ"><phr n="including"><ent r="3" t="1" w="74" /><ent r="3" t="4" w="421" /><ent r="3" t="5" w="437" /><ent r="3" t="16" w="118" /><ent r="5" t="20" w="500" /><ent r="3" t="98" w="15" /><ent r="3" t="129" w="57" /><ent r="3" t="166" w="32" /><ent r="3" t="245" w="103" /></phr><phr n="included"><ent r="3" t="21" w="424" /><ent r="3" t="44" w="224" /><ent r="6" t="92" w="445" /><ent r="5" t="93" w="114" /><ent r="4" t="307" w="92" /><ent r="6" t="313" w="358" /><ent r="6" t="313" w="370" /></phr><phr n="includes"><ent r="4" t="29" w="222" /><ent r="4" t="29" w="298" /><ent r="3" t="49" w="159" /><ent r="4" t="255" w="188" /><ent r="3" t="273" w="115" /><ent r="3" t="286" w="43" /><ent r="4" t="287" w="105" /></phr><phr n="Including"><ent r="64" t="91" w="75" /><ent r="1000" t="93" w="1" /><ent r="102" t="93" w="7" /></phr></stem><stem n="telecommun"><phr n="Telecommunications"><ent r="4" t="1" w="76" /></phr></stem><stem n="alcatel"><phr n="Alcatel"><ent r="4" t="1" w="77" /></phr></stem><stem n="alcatel-luc"><phr n="Alcatel-Lucent"><ent r="4" t="1" w="77" /></phr></stem><stem n="lucent"><phr n="Lucent"><ent r="4" t="1" w="78" /></phr></stem><stem n="-lucent,"><phr n="-Lucent,"><ent r="4" t="1" w="79" /><ent r="4" t="1" w="79" /></phr></stem><stem n="deutsch"><phr n="Deutsche"><ent r="4" t="1" w="79" /></phr></stem><stem n="telecom"><phr n="Telecom"><ent r="4" t="1" w="80" /><ent r="4" t="1" w="82" /></phr></stem><stem n="franc"><phr n="France"><ent r="4" t="1" w="81" /></phr></stem><stem n="ericsson"><phr n="Ericsson"><ent r="4" t="1" w="83" /></phr></stem><stem n="nec"><phr n="NEC"><ent r="4" t="1" w="84" /></phr></stem><stem n="nortel"><phr n="Nortel"><ent r="4" t="1" w="85" /></phr></stem><stem n="orang"><phr n="Orange"><ent r="4" t="1" w="86" /></phr></stem><stem n="samsung"><phr n="Samsung"><ent r="4" t="1" w="87" /></phr></stem><stem n="financ"><phr n="Finance"><ent r="4" t="1" w="91" /></phr></stem><stem n="financi"><phr n="Financial"><ent r="4" t="1" w="92" /></phr><phr n="financial"><ent r="3" t="4" w="198" /></phr></stem><stem n="new"><phr n="New"><ent r="4" t="1" w="94" /><ent r="5" t="8" w="143" /><ent r="5" t="8" w="194" /><ent r="5" t="8" w="248" /><ent r="5" t="10" w="265" /><ent r="5" t="10" w="530" /><ent r="5" t="10" w="595" /><ent r="5" t="18" w="1020" /><ent r="5" t="21" w="170" /><ent r="5" t="23" w="149" /><ent r="5" t="24" w="128" /><ent r="5" t="24" w="214" /><ent r="5" t="24" w="330" /><ent r="5" t="24" w="426" /><ent r="5" t="24" w="679" /><ent r="5" t="24" w="693" /><ent r="5" t="24" w="805" /><ent r="5" t="24" w="913" /><ent r="5" t="24" w="919" /><ent r="5" t="28" w="828" /><ent r="5" t="29" w="380" /><ent r="5" t="29" w="506" /><ent r="5" t="29" w="653" /><ent r="5" t="29" w="669" /><ent r="5" t="29" w="814" /><ent r="5" t="30" w="379" /><ent r="5" t="31" w="1601" /><ent r="5" t="34" w="158" /><ent r="5" t="34" w="167" /><ent r="5" t="34" w="244" /><ent r="5" t="34" w="253" /><ent r="5" t="34" w="329" /><ent r="5" t="34" w="392" /><ent r="5" t="34" w="655" /><ent r="5" t="36" w="127" /><ent r="5" t="36" w="134" /><ent r="6" t="37" w="47" /><ent r="5" t="42" w="176" /><ent r="5" t="42" w="206" /><ent r="5" t="45" w="102" /><ent r="5" t="45" w="109" /><ent r="5" t="45" w="216" /><ent r="5" t="45" w="223" /><ent r="5" t="45" w="380" /><ent r="5" t="45" w="387" /><ent r="5" t="45" w="442" /><ent r="5" t="45" w="449" /><ent r="5" t="45" w="521" /><ent r="5" t="45" w="528" /><ent r="5" t="45" w="571" /><ent r="5" t="45" w="578" /><ent r="5" t="46" w="191" /><ent r="5" t="49" w="114" /><ent r="5" t="49" w="224" /><ent r="5" t="49" w="228" /><ent r="5" t="49" w="624" /><ent r="5" t="49" w="1120" /><ent r="5" t="49" w="1268" /><ent r="5" t="50" w="567" /><ent r="5" t="50" w="664" /><ent r="5" t="50" w="940" /><ent r="5" t="50" w="944" /><ent r="5" t="50" w="1000" /><ent r="5" t="50" w="1062" /><ent r="5" t="52" w="197" /><ent r="6" t="53" w="207" /><ent r="6" t="53" w="381" /><ent r="6" t="53" w="601" /><ent r="5" t="54" w="179" /><ent r="5" t="54" w="183" /><ent r="5" t="60" w="363" /><ent r="5" t="64" w="155" /><ent r="5" t="66" w="269" /><ent r="5" t="66" w="495" /><ent r="5" t="66" w="504" /><ent r="5" t="67" w="191" /><ent r="5" t="67" w="299" /><ent r="5" t="67" w="306" /><ent r="5" t="68" w="132" /><ent r="5" t="74" w="324" /><ent r="5" t="74" w="412" /><ent r="5" t="74" w="976" /><ent r="5" t="74" w="1058" /><ent r="5" t="75" w="266" /><ent r="5" t="75" w="357" /><ent r="5" t="75" w="872" /><ent r="5" t="75" w="956" /><ent r="5" t="76" w="241" /><ent r="5" t="76" w="333" /><ent r="5" t="78" w="230" /><ent r="5" t="80" w="65" /><ent r="5" t="80" w="171" /><ent r="5" t="81" w="114" /><ent r="5" t="82" w="102" /><ent r="5" t="83" w="120" /><ent r="5" t="83" w="130" /><ent r="5" t="84" w="87" /><ent r="5" t="85" w="77" /><ent r="5" t="86" w="72" /><ent r="5" t="87" w="121" /><ent r="5" t="87" w="131" /><ent r="5" t="88" w="129" /><ent r="5" t="88" w="139" /><ent r="5" t="89" w="181" /><ent r="5" t="89" w="192" /><ent r="5" t="99" w="344" /><ent r="5" t="99" w="800" /><ent r="5" t="99" w="822" /><ent r="5" t="99" w="984" /><ent r="5" t="109" w="192" /><ent r="5" t="109" w="462" /><ent r="5" t="112" w="648" /><ent r="5" t="112" w="665" /><ent r="5" t="112" w="682" /><ent r="5" t="112" w="699" /><ent r="5" t="112" w="716" /><ent r="5" t="112" w="760" /><ent r="5" t="114" w="648" /><ent r="5" t="114" w="782" /><ent r="5" t="114" w="882" /><ent r="5" t="116" w="197" /><ent r="5" t="116" w="205" /><ent r="5" t="117" w="405" /><ent r="5" t="117" w="417" /><ent r="5" t="117" w="747" /><ent r="5" t="117" w="755" /><ent r="5" t="121" w="535" /><ent r="5" t="122" w="330" /><ent r="5" t="122" w="336" /><ent r="5" t="124" w="263" /><ent r="5" t="125" w="271" /><ent r="7" t="128" w="379" /><ent r="7" t="128" w="386" /><ent r="5" t="129" w="150" /><ent r="5" t="130" w="291" /><ent r="5" t="130" w="298" /><ent r="5" t="130" w="310" /><ent r="5" t="130" w="595" /><ent r="5" t="134" w="99" /><ent r="5" t="134" w="106" /><ent r="5" t="135" w="82" /><ent r="5" t="136" w="75" /><ent r="5" t="137" w="74" /><ent r="5" t="138" w="90" /><ent r="5" t="138" w="148" /><ent r="5" t="139" w="87" /><ent r="5" t="140" w="90" /><ent r="5" t="141" w="244" /><ent r="5" t="141" w="274" /><ent r="5" t="141" w="433" /><ent r="5" t="141" w="437" /><ent r="5" t="147" w="345" /><ent r="5" t="147" w="378" /><ent r="5" t="154" w="63" /><ent r="5" t="160" w="67" /><ent r="5" t="168" w="140" /><ent r="5" t="179" w="557" /><ent r="5" t="187" w="87" /><ent r="5" t="187" w="224" /><ent r="5" t="187" w="236" /><ent r="5" t="188" w="95" /><ent r="5" t="188" w="337" /><ent r="5" t="188" w="479" /><ent r="5" t="188" w="490" /><ent r="5" t="189" w="56" /><ent r="5" t="190" w="133" /><ent r="5" t="190" w="145" /><ent r="5" t="190" w="497" /><ent r="5" t="190" w="511" /><ent r="5" t="190" w="528" /><ent r="5" t="190" w="560" /><ent r="5" t="191" w="264" /><ent r="5" t="191" w="287" /><ent r="4" t="193" w="305" /><ent r="4" t="193" w="313" /><ent r="4" t="193" w="314" /><ent r="4" t="193" w="320" /><ent r="4" t="193" w="332" /><ent r="4" t="193" w="367" /><ent r="4" t="193" w="369" /><ent r="4" t="193" w="375" /><ent r="4" t="193" w="397" /><ent r="4" t="193" w="403" /><ent r="5" t="193" w="600" /><ent r="5" t="194" w="90" /><ent r="1000" t="200" w="4" /><ent r="102" t="200" w="10" /><ent r="5" t="204" w="83" /><ent r="5" t="208" w="60" /><ent r="5" t="220" w="87" /><ent r="5" t="224" w="562" /><ent r="5" t="227" w="114" /><ent r="5" t="227" w="203" /><ent r="5" t="229" w="200" /><ent r="5" t="236" w="188" /><ent r="5" t="236" w="334" /><ent r="5" t="236" w="489" /><ent r="5" t="236" w="577" /><ent r="5" t="236" w="818" /><ent r="6" t="237" w="229" /><ent r="6" t="237" w="239" /><ent r="6" t="237" w="317" /><ent r="5" t="240" w="224" /><ent r="5" t="240" w="879" /><ent r="5" t="240" w="1096" /><ent r="5" t="240" w="1287" /><ent r="5" t="241" w="398" /><ent r="5" t="241" w="451" /><ent r="5" t="251" w="360" /><ent r="5" t="253" w="86" /><ent r="5" t="253" w="200" /><ent r="5" t="253" w="360" /><ent r="5" t="253" w="440" /><ent r="5" t="256" w="202" /><ent r="5" t="256" w="350" /><ent r="6" t="259" w="183" /><ent r="5" t="263" w="327" /><ent r="5" t="263" w="510" /><ent r="5" t="263" w="586" /><ent r="3" t="265" w="628" /><ent r="5" t="266" w="153" /><ent r="5" t="266" w="619" /><ent r="5" t="272" w="240" /><ent r="5" t="272" w="254" /><ent r="5" t="272" w="457" /><ent r="5" t="272" w="471" /><ent r="5" t="275" w="299" /><ent r="5" t="277" w="253" /><ent r="5" t="302" w="223" /><ent r="5" t="302" w="241" /></phr><phr n="new"><ent r="3" t="4" w="525" /><ent r="6" t="5" w="297" /><ent r="3" t="7" w="148" /><ent r="3" t="7" w="514" /><ent r="5" t="8" w="87" /><ent r="5" t="8" w="93" /><ent r="5" t="8" w="185" /><ent r="5" t="9" w="353" /><ent r="5" t="10" w="223" /><ent r="3" t="16" w="94" /><ent r="5" t="18" w="780" /><ent r="5" t="18" w="919" /><ent r="5" t="21" w="146" /><ent r="5" t="23" w="115" /><ent r="5" t="24" w="94" /><ent r="5" t="24" w="181" /><ent r="5" t="24" w="292" /><ent r="5" t="24" w="392" /><ent r="5" t="24" w="638" /><ent r="5" t="24" w="649" /><ent r="5" t="24" w="773" /><ent r="5" t="24" w="878" /><ent r="5" t="24" w="884" /><ent r="3" t="28" w="677" /><ent r="5" t="28" w="753" /><ent r="5" t="29" w="343" /><ent r="5" t="29" w="464" /><ent r="5" t="29" w="593" /><ent r="5" t="29" w="766" /><ent r="5" t="30" w="340" /><ent r="5" t="31" w="1568" /><ent r="5" t="34" w="126" /><ent r="5" t="34" w="135" /><ent r="5" t="34" w="212" /><ent r="5" t="34" w="221" /><ent r="5" t="34" w="589" /><ent r="5" t="36" w="87" /><ent r="5" t="36" w="96" /><ent r="6" t="37" w="55" /><ent r="6" t="37" w="115" /><ent r="3" t="38" w="394" /><ent r="4" t="39" w="318" /><ent r="3" t="44" w="63" /><ent r="3" t="44" w="105" /><ent r="3" t="44" w="146" /><ent r="3" t="44" w="153" /><ent r="5" t="46" w="60" /><ent r="5" t="49" w="79" /><ent r="5" t="49" w="185" /><ent r="5" t="49" w="189" /><ent r="5" t="49" w="514" /><ent r="5" t="50" w="514" /><ent r="5" t="50" w="629" /><ent r="5" t="50" w="901" /><ent r="5" t="50" w="905" /><ent r="5" t="52" w="127" /><ent r="6" t="53" w="136" /><ent r="6" t="53" w="314" /><ent r="6" t="53" w="526" /><ent r="5" t="54" w="146" /><ent r="5" t="54" w="150" /><ent r="5" t="60" w="339" /><ent r="5" t="64" w="113" /><ent r="5" t="66" w="203" /><ent r="5" t="66" w="427" /><ent r="5" t="66" w="436" /><ent r="5" t="66" w="463" /><ent r="5" t="66" w="533" /><ent r="5" t="67" w="142" /><ent r="5" t="67" w="254" /><ent r="5" t="67" w="261" /><ent r="5" t="68" w="105" /><ent r="3" t="72" w="109" /><ent r="3" t="76" w="48" /><ent r="3" t="77" w="59" /><ent r="3" t="77" w="73" /><ent r="5" t="78" w="201" /><ent r="3" t="79" w="199" /><ent r="5" t="80" w="36" /><ent r="5" t="80" w="134" /><ent r="5" t="81" w="60" /><ent r="3" t="82" w="21" /><ent r="3" t="82" w="63" /><ent r="5" t="82" w="69" /><ent r="5" t="83" w="85" /><ent r="5" t="83" w="95" /><ent r="3" t="84" w="21" /><ent r="5" t="84" w="49" /><ent r="5" t="85" w="41" /><ent r="5" t="86" w="37" /><ent r="3" t="87" w="33" /><ent r="3" t="87" w="58" /><ent r="5" t="87" w="82" /><ent r="5" t="87" w="92" /><ent r="3" t="88" w="18" /><ent r="3" t="88" w="29" /><ent r="5" t="88" w="84" /><ent r="5" t="88" w="90" /><ent r="5" t="89" w="147" /><ent r="5" t="89" w="158" /><ent r="6" t="97" w="258" /><ent r="5" t="99" w="269" /><ent r="3" t="99" w="638" /><ent r="5" t="99" w="678" /><ent r="5" t="99" w="700" /><ent r="3" t="99" w="872" /><ent r="3" t="99" w="878" /><ent r="5" t="99" w="908" /><ent r="3" t="106" w="273" /><ent r="3" t="109" w="110" /><ent r="5" t="109" w="139" /><ent r="5" t="109" w="349" /><ent r="5" t="112" w="294" /><ent r="5" t="112" w="310" /><ent r="5" t="112" w="326" /><ent r="5" t="112" w="342" /><ent r="5" t="112" w="358" /><ent r="3" t="112" w="1185" /><ent r="5" t="114" w="382" /><ent r="5" t="114" w="401" /><ent r="5" t="114" w="608" /><ent r="5" t="114" w="735" /><ent r="5" t="114" w="858" /><ent r="5" t="116" w="160" /><ent r="5" t="116" w="168" /><ent r="5" t="117" w="330" /><ent r="5" t="117" w="341" /><ent r="5" t="117" w="710" /><ent r="5" t="117" w="718" /><ent r="3" t="118" w="90" /><ent r="3" t="118" w="149" /><ent r="4" t="119" w="31" /><ent r="4" t="119" w="38" /><ent r="4" t="119" w="52" /><ent r="3" t="121" w="55" /><ent r="3" t="121" w="64" /><ent r="3" t="121" w="103" /><ent r="5" t="121" w="172" /><ent r="5" t="121" w="208" /><ent r="3" t="121" w="241" /><ent r="5" t="121" w="334" /><ent r="5" t="121" w="353" /><ent r="4" t="121" w="376" /><ent r="5" t="121" w="505" /><ent r="4" t="121" w="572" /><ent r="3" t="122" w="169" /><ent r="4" t="122" w="211" /><ent r="4" t="122" w="219" /><ent r="4" t="122" w="239" /><ent r="5" t="122" w="258" /><ent r="5" t="122" w="264" /><ent r="4" t="122" w="285" /><ent r="4" t="122" w="359" /><ent r="3" t="122" w="385" /><ent r="4" t="123" w="104" /><ent r="4" t="123" w="112" /><ent r="4" t="123" w="124" /><ent r="4" t="123" w="135" /><ent r="3" t="124" w="87" /><ent r="3" t="124" w="158" /><ent r="5" t="124" w="185" /><ent r="4" t="124" w="220" /><ent r="4" t="124" w="298" /><ent r="3" t="124" w="322" /><ent r="3" t="125" w="48" /><ent r="3" t="125" w="87" /><ent r="4" t="125" w="104" /><ent r="4" t="125" w="127" /><ent r="3" t="125" w="166" /><ent r="5" t="125" w="193" /><ent r="4" t="125" w="228" /><ent r="4" t="125" w="308" /><ent r="3" t="125" w="332" /><ent r="7" t="128" w="211" /><ent r="7" t="128" w="274" /><ent r="7" t="128" w="322" /><ent r="7" t="128" w="329" /><ent r="7" t="128" w="352" /><ent r="7" t="128" w="412" /><ent r="3" t="129" w="74" /><ent r="5" t="129" w="121" /><ent r="5" t="130" w="105" /><ent r="5" t="130" w="248" /><ent r="5" t="134" w="72" /><ent r="5" t="134" w="79" /><ent r="5" t="135" w="60" /><ent r="5" t="136" w="55" /><ent r="5" t="137" w="52" /><ent r="5" t="138" w="68" /><ent r="5" t="138" w="126" /><ent r="5" t="139" w="66" /><ent r="5" t="140" w="59" /><ent r="5" t="141" w="169" /><ent r="5" t="141" w="394" /><ent r="5" t="141" w="398" /><ent r="3" t="142" w="38" /><ent r="3" t="142" w="81" /><ent r="3" t="142" w="95" /><ent r="6" t="143" w="350" /><ent r="5" t="147" w="267" /><ent r="5" t="147" w="300" /><ent r="3" t="148" w="194" /><ent r="4" t="148" w="244" /><ent r="5" t="154" w="32" /><ent r="4" t="158" w="39" /><ent r="3" t="159" w="22" /><ent r="5" t="160" w="34" /><ent r="3" t="165" w="170" /><ent r="5" t="168" w="111" /><ent r="5" t="179" w="526" /><ent r="5" t="187" w="36" /><ent r="5" t="187" w="167" /><ent r="5" t="187" w="173" /><ent r="5" t="188" w="48" /><ent r="3" t="188" w="165" /><ent r="5" t="188" w="291" /><ent r="5" t="188" w="439" /><ent r="5" t="188" w="446" /><ent r="3" t="188" w="593" /><ent r="5" t="189" w="29" /><ent r="5" t="190" w="74" /><ent r="5" t="190" w="80" /><ent r="3" t="190" w="374" /><ent r="5" t="191" w="196" /><ent r="5" t="191" w="214" /><ent r="4" t="193" w="84" /><ent r="4" t="193" w="120" /><ent r="4" t="193" w="122" /><ent r="4" t="193" w="126" /><ent r="5" t="193" w="591" /><ent r="5" t="194" w="49" /><ent r="6" t="195" w="107" /><ent r="3" t="200" w="22" /><ent r="3" t="200" w="33" /><ent r="3" t="200" w="36" /><ent r="3" t="200" w="47" /><ent r="3" t="200" w="132" /><ent r="3" t="200" w="148" /><ent r="5" t="204" w="48" /><ent r="5" t="208" w="30" /><ent r="5" t="220" w="50" /><ent r="3" t="224" w="444" /><ent r="5" t="224" w="531" /><ent r="3" t="227" w="395" /><ent r="5" t="229" w="134" /><ent r="3" t="229" w="275" /><ent r="5" t="233" w="412" /><ent r="5" t="233" w="495" /><ent r="5" t="236" w="294" /><ent r="5" t="236" w="406" /><ent r="5" t="236" w="544" /><ent r="5" t="236" w="764" /><ent r="6" t="237" w="167" /><ent r="6" t="237" w="177" /><ent r="6" t="237" w="285" /><ent r="3" t="239" w="92" /><ent r="5" t="240" w="166" /><ent r="5" t="240" w="827" /><ent r="5" t="240" w="1022" /><ent r="5" t="240" w="1202" /><ent r="5" t="241" w="181" /><ent r="5" t="241" w="219" /><ent r="4" t="242" w="90" /><ent r="64" t="243" w="212" /><ent r="3" t="246" w="204" /><ent r="3" t="247" w="191" /><ent r="3" t="247" w="298" /><ent r="5" t="251" w="284" /><ent r="3" t="252" w="53" /><ent r="3" t="253" w="55" /><ent r="5" t="253" w="112" /><ent r="5" t="253" w="235" /><ent r="3" t="254" w="65" /><ent r="3" t="256" w="62" /><ent r="5" t="256" w="136" /><ent r="5" t="256" w="284" /><ent r="3" t="257" w="51" /><ent r="3" t="257" w="424" /><ent r="4" t="259" w="120" /><ent r="6" t="259" w="156" /><ent r="4" t="260" w="46" /><ent r="3" t="260" w="99" /><ent r="4" t="260" w="256" /><ent r="4" t="260" w="267" /><ent r="3" t="262" w="72" /><ent r="5" t="262" w="192" /><ent r="5" t="262" w="224" /><ent r="5" t="263" w="255" /><ent r="5" t="263" w="482" /><ent r="5" t="263" w="539" /><ent r="5" t="265" w="285" /><ent r="5" t="265" w="796" /><ent r="5" t="265" w="811" /><ent r="5" t="266" w="116" /><ent r="5" t="266" w="578" /><ent r="5" t="272" w="163" /><ent r="5" t="272" w="176" /><ent r="5" t="272" w="381" /><ent r="5" t="272" w="394" /><ent r="3" t="275" w="80" /><ent r="5" t="275" w="168" /><ent r="3" t="276" w="183" /><ent r="3" t="276" w="193" /><ent r="4" t="277" w="128" /><ent r="5" t="277" w="171" /><ent r="5" t="277" w="198" /><ent r="5" t="277" w="222" /><ent r="3" t="281" w="238" /><ent r="3" t="281" w="268" /><ent r="3" t="284" w="38" /><ent r="3" t="285" w="52" /><ent r="3" t="290" w="205" /><ent r="3" t="293" w="91" /><ent r="6" t="299" w="190" /><ent r="6" t="299" w="216" /><ent r="5" t="300" w="210" /><ent r="5" t="300" w="215" /><ent r="6" t="300" w="322" /><ent r="3" t="301" w="186" /><ent r="3" t="302" w="75" /><ent r="3" t="302" w="96" /><ent r="5" t="302" w="148" /><ent r="5" t="302" w="161" /><ent r="3" t="303" w="99" /><ent r="3" t="307" w="120" /></phr><phr n="news"><ent r="3" t="293" w="97" /></phr></stem></index>