﻿<?xml version="1.0" encoding="utf-8"?><index><stem n="job"><phr n="job"><ent r="6" t="5" w="290" /><ent r="3" t="15" w="486" /><ent r="3" t="65" w="84" /><ent r="3" t="169" w="35" /><ent r="4" t="230" w="90" /></phr><phr n="jobs"><ent r="5" t="297" w="391" /></phr></stem><stem n="smaller"><phr n="smaller"><ent r="6" t="5" w="319" /><ent r="3" t="6" w="12" /><ent r="3" t="18" w="361" /><ent r="3" t="18" w="906" /><ent r="3" t="27" w="326" /><ent r="3" t="77" w="86" /><ent r="4" t="106" w="47" /><ent r="5" t="179" w="145" /><ent r="5" t="179" w="178" /><ent r="3" t="188" w="245" /><ent r="3" t="207" w="91" /></phr><phr n="Smaller"><ent r="4" t="27" w="557" /><ent r="4" t="27" w="609" /><ent r="4" t="31" w="650" /><ent r="4" t="31" w="693" /></phr></stem><stem n="micro"><phr n="Micro"><ent r="6" t="5" w="328" /></phr></stem><stem n="edit"><phr n="edition"><ent r="6" t="5" w="329" /></phr><phr n="editing"><ent r="3" t="178" w="100" /></phr><phr n="Edit"><ent r="4" t="260" w="254" /><ent r="4" t="260" w="255" /><ent r="4" t="260" w="372" /></phr><phr n="edit"><ent r="6" t="287" w="22" /><ent r="5" t="288" w="41" /><ent r="5" t="290" w="258" /><ent r="5" t="291" w="35" /><ent r="5" t="292" w="56" /><ent r="3" t="304" w="57" /></phr></stem><stem n="compat"><phr n="compatibility"><ent r="6" t="5" w="338" /><ent r="3" t="11" w="84" /><ent r="3" t="224" w="436" /><ent r="3" t="309" w="251" /></phr><phr n="compatible"><ent r="3" t="117" w="602" /></phr><phr n="Compatibility"><ent r="82" t="309" w="195" /><ent r="3" t="309" w="202" /></phr></stem><stem n="licenc"><phr n="licence"><ent r="6" t="5" w="339" /></phr></stem><stem n="-applic"><phr n="-applications"><ent r="6" t="5" w="356" /><ent r="6" t="5" w="356" /><ent r="3" t="255" w="71" /><ent r="3" t="255" w="71" /><ent r="3" t="258" w="13" /><ent r="3" t="258" w="13" /></phr><phr n="-application"><ent r="2" t="238" w="28" /><ent r="2" t="238" w="28" /><ent r="3" t="255" w="36" /><ent r="3" t="255" w="36" /><ent r="3" t="256" w="17" /><ent r="3" t="256" w="17" /><ent r="5" t="298" w="318" /><ent r="5" t="298" w="318" /></phr><phr n="-Applications"><ent r="1000" t="256" w="3" /><ent r="1000" t="256" w="3" /><ent r="102" t="256" w="12" /><ent r="102" t="256" w="12" /></phr></stem><stem n="web-appl"><phr n="Web-applications"><ent r="6" t="5" w="356" /></phr><phr n="web-applications"><ent r="3" t="38" w="469" /><ent r="3" t="255" w="71" /><ent r="3" t="258" w="13" /></phr><phr n="web-application"><ent r="3" t="255" w="31" /><ent r="3" t="255" w="36" /><ent r="3" t="256" w="17" /></phr><phr n="Web-Applications"><ent r="64" t="255" w="65" /><ent r="1000" t="256" w="3" /><ent r="102" t="256" w="12" /><ent r="64" t="257" w="45" /></phr></stem><stem n="-source,"><phr n="-source,"><ent r="6" t="5" w="361" /><ent r="6" t="5" w="361" /></phr></stem><stem n="report"><phr n="reporting"><ent r="6" t="5" w="361" /><ent r="6" t="5" w="368" /><ent r="6" t="5" w="372" /><ent r="3" t="5" w="492" /><ent r="3" t="261" w="24" /><ent r="3" t="261" w="29" /><ent r="3" t="261" w="51" /><ent r="3" t="261" w="103" /><ent r="3" t="261" w="117" /><ent r="3" t="261" w="180" /><ent r="3" t="261" w="203" /><ent r="3" t="261" w="230" /><ent r="3" t="261" w="255" /><ent r="3" t="261" w="270" /><ent r="3" t="261" w="284" /><ent r="3" t="281" w="69" /><ent r="3" t="293" w="208" /><ent r="3" t="294" w="25" /></phr><phr n="report"><ent r="3" t="15" w="432" /><ent r="3" t="55" w="270" /><ent r="3" t="168" w="35" /><ent r="3" t="262" w="23" /><ent r="3" t="262" w="62" /><ent r="3" t="262" w="98" /><ent r="3" t="262" w="111" /><ent r="3" t="262" w="123" /><ent r="3" t="262" w="146" /><ent r="3" t="262" w="149" /><ent r="5" t="262" w="212" /><ent r="5" t="262" w="237" /><ent r="5" t="262" w="267" /><ent r="5" t="262" w="275" /><ent r="4" t="262" w="293" /><ent r="3" t="281" w="210" /><ent r="3" t="293" w="139" /><ent r="3" t="293" w="183" /><ent r="3" t="293" w="228" /><ent r="3" t="294" w="38" /><ent r="3" t="294" w="43" /><ent r="3" t="294" w="122" /><ent r="4" t="294" w="184" /><ent r="3" t="315" w="28" /><ent r="3" t="315" w="54" /><ent r="3" t="315" w="92" /><ent r="3" t="315" w="104" /><ent r="3" t="315" w="125" /><ent r="3" t="315" w="137" /></phr><phr n="Reporting"><ent r="1000" t="261" w="1" /><ent r="100" t="261" w="3" /><ent r="102" t="261" w="5" /><ent r="92" t="261" w="94" /><ent r="64" t="261" w="145" /><ent r="92" t="261" w="164" /><ent r="1000" t="262" w="1" /><ent r="102" t="262" w="8" /><ent r="5" t="262" w="250" /></phr><phr n="reports"><ent r="3" t="261" w="11" /><ent r="3" t="261" w="110" /><ent r="3" t="281" w="177" /><ent r="3" t="315" w="145" /><ent r="3" t="315" w="163" /></phr><phr n="Report"><ent r="4" t="261" w="140" /><ent r="64" t="261" w="149" /><ent r="1000" t="262" w="5" /><ent r="102" t="262" w="12" /><ent r="3" t="262" w="29" /><ent r="92" t="262" w="53" /><ent r="3" t="262" w="79" /><ent r="92" t="262" w="115" /><ent r="64" t="281" w="73" /><ent r="92" t="293" w="123" /><ent r="1000" t="294" w="1" /><ent r="100" t="294" w="4" /><ent r="102" t="294" w="9" /><ent r="92" t="294" w="31" /><ent r="92" t="294" w="117" /><ent r="92" t="315" w="51" /><ent r="92" t="315" w="129" /></phr><phr n="Reports"><ent r="64" t="261" w="157" /><ent r="1000" t="315" w="4" /><ent r="102" t="315" w="10" /><ent r="3" t="315" w="21" /><ent r="64" t="315" w="37" /><ent r="3" t="315" w="47" /><ent r="64" t="315" w="189" /></phr></stem><stem n="might"><phr n="might"><ent r="3" t="5" w="378" /><ent r="3" t="42" w="552" /><ent r="3" t="64" w="37" /><ent r="3" t="66" w="141" /><ent r="3" t="70" w="305" /><ent r="3" t="79" w="107" /><ent r="5" t="96" w="752" /><ent r="5" t="96" w="907" /><ent r="3" t="107" w="74" /><ent r="3" t="107" w="106" /><ent r="3" t="139" w="140" /><ent r="3" t="203" w="107" /><ent r="3" t="228" w="57" /><ent r="3" t="229" w="232" /><ent r="3" t="233" w="107" /><ent r="3" t="233" w="142" /><ent r="3" t="243" w="238" /><ent r="4" t="255" w="159" /><ent r="3" t="282" w="248" /><ent r="3" t="282" w="327" /><ent r="3" t="285" w="183" /><ent r="3" t="315" w="165" /></phr></stem><stem n="well"><phr n="well"><ent r="3" t="5" w="381" /><ent r="3" t="5" w="521" /><ent r="3" t="14" w="23" /><ent r="3" t="14" w="179" /><ent r="3" t="14" w="262" /><ent r="3" t="14" w="665" /><ent r="4" t="20" w="469" /><ent r="3" t="31" w="22" /><ent r="3" t="31" w="121" /><ent r="3" t="31" w="194" /><ent r="3" t="31" w="558" /><ent r="3" t="38" w="415" /><ent r="3" t="46" w="361" /><ent r="3" t="48" w="245" /><ent r="3" t="49" w="1407" /><ent r="3" t="62" w="54" /><ent r="3" t="66" w="382" /><ent r="3" t="122" w="394" /><ent r="3" t="124" w="331" /><ent r="3" t="125" w="341" /><ent r="3" t="131" w="130" /><ent r="3" t="206" w="47" /><ent r="3" t="255" w="19" /><ent r="3" t="272" w="333" /><ent r="3" t="278" w="10" /></phr><phr n="Well"><ent r="3" t="44" w="107" /><ent r="3" t="56" w="182" /><ent r="3" t="73" w="120" /><ent r="3" t="243" w="231" /></phr></stem><stem n="situat"><phr n="situations"><ent r="3" t="5" w="389" /><ent r="3" t="36" w="177" /><ent r="3" t="78" w="279" /><ent r="3" t="178" w="141" /><ent r="3" t="234" w="121" /></phr><phr n="Situations"><ent r="3" t="164" w="26" /></phr></stem><stem n="amount"><phr n="amounts"><ent r="3" t="5" w="394" /></phr><phr n="amount"><ent r="3" t="7" w="585" /><ent r="3" t="14" w="151" /><ent r="3" t="14" w="1037" /><ent r="3" t="15" w="434" /><ent r="3" t="31" w="93" /><ent r="3" t="31" w="887" /><ent r="4" t="59" w="382" /><ent r="3" t="135" w="148" /><ent r="4" t="165" w="253" /><ent r="3" t="188" w="423" /><ent r="3" t="190" w="40" /><ent r="3" t="200" w="104" /><ent r="3" t="200" w="146" /><ent r="3" t="241" w="100" /><ent r="3" t="274" w="28" /><ent r="3" t="285" w="257" /><ent r="4" t="286" w="181" /></phr><phr n="Amount"><ent r="5" t="253" w="124" /><ent r="5" t="253" w="256" /><ent r="5" t="253" w="378" /><ent r="5" t="253" w="475" /></phr><phr n="Amounts"><ent r="64" t="273" w="190" /><ent r="1000" t="279" w="4" /><ent r="102" t="279" w="11" /></phr></stem><stem n="10"><phr n="10"><ent r="3" t="5" w="398" /><ent r="5" t="49" w="1051" /><ent r="5" t="49" w="1186" /><ent r="5" t="50" w="724" /><ent r="5" t="50" w="795" /><ent r="5" t="50" w="991" /><ent r="5" t="50" w="1047" /><ent r="4" t="59" w="402" /><ent r="3" t="61" w="147" /><ent r="3" t="159" w="45" /><ent r="4" t="171" w="51" /><ent r="4" t="171" w="80" /><ent r="64" t="190" w="353" /><ent r="3" t="200" w="162" /><ent r="4" t="225" w="82" /><ent r="4" t="225" w="110" /></phr></stem><stem n="gigabyt"><phr n="Gigabytes"><ent r="3" t="5" w="399" /><ent r="3" t="282" w="272" /></phr><phr n="gigabytes"><ent r="3" t="5" w="458" /><ent r="3" t="6" w="36" /><ent r="3" t="282" w="61" /></phr></stem><stem n="20"><phr n="20"><ent r="3" t="5" w="404" /><ent r="4" t="18" w="924" /><ent r="4" t="18" w="1025" /><ent r="3" t="159" w="49" /></phr></stem><stem n="/process"><phr n="/processes"><ent r="3" t="5" w="407" /></phr></stem><stem n="users/process"><phr n="users/processes"><ent r="3" t="5" w="407" /><ent r="3" t="5" w="406" /></phr></stem><stem n="along"><phr n="along"><ent r="3" t="5" w="408" /><ent r="3" t="14" w="362" /><ent r="3" t="31" w="293" /><ent r="3" t="50" w="702" /><ent r="3" t="146" w="32" /><ent r="3" t="222" w="32" /><ent r="3" t="315" w="107" /></phr></stem><stem n="appropri"><phr n="appropriate"><ent r="3" t="5" w="425" /><ent r="3" t="7" w="622" /><ent r="3" t="11" w="43" /><ent r="3" t="30" w="32" /><ent r="3" t="53" w="49" /><ent r="3" t="61" w="40" /><ent r="3" t="104" w="163" /><ent r="3" t="104" w="175" /><ent r="4" t="113" w="52" /><ent r="3" t="118" w="60" /><ent r="3" t="223" w="280" /><ent r="3" t="243" w="332" /><ent r="3" t="304" w="44" /><ent r="3" t="304" w="52" /></phr><phr n="Appropriate"><ent r="3" t="128" w="15" /></phr></stem><stem n="span"><phr n="span"><ent r="3" t="5" w="431" /></phr></stem><stem n="exhibit"><phr n="exhibiting"><ent r="3" t="5" w="439" /></phr></stem><stem n="1000'"><phr n="1000's"><ent r="3" t="5" w="441" /><ent r="3" t="5" w="440" /></phr></stem><stem n="100"><phr n="100"><ent r="3" t="5" w="445" /><ent r="3" t="5" w="455" /><ent r="3" t="7" w="264" /><ent r="3" t="7" w="267" /><ent r="3" t="7" w="270" /><ent r="3" t="17" w="77" /><ent r="3" t="17" w="79" /><ent r="3" t="17" w="84" /><ent r="3" t="55" w="226" /><ent r="3" t="150" w="177" /><ent r="4" t="188" w="442" /><ent r="4" t="188" w="482" /></phr></stem><stem n="100'"><phr n="100's"><ent r="3" t="5" w="446" /><ent r="3" t="5" w="445" /><ent r="3" t="5" w="456" /><ent r="3" t="5" w="455" /></phr></stem><stem n="tx"><phr n="tx"><ent r="3" t="5" w="451" /></phr></stem><stem n="per"><phr n="per"><ent r="3" t="5" w="452" /><ent r="3" t="15" w="438" /><ent r="3" t="38" w="64" /><ent r="3" t="54" w="93" /><ent r="3" t="55" w="183" /><ent r="92" t="73" w="135" /><ent r="64" t="73" w="174" /><ent r="3" t="73" w="192" /><ent r="1000" t="76" w="3" /><ent r="102" t="76" w="10" /><ent r="3" t="76" w="23" /><ent r="3" t="76" w="42" /><ent r="3" t="76" w="541" /><ent r="3" t="134" w="196" /><ent r="3" t="134" w="214" /><ent r="3" t="134" w="231" /><ent r="3" t="134" w="270" /><ent r="3" t="134" w="285" /><ent r="3" t="135" w="118" /><ent r="3" t="135" w="184" /><ent r="3" t="135" w="198" /><ent r="3" t="135" w="212" /><ent r="3" t="136" w="106" /><ent r="3" t="136" w="125" /><ent r="3" t="138" w="187" /><ent r="3" t="138" w="205" /><ent r="3" t="138" w="223" /><ent r="3" t="169" w="81" /><ent r="3" t="169" w="104" /><ent r="3" t="233" w="374" /><ent r="3" t="243" w="177" /><ent r="3" t="243" w="282" /><ent r="3" t="243" w="284" /><ent r="64" t="243" w="353" /><ent r="4" t="257" w="507" /><ent r="3" t="265" w="413" /><ent r="3" t="265" w="429" /><ent r="5" t="265" w="541" /><ent r="3" t="285" w="75" /><ent r="3" t="306" w="406" /></phr><phr n="Per"><ent r="92" t="243" w="161" /></phr></stem><stem n="second"><phr n="second"><ent r="3" t="5" w="453" /><ent r="3" t="15" w="439" /><ent r="3" t="21" w="396" /><ent r="4" t="30" w="423" /><ent r="4" t="30" w="431" /><ent r="4" t="30" w="489" /><ent r="4" t="30" w="529" /><ent r="3" t="32" w="129" /><ent r="5" t="66" w="444" /><ent r="5" t="66" w="470" /><ent r="5" t="66" w="512" /><ent r="5" t="66" w="540" /><ent r="5" t="66" w="620" /><ent r="5" t="66" w="708" /><ent r="3" t="69" w="458" /><ent r="3" t="80" w="127" /><ent r="3" t="114" w="102" /><ent r="3" t="134" w="197" /><ent r="3" t="134" w="215" /><ent r="3" t="134" w="232" /><ent r="3" t="134" w="271" /><ent r="3" t="134" w="286" /><ent r="3" t="135" w="119" /><ent r="3" t="135" w="185" /><ent r="3" t="135" w="199" /><ent r="3" t="135" w="213" /><ent r="3" t="136" w="107" /><ent r="3" t="136" w="126" /><ent r="3" t="138" w="188" /><ent r="3" t="138" w="206" /><ent r="3" t="138" w="224" /><ent r="3" t="141" w="373" /><ent r="3" t="147" w="151" /><ent r="3" t="178" w="63" /><ent r="3" t="265" w="111" /><ent r="3" t="298" w="96" /></phr><phr n="Second"><ent r="3" t="7" w="86" /><ent r="92" t="32" w="123" /></phr><phr n="seconds"><ent r="3" t="165" w="79" /></phr></stem><stem n="25t+"><phr n="25T+"><ent r="3" t="5" w="465" /></phr></stem><stem n="size"><phr n="sized"><ent r="3" t="5" w="466" /></phr><phr n="Size"><ent r="92" t="72" w="27" /><ent r="92" t="72" w="267" /><ent r="64" t="127" w="208" /><ent r="1000" t="150" w="4" /><ent r="102" t="150" w="9" /><ent r="1000" t="159" w="3" /><ent r="102" t="159" w="7" /><ent r="1000" t="176" w="2" /><ent r="102" t="176" w="5" /><ent r="1000" t="177" w="3" /><ent r="102" t="177" w="7" /><ent r="92" t="190" w="188" /><ent r="1000" t="199" w="4" /><ent r="100" t="199" w="8" /><ent r="102" t="199" w="13" /><ent r="65" t="203" w="178" /><ent r="1000" t="206" w="4" /><ent r="102" t="206" w="9" /><ent r="92" t="279" w="29" /><ent r="64" t="282" w="69" /><ent r="92" t="282" w="259" /><ent r="92" t="282" w="388" /><ent r="1000" t="284" w="6" /><ent r="102" t="284" w="13" /><ent r="64" t="284" w="50" /><ent r="1000" t="285" w="6" /><ent r="102" t="285" w="13" /><ent r="92" t="285" w="201" /><ent r="3" t="285" w="204" /><ent r="64" t="285" w="241" /></phr><phr n="size"><ent r="4" t="72" w="49" /><ent r="4" t="72" w="83" /><ent r="3" t="72" w="95" /><ent r="3" t="72" w="144" /><ent r="5" t="72" w="280" /><ent r="4" t="72" w="288" /><ent r="4" t="72" w="313" /><ent r="3" t="72" w="325" /><ent r="64" t="81" w="46" /><ent r="3" t="105" w="175" /><ent r="3" t="117" w="598" /><ent r="3" t="127" w="196" /><ent r="4" t="137" w="99" /><ent r="6" t="143" w="164" /><ent r="3" t="150" w="102" /><ent r="3" t="150" w="151" /><ent r="4" t="150" w="198" /><ent r="4" t="150" w="226" /><ent r="3" t="159" w="37" /><ent r="4" t="159" w="65" /><ent r="4" t="159" w="92" /><ent r="5" t="166" w="420" /><ent r="3" t="167" w="89" /><ent r="3" t="169" w="91" /><ent r="6" t="173" w="149" /><ent r="6" t="173" w="168" /><ent r="3" t="176" w="9" /><ent r="3" t="176" w="35" /><ent r="3" t="176" w="47" /><ent r="3" t="176" w="53" /><ent r="4" t="176" w="138" /><ent r="4" t="176" w="167" /><ent r="3" t="176" w="197" /><ent r="4" t="177" w="122" /><ent r="4" t="177" w="149" /><ent r="3" t="185" w="125" /><ent r="3" t="188" w="163" /><ent r="3" t="188" w="406" /><ent r="3" t="188" w="415" /><ent r="3" t="188" w="432" /><ent r="3" t="190" w="50" /><ent r="3" t="190" w="61" /><ent r="3" t="190" w="201" /><ent r="3" t="190" w="204" /><ent r="3" t="190" w="228" /><ent r="3" t="190" w="243" /><ent r="3" t="190" w="278" /><ent r="6" t="195" w="131" /><ent r="6" t="202" w="102" /><ent r="3" t="206" w="60" /><ent r="4" t="206" w="97" /><ent r="4" t="206" w="126" /><ent r="3" t="239" w="31" /><ent r="5" t="241" w="197" /><ent r="5" t="241" w="413" /><ent r="3" t="273" w="171" /><ent r="3" t="279" w="42" /><ent r="64" t="279" w="57" /><ent r="3" t="279" w="62" /><ent r="3" t="282" w="276" /><ent r="64" t="282" w="294" /><ent r="3" t="282" w="400" /><ent r="3" t="284" w="19" /><ent r="3" t="284" w="26" /><ent r="64" t="284" w="64" /><ent r="4" t="284" w="82" /><ent r="4" t="284" w="111" /><ent r="3" t="284" w="127" /><ent r="3" t="284" w="158" /><ent r="3" t="284" w="165" /><ent r="3" t="284" w="196" /><ent r="3" t="284" w="214" /><ent r="3" t="285" w="21" /><ent r="3" t="285" w="73" /><ent r="3" t="285" w="153" /><ent r="3" t="285" w="294" /><ent r="4" t="286" w="208" /><ent r="6" t="300" w="183" /><ent r="6" t="300" w="207" /><ent r="6" t="300" w="361" /></phr><phr n="sizes"><ent r="3" t="150" w="108" /><ent r="3" t="284" w="172" /><ent r="3" t="285" w="222" /></phr></stem><stem n="visit"><phr n="visit"><ent r="3" t="5" w="471" /></phr><phr n="Visit"><ent r="4" t="64" w="181" /><ent r="4" t="64" w="229" /><ent r="4" t="64" w="240" /><ent r="3" t="309" w="177" /></phr><phr n="visits"><ent r="3" t="261" w="190" /></phr></stem><stem n="http"><phr n="http"><ent r="64" t="5" w="473" /><ent r="64" t="190" w="345" /><ent r="4" t="193" w="57" /><ent r="4" t="193" w="286" /><ent r="4" t="257" w="134" /><ent r="5" t="265" w="800" /><ent r="64" t="280" w="135" /><ent r="64" t="293" w="25" /><ent r="64" t="293" w="74" /><ent r="64" t="293" w="105" /><ent r="64" t="293" w="118" /><ent r="64" t="306" w="548" /><ent r="6" t="309" w="303" /><ent r="6" t="309" w="336" /><ent r="6" t="309" w="368" /></phr><phr n="https"><ent r="115" t="295" w="69" /><ent r="64" t="297" w="22" /><ent r="64" t="305" w="64" /></phr></stem><stem n="www"><phr n="www"><ent r="64" t="5" w="474" /><ent r="4" t="193" w="58" /><ent r="4" t="193" w="287" /></phr></stem><stem n="www.versant"><phr n="www.versant"><ent r="64" t="5" w="475" /><ent r="64" t="5" w="474" /><ent r="4" t="193" w="59" /><ent r="4" t="193" w="58" /><ent r="4" t="193" w="288" /><ent r="4" t="193" w="287" /></phr></stem><stem n="www.versant.com"><phr n="www.versant.com"><ent r="64" t="5" w="476" /><ent r="64" t="5" w="474" /><ent r="4" t="193" w="60" /><ent r="4" t="193" w="58" /><ent r="4" t="193" w="289" /><ent r="4" t="193" w="287" /></phr></stem><stem n="com"><phr n="com"><ent r="64" t="5" w="476" /><ent r="3" t="95" w="37" /><ent r="4" t="193" w="60" /><ent r="4" t="193" w="289" /><ent r="64" t="280" w="138" /><ent r="64" t="293" w="28" /><ent r="64" t="293" w="77" /><ent r="64" t="293" w="108" /><ent r="64" t="293" w="120" /><ent r="115" t="295" w="72" /><ent r="64" t="297" w="25" /><ent r="6" t="299" w="290" /><ent r="6" t="299" w="335" /><ent r="6" t="299" w="353" /><ent r="6" t="299" w="522" /><ent r="6" t="300" w="238" /><ent r="64" t="305" w="67" /><ent r="6" t="309" w="306" /><ent r="6" t="309" w="339" /><ent r="6" t="309" w="371" /><ent r="64" t="310" w="101" /><ent r="64" t="310" w="108" /><ent r="63" t="310" w="114" /></phr></stem><stem n="www.versant.com/"><phr n="www.versant.com/"><ent r="64" t="5" w="476" /><ent r="64" t="5" w="474" /></phr></stem><stem n="://www.versant.com/"><phr n="://www.versant.com/"><ent r="64" t="5" w="477" /></phr></stem><stem n="simpl"><phr n="simple"><ent r="3" t="5" w="484" /><ent r="3" t="12" w="62" /><ent r="3" t="12" w="238" /><ent r="3" t="14" w="1054" /><ent r="3" t="15" w="111" /><ent r="3" t="17" w="232" /><ent r="3" t="18" w="854" /><ent r="3" t="20" w="308" /><ent r="4" t="20" w="349" /><ent r="4" t="20" w="399" /><ent r="4" t="22" w="138" /><ent r="4" t="22" w="178" /><ent r="3" t="23" w="109" /><ent r="4" t="27" w="245" /><ent r="4" t="27" w="295" /><ent r="3" t="28" w="65" /><ent r="5" t="28" w="957" /><ent r="5" t="28" w="1005" /><ent r="3" t="29" w="164" /><ent r="3" t="31" w="1113" /><ent r="3" t="42" w="30" /><ent r="3" t="45" w="356" /><ent r="5" t="50" w="411" /><ent r="5" t="50" w="448" /><ent r="3" t="54" w="126" /><ent r="3" t="56" w="15" /><ent r="4" t="56" w="93" /><ent r="4" t="56" w="153" /><ent r="3" t="58" w="55" /><ent r="3" t="74" w="585" /><ent r="3" t="103" w="14" /><ent r="3" t="114" w="54" /><ent r="3" t="117" w="21" /><ent r="3" t="117" w="66" /><ent r="3" t="117" w="443" /><ent r="3" t="119" w="17" /><ent r="3" t="121" w="143" /><ent r="4" t="133" w="228" /><ent r="3" t="134" w="311" /><ent r="4" t="141" w="198" /><ent r="4" t="141" w="343" /><ent r="3" t="190" w="388" /><ent r="3" t="193" w="14" /><ent r="3" t="224" w="401" /><ent r="4" t="233" w="226" /><ent r="3" t="238" w="237" /><ent r="3" t="240" w="790" /><ent r="3" t="243" w="234" /><ent r="8" t="247" w="330" /><ent r="3" t="251" w="247" /><ent r="3" t="261" w="109" /><ent r="3" t="261" w="122" /><ent r="3" t="265" w="755" /><ent r="3" t="271" w="33" /><ent r="3" t="272" w="124" /><ent r="4" t="278" w="155" /><ent r="3" t="283" w="184" /><ent r="3" t="289" w="14" /><ent r="3" t="302" w="17" /></phr><phr n="Simple"><ent r="3" t="5" w="493" /><ent r="4" t="12" w="163" /><ent r="4" t="12" w="190" /><ent r="4" t="13" w="79" /><ent r="4" t="13" w="106" /><ent r="3" t="14" w="171" /><ent r="92" t="17" w="223" /><ent r="5" t="20" w="475" /><ent r="92" t="29" w="155" /><ent r="4" t="29" w="219" /><ent r="4" t="29" w="295" /><ent r="4" t="29" w="353" /><ent r="4" t="29" w="396" /><ent r="3" t="31" w="113" /><ent r="3" t="118" w="94" /><ent r="4" t="240" w="194" /><ent r="4" t="240" w="268" /><ent r="4" t="240" w="408" /><ent r="4" t="240" w="482" /></phr></stem><stem n="flat"><phr n="flat"><ent r="3" t="5" w="486" /><ent r="4" t="6" w="154" /></phr></stem><stem n="-like"><phr n="-like"><ent r="3" t="5" w="494" /><ent r="3" t="5" w="494" /><ent r="3" t="20" w="132" /><ent r="3" t="20" w="132" /></phr></stem><stem n="table-lik"><phr n="table-like"><ent r="3" t="5" w="494" /></phr></stem><stem n="record"><phr n="records"><ent r="3" t="5" w="499" /><ent r="6" t="37" w="152" /></phr><phr n="record"><ent r="6" t="37" w="168" /><ent r="6" t="37" w="208" /><ent r="3" t="178" w="60" /><ent r="3" t="178" w="111" /></phr></stem><stem n="adhoc"><phr n="adhoc"><ent r="3" t="5" w="510" /><ent r="3" t="5" w="558" /></phr></stem><stem n="would"><phr n="would"><ent r="3" t="5" w="513" /><ent r="4" t="25" w="50" /><ent r="3" t="38" w="449" /><ent r="3" t="45" w="345" /><ent r="3" t="74" w="587" /><ent r="3" t="78" w="19" /><ent r="3" t="191" w="74" /><ent r="3" t="234" w="89" /><ent r="4" t="238" w="215" /><ent r="3" t="258" w="48" /><ent r="3" t="261" w="244" /><ent r="4" t="276" w="103" /><ent r="3" t="301" w="167" /></phr></stem><stem n="import"><phr n="important"><ent r="3" t="5" w="516" /><ent r="3" t="8" w="18" /><ent r="3" t="33" w="26" /><ent r="3" t="49" w="711" /><ent r="3" t="70" w="270" /><ent r="3" t="74" w="1130" /><ent r="3" t="106" w="203" /><ent r="3" t="114" w="70" /><ent r="3" t="128" w="39" /><ent r="3" t="132" w="24" /><ent r="3" t="250" w="150" /><ent r="3" t="270" w="28" /><ent r="3" t="279" w="21" /><ent r="3" t="285" w="28" /></phr><phr n="import"><ent r="3" t="12" w="76" /><ent r="3" t="265" w="760" /><ent r="3" t="272" w="41" /></phr><phr n="Imports"><ent r="5" t="12" w="105" /><ent r="5" t="12" w="110" /><ent r="4" t="193" w="290" /><ent r="4" t="193" w="292" /></phr><phr n="Important"><ent r="5" t="70" w="380" /><ent r="5" t="70" w="522" /></phr><phr n="Import"><ent r="67" t="245" w="208" /><ent r="1000" t="272" w="2" /><ent r="102" t="272" w="8" /><ent r="3" t="272" w="96" /></phr></stem><stem n="defin"><phr n="defined"><ent r="3" t="5" w="522" /><ent r="3" t="106" w="125" /><ent r="3" t="106" w="131" /><ent r="3" t="238" w="106" /><ent r="3" t="299" w="32" /><ent r="4" t="299" w="53" /></phr><phr n="define"><ent r="3" t="22" w="82" /><ent r="3" t="67" w="18" /><ent r="3" t="268" w="77" /><ent r="3" t="268" w="118" /><ent r="3" t="298" w="64" /></phr><phr n="Define"><ent r="4" t="22" w="142" /><ent r="5" t="50" w="415" /><ent r="5" t="50" w="452" /></phr><phr n="defines"><ent r="3" t="188" w="380" /><ent r="3" t="192" w="57" /><ent r="3" t="285" w="210" /></phr></stem><stem n="compliment"><phr n="complimented"><ent r="3" t="5" w="532" /></phr></stem><stem n="let"><phr n="let"><ent r="3" t="5" w="536" /><ent r="3" t="39" w="45" /><ent r="3" t="39" w="189" /><ent r="3" t="47" w="41" /><ent r="3" t="90" w="306" /><ent r="3" t="124" w="49" /><ent r="3" t="125" w="52" /><ent r="3" t="141" w="121" /><ent r="3" t="192" w="104" /></phr><phr n="lets"><ent r="3" t="7" w="119" /><ent r="3" t="15" w="630" /><ent r="3" t="36" w="8" /><ent r="3" t="36" w="21" /><ent r="3" t="114" w="89" /></phr><phr n="Let"><ent r="3" t="15" w="487" /><ent r="3" t="17" w="226" /><ent r="3" t="41" w="22" /><ent r="3" t="42" w="9" /><ent r="3" t="45" w="11" /><ent r="3" t="76" w="58" /><ent r="3" t="110" w="32" /><ent r="3" t="114" w="174" /><ent r="5" t="226" w="175" /><ent r="5" t="226" w="218" /><ent r="3" t="236" w="110" /><ent r="3" t="236" w="268" /><ent r="3" t="240" w="756" /><ent r="3" t="272" w="119" /><ent r="3" t="289" w="9" /><ent r="3" t="302" w="11" /><ent r="3" t="303" w="7" /></phr></stem><stem n="abl"><phr n="able"><ent r="3" t="5" w="541" /><ent r="3" t="7" w="614" /><ent r="3" t="55" w="246" /><ent r="3" t="90" w="180" /><ent r="4" t="148" w="232" /><ent r="3" t="257" w="208" /><ent r="3" t="259" w="56" /><ent r="3" t="272" w="144" /><ent r="3" t="272" w="554" /><ent r="3" t="288" w="28" /><ent r="3" t="292" w="64" /><ent r="3" t="309" w="225" /></phr></stem><stem n="grab"><phr n="grab"><ent r="3" t="5" w="543" /><ent r="3" t="75" w="198" /></phr><phr n="Grab"><ent r="4" t="74" w="333" /><ent r="4" t="74" w="435" /><ent r="4" t="74" w="486" /><ent r="4" t="74" w="556" /><ent r="4" t="75" w="101" /><ent r="4" t="75" w="177" /><ent r="4" t="75" w="280" /><ent r="4" t="75" w="381" /><ent r="5" t="235" w="100" /><ent r="4" t="235" w="171" /><ent r="5" t="235" w="181" /><ent r="4" t="235" w="266" /></phr></stem><stem n="plethora"><phr n="plethora"><ent r="3" t="5" w="547" /></phr></stem><stem n="poke"><phr n="poke"><ent r="3" t="5" w="552" /></phr></stem><stem n="fashion"><phr n="fashion"><ent r="3" t="5" w="559" /><ent r="3" t="7" w="396" /></phr></stem><stem n="intend"><phr n="intended"><ent r="3" t="6" w="7" /><ent r="3" t="114" w="33" /><ent r="3" t="115" w="89" /><ent r="4" t="165" w="180" /><ent r="3" t="177" w="56" /><ent r="3" t="178" w="45" /><ent r="3" t="304" w="88" /></phr></stem><stem n="-16"><phr n="-16"><ent r="3" t="6" w="15" /><ent r="3" t="6" w="15" /></phr></stem><stem n="2"><phr n="2"><ent r="3" t="6" w="15" /><ent r="92" t="9" w="136" /><ent r="4" t="15" w="520" /><ent r="4" t="15" w="576" /><ent r="4" t="15" w="684" /><ent r="4" t="15" w="759" /><ent r="4" t="29" w="214" /><ent r="4" t="29" w="281" /><ent r="6" t="37" w="101" /><ent r="4" t="41" w="217" /><ent r="4" t="45" w="543" /><ent r="4" t="46" w="370" /><ent r="4" t="46" w="408" /><ent r="4" t="58" w="98" /><ent r="4" t="58" w="166" /><ent r="4" t="58" w="244" /><ent r="4" t="58" w="249" /><ent r="4" t="58" w="306" /><ent r="4" t="58" w="313" /><ent r="6" t="92" w="566" /><ent r="4" t="99" w="500" /><ent r="4" t="99" w="587" /><ent r="3" t="102" w="79" /><ent r="3" t="105" w="72" /><ent r="5" t="112" w="612" /><ent r="5" t="112" w="1127" /><ent r="8" t="143" w="88" /><ent r="4" t="145" w="59" /><ent r="4" t="145" w="85" /><ent r="4" t="145" w="188" /><ent r="4" t="145" w="220" /><ent r="4" t="146" w="91" /><ent r="4" t="146" w="118" /><ent r="4" t="146" w="221" /><ent r="4" t="146" w="253" /><ent r="4" t="158" w="46" /><ent r="3" t="169" w="76" /><ent r="8" t="173" w="109" /><ent r="3" t="190" w="339" /><ent r="3" t="192" w="43" /><ent r="4" t="193" w="204" /><ent r="4" t="193" w="243" /><ent r="4" t="193" w="472" /><ent r="4" t="193" w="520" /><ent r="4" t="217" w="57" /><ent r="4" t="217" w="89" /><ent r="4" t="222" w="70" /><ent r="4" t="222" w="102" /><ent r="4" t="241" w="606" /><ent r="4" t="241" w="607" /><ent r="4" t="241" w="648" /><ent r="4" t="241" w="649" /><ent r="4" t="258" w="190" /><ent r="4" t="258" w="213" /><ent r="4" t="258" w="234" /><ent r="4" t="258" w="261" /><ent r="4" t="258" w="280" /><ent r="3" t="260" w="30" /><ent r="4" t="260" w="51" /><ent r="3" t="270" w="162" /><ent r="3" t="270" w="185" /><ent r="3" t="270" w="206" /><ent r="3" t="270" w="235" /><ent r="3" t="270" w="254" /><ent r="3" t="273" w="177" /><ent r="4" t="275" w="474" /><ent r="4" t="275" w="512" /><ent r="3" t="276" w="44" /><ent r="3" t="276" w="160" /><ent r="3" t="289" w="159" /><ent r="6" t="299" w="205" /><ent r="6" t="313" w="23" /><ent r="6" t="313" w="48" /><ent r="6" t="313" w="252" /><ent r="6" t="313" w="262" /><ent r="6" t="313" w="268" /><ent r="6" t="313" w="295" /><ent r="6" t="313" w="309" /><ent r="6" t="313" w="331" /><ent r="6" t="313" w="333" /><ent r="6" t="313" w="342" /><ent r="6" t="313" w="381" /></phr></stem></index>