﻿<?xml version="1.0" encoding="utf-8"?><index><stem n="//"><phr n="//"><ent r="5" t="8" w="85" /><ent r="5" t="8" w="103" /><ent r="5" t="8" w="133" /><ent r="5" t="8" w="150" /><ent r="5" t="10" w="91" /><ent r="5" t="10" w="534" /><ent r="5" t="14" w="413" /><ent r="5" t="14" w="426" /><ent r="5" t="14" w="542" /><ent r="5" t="14" w="555" /><ent r="5" t="27" w="835" /><ent r="5" t="27" w="855" /><ent r="5" t="27" w="877" /><ent r="5" t="27" w="886" /><ent r="5" t="27" w="1134" /><ent r="5" t="28" w="556" /><ent r="5" t="28" w="730" /><ent r="5" t="28" w="738" /><ent r="5" t="28" w="955" /><ent r="5" t="28" w="1096" /><ent r="5" t="28" w="1106" /><ent r="5" t="30" w="433" /><ent r="5" t="31" w="345" /><ent r="5" t="31" w="358" /><ent r="5" t="31" w="978" /><ent r="5" t="31" w="987" /><ent r="5" t="34" w="338" /><ent r="5" t="34" w="348" /><ent r="5" t="34" w="556" /><ent r="5" t="34" w="578" /><ent r="5" t="35" w="156" /><ent r="5" t="42" w="382" /><ent r="5" t="42" w="387" /><ent r="5" t="42" w="393" /><ent r="5" t="42" w="406" /><ent r="5" t="42" w="412" /><ent r="5" t="42" w="418" /><ent r="5" t="42" w="813" /><ent r="5" t="42" w="822" /><ent r="5" t="45" w="114" /><ent r="5" t="45" w="125" /><ent r="5" t="45" w="137" /><ent r="5" t="45" w="392" /><ent r="5" t="45" w="533" /><ent r="5" t="46" w="67" /><ent r="5" t="46" w="77" /><ent r="5" t="46" w="89" /><ent r="5" t="46" w="101" /><ent r="5" t="46" w="131" /><ent r="5" t="49" w="810" /><ent r="5" t="49" w="818" /><ent r="5" t="49" w="1058" /><ent r="5" t="49" w="1067" /><ent r="5" t="49" w="1077" /><ent r="5" t="49" w="1098" /><ent r="5" t="49" w="1108" /><ent r="5" t="50" w="731" /><ent r="5" t="50" w="740" /><ent r="5" t="50" w="750" /><ent r="5" t="50" w="1004" /><ent r="6" t="53" w="507" /><ent r="5" t="54" w="221" /><ent r="5" t="54" w="226" /><ent r="5" t="56" w="60" /><ent r="5" t="56" w="75" /><ent r="5" t="56" w="238" /><ent r="5" t="57" w="182" /><ent r="5" t="63" w="53" /><ent r="5" t="66" w="170" /><ent r="5" t="66" w="192" /><ent r="5" t="66" w="443" /><ent r="5" t="66" w="463" /><ent r="5" t="66" w="619" /><ent r="5" t="66" w="637" /><ent r="5" t="69" w="236" /><ent r="5" t="69" w="245" /><ent r="5" t="69" w="578" /><ent r="5" t="69" w="587" /><ent r="5" t="70" w="101" /><ent r="5" t="70" w="128" /><ent r="5" t="70" w="333" /><ent r="5" t="70" w="356" /><ent r="5" t="70" w="375" /><ent r="5" t="70" w="390" /><ent r="5" t="70" w="410" /><ent r="5" t="70" w="423" /><ent r="5" t="74" w="151" /><ent r="5" t="74" w="173" /><ent r="5" t="76" w="79" /><ent r="5" t="76" w="101" /><ent r="5" t="76" w="636" /><ent r="5" t="81" w="68" /><ent r="5" t="96" w="231" /><ent r="5" t="109" w="124" /><ent r="5" t="112" w="1207" /><ent r="5" t="112" w="1220" /><ent r="5" t="114" w="292" /><ent r="5" t="114" w="321" /><ent r="5" t="114" w="354" /><ent r="5" t="114" w="376" /><ent r="5" t="121" w="164" /><ent r="5" t="121" w="169" /><ent r="5" t="121" w="255" /><ent r="5" t="121" w="278" /><ent r="5" t="121" w="294" /><ent r="5" t="121" w="325" /><ent r="7" t="128" w="83" /><ent r="7" t="128" w="88" /><ent r="7" t="128" w="202" /><ent r="7" t="128" w="209" /><ent r="7" t="128" w="344" /><ent r="7" t="128" w="349" /><ent r="5" t="142" w="130" /><ent r="5" t="142" w="233" /><ent r="5" t="142" w="335" /><ent r="5" t="147" w="255" /><ent r="5" t="147" w="287" /><ent r="5" t="148" w="80" /><ent r="5" t="179" w="144" /><ent r="5" t="191" w="200" /><ent r="4" t="193" w="75" /><ent r="4" t="193" w="86" /><ent r="4" t="193" w="151" /><ent r="4" t="193" w="178" /><ent r="4" t="193" w="217" /><ent r="4" t="193" w="255" /><ent r="5" t="226" w="175" /><ent r="5" t="226" w="305" /><ent r="5" t="227" w="123" /><ent r="5" t="227" w="149" /><ent r="5" t="227" w="437" /><ent r="5" t="227" w="441" /><ent r="5" t="227" w="455" /><ent r="5" t="229" w="101" /><ent r="5" t="229" w="123" /><ent r="5" t="233" w="399" /><ent r="5" t="233" w="419" /><ent r="5" t="233" w="432" /><ent r="5" t="233" w="448" /><ent r="5" t="233" w="623" /><ent r="5" t="233" w="640" /><ent r="5" t="235" w="100" /><ent r="5" t="235" w="126" /><ent r="5" t="235" w="158" /><ent r="5" t="236" w="395" /><ent r="6" t="237" w="148" /><ent r="6" t="237" w="358" /><ent r="5" t="240" w="371" /><ent r="5" t="244" w="237" /><ent r="5" t="244" w="245" /><ent r="5" t="248" w="172" /><ent r="5" t="248" w="181" /><ent r="5" t="249" w="212" /><ent r="5" t="249" w="221" /><ent r="5" t="253" w="76" /><ent r="5" t="253" w="104" /><ent r="5" t="253" w="111" /><ent r="5" t="254" w="74" /><ent r="5" t="254" w="89" /><ent r="5" t="254" w="104" /><ent r="5" t="254" w="118" /><ent r="5" t="254" w="135" /><ent r="5" t="254" w="155" /><ent r="5" t="254" w="164" /><ent r="5" t="256" w="103" /><ent r="5" t="256" w="125" /><ent r="5" t="256" w="251" /><ent r="5" t="256" w="273" /><ent r="5" t="262" w="199" /><ent r="5" t="262" w="210" /><ent r="5" t="262" w="236" /><ent r="5" t="262" w="255" /><ent r="5" t="262" w="261" /><ent r="5" t="262" w="269" /><ent r="5" t="263" w="267" /><ent r="5" t="264" w="178" /><ent r="5" t="264" w="185" /><ent r="5" t="265" w="171" /><ent r="5" t="265" w="482" /><ent r="5" t="266" w="403" /><ent r="5" t="274" w="105" /><ent r="5" t="274" w="110" /><ent r="5" t="274" w="116" /><ent r="5" t="274" w="129" /><ent r="5" t="274" w="135" /><ent r="5" t="274" w="141" /><ent r="5" t="275" w="175" /><ent r="5" t="275" w="185" /><ent r="5" t="275" w="197" /><ent r="5" t="275" w="209" /><ent r="5" t="275" w="239" /><ent r="4" t="277" w="135" /><ent r="5" t="277" w="152" /><ent r="5" t="277" w="188" /><ent r="5" t="277" w="203" /><ent r="5" t="277" w="241" /><ent r="5" t="281" w="354" /><ent r="6" t="300" w="568" /><ent r="6" t="300" w="595" /></phr></stem><stem n="pilot"><phr n="pilot"><ent r="5" t="8" w="88" /><ent r="4" t="8" w="91" /><ent r="4" t="8" w="101" /><ent r="5" t="8" w="134" /><ent r="5" t="8" w="151" /><ent r="5" t="8" w="186" /><ent r="4" t="8" w="190" /><ent r="4" t="8" w="202" /><ent r="5" t="8" w="234" /><ent r="5" t="8" w="256" /><ent r="4" t="10" w="221" /><ent r="4" t="10" w="231" /><ent r="4" t="10" w="261" /><ent r="4" t="10" w="273" /><ent r="4" t="10" w="363" /><ent r="4" t="10" w="371" /><ent r="4" t="10" w="427" /><ent r="4" t="10" w="439" /><ent r="4" t="10" w="505" /><ent r="4" t="10" w="527" /><ent r="5" t="10" w="536" /><ent r="4" t="10" w="540" /><ent r="4" t="10" w="546" /><ent r="4" t="10" w="570" /><ent r="4" t="10" w="592" /><ent r="5" t="10" w="600" /><ent r="4" t="10" w="604" /><ent r="4" t="10" w="614" /><ent r="4" t="10" w="646" /><ent r="4" t="10" w="670" /><ent r="4" t="10" w="700" /><ent r="4" t="10" w="724" /><ent r="4" t="17" w="254" /><ent r="4" t="17" w="258" /><ent r="3" t="18" w="73" /><ent r="4" t="18" w="130" /><ent r="4" t="18" w="134" /><ent r="4" t="18" w="198" /><ent r="4" t="18" w="206" /><ent r="4" t="18" w="247" /><ent r="4" t="18" w="251" /><ent r="4" t="18" w="312" /><ent r="4" t="18" w="320" /><ent r="4" t="18" w="380" /><ent r="4" t="18" w="384" /><ent r="4" t="18" w="388" /><ent r="4" t="18" w="453" /><ent r="4" t="18" w="461" /><ent r="4" t="18" w="468" /><ent r="4" t="18" w="517" /><ent r="4" t="18" w="521" /><ent r="4" t="18" w="525" /><ent r="4" t="18" w="530" /><ent r="4" t="18" w="596" /><ent r="4" t="18" w="604" /><ent r="4" t="18" w="611" /><ent r="4" t="18" w="618" /><ent r="4" t="18" w="705" /><ent r="4" t="18" w="709" /><ent r="4" t="18" w="737" /><ent r="4" t="18" w="749" /><ent r="4" t="18" w="934" /><ent r="4" t="18" w="940" /><ent r="4" t="18" w="943" /><ent r="4" t="18" w="1000" /><ent r="4" t="19" w="157" /><ent r="4" t="19" w="169" /><ent r="4" t="20" w="165" /><ent r="4" t="20" w="169" /><ent r="4" t="20" w="233" /><ent r="4" t="20" w="241" /><ent r="3" t="24" w="608" /><ent r="3" t="24" w="618" /><ent r="3" t="24" w="630" /><ent r="3" t="27" w="36" /><ent r="4" t="27" w="1119" /><ent r="5" t="27" w="1148" /><ent r="4" t="27" w="1151" /><ent r="4" t="27" w="1172" /><ent r="5" t="27" w="1213" /><ent r="4" t="27" w="1216" /><ent r="5" t="27" w="1297" /><ent r="5" t="27" w="1343" /><ent r="5" t="28" w="558" /><ent r="5" t="28" w="568" /><ent r="5" t="28" w="614" /><ent r="5" t="28" w="629" /><ent r="5" t="28" w="763" /><ent r="5" t="28" w="838" /><ent r="4" t="29" w="206" /><ent r="4" t="29" w="212" /><ent r="4" t="29" w="263" /><ent r="4" t="29" w="276" /><ent r="5" t="29" w="460" /><ent r="5" t="29" w="502" /><ent r="4" t="34" w="322" /><ent r="4" t="34" w="326" /><ent r="4" t="34" w="334" /><ent r="4" t="34" w="358" /><ent r="4" t="34" w="379" /><ent r="4" t="34" w="389" /><ent r="4" t="34" w="397" /><ent r="4" t="34" w="421" /><ent r="4" t="39" w="217" /><ent r="4" t="39" w="227" /><ent r="4" t="39" w="234" /><ent r="4" t="39" w="238" /><ent r="4" t="39" w="278" /><ent r="4" t="39" w="283" /><ent r="4" t="39" w="292" /><ent r="4" t="39" w="307" /><ent r="3" t="45" w="351" /><ent r="4" t="52" w="137" /><ent r="4" t="52" w="143" /><ent r="4" t="52" w="211" /><ent r="4" t="52" w="222" /><ent r="4" t="54" w="211" /><ent r="4" t="54" w="215" /><ent r="5" t="54" w="228" /><ent r="4" t="54" w="238" /><ent r="4" t="54" w="256" /><ent r="4" t="54" w="266" /><ent r="5" t="54" w="278" /><ent r="4" t="54" w="288" /><ent r="4" t="56" w="194" /><ent r="4" t="56" w="199" /><ent r="4" t="56" w="205" /><ent r="4" t="56" w="215" /><ent r="4" t="56" w="224" /><ent r="4" t="56" w="230" /><ent r="3" t="57" w="59" /><ent r="5" t="57" w="78" /><ent r="5" t="57" w="126" /><ent r="3" t="57" w="166" /><ent r="5" t="57" w="184" /><ent r="5" t="57" w="221" /><ent r="4" t="58" w="74" /><ent r="4" t="58" w="85" /><ent r="4" t="58" w="136" /><ent r="4" t="58" w="151" /><ent r="4" t="58" w="222" /><ent r="4" t="58" w="233" /><ent r="4" t="58" w="242" /><ent r="4" t="58" w="280" /><ent r="4" t="58" w="295" /><ent r="4" t="58" w="304" /><ent r="3" t="100" w="352" /><ent r="5" t="253" w="109" /><ent r="4" t="253" w="135" /><ent r="4" t="253" w="142" /><ent r="5" t="253" w="232" /><ent r="4" t="253" w="269" /><ent r="4" t="253" w="280" /><ent r="4" t="253" w="389" /><ent r="4" t="253" w="396" /><ent r="4" t="253" w="488" /><ent r="4" t="253" w="499" /><ent r="4" t="260" w="245" /><ent r="4" t="260" w="258" /><ent r="4" t="260" w="269" /><ent r="4" t="260" w="278" /><ent r="4" t="260" w="287" /><ent r="4" t="263" w="480" /><ent r="4" t="263" w="491" /><ent r="4" t="263" w="498" /><ent r="4" t="263" w="508" /><ent r="4" t="263" w="513" /><ent r="4" t="263" w="520" /><ent r="4" t="263" w="527" /><ent r="4" t="263" w="572" /><ent r="4" t="263" w="635" /><ent r="4" t="272" w="415" /><ent r="4" t="272" w="422" /><ent r="4" t="272" w="500" /><ent r="4" t="272" w="511" /></phr><phr n="Pilot"><ent r="4" t="8" w="90" /><ent r="4" t="8" w="95" /><ent r="4" t="8" w="113" /><ent r="4" t="8" w="136" /><ent r="4" t="8" w="196" /><ent r="4" t="8" w="218" /><ent r="4" t="8" w="242" /><ent r="4" t="10" w="220" /><ent r="4" t="10" w="225" /><ent r="4" t="10" w="267" /><ent r="4" t="10" w="340" /><ent r="4" t="10" w="410" /><ent r="4" t="10" w="431" /><ent r="4" t="10" w="509" /><ent r="4" t="10" w="578" /><ent r="4" t="10" w="650" /><ent r="4" t="10" w="708" /><ent r="4" t="17" w="253" /><ent r="4" t="17" w="287" /><ent r="4" t="17" w="291" /><ent r="3" t="18" w="60" /><ent r="4" t="18" w="129" /><ent r="4" t="18" w="163" /><ent r="4" t="18" w="167" /><ent r="4" t="18" w="202" /><ent r="4" t="18" w="246" /><ent r="4" t="18" w="278" /><ent r="4" t="18" w="282" /><ent r="4" t="18" w="316" /><ent r="4" t="18" w="379" /><ent r="4" t="18" w="417" /><ent r="4" t="18" w="421" /><ent r="4" t="18" w="457" /><ent r="4" t="18" w="516" /><ent r="4" t="18" w="560" /><ent r="4" t="18" w="564" /><ent r="4" t="18" w="600" /><ent r="4" t="18" w="704" /><ent r="4" t="18" w="741" /><ent r="4" t="18" w="806" /><ent r="4" t="18" w="810" /><ent r="4" t="18" w="933" /><ent r="4" t="18" w="969" /><ent r="4" t="18" w="973" /><ent r="4" t="18" w="1004" /><ent r="4" t="18" w="1032" /><ent r="4" t="18" w="1037" /><ent r="4" t="19" w="74" /><ent r="4" t="19" w="86" /><ent r="4" t="19" w="88" /><ent r="4" t="19" w="120" /><ent r="4" t="19" w="124" /><ent r="4" t="19" w="161" /><ent r="4" t="19" w="192" /><ent r="4" t="19" w="200" /><ent r="4" t="20" w="164" /><ent r="4" t="20" w="198" /><ent r="4" t="20" w="202" /><ent r="4" t="20" w="237" /><ent r="4" t="20" w="331" /><ent r="4" t="20" w="375" /><ent r="4" t="23" w="112" /><ent r="4" t="23" w="117" /><ent r="4" t="23" w="151" /><ent r="4" t="24" w="91" /><ent r="4" t="24" w="96" /><ent r="4" t="24" w="130" /><ent r="4" t="24" w="178" /><ent r="4" t="24" w="183" /><ent r="4" t="24" w="216" /><ent r="4" t="24" w="289" /><ent r="4" t="24" w="294" /><ent r="4" t="24" w="332" /><ent r="4" t="24" w="389" /><ent r="4" t="24" w="394" /><ent r="4" t="24" w="428" /><ent r="4" t="24" w="477" /><ent r="4" t="24" w="509" /><ent r="4" t="24" w="635" /><ent r="4" t="24" w="640" /><ent r="4" t="24" w="653" /><ent r="4" t="24" w="681" /><ent r="4" t="24" w="697" /><ent r="3" t="27" w="24" /><ent r="4" t="27" w="125" /><ent r="4" t="27" w="159" /><ent r="4" t="27" w="227" /><ent r="4" t="27" w="271" /><ent r="4" t="27" w="340" /><ent r="4" t="27" w="381" /><ent r="4" t="27" w="423" /><ent r="4" t="27" w="467" /><ent r="4" t="27" w="540" /><ent r="4" t="27" w="590" /><ent r="4" t="27" w="657" /><ent r="4" t="27" w="696" /><ent r="4" t="27" w="833" /><ent r="4" t="27" w="940" /><ent r="4" t="27" w="1118" /><ent r="4" t="27" w="1176" /><ent r="4" t="27" w="1180" /><ent r="4" t="28" w="750" /><ent r="4" t="28" w="755" /><ent r="4" t="28" w="830" /><ent r="4" t="28" w="1094" /><ent r="4" t="28" w="1162" /><ent r="4" t="29" w="205" /><ent r="4" t="29" w="207" /><ent r="4" t="29" w="267" /><ent r="4" t="29" w="273" /><ent r="4" t="29" w="339" /><ent r="4" t="29" w="376" /><ent r="4" t="29" w="758" /><ent r="4" t="29" w="806" /><ent r="4" t="30" w="102" /><ent r="4" t="30" w="141" /><ent r="4" t="30" w="213" /><ent r="4" t="30" w="258" /><ent r="4" t="30" w="336" /><ent r="4" t="30" w="375" /><ent r="4" t="30" w="424" /><ent r="4" t="30" w="426" /><ent r="4" t="30" w="428" /><ent r="4" t="30" w="430" /><ent r="4" t="30" w="512" /><ent r="4" t="30" w="517" /><ent r="4" t="30" w="525" /><ent r="4" t="30" w="530" /><ent r="4" t="34" w="128" /><ent r="4" t="34" w="137" /><ent r="4" t="34" w="160" /><ent r="4" t="34" w="169" /><ent r="4" t="34" w="214" /><ent r="4" t="34" w="223" /><ent r="4" t="34" w="246" /><ent r="4" t="34" w="255" /><ent r="4" t="34" w="321" /><ent r="4" t="34" w="383" /><ent r="4" t="34" w="387" /><ent r="4" t="38" w="129" /><ent r="4" t="38" w="134" /><ent r="4" t="38" w="137" /><ent r="4" t="38" w="174" /><ent r="4" t="38" w="178" /><ent r="4" t="38" w="187" /><ent r="4" t="38" w="189" /><ent r="3" t="39" w="199" /><ent r="4" t="39" w="319" /><ent r="4" t="39" w="334" /><ent r="4" t="52" w="136" /><ent r="4" t="52" w="195" /><ent r="4" t="52" w="201" /><ent r="4" t="52" w="215" /><ent r="4" t="52" w="240" /><ent r="4" t="54" w="210" /><ent r="4" t="54" w="260" /><ent r="4" t="54" w="264" /><ent r="4" t="56" w="193" /><ent r="4" t="56" w="219" /><ent r="4" t="56" w="260" /><ent r="4" t="56" w="303" /><ent r="4" t="58" w="73" /><ent r="4" t="58" w="140" /><ent r="4" t="58" w="221" /><ent r="4" t="58" w="284" /><ent r="3" t="100" w="63" /><ent r="4" t="100" w="108" /><ent r="4" t="100" w="128" /><ent r="4" t="100" w="199" /><ent r="4" t="100" w="238" /><ent r="4" t="253" w="61" /><ent r="4" t="253" w="134" /><ent r="4" t="253" w="169" /><ent r="4" t="253" w="248" /><ent r="4" t="253" w="252" /><ent r="4" t="253" w="273" /><ent r="4" t="253" w="349" /><ent r="4" t="253" w="388" /><ent r="4" t="253" w="430" /><ent r="4" t="253" w="467" /><ent r="4" t="253" w="471" /><ent r="4" t="253" w="492" /><ent r="4" t="254" w="109" /><ent r="4" t="254" w="112" /><ent r="4" t="254" w="113" /><ent r="4" t="254" w="116" /><ent r="4" t="254" w="161" /><ent r="4" t="254" w="241" /><ent r="4" t="254" w="243" /><ent r="4" t="254" w="251" /><ent r="4" t="254" w="253" /><ent r="4" t="254" w="301" /><ent r="4" t="260" w="375" /><ent r="4" t="260" w="377" /><ent r="4" t="263" w="111" /><ent r="4" t="263" w="151" /><ent r="4" t="263" w="484" /><ent r="4" t="263" w="512" /><ent r="4" t="263" w="541" /><ent r="4" t="263" w="588" /><ent r="4" t="272" w="169" /><ent r="4" t="272" w="192" /><ent r="4" t="272" w="246" /><ent r="3" t="272" w="329" /><ent r="4" t="272" w="387" /><ent r="4" t="272" w="403" /><ent r="4" t="272" w="405" /><ent r="4" t="272" w="463" /><ent r="4" t="272" w="487" /><ent r="4" t="272" w="494" /><ent r="4" t="272" w="504" /><ent r="4" t="277" w="130" /><ent r="4" t="277" w="142" /><ent r="5" t="277" w="160" /><ent r="5" t="277" w="174" /><ent r="5" t="277" w="177" /><ent r="5" t="277" w="209" /><ent r="5" t="277" w="225" /><ent r="5" t="277" w="228" /><ent r="3" t="289" w="17" /><ent r="3" t="289" w="156" /><ent r="3" t="290" w="13" /><ent r="3" t="290" w="22" /><ent r="3" t="290" w="36" /><ent r="6" t="299" w="358" /></phr><phr n="pilots"><ent r="5" t="8" w="105" /><ent r="4" t="8" w="109" /><ent r="4" t="8" w="138" /><ent r="5" t="8" w="206" /><ent r="4" t="8" w="210" /><ent r="4" t="8" w="243" /><ent r="4" t="10" w="336" /><ent r="4" t="10" w="367" /><ent r="4" t="10" w="402" /><ent r="4" t="10" w="435" /><ent r="4" t="19" w="68" /><ent r="4" t="19" w="114" /><ent r="3" t="24" w="85" /><ent r="3" t="24" w="176" /><ent r="4" t="24" w="200" /><ent r="4" t="24" w="239" /><ent r="3" t="24" w="279" /><ent r="3" t="29" w="169" /><ent r="3" t="29" w="176" /><ent r="4" t="29" w="226" /><ent r="4" t="29" w="302" /><ent r="4" t="39" w="303" /><ent r="3" t="45" w="27" /><ent r="4" t="52" w="125" /><ent r="4" t="52" w="141" /><ent r="4" t="52" w="158" /><ent r="4" t="52" w="189" /><ent r="4" t="52" w="220" /><ent r="4" t="52" w="251" /><ent r="5" t="56" w="76" /><ent r="5" t="56" w="134" /><ent r="4" t="253" w="118" /><ent r="5" t="253" w="126" /><ent r="4" t="253" w="129" /><ent r="4" t="253" w="139" /><ent r="4" t="253" w="242" /><ent r="5" t="253" w="258" /><ent r="4" t="253" w="260" /><ent r="4" t="253" w="277" /><ent r="4" t="253" w="372" /><ent r="5" t="253" w="380" /><ent r="4" t="253" w="383" /><ent r="4" t="253" w="393" /><ent r="4" t="253" w="461" /><ent r="5" t="253" w="477" /><ent r="4" t="253" w="479" /><ent r="4" t="253" w="496" /><ent r="4" t="260" w="199" /><ent r="5" t="272" w="180" /><ent r="4" t="272" w="188" /><ent r="4" t="272" w="206" /><ent r="5" t="272" w="258" /><ent r="4" t="272" w="266" /><ent r="4" t="272" w="283" /><ent r="5" t="272" w="398" /><ent r="4" t="272" w="404" /><ent r="4" t="272" w="419" /><ent r="5" t="272" w="475" /><ent r="4" t="272" w="483" /><ent r="4" t="272" w="508" /></phr><phr n="Pilots"><ent r="4" t="52" w="148" /><ent r="4" t="52" w="234" /><ent r="4" t="58" w="78" /><ent r="4" t="58" w="83" /><ent r="4" t="58" w="91" /><ent r="4" t="58" w="102" /><ent r="4" t="58" w="144" /><ent r="4" t="58" w="149" /><ent r="4" t="58" w="157" /><ent r="4" t="58" w="170" /><ent r="4" t="58" w="226" /><ent r="4" t="58" w="231" /><ent r="4" t="58" w="239" /><ent r="4" t="58" w="253" /><ent r="4" t="58" w="288" /><ent r="4" t="58" w="293" /><ent r="4" t="58" w="301" /><ent r="4" t="58" w="317" /></phr></stem><stem n="joe"><phr n="Joe"><ent r="5" t="8" w="97" /><ent r="5" t="8" w="198" /><ent r="5" t="10" w="227" /><ent r="5" t="10" w="269" /><ent r="5" t="10" w="352" /><ent r="5" t="10" w="421" /><ent r="5" t="10" w="521" /><ent r="5" t="10" w="589" /><ent r="5" t="10" w="662" /><ent r="5" t="10" w="719" /><ent r="5" t="13" w="148" /><ent r="5" t="13" w="191" /><ent r="5" t="34" w="593" /><ent r="5" t="34" w="659" /><ent r="4" t="39" w="221" /><ent r="4" t="39" w="241" /><ent r="4" t="39" w="288" /><ent r="4" t="39" w="311" /><ent r="5" t="66" w="207" /><ent r="5" t="66" w="273" /><ent r="5" t="66" w="431" /><ent r="5" t="66" w="499" /><ent r="5" t="74" w="306" /><ent r="5" t="74" w="325" /><ent r="5" t="74" w="389" /><ent r="5" t="74" w="413" /><ent r="5" t="74" w="959" /><ent r="5" t="74" w="977" /><ent r="5" t="74" w="1035" /><ent r="5" t="74" w="1059" /><ent r="5" t="75" w="248" /><ent r="5" t="75" w="267" /><ent r="5" t="75" w="334" /><ent r="5" t="75" w="358" /><ent r="5" t="75" w="855" /><ent r="5" t="75" w="873" /><ent r="5" t="75" w="933" /><ent r="5" t="75" w="957" /><ent r="5" t="76" w="223" /><ent r="5" t="76" w="242" /><ent r="5" t="76" w="310" /><ent r="5" t="76" w="334" /><ent r="5" t="96" w="368" /><ent r="5" t="96" w="478" /><ent r="5" t="229" w="138" /><ent r="5" t="229" w="204" /><ent r="5" t="253" w="73" /><ent r="5" t="253" w="85" /><ent r="5" t="253" w="183" /><ent r="5" t="253" w="199" /><ent r="5" t="253" w="354" /><ent r="5" t="253" w="359" /><ent r="5" t="253" w="434" /><ent r="5" t="253" w="439" /><ent r="5" t="256" w="140" /><ent r="5" t="256" w="206" /><ent r="5" t="256" w="288" /><ent r="5" t="256" w="354" /><ent r="5" t="263" w="487" /><ent r="5" t="263" w="516" /></phr><phr n="joe"><ent r="5" t="15" w="253" /><ent r="5" t="15" w="303" /><ent r="4" t="74" w="316" /><ent r="4" t="74" w="321" /><ent r="4" t="74" w="329" /><ent r="4" t="74" w="400" /><ent r="4" t="74" w="409" /><ent r="4" t="74" w="417" /><ent r="4" t="74" w="968" /><ent r="4" t="74" w="973" /><ent r="4" t="74" w="981" /><ent r="4" t="74" w="1046" /><ent r="4" t="74" w="1055" /><ent r="4" t="74" w="1063" /><ent r="4" t="75" w="258" /><ent r="4" t="75" w="263" /><ent r="4" t="75" w="271" /><ent r="4" t="75" w="345" /><ent r="4" t="75" w="354" /><ent r="4" t="75" w="362" /><ent r="4" t="75" w="864" /><ent r="4" t="75" w="869" /><ent r="4" t="75" w="877" /><ent r="4" t="75" w="944" /><ent r="4" t="75" w="953" /><ent r="4" t="75" w="961" /><ent r="4" t="76" w="233" /><ent r="4" t="76" w="238" /><ent r="4" t="76" w="246" /><ent r="4" t="76" w="321" /><ent r="4" t="76" w="330" /><ent r="4" t="76" w="338" /><ent r="4" t="253" w="62" /><ent r="4" t="253" w="69" /><ent r="4" t="253" w="82" /><ent r="4" t="253" w="96" /><ent r="4" t="253" w="165" /><ent r="4" t="253" w="179" /><ent r="4" t="253" w="196" /><ent r="4" t="253" w="212" /><ent r="4" t="253" w="350" /><ent r="4" t="253" w="356" /><ent r="4" t="253" w="364" /><ent r="4" t="253" w="426" /><ent r="4" t="253" w="436" /><ent r="4" t="253" w="444" /></phr></stem><stem n="&quot;joe&quot;"><phr n="&quot;Joe&quot;"><ent r="5" t="8" w="98" /><ent r="5" t="8" w="199" /><ent r="5" t="10" w="228" /><ent r="5" t="10" w="270" /><ent r="5" t="10" w="353" /><ent r="5" t="10" w="422" /><ent r="5" t="10" w="522" /><ent r="5" t="10" w="590" /><ent r="5" t="10" w="663" /><ent r="5" t="10" w="720" /><ent r="5" t="13" w="149" /><ent r="5" t="13" w="192" /><ent r="5" t="34" w="594" /><ent r="5" t="34" w="660" /><ent r="5" t="66" w="208" /><ent r="5" t="66" w="274" /><ent r="5" t="66" w="432" /><ent r="5" t="66" w="500" /><ent r="5" t="74" w="307" /><ent r="5" t="74" w="390" /><ent r="5" t="74" w="960" /><ent r="5" t="74" w="1036" /><ent r="5" t="75" w="249" /><ent r="5" t="75" w="335" /><ent r="5" t="75" w="856" /><ent r="5" t="75" w="934" /><ent r="5" t="76" w="224" /><ent r="5" t="76" w="311" /><ent r="5" t="229" w="139" /><ent r="5" t="229" w="205" /><ent r="5" t="253" w="74" /><ent r="5" t="253" w="184" /><ent r="5" t="253" w="355" /><ent r="5" t="253" w="435" /><ent r="5" t="256" w="141" /><ent r="5" t="256" w="207" /><ent r="5" t="256" w="289" /><ent r="5" t="256" w="355" /><ent r="5" t="263" w="488" /><ent r="5" t="263" w="517" /></phr><phr n="&quot;joe&quot;"><ent r="5" t="15" w="254" /><ent r="5" t="15" w="304" /></phr></stem><stem n=");"><phr n=");"><ent r="4" t="8" w="99" /><ent r="4" t="10" w="229" /><ent r="4" t="20" w="341" /><ent r="4" t="21" w="217" /><ent r="4" t="21" w="238" /><ent r="4" t="24" w="553" /><ent r="4" t="24" w="781" /><ent r="4" t="27" w="237" /><ent r="4" t="27" w="1307" /><ent r="4" t="28" w="122" /><ent r="4" t="28" w="271" /><ent r="4" t="28" w="428" /><ent r="4" t="28" w="555" /><ent r="4" t="28" w="760" /><ent r="4" t="29" w="216" /><ent r="4" t="31" w="1661" /><ent r="4" t="38" w="141" /><ent r="4" t="38" w="286" /><ent r="4" t="45" w="544" /><ent r="4" t="49" w="88" /><ent r="4" t="49" w="198" /><ent r="4" t="49" w="527" /><ent r="4" t="49" w="1053" /><ent r="4" t="50" w="638" /><ent r="4" t="50" w="726" /><ent r="4" t="50" w="914" /><ent r="4" t="50" w="993" /><ent r="4" t="57" w="84" /><ent r="4" t="59" w="191" /><ent r="4" t="63" w="92" /><ent r="4" t="63" w="110" /><ent r="4" t="64" w="202" /><ent r="4" t="67" w="138" /><ent r="4" t="68" w="33" /><ent r="4" t="68" w="113" /><ent r="4" t="70" w="374" /><ent r="4" t="70" w="687" /><ent r="4" t="70" w="718" /><ent r="4" t="72" w="45" /><ent r="4" t="72" w="182" /><ent r="4" t="72" w="284" /><ent r="4" t="74" w="172" /><ent r="4" t="76" w="100" /><ent r="4" t="78" w="28" /><ent r="4" t="78" w="142" /><ent r="4" t="78" w="208" /><ent r="4" t="80" w="43" /><ent r="4" t="80" w="146" /><ent r="4" t="81" w="67" /><ent r="4" t="82" w="76" /><ent r="4" t="83" w="92" /><ent r="4" t="84" w="56" /><ent r="4" t="84" w="61" /><ent r="4" t="85" w="48" /><ent r="4" t="86" w="44" /><ent r="4" t="86" w="49" /><ent r="4" t="87" w="89" /><ent r="4" t="88" w="103" /><ent r="4" t="89" w="154" /><ent r="4" t="96" w="544" /><ent r="4" t="99" w="714" /><ent r="4" t="99" w="1066" /><ent r="4" t="101" w="148" /><ent r="4" t="109" w="328" /><ent r="4" t="112" w="300" /><ent r="4" t="112" w="316" /><ent r="4" t="112" w="332" /><ent r="4" t="112" w="348" /><ent r="4" t="112" w="364" /><ent r="4" t="112" w="562" /><ent r="4" t="112" w="617" /><ent r="4" t="112" w="1241" /><ent r="4" t="112" w="1256" /><ent r="4" t="114" w="406" /><ent r="4" t="114" w="747" /><ent r="4" t="117" w="488" /><ent r="4" t="120" w="92" /><ent r="4" t="120" w="192" /><ent r="4" t="124" w="190" /><ent r="4" t="125" w="198" /><ent r="6" t="128" w="77" /><ent r="6" t="128" w="196" /><ent r="4" t="130" w="155" /><ent r="4" t="130" w="178" /><ent r="4" t="130" w="204" /><ent r="4" t="142" w="143" /><ent r="4" t="142" w="247" /><ent r="4" t="142" w="354" /><ent r="4" t="148" w="96" /><ent r="4" t="152" w="176" /><ent r="4" t="158" w="44" /><ent r="4" t="180" w="151" /><ent r="4" t="187" w="54" /><ent r="4" t="187" w="179" /><ent r="4" t="187" w="192" /><ent r="4" t="188" w="66" /><ent r="4" t="188" w="307" /><ent r="4" t="189" w="37" /><ent r="4" t="190" w="86" /><ent r="4" t="190" w="101" /><ent r="4" t="191" w="231" /><ent r="4" t="193" w="217" /><ent r="4" t="193" w="255" /><ent r="4" t="194" w="61" /><ent r="4" t="201" w="31" /><ent r="4" t="210" w="74" /><ent r="4" t="211" w="35" /><ent r="4" t="212" w="56" /><ent r="4" t="213" w="82" /><ent r="4" t="214" w="57" /><ent r="4" t="215" w="38" /><ent r="4" t="219" w="43" /><ent r="4" t="221" w="45" /><ent r="4" t="223" w="220" /><ent r="4" t="223" w="370" /><ent r="4" t="223" w="493" /><ent r="4" t="223" w="595" /><ent r="4" t="223" w="694" /><ent r="4" t="225" w="85" /><ent r="4" t="226" w="174" /><ent r="4" t="227" w="117" /><ent r="4" t="232" w="219" /><ent r="4" t="233" w="255" /><ent r="4" t="235" w="122" /><ent r="4" t="235" w="143" /><ent r="4" t="235" w="154" /><ent r="4" t="235" w="168" /><ent r="4" t="236" w="304" /><ent r="4" t="236" w="394" /><ent r="5" t="237" w="174" /><ent r="4" t="240" w="527" /><ent r="4" t="240" w="1047" /><ent r="4" t="240" w="1069" /><ent r="4" t="240" w="1227" /><ent r="4" t="240" w="1249" /><ent r="4" t="241" w="154" /><ent r="4" t="241" w="208" /><ent r="4" t="241" w="216" /><ent r="4" t="241" w="608" /><ent r="4" t="250" w="182" /><ent r="4" t="251" w="189" /><ent r="4" t="253" w="75" /><ent r="4" t="253" w="356" /><ent r="4" t="259" w="248" /><ent r="4" t="259" w="265" /><ent r="4" t="260" w="400" /><ent r="4" t="263" w="266" /><ent r="4" t="263" w="284" /><ent r="4" t="264" w="397" /><ent r="4" t="265" w="806" /><ent r="4" t="266" w="128" /><ent r="4" t="266" w="590" /><ent r="4" t="272" w="207" /><ent r="4" t="281" w="353" /><ent r="4" t="281" w="372" /><ent r="4" t="281" w="400" /><ent r="6" t="300" w="261" /></phr></stem></index>