﻿<?xml version="1.0" encoding="utf-8"?><index><stem n="m_activ"><phr n="m_activator"><ent r="4" t="49" w="383" /><ent r="4" t="49" w="382" /><ent r="4" t="49" w="587" /><ent r="4" t="49" w="586" /><ent r="4" t="49" w="614" /><ent r="4" t="49" w="613" /><ent r="4" t="49" w="643" /><ent r="4" t="49" w="642" /><ent r="4" t="49" w="672" /><ent r="4" t="49" w="671" /><ent r="4" t="49" w="681" /><ent r="4" t="49" w="680" /></phr></stem><stem n="straight"><phr n="straight"><ent r="3" t="49" w="419" /><ent r="3" t="62" w="94" /></phr></stem><stem n="forward"><phr n="forward"><ent r="3" t="49" w="420" /></phr></stem><stem n="bind"><phr n="bind"><ent r="3" t="49" w="422" /><ent r="3" t="127" w="298" /></phr><phr n="binds"><ent r="3" t="49" w="424" /><ent r="3" t="55" w="153" /></phr><phr n="Bind"><ent r="4" t="49" w="483" /><ent r="4" t="49" w="569" /><ent r="4" t="49" w="582" /></phr><phr n="binding"><ent r="3" t="55" w="180" /><ent r="4" t="113" w="31" /></phr></stem><stem n="bind-method"><phr n="bind-method"><ent r="3" t="49" w="422" /></phr></stem><stem n="activate-method"><phr n="activate-method"><ent r="3" t="49" w="439" /><ent r="3" t="49" w="727" /><ent r="3" t="49" w="773" /><ent r="5" t="49" w="821" /><ent r="5" t="49" w="923" /><ent r="3" t="55" w="77" /><ent r="3" t="55" w="103" /></phr></stem><stem n="move"><phr n="move"><ent r="3" t="49" w="464" /><ent r="4" t="106" w="85" /><ent r="3" t="120" w="26" /><ent r="4" t="269" w="72" /></phr><phr n="moves"><ent r="3" t="78" w="80" /><ent r="3" t="117" w="583" /></phr></stem><stem n="(iactiv"><phr n="(IActivator"><ent r="4" t="49" w="484" /></phr></stem><stem n=".activ"><phr n=".activator"><ent r="4" t="49" w="492" /><ent r="4" t="49" w="530" /></phr><phr n=".Activate"><ent r="4" t="49" w="667" /></phr></stem><stem n=".activator)"><phr n=".activator)"><ent r="4" t="49" w="511" /></phr></stem><stem n="invalidoperationexcept"><phr n="InvalidOperationException"><ent r="4" t="49" w="516" /><ent r="4" t="49" w="626" /><ent r="4" t="50" w="516" /><ent r="4" t="50" w="569" /><ent r="4" t="99" w="702" /><ent r="4" t="99" w="824" /></phr></stem><stem n="(activationpurpos"><phr n="(ActivationPurpose"><ent r="4" t="49" w="538" /></phr></stem><stem n="activationpurpos"><phr n="ActivationPurpose"><ent r="4" t="49" w="538" /><ent r="4" t="49" w="662" /><ent r="4" t="49" w="787" /><ent r="4" t="49" w="797" /><ent r="4" t="49" w="860" /><ent r="4" t="49" w="884" /><ent r="4" t="52" w="139" /><ent r="4" t="52" w="153" /><ent r="4" t="52" w="217" /><ent r="4" t="52" w="245" /></phr><phr n="activationPurpose"><ent r="4" t="49" w="539" /><ent r="4" t="49" w="549" /><ent r="4" t="49" w="658" /><ent r="4" t="49" w="683" /></phr></stem><stem n="activator.activ"><phr n="activator.Activate"><ent r="4" t="49" w="548" /><ent r="4" t="49" w="547" /></phr></stem><stem n=".activate(activationpurpose);"><phr n=".Activate(activationPurpose);"><ent r="4" t="49" w="550" /></phr></stem><stem n=".bind"><phr n=".Bind"><ent r="4" t="49" w="582" /></phr></stem><stem n="iactivatable.bind"><phr n="IActivatable.Bind"><ent r="4" t="49" w="582" /><ent r="4" t="49" w="581" /></phr></stem><stem n="exit"><phr n="Exit"><ent r="5" t="49" w="595" /></phr><phr n="exit"><ent r="6" t="92" w="476" /><ent r="2" t="238" w="77" /></phr><phr n="exits"><ent r="6" t="143" w="156" /><ent r="3" t="149" w="30" /><ent r="4" t="286" w="225" /></phr></stem><stem n="isnot"><phr n="IsNot"><ent r="5" t="49" w="607" /><ent r="5" t="49" w="616" /><ent r="5" t="49" w="674" /><ent r="5" t="49" w="1229" /><ent r="5" t="50" w="838" /><ent r="5" t="99" w="577" /><ent r="5" t="121" w="490" /><ent r="5" t="121" w="526" /></phr></stem><stem n="iactivatable.activ"><phr n="IActivatable.Activate"><ent r="4" t="49" w="667" /><ent r="4" t="49" w="666" /></phr></stem><stem n="m_activator.activ"><phr n="m_activator.Activate"><ent r="4" t="49" w="682" /><ent r="4" t="49" w="680" /></phr></stem><stem n="_activator.activate(activationpurpose)"><phr n="_activator.Activate(activationPurpose)"><ent r="4" t="49" w="684" /></phr></stem><stem n="activationpurpose.read"><phr n="ActivationPurpose.Read"><ent r="4" t="49" w="788" /><ent r="4" t="49" w="787" /><ent r="4" t="49" w="861" /><ent r="4" t="49" w="860" /><ent r="4" t="52" w="154" /><ent r="4" t="52" w="153" /><ent r="4" t="52" w="246" /><ent r="4" t="52" w="245" /></phr></stem><stem n="(activationpurpose.read);"><phr n="(ActivationPurpose.Read);"><ent r="4" t="49" w="789" /><ent r="4" t="52" w="155" /></phr></stem><stem n="activationpurpose.writ"><phr n="ActivationPurpose.Write"><ent r="4" t="49" w="798" /><ent r="4" t="49" w="797" /><ent r="4" t="49" w="885" /><ent r="4" t="49" w="884" /><ent r="4" t="52" w="140" /><ent r="4" t="52" w="139" /><ent r="4" t="52" w="218" /><ent r="4" t="52" w="217" /></phr></stem><stem n="(activationpurpose.write);"><phr n="(ActivationPurpose.Write);"><ent r="4" t="49" w="799" /><ent r="4" t="52" w="141" /></phr></stem><stem n="overrid"><phr n="override"><ent r="5" t="49" w="804" /><ent r="5" t="112" w="507" /><ent r="5" t="112" w="565" /><ent r="5" t="112" w="595" /><ent r="5" t="190" w="449" /><ent r="4" t="193" w="106" /><ent r="4" t="193" w="161" /><ent r="4" t="193" w="184" /><ent r="4" t="193" w="223" /><ent r="4" t="193" w="261" /><ent r="5" t="236" w="146" /><ent r="5" t="265" w="578" /></phr><phr n="Overrides"><ent r="5" t="49" w="902" /><ent r="5" t="112" w="974" /><ent r="5" t="112" w="1059" /><ent r="5" t="112" w="1106" /><ent r="5" t="190" w="577" /><ent r="4" t="193" w="346" /><ent r="4" t="193" w="418" /><ent r="4" t="193" w="444" /><ent r="4" t="193" w="494" /><ent r="4" t="193" w="541" /><ent r="5" t="236" w="211" /></phr><phr n="overrides"><ent r="6" t="299" w="454" /></phr></stem><stem n="/setter"><phr n="/setter"><ent r="5" t="49" w="813" /><ent r="5" t="49" w="915" /></phr></stem><stem n="getter/sett"><phr n="getter/setter"><ent r="5" t="49" w="813" /><ent r="5" t="49" w="812" /><ent r="5" t="49" w="915" /><ent r="5" t="49" w="914" /></phr></stem><stem n="setter"><phr n="setter"><ent r="5" t="49" w="813" /><ent r="5" t="49" w="915" /></phr><phr n="setters"><ent r="3" t="240" w="713" /></phr></stem><stem n="(activationpurpose.read)"><phr n="(ActivationPurpose.Read)"><ent r="4" t="49" w="862" /><ent r="4" t="52" w="247" /></phr></stem><stem n="(activationpurpose.write)"><phr n="(ActivationPurpose.Write)"><ent r="4" t="49" w="886" /><ent r="4" t="52" w="219" /></phr></stem><stem n="overload"><phr n="Overloads"><ent r="5" t="49" w="900" /><ent r="5" t="112" w="895" /><ent r="5" t="112" w="972" /><ent r="4" t="193" w="345" /><ent r="4" t="193" w="417" /><ent r="4" t="193" w="443" /><ent r="4" t="193" w="493" /><ent r="4" t="193" w="540" /></phr></stem><stem n="repetit"><phr n="repetitive"><ent r="3" t="49" w="964" /></phr></stem><stem n="error"><phr n="error"><ent r="3" t="49" w="966" /><ent r="3" t="55" w="26" /><ent r="3" t="92" w="531" /><ent r="6" t="92" w="560" /><ent r="6" t="92" w="574" /><ent r="5" t="116" w="146" /></phr><phr n="Errors"><ent r="64" t="77" w="148" /><ent r="1000" t="89" w="3" /><ent r="102" t="89" w="7" /></phr><phr n="Error"><ent r="92" t="92" w="527" /></phr><phr n="errors"><ent r="3" t="126" w="170" /><ent r="3" t="153" w="108" /><ent r="3" t="268" w="419" /><ent r="3" t="268" w="421" /></phr></stem><stem n="prone"><phr n="prone"><ent r="3" t="49" w="967" /></phr></stem><stem n="-graph"><phr n="-graph"><ent r="3" t="49" w="993" /><ent r="3" t="49" w="993" /><ent r="6" t="195" w="89" /><ent r="6" t="195" w="89" /><ent r="3" t="197" w="60" /><ent r="3" t="197" w="60" /><ent r="3" t="197" w="181" /><ent r="3" t="197" w="181" /><ent r="3" t="198" w="182" /><ent r="3" t="198" w="182" /><ent r="3" t="252" w="91" /><ent r="3" t="252" w="91" /><ent r="3" t="254" w="30" /><ent r="3" t="254" w="30" /><ent r="3" t="274" w="78" /><ent r="3" t="274" w="78" /></phr></stem><stem n="deepli"><phr n="deeply"><ent r="3" t="49" w="996" /><ent r="5" t="49" w="1065" /><ent r="5" t="49" w="1206" /><ent r="5" t="50" w="738" /><ent r="5" t="50" w="815" /></phr></stem><stem n="opendatabaseta"><phr n="OpenDatabaseTA"><ent r="4" t="49" w="1030" /><ent r="4" t="49" w="1043" /><ent r="4" t="49" w="1146" /><ent r="4" t="49" w="1172" /></phr></stem><stem n="person.personwithhistori"><phr n="Person.PersonWithHistory"><ent r="4" t="49" w="1034" /><ent r="4" t="49" w="1033" /><ent r="4" t="49" w="1156" /><ent r="4" t="49" w="1155" /></phr></stem><stem n="personwithhistori"><phr n="PersonWithHistory"><ent r="4" t="49" w="1034" /><ent r="4" t="49" w="1156" /></phr></stem><stem n=".personwithhistory();"><phr n=".PersonWithHistory();"><ent r="4" t="49" w="1035" /></phr></stem><stem n=".store(person);"><phr n=".Store(person);"><ent r="4" t="49" w="1038" /><ent r="4" t="121" w="363" /></phr></stem><stem n="querybynam"><phr n="QueryByName"><ent r="4" t="49" w="1046" /><ent r="4" t="49" w="1181" /><ent r="4" t="50" w="719" /><ent r="4" t="50" w="790" /><ent r="4" t="50" w="986" /><ent r="4" t="50" w="1042" /><ent r="4" t="253" w="70" /><ent r="4" t="253" w="180" /><ent r="4" t="253" w="351" /><ent r="4" t="253" w="431" /></phr></stem><stem n="(container,"><phr n="(container,"><ent r="4" t="49" w="1048" /><ent r="4" t="49" w="1183" /><ent r="4" t="50" w="721" /><ent r="4" t="50" w="792" /><ent r="4" t="50" w="988" /><ent r="4" t="50" w="1044" /><ent r="4" t="240" w="524" /><ent r="4" t="240" w="572" /><ent r="4" t="253" w="72" /><ent r="4" t="253" w="182" /><ent r="4" t="253" w="353" /><ent r="4" t="253" w="433" /><ent r="4" t="254" w="86" /><ent r="4" t="254" w="212" /></phr></stem><stem n="&quot;joanna"><phr n="&quot;Joanna"><ent r="5" t="49" w="1049" /><ent r="5" t="49" w="1184" /><ent r="5" t="50" w="722" /><ent r="5" t="50" w="793" /><ent r="5" t="50" w="989" /><ent r="5" t="50" w="1045" /></phr></stem><stem n="beginofdynasti"><phr n="beginOfDynasty"><ent r="4" t="49" w="1054" /><ent r="4" t="49" w="1088" /><ent r="4" t="49" w="1090" /><ent r="4" t="49" w="1091" /><ent r="4" t="49" w="1095" /><ent r="4" t="49" w="1117" /><ent r="4" t="49" w="1191" /><ent r="4" t="49" w="1226" /><ent r="4" t="49" w="1233" /><ent r="4" t="49" w="1234" /><ent r="4" t="49" w="1243" /><ent r="4" t="49" w="1265" /><ent r="4" t="50" w="727" /><ent r="4" t="50" w="761" /><ent r="4" t="50" w="763" /><ent r="4" t="50" w="764" /><ent r="4" t="50" w="768" /><ent r="4" t="50" w="800" /><ent r="4" t="50" w="835" /><ent r="4" t="50" w="842" /><ent r="4" t="50" w="843" /><ent r="4" t="50" w="852" /></phr></stem><stem n="person.moth"><phr n="person.Mother"><ent r="4" t="49" w="1056" /><ent r="4" t="49" w="1055" /><ent r="4" t="50" w="729" /><ent r="4" t="50" w="728" /><ent r="4" t="50" w="806" /><ent r="4" t="50" w="805" /><ent r="4" t="50" w="996" /><ent r="4" t="50" w="995" /><ent r="4" t="50" w="1058" /><ent r="4" t="50" w="1057" /></phr></stem><stem n=".mother;"><phr n=".Mother;"><ent r="4" t="49" w="1057" /><ent r="4" t="49" w="1093" /><ent r="4" t="50" w="730" /><ent r="4" t="50" w="766" /><ent r="4" t="50" w="997" /></phr></stem><stem n="beginofdynasty.moth"><phr n="beginOfDynasty.Mother"><ent r="4" t="49" w="1089" /><ent r="4" t="49" w="1088" /><ent r="4" t="49" w="1092" /><ent r="4" t="49" w="1091" /><ent r="4" t="49" w="1227" /><ent r="4" t="49" w="1226" /><ent r="4" t="49" w="1235" /><ent r="4" t="49" w="1234" /><ent r="4" t="50" w="762" /><ent r="4" t="50" w="761" /><ent r="4" t="50" w="765" /><ent r="4" t="50" w="764" /><ent r="4" t="50" w="836" /><ent r="4" t="50" w="835" /><ent r="4" t="50" w="844" /><ent r="4" t="50" w="843" /></phr></stem><stem n=".mother)"><phr n=".Mother)"><ent r="4" t="49" w="1090" /><ent r="4" t="50" w="763" /></phr></stem><stem n="beginofdynasty.nam"><phr n="beginOfDynasty.Name"><ent r="4" t="49" w="1096" /><ent r="4" t="49" w="1095" /><ent r="4" t="49" w="1118" /><ent r="4" t="49" w="1117" /><ent r="4" t="49" w="1244" /><ent r="4" t="49" w="1243" /><ent r="4" t="49" w="1266" /><ent r="4" t="49" w="1265" /><ent r="4" t="50" w="769" /><ent r="4" t="50" w="768" /><ent r="4" t="50" w="853" /><ent r="4" t="50" w="852" /></phr></stem><stem n=".writeline(beginofdynasty.name);"><phr n=".WriteLine(beginOfDynasty.Name);"><ent r="4" t="49" w="1097" /><ent r="4" t="50" w="770" /></phr></stem><stem n="transparentactivationexampl"><phr n="TransparentActivationExamples"><ent r="4" t="49" w="1126" /><ent r="4" t="49" w="1278" /></phr></stem><stem n="transparentactivationexamples.c"><phr n="TransparentActivationExamples.cs"><ent r="4" t="49" w="1127" /><ent r="4" t="49" w="1126" /></phr></stem><stem n=".personwithhistory()"><phr n=".PersonWithHistory()"><ent r="4" t="49" w="1157" /></phr></stem><stem n=".store(joanna)"><phr n=".Store(joanna)"><ent r="4" t="49" w="1160" /></phr></stem><stem n="joanna.moth"><phr n="joanna.Mother"><ent r="4" t="49" w="1197" /><ent r="4" t="49" w="1196" /></phr></stem><stem n=".writeline(beginofdynasty.name)"><phr n=".WriteLine(beginOfDynasty.Name)"><ent r="4" t="49" w="1245" /><ent r="4" t="50" w="854" /></phr></stem><stem n="transparentactivationexamples.vb"><phr n="TransparentActivationExamples.vb"><ent r="4" t="49" w="1279" /><ent r="4" t="49" w="1278" /></phr></stem><stem n="don't."><phr n="don't."><ent r="3" t="49" w="1314" /><ent r="3" t="49" w="1313" /></phr></stem><stem n=":exampl"><phr n=":Example"><ent r="100" t="50" w="7" /></phr></stem><stem n="inject"><phr n="inject"><ent r="3" t="50" w="16" /></phr><phr n="injection"><ent r="3" t="257" w="581" /></phr></stem><stem n="awar"><phr n="awareness"><ent r="3" t="50" w="19" /></phr><phr n="aware"><ent r="3" t="51" w="68" /><ent r="3" t="52" w="19" /><ent r="4" t="52" w="165" /><ent r="4" t="52" w="270" /><ent r="3" t="53" w="52" /><ent r="3" t="73" w="161" /><ent r="3" t="76" w="525" /><ent r="3" t="108" w="97" /><ent r="3" t="177" w="94" /><ent r="3" t="243" w="289" /><ent r="3" t="274" w="44" /></phr><phr n="Aware"><ent r="92" t="76" w="510" /><ent r="64" t="107" w="61" /><ent r="64" t="108" w="111" /></phr></stem><stem n="(see"><phr n="(see"><ent r="3" t="50" w="57" /><ent r="3" t="306" w="291" /></phr></stem><stem n="db4otool"><phr n="Db4oTool"><ent r="4" t="50" w="66" /><ent r="4" t="50" w="366" /><ent r="5" t="50" w="394" /><ent r="5" t="50" w="398" /><ent r="64" t="71" w="28" /><ent r="64" t="71" w="41" /><ent r="3" t="71" w="50" /><ent r="3" t="71" w="114" /><ent r="4" t="90" w="395" /><ent r="65" t="90" w="403" /><ent r="1000" t="91" w="1" /><ent r="102" t="91" w="3" /><ent r="3" t="91" w="5" /><ent r="3" t="91" w="33" /><ent r="3" t="91" w="57" /><ent r="64" t="91" w="60" /><ent r="64" t="91" w="76" /><ent r="1000" t="92" w="1" /><ent r="102" t="92" w="4" /><ent r="3" t="92" w="7" /><ent r="4" t="92" w="21" /><ent r="3" t="92" w="53" /><ent r="3" t="92" w="70" /><ent r="3" t="92" w="103" /><ent r="7" t="92" w="118" /><ent r="7" t="92" w="133" /><ent r="7" t="92" w="153" /><ent r="7" t="92" w="169" /><ent r="7" t="92" w="202" /><ent r="7" t="92" w="229" /><ent r="7" t="92" w="250" /><ent r="7" t="92" w="280" /><ent r="7" t="92" w="305" /><ent r="7" t="92" w="318" /><ent r="7" t="92" w="332" /><ent r="7" t="92" w="358" /><ent r="7" t="92" w="360" /><ent r="7" t="92" w="369" /><ent r="7" t="92" w="386" /><ent r="7" t="92" w="403" /><ent r="7" t="92" w="414" /><ent r="7" t="92" w="428" /><ent r="7" t="92" w="448" /><ent r="6" t="92" w="465" /><ent r="7" t="92" w="478" /><ent r="7" t="92" w="495" /><ent r="7" t="92" w="510" /><ent r="7" t="92" w="520" /><ent r="92" t="92" w="526" /><ent r="1000" t="93" w="2" /><ent r="102" t="93" w="8" /><ent r="3" t="93" w="18" /><ent r="3" t="93" w="49" /><ent r="4" t="93" w="58" /><ent r="4" t="93" w="98" /><ent r="6" t="93" w="103" /><ent r="5" t="93" w="112" /><ent r="6" t="93" w="123" /><ent r="4" t="93" w="155" /><ent r="3" t="93" w="159" /><ent r="64" t="93" w="165" /><ent r="83" t="133" w="308" /><ent r="4" t="133" w="320" /><ent r="4" t="133" w="335" /><ent r="3" t="269" w="144" /><ent r="64" t="281" w="115" /><ent r="3" t="281" w="124" /><ent r="4" t="304" w="245" /><ent r="93" t="308" w="380" /><ent r="93" t="308" w="428" /><ent r="4" t="308" w="449" /><ent r="4" t="308" w="452" /><ent r="6" t="309" w="320" /><ent r="6" t="309" w="351" /><ent r="6" t="309" w="379" /><ent r="6" t="309" w="393" /></phr><phr n="db4otool"><ent r="65" t="50" w="281" /><ent r="65" t="55" w="241" /></phr><phr n="Db4oTools"><ent r="6" t="93" w="105" /></phr><phr n="db4oTool"><ent r="65" t="133" w="235" /><ent r="4" t="133" w="316" /></phr><phr n="db4otools"><ent r="4" t="305" w="182" /><ent r="4" t="306" w="178" /><ent r="7" t="313" w="169" /></phr></stem><stem n="db4otool.ex"><phr n="Db4oTool.exe"><ent r="4" t="50" w="67" /><ent r="4" t="50" w="66" /><ent r="4" t="50" w="367" /><ent r="4" t="50" w="366" /><ent r="3" t="71" w="51" /><ent r="3" t="71" w="50" /><ent r="3" t="71" w="115" /><ent r="3" t="71" w="114" /><ent r="3" t="91" w="6" /><ent r="3" t="91" w="5" /><ent r="3" t="92" w="54" /><ent r="3" t="92" w="53" /><ent r="7" t="92" w="361" /><ent r="7" t="92" w="360" /><ent r="4" t="93" w="59" /><ent r="4" t="93" w="58" /><ent r="4" t="133" w="336" /><ent r="4" t="133" w="335" /><ent r="3" t="269" w="145" /><ent r="3" t="269" w="144" /><ent r="3" t="281" w="125" /><ent r="3" t="281" w="124" /><ent r="93" t="308" w="381" /><ent r="93" t="308" w="380" /><ent r="4" t="308" w="450" /><ent r="4" t="308" w="449" /><ent r="4" t="308" w="453" /><ent r="4" t="308" w="452" /><ent r="6" t="309" w="321" /><ent r="6" t="309" w="320" /><ent r="6" t="309" w="352" /><ent r="6" t="309" w="351" /><ent r="6" t="309" w="380" /><ent r="6" t="309" w="379" /><ent r="6" t="309" w="394" /><ent r="6" t="309" w="393" /></phr></stem><stem n="attributeusag"><phr n="AttributeUsage"><ent r="4" t="50" w="119" /></phr></stem><stem n="attributetarget"><phr n="AttributeTargets"><ent r="4" t="50" w="120" /><ent r="4" t="50" w="153" /></phr></stem><stem n="attributetargets.class"><phr n="AttributeTargets.Class"><ent r="4" t="50" w="121" /><ent r="4" t="50" w="120" /></phr></stem><stem n="attributetargets.class,"><phr n="AttributeTargets.Class,"><ent r="4" t="50" w="121" /><ent r="4" t="50" w="120" /></phr></stem><stem n="[attributeusage(attributetargets.class,"><phr n="[AttributeUsage(AttributeTargets.Class,"><ent r="4" t="50" w="122" /></phr></stem><stem n="allowmultipl"><phr n="AllowMultiple"><ent r="4" t="50" w="122" /><ent r="4" t="50" w="157" /></phr></stem><stem n=")]"><phr n=")]"><ent r="4" t="50" w="130" /><ent r="4" t="265" w="152" /><ent r="4" t="265" w="261" /></phr></stem><stem n="transparentpersistedattribut"><phr n="TransparentPersistedAttribute"><ent r="4" t="50" w="135" /><ent r="4" t="50" w="138" /><ent r="4" t="50" w="171" /><ent r="4" t="50" w="181" /><ent r="4" t="50" w="373" /></phr></stem><stem n="transparentpersistedattribute.c"><phr n="TransparentPersistedAttribute.cs"><ent r="4" t="50" w="139" /><ent r="4" t="50" w="138" /></phr></stem><stem n="&lt;attributeusag"><phr n="&lt;AttributeUsage"><ent r="4" t="50" w="152" /></phr></stem><stem n="(attributetargets."><phr n="(AttributeTargets."><ent r="4" t="50" w="154" /></phr></stem><stem n=":="><phr n=":="><ent r="4" t="50" w="158" /><ent r="4" t="50" w="162" /></phr></stem><stem n=")&gt;"><phr n=")&gt;"><ent r="4" t="50" w="165" /></phr></stem><stem n="transparentpersistedattribute.vb"><phr n="TransparentPersistedAttribute.vb"><ent r="4" t="50" w="182" /><ent r="4" t="50" w="181" /></phr></stem><stem n="[transparentpersisted]"><phr n="[TransparentPersisted]"><ent r="4" t="50" w="209" /></phr></stem><stem n="domain"><phr n="domain"><ent r="4" t="50" w="220" /><ent r="4" t="50" w="245" /><ent r="3" t="51" w="33" /><ent r="4" t="113" w="36" /><ent r="4" t="113" w="88" /></phr></stem><stem n="&lt;transparentpersist"><phr n="&lt;TransparentPersisted"><ent r="4" t="50" w="232" /></phr></stem><stem n="#-project"><phr n="#-projects"><ent r="4" t="50" w="289" /></phr></stem><stem n="dialog"><phr n="dialog"><ent r="4" t="50" w="311" /><ent r="4" t="133" w="371" /><ent r="3" t="262" w="76" /><ent r="3" t="262" w="83" /></phr></stem><stem n="'build"><phr n="'Build"><ent r="4" t="50" w="313" /><ent r="4" t="50" w="349" /></phr></stem><stem n="'."><phr n="'."><ent r="4" t="50" w="315" /><ent r="3" t="262" w="81" /><ent r="3" t="265" w="630" /><ent r="3" t="265" w="636" /><ent r="3" t="265" w="646" /><ent r="3" t="265" w="772" /></phr></stem><stem n="command"><phr n="command"><ent r="4" t="50" w="317" /><ent r="4" t="50" w="361" /><ent r="4" t="90" w="399" /><ent r="3" t="91" w="52" /><ent r="3" t="92" w="10" /><ent r="4" t="93" w="93" /><ent r="4" t="93" w="99" /><ent r="3" t="268" w="141" /><ent r="3" t="268" w="329" /><ent r="3" t="268" w="367" /><ent r="3" t="269" w="146" /><ent r="3" t="270" w="97" /><ent r="3" t="290" w="277" /><ent r="3" t="299" w="27" /><ent r="3" t="299" w="77" /><ent r="3" t="299" w="89" /><ent r="3" t="299" w="151" /><ent r="3" t="307" w="38" /><ent r="65" t="308" w="387" /><ent r="6" t="309" w="389" /></phr><phr n="Command"><ent r="67" t="296" w="74" /><ent r="1000" t="299" w="2" /><ent r="102" t="299" w="7" /><ent r="3" t="299" w="100" /></phr><phr n="commands"><ent r="3" t="306" w="449" /></phr></stem><stem n="vb.net"><phr n="VB.NET"><ent r="4" t="50" w="322" /><ent r="4" t="50" w="321" /><ent r="65" t="106" w="409" /><ent r="65" t="106" w="408" /><ent r="3" t="111" w="65" /><ent r="3" t="111" w="64" /><ent r="4" t="193" w="595" /><ent r="4" t="193" w="594" /><ent r="115" t="193" w="608" /><ent r="115" t="193" w="607" /></phr><phr n="VB.Net"><ent r="64" t="264" w="145" /><ent r="64" t="264" w="144" /></phr></stem><stem n="'compile'-tab"><phr n="'Compile'-tab"><ent r="4" t="50" w="345" /></phr></stem><stem n="tab"><phr n="tab"><ent r="4" t="50" w="345" /><ent r="4" t="93" w="86" /><ent r="3" t="243" w="283" /><ent r="3" t="290" w="144" /><ent r="5" t="294" w="204" /></phr></stem><stem n="...'-button"><phr n="...'-button"><ent r="4" t="50" w="351" /></phr></stem><stem n="button"><phr n="button"><ent r="4" t="50" w="351" /><ent r="3" t="289" w="55" /><ent r="3" t="289" w="194" /><ent r="3" t="290" w="65" /><ent r="3" t="290" w="78" /><ent r="3" t="290" w="237" /><ent r="3" t="290" w="283" /></phr></stem><stem n="$"><phr n="$"><ent r="4" t="50" w="363" /><ent r="4" t="50" w="374" /><ent r="5" t="50" w="405" /><ent r="6" t="93" w="108" /><ent r="5" t="297" w="165" /><ent r="5" t="297" w="183" /><ent r="5" t="297" w="230" /><ent r="5" t="297" w="241" /><ent r="5" t="297" w="272" /><ent r="5" t="297" w="423" /><ent r="5" t="297" w="440" /><ent r="5" t="297" w="457" /><ent r="5" t="297" w="552" /><ent r="5" t="297" w="569" /><ent r="4" t="297" w="664" /><ent r="4" t="297" w="671" /><ent r="4" t="297" w="708" /><ent r="4" t="297" w="717" /><ent r="5" t="298" w="234" /><ent r="4" t="299" w="40" /><ent r="4" t="299" w="115" /></phr></stem><stem n="projectdir"><phr n="ProjectDir"><ent r="4" t="50" w="364" /></phr></stem><stem n="lib"><phr n="lib"><ent r="4" t="50" w="365" /><ent r="5" t="50" w="393" /><ent r="4" t="297" w="697" /><ent r="6" t="299" w="202" /></phr><phr n="Lib"><ent r="4" t="260" w="63" /></phr></stem><stem n="(projectdir)\lib\db4otool.ex"><phr n="(ProjectDir)\lib\Db4oTool.exe"><ent r="4" t="50" w="367" /></phr></stem><stem n="-tp"><phr n="-tp"><ent r="4" t="50" w="368" /><ent r="4" t="50" w="368" /><ent r="7" t="92" w="231" /><ent r="7" t="92" w="231" /><ent r="7" t="92" w="252" /><ent r="7" t="92" w="252" /><ent r="6" t="92" w="433" /><ent r="6" t="92" w="433" /><ent r="7" t="92" w="449" /><ent r="7" t="92" w="449" /></phr></stem><stem n="-debug"><phr n="-debug"><ent r="4" t="50" w="369" /><ent r="4" t="50" w="369" /><ent r="5" t="92" w="235" /><ent r="5" t="92" w="235" /><ent r="7" t="92" w="251" /><ent r="7" t="92" w="251" /></phr></stem><stem n="by-attribut"><phr n="by-attribute"><ent r="4" t="50" w="370" /><ent r="6" t="92" w="106" /></phr></stem><stem n="yournamespac"><phr n="YourNamespace"><ent r="4" t="50" w="372" /></phr></stem><stem n="-by-attribute:yournamespace.transparentpersistedattribut"><phr n="-by-attribute:YourNamespace.TransparentPersistedAttribute"><ent r="4" t="50" w="373" /><ent r="4" t="50" w="374" /></phr></stem><stem n="yournamespace.transparentpersistedattribut"><phr n="YourNamespace.TransparentPersistedAttribute"><ent r="4" t="50" w="373" /><ent r="4" t="50" w="372" /></phr></stem><stem n="targetpath"><phr n="TargetPath"><ent r="4" t="50" w="375" /><ent r="5" t="50" w="406" /><ent r="6" t="93" w="109" /></phr></stem><stem n="(targetpath)"><phr n="(TargetPath)"><ent r="4" t="50" w="376" /><ent r="6" t="93" w="110" /></phr></stem><stem n="&lt;usingtask"><phr n="&lt;UsingTask"><ent r="5" t="50" w="391" /></phr></stem><stem n="assemblyfil"><phr n="AssemblyFile"><ent r="5" t="50" w="392" /></phr></stem><stem n="db4otool.msbuild"><phr n="Db4oTool.MSBuild"><ent r="5" t="50" w="395" /><ent r="5" t="50" w="394" /><ent r="5" t="50" w="399" /><ent r="5" t="50" w="398" /><ent r="93" t="308" w="429" /><ent r="93" t="308" w="428" /></phr></stem><stem n="db4otool.msbuild.dl"><phr n="Db4oTool.MSBuild.dll"><ent r="5" t="50" w="396" /><ent r="5" t="50" w="394" /><ent r="93" t="308" w="430" /><ent r="93" t="308" w="428" /></phr></stem><stem n="=&quot;.\lib\db4otool.msbuild.dll&quot;"><phr n="=&quot;.\lib\Db4oTool.MSBuild.dll&quot;"><ent r="5" t="50" w="397" /></phr></stem><stem n="tasknam"><phr n="TaskName"><ent r="5" t="50" w="397" /></phr><phr n="taskname"><ent r="5" t="298" w="179" /></phr></stem><stem n="db4otool.msbuild.db4oenhancermsbuildtask"><phr n="Db4oTool.MSBuild.Db4oEnhancerMSBuildTask"><ent r="5" t="50" w="400" /><ent r="5" t="50" w="398" /></phr></stem><stem n="db4oenhancermsbuildtask"><phr n="Db4oEnhancerMSBuildTask"><ent r="5" t="50" w="400" /></phr></stem><stem n="=&quot;db4otool.msbuild.db4oenhancermsbuildtask&quot;"><phr n="=&quot;Db4oTool.MSBuild.Db4oEnhancerMSBuildTask&quot;"><ent r="5" t="50" w="401" /></phr></stem><stem n="&lt;itemgroup&gt;"><phr n="&lt;ItemGroup&gt;"><ent r="5" t="50" w="402" /></phr></stem><stem n="&lt;db4oenhanc"><phr n="&lt;Db4oEnhance"><ent r="5" t="50" w="403" /></phr></stem><stem n="=&quot;$(targetpath)&quot;"><phr n="=&quot;$(TargetPath)&quot;"><ent r="5" t="50" w="407" /></phr></stem><stem n="/itemgroup&gt;"><phr n="/ItemGroup&gt;"><ent r="5" t="50" w="409" /></phr></stem><stem n="&lt;/itemgroup&gt;"><phr n="&lt;/ItemGroup&gt;"><ent r="5" t="50" w="409" /><ent r="5" t="50" w="408" /></phr></stem><stem n="itemgroup&gt;"><phr n="ItemGroup&gt;"><ent r="5" t="50" w="409" /></phr></stem><stem n="correctli"><phr n="correctly"><ent r="3" t="50" w="476" /><ent r="3" t="50" w="498" /><ent r="4" t="53" w="291" /><ent r="3" t="65" w="241" /><ent r="3" t="103" w="39" /><ent r="3" t="114" w="853" /><ent r="4" t="140" w="401" /><ent r="3" t="235" w="80" /><ent r="3" t="292" w="244" /></phr></stem><stem n="-suit"><phr n="-suite"><ent r="3" t="50" w="491" /><ent r="3" t="50" w="491" /></phr><phr n="-Suite"><ent r="4" t="268" w="444" /><ent r="4" t="268" w="444" /></phr></stem><stem n="test-suit"><phr n="test-suite"><ent r="3" t="50" w="491" /></phr><phr n="Test-Suite"><ent r="4" t="268" w="444" /></phr></stem><stem n="(!"><phr n="(!"><ent r="4" t="50" w="502" /></phr></stem><stem n="isassignablefrom"><phr n="IsAssignableFrom"><ent r="4" t="50" w="506" /><ent r="4" t="50" w="557" /></phr></stem><stem n="(iactivatable).isassignablefrom("><phr n="(IActivatable).IsAssignableFrom("><ent r="4" t="50" w="507" /><ent r="4" t="50" w="558" /></phr></stem><stem n="(person)))"><phr n="(Person)))"><ent r="4" t="50" w="511" /></phr></stem></index>