﻿<?xml version="1.0" encoding="utf-8"?><index><stem n="&quot;true&quot;"><phr n="&quot;true&quot;"><ent r="3" t="7" w="83" /></phr></stem><stem n="meet"><phr n="meet"><ent r="3" t="7" w="108" /><ent r="3" t="230" w="93" /></phr></stem><stem n="purpos"><phr n="purposes"><ent r="3" t="7" w="113" /><ent r="3" t="18" w="688" /><ent r="3" t="180" w="40" /><ent r="3" t="187" w="146" /><ent r="3" t="261" w="256" /><ent r="3" t="309" w="411" /></phr><phr n="purpose"><ent r="3" t="49" w="300" /><ent r="3" t="49" w="731" /><ent r="3" t="69" w="350" /><ent r="3" t="256" w="68" /></phr></stem><stem n="debug"><phr n="debugging"><ent r="3" t="7" w="115" /><ent r="3" t="160" w="21" /></phr><phr n="debug"><ent r="3" t="15" w="351" /><ent r="4" t="50" w="369" /><ent r="4" t="55" w="236" /><ent r="3" t="55" w="248" /><ent r="5" t="92" w="235" /><ent r="6" t="92" w="239" /><ent r="7" t="92" w="251" /><ent r="4" t="140" w="142" /><ent r="3" t="158" w="12" /><ent r="3" t="163" w="13" /><ent r="5" t="297" w="203" /></phr><phr n="Debug"><ent r="3" t="15" w="354" /><ent r="100" t="140" w="3" /><ent r="65" t="280" w="36" /></phr><phr n="Debugging"><ent r="92" t="55" w="216" /><ent r="3" t="55" w="220" /></phr></stem><stem n="work"><phr n="work"><ent r="3" t="7" w="121" /><ent r="3" t="7" w="297" /><ent r="3" t="7" w="511" /><ent r="3" t="7" w="581" /><ent r="4" t="20" w="425" /><ent r="3" t="33" w="216" /><ent r="3" t="38" w="450" /><ent r="3" t="38" w="459" /><ent r="3" t="38" w="480" /><ent r="3" t="44" w="35" /><ent r="4" t="46" w="158" /><ent r="4" t="46" w="312" /><ent r="64" t="46" w="330" /><ent r="3" t="51" w="56" /><ent r="3" t="54" w="309" /><ent r="3" t="55" w="176" /><ent r="3" t="55" w="225" /><ent r="3" t="61" w="14" /><ent r="3" t="62" w="52" /><ent r="3" t="65" w="24" /><ent r="3" t="66" w="73" /><ent r="3" t="66" w="127" /><ent r="3" t="66" w="139" /><ent r="3" t="73" w="155" /><ent r="3" t="73" w="252" /><ent r="5" t="74" w="176" /><ent r="5" t="74" w="229" /><ent r="3" t="74" w="252" /><ent r="3" t="76" w="26" /><ent r="5" t="76" w="104" /><ent r="5" t="76" w="157" /><ent r="3" t="76" w="186" /><ent r="4" t="76" w="424" /><ent r="4" t="76" w="501" /><ent r="3" t="90" w="31" /><ent r="3" t="90" w="222" /><ent r="4" t="102" w="95" /><ent r="4" t="120" w="302" /><ent r="3" t="124" w="74" /><ent r="3" t="125" w="74" /><ent r="3" t="126" w="72" /><ent r="3" t="131" w="43" /><ent r="3" t="145" w="108" /><ent r="3" t="161" w="39" /><ent r="4" t="166" w="343" /><ent r="3" t="227" w="56" /><ent r="4" t="227" w="334" /><ent r="3" t="227" w="365" /><ent r="5" t="227" w="438" /><ent r="5" t="227" w="456" /><ent r="4" t="227" w="467" /><ent r="5" t="227" w="487" /><ent r="5" t="227" w="511" /><ent r="4" t="227" w="525" /><ent r="3" t="231" w="40" /><ent r="4" t="231" w="132" /><ent r="4" t="231" w="145" /><ent r="4" t="231" w="152" /><ent r="3" t="231" w="230" /><ent r="3" t="232" w="17" /><ent r="3" t="232" w="42" /><ent r="3" t="233" w="70" /><ent r="3" t="233" w="87" /><ent r="3" t="233" w="132" /><ent r="4" t="238" w="223" /><ent r="3" t="243" w="180" /><ent r="3" t="243" w="191" /><ent r="3" t="243" w="207" /><ent r="3" t="243" w="362" /><ent r="3" t="243" w="369" /><ent r="3" t="243" w="383" /><ent r="3" t="256" w="49" /><ent r="4" t="258" w="78" /><ent r="3" t="261" w="120" /><ent r="3" t="274" w="12" /><ent r="4" t="275" w="266" /><ent r="4" t="275" w="420" /><ent r="4" t="308" w="359" /><ent r="3" t="309" w="230" /></phr><phr n="works"><ent r="3" t="27" w="1082" /><ent r="3" t="28" w="522" /><ent r="3" t="30" w="79" /><ent r="3" t="38" w="413" /><ent r="3" t="43" w="29" /><ent r="3" t="45" w="353" /><ent r="3" t="49" w="12" /><ent r="3" t="50" w="497" /><ent r="4" t="50" w="775" /><ent r="4" t="50" w="859" /><ent r="3" t="74" w="618" /><ent r="3" t="99" w="94" /><ent r="3" t="105" w="157" /><ent r="3" t="109" w="95" /><ent r="3" t="112" w="1379" /><ent r="3" t="224" w="210" /><ent r="3" t="231" w="54" /><ent r="3" t="234" w="34" /><ent r="3" t="238" w="307" /><ent r="4" t="242" w="137" /><ent r="3" t="246" w="65" /><ent r="4" t="253" w="149" /><ent r="4" t="253" w="293" /><ent r="4" t="253" w="401" /><ent r="4" t="253" w="510" /><ent r="4" t="309" w="70" /></phr><phr n="worked"><ent r="3" t="50" w="475" /></phr><phr n="working"><ent r="3" t="50" w="697" /><ent r="3" t="101" w="44" /><ent r="3" t="101" w="315" /><ent r="64" t="116" w="260" /><ent r="4" t="140" w="305" /><ent r="3" t="193" w="578" /><ent r="3" t="228" w="8" /><ent r="4" t="267" w="77" /><ent r="3" t="274" w="392" /><ent r="3" t="290" w="243" /></phr><phr n="Work"><ent r="100" t="66" w="12" /><ent r="92" t="73" w="138" /><ent r="64" t="73" w="177" /><ent r="1000" t="76" w="6" /><ent r="102" t="76" w="13" /><ent r="64" t="126" w="250" /><ent r="1000" t="128" w="3" /><ent r="102" t="128" w="10" /><ent r="92" t="227" w="349" /><ent r="92" t="243" w="164" /></phr><phr n="Working"><ent r="5" t="128" w="301" /><ent r="64" t="273" w="187" /><ent r="1000" t="279" w="1" /><ent r="102" t="279" w="8" /><ent r="92" t="293" w="241" /><ent r="64" t="293" w="248" /><ent r="1000" t="295" w="1" /><ent r="102" t="295" w="9" /></phr></stem><stem n="in-memori"><phr n="in-memory"><ent r="3" t="7" w="130" /><ent r="4" t="224" w="335" /><ent r="4" t="224" w="363" /><ent r="4" t="224" w="459" /><ent r="4" t="224" w="487" /></phr></stem><stem n="&quot;in-memory&quot;'"><phr n="&quot;in-memory&quot;'"><ent r="3" t="7" w="132" /></phr></stem><stem n="littl"><phr n="Little"><ent r="3" t="7" w="133" /></phr><phr n="little"><ent r="3" t="24" w="731" /><ent r="3" t="59" w="47" /><ent r="3" t="68" w="179" /><ent r="3" t="141" w="82" /><ent r="3" t="153" w="27" /><ent r="3" t="197" w="30" /><ent r="2" t="198" w="32" /><ent r="3" t="239" w="48" /></phr></stem><stem n="add"><phr n="add"><ent r="3" t="7" w="147" /><ent r="3" t="8" w="25" /><ent r="3" t="8" w="45" /><ent r="3" t="9" w="320" /><ent r="5" t="9" w="388" /><ent r="3" t="12" w="25" /><ent r="3" t="16" w="120" /><ent r="3" t="17" w="197" /><ent r="3" t="22" w="100" /><ent r="3" t="22" w="122" /><ent r="3" t="27" w="190" /><ent r="3" t="27" w="1113" /><ent r="3" t="28" w="889" /><ent r="3" t="28" w="907" /><ent r="3" t="29" w="22" /><ent r="3" t="29" w="549" /><ent r="3" t="36" w="59" /><ent r="3" t="38" w="22" /><ent r="4" t="49" w="359" /><ent r="4" t="49" w="397" /><ent r="4" t="50" w="359" /><ent r="3" t="59" w="31" /><ent r="3" t="60" w="41" /><ent r="3" t="60" w="70" /><ent r="3" t="60" w="83" /><ent r="3" t="60" w="95" /><ent r="3" t="60" w="175" /><ent r="3" t="60" w="193" /><ent r="3" t="67" w="99" /><ent r="3" t="67" w="112" /><ent r="3" t="95" w="66" /><ent r="3" t="100" w="336" /><ent r="3" t="102" w="16" /><ent r="3" t="109" w="246" /><ent r="3" t="109" w="263" /><ent r="4" t="113" w="83" /><ent r="5" t="119" w="28" /><ent r="5" t="119" w="107" /><ent r="3" t="123" w="72" /><ent r="3" t="123" w="147" /><ent r="3" t="133" w="52" /><ent r="3" t="133" w="78" /><ent r="3" t="133" w="109" /><ent r="3" t="134" w="33" /><ent r="3" t="135" w="48" /><ent r="3" t="137" w="39" /><ent r="3" t="138" w="30" /><ent r="3" t="139" w="53" /><ent r="4" t="140" w="194" /><ent r="4" t="140" w="218" /><ent r="3" t="143" w="423" /><ent r="3" t="143" w="429" /><ent r="3" t="143" w="442" /><ent r="3" t="144" w="15" /><ent r="3" t="147" w="55" /><ent r="3" t="147" w="71" /><ent r="3" t="147" w="226" /><ent r="3" t="147" w="246" /><ent r="5" t="147" w="255" /><ent r="5" t="147" w="288" /><ent r="5" t="147" w="333" /><ent r="5" t="147" w="366" /><ent r="3" t="154" w="8" /><ent r="3" t="157" w="24" /><ent r="4" t="157" w="57" /><ent r="4" t="157" w="89" /><ent r="3" t="162" w="11" /><ent r="3" t="220" w="25" /><ent r="3" t="226" w="143" /><ent r="4" t="237" w="101" /><ent r="3" t="240" w="663" /><ent r="3" t="247" w="174" /><ent r="3" t="247" w="283" /><ent r="3" t="251" w="265" /><ent r="3" t="255" w="93" /><ent r="3" t="257" w="144" /><ent r="3" t="257" w="338" /><ent r="3" t="257" w="517" /><ent r="5" t="258" w="112" /><ent r="3" t="262" w="70" /><ent r="3" t="265" w="130" /><ent r="3" t="265" w="453" /><ent r="3" t="271" w="38" /><ent r="3" t="275" w="78" /><ent r="4" t="278" w="117" /><ent r="3" t="283" w="52" /><ent r="3" t="283" w="82" /><ent r="3" t="289" w="184" /><ent r="3" t="290" w="154" /><ent r="3" t="292" w="252" /><ent r="4" t="294" w="243" /><ent r="3" t="298" w="522" /><ent r="6" t="300" w="270" /><ent r="3" t="302" w="103" /><ent r="3" t="302" w="120" /><ent r="3" t="306" w="532" /><ent r="4" t="308" w="101" /><ent r="4" t="308" w="332" /></phr><phr n="Add"><ent r="5" t="9" w="366" /><ent r="3" t="30" w="183" /><ent r="4" t="46" w="58" /><ent r="4" t="46" w="189" /><ent r="4" t="49" w="77" /><ent r="4" t="49" w="91" /><ent r="4" t="49" w="112" /><ent r="4" t="49" w="132" /><ent r="4" t="49" w="183" /><ent r="4" t="49" w="201" /><ent r="4" t="49" w="222" /><ent r="4" t="49" w="246" /><ent r="4" t="50" w="315" /><ent r="4" t="50" w="627" /><ent r="4" t="50" w="641" /><ent r="4" t="50" w="662" /><ent r="4" t="50" w="682" /><ent r="4" t="50" w="899" /><ent r="4" t="50" w="917" /><ent r="4" t="50" w="938" /><ent r="4" t="50" w="962" /><ent r="4" t="52" w="135" /><ent r="4" t="52" w="142" /><ent r="4" t="52" w="207" /><ent r="4" t="52" w="221" /><ent r="5" t="53" w="170" /><ent r="5" t="53" w="259" /><ent r="5" t="53" w="348" /><ent r="5" t="53" w="433" /><ent r="5" t="53" w="560" /><ent r="5" t="53" w="653" /><ent r="4" t="54" w="144" /><ent r="4" t="54" w="177" /><ent r="3" t="59" w="263" /><ent r="92" t="60" w="52" /><ent r="92" t="60" w="121" /><ent r="4" t="67" w="140" /><ent r="4" t="67" w="155" /><ent r="4" t="67" w="189" /><ent r="4" t="67" w="204" /><ent r="4" t="102" w="38" /><ent r="4" t="109" w="137" /><ent r="4" t="109" w="190" /><ent r="4" t="120" w="269" /><ent r="4" t="133" w="398" /><ent r="4" t="134" w="70" /><ent r="4" t="134" w="77" /><ent r="4" t="134" w="85" /><ent r="4" t="134" w="97" /><ent r="4" t="134" w="104" /><ent r="4" t="134" w="112" /><ent r="4" t="135" w="58" /><ent r="4" t="135" w="80" /><ent r="4" t="136" w="53" /><ent r="4" t="136" w="61" /><ent r="4" t="136" w="73" /><ent r="4" t="136" w="81" /><ent r="4" t="137" w="50" /><ent r="4" t="137" w="72" /><ent r="4" t="138" w="66" /><ent r="4" t="138" w="74" /><ent r="4" t="138" w="88" /><ent r="4" t="138" w="96" /><ent r="4" t="138" w="132" /><ent r="4" t="138" w="154" /><ent r="4" t="139" w="64" /><ent r="4" t="139" w="72" /><ent r="4" t="139" w="85" /><ent r="4" t="139" w="93" /><ent r="4" t="140" w="65" /><ent r="4" t="140" w="96" /><ent r="6" t="143" w="215" /><ent r="3" t="147" w="230" /><ent r="4" t="154" w="38" /><ent r="4" t="154" w="69" /><ent r="5" t="237" w="184" /><ent r="5" t="237" w="246" /><ent r="4" t="237" w="270" /><ent r="5" t="237" w="292" /><ent r="5" t="237" w="327" /><ent r="4" t="240" w="174" /><ent r="4" t="240" w="178" /><ent r="4" t="240" w="234" /><ent r="4" t="240" w="241" /><ent r="4" t="240" w="850" /><ent r="4" t="240" w="914" /><ent r="4" t="240" w="1040" /><ent r="4" t="240" w="1126" /><ent r="4" t="240" w="1220" /><ent r="4" t="240" w="1316" /><ent r="4" t="241" w="235" /><ent r="4" t="241" w="472" /><ent r="4" t="257" w="131" /><ent r="4" t="260" w="57" /><ent r="4" t="262" w="222" /><ent r="4" t="262" w="284" /><ent r="3" t="263" w="95" /><ent r="4" t="265" w="245" /><ent r="3" t="265" w="626" /><ent r="3" t="265" w="769" /><ent r="92" t="266" w="66" /><ent r="4" t="266" w="131" /><ent r="4" t="266" w="174" /><ent r="4" t="275" w="166" /><ent r="4" t="275" w="297" /><ent r="3" t="290" w="235" /><ent r="3" t="291" w="94" /><ent r="3" t="292" w="276" /><ent r="6" t="299" w="511" /><ent r="6" t="300" w="334" /><ent r="5" t="300" w="632" /><ent r="4" t="306" w="555" /><ent r="4" t="306" w="592" /></phr><phr n="adds"><ent r="3" t="49" w="63" /><ent r="3" t="49" w="146" /><ent r="3" t="133" w="86" /><ent r="3" t="134" w="57" /><ent r="4" t="140" w="345" /><ent r="3" t="156" w="106" /><ent r="3" t="257" w="257" /><ent r="4" t="269" w="51" /></phr><phr n="Adds"><ent r="6" t="299" w="188" /><ent r="6" t="299" w="214" /><ent r="6" t="299" w="244" /><ent r="6" t="299" w="256" /><ent r="5" t="300" w="212" /><ent r="6" t="300" w="412" /><ent r="6" t="300" w="604" /></phr></stem><stem n="faster"><phr n="faster"><ent r="3" t="7" w="153" /><ent r="3" t="7" w="665" /><ent r="3" t="11" w="109" /><ent r="3" t="55" w="22" /><ent r="3" t="59" w="55" /><ent r="3" t="59" w="67" /><ent r="4" t="59" w="316" /><ent r="3" t="61" w="103" /><ent r="3" t="77" w="88" /><ent r="3" t="109" w="81" /><ent r="4" t="129" w="206" /><ent r="4" t="165" w="193" /><ent r="4" t="168" w="85" /><ent r="3" t="174" w="156" /><ent r="3" t="188" w="39" /><ent r="3" t="190" w="206" /><ent r="4" t="238" w="395" /><ent r="3" t="240" w="28" /><ent r="3" t="289" w="231" /></phr></stem><stem n="ahead"><phr n="ahead"><ent r="3" t="7" w="156" /></phr></stem><stem n="third"><phr n="Third"><ent r="3" t="7" w="161" /></phr><phr n="third"><ent r="3" t="90" w="188" /><ent r="3" t="114" w="43" /><ent r="3" t="114" w="239" /><ent r="4" t="309" w="63" /></phr></stem><stem n="nq"><phr n="NQ"><ent r="65" t="7" w="190" /><ent r="65" t="90" w="271" /><ent r="65" t="230" w="104" /><ent r="65" t="270" w="495" /><ent r="65" t="270" w="509" /></phr><phr n="nq"><ent r="4" t="22" w="173" /><ent r="6" t="92" w="200" /><ent r="7" t="92" w="203" /><ent r="7" t="92" w="281" /><ent r="6" t="92" w="408" /><ent r="7" t="92" w="415" /><ent r="6" t="313" w="66" /></phr></stem><stem n="5"><phr n="5"><ent r="3" t="7" w="198" /><ent r="3" t="7" w="213" /><ent r="3" t="16" w="15" /><ent r="3" t="16" w="109" /><ent r="65" t="17" w="18" /><ent r="65" t="18" w="13" /><ent r="3" t="18" w="82" /><ent r="65" t="19" w="17" /><ent r="65" t="20" w="17" /><ent r="65" t="21" w="15" /><ent r="65" t="22" w="19" /><ent r="4" t="42" w="576" /><ent r="4" t="42" w="621" /><ent r="5" t="42" w="834" /><ent r="4" t="42" w="839" /><ent r="4" t="42" w="864" /><ent r="5" t="42" w="887" /><ent r="4" t="197" w="101" /><ent r="4" t="197" w="127" /><ent r="4" t="216" w="57" /><ent r="4" t="216" w="89" /><ent r="4" t="245" w="49" /><ent r="4" t="245" w="55" /><ent r="4" t="245" w="61" /><ent r="4" t="257" w="97" /><ent r="4" t="257" w="118" /><ent r="3" t="268" w="179" /><ent r="3" t="268" w="183" /><ent r="6" t="268" w="212" /><ent r="6" t="268" w="244" /><ent r="3" t="268" w="292" /><ent r="3" t="274" w="282" /><ent r="4" t="287" w="103" /><ent r="5" t="297" w="215" /><ent r="5" t="297" w="223" /><ent r="4" t="305" w="207" /><ent r="4" t="306" w="203" /><ent r="3" t="306" w="356" /><ent r="6" t="313" w="73" /><ent r="6" t="313" w="80" /><ent r="6" t="313" w="95" /><ent r="6" t="313" w="106" /><ent r="6" t="313" w="112" /><ent r="6" t="313" w="120" /><ent r="6" t="313" w="127" /><ent r="6" t="313" w="315" /><ent r="6" t="313" w="339" /><ent r="6" t="313" w="355" /><ent r="6" t="313" w="367" /></phr></stem><stem n=".0"><phr n=".0"><ent r="3" t="7" w="199" /><ent r="4" t="260" w="52" /><ent r="6" t="268" w="224" /><ent r="6" t="268" w="257" /><ent r="6" t="268" w="260" /><ent r="6" t="268" w="271" /><ent r="6" t="268" w="274" /><ent r="4" t="287" w="113" /></phr></stem><stem n="5.0"><phr n="5.0"><ent r="3" t="7" w="199" /><ent r="3" t="7" w="198" /></phr></stem><stem n="0"><phr n="0"><ent r="3" t="7" w="199" /><ent r="3" t="9" w="95" /><ent r="4" t="25" w="39" /><ent r="4" t="27" w="1122" /><ent r="4" t="27" w="1181" /><ent r="4" t="29" w="215" /><ent r="4" t="29" w="283" /><ent r="4" t="34" w="325" /><ent r="4" t="34" w="388" /><ent r="4" t="35" w="113" /><ent r="5" t="35" w="170" /><ent r="4" t="35" w="207" /><ent r="4" t="35" w="324" /><ent r="4" t="35" w="390" /><ent r="4" t="38" w="128" /><ent r="4" t="38" w="133" /><ent r="4" t="38" w="166" /><ent r="4" t="38" w="179" /><ent r="4" t="38" w="277" /><ent r="4" t="38" w="282" /><ent r="4" t="38" w="316" /><ent r="4" t="38" w="329" /><ent r="4" t="40" w="337" /><ent r="4" t="40" w="373" /><ent r="5" t="42" w="820" /><ent r="5" t="42" w="873" /><ent r="5" t="50" w="525" /><ent r="5" t="50" w="578" /><ent r="4" t="54" w="214" /><ent r="4" t="54" w="265" /><ent r="4" t="56" w="70" /><ent r="4" t="56" w="126" /><ent r="4" t="57" w="190" /><ent r="4" t="57" w="227" /><ent r="4" t="58" w="79" /><ent r="4" t="58" w="145" /><ent r="4" t="58" w="227" /><ent r="4" t="58" w="289" /><ent r="5" t="64" w="199" /><ent r="5" t="64" w="254" /><ent r="4" t="66" w="602" /><ent r="4" t="66" w="607" /><ent r="4" t="66" w="682" /><ent r="4" t="66" w="695" /><ent r="5" t="72" w="42" /><ent r="5" t="72" w="76" /><ent r="5" t="72" w="179" /><ent r="5" t="72" w="214" /><ent r="5" t="72" w="281" /><ent r="4" t="76" w="593" /><ent r="5" t="76" w="650" /><ent r="4" t="76" w="687" /><ent r="4" t="76" w="804" /><ent r="4" t="76" w="870" /><ent r="6" t="92" w="545" /><ent r="4" t="99" w="299" /><ent r="4" t="99" w="391" /><ent r="4" t="99" w="672" /><ent r="4" t="99" w="693" /><ent r="4" t="99" w="791" /><ent r="4" t="99" w="816" /><ent r="4" t="100" w="140" /><ent r="4" t="100" w="251" /><ent r="4" t="112" w="297" /><ent r="4" t="112" w="298" /><ent r="4" t="112" w="299" /><ent r="4" t="112" w="330" /><ent r="4" t="112" w="331" /><ent r="4" t="112" w="345" /><ent r="4" t="112" w="347" /><ent r="4" t="112" w="361" /><ent r="4" t="112" w="362" /><ent r="5" t="112" w="608" /><ent r="4" t="112" w="651" /><ent r="4" t="112" w="652" /><ent r="4" t="112" w="653" /><ent r="4" t="112" w="686" /><ent r="4" t="112" w="687" /><ent r="4" t="112" w="702" /><ent r="4" t="112" w="704" /><ent r="4" t="112" w="719" /><ent r="4" t="112" w="720" /><ent r="5" t="112" w="1123" /><ent r="4" t="114" w="907" /><ent r="4" t="114" w="934" /><ent r="5" t="130" w="152" /><ent r="5" t="130" w="175" /><ent r="5" t="130" w="407" /><ent r="5" t="130" w="449" /><ent r="4" t="158" w="24" /><ent r="4" t="158" w="31" /><ent r="4" t="193" w="171" /><ent r="4" t="193" w="198" /><ent r="4" t="193" w="237" /><ent r="4" t="193" w="269" /><ent r="4" t="193" w="428" /><ent r="4" t="193" w="466" /><ent r="4" t="193" w="514" /><ent r="4" t="193" w="549" /><ent r="3" t="229" w="62" /><ent r="4" t="229" w="99" /><ent r="4" t="229" w="162" /><ent r="5" t="236" w="390" /><ent r="5" t="236" w="473" /><ent r="5" t="236" w="620" /><ent r="5" t="236" w="684" /><ent r="4" t="241" w="152" /><ent r="4" t="241" w="335" /><ent r="4" t="250" w="370" /><ent r="4" t="256" w="249" /><ent r="4" t="256" w="312" /><ent r="4" t="257" w="98" /><ent r="4" t="257" w="99" /><ent r="4" t="257" w="119" /><ent r="4" t="257" w="120" /><ent r="4" t="258" w="169" /><ent r="4" t="258" w="191" /><ent r="4" t="258" w="192" /><ent r="4" t="258" w="193" /><ent r="4" t="258" w="214" /><ent r="4" t="258" w="215" /><ent r="4" t="258" w="216" /><ent r="4" t="258" w="235" /><ent r="4" t="258" w="236" /><ent r="4" t="258" w="237" /><ent r="4" t="258" w="262" /><ent r="4" t="258" w="263" /><ent r="4" t="258" w="264" /><ent r="4" t="258" w="281" /><ent r="4" t="258" w="282" /><ent r="4" t="258" w="283" /><ent r="3" t="260" w="31" /><ent r="4" t="260" w="52" /><ent r="6" t="268" w="224" /><ent r="6" t="268" w="257" /><ent r="6" t="268" w="260" /><ent r="6" t="268" w="271" /><ent r="6" t="268" w="274" /><ent r="3" t="270" w="92" /><ent r="3" t="270" w="141" /><ent r="3" t="270" w="163" /><ent r="3" t="270" w="164" /><ent r="3" t="270" w="165" /><ent r="3" t="270" w="186" /><ent r="3" t="270" w="187" /><ent r="3" t="270" w="188" /><ent r="3" t="270" w="207" /><ent r="3" t="270" w="208" /><ent r="3" t="270" w="209" /><ent r="3" t="270" w="236" /><ent r="3" t="270" w="237" /><ent r="3" t="270" w="238" /><ent r="3" t="270" w="255" /><ent r="3" t="270" w="256" /><ent r="3" t="270" w="257" /><ent r="5" t="281" w="369" /><ent r="5" t="281" w="390" /><ent r="5" t="281" w="485" /><ent r="5" t="281" w="509" /><ent r="4" t="287" w="113" /><ent r="5" t="297" w="431" /><ent r="5" t="297" w="432" /><ent r="5" t="297" w="560" /><ent r="5" t="297" w="561" /><ent r="5" t="297" w="575" /><ent r="5" t="297" w="576" /><ent r="3" t="306" w="384" /><ent r="6" t="313" w="30" /><ent r="6" t="313" w="55" /><ent r="6" t="313" w="93" /><ent r="6" t="313" w="97" /><ent r="6" t="313" w="275" /><ent r="6" t="313" w="316" /><ent r="6" t="313" w="365" /></phr></stem><stem n="launch"><phr n="launched"><ent r="3" t="7" w="200" /></phr><phr n="launching"><ent r="5" t="297" w="358" /></phr></stem><stem n="novemb"><phr n="November"><ent r="3" t="7" w="202" /></phr></stem><stem n="2005"><phr n="2005"><ent r="3" t="7" w="203" /></phr></stem><stem n="3"><phr n="3"><ent r="3" t="7" w="212" /><ent r="92" t="9" w="255" /><ent r="3" t="16" w="14" /><ent r="3" t="16" w="108" /><ent r="65" t="17" w="17" /><ent r="65" t="18" w="12" /><ent r="3" t="18" w="81" /><ent r="65" t="19" w="16" /><ent r="65" t="20" w="16" /><ent r="65" t="21" w="14" /><ent r="65" t="22" w="18" /><ent r="6" t="37" w="145" /><ent r="4" t="58" w="93" /><ent r="4" t="58" w="159" /><ent r="3" t="117" w="254" /><ent r="4" t="245" w="54" /><ent r="4" t="245" w="60" /><ent r="4" t="257" w="96" /><ent r="4" t="257" w="117" /><ent r="3" t="268" w="182" /><ent r="6" t="268" w="211" /><ent r="6" t="268" w="243" /><ent r="6" t="268" w="256" /><ent r="6" t="268" w="259" /><ent r="6" t="268" w="270" /><ent r="6" t="268" w="273" /><ent r="3" t="268" w="291" /><ent r="4" t="287" w="102" /><ent r="3" t="306" w="66" /><ent r="3" t="306" w="338" /><ent r="3" t="306" w="347" /><ent r="3" t="306" w="352" /><ent r="82" t="309" w="36" /><ent r="6" t="313" w="28" /><ent r="6" t="313" w="53" /><ent r="6" t="313" w="224" /><ent r="6" t="313" w="264" /></phr></stem><stem n="3.5"><phr n="3.5"><ent r="3" t="7" w="213" /><ent r="3" t="7" w="212" /><ent r="3" t="16" w="15" /><ent r="3" t="16" w="14" /><ent r="3" t="16" w="109" /><ent r="3" t="16" w="108" /><ent r="65" t="17" w="18" /><ent r="65" t="17" w="17" /><ent r="65" t="18" w="13" /><ent r="65" t="18" w="12" /><ent r="3" t="18" w="82" /><ent r="3" t="18" w="81" /><ent r="65" t="19" w="17" /><ent r="65" t="19" w="16" /><ent r="65" t="20" w="17" /><ent r="65" t="20" w="16" /><ent r="65" t="21" w="15" /><ent r="65" t="21" w="14" /><ent r="65" t="22" w="19" /><ent r="65" t="22" w="18" /><ent r="4" t="245" w="55" /><ent r="4" t="245" w="54" /><ent r="4" t="245" w="61" /><ent r="4" t="245" w="60" /><ent r="4" t="257" w="97" /><ent r="4" t="257" w="96" /><ent r="4" t="257" w="118" /><ent r="4" t="257" w="117" /><ent r="3" t="268" w="183" /><ent r="3" t="268" w="182" /><ent r="6" t="268" w="212" /><ent r="6" t="268" w="211" /><ent r="6" t="268" w="244" /><ent r="6" t="268" w="243" /><ent r="3" t="268" w="292" /><ent r="3" t="268" w="291" /><ent r="4" t="287" w="103" /><ent r="4" t="287" w="102" /></phr></stem><stem n="3.5."><phr n="3.5."><ent r="3" t="7" w="213" /><ent r="3" t="7" w="212" /><ent r="3" t="16" w="109" /><ent r="3" t="16" w="108" /><ent r="3" t="268" w="183" /><ent r="3" t="268" w="182" /></phr></stem><stem n=".5."><phr n=".5."><ent r="3" t="7" w="214" /><ent r="3" t="16" w="110" /><ent r="3" t="268" w="184" /></phr></stem><stem n="spent"><phr n="spent"><ent r="3" t="7" w="235" /><ent r="4" t="90" w="369" /></phr></stem><stem n="separ"><phr n="separate"><ent r="3" t="7" w="239" /><ent r="3" t="18" w="651" /><ent r="3" t="22" w="224" /><ent r="3" t="66" w="387" /><ent r="3" t="79" w="207" /><ent r="4" t="87" w="103" /><ent r="4" t="87" w="142" /><ent r="3" t="101" w="329" /><ent r="4" t="102" w="155" /><ent r="3" t="134" w="44" /><ent r="3" t="138" w="45" /><ent r="3" t="227" w="377" /><ent r="3" t="227" w="413" /><ent r="3" t="229" w="21" /><ent r="3" t="230" w="111" /><ent r="3" t="232" w="379" /><ent r="3" t="238" w="271" /><ent r="4" t="259" w="78" /><ent r="3" t="261" w="175" /><ent r="5" t="265" w="538" /><ent r="4" t="299" w="56" /><ent r="3" t="301" w="140" /><ent r="3" t="311" w="15" /><ent r="3" t="315" w="110" /></phr><phr n="Separate"><ent r="92" t="18" w="640" /><ent r="92" t="232" w="57" /><ent r="92" t="261" w="160" /></phr><phr n="separately"><ent r="3" t="268" w="362" /></phr></stem><stem n="manipul"><phr n="manipulation"><ent r="3" t="7" w="241" /><ent r="4" t="305" w="119" /><ent r="4" t="306" w="115" /></phr><phr n="manipulations"><ent r="3" t="73" w="268" /><ent r="4" t="74" w="77" /></phr></stem><stem n="unlik"><phr n="Unlike"><ent r="3" t="7" w="245" /><ent r="3" t="248" w="140" /><ent r="3" t="249" w="186" /></phr><phr n="unlikely"><ent r="4" t="227" w="287" /></phr></stem><stem n="incumb"><phr n="incumbent"><ent r="3" t="7" w="246" /></phr></stem><stem n="string"><phr n="string"><ent r="3" t="7" w="247" /><ent r="3" t="14" w="1050" /><ent r="3" t="14" w="1065" /><ent r="3" t="14" w="1076" /><ent r="3" t="24" w="66" /><ent r="3" t="27" w="809" /><ent r="5" t="29" w="606" /><ent r="5" t="29" w="610" /><ent r="3" t="29" w="746" /><ent r="5" t="30" w="435" /><ent r="4" t="30" w="452" /><ent r="5" t="30" w="534" /><ent r="4" t="30" w="559" /><ent r="3" t="31" w="1109" /><ent r="3" t="31" w="1124" /><ent r="5" t="31" w="1637" /><ent r="5" t="31" w="1644" /><ent r="5" t="42" w="70" /><ent r="5" t="42" w="78" /><ent r="5" t="42" w="93" /><ent r="5" t="42" w="121" /><ent r="5" t="42" w="426" /><ent r="5" t="42" w="582" /><ent r="5" t="49" w="780" /><ent r="5" t="49" w="806" /><ent r="5" t="50" w="518" /><ent r="6" t="53" w="131" /><ent r="6" t="53" w="140" /><ent r="6" t="53" w="150" /><ent r="6" t="53" w="166" /><ent r="6" t="53" w="309" /><ent r="6" t="53" w="318" /><ent r="6" t="53" w="328" /><ent r="6" t="53" w="344" /><ent r="6" t="53" w="521" /><ent r="6" t="53" w="530" /><ent r="6" t="53" w="540" /><ent r="6" t="53" w="556" /><ent r="5" t="59" w="121" /><ent r="3" t="62" w="77" /><ent r="3" t="62" w="100" /><ent r="3" t="69" w="85" /><ent r="5" t="70" w="377" /><ent r="5" t="70" w="430" /><ent r="5" t="70" w="519" /><ent r="5" t="70" w="701" /><ent r="5" t="70" w="705" /><ent r="64" t="81" w="40" /><ent r="6" t="92" w="350" /><ent r="5" t="112" w="597" /><ent r="5" t="112" w="603" /><ent r="5" t="117" w="123" /><ent r="4" t="117" w="267" /><ent r="4" t="117" w="293" /><ent r="3" t="117" w="774" /><ent r="4" t="122" w="81" /><ent r="4" t="122" w="85" /><ent r="4" t="122" w="96" /><ent r="4" t="122" w="112" /><ent r="4" t="122" w="119" /><ent r="4" t="122" w="133" /><ent r="3" t="122" w="185" /><ent r="3" t="122" w="195" /><ent r="5" t="122" w="266" /><ent r="4" t="122" w="281" /><ent r="4" t="122" w="286" /><ent r="4" t="122" w="355" /><ent r="4" t="122" w="360" /><ent r="5" t="130" w="167" /><ent r="6" t="143" w="360" /><ent r="3" t="156" w="105" /><ent r="3" t="156" w="108" /><ent r="3" t="156" w="115" /><ent r="3" t="169" w="30" /><ent r="3" t="169" w="110" /><ent r="3" t="169" w="127" /><ent r="3" t="169" w="208" /><ent r="3" t="169" w="216" /><ent r="4" t="193" w="169" /><ent r="4" t="193" w="196" /><ent r="4" t="193" w="235" /><ent r="4" t="193" w="267" /><ent r="3" t="209" w="117" /><ent r="3" t="223" w="86" /><ent r="3" t="223" w="100" /><ent r="5" t="223" w="151" /><ent r="3" t="235" w="66" /><ent r="5" t="236" w="127" /><ent r="5" t="236" w="135" /><ent r="5" t="236" w="148" /><ent r="5" t="254" w="96" /><ent r="5" t="254" w="222" /><ent r="5" t="257" w="295" /><ent r="5" t="257" w="304" /><ent r="5" t="259" w="210" /><ent r="5" t="259" w="221" /><ent r="5" t="259" w="234" /><ent r="5" t="259" w="238" /><ent r="5" t="259" w="251" /><ent r="5" t="259" w="255" /><ent r="5" t="263" w="115" /><ent r="5" t="263" w="122" /><ent r="5" t="264" w="42" /><ent r="5" t="264" w="196" /><ent r="5" t="264" w="202" /><ent r="5" t="265" w="161" /><ent r="5" t="265" w="167" /><ent r="5" t="265" w="189" /><ent r="5" t="265" w="193" /><ent r="5" t="265" w="209" /><ent r="5" t="265" w="227" /><ent r="5" t="265" w="270" /><ent r="5" t="265" w="276" /><ent r="5" t="265" w="297" /><ent r="5" t="265" w="308" /><ent r="5" t="265" w="326" /><ent r="5" t="266" w="263" /><ent r="5" t="266" w="269" /><ent r="5" t="274" w="149" /><ent r="4" t="278" w="183" /><ent r="4" t="278" w="192" /><ent r="5" t="302" w="144" /></phr><phr n="String"><ent r="82" t="14" w="1041" /><ent r="92" t="27" w="729" /><ent r="4" t="27" w="917" /><ent r="4" t="27" w="1034" /><ent r="4" t="29" w="586" /><ent r="5" t="29" w="662" /><ent r="5" t="29" w="703" /><ent r="5" t="29" w="711" /><ent r="82" t="31" w="1100" /><ent r="5" t="31" w="1708" /><ent r="5" t="31" w="1721" /><ent r="5" t="42" w="170" /><ent r="5" t="42" w="185" /><ent r="5" t="42" w="223" /><ent r="5" t="42" w="279" /><ent r="5" t="42" w="521" /><ent r="5" t="42" w="633" /><ent r="5" t="49" w="855" /><ent r="5" t="49" w="881" /><ent r="5" t="49" w="910" /><ent r="5" t="50" w="571" /><ent r="6" t="53" w="204" /><ent r="6" t="53" w="212" /><ent r="6" t="53" w="227" /><ent r="6" t="53" w="256" /><ent r="6" t="53" w="378" /><ent r="6" t="53" w="386" /><ent r="6" t="53" w="401" /><ent r="6" t="53" w="430" /><ent r="6" t="53" w="606" /><ent r="6" t="53" w="621" /><ent r="6" t="53" w="650" /><ent r="5" t="59" w="147" /><ent r="5" t="70" w="588" /><ent r="5" t="70" w="797" /><ent r="5" t="70" w="808" /><ent r="5" t="112" w="1114" /><ent r="5" t="112" w="1118" /><ent r="4" t="114" w="351" /><ent r="4" t="114" w="374" /><ent r="5" t="114" w="557" /><ent r="5" t="114" w="595" /><ent r="5" t="117" w="203" /><ent r="5" t="122" w="338" /><ent r="5" t="130" w="433" /><ent r="1000" t="169" w="1" /><ent r="102" t="169" w="4" /><ent r="4" t="193" w="426" /><ent r="4" t="193" w="464" /><ent r="4" t="193" w="512" /><ent r="4" t="193" w="547" /><ent r="5" t="223" w="177" /><ent r="5" t="236" w="182" /><ent r="5" t="236" w="197" /><ent r="5" t="236" w="219" /><ent r="5" t="259" w="300" /><ent r="5" t="259" w="313" /><ent r="5" t="259" w="334" /><ent r="5" t="259" w="339" /><ent r="5" t="259" w="367" /><ent r="5" t="259" w="372" /><ent r="5" t="263" w="160" /><ent r="5" t="263" w="173" /><ent r="5" t="263" w="195" /><ent r="5" t="264" w="77" /><ent r="5" t="264" w="244" /><ent r="5" t="264" w="254" /><ent r="5" t="264" w="275" /><ent r="5" t="266" w="302" /><ent r="5" t="266" w="310" /><ent r="3" t="267" w="159" /><ent r="5" t="274" w="244" /><ent r="6" t="299" w="398" /><ent r="6" t="299" w="400" /><ent r="5" t="302" w="216" /></phr><phr n="strings"><ent r="5" t="20" w="492" /><ent r="4" t="25" w="43" /><ent r="3" t="26" w="35" /><ent r="3" t="27" w="738" /><ent r="3" t="27" w="741" /><ent r="3" t="27" w="792" /><ent r="5" t="27" w="836" /><ent r="5" t="27" w="943" /><ent r="3" t="28" w="532" /><ent r="3" t="30" w="89" /><ent r="3" t="62" w="60" /><ent r="3" t="62" w="147" /><ent r="3" t="62" w="222" /><ent r="6" t="143" w="243" /><ent r="3" t="156" w="18" /><ent r="4" t="156" w="43" /><ent r="4" t="156" w="69" /><ent r="3" t="156" w="83" /><ent r="3" t="156" w="127" /><ent r="3" t="169" w="12" /><ent r="4" t="278" w="188" /><ent r="3" t="283" w="352" /><ent r="3" t="285" w="138" /></phr><phr n="Strings"><ent r="3" t="62" w="68" /><ent r="4" t="103" w="96" /><ent r="1000" t="156" w="2" /><ent r="102" t="156" w="5" /></phr></stem></index>