﻿<?xml version="1.0" encoding="utf-8"?><index><stem n=".age"><phr n=".Age"><ent r="4" t="12" w="299" /><ent r="4" t="12" w="354" /><ent r="4" t="13" w="239" /><ent r="4" t="13" w="279" /><ent r="4" t="13" w="333" /><ent r="4" t="13" w="379" /><ent r="4" t="13" w="443" /><ent r="4" t="13" w="498" /><ent r="4" t="15" w="135" /><ent r="4" t="15" w="139" /><ent r="4" t="15" w="185" /><ent r="4" t="15" w="192" /><ent r="4" t="15" w="510" /><ent r="4" t="15" w="514" /><ent r="4" t="15" w="560" /><ent r="4" t="15" w="567" /><ent r="4" t="15" w="654" /><ent r="4" t="15" w="658" /><ent r="4" t="15" w="726" /><ent r="4" t="15" w="733" /><ent r="4" t="18" w="252" /><ent r="4" t="18" w="321" /><ent r="4" t="18" w="385" /><ent r="4" t="18" w="389" /><ent r="4" t="18" w="462" /><ent r="4" t="18" w="469" /><ent r="4" t="18" w="526" /><ent r="4" t="18" w="612" /><ent r="4" t="19" w="80" /><ent r="4" t="19" w="170" /><ent r="4" t="24" w="185" /><ent r="4" t="24" w="218" /><ent r="4" t="24" w="301" /><ent r="4" t="24" w="339" /></phr></stem><stem n="p.age"><phr n="p.Age"><ent r="4" t="12" w="299" /><ent r="4" t="12" w="298" /><ent r="4" t="12" w="354" /><ent r="4" t="12" w="353" /><ent r="4" t="13" w="239" /><ent r="4" t="13" w="238" /><ent r="4" t="13" w="279" /><ent r="4" t="13" w="278" /><ent r="4" t="13" w="333" /><ent r="4" t="13" w="332" /><ent r="4" t="13" w="379" /><ent r="4" t="13" w="378" /><ent r="4" t="13" w="443" /><ent r="4" t="13" w="442" /><ent r="4" t="13" w="498" /><ent r="4" t="13" w="497" /><ent r="4" t="15" w="135" /><ent r="4" t="15" w="134" /><ent r="4" t="15" w="139" /><ent r="4" t="15" w="138" /><ent r="4" t="15" w="185" /><ent r="4" t="15" w="184" /><ent r="4" t="15" w="192" /><ent r="4" t="15" w="191" /><ent r="4" t="15" w="510" /><ent r="4" t="15" w="509" /><ent r="4" t="15" w="514" /><ent r="4" t="15" w="513" /><ent r="4" t="15" w="560" /><ent r="4" t="15" w="559" /><ent r="4" t="15" w="567" /><ent r="4" t="15" w="566" /><ent r="4" t="15" w="654" /><ent r="4" t="15" w="653" /><ent r="4" t="15" w="658" /><ent r="4" t="15" w="657" /><ent r="4" t="15" w="726" /><ent r="4" t="15" w="725" /><ent r="4" t="15" w="733" /><ent r="4" t="15" w="732" /><ent r="4" t="19" w="80" /><ent r="4" t="19" w="79" /></phr></stem><stem n="ag"><phr n="Age"><ent r="4" t="12" w="299" /><ent r="4" t="12" w="354" /><ent r="92" t="13" w="214" /><ent r="4" t="13" w="239" /><ent r="4" t="13" w="279" /><ent r="4" t="13" w="333" /><ent r="4" t="13" w="379" /><ent r="4" t="13" w="443" /><ent r="4" t="13" w="498" /><ent r="4" t="15" w="135" /><ent r="4" t="15" w="139" /><ent r="4" t="15" w="185" /><ent r="4" t="15" w="192" /><ent r="4" t="15" w="510" /><ent r="4" t="15" w="514" /><ent r="4" t="15" w="560" /><ent r="4" t="15" w="567" /><ent r="4" t="15" w="654" /><ent r="4" t="15" w="658" /><ent r="4" t="15" w="726" /><ent r="4" t="15" w="733" /><ent r="4" t="18" w="252" /><ent r="4" t="18" w="321" /><ent r="4" t="18" w="385" /><ent r="4" t="18" w="389" /><ent r="4" t="18" w="462" /><ent r="4" t="18" w="469" /><ent r="4" t="18" w="522" /><ent r="4" t="18" w="526" /><ent r="4" t="18" w="605" /><ent r="4" t="18" w="612" /><ent r="4" t="18" w="941" /><ent r="4" t="18" w="1033" /><ent r="4" t="19" w="80" /><ent r="4" t="19" w="170" /><ent r="4" t="24" w="185" /><ent r="4" t="24" w="218" /><ent r="4" t="24" w="301" /><ent r="4" t="24" w="339" /><ent r="4" t="29" w="213" /><ent r="4" t="29" w="277" /></phr><phr n="age"><ent r="3" t="13" w="221" /><ent r="3" t="18" w="66" /><ent r="3" t="24" w="165" /><ent r="3" t="24" w="272" /><ent r="3" t="27" w="30" /><ent r="5" t="27" w="344" /><ent r="5" t="27" w="385" /><ent r="5" t="27" w="427" /><ent r="5" t="27" w="471" /><ent r="5" t="27" w="544" /><ent r="5" t="27" w="553" /><ent r="5" t="27" w="594" /><ent r="5" t="27" w="605" /><ent r="5" t="27" w="661" /><ent r="5" t="27" w="700" /><ent r="3" t="29" w="172" /><ent r="3" t="29" w="182" /><ent r="5" t="30" w="217" /><ent r="5" t="30" w="262" /><ent r="5" t="70" w="401" /><ent r="5" t="70" w="548" /></phr><phr n="aged"><ent r="4" t="29" w="225" /><ent r="4" t="29" w="301" /></phr></stem><stem n="&gt;"><phr n="&gt;"><ent r="4" t="12" w="300" /><ent r="4" t="12" w="355" /><ent r="4" t="13" w="240" /><ent r="4" t="13" w="280" /><ent r="4" t="13" w="334" /><ent r="4" t="13" w="380" /><ent r="4" t="13" w="444" /><ent r="4" t="13" w="499" /><ent r="4" t="14" w="684" /><ent r="4" t="14" w="722" /><ent r="4" t="14" w="757" /><ent r="4" t="14" w="799" /><ent r="4" t="14" w="928" /><ent r="4" t="14" w="968" /><ent r="4" t="14" w="1313" /><ent r="4" t="15" w="136" /><ent r="4" t="15" w="186" /><ent r="4" t="15" w="511" /><ent r="4" t="15" w="561" /><ent r="4" t="15" w="655" /><ent r="4" t="15" w="727" /><ent r="4" t="18" w="386" /><ent r="4" t="18" w="463" /><ent r="4" t="18" w="523" /><ent r="4" t="18" w="606" /><ent r="4" t="18" w="914" /><ent r="4" t="19" w="81" /><ent r="4" t="19" w="171" /><ent r="4" t="22" w="130" /><ent r="4" t="22" w="134" /><ent r="4" t="22" w="168" /><ent r="4" t="22" w="174" /><ent r="4" t="49" w="378" /><ent r="4" t="50" w="165" /><ent r="4" t="50" w="233" /><ent r="5" t="50" w="401" /><ent r="5" t="50" w="407" /><ent r="5" t="50" w="440" /><ent r="5" t="50" w="444" /><ent r="5" t="53" w="133" /><ent r="5" t="53" w="142" /><ent r="5" t="53" w="311" /><ent r="5" t="53" w="320" /><ent r="5" t="53" w="523" /><ent r="5" t="53" w="532" /><ent r="4" t="59" w="138" /><ent r="4" t="74" w="803" /><ent r="4" t="74" w="939" /><ent r="4" t="75" w="695" /><ent r="4" t="75" w="835" /><ent r="4" t="99" w="266" /><ent r="4" t="99" w="275" /><ent r="4" t="100" w="139" /><ent r="4" t="100" w="250" /><ent r="4" t="106" w="344" /><ent r="4" t="106" w="370" /><ent r="4" t="223" w="168" /><ent r="4" t="241" w="175" /><ent r="4" t="241" w="271" /><ent r="4" t="241" w="389" /><ent r="4" t="241" w="543" /><ent r="4" t="244" w="229" /><ent r="4" t="257" w="77" /><ent r="4" t="257" w="82" /><ent r="4" t="257" w="83" /><ent r="4" t="257" w="104" /><ent r="4" t="257" w="125" /><ent r="4" t="257" w="224" /><ent r="4" t="258" w="170" /><ent r="4" t="258" w="179" /><ent r="4" t="258" w="202" /><ent r="4" t="258" w="223" /><ent r="4" t="258" w="246" /><ent r="4" t="258" w="269" /><ent r="4" t="258" w="290" /><ent r="4" t="260" w="248" /><ent r="4" t="260" w="260" /><ent r="4" t="260" w="271" /><ent r="4" t="260" w="280" /><ent r="4" t="260" w="289" /><ent r="4" t="260" w="295" /><ent r="4" t="263" w="163" /><ent r="5" t="265" w="554" /><ent r="5" t="265" w="560" /><ent r="5" t="265" w="565" /><ent r="3" t="265" w="627" /><ent r="3" t="270" w="142" /><ent r="3" t="270" w="151" /><ent r="3" t="270" w="174" /><ent r="3" t="270" w="195" /><ent r="3" t="270" w="220" /><ent r="3" t="270" w="243" /><ent r="3" t="270" w="264" /><ent r="3" t="290" w="274" /><ent r="3" t="291" w="82" /><ent r="3" t="291" w="86" /><ent r="3" t="292" w="264" /><ent r="3" t="292" w="268" /><ent r="5" t="297" w="146" /><ent r="5" t="297" w="172" /><ent r="5" t="297" w="190" /><ent r="5" t="297" w="256" /><ent r="5" t="297" w="262" /><ent r="5" t="297" w="278" /><ent r="5" t="297" w="294" /><ent r="5" t="297" w="311" /><ent r="5" t="297" w="328" /><ent r="5" t="297" w="345" /><ent r="5" t="297" w="362" /><ent r="5" t="297" w="378" /><ent r="5" t="297" w="395" /><ent r="5" t="297" w="401" /><ent r="5" t="297" w="407" /><ent r="5" t="297" w="413" /><ent r="5" t="297" w="447" /><ent r="5" t="297" w="463" /><ent r="5" t="297" w="477" /><ent r="5" t="297" w="483" /><ent r="5" t="297" w="489" /><ent r="5" t="297" w="495" /><ent r="5" t="297" w="542" /><ent r="5" t="297" w="580" /><ent r="5" t="297" w="586" /><ent r="5" t="298" w="121" /><ent r="5" t="298" w="134" /><ent r="5" t="298" w="147" /><ent r="5" t="298" w="167" /><ent r="5" t="298" w="173" /><ent r="5" t="298" w="218" /><ent r="5" t="298" w="224" /><ent r="5" t="298" w="240" /><ent r="5" t="298" w="257" /><ent r="5" t="298" w="263" /><ent r="5" t="298" w="269" /><ent r="5" t="298" w="282" /><ent r="5" t="298" w="295" /><ent r="5" t="298" w="308" /><ent r="5" t="298" w="321" /><ent r="5" t="298" w="336" /><ent r="5" t="298" w="349" /><ent r="5" t="298" w="355" /><ent r="5" t="298" w="361" /><ent r="5" t="298" w="367" /><ent r="5" t="298" w="373" /><ent r="5" t="298" w="432" /><ent r="5" t="298" w="455" /><ent r="5" t="298" w="461" /><ent r="5" t="298" w="475" /><ent r="5" t="298" w="481" /><ent r="5" t="298" w="487" /><ent r="5" t="298" w="493" /><ent r="4" t="299" w="47" /><ent r="4" t="299" w="58" /><ent r="4" t="299" w="64" /><ent r="4" t="299" w="122" /><ent r="4" t="299" w="127" /><ent r="4" t="299" w="134" /><ent r="4" t="299" w="140" /><ent r="6" t="299" w="198" /><ent r="6" t="299" w="210" /></phr></stem><stem n="18"><phr n="18"><ent r="4" t="12" w="301" /><ent r="4" t="12" w="356" /><ent r="4" t="13" w="445" /><ent r="4" t="13" w="500" /><ent r="4" t="15" w="137" /><ent r="4" t="15" w="187" /><ent r="4" t="15" w="512" /><ent r="4" t="15" w="562" /><ent r="4" t="15" w="656" /><ent r="4" t="15" w="728" /><ent r="4" t="18" w="254" /><ent r="4" t="18" w="323" /><ent r="4" t="18" w="387" /><ent r="4" t="18" w="464" /><ent r="4" t="18" w="524" /><ent r="4" t="18" w="607" /><ent r="4" t="18" w="923" /><ent r="4" t="18" w="1024" /><ent r="4" t="19" w="82" /><ent r="4" t="19" w="172" /></phr></stem><stem n="orderbi"><phr n="orderby"><ent r="5" t="12" w="303" /><ent r="5" t="13" w="337" /><ent r="5" t="13" w="447" /><ent r="5" t="15" w="143" /></phr></stem><stem n="-instanc"><phr n="-instance"><ent r="4" t="12" w="316" /><ent r="4" t="12" w="316" /><ent r="4" t="12" w="373" /><ent r="4" t="12" w="373" /><ent r="4" t="13" w="460" /><ent r="4" t="13" w="460" /><ent r="4" t="13" w="517" /><ent r="4" t="13" w="517" /><ent r="3" t="96" w="110" /><ent r="3" t="96" w="110" /><ent r="3" t="96" w="650" /><ent r="3" t="96" w="650" /><ent r="3" t="114" w="122" /><ent r="3" t="114" w="122" /><ent r="3" t="114" w="696" /><ent r="3" t="114" w="696" /><ent r="3" t="114" w="712" /><ent r="3" t="114" w="712" /><ent r="4" t="124" w="144" /><ent r="4" t="124" w="144" /><ent r="3" t="142" w="39" /><ent r="3" t="142" w="39" /><ent r="3" t="142" w="53" /><ent r="3" t="142" w="53" /></phr><phr n="-instances"><ent r="4" t="124" w="150" /><ent r="4" t="124" w="150" /><ent r="4" t="125" w="158" /><ent r="4" t="125" w="158" /></phr></stem><stem n="iqueryable-inst"><phr n="IQueryable-instance"><ent r="4" t="12" w="316" /><ent r="4" t="12" w="373" /><ent r="4" t="13" w="460" /><ent r="4" t="13" w="517" /></phr></stem><stem n="(of"><phr n="(Of"><ent r="4" t="12" w="332" /><ent r="4" t="13" w="476" /><ent r="4" t="17" w="286" /><ent r="4" t="18" w="162" /><ent r="4" t="18" w="277" /><ent r="4" t="18" w="416" /><ent r="4" t="18" w="559" /><ent r="4" t="18" w="805" /><ent r="4" t="18" w="968" /><ent r="4" t="18" w="1013" /><ent r="4" t="19" w="119" /><ent r="4" t="20" w="197" /><ent r="4" t="52" w="194" /><ent r="4" t="52" w="200" /><ent r="4" t="52" w="239" /><ent r="5" t="53" w="202" /><ent r="5" t="53" w="210" /><ent r="5" t="53" w="376" /><ent r="5" t="53" w="384" /><ent r="5" t="53" w="604" /><ent r="4" t="70" w="770" /><ent r="4" t="74" w="206" /><ent r="4" t="74" w="713" /><ent r="4" t="74" w="720" /><ent r="4" t="75" w="497" /><ent r="4" t="75" w="504" /><ent r="4" t="75" w="611" /><ent r="4" t="75" w="618" /><ent r="4" t="76" w="134" /><ent r="4" t="99" w="338" /><ent r="4" t="99" w="347" /><ent r="4" t="99" w="782" /><ent r="4" t="100" w="220" /><ent r="4" t="109" w="168" /><ent r="4" t="109" w="408" /><ent r="4" t="121" w="415" /><ent r="4" t="122" w="303" /><ent r="4" t="124" w="236" /><ent r="4" t="125" w="244" /><ent r="4" t="141" w="227" /><ent r="4" t="141" w="277" /><ent r="4" t="240" w="221" /><ent r="4" t="240" w="227" /><ent r="4" t="240" w="876" /><ent r="4" t="240" w="882" /><ent r="4" t="240" w="1093" /><ent r="4" t="240" w="1099" /><ent r="4" t="240" w="1284" /><ent r="4" t="240" w="1290" /><ent r="4" t="240" w="1379" /><ent r="4" t="241" w="303" /><ent r="4" t="241" w="313" /><ent r="4" t="241" w="328" /><ent r="4" t="241" w="349" /><ent r="4" t="241" w="359" /><ent r="4" t="241" w="383" /><ent r="4" t="241" w="448" /><ent r="4" t="241" w="454" /><ent r="4" t="241" w="493" /><ent r="4" t="241" w="503" /><ent r="4" t="241" w="629" /><ent r="4" t="241" w="643" /><ent r="4" t="253" w="247" /><ent r="4" t="253" w="466" /><ent r="4" t="302" w="252" /></phr><phr n="(of"><ent r="4" t="95" w="147" /></phr></stem><stem n="container.asquery"><phr n="container.AsQueryable"><ent r="4" t="12" w="335" /><ent r="4" t="12" w="334" /><ent r="4" t="13" w="479" /><ent r="4" t="13" w="478" /></phr></stem><stem n="asquery"><phr n="AsQueryable"><ent r="4" t="12" w="335" /><ent r="4" t="13" w="479" /></phr></stem><stem n=".asqueryable(of"><phr n=".AsQueryable(Of"><ent r="4" t="12" w="336" /><ent r="4" t="13" w="480" /></phr></stem><stem n=")()"><phr n=")()"><ent r="4" t="12" w="338" /><ent r="4" t="13" w="482" /><ent r="4" t="52" w="202" /><ent r="5" t="53" w="214" /><ent r="5" t="53" w="388" /><ent r="5" t="53" w="608" /><ent r="4" t="70" w="776" /><ent r="4" t="99" w="352" /><ent r="4" t="99" w="788" /><ent r="4" t="109" w="176" /><ent r="4" t="121" w="421" /><ent r="4" t="122" w="309" /><ent r="4" t="124" w="242" /><ent r="4" t="125" w="250" /><ent r="4" t="240" w="229" /><ent r="4" t="240" w="884" /><ent r="4" t="240" w="1101" /><ent r="4" t="240" w="1292" /><ent r="4" t="241" w="456" /><ent r="4" t="241" w="635" /><ent r="4" t="253" w="253" /><ent r="4" t="253" w="472" /><ent r="4" t="302" w="258" /></phr></stem><stem n="translat"><phr n="translates"><ent r="3" t="12" w="392" /></phr><phr n="translated"><ent r="3" t="14" w="57" /><ent r="3" t="14" w="1080" /><ent r="64" t="18" w="860" /><ent r="3" t="26" w="95" /><ent r="4" t="26" w="107" /><ent r="4" t="53" w="292" /><ent r="4" t="114" w="1020" /><ent r="64" t="231" w="174" /><ent r="3" t="231" w="185" /><ent r="5" t="300" w="219" /><ent r="3" t="304" w="80" /></phr><phr n="translate"><ent r="3" t="14" w="1023" /><ent r="3" t="283" w="122" /><ent r="5" t="296" w="14" /><ent r="5" t="297" w="62" /><ent r="5" t="298" w="41" /><ent r="3" t="298" w="51" /><ent r="3" t="298" w="94" /><ent r="3" t="298" w="108" /><ent r="5" t="299" w="18" /><ent r="6" t="299" w="516" /><ent r="5" t="300" w="14" /></phr><phr n="translators"><ent r="64" t="103" w="224" /><ent r="64" t="104" w="196" /><ent r="4" t="113" w="93" /><ent r="3" t="114" w="51" /><ent r="64" t="114" w="282" /><ent r="3" t="115" w="14" /><ent r="3" t="115" w="85" /></phr><phr n="Translators"><ent r="65" t="113" w="117" /><ent r="1000" t="114" w="1" /><ent r="100" t="114" w="3" /><ent r="102" t="114" w="8" /><ent r="1000" t="115" w="3" /><ent r="102" t="115" w="7" /><ent r="64" t="220" w="35" /></phr><phr n="Translator"><ent r="100" t="114" w="6" /><ent r="92" t="114" w="162" /><ent r="92" t="114" w="676" /><ent r="92" t="114" w="819" /><ent r="1000" t="220" w="3" /><ent r="102" t="220" w="7" /></phr><phr n="translator"><ent r="3" t="114" w="170" /><ent r="3" t="114" w="187" /><ent r="3" t="114" w="209" /><ent r="4" t="114" w="411" /><ent r="4" t="114" w="666" /><ent r="3" t="114" w="684" /><ent r="4" t="114" w="752" /><ent r="4" t="114" w="805" /><ent r="3" t="114" w="841" /><ent r="3" t="114" w="954" /><ent r="4" t="114" w="985" /><ent r="4" t="114" w="1004" /><ent r="65" t="140" w="295" /><ent r="4" t="140" w="308" /><ent r="6" t="209" w="299" /><ent r="3" t="220" w="14" /><ent r="3" t="220" w="19" /><ent r="4" t="220" w="58" /><ent r="4" t="220" w="95" /><ent r="3" t="276" w="198" /></phr><phr n="Translate"><ent r="4" t="114" w="733" /><ent r="4" t="114" w="780" /><ent r="68" t="209" w="295" /><ent r="4" t="220" w="48" /><ent r="4" t="220" w="85" /><ent r="3" t="276" w="182" /><ent r="3" t="276" w="192" /></phr></stem><stem n="level"><phr n="level"><ent r="3" t="12" w="400" /><ent r="3" t="26" w="21" /><ent r="3" t="31" w="896" /><ent r="3" t="35" w="45" /><ent r="3" t="35" w="49" /><ent r="3" t="35" w="90" /><ent r="3" t="36" w="17" /><ent r="3" t="43" w="42" /><ent r="64" t="73" w="166" /><ent r="3" t="76" w="543" /><ent r="3" t="76" w="570" /><ent r="3" t="79" w="63" /><ent r="3" t="81" w="12" /><ent r="3" t="116" w="12" /><ent r="3" t="116" w="74" /><ent r="3" t="116" w="228" /><ent r="6" t="143" w="268" /><ent r="4" t="158" w="67" /><ent r="4" t="158" w="94" /><ent r="3" t="209" w="139" /><ent r="3" t="235" w="283" /><ent r="3" t="243" w="380" /><ent r="3" t="275" w="566" /><ent r="3" t="275" w="574" /><ent r="6" t="299" w="390" /><ent r="6" t="299" w="395" /><ent r="3" t="305" w="95" /><ent r="4" t="305" w="223" /><ent r="4" t="305" w="251" /><ent r="4" t="306" w="219" /><ent r="4" t="306" w="247" /></phr><phr n="levels"><ent r="64" t="35" w="34" /><ent r="3" t="43" w="66" /><ent r="3" t="158" w="19" /></phr><phr n="Level"><ent r="92" t="76" w="514" /><ent r="1000" t="158" w="2" /><ent r="102" t="158" w="5" /><ent r="4" t="158" w="23" /><ent r="5" t="258" w="84" /></phr></stem><stem n="what"><phr n="what"><ent r="3" t="12" w="406" /><ent r="3" t="12" w="412" /><ent r="4" t="25" w="78" /><ent r="3" t="39" w="49" /><ent r="4" t="39" w="272" /><ent r="3" t="44" w="66" /><ent r="4" t="45" w="180" /><ent r="4" t="45" w="308" /><ent r="3" t="51" w="41" /><ent r="4" t="103" w="182" /><ent r="3" t="107" w="108" /><ent r="3" t="108" w="22" /><ent r="4" t="113" w="55" /><ent r="3" t="243" w="98" /><ent r="3" t="274" w="440" /><ent r="3" t="274" w="444" /><ent r="3" t="282" w="287" /><ent r="3" t="283" w="240" /><ent r="3" t="284" w="57" /><ent r="3" t="285" w="31" /><ent r="3" t="285" w="36" /><ent r="5" t="294" w="228" /><ent r="3" t="306" w="326" /></phr><phr n="What"><ent r="4" t="39" w="296" /><ent r="3" t="41" w="56" /><ent r="3" t="49" w="1315" /><ent r="3" t="56" w="168" /><ent r="3" t="164" w="7" /><ent r="3" t="243" w="223" /><ent r="3" t="261" w="17" /><ent r="1000" t="285" w="1" /><ent r="102" t="285" w="8" /><ent r="92" t="294" w="113" /></phr></stem><stem n="optim"><phr n="optimization"><ent r="3" t="12" w="409" /><ent r="3" t="14" w="1626" /><ent r="3" t="15" w="84" /><ent r="3" t="16" w="119" /><ent r="3" t="17" w="401" /><ent r="3" t="20" w="61" /><ent r="4" t="20" w="461" /><ent r="4" t="20" w="464" /><ent r="3" t="20" w="540" /><ent r="3" t="21" w="121" /><ent r="3" t="21" w="372" /><ent r="3" t="21" w="419" /><ent r="3" t="22" w="60" /><ent r="3" t="22" w="69" /><ent r="3" t="90" w="241" /><ent r="3" t="90" w="256" /><ent r="3" t="90" w="286" /><ent r="3" t="90" w="308" /><ent r="3" t="91" w="22" /><ent r="6" t="92" w="198" /><ent r="6" t="143" w="315" /><ent r="4" t="270" w="497" /><ent r="4" t="270" w="511" /><ent r="3" t="283" w="132" /><ent r="3" t="283" w="155" /><ent r="3" t="283" w="197" /><ent r="65" t="308" w="304" /><ent r="6" t="309" w="334" /><ent r="6" t="309" w="366" /></phr><phr n="Optimization"><ent r="64" t="12" w="419" /><ent r="64" t="14" w="1645" /><ent r="1000" t="15" w="2" /><ent r="102" t="15" w="5" /><ent r="64" t="17" w="412" /><ent r="1000" t="20" w="3" /><ent r="100" t="20" w="7" /><ent r="102" t="20" w="11" /><ent r="92" t="20" w="117" /><ent r="93" t="20" w="413" /><ent r="64" t="20" w="544" /><ent r="1000" t="21" w="2" /><ent r="102" t="21" w="9" /><ent r="1000" t="22" w="3" /><ent r="102" t="22" w="10" /><ent r="65" t="90" w="138" /><ent r="64" t="161" w="24" /><ent r="64" t="283" w="160" /><ent r="64" t="283" w="171" /></phr><phr n="optimizer"><ent r="3" t="14" w="1021" /><ent r="3" t="14" w="1201" /><ent r="4" t="20" w="417" /><ent r="4" t="140" w="442" /><ent r="3" t="161" w="49" /><ent r="64" t="161" w="57" /><ent r="4" t="161" w="78" /><ent r="4" t="161" w="108" /><ent r="3" t="283" w="180" /><ent r="3" t="283" w="231" /><ent r="3" t="283" w="234" /><ent r="4" t="305" w="172" /><ent r="4" t="306" w="168" /></phr><phr n="optimized"><ent r="3" t="14" w="1417" /><ent r="3" t="15" w="117" /><ent r="3" t="15" w="231" /><ent r="3" t="15" w="366" /><ent r="3" t="15" w="453" /><ent r="3" t="15" w="469" /><ent r="3" t="15" w="609" /><ent r="3" t="15" w="628" /><ent r="3" t="15" w="792" /><ent r="3" t="15" w="826" /><ent r="3" t="16" w="37" /><ent r="3" t="16" w="58" /><ent r="64" t="18" w="858" /><ent r="3" t="18" w="877" /><ent r="3" t="18" w="899" /><ent r="3" t="20" w="87" /><ent r="3" t="21" w="111" /><ent r="3" t="21" w="130" /><ent r="5" t="21" w="214" /><ent r="5" t="21" w="296" /><ent r="3" t="21" w="390" /><ent r="3" t="90" w="262" /><ent r="3" t="92" w="45" /><ent r="6" t="92" w="183" /><ent r="4" t="140" w="285" /><ent r="4" t="140" w="416" /><ent r="4" t="140" w="425" /><ent r="3" t="150" w="47" /><ent r="3" t="230" w="10" /><ent r="3" t="230" w="40" /><ent r="4" t="231" w="142" /><ent r="4" t="231" w="157" /><ent r="3" t="231" w="204" /><ent r="3" t="231" w="235" /><ent r="3" t="269" w="128" /><ent r="3" t="282" w="54" /><ent r="3" t="283" w="35" /><ent r="4" t="308" w="369" /></phr><phr n="optimize"><ent r="64" t="17" w="161" /><ent r="3" t="21" w="50" /><ent r="3" t="65" w="90" /><ent r="3" t="161" w="15" /><ent r="3" t="283" w="183" /></phr><phr n="Optimize"><ent r="6" t="92" w="410" /><ent r="1000" t="161" w="2" /><ent r="102" t="161" w="7" /></phr><phr n="optimizing"><ent r="3" t="141" w="42" /></phr><phr n="optimal"><ent r="3" t="183" w="32" /><ent r="3" t="241" w="128" /></phr><phr n="optimizations"><ent r="3" t="242" w="64" /></phr><phr n="Optimized"><ent r="82" t="283" w="111" /></phr></stem><stem n="&quot;linq"><phr n="&quot;LINQ"><ent r="64" t="12" w="418" /><ent r="64" t="12" w="434" /><ent r="64" t="14" w="1644" /><ent r="64" t="15" w="103" /><ent r="64" t="283" w="159" /><ent r="64" t="283" w="274" /></phr></stem><stem n="simplest"><phr n="Simplest"><ent r="92" t="13" w="49" /><ent r="4" t="78" w="31" /><ent r="4" t="78" w="52" /></phr><phr n="simplest"><ent r="3" t="78" w="12" /></phr></stem><stem n="return"><phr n="returns"><ent r="3" t="13" w="56" /><ent r="3" t="24" w="736" /><ent r="3" t="24" w="756" /><ent r="5" t="28" w="556" /><ent r="5" t="28" w="612" /><ent r="3" t="32" w="115" /><ent r="3" t="34" w="47" /><ent r="3" t="40" w="123" /><ent r="3" t="41" w="103" /><ent r="3" t="70" w="90" /><ent r="3" t="71" w="135" /><ent r="3" t="72" w="139" /><ent r="3" t="99" w="438" /><ent r="3" t="142" w="495" /><ent r="3" t="174" w="69" /><ent r="3" t="174" w="253" /><ent r="3" t="241" w="26" /></phr><phr n="return"><ent r="3" t="14" w="270" /><ent r="3" t="17" w="144" /><ent r="5" t="17" w="256" /><ent r="5" t="18" w="132" /><ent r="5" t="18" w="249" /><ent r="5" t="18" w="382" /><ent r="5" t="18" w="519" /><ent r="5" t="18" w="707" /><ent r="5" t="18" w="936" /><ent r="5" t="19" w="77" /><ent r="5" t="19" w="91" /><ent r="5" t="20" w="167" /><ent r="3" t="24" w="83" /><ent r="3" t="24" w="171" /><ent r="3" t="24" w="277" /><ent r="3" t="24" w="382" /><ent r="3" t="28" w="512" /><ent r="3" t="28" w="922" /><ent r="3" t="28" w="1074" /><ent r="5" t="30" w="438" /><ent r="3" t="31" w="202" /><ent r="3" t="32" w="196" /><ent r="5" t="34" w="341" /><ent r="5" t="34" w="404" /><ent r="3" t="38" w="78" /><ent r="4" t="39" w="281" /><ent r="4" t="39" w="316" /><ent r="5" t="42" w="115" /><ent r="5" t="42" w="128" /><ent r="3" t="42" w="799" /><ent r="5" t="49" w="495" /><ent r="5" t="49" w="790" /><ent r="5" t="49" w="826" /><ent r="4" t="52" w="57" /><ent r="5" t="52" w="156" /><ent r="6" t="53" w="154" /><ent r="6" t="53" w="332" /><ent r="6" t="53" w="544" /><ent r="3" t="70" w="306" /><ent r="3" t="71" w="123" /><ent r="5" t="74" w="677" /><ent r="5" t="75" w="458" /><ent r="5" t="75" w="572" /><ent r="5" t="96" w="761" /><ent r="5" t="96" w="916" /><ent r="5" t="99" w="140" /><ent r="5" t="99" w="307" /><ent r="5" t="99" w="474" /><ent r="5" t="99" w="657" /><ent r="5" t="99" w="676" /><ent r="5" t="99" w="690" /><ent r="5" t="112" w="429" /><ent r="5" t="112" w="442" /><ent r="5" t="112" w="455" /><ent r="5" t="112" w="475" /><ent r="5" t="112" w="488" /><ent r="5" t="112" w="493" /><ent r="5" t="112" w="525" /><ent r="5" t="112" w="538" /><ent r="5" t="112" w="552" /><ent r="5" t="112" w="557" /><ent r="5" t="112" w="589" /><ent r="5" t="112" w="601" /><ent r="5" t="114" w="316" /><ent r="5" t="114" w="370" /><ent r="5" t="114" w="399" /><ent r="5" t="117" w="339" /><ent r="5" t="130" w="136" /><ent r="5" t="130" w="156" /><ent r="5" t="130" w="179" /><ent r="5" t="130" w="205" /><ent r="5" t="130" w="219" /><ent r="5" t="130" w="246" /><ent r="3" t="142" w="93" /><ent r="4" t="166" w="182" /><ent r="3" t="174" w="154" /><ent r="3" t="190" w="379" /><ent r="5" t="190" w="454" /><ent r="4" t="193" w="119" /><ent r="4" t="193" w="125" /><ent r="4" t="193" w="211" /><ent r="3" t="226" w="274" /><ent r="3" t="233" w="585" /><ent r="3" t="233" w="617" /><ent r="5" t="236" w="152" /><ent r="6" t="237" w="375" /><ent r="5" t="240" w="402" /><ent r="5" t="240" w="1258" /><ent r="3" t="241" w="97" /><ent r="5" t="241" w="148" /><ent r="5" t="241" w="239" /><ent r="5" t="241" w="275" /><ent r="5" t="241" w="280" /><ent r="3" t="248" w="145" /><ent r="5" t="250" w="82" /><ent r="5" t="251" w="73" /><ent r="5" t="257" w="313" /><ent r="5" t="257" w="539" /><ent r="5" t="259" w="242" /><ent r="5" t="259" w="259" /><ent r="5" t="260" w="190" /><ent r="5" t="260" w="394" /><ent r="5" t="263" w="129" /><ent r="5" t="264" w="209" /><ent r="5" t="265" w="216" /><ent r="5" t="265" w="234" /><ent r="5" t="265" w="315" /><ent r="5" t="265" w="333" /><ent r="5" t="265" w="350" /><ent r="5" t="265" w="498" /><ent r="5" t="265" w="511" /><ent r="5" t="265" w="525" /><ent r="5" t="265" w="583" /><ent r="3" t="290" w="139" /><ent r="6" t="300" w="555" /><ent r="6" t="300" w="583" /></phr><phr n="Return"><ent r="5" t="18" w="204" /><ent r="5" t="18" w="318" /><ent r="5" t="18" w="459" /><ent r="5" t="18" w="602" /><ent r="5" t="18" w="747" /><ent r="5" t="18" w="1028" /><ent r="5" t="19" w="167" /><ent r="5" t="19" w="206" /><ent r="5" t="20" w="239" /><ent r="92" t="28" w="496" /><ent r="4" t="28" w="574" /><ent r="4" t="28" w="635" /><ent r="5" t="30" w="537" /><ent r="5" t="42" w="256" /><ent r="5" t="42" w="283" /><ent r="5" t="49" w="863" /><ent r="5" t="49" w="928" /><ent r="5" t="52" w="248" /><ent r="6" t="53" w="234" /><ent r="6" t="53" w="408" /><ent r="6" t="53" w="628" /><ent r="5" t="74" w="425" /><ent r="5" t="74" w="733" /><ent r="5" t="75" w="515" /><ent r="5" t="75" w="629" /><ent r="5" t="99" w="181" /><ent r="5" t="99" w="404" /><ent r="5" t="99" w="549" /><ent r="5" t="99" w="757" /><ent r="5" t="99" w="798" /><ent r="5" t="99" w="813" /><ent r="5" t="112" w="826" /><ent r="5" t="112" w="853" /><ent r="5" t="112" w="880" /><ent r="5" t="112" w="924" /><ent r="5" t="112" w="938" /><ent r="5" t="112" w="942" /><ent r="5" t="112" w="1004" /><ent r="5" t="112" w="1018" /><ent r="5" t="112" w="1039" /><ent r="5" t="112" w="1043" /><ent r="5" t="112" w="1096" /><ent r="5" t="112" w="1116" /><ent r="5" t="114" w="483" /><ent r="5" t="114" w="590" /><ent r="5" t="114" w="646" /><ent r="5" t="117" w="415" /><ent r="5" t="130" w="371" /><ent r="5" t="130" w="411" /><ent r="5" t="130" w="453" /><ent r="5" t="130" w="498" /><ent r="5" t="130" w="532" /><ent r="5" t="130" w="593" /><ent r="5" t="190" w="587" /><ent r="4" t="193" w="366" /><ent r="4" t="193" w="374" /><ent r="4" t="193" w="479" /><ent r="5" t="236" w="221" /><ent r="6" t="237" w="456" /><ent r="5" t="240" w="467" /><ent r="5" t="240" w="1384" /><ent r="5" t="241" w="331" /><ent r="5" t="241" w="478" /><ent r="5" t="241" w="550" /><ent r="5" t="241" w="560" /><ent r="5" t="250" w="124" /><ent r="5" t="251" w="114" /><ent r="5" t="259" w="347" /><ent r="5" t="259" w="380" /><ent r="5" t="263" w="177" /><ent r="5" t="264" w="258" /></phr><phr n="returned"><ent r="3" t="24" w="544" /><ent r="3" t="92" w="534" /><ent r="3" t="165" w="61" /><ent r="4" t="165" w="245" /><ent r="3" t="184" w="59" /></phr><phr n="Returns"><ent r="3" t="72" w="92" /><ent r="3" t="72" w="231" /><ent r="3" t="72" w="322" /></phr><phr n="Returned"><ent r="6" t="92" w="540" /></phr><phr n="Returning"><ent r="3" t="95" w="83" /><ent r="4" t="233" w="653" /><ent r="4" t="233" w="698" /></phr></stem></index>