﻿<?xml version="1.0" encoding="utf-8"?><index><stem n=")"><phr n=")"><ent r="2" t="4" w="40" /><ent r="3" t="4" w="392" /><ent r="3" t="4" w="478" /><ent r="3" t="4" w="504" /><ent r="3" t="5" w="49" /><ent r="3" t="5" w="400" /><ent r="3" t="5" w="408" /><ent r="3" t="5" w="454" /><ent r="3" t="7" w="195" /><ent r="3" t="7" w="259" /><ent r="3" t="7" w="503" /><ent r="4" t="8" w="128" /><ent r="4" t="8" w="182" /><ent r="4" t="8" w="200" /><ent r="4" t="8" w="232" /><ent r="3" t="8" w="396" /><ent r="3" t="9" w="215" /><ent r="4" t="10" w="132" /><ent r="4" t="10" w="258" /><ent r="4" t="10" w="271" /><ent r="4" t="10" w="368" /><ent r="4" t="10" w="399" /><ent r="4" t="10" w="567" /><ent r="4" t="10" w="697" /><ent r="4" t="12" w="334" /><ent r="4" t="13" w="150" /><ent r="4" t="13" w="193" /><ent r="4" t="13" w="478" /><ent r="4" t="14" w="1317" /><ent r="4" t="14" w="1364" /><ent r="4" t="15" w="255" /><ent r="4" t="15" w="305" /><ent r="4" t="15" w="525" /><ent r="4" t="15" w="581" /><ent r="4" t="15" w="689" /><ent r="4" t="15" w="764" /><ent r="4" t="17" w="255" /><ent r="4" t="17" w="288" /><ent r="4" t="17" w="296" /><ent r="4" t="18" w="131" /><ent r="4" t="18" w="164" /><ent r="4" t="18" w="172" /><ent r="4" t="18" w="203" /><ent r="4" t="18" w="248" /><ent r="4" t="18" w="279" /><ent r="4" t="18" w="287" /><ent r="4" t="18" w="317" /><ent r="4" t="18" w="381" /><ent r="4" t="18" w="418" /><ent r="4" t="18" w="426" /><ent r="4" t="18" w="458" /><ent r="4" t="18" w="518" /><ent r="4" t="18" w="529" /><ent r="4" t="18" w="561" /><ent r="4" t="18" w="569" /><ent r="4" t="18" w="601" /><ent r="4" t="18" w="615" /><ent r="4" t="18" w="706" /><ent r="4" t="18" w="742" /><ent r="4" t="18" w="807" /><ent r="4" t="18" w="815" /><ent r="4" t="18" w="935" /><ent r="4" t="18" w="970" /><ent r="4" t="18" w="978" /><ent r="4" t="18" w="1005" /><ent r="4" t="18" w="1017" /><ent r="4" t="19" w="76" /><ent r="4" t="19" w="90" /><ent r="4" t="19" w="121" /><ent r="4" t="19" w="133" /><ent r="4" t="19" w="162" /><ent r="4" t="19" w="201" /><ent r="4" t="20" w="166" /><ent r="4" t="20" w="199" /><ent r="4" t="20" w="207" /><ent r="4" t="20" w="238" /><ent r="4" t="20" w="385" /><ent r="4" t="21" w="201" /><ent r="4" t="21" w="273" /><ent r="4" t="24" w="577" /><ent r="4" t="24" w="813" /><ent r="4" t="27" w="281" /><ent r="92" t="27" w="508" /><ent r="4" t="27" w="1353" /><ent r="4" t="28" w="163" /><ent r="4" t="28" w="317" /><ent r="4" t="28" w="471" /><ent r="4" t="28" w="611" /><ent r="4" t="28" w="835" /><ent r="4" t="29" w="205" /><ent r="4" t="29" w="255" /><ent r="4" t="29" w="274" /><ent r="4" t="29" w="284" /><ent r="4" t="29" w="588" /><ent r="4" t="29" w="605" /><ent r="4" t="29" w="664" /><ent r="4" t="29" w="691" /><ent r="4" t="29" w="713" /><ent r="4" t="30" w="424" /><ent r="4" t="30" w="495" /><ent r="4" t="30" w="518" /><ent r="4" t="30" w="531" /><ent r="4" t="31" w="139" /><ent r="4" t="31" w="229" /><ent r="4" t="31" w="383" /><ent r="4" t="31" w="491" /><ent r="4" t="31" w="576" /><ent r="4" t="31" w="639" /><ent r="4" t="31" w="732" /><ent r="4" t="31" w="799" /><ent r="4" t="31" w="833" /><ent r="4" t="31" w="1020" /><ent r="4" t="31" w="1151" /><ent r="4" t="31" w="1216" /><ent r="4" t="31" w="1316" /><ent r="4" t="31" w="1379" /><ent r="4" t="31" w="1629" /><ent r="4" t="31" w="1639" /><ent r="4" t="31" w="1646" /><ent r="4" t="31" w="1693" /><ent r="4" t="31" w="1723" /><ent r="4" t="31" w="1733" /><ent r="4" t="31" w="1741" /><ent r="3" t="34" w="109" /><ent r="4" t="35" w="140" /><ent r="3" t="41" w="114" /><ent r="4" t="42" w="81" /><ent r="4" t="42" w="96" /><ent r="4" t="42" w="187" /><ent r="4" t="42" w="225" /><ent r="4" t="42" w="622" /><ent r="4" t="42" w="865" /><ent r="3" t="43" w="84" /><ent r="4" t="49" w="129" /><ent r="4" t="49" w="243" /><ent r="4" t="49" w="486" /><ent r="4" t="49" w="494" /><ent r="4" t="49" w="540" /><ent r="4" t="49" w="547" /><ent r="4" t="49" w="578" /><ent r="4" t="49" w="637" /><ent r="4" t="49" w="663" /><ent r="4" t="49" w="883" /><ent r="4" t="49" w="1188" /><ent r="3" t="50" w="64" /><ent r="4" t="50" w="679" /><ent r="4" t="50" w="797" /><ent r="4" t="50" w="959" /><ent r="4" t="50" w="1049" /><ent r="4" t="52" w="138" /><ent r="4" t="52" w="196" /><ent r="4" t="52" w="216" /><ent r="4" t="52" w="241" /><ent r="5" t="53" w="153" /><ent r="5" t="53" w="169" /><ent r="5" t="53" w="206" /><ent r="5" t="53" w="229" /><ent r="5" t="53" w="258" /><ent r="5" t="53" w="331" /><ent r="5" t="53" w="347" /><ent r="5" t="53" w="380" /><ent r="5" t="53" w="403" /><ent r="5" t="53" w="432" /><ent r="5" t="53" w="543" /><ent r="5" t="53" w="559" /><ent r="5" t="53" w="623" /><ent r="5" t="53" w="652" /><ent r="4" t="56" w="132" /><ent r="4" t="56" w="146" /><ent r="4" t="57" w="132" /><ent r="4" t="57" w="144" /><ent r="4" t="57" w="233" /><ent r="4" t="58" w="165" /><ent r="4" t="58" w="174" /><ent r="4" t="58" w="312" /><ent r="4" t="58" w="321" /><ent r="4" t="59" w="229" /><ent r="4" t="60" w="211" /><ent r="4" t="60" w="219" /><ent r="4" t="60" w="272" /><ent r="4" t="63" w="184" /><ent r="4" t="63" w="200" /><ent r="4" t="64" w="186" /><ent r="4" t="64" w="193" /><ent r="4" t="64" w="236" /><ent r="4" t="64" w="257" /><ent r="4" t="67" w="187" /><ent r="4" t="67" w="275" /><ent r="4" t="68" w="57" /><ent r="4" t="68" w="140" /><ent r="4" t="70" w="123" /><ent r="4" t="70" w="516" /><ent r="4" t="70" w="700" /><ent r="4" t="70" w="707" /><ent r="4" t="70" w="762" /><ent r="4" t="70" w="772" /><ent r="4" t="70" w="810" /><ent r="4" t="70" w="817" /><ent r="4" t="72" w="79" /><ent r="4" t="72" w="217" /><ent r="4" t="74" w="208" /><ent r="4" t="74" w="225" /><ent r="4" t="74" w="282" /><ent r="4" t="74" w="308" /><ent r="4" t="74" w="321" /><ent r="4" t="74" w="356" /><ent r="4" t="74" w="391" /><ent r="4" t="74" w="455" /><ent r="4" t="74" w="479" /><ent r="4" t="74" w="510" /><ent r="4" t="74" w="539" /><ent r="4" t="74" w="669" /><ent r="4" t="74" w="800" /><ent r="4" t="74" w="830" /><ent r="4" t="74" w="859" /><ent r="4" t="74" w="910" /><ent r="4" t="74" w="936" /><ent r="4" t="74" w="973" /><ent r="4" t="74" w="1007" /><ent r="4" t="74" w="1071" /><ent r="4" t="75" w="64" /><ent r="4" t="75" w="89" /><ent r="4" t="75" w="126" /><ent r="4" t="75" w="155" /><ent r="4" t="75" w="223" /><ent r="4" t="75" w="250" /><ent r="4" t="75" w="263" /><ent r="4" t="75" w="305" /><ent r="4" t="75" w="336" /><ent r="4" t="75" w="452" /><ent r="4" t="75" w="566" /><ent r="4" t="75" w="692" /><ent r="4" t="75" w="722" /><ent r="4" t="75" w="753" /><ent r="4" t="75" w="804" /><ent r="4" t="75" w="832" /><ent r="4" t="75" w="869" /><ent r="4" t="75" w="905" /><ent r="4" t="75" w="969" /><ent r="4" t="76" w="136" /><ent r="4" t="76" w="153" /><ent r="4" t="76" w="195" /><ent r="4" t="76" w="225" /><ent r="4" t="76" w="238" /><ent r="4" t="76" w="274" /><ent r="4" t="76" w="312" /><ent r="4" t="76" w="382" /><ent r="4" t="76" w="410" /><ent r="4" t="76" w="442" /><ent r="4" t="76" w="620" /><ent r="4" t="78" w="49" /><ent r="4" t="78" w="167" /><ent r="4" t="78" w="237" /><ent r="4" t="80" w="72" /><ent r="4" t="80" w="183" /><ent r="4" t="81" w="121" /><ent r="4" t="82" w="109" /><ent r="4" t="83" w="127" /><ent r="4" t="84" w="94" /><ent r="4" t="84" w="99" /><ent r="4" t="85" w="84" /><ent r="4" t="86" w="79" /><ent r="4" t="86" w="86" /><ent r="4" t="87" w="128" /><ent r="4" t="88" w="152" /><ent r="4" t="89" w="76" /><ent r="4" t="89" w="115" /><ent r="4" t="89" w="188" /><ent r="3" t="90" w="20" /><ent r="4" t="96" w="230" /><ent r="4" t="96" w="273" /><ent r="4" t="96" w="347" /><ent r="4" t="96" w="356" /><ent r="4" t="96" w="442" /><ent r="4" t="96" w="469" /><ent r="4" t="96" w="481" /><ent r="4" t="96" w="578" /><ent r="4" t="96" w="702" /><ent r="4" t="96" w="840" /><ent r="4" t="99" w="201" /><ent r="4" t="99" w="284" /><ent r="4" t="99" w="343" /><ent r="4" t="99" w="366" /><ent r="4" t="99" w="387" /><ent r="4" t="99" w="466" /><ent r="4" t="99" w="496" /><ent r="4" t="99" w="531" /><ent r="4" t="99" w="588" /><ent r="4" t="99" w="654" /><ent r="4" t="99" w="784" /><ent r="4" t="99" w="836" /><ent r="4" t="99" w="928" /><ent r="4" t="99" w="937" /><ent r="4" t="99" w="960" /><ent r="4" t="99" w="1095" /><ent r="4" t="100" w="95" /><ent r="4" t="100" w="109" /><ent r="4" t="100" w="141" /><ent r="4" t="100" w="179" /><ent r="4" t="100" w="222" /><ent r="4" t="101" w="126" /><ent r="4" t="101" w="227" /><ent r="4" t="101" w="259" /><ent r="3" t="105" w="187" /><ent r="4" t="109" w="170" /><ent r="4" t="109" w="410" /><ent r="4" t="109" w="438" /><ent r="4" t="112" w="404" /><ent r="4" t="112" w="466" /><ent r="4" t="112" w="516" /><ent r="4" t="112" w="654" /><ent r="4" t="112" w="671" /><ent r="4" t="112" w="688" /><ent r="4" t="112" w="705" /><ent r="4" t="112" w="722" /><ent r="4" t="112" w="789" /><ent r="4" t="112" w="909" /><ent r="4" t="112" w="921" /><ent r="4" t="112" w="935" /><ent r="4" t="112" w="989" /><ent r="4" t="112" w="1001" /><ent r="4" t="112" w="1015" /><ent r="4" t="112" w="1082" /><ent r="4" t="112" w="1090" /><ent r="4" t="112" w="1309" /><ent r="4" t="112" w="1328" /><ent r="4" t="114" w="311" /><ent r="4" t="114" w="345" /><ent r="4" t="114" w="398" /><ent r="4" t="114" w="459" /><ent r="4" t="114" w="482" /><ent r="4" t="114" w="532" /><ent r="4" t="114" w="550" /><ent r="4" t="114" w="559" /><ent r="4" t="114" w="597" /><ent r="4" t="114" w="635" /><ent r="4" t="114" w="653" /><ent r="4" t="114" w="800" /><ent r="4" t="117" w="118" /><ent r="4" t="117" w="178" /><ent r="4" t="117" w="196" /><ent r="4" t="117" w="319" /><ent r="4" t="117" w="374" /><ent r="4" t="117" w="411" /><ent r="4" t="117" w="464" /><ent r="4" t="117" w="476" /><ent r="4" t="117" w="514" /><ent r="4" t="117" w="541" /><ent r="4" t="117" w="558" /><ent r="4" t="117" w="614" /><ent r="4" t="117" w="642" /><ent r="4" t="120" w="83" /><ent r="4" t="120" w="116" /><ent r="4" t="120" w="125" /><ent r="4" t="120" w="184" /><ent r="4" t="120" w="215" /><ent r="4" t="120" w="223" /><ent r="4" t="121" w="277" /><ent r="4" t="121" w="350" /><ent r="4" t="121" w="398" /><ent r="4" t="121" w="417" /><ent r="4" t="122" w="255" /><ent r="4" t="122" w="305" /><ent r="4" t="124" w="182" /><ent r="4" t="124" w="238" /><ent r="4" t="124" w="268" /><ent r="4" t="125" w="190" /><ent r="4" t="125" w="246" /><ent r="4" t="125" w="276" /><ent r="6" t="128" w="82" /><ent r="6" t="128" w="129" /><ent r="6" t="128" w="201" /><ent r="6" t="128" w="256" /><ent r="6" t="128" w="343" /><ent r="4" t="130" w="114" /><ent r="4" t="130" w="127" /><ent r="4" t="130" w="147" /><ent r="4" t="130" w="170" /><ent r="4" t="130" w="193" /><ent r="4" t="130" w="218" /><ent r="4" t="130" w="232" /><ent r="4" t="130" w="245" /><ent r="4" t="130" w="320" /><ent r="4" t="130" w="343" /><ent r="4" t="130" w="393" /><ent r="4" t="130" w="410" /><ent r="4" t="130" w="435" /><ent r="4" t="130" w="452" /><ent r="4" t="130" w="477" /><ent r="4" t="130" w="497" /><ent r="4" t="130" w="521" /><ent r="4" t="130" w="555" /><ent r="4" t="130" w="582" /><ent r="4" t="133" w="376" /><ent r="4" t="141" w="159" /><ent r="4" t="141" w="181" /><ent r="4" t="141" w="229" /><ent r="4" t="141" w="298" /><ent r="4" t="142" w="185" /><ent r="4" t="142" w="290" /><ent r="4" t="142" w="403" /><ent r="4" t="148" w="148" /><ent r="4" t="152" w="208" /><ent r="3" t="159" w="26" /><ent r="4" t="171" w="82" /><ent r="3" t="178" w="108" /><ent r="4" t="180" w="192" /><ent r="4" t="187" w="109" /><ent r="4" t="187" w="242" /><ent r="4" t="187" w="261" /><ent r="4" t="188" w="359" /><ent r="3" t="188" w="390" /><ent r="4" t="189" w="64" /><ent r="4" t="190" w="151" /><ent r="4" t="190" w="170" /><ent r="4" t="190" w="435" /><ent r="4" t="190" w="441" /><ent r="4" t="190" w="507" /><ent r="4" t="190" w="556" /><ent r="4" t="190" w="565" /><ent r="4" t="191" w="310" /><ent r="4" t="193" w="96" /><ent r="4" t="193" w="111" /><ent r="4" t="193" w="149" /><ent r="4" t="193" w="193" /><ent r="4" t="193" w="232" /><ent r="4" t="193" w="325" /><ent r="4" t="193" w="353" /><ent r="4" t="193" w="402" /><ent r="4" t="193" w="459" /><ent r="4" t="193" w="485" /><ent r="4" t="193" w="509" /><ent r="4" t="193" w="532" /><ent r="4" t="194" w="108" /><ent r="4" t="201" w="58" /><ent r="4" t="210" w="106" /><ent r="4" t="211" w="71" /><ent r="4" t="212" w="92" /><ent r="4" t="213" w="118" /><ent r="4" t="214" w="90" /><ent r="4" t="215" w="73" /><ent r="4" t="219" w="78" /><ent r="4" t="221" w="79" /><ent r="4" t="223" w="258" /><ent r="4" t="223" w="414" /><ent r="4" t="223" w="537" /><ent r="4" t="223" w="639" /><ent r="4" t="223" w="731" /><ent r="4" t="225" w="113" /><ent r="4" t="226" w="209" /><ent r="4" t="226" w="217" /><ent r="4" t="226" w="344" /><ent r="4" t="227" w="206" /><ent r="4" t="229" w="163" /><ent r="4" t="232" w="253" /><ent r="5" t="233" w="219" /><ent r="4" t="233" w="285" /><ent r="4" t="235" w="208" /><ent r="4" t="235" w="231" /><ent r="4" t="235" w="242" /><ent r="4" t="235" w="259" /><ent r="4" t="236" w="138" /><ent r="4" t="236" w="199" /><ent r="4" t="236" w="350" /><ent r="4" t="236" w="383" /><ent r="4" t="236" w="461" /><ent r="4" t="236" w="477" /><ent r="4" t="236" w="613" /><ent r="4" t="236" w="672" /><ent r="4" t="236" w="688" /><ent r="4" t="236" w="815" /><ent r="5" t="237" w="236" /><ent r="5" t="237" w="357" /><ent r="5" t="237" w="434" /><ent r="4" t="240" w="177" /><ent r="4" t="240" w="188" /><ent r="4" t="240" w="223" /><ent r="4" t="240" w="240" /><ent r="4" t="240" w="258" /><ent r="4" t="240" w="575" /><ent r="4" t="240" w="838" /><ent r="4" t="240" w="849" /><ent r="4" t="240" w="878" /><ent r="4" t="240" w="895" /><ent r="4" t="240" w="913" /><ent r="4" t="240" w="1033" /><ent r="4" t="240" w="1055" /><ent r="4" t="240" w="1095" /><ent r="4" t="240" w="1112" /><ent r="4" t="240" w="1135" /><ent r="4" t="240" w="1154" /><ent r="4" t="240" w="1173" /><ent r="4" t="240" w="1213" /><ent r="4" t="240" w="1235" /><ent r="4" t="240" w="1286" /><ent r="4" t="240" w="1304" /><ent r="4" t="240" w="1323" /><ent r="4" t="240" w="1342" /><ent r="4" t="240" w="1359" /><ent r="4" t="240" w="1381" /><ent r="4" t="241" w="147" /><ent r="4" t="241" w="171" /><ent r="4" t="241" w="234" /><ent r="4" t="241" w="260" /><ent r="4" t="241" w="324" /><ent r="4" t="241" w="330" /><ent r="4" t="241" w="337" /><ent r="4" t="241" w="379" /><ent r="4" t="241" w="385" /><ent r="4" t="241" w="423" /><ent r="4" t="241" w="440" /><ent r="4" t="241" w="450" /><ent r="4" t="241" w="523" /><ent r="4" t="241" w="631" /><ent r="4" t="241" w="645" /><ent r="4" t="241" w="650" /><ent r="4" t="244" w="145" /><ent r="4" t="244" w="229" /><ent r="4" t="244" w="261" /><ent r="4" t="245" w="71" /><ent r="4" t="245" w="154" /><ent r="4" t="250" w="211" /><ent r="4" t="250" w="273" /><ent r="4" t="250" w="364" /><ent r="4" t="251" w="134" /><ent r="4" t="251" w="218" /><ent r="4" t="251" w="304" /><ent r="4" t="251" w="313" /><ent r="4" t="251" w="336" /><ent r="4" t="251" w="461" /><ent r="4" t="253" w="140" /><ent r="4" t="253" w="185" /><ent r="4" t="253" w="249" /><ent r="4" t="253" w="264" /><ent r="4" t="253" w="394" /><ent r="4" t="253" w="436" /><ent r="4" t="253" w="468" /><ent r="4" t="253" w="483" /><ent r="5" t="254" w="98" /><ent r="5" t="254" w="224" /><ent r="4" t="256" w="313" /><ent r="4" t="257" w="272" /><ent r="4" t="257" w="365" /><ent r="4" t="257" w="443" /><ent r="4" t="257" w="463" /><ent r="4" t="257" w="492" /><ent r="4" t="259" w="241" /><ent r="4" t="259" w="258" /><ent r="4" t="259" w="336" /><ent r="4" t="259" w="353" /><ent r="4" t="259" w="369" /><ent r="4" t="259" w="386" /><ent r="4" t="260" w="248" /><ent r="4" t="260" w="377" /><ent r="3" t="261" w="75" /><ent r="4" t="262" w="183" /><ent r="4" t="263" w="197" /><ent r="4" t="263" w="252" /><ent r="4" t="263" w="320" /><ent r="4" t="263" w="338" /><ent r="4" t="263" w="356" /><ent r="4" t="263" w="556" /><ent r="4" t="263" w="620" /><ent r="4" t="264" w="277" /><ent r="4" t="264" w="434" /><ent r="1000" t="265" w="9" /><ent r="102" t="265" w="27" /><ent r="4" t="265" w="196" /><ent r="4" t="265" w="300" /><ent r="4" t="265" w="705" /><ent r="4" t="265" w="832" /><ent r="4" t="266" w="171" /><ent r="4" t="266" w="389" /><ent r="4" t="266" w="402" /><ent r="4" t="266" w="446" /><ent r="4" t="266" w="637" /><ent r="3" t="267" w="53" /><ent r="4" t="269" w="68" /><ent r="4" t="272" w="233" /><ent r="4" t="272" w="284" /><ent r="4" t="272" w="420" /><ent r="4" t="272" w="450" /><ent r="4" t="281" w="336" /><ent r="4" t="281" w="377" /><ent r="4" t="281" w="464" /><ent r="4" t="281" w="469" /><ent r="4" t="281" w="488" /><ent r="4" t="281" w="518" /><ent r="3" t="284" w="266" /><ent r="4" t="286" w="127" /><ent r="4" t="287" w="27" /><ent r="3" t="289" w="60" /><ent r="5" t="294" w="237" /><ent r="3" t="301" w="16" /><ent r="4" t="302" w="147" /><ent r="4" t="302" w="254" /><ent r="4" t="302" w="265" /><ent r="3" t="306" w="91" /><ent r="3" t="306" w="473" /><ent r="3" t="309" w="227" /></phr></stem><stem n="gener"><phr n="general"><ent r="2" t="4" w="41" /><ent r="6" t="5" w="165" /><ent r="3" t="6" w="25" /><ent r="4" t="53" w="710" /><ent r="3" t="92" w="14" /><ent r="3" t="115" w="20" /><ent r="3" t="131" w="23" /><ent r="3" t="147" w="242" /><ent r="3" t="169" w="49" /><ent r="3" t="218" w="50" /><ent r="3" t="281" w="14" /><ent r="3" t="282" w="207" /><ent r="3" t="282" w="332" /><ent r="3" t="285" w="84" /><ent r="3" t="303" w="39" /></phr><phr n="generation"><ent r="3" t="4" w="526" /><ent r="3" t="11" w="92" /><ent r="3" t="26" w="76" /></phr><phr n="generate"><ent r="3" t="65" w="182" /><ent r="3" t="69" w="341" /><ent r="6" t="173" w="203" /><ent r="3" t="180" w="9" /><ent r="8" t="247" w="248" /><ent r="4" t="250" w="88" /><ent r="4" t="250" w="138" /><ent r="3" t="261" w="10" /><ent r="3" t="262" w="21" /><ent r="3" t="306" w="438" /><ent r="3" t="306" w="637" /></phr><phr n="generally"><ent r="4" t="113" w="28" /></phr><phr n="generates"><ent r="4" t="129" w="194" /><ent r="4" t="168" w="73" /></phr><phr n="generated"><ent r="4" t="129" w="221" /><ent r="4" t="168" w="100" /><ent r="3" t="259" w="31" /><ent r="3" t="266" w="232" /><ent r="3" t="304" w="73" /><ent r="3" t="306" w="508" /></phr><phr n="generic"><ent r="3" t="129" w="249" /><ent r="3" t="131" w="45" /><ent r="3" t="131" w="58" /><ent r="3" t="131" w="67" /><ent r="3" t="131" w="88" /><ent r="3" t="131" w="99" /><ent r="3" t="131" w="131" /><ent r="3" t="131" w="198" /><ent r="3" t="131" w="208" /><ent r="3" t="169" w="72" /><ent r="3" t="231" w="62" /><ent r="3" t="267" w="111" /><ent r="3" t="267" w="121" /><ent r="3" t="267" w="130" /></phr><phr n="Generic"><ent r="3" t="131" w="146" /><ent r="3" t="267" w="140" /><ent r="3" t="267" w="156" /><ent r="3" t="292" w="234" /></phr><phr n="Generate"><ent r="6" t="173" w="213" /><ent r="1000" t="180" w="1" /><ent r="102" t="180" w="4" /><ent r="1000" t="181" w="1" /><ent r="102" t="181" w="7" /><ent r="67" t="209" w="226" /><ent r="6" t="209" w="240" /><ent r="6" t="209" w="250" /><ent r="1000" t="215" w="1" /><ent r="102" t="215" w="4" /><ent r="3" t="215" w="7" /><ent r="4" t="215" w="41" /><ent r="4" t="215" w="76" /></phr><phr n="Generator"><ent r="92" t="247" w="279" /><ent r="3" t="247" w="295" /><ent r="64" t="247" w="323" /><ent r="8" t="247" w="364" /><ent r="1000" t="251" w="3" /><ent r="102" t="251" w="7" /><ent r="3" t="251" w="241" /></phr><phr n="generator"><ent r="3" t="251" w="18" /><ent r="64" t="251" w="251" /><ent r="3" t="251" w="279" /></phr><phr n="generators"><ent r="3" t="251" w="33" /></phr><phr n="Generics"><ent r="92" t="267" w="107" /></phr><phr n="General"><ent r="92" t="280" w="18" /><ent r="82" t="309" w="31" /></phr><phr n="generating"><ent r="3" t="306" w="521" /></phr></stem><stem n="run"><phr n="running"><ent r="2" t="4" w="48" /><ent r="3" t="22" w="56" /><ent r="3" t="34" w="20" /><ent r="3" t="34" w="28" /><ent r="3" t="38" w="438" /><ent r="4" t="50" w="278" /><ent r="3" t="66" w="25" /><ent r="3" t="68" w="24" /><ent r="3" t="92" w="69" /><ent r="3" t="141" w="57" /><ent r="3" t="174" w="79" /><ent r="3" t="207" w="96" /><ent r="3" t="226" w="253" /><ent r="4" t="238" w="131" /><ent r="3" t="265" w="781" /><ent r="4" t="286" w="175" /><ent r="4" t="287" w="65" /></phr><phr n="runs"><ent r="3" t="4" w="600" /><ent r="3" t="14" w="107" /><ent r="64" t="14" w="409" /><ent r="3" t="15" w="468" /><ent r="3" t="15" w="613" /><ent r="3" t="21" w="98" /><ent r="4" t="22" w="146" /><ent r="3" t="22" w="233" /><ent r="3" t="29" w="36" /><ent r="64" t="31" w="341" /><ent r="3" t="32" w="10" /><ent r="3" t="32" w="139" /><ent r="5" t="50" w="456" /><ent r="4" t="90" w="340" /><ent r="4" t="140" w="260" /><ent r="4" t="140" w="300" /><ent r="4" t="140" w="420" /><ent r="3" t="226" w="20" /><ent r="3" t="255" w="17" /><ent r="3" t="266" w="8" /><ent r="3" t="266" w="545" /><ent r="3" t="283" w="136" /><ent r="3" t="283" w="204" /><ent r="3" t="292" w="229" /><ent r="3" t="303" w="211" /></phr><phr n="run"><ent r="6" t="5" w="231" /><ent r="3" t="9" w="133" /><ent r="3" t="11" w="124" /><ent r="3" t="14" w="75" /><ent r="3" t="14" w="97" /><ent r="3" t="14" w="1073" /><ent r="3" t="14" w="1085" /><ent r="3" t="14" w="1187" /><ent r="3" t="14" w="1634" /><ent r="3" t="15" w="358" /><ent r="3" t="15" w="473" /><ent r="3" t="15" w="802" /><ent r="3" t="15" w="824" /><ent r="3" t="17" w="127" /><ent r="3" t="17" w="176" /><ent r="3" t="17" w="372" /><ent r="3" t="20" w="52" /><ent r="3" t="22" w="198" /><ent r="3" t="29" w="122" /><ent r="3" t="31" w="713" /><ent r="3" t="31" w="1132" /><ent r="3" t="31" w="1289" /><ent r="3" t="31" w="1547" /><ent r="3" t="38" w="99" /><ent r="3" t="41" w="60" /><ent r="3" t="42" w="553" /><ent r="3" t="49" w="1367" /><ent r="4" t="50" w="267" /><ent r="3" t="61" w="98" /><ent r="3" t="65" w="121" /><ent r="3" t="71" w="35" /><ent r="3" t="71" w="104" /><ent r="3" t="72" w="157" /><ent r="3" t="72" w="264" /><ent r="3" t="90" w="232" /><ent r="3" t="90" w="254" /><ent r="4" t="90" w="323" /><ent r="6" t="92" w="278" /><ent r="3" t="107" w="75" /><ent r="4" t="114" w="1008" /><ent r="4" t="119" w="85" /><ent r="4" t="133" w="263" /><ent r="3" t="134" w="195" /><ent r="3" t="134" w="216" /><ent r="3" t="134" w="230" /><ent r="3" t="134" w="269" /><ent r="3" t="134" w="284" /><ent r="3" t="156" w="135" /><ent r="3" t="170" w="50" /><ent r="3" t="174" w="50" /><ent r="3" t="185" w="89" /><ent r="3" t="185" w="108" /><ent r="3" t="190" w="253" /><ent r="3" t="191" w="178" /><ent r="3" t="207" w="108" /><ent r="3" t="223" w="140" /><ent r="3" t="226" w="57" /><ent r="5" t="226" w="178" /><ent r="5" t="226" w="221" /><ent r="4" t="230" w="82" /><ent r="3" t="231" w="190" /><ent r="3" t="245" w="14" /><ent r="3" t="255" w="113" /><ent r="4" t="255" w="160" /><ent r="4" t="260" w="70" /><ent r="3" t="266" w="52" /><ent r="3" t="266" w="71" /><ent r="3" t="268" w="138" /><ent r="3" t="270" w="297" /><ent r="6" t="270" w="408" /><ent r="3" t="273" w="37" /><ent r="3" t="281" w="81" /><ent r="3" t="281" w="109" /><ent r="3" t="283" w="265" /><ent r="3" t="283" w="377" /><ent r="3" t="285" w="285" /><ent r="3" t="290" w="134" /><ent r="3" t="290" w="171" /><ent r="3" t="297" w="79" /><ent r="3" t="297" w="510" /><ent r="3" t="297" w="743" /><ent r="3" t="298" w="32" /><ent r="4" t="301" w="35" /><ent r="3" t="301" w="135" /><ent r="3" t="303" w="93" /><ent r="3" t="303" w="108" /><ent r="3" t="303" w="120" /><ent r="3" t="303" w="232" /><ent r="3" t="306" w="397" /><ent r="3" t="306" w="615" /><ent r="3" t="306" w="633" /><ent r="4" t="308" w="375" /></phr><phr n="Run"><ent r="4" t="42" w="435" /><ent r="4" t="42" w="529" /><ent r="4" t="93" w="132" /><ent r="4" t="93" w="142" /><ent r="4" t="133" w="370" /><ent r="4" t="262" w="291" /><ent r="4" t="274" w="158" /><ent r="4" t="274" w="252" /><ent r="3" t="306" w="417" /><ent r="3" t="306" w="625" /></phr><phr n="Running"><ent r="3" t="92" w="52" /><ent r="4" t="131" w="155" /><ent r="4" t="236" w="55" /><ent r="92" t="306" w="606" /></phr><phr n="Runs"><ent r="4" t="164" w="110" /></phr></stem><stem n=".net,"><phr n=".NET,"><ent r="2" t="4" w="53" /><ent r="3" t="4" w="535" /><ent r="4" t="140" w="137" /></phr></stem><stem n="particular"><phr n="particular"><ent r="2" t="4" w="54" /><ent r="3" t="9" w="80" /><ent r="3" t="15" w="395" /><ent r="4" t="18" w="398" /><ent r="4" t="18" w="432" /><ent r="3" t="67" w="30" /><ent r="3" t="70" w="83" /><ent r="3" t="192" w="62" /><ent r="3" t="281" w="252" /></phr></stem><stem n="vision"><phr n="vision"><ent r="2" t="4" w="57" /></phr></stem><stem n="domin"><phr n="dominant"><ent r="2" t="4" w="65" /></phr><phr n="dominate"><ent r="4" t="59" w="296" /><ent r="4" t="59" w="325" /></phr></stem><stem n=".net."><phr n=".NET."><ent r="2" t="4" w="78" /><ent r="6" t="5" w="345" /><ent r="3" t="268" w="22" /><ent r="4" t="301" w="53" /><ent r="3" t="301" w="118" /></phr></stem><stem n="veri"><phr n="very"><ent r="2" t="4" w="80" /><ent r="3" t="4" w="445" /><ent r="3" t="14" w="178" /><ent r="3" t="15" w="614" /><ent r="3" t="17" w="351" /><ent r="3" t="23" w="19" /><ent r="3" t="29" w="550" /><ent r="3" t="31" w="120" /><ent r="3" t="35" w="56" /><ent r="3" t="36" w="46" /><ent r="3" t="39" w="41" /><ent r="3" t="39" w="129" /><ent r="3" t="41" w="84" /><ent r="3" t="42" w="47" /><ent r="3" t="42" w="721" /><ent r="3" t="48" w="158" /><ent r="3" t="74" w="581" /><ent r="5" t="81" w="74" /><ent r="5" t="81" w="128" /><ent r="3" t="107" w="16" /><ent r="3" t="112" w="217" /><ent r="4" t="113" w="15" /><ent r="4" t="113" w="60" /><ent r="3" t="117" w="20" /><ent r="3" t="134" w="51" /><ent r="3" t="139" w="137" /><ent r="3" t="153" w="91" /><ent r="3" t="166" w="61" /><ent r="3" t="166" w="68" /><ent r="4" t="166" w="183" /><ent r="3" t="178" w="93" /><ent r="3" t="191" w="144" /><ent r="4" t="227" w="286" /><ent r="4" t="233" w="225" /><ent r="3" t="234" w="60" /><ent r="4" t="238" w="210" /><ent r="4" t="238" w="383" /><ent r="64" t="240" w="129" /><ent r="3" t="240" w="143" /><ent r="64" t="240" w="805" /><ent r="3" t="240" w="817" /><ent r="64" t="240" w="992" /><ent r="3" t="251" w="246" /><ent r="3" t="284" w="245" /><ent r="3" t="294" w="136" /><ent r="3" t="301" w="71" /><ent r="3" t="301" w="181" /></phr><phr n="Very"><ent r="3" t="179" w="68" /><ent r="92" t="244" w="327" /></phr></stem></index>