﻿<?xml version="1.0" encoding="utf-8"?><index><stem n="certain"><phr n="certain"><ent r="4" t="0" w="251" /><ent r="3" t="13" w="220" /><ent r="3" t="21" w="361" /><ent r="3" t="24" w="620" /><ent r="3" t="24" w="851" /><ent r="3" t="26" w="188" /><ent r="3" t="27" w="103" /><ent r="3" t="27" w="1063" /><ent r="3" t="28" w="221" /><ent r="3" t="28" w="358" /><ent r="5" t="28" w="963" /><ent r="5" t="28" w="1011" /><ent r="3" t="29" w="419" /><ent r="3" t="30" w="16" /><ent r="3" t="32" w="91" /><ent r="3" t="41" w="117" /><ent r="64" t="42" w="674" /><ent r="3" t="42" w="684" /><ent r="3" t="44" w="172" /><ent r="3" t="45" w="84" /><ent r="64" t="45" w="624" /><ent r="3" t="45" w="636" /><ent r="64" t="57" w="41" /><ent r="64" t="57" w="46" /><ent r="4" t="59" w="196" /><ent r="4" t="59" w="234" /><ent r="3" t="62" w="176" /><ent r="3" t="63" w="23" /><ent r="64" t="69" w="379" /><ent r="5" t="70" w="131" /><ent r="5" t="70" w="198" /><ent r="3" t="77" w="142" /><ent r="3" t="94" w="22" /><ent r="3" t="94" w="45" /><ent r="3" t="94" w="54" /><ent r="3" t="94" w="82" /><ent r="3" t="95" w="20" /><ent r="3" t="99" w="446" /><ent r="3" t="107" w="23" /><ent r="3" t="112" w="1172" /><ent r="3" t="114" w="126" /><ent r="4" t="115" w="57" /><ent r="3" t="140" w="167" /><ent r="64" t="140" w="178" /><ent r="3" t="146" w="38" /><ent r="4" t="147" w="95" /><ent r="3" t="152" w="148" /><ent r="3" t="169" w="61" /><ent r="92" t="180" w="118" /><ent r="3" t="180" w="128" /><ent r="4" t="180" w="158" /><ent r="4" t="180" w="199" /><ent r="3" t="214" w="21" /><ent r="3" t="222" w="38" /><ent r="4" t="223" w="225" /><ent r="4" t="223" w="263" /><ent r="3" t="240" w="139" /><ent r="3" t="240" w="350" /><ent r="5" t="240" w="386" /><ent r="5" t="240" w="441" /><ent r="3" t="240" w="813" /><ent r="3" t="241" w="94" /><ent r="3" t="241" w="99" /><ent r="64" t="244" w="422" /><ent r="64" t="244" w="427" /><ent r="3" t="270" w="17" /><ent r="65" t="274" w="340" /><ent r="3" t="281" w="280" /><ent r="3" t="303" w="253" /></phr><phr n="Certain"><ent r="92" t="13" w="213" /></phr></stem><stem n="event"><phr n="events"><ent r="4" t="0" w="253" /><ent r="6" t="5" w="211" /><ent r="4" t="50" w="295" /><ent r="4" t="50" w="328" /><ent r="3" t="94" w="15" /><ent r="3" t="95" w="22" /><ent r="3" t="96" w="15" /><ent r="3" t="96" w="24" /><ent r="3" t="96" w="60" /><ent r="3" t="96" w="89" /><ent r="3" t="96" w="102" /><ent r="4" t="96" w="117" /><ent r="4" t="96" w="137" /><ent r="4" t="96" w="171" /><ent r="4" t="96" w="191" /><ent r="3" t="96" w="299" /><ent r="3" t="96" w="305" /><ent r="4" t="96" w="331" /><ent r="4" t="96" w="335" /><ent r="4" t="96" w="388" /><ent r="4" t="96" w="399" /><ent r="3" t="96" w="525" /><ent r="4" t="96" w="556" /><ent r="4" t="96" w="596" /><ent r="3" t="96" w="611" /><ent r="4" t="96" w="686" /><ent r="4" t="96" w="690" /><ent r="4" t="96" w="787" /><ent r="4" t="96" w="798" /><ent r="4" t="96" w="966" /><ent r="4" t="96" w="1020" /><ent r="3" t="97" w="13" /><ent r="4" t="99" w="966" /><ent r="4" t="99" w="1023" /><ent r="3" t="100" w="27" /><ent r="4" t="100" w="282" /><ent r="4" t="100" w="286" /><ent r="4" t="100" w="304" /><ent r="4" t="100" w="315" /><ent r="3" t="100" w="342" /><ent r="4" t="101" w="110" /><ent r="4" t="101" w="114" /><ent r="4" t="101" w="168" /><ent r="4" t="101" w="179" /><ent r="3" t="101" w="318" /><ent r="3" t="102" w="80" /><ent r="64" t="151" w="73" /><ent r="8" t="228" w="195" /><ent r="3" t="232" w="41" /><ent r="3" t="232" w="82" /><ent r="3" t="232" w="95" /><ent r="3" t="232" w="109" /><ent r="3" t="232" w="112" /><ent r="3" t="232" w="142" /><ent r="3" t="232" w="170" /><ent r="3" t="232" w="208" /><ent r="4" t="232" w="231" /><ent r="4" t="232" w="271" /><ent r="3" t="232" w="365" /><ent r="4" t="244" w="220" /><ent r="4" t="244" w="224" /><ent r="4" t="244" w="284" /><ent r="4" t="244" w="295" /><ent r="4" t="251" w="342" /><ent r="4" t="251" w="399" /><ent r="3" t="257" w="417" /><ent r="64" t="263" w="92" /><ent r="3" t="263" w="237" /><ent r="4" t="263" w="373" /><ent r="4" t="263" w="377" /><ent r="4" t="263" w="381" /><ent r="4" t="263" w="405" /><ent r="4" t="263" w="416" /><ent r="4" t="263" w="425" /><ent r="6" t="300" w="240" /></phr><phr n="event"><ent r="3" t="14" w="1405" /><ent r="4" t="50" w="358" /><ent r="4" t="93" w="92" /><ent r="4" t="93" w="136" /><ent r="3" t="94" w="71" /><ent r="3" t="96" w="48" /><ent r="3" t="96" w="92" /><ent r="4" t="96" w="126" /><ent r="4" t="96" w="150" /><ent r="3" t="96" w="164" /><ent r="3" t="96" w="168" /><ent r="4" t="96" w="181" /><ent r="4" t="96" w="203" /><ent r="3" t="96" w="214" /><ent r="5" t="96" w="233" /><ent r="4" t="96" w="240" /><ent r="5" t="96" w="276" /><ent r="4" t="96" w="286" /><ent r="3" t="96" w="320" /><ent r="3" t="96" w="640" /><ent r="4" t="96" w="958" /><ent r="4" t="96" w="976" /><ent r="4" t="96" w="981" /><ent r="4" t="96" w="988" /><ent r="4" t="96" w="996" /><ent r="4" t="96" w="1012" /><ent r="4" t="96" w="1024" /><ent r="3" t="97" w="21" /><ent r="8" t="97" w="230" /><ent r="3" t="99" w="884" /><ent r="3" t="100" w="80" /><ent r="3" t="100" w="365" /><ent r="3" t="101" w="66" /><ent r="3" t="101" w="81" /><ent r="3" t="101" w="95" /><ent r="3" t="101" w="99" /><ent r="4" t="101" w="154" /><ent r="4" t="101" w="191" /><ent r="3" t="101" w="283" /><ent r="3" t="101" w="290" /><ent r="4" t="113" w="76" /><ent r="3" t="126" w="59" /><ent r="3" t="127" w="338" /><ent r="3" t="209" w="119" /><ent r="3" t="221" w="25" /><ent r="3" t="228" w="285" /><ent r="3" t="232" w="69" /><ent r="3" t="232" w="76" /><ent r="3" t="232" w="80" /><ent r="3" t="232" w="130" /><ent r="3" t="232" w="137" /><ent r="3" t="232" w="192" /><ent r="3" t="232" w="290" /><ent r="3" t="232" w="310" /><ent r="3" t="232" w="346" /><ent r="3" t="232" w="373" /><ent r="3" t="232" w="396" /><ent r="4" t="244" w="210" /><ent r="64" t="251" w="260" /><ent r="3" t="257" w="421" /><ent r="3" t="257" w="431" /><ent r="4" t="263" w="395" /><ent r="4" t="263" w="441" /><ent r="64" t="282" w="169" /><ent r="5" t="299" w="474" /><ent r="5" t="299" w="483" /><ent r="5" t="299" w="502" /><ent r="6" t="300" w="223" /><ent r="6" t="300" w="227" /><ent r="6" t="300" w="237" /><ent r="6" t="300" w="261" /><ent r="6" t="300" w="269" /><ent r="6" t="300" w="277" /><ent r="6" t="300" w="296" /><ent r="6" t="300" w="304" /><ent r="6" t="300" w="309" /><ent r="6" t="300" w="323" /><ent r="6" t="300" w="329" /></phr><phr n="Events"><ent r="4" t="50" w="314" /><ent r="4" t="50" w="350" /><ent r="4" t="93" w="85" /><ent r="100" t="94" w="7" /><ent r="100" t="96" w="5" /><ent r="92" t="96" w="296" /><ent r="92" t="96" w="513" /><ent r="92" t="96" w="608" /><ent r="65" t="96" w="1027" /><ent r="1000" t="97" w="1" /><ent r="102" t="97" w="4" /><ent r="1000" t="113" w="3" /><ent r="102" t="113" w="7" /><ent r="4" t="113" w="24" /><ent r="1000" t="232" w="1" /><ent r="102" t="232" w="7" /><ent r="3" t="232" w="13" /><ent r="92" t="232" w="355" /><ent r="6" t="300" w="258" /><ent r="6" t="300" w="264" /></phr><phr n="Event"><ent r="64" t="94" w="86" /><ent r="1000" t="96" w="1" /><ent r="102" t="96" w="7" /><ent r="92" t="96" w="81" /><ent r="6" t="97" w="29" /><ent r="1000" t="101" w="2" /><ent r="102" t="101" w="6" /><ent r="4" t="102" w="84" /><ent r="4" t="102" w="149" /><ent r="64" t="228" w="304" /><ent r="64" t="232" w="53" /><ent r="92" t="232" w="58" /><ent r="92" t="232" w="122" /><ent r="92" t="232" w="283" /></phr><phr n="EVENT"><ent r="6" t="300" w="313" /></phr></stem><stem n="defrag"><phr n="defragment"><ent r="65" t="0" w="258" /><ent r="3" t="77" w="109" /><ent r="3" t="78" w="15" /><ent r="4" t="78" w="33" /><ent r="4" t="78" w="54" /><ent r="3" t="79" w="36" /><ent r="3" t="79" w="80" /><ent r="3" t="85" w="20" /><ent r="3" t="88" w="9" /><ent r="3" t="117" w="579" /><ent r="65" t="140" w="234" /><ent r="64" t="169" w="144" /><ent r="64" t="224" w="65" /><ent r="65" t="242" w="99" /><ent r="64" t="279" w="89" /><ent r="3" t="284" w="43" /><ent r="64" t="285" w="356" /></phr><phr n="Defragment"><ent r="64" t="65" w="126" /><ent r="64" t="72" w="159" /><ent r="64" t="72" w="260" /><ent r="1000" t="77" w="1" /><ent r="100" t="77" w="3" /><ent r="102" t="77" w="5" /><ent r="4" t="78" w="22" /><ent r="4" t="78" w="43" /><ent r="4" t="78" w="131" /><ent r="4" t="78" w="156" /><ent r="4" t="78" w="208" /><ent r="4" t="78" w="214" /><ent r="4" t="78" w="237" /><ent r="4" t="78" w="243" /><ent r="100" t="79" w="4" /><ent r="4" t="80" w="43" /><ent r="4" t="80" w="72" /><ent r="4" t="80" w="146" /><ent r="4" t="80" w="183" /><ent r="4" t="81" w="91" /><ent r="4" t="81" w="150" /><ent r="4" t="82" w="79" /><ent r="4" t="82" w="112" /><ent r="4" t="83" w="98" /><ent r="4" t="83" w="133" /><ent r="4" t="84" w="61" /><ent r="4" t="84" w="99" /><ent r="4" t="85" w="55" /><ent r="4" t="85" w="91" /><ent r="4" t="86" w="49" /><ent r="4" t="86" w="86" /><ent r="4" t="87" w="95" /><ent r="4" t="87" w="134" /><ent r="4" t="88" w="103" /><ent r="4" t="88" w="152" /><ent r="4" t="89" w="154" /><ent r="4" t="89" w="188" /><ent r="4" t="117" w="611" /><ent r="4" t="117" w="619" /><ent r="4" t="117" w="633" /><ent r="4" t="117" w="646" /><ent r="4" t="117" w="656" /><ent r="64" t="137" w="192" /><ent r="64" t="137" w="260" /><ent r="3" t="185" w="88" /><ent r="3" t="185" w="107" /><ent r="65" t="242" w="71" /><ent r="64" t="282" w="256" /><ent r="64" t="285" w="277" /><ent r="3" t="285" w="286" /></phr><phr n="Defrag"><ent r="4" t="78" w="23" /><ent r="4" t="78" w="44" /><ent r="4" t="78" w="132" /><ent r="4" t="78" w="157" /><ent r="4" t="78" w="209" /><ent r="4" t="78" w="238" /><ent r="4" t="80" w="44" /><ent r="4" t="80" w="73" /><ent r="4" t="80" w="147" /><ent r="4" t="80" w="184" /><ent r="4" t="81" w="92" /><ent r="4" t="81" w="151" /><ent r="4" t="82" w="80" /><ent r="4" t="82" w="113" /><ent r="4" t="83" w="99" /><ent r="4" t="83" w="134" /><ent r="4" t="84" w="62" /><ent r="4" t="84" w="100" /><ent r="4" t="85" w="56" /><ent r="4" t="85" w="92" /><ent r="4" t="86" w="50" /><ent r="4" t="86" w="87" /><ent r="4" t="87" w="96" /><ent r="4" t="87" w="135" /><ent r="4" t="88" w="104" /><ent r="4" t="88" w="153" /><ent r="4" t="89" w="155" /><ent r="4" t="89" w="189" /></phr><phr n="defragmented"><ent r="3" t="78" w="95" /><ent r="3" t="79" w="200" /><ent r="3" t="80" w="18" /><ent r="3" t="82" w="22" /><ent r="3" t="83" w="46" /><ent r="3" t="87" w="34" /><ent r="3" t="87" w="59" /></phr><phr n="defragmenting"><ent r="3" t="79" w="156" /><ent r="3" t="84" w="44" /></phr><phr n="Defragmenting"><ent r="65" t="148" w="237" /></phr><phr n="defragement"><ent r="3" t="282" w="251" /></phr></stem><stem n="time"><phr n="time"><ent r="4" t="0" w="263" /><ent r="4" t="0" w="265" /><ent r="3" t="0" w="370" /><ent r="3" t="2" w="239" /><ent r="3" t="2" w="269" /><ent r="2" t="4" w="82" /><ent r="3" t="7" w="233" /><ent r="3" t="14" w="81" /><ent r="3" t="14" w="1032" /><ent r="3" t="17" w="81" /><ent r="5" t="20" w="472" /><ent r="3" t="22" w="68" /><ent r="3" t="22" w="263" /><ent r="3" t="26" w="46" /><ent r="3" t="31" w="882" /><ent r="3" t="31" w="1466" /><ent r="3" t="31" w="1472" /><ent r="3" t="34" w="42" /><ent r="3" t="35" w="28" /><ent r="3" t="43" w="98" /><ent r="3" t="49" w="714" /><ent r="4" t="49" w="1344" /><ent r="3" t="50" w="40" /><ent r="3" t="50" w="56" /><ent r="3" t="50" w="980" /><ent r="3" t="60" w="161" /><ent r="3" t="61" w="22" /><ent r="3" t="61" w="75" /><ent r="3" t="65" w="95" /><ent r="3" t="65" w="108" /><ent r="3" t="65" w="147" /><ent r="3" t="66" w="29" /><ent r="3" t="66" w="44" /><ent r="3" t="66" w="68" /><ent r="3" t="67" w="65" /><ent r="5" t="70" w="386" /><ent r="5" t="70" w="528" /><ent r="3" t="75" w="210" /><ent r="64" t="76" w="55" /><ent r="3" t="90" w="46" /><ent r="3" t="90" w="255" /><ent r="3" t="90" w="291" /><ent r="3" t="90" w="312" /><ent r="4" t="90" w="326" /><ent r="4" t="90" w="367" /><ent r="3" t="96" w="56" /><ent r="6" t="97" w="76" /><ent r="6" t="97" w="93" /><ent r="3" t="99" w="863" /><ent r="3" t="99" w="869" /><ent r="3" t="102" w="10" /><ent r="3" t="102" w="35" /><ent r="3" t="102" w="71" /><ent r="3" t="112" w="131" /><ent r="3" t="112" w="144" /><ent r="3" t="114" w="271" /><ent r="3" t="118" w="139" /><ent r="4" t="119" w="115" /><ent r="3" t="123" w="49" /><ent r="3" t="128" w="29" /><ent r="3" t="135" w="126" /><ent r="3" t="135" w="137" /><ent r="3" t="142" w="442" /><ent r="8" t="143" w="98" /><ent r="3" t="146" w="161" /><ent r="3" t="151" w="45" /><ent r="3" t="153" w="28" /><ent r="3" t="153" w="40" /><ent r="64" t="161" w="56" /><ent r="3" t="164" w="39" /><ent r="3" t="165" w="37" /><ent r="3" t="165" w="54" /><ent r="3" t="165" w="156" /><ent r="4" t="165" w="228" /><ent r="3" t="167" w="52" /><ent r="4" t="167" w="157" /><ent r="3" t="170" w="43" /><ent r="3" t="171" w="34" /><ent r="3" t="171" w="36" /><ent r="8" t="173" w="88" /><ent r="3" t="176" w="97" /><ent r="3" t="178" w="90" /><ent r="3" t="182" w="34" /><ent r="4" t="182" w="61" /><ent r="3" t="185" w="39" /><ent r="3" t="191" w="105" /><ent r="3" t="228" w="43" /><ent r="3" t="228" w="83" /><ent r="3" t="233" w="362" /><ent r="3" t="235" w="23" /><ent r="4" t="238" w="188" /><ent r="64" t="243" w="217" /><ent r="3" t="243" w="254" /><ent r="3" t="244" w="68" /><ent r="3" t="244" w="486" /><ent r="3" t="245" w="105" /><ent r="3" t="257" w="388" /><ent r="3" t="268" w="122" /><ent r="3" t="274" w="403" /><ent r="3" t="274" w="428" /><ent r="4" t="278" w="43" /><ent r="3" t="282" w="246" /><ent r="65" t="308" w="440" /><ent r="3" t="310" w="32" /></phr><phr n="Times"><ent r="4" t="1" w="93" /></phr><phr n="times"><ent r="3" t="1" w="291" /><ent r="3" t="18" w="675" /><ent r="3" t="107" w="118" /><ent r="3" t="188" w="34" /><ent r="3" t="190" w="29" /><ent r="3" t="226" w="153" /></phr><phr n="Time"><ent r="1000" t="22" w="6" /><ent r="102" t="22" w="13" /><ent r="64" t="67" w="84" /><ent r="1000" t="102" w="2" /><ent r="102" t="102" w="6" /><ent r="5" t="103" w="102" /><ent r="92" t="282" w="239" /></phr><phr n="timed"><ent r="3" t="201" w="19" /><ent r="3" t="225" w="73" /></phr></stem><stem n="best"><phr n="best"><ent r="4" t="0" w="268" /><ent r="4" t="0" w="286" /><ent r="3" t="4" w="638" /><ent r="3" t="14" w="1578" /><ent r="3" t="31" w="1774" /><ent r="3" t="32" w="26" /><ent r="3" t="42" w="740" /><ent r="3" t="43" w="101" /><ent r="3" t="49" w="747" /><ent r="4" t="53" w="97" /><ent r="3" t="55" w="97" /><ent r="5" t="81" w="70" /><ent r="5" t="81" w="124" /><ent r="3" t="116" w="255" /><ent r="3" t="135" w="155" /><ent r="3" t="164" w="10" /><ent r="3" t="166" w="26" /><ent r="3" t="167" w="35" /><ent r="3" t="185" w="97" /><ent r="3" t="190" w="259" /><ent r="3" t="234" w="79" /><ent r="3" t="239" w="16" /><ent r="3" t="244" w="24" /><ent r="5" t="265" w="532" /><ent r="3" t="281" w="30" /><ent r="3" t="293" w="51" /><ent r="3" t="293" w="181" /><ent r="3" t="294" w="35" /><ent r="3" t="298" w="58" /><ent r="3" t="301" w="165" /><ent r="3" t="302" w="28" /></phr><phr n="Best"><ent r="1000" t="239" w="1" /><ent r="100" t="239" w="4" /><ent r="102" t="239" w="7" /><ent r="92" t="286" w="81" /></phr></stem><stem n="refactor"><phr n="refactoring"><ent r="65" t="0" w="275" /><ent r="4" t="3" w="155" /><ent r="6" t="5" w="179" /><ent r="6" t="5" w="279" /><ent r="3" t="7" w="117" /><ent r="64" t="70" w="32" /><ent r="64" t="70" w="320" /><ent r="64" t="70" w="665" /><ent r="3" t="118" w="64" /><ent r="3" t="118" w="171" /><ent r="3" t="121" w="590" /><ent r="4" t="122" w="216" /><ent r="3" t="123" w="98" /><ent r="3" t="124" w="68" /><ent r="3" t="125" w="68" /></phr><phr n="refactorable"><ent r="3" t="7" w="268" /><ent r="3" t="17" w="85" /><ent r="4" t="47" w="75" /></phr><phr n="refactor"><ent r="3" t="65" w="160" /><ent r="3" t="121" w="137" /></phr><phr n="Refactoring"><ent r="64" t="65" w="170" /><ent r="1000" t="118" w="1" /><ent r="100" t="118" w="6" /><ent r="102" t="118" w="11" /><ent r="3" t="118" w="55" /><ent r="64" t="118" w="111" /><ent r="64" t="118" w="178" /><ent r="64" t="118" w="192" /><ent r="1000" t="119" w="2" /><ent r="100" t="119" w="9" /><ent r="102" t="119" w="14" /><ent r="100" t="120" w="11" /><ent r="5" t="120" w="79" /><ent r="5" t="120" w="88" /><ent r="5" t="120" w="112" /><ent r="5" t="120" w="121" /><ent r="5" t="120" w="180" /><ent r="5" t="120" w="211" /><ent r="100" t="121" w="5" /><ent r="1000" t="122" w="2" /><ent r="102" t="122" w="6" /><ent r="92" t="122" w="135" /><ent r="1000" t="123" w="1" /><ent r="102" t="123" w="5" /><ent r="100" t="124" w="7" /><ent r="100" t="125" w="7" /><ent r="64" t="219" w="21" /><ent r="64" t="223" w="670" /><ent r="65" t="278" w="141" /><ent r="65" t="278" w="203" /></phr><phr n="refactorings"><ent r="4" t="95" w="131" /><ent r="3" t="123" w="17" /><ent r="67" t="209" w="292" /></phr><phr n="Refactorings"><ent r="100" t="119" w="7" /><ent r="100" t="119" w="11" /></phr></stem><stem n="practic"><phr n="practices"><ent r="65" t="0" w="288" /><ent r="3" t="3" w="151" /><ent r="3" t="239" w="17" /><ent r="3" t="244" w="25" /><ent r="3" t="273" w="157" /></phr><phr n="practice"><ent r="3" t="18" w="849" /><ent r="3" t="32" w="61" /><ent r="3" t="49" w="23" /><ent r="3" t="61" w="110" /><ent r="3" t="265" w="406" /><ent r="3" t="273" w="91" /><ent r="3" t="285" w="283" /></phr><phr n="practical"><ent r="3" t="22" w="216" /></phr><phr n="Practices"><ent r="1000" t="36" w="2" /><ent r="102" t="36" w="5" /><ent r="1000" t="239" w="2" /><ent r="100" t="239" w="5" /><ent r="102" t="239" w="8" /><ent r="64" t="273" w="166" /><ent r="1000" t="278" w="2" /><ent r="102" t="278" w="5" /></phr><phr n="practically"><ent r="3" t="166" w="109" /></phr></stem><stem n="pitfal"><phr n="pitfalls"><ent r="65" t="0" w="292" /><ent r="4" t="0" w="313" /><ent r="3" t="2" w="313" /><ent r="3" t="48" w="247" /><ent r="3" t="55" w="52" /><ent r="3" t="273" w="27" /><ent r="3" t="274" w="39" /></phr><phr n="pitfall"><ent r="3" t="39" w="107" /><ent r="3" t="274" w="54" /><ent r="3" t="275" w="35" /></phr><phr n="Pitfalls"><ent r="64" t="48" w="252" /><ent r="1000" t="55" w="3" /><ent r="102" t="55" w="7" /><ent r="92" t="96" w="946" /><ent r="1000" t="273" w="2" /><ent r="102" t="273" w="5" /></phr><phr n="Pitfall"><ent r="64" t="273" w="58" /><ent r="64" t="273" w="77" /><ent r="1000" t="274" w="3" /><ent r="102" t="274" w="7" /><ent r="1000" t="275" w="3" /><ent r="102" t="275" w="7" /></phr></stem><stem n="platform"><phr n="platforms"><ent r="4" t="0" w="301" /><ent r="3" t="9" w="171" /><ent r="3" t="17" w="114" /><ent r="3" t="152" w="44" /><ent r="3" t="161" w="31" /><ent r="3" t="170" w="17" /><ent r="3" t="170" w="47" /><ent r="3" t="245" w="45" /><ent r="3" t="245" w="162" /></phr><phr n="platform"><ent r="65" t="0" w="307" /><ent r="3" t="1" w="244" /><ent r="3" t="4" w="457" /><ent r="3" t="22" w="53" /><ent r="3" t="104" w="45" /><ent r="3" t="132" w="118" /><ent r="3" t="133" w="12" /><ent r="3" t="152" w="27" /><ent r="3" t="152" w="31" /><ent r="3" t="152" w="40" /><ent r="3" t="156" w="27" /><ent r="3" t="245" w="165" /><ent r="3" t="269" w="122" /><ent r="3" t="272" w="19" /><ent r="4" t="294" w="221" /></phr><phr n="Platform"><ent r="1000" t="245" w="1" /><ent r="100" t="245" w="5" /><ent r="102" t="245" w="7" /><ent r="67" t="245" w="202" /><ent r="64" t="269" w="109" /><ent r="1000" t="270" w="5" /><ent r="102" t="270" w="13" /></phr><phr n="Platforms"><ent r="67" t="245" w="196" /><ent r="1000" t="269" w="4" /><ent r="102" t="269" w="9" /></phr></stem><stem n="those"><phr n="those"><ent r="4" t="0" w="303" /><ent r="3" t="1" w="293" /><ent r="3" t="2" w="226" /><ent r="3" t="4" w="422" /><ent r="3" t="5" w="438" /><ent r="3" t="32" w="141" /><ent r="4" t="39" w="314" /><ent r="3" t="43" w="120" /><ent r="5" t="45" w="399" /><ent r="5" t="45" w="460" /><ent r="3" t="49" w="1404" /><ent r="3" t="55" w="116" /><ent r="3" t="62" w="199" /><ent r="3" t="114" w="147" /><ent r="3" t="133" w="79" /><ent r="3" t="309" w="416" /></phr><phr n="Those"><ent r="3" t="4" w="399" /><ent r="3" t="181" w="16" /><ent r="3" t="303" w="194" /></phr></stem><stem n="specif"><phr n="specific"><ent r="65" t="0" w="308" /><ent r="5" t="14" w="423" /><ent r="5" t="14" w="478" /><ent r="5" t="14" w="552" /><ent r="5" t="14" w="605" /><ent r="3" t="17" w="148" /><ent r="3" t="29" w="551" /><ent r="5" t="31" w="355" /><ent r="5" t="31" w="409" /><ent r="3" t="43" w="18" /><ent r="3" t="70" w="58" /><ent r="3" t="70" w="67" /><ent r="3" t="70" w="298" /><ent r="3" t="90" w="26" /><ent r="3" t="90" w="106" /><ent r="3" t="102" w="18" /><ent r="4" t="102" w="47" /><ent r="4" t="113" w="113" /><ent r="3" t="114" w="719" /><ent r="3" t="127" w="21" /><ent r="3" t="127" w="62" /><ent r="3" t="131" w="64" /><ent r="6" t="143" w="305" /><ent r="3" t="145" w="168" /><ent r="3" t="146" w="201" /><ent r="3" t="147" w="234" /><ent r="5" t="147" w="260" /><ent r="5" t="147" w="338" /><ent r="3" t="195" w="25" /><ent r="3" t="209" w="35" /><ent r="3" t="209" w="94" /><ent r="3" t="209" w="124" /><ent r="3" t="223" w="17" /><ent r="3" t="223" w="92" /><ent r="3" t="225" w="24" /><ent r="8" t="247" w="163" /><ent r="7" t="270" w="535" /><ent r="3" t="272" w="34" /><ent r="3" t="278" w="16" /><ent r="3" t="294" w="126" /><ent r="6" t="299" w="458" /><ent r="3" t="301" w="95" /></phr><phr n="Specific"><ent r="92" t="145" w="159" /><ent r="92" t="146" w="192" /><ent r="92" t="152" w="138" /><ent r="1000" t="209" w="2" /><ent r="102" t="209" w="28" /><ent r="1000" t="223" w="2" /><ent r="102" t="223" w="10" /><ent r="1000" t="245" w="2" /><ent r="102" t="245" w="8" /></phr><phr n="specif"><ent r="4" t="237" w="111" /></phr><phr n="specifics"><ent r="3" t="312" w="12" /></phr></stem><stem n="limit"><phr n="limitations"><ent r="65" t="0" w="309" /><ent r="3" t="18" w="852" /><ent r="3" t="23" w="206" /><ent r="3" t="25" w="20" /><ent r="3" t="51" w="161" /><ent r="3" t="62" w="14" /><ent r="3" t="114" w="970" /><ent r="3" t="116" w="86" /><ent r="3" t="118" w="169" /><ent r="3" t="231" w="126" /><ent r="3" t="255" w="123" /><ent r="3" t="261" w="46" /><ent r="3" t="266" w="11" /><ent r="3" t="269" w="123" /></phr><phr n="limits"><ent r="3" t="12" w="414" /><ent r="3" t="23" w="208" /><ent r="4" t="45" w="179" /><ent r="4" t="45" w="307" /></phr><phr n="Limitations"><ent r="64" t="23" w="217" /><ent r="1000" t="25" w="4" /><ent r="102" t="25" w="9" /><ent r="1000" t="62" w="3" /><ent r="100" t="62" w="6" /><ent r="102" t="62" w="10" /><ent r="92" t="62" w="216" /><ent r="92" t="96" w="948" /><ent r="92" t="114" w="950" /><ent r="92" t="261" w="41" /><ent r="92" t="266" w="186" /></phr><phr n="limited"><ent r="3" t="90" w="95" /><ent r="3" t="161" w="29" /><ent r="3" t="266" w="524" /></phr><phr n="limit"><ent r="3" t="105" w="184" /><ent r="4" t="241" w="146" /><ent r="4" t="241" w="153" /><ent r="4" t="241" w="170" /><ent r="4" t="241" w="215" /><ent r="4" t="241" w="259" /><ent r="4" t="241" w="266" /><ent r="4" t="241" w="318" /><ent r="4" t="241" w="336" /><ent r="4" t="241" w="373" /><ent r="4" t="241" w="439" /><ent r="4" t="241" w="517" /><ent r="4" t="241" w="538" /><ent r="3" t="273" w="172" /><ent r="3" t="284" w="168" /></phr><phr n="Limitation"><ent r="64" t="118" w="179" /><ent r="1000" t="122" w="3" /><ent r="102" t="122" w="7" /><ent r="65" t="278" w="204" /></phr><phr n="limitation"><ent r="3" t="122" w="45" /></phr><phr n="limiting"><ent r="3" t="239" w="28" /></phr><phr n="Limits"><ent r="92" t="282" w="39" /></phr></stem><stem n="web"><phr n="web"><ent r="65" t="0" w="317" /><ent r="3" t="9" w="45" /><ent r="5" t="34" w="567" /><ent r="5" t="34" w="630" /><ent r="3" t="38" w="469" /><ent r="3" t="66" w="35" /><ent r="5" t="66" w="181" /><ent r="5" t="66" w="244" /><ent r="3" t="73" w="184" /><ent r="5" t="229" w="113" /><ent r="5" t="229" w="176" /><ent r="3" t="243" w="344" /><ent r="3" t="245" w="116" /><ent r="3" t="246" w="102" /><ent r="3" t="246" w="105" /><ent r="3" t="255" w="22" /><ent r="3" t="255" w="31" /><ent r="3" t="255" w="36" /><ent r="3" t="255" w="71" /><ent r="3" t="255" w="116" /><ent r="3" t="256" w="17" /><ent r="5" t="256" w="114" /><ent r="5" t="256" w="177" /><ent r="5" t="256" w="263" /><ent r="5" t="256" w="326" /><ent r="3" t="257" w="166" /><ent r="3" t="257" w="203" /><ent r="3" t="258" w="13" /><ent r="4" t="258" w="299" /><ent r="3" t="261" w="187" /><ent r="3" t="265" w="41" /><ent r="3" t="265" w="782" /><ent r="3" t="271" w="29" /></phr><phr n="Web"><ent r="6" t="5" w="356" /><ent r="92" t="243" w="339" /><ent r="100" t="246" w="7" /><ent r="1000" t="255" w="1" /><ent r="100" t="255" w="4" /><ent r="100" t="255" w="6" /><ent r="102" t="255" w="13" /><ent r="64" t="255" w="65" /><ent r="1000" t="256" w="3" /><ent r="100" t="256" w="6" /><ent r="102" t="256" w="12" /><ent r="64" t="257" w="45" /><ent r="3" t="257" w="64" /><ent r="4" t="257" w="89" /><ent r="4" t="257" w="93" /><ent r="4" t="257" w="110" /><ent r="4" t="257" w="114" /><ent r="4" t="257" w="129" /><ent r="4" t="257" w="228" /><ent r="64" t="271" w="50" /><ent r="92" t="293" w="85" /></phr></stem><stem n="environ"><phr n="environment"><ent r="65" t="0" w="318" /><ent r="3" t="4" w="684" /><ent r="3" t="5" w="62" /><ent r="3" t="20" w="59" /><ent r="3" t="95" w="104" /><ent r="4" t="102" w="134" /><ent r="3" t="230" w="26" /><ent r="3" t="255" w="23" /><ent r="3" t="255" w="117" /><ent r="3" t="270" w="39" /><ent r="3" t="306" w="312" /><ent r="3" t="312" w="37" /></phr><phr n="environments"><ent r="3" t="2" w="214" /><ent r="3" t="3" w="120" /><ent r="3" t="4" w="131" /><ent r="3" t="7" w="287" /><ent r="3" t="49" w="1298" /><ent r="3" t="191" w="349" /><ent r="3" t="245" w="19" /><ent r="3" t="303" w="113" /></phr><phr n="Environment"><ent r="7" t="5" w="64" /><ent r="4" t="85" w="50" /><ent r="4" t="85" w="86" /><ent r="1000" t="255" w="2" /><ent r="102" t="255" w="14" /><ent r="64" t="271" w="51" /></phr></stem><stem n="silverlight"><phr n="Silverlight"><ent r="65" t="0" w="322" /><ent r="65" t="186" w="64" /><ent r="1000" t="194" w="4" /><ent r="102" t="194" w="12" /><ent r="3" t="194" w="18" /><ent r="3" t="194" w="28" /><ent r="4" t="245" w="74" /><ent r="1000" t="266" w="1" /><ent r="100" t="266" w="3" /><ent r="102" t="266" w="5" /><ent r="3" t="266" w="15" /><ent r="3" t="266" w="20" /><ent r="3" t="266" w="43" /><ent r="3" t="266" w="54" /><ent r="92" t="266" w="67" /><ent r="3" t="266" w="74" /><ent r="3" t="266" w="80" /><ent r="3" t="266" w="94" /><ent r="4" t="266" w="132" /><ent r="4" t="266" w="175" /><ent r="3" t="266" w="194" /><ent r="3" t="266" w="346" /><ent r="3" t="266" w="350" /><ent r="4" t="266" w="414" /><ent r="4" t="266" w="477" /><ent r="3" t="266" w="497" /><ent r="3" t="266" w="543" /><ent r="6" t="268" w="249" /><ent r="6" t="268" w="255" /><ent r="6" t="268" w="263" /><ent r="6" t="268" w="269" /><ent r="4" t="304" w="225" /><ent r="4" t="304" w="233" /></phr><phr n="silverlight"><ent r="4" t="194" w="69" /><ent r="4" t="194" w="116" /><ent r="3" t="266" w="30" /><ent r="4" t="266" w="598" /><ent r="4" t="266" w="645" /></phr><phr n="SILVERLIGHT"><ent r="6" t="299" w="527" /></phr></stem></index>