﻿<?xml version="1.0" encoding="utf-8"?><index><stem n="depth"><phr n="depth"><ent r="4" t="0" w="189" /><ent r="3" t="41" w="119" /><ent r="3" t="41" w="123" /><ent r="3" t="41" w="140" /><ent r="4" t="41" w="211" /><ent r="4" t="41" w="216" /><ent r="3" t="42" w="358" /><ent r="3" t="42" w="663" /><ent r="3" t="42" w="705" /><ent r="5" t="42" w="832" /><ent r="5" t="42" w="885" /><ent r="3" t="44" w="173" /><ent r="3" t="44" w="176" /><ent r="3" t="44" w="200" /><ent r="64" t="44" w="242" /><ent r="3" t="44" w="267" /><ent r="3" t="44" w="288" /><ent r="3" t="45" w="17" /><ent r="3" t="45" w="76" /><ent r="3" t="45" w="86" /><ent r="5" t="45" w="118" /><ent r="4" t="45" w="178" /><ent r="5" t="45" w="231" /><ent r="4" t="45" w="306" /><ent r="3" t="45" w="508" /><ent r="5" t="45" w="537" /><ent r="4" t="45" w="551" /><ent r="5" t="45" w="586" /><ent r="4" t="45" w="594" /><ent r="3" t="45" w="613" /><ent r="3" t="45" w="656" /><ent r="3" t="46" w="21" /><ent r="5" t="46" w="82" /><ent r="5" t="46" w="139" /><ent r="5" t="46" w="213" /><ent r="5" t="46" w="288" /><ent r="3" t="46" w="343" /><ent r="4" t="46" w="385" /><ent r="4" t="46" w="426" /><ent r="4" t="47" w="86" /><ent r="4" t="47" w="117" /><ent r="3" t="48" w="82" /><ent r="3" t="48" w="101" /><ent r="3" t="48" w="147" /><ent r="4" t="105" w="126" /><ent r="4" t="105" w="146" /><ent r="4" t="106" w="96" /><ent r="4" t="140" w="378" /><ent r="4" t="140" w="384" /><ent r="4" t="140" w="393" /><ent r="6" t="143" w="119" /><ent r="6" t="143" w="384" /><ent r="3" t="145" w="29" /><ent r="4" t="145" w="65" /><ent r="4" t="145" w="91" /><ent r="3" t="145" w="102" /><ent r="3" t="145" w="121" /><ent r="3" t="145" w="170" /><ent r="4" t="145" w="195" /><ent r="4" t="145" w="227" /><ent r="3" t="146" w="28" /><ent r="3" t="146" w="39" /><ent r="3" t="146" w="73" /><ent r="4" t="146" w="98" /><ent r="4" t="146" w="125" /><ent r="3" t="146" w="136" /><ent r="3" t="146" w="157" /><ent r="3" t="146" w="203" /><ent r="4" t="146" w="228" /><ent r="4" t="146" w="260" /><ent r="6" t="195" w="87" /><ent r="3" t="197" w="54" /><ent r="3" t="197" w="58" /><ent r="4" t="197" w="108" /><ent r="4" t="197" w="134" /><ent r="64" t="197" w="145" /><ent r="3" t="197" w="176" /><ent r="64" t="198" w="146" /><ent r="3" t="198" w="177" /><ent r="6" t="209" w="263" /><ent r="6" t="209" w="271" /><ent r="6" t="209" w="316" /><ent r="64" t="216" w="14" /><ent r="4" t="216" w="64" /><ent r="4" t="216" w="96" /><ent r="64" t="217" w="14" /><ent r="4" t="217" w="64" /><ent r="4" t="217" w="96" /><ent r="3" t="222" w="28" /><ent r="3" t="222" w="39" /><ent r="4" t="222" w="77" /><ent r="4" t="222" w="109" /><ent r="3" t="228" w="227" /><ent r="3" t="273" w="72" /><ent r="3" t="274" w="280" /><ent r="65" t="274" w="331" /><ent r="4" t="274" w="337" /><ent r="3" t="274" w="390" /><ent r="3" t="275" w="21" /><ent r="3" t="275" w="40" /><ent r="64" t="275" w="69" /><ent r="3" t="275" w="102" /><ent r="3" t="275" w="123" /><ent r="3" t="275" w="144" /><ent r="5" t="275" w="190" /><ent r="5" t="275" w="247" /><ent r="5" t="275" w="321" /><ent r="5" t="275" w="396" /><ent r="3" t="275" w="437" /><ent r="3" t="275" w="450" /><ent r="4" t="275" w="489" /><ent r="4" t="275" w="530" /><ent r="3" t="275" w="544" /><ent r="3" t="275" w="596" /><ent r="3" t="282" w="190" /></phr><phr n="Depth"><ent r="92" t="44" w="157" /><ent r="64" t="44" w="275" /><ent r="1000" t="45" w="2" /><ent r="102" t="45" w="7" /><ent r="92" t="45" w="604" /><ent r="1000" t="145" w="2" /><ent r="102" t="145" w="5" /><ent r="1000" t="146" w="2" /><ent r="102" t="146" w="5" /><ent r="1000" t="197" w="2" /><ent r="100" t="197" w="6" /><ent r="102" t="197" w="9" /><ent r="1000" t="216" w="3" /><ent r="102" t="216" w="7" /><ent r="1000" t="217" w="3" /><ent r="102" t="217" w="7" /><ent r="1000" t="222" w="2" /><ent r="102" t="222" w="5" /><ent r="64" t="273" w="76" /><ent r="92" t="274" w="379" /><ent r="1000" t="275" w="2" /><ent r="102" t="275" w="6" /><ent r="64" t="275" w="17" /></phr></stem><stem n="individu"><phr n="individual"><ent r="65" t="0" w="197" /><ent r="3" t="2" w="439" /><ent r="3" t="2" w="540" /><ent r="3" t="95" w="56" /><ent r="4" t="106" w="54" /></phr><phr n="individually"><ent r="3" t="44" w="247" /><ent r="3" t="76" w="547" /><ent r="3" t="275" w="63" /></phr><phr n="Individually"><ent r="4" t="180" w="139" /><ent r="4" t="180" w="180" /></phr></stem><stem n="class"><phr n="class"><ent r="65" t="0" w="198" /><ent r="3" t="1" w="158" /><ent r="3" t="4" w="209" /><ent r="3" t="10" w="195" /><ent r="3" t="17" w="139" /><ent r="3" t="18" w="61" /><ent r="3" t="18" w="70" /><ent r="5" t="21" w="189" /><ent r="3" t="27" w="25" /><ent r="3" t="27" w="33" /><ent r="3" t="27" w="42" /><ent r="3" t="29" w="191" /><ent r="5" t="29" w="193" /><ent r="5" t="29" w="571" /><ent r="5" t="30" w="406" /><ent r="5" t="31" w="1617" /><ent r="4" t="31" w="1665" /><ent r="4" t="31" w="1761" /><ent r="3" t="32" w="40" /><ent r="3" t="32" w="83" /><ent r="3" t="39" w="203" /><ent r="3" t="42" w="35" /><ent r="3" t="42" w="55" /><ent r="5" t="42" w="59" /><ent r="3" t="49" w="302" /><ent r="5" t="49" w="340" /><ent r="3" t="49" w="471" /><ent r="3" t="49" w="477" /><ent r="3" t="49" w="719" /><ent r="3" t="49" w="761" /><ent r="5" t="49" w="816" /><ent r="5" t="49" w="918" /><ent r="3" t="49" w="962" /><ent r="5" t="50" w="133" /><ent r="5" t="50" w="212" /><ent r="3" t="51" w="21" /><ent r="4" t="51" w="98" /><ent r="5" t="52" w="115" /><ent r="4" t="52" w="292" /><ent r="4" t="53" w="111" /><ent r="6" t="53" w="123" /><ent r="6" t="53" w="301" /><ent r="6" t="53" w="503" /><ent r="3" t="55" w="120" /><ent r="4" t="59" w="337" /><ent r="4" t="59" w="348" /><ent r="5" t="60" w="199" /><ent r="5" t="64" w="172" /><ent r="3" t="67" w="31" /><ent r="3" t="70" w="59" /><ent r="3" t="70" w="68" /><ent r="3" t="70" w="76" /><ent r="5" t="70" w="132" /><ent r="5" t="70" w="199" /><ent r="3" t="70" w="230" /><ent r="3" t="70" w="246" /><ent r="5" t="70" w="393" /><ent r="5" t="70" w="535" /><ent r="3" t="70" w="658" /><ent r="3" t="79" w="119" /><ent r="3" t="83" w="21" /><ent r="3" t="83" w="35" /><ent r="3" t="83" w="41" /><ent r="3" t="83" w="56" /><ent r="4" t="83" w="105" /><ent r="4" t="83" w="140" /><ent r="5" t="89" w="64" /><ent r="6" t="92" w="354" /><ent r="6" t="92" w="365" /><ent r="6" t="92" w="381" /><ent r="6" t="92" w="389" /><ent r="6" t="92" w="406" /><ent r="6" t="97" w="259" /><ent r="4" t="98" w="70" /><ent r="3" t="99" w="116" /><ent r="3" t="99" w="118" /><ent r="3" t="99" w="227" /><ent r="3" t="99" w="250" /><ent r="5" t="99" w="254" /><ent r="3" t="99" w="447" /><ent r="4" t="103" w="119" /><ent r="3" t="112" w="28" /><ent r="3" t="112" w="136" /><ent r="3" t="112" w="153" /><ent r="3" t="112" w="160" /><ent r="3" t="112" w="163" /><ent r="3" t="112" w="256" /><ent r="3" t="112" w="269" /><ent r="5" t="112" w="281" /><ent r="4" t="112" w="1404" /><ent r="4" t="112" w="1439" /><ent r="5" t="114" w="287" /><ent r="4" t="114" w="756" /><ent r="4" t="114" w="809" /><ent r="3" t="117" w="26" /><ent r="4" t="119" w="45" /><ent r="4" t="119" w="113" /><ent r="64" t="120" w="49" /><ent r="3" t="120" w="56" /><ent r="4" t="120" w="97" /><ent r="4" t="120" w="130" /><ent r="3" t="121" w="149" /><ent r="3" t="122" w="170" /><ent r="3" t="122" w="178" /><ent r="4" t="122" w="208" /><ent r="4" t="122" w="221" /><ent r="4" t="122" w="231" /><ent r="4" t="122" w="240" /><ent r="3" t="123" w="67" /><ent r="3" t="123" w="74" /><ent r="3" t="123" w="85" /><ent r="3" t="123" w="149" /><ent r="3" t="123" w="168" /><ent r="3" t="124" w="33" /><ent r="3" t="124" w="39" /><ent r="3" t="124" w="47" /><ent r="3" t="124" w="52" /><ent r="3" t="124" w="58" /><ent r="3" t="124" w="84" /><ent r="4" t="124" w="108" /><ent r="4" t="124" w="119" /><ent r="4" t="124" w="126" /><ent r="3" t="124" w="167" /><ent r="3" t="125" w="35" /><ent r="3" t="125" w="41" /><ent r="3" t="125" w="50" /><ent r="3" t="125" w="55" /><ent r="3" t="125" w="84" /><ent r="4" t="125" w="106" /><ent r="4" t="125" w="114" /><ent r="4" t="125" w="122" /><ent r="4" t="125" w="129" /><ent r="4" t="125" w="134" /><ent r="3" t="125" w="175" /><ent r="3" t="127" w="71" /><ent r="3" t="127" w="125" /><ent r="3" t="127" w="372" /><ent r="4" t="129" w="200" /><ent r="3" t="129" w="261" /><ent r="5" t="130" w="85" /><ent r="3" t="131" w="34" /><ent r="3" t="131" w="49" /><ent r="3" t="131" w="113" /><ent r="3" t="131" w="215" /><ent r="4" t="133" w="256" /><ent r="4" t="134" w="126" /><ent r="4" t="140" w="187" /><ent r="4" t="140" w="196" /><ent r="4" t="140" w="207" /><ent r="4" t="140" w="291" /><ent r="4" t="140" w="319" /><ent r="4" t="140" w="327" /><ent r="4" t="140" w="336" /><ent r="4" t="140" w="357" /><ent r="4" t="140" w="462" /><ent r="5" t="141" w="130" /><ent r="3" t="142" w="490" /><ent r="3" t="142" w="503" /><ent r="6" t="143" w="128" /><ent r="6" t="143" w="304" /><ent r="3" t="145" w="167" /><ent r="3" t="146" w="200" /><ent r="3" t="147" w="25" /><ent r="3" t="147" w="205" /><ent r="64" t="150" w="34" /><ent r="3" t="151" w="15" /><ent r="3" t="153" w="14" /><ent r="3" t="153" w="70" /><ent r="4" t="168" w="79" /><ent r="3" t="190" w="370" /><ent r="5" t="190" w="394" /><ent r="4" t="193" w="72" /><ent r="4" t="193" w="142" /><ent r="4" t="193" w="155" /><ent r="4" t="193" w="411" /><ent r="3" t="193" w="584" /><ent r="3" t="209" w="41" /><ent r="3" t="209" w="95" /><ent r="3" t="209" w="125" /><ent r="3" t="209" w="132" /><ent r="3" t="210" w="24" /><ent r="4" t="214" w="61" /><ent r="4" t="214" w="94" /><ent r="3" t="219" w="11" /><ent r="3" t="236" w="78" /><ent r="3" t="236" w="115" /><ent r="5" t="236" w="119" /><ent r="4" t="236" w="160" /><ent r="4" t="236" w="237" /><ent r="5" t="236" w="367" /><ent r="5" t="236" w="597" /><ent r="8" t="247" w="86" /><ent r="8" t="247" w="151" /><ent r="3" t="250" w="53" /><ent r="3" t="251" w="51" /><ent r="3" t="257" w="52" /><ent r="4" t="258" w="175" /><ent r="4" t="258" w="183" /><ent r="4" t="258" w="206" /><ent r="4" t="258" w="227" /><ent r="4" t="258" w="254" /><ent r="4" t="258" w="273" /><ent r="4" t="259" w="79" /><ent r="5" t="259" w="201" /><ent r="3" t="260" w="145" /><ent r="3" t="262" w="90" /><ent r="5" t="263" w="109" /><ent r="5" t="264" w="36" /><ent r="5" t="264" w="174" /><ent r="5" t="265" w="155" /><ent r="5" t="265" w="264" /><ent r="5" t="265" w="477" /><ent r="5" t="265" w="691" /><ent r="5" t="266" w="257" /><ent r="3" t="267" w="16" /><ent r="3" t="267" w="28" /><ent r="3" t="267" w="45" /><ent r="3" t="267" w="131" /><ent r="4" t="269" w="55" /><ent r="4" t="269" w="75" /><ent r="3" t="270" w="147" /><ent r="3" t="270" w="155" /><ent r="3" t="270" w="178" /><ent r="3" t="270" w="199" /><ent r="3" t="270" w="228" /><ent r="3" t="270" w="247" /><ent r="3" t="277" w="46" /><ent r="3" t="277" w="55" /><ent r="3" t="277" w="84" /><ent r="4" t="277" w="137" /><ent r="4" t="278" w="112" /><ent r="4" t="278" w="119" /><ent r="4" t="278" w="126" /><ent r="4" t="278" w="131" /><ent r="4" t="278" w="137" /><ent r="64" t="285" w="189" /><ent r="4" t="289" w="116" /><ent r="3" t="289" w="152" /><ent r="3" t="289" w="175" /><ent r="3" t="290" w="23" /><ent r="3" t="291" w="76" /><ent r="3" t="292" w="69" /><ent r="3" t="292" w="130" /><ent r="4" t="292" w="203" /><ent r="3" t="292" w="223" /><ent r="3" t="292" w="231" /><ent r="6" t="299" w="311" /><ent r="6" t="299" w="329" /><ent r="6" t="299" w="366" /><ent r="6" t="299" w="369" /><ent r="6" t="299" w="421" /><ent r="5" t="299" w="534" /><ent r="3" t="300" w="58" /><ent r="6" t="300" w="96" /><ent r="6" t="300" w="393" /><ent r="6" t="300" w="406" /><ent r="6" t="300" w="419" /><ent r="6" t="300" w="451" /><ent r="6" t="300" w="508" /><ent r="3" t="301" w="92" /><ent r="3" t="301" w="202" /><ent r="3" t="302" w="97" /><ent r="5" t="302" w="131" /><ent r="5" t="302" w="176" /><ent r="3" t="303" w="54" /><ent r="3" t="303" w="103" /><ent r="3" t="303" w="150" /><ent r="3" t="303" w="227" /><ent r="3" t="303" w="245" /></phr><phr n="classes"><ent r="6" t="5" w="184" /><ent r="3" t="22" w="221" /><ent r="3" t="22" w="246" /><ent r="64" t="42" w="675" /><ent r="64" t="45" w="625" /><ent r="64" t="45" w="638" /><ent r="3" t="49" w="1405" /><ent r="3" t="50" w="23" /><ent r="3" t="50" w="85" /><ent r="3" t="50" w="99" /><ent r="3" t="50" w="112" /><ent r="4" t="50" w="144" /><ent r="4" t="50" w="187" /><ent r="3" t="50" w="206" /><ent r="3" t="51" w="34" /><ent r="3" t="51" w="122" /><ent r="4" t="52" w="49" /><ent r="4" t="53" w="63" /><ent r="3" t="55" w="222" /><ent r="64" t="57" w="42" /><ent r="3" t="70" w="54" /><ent r="5" t="70" w="107" /><ent r="4" t="70" w="148" /><ent r="5" t="70" w="162" /><ent r="4" t="70" w="220" /><ent r="3" t="70" w="266" /><ent r="3" t="70" w="275" /><ent r="3" t="79" w="105" /><ent r="3" t="83" w="13" /><ent r="3" t="83" w="75" /><ent r="3" t="90" w="21" /><ent r="3" t="90" w="115" /><ent r="3" t="90" w="147" /><ent r="3" t="90" w="170" /><ent r="3" t="90" w="190" /><ent r="3" t="90" w="209" /><ent r="3" t="90" w="226" /><ent r="3" t="90" w="303" /><ent r="4" t="90" w="345" /><ent r="3" t="91" w="38" /><ent r="6" t="92" w="422" /><ent r="6" t="92" w="436" /><ent r="3" t="95" w="76" /><ent r="3" t="115" w="28" /><ent r="3" t="115" w="111" /><ent r="3" t="118" w="69" /><ent r="3" t="118" w="91" /><ent r="3" t="118" w="115" /><ent r="3" t="120" w="27" /><ent r="3" t="120" w="33" /><ent r="4" t="120" w="262" /><ent r="4" t="120" w="306" /><ent r="3" t="121" w="118" /><ent r="4" t="123" w="20" /><ent r="4" t="123" w="27" /><ent r="3" t="123" w="56" /><ent r="4" t="123" w="121" /><ent r="4" t="123" w="125" /><ent r="4" t="123" w="136" /><ent r="3" t="129" w="21" /><ent r="3" t="129" w="49" /><ent r="3" t="129" w="70" /><ent r="3" t="130" w="77" /><ent r="3" t="131" w="20" /><ent r="3" t="131" w="94" /><ent r="3" t="131" w="110" /><ent r="4" t="131" w="162" /><ent r="4" t="131" w="170" /><ent r="3" t="147" w="15" /><ent r="3" t="151" w="25" /><ent r="3" t="151" w="38" /><ent r="3" t="152" w="73" /><ent r="3" t="152" w="149" /><ent r="3" t="153" w="33" /><ent r="3" t="153" w="63" /><ent r="3" t="170" w="34" /><ent r="3" t="170" w="64" /><ent r="92" t="180" w="119" /><ent r="3" t="180" w="129" /><ent r="4" t="180" w="159" /><ent r="4" t="180" w="200" /><ent r="3" t="192" w="85" /><ent r="3" t="193" w="43" /><ent r="3" t="218" w="70" /><ent r="4" t="230" w="53" /><ent r="3" t="230" w="101" /><ent r="3" t="231" w="20" /><ent r="3" t="231" w="43" /><ent r="3" t="231" w="57" /><ent r="3" t="231" w="120" /><ent r="3" t="231" w="197" /><ent r="3" t="231" w="225" /><ent r="3" t="236" w="105" /><ent r="3" t="247" w="181" /><ent r="3" t="247" w="289" /><ent r="3" t="259" w="39" /><ent r="3" t="259" w="59" /><ent r="4" t="259" w="86" /><ent r="4" t="259" w="117" /><ent r="4" t="259" w="137" /><ent r="3" t="263" w="102" /><ent r="3" t="265" w="654" /><ent r="3" t="267" w="20" /><ent r="3" t="267" w="59" /><ent r="4" t="267" w="89" /><ent r="3" t="267" w="112" /><ent r="4" t="269" w="82" /><ent r="3" t="276" w="214" /><ent r="3" t="276" w="218" /><ent r="3" t="277" w="104" /><ent r="4" t="278" w="123" /><ent r="3" t="289" w="215" /><ent r="3" t="289" w="248" /><ent r="3" t="291" w="65" /><ent r="5" t="297" w="186" /><ent r="5" t="297" w="233" /><ent r="5" t="297" w="426" /><ent r="5" t="297" w="443" /><ent r="5" t="297" w="555" /><ent r="4" t="297" w="706" /><ent r="6" t="299" w="226" /><ent r="6" t="299" w="229" /><ent r="6" t="299" w="459" /><ent r="3" t="300" w="70" /><ent r="4" t="308" w="397" /></phr><phr n="Class"><ent r="5" t="21" w="252" /><ent r="5" t="21" w="337" /><ent r="5" t="29" w="234" /><ent r="5" t="29" w="291" /><ent r="5" t="29" w="631" /><ent r="5" t="29" w="725" /><ent r="5" t="30" w="464" /><ent r="5" t="30" w="554" /><ent r="5" t="31" w="1675" /><ent r="5" t="31" w="1756" /><ent r="5" t="42" w="150" /><ent r="5" t="42" w="298" /><ent r="5" t="49" w="370" /><ent r="4" t="50" w="121" /><ent r="5" t="50" w="155" /><ent r="5" t="50" w="169" /><ent r="5" t="50" w="179" /><ent r="5" t="50" w="237" /><ent r="5" t="52" w="176" /><ent r="5" t="52" w="263" /><ent r="6" t="53" w="191" /><ent r="6" t="53" w="268" /><ent r="6" t="53" w="365" /><ent r="6" t="53" w="442" /><ent r="93" t="53" w="462" /><ent r="6" t="53" w="581" /><ent r="6" t="53" w="662" /><ent r="5" t="60" w="251" /><ent r="5" t="60" w="321" /><ent r="5" t="64" w="217" /><ent r="5" t="64" w="264" /><ent r="64" t="79" w="123" /><ent r="1000" t="83" w="1" /><ent r="102" t="83" w="4" /><ent r="5" t="89" w="94" /><ent r="5" t="89" w="130" /><ent r="5" t="99" w="325" /><ent r="5" t="99" w="414" /><ent r="92" t="112" w="241" /><ent r="4" t="112" w="620" /><ent r="5" t="112" w="634" /><ent r="5" t="112" w="1142" /><ent r="4" t="112" w="1146" /><ent r="5" t="114" w="421" /><ent r="5" t="114" w="660" /><ent r="64" t="118" w="193" /><ent r="92" t="120" w="39" /><ent r="1000" t="123" w="2" /><ent r="102" t="123" w="6" /><ent r="64" t="123" w="156" /><ent r="64" t="123" w="176" /><ent r="1000" t="124" w="2" /><ent r="100" t="124" w="9" /><ent r="100" t="124" w="16" /><ent r="102" t="124" w="21" /><ent r="1000" t="125" w="2" /><ent r="100" t="125" w="9" /><ent r="100" t="125" w="17" /><ent r="102" t="125" w="23" /><ent r="5" t="130" w="269" /><ent r="5" t="130" w="612" /><ent r="5" t="141" w="210" /><ent r="5" t="141" w="338" /><ent r="92" t="145" w="158" /><ent r="92" t="146" w="191" /><ent r="92" t="152" w="137" /><ent r="5" t="190" w="475" /><ent r="5" t="190" w="599" /><ent r="4" t="193" w="299" /><ent r="4" t="193" w="391" /><ent r="4" t="193" w="560" /><ent r="4" t="193" w="562" /><ent r="1000" t="209" w="1" /><ent r="100" t="209" w="24" /><ent r="102" t="209" w="27" /><ent r="92" t="209" w="87" /><ent r="1000" t="214" w="2" /><ent r="102" t="214" w="6" /><ent r="1000" t="219" w="2" /><ent r="102" t="219" w="5" /><ent r="5" t="236" w="170" /><ent r="5" t="236" w="231" /><ent r="5" t="236" w="431" /><ent r="5" t="236" w="503" /><ent r="5" t="236" w="642" /><ent r="5" t="236" w="695" /><ent r="5" t="259" w="284" /><ent r="5" t="259" w="393" /><ent r="5" t="263" w="149" /><ent r="5" t="263" w="211" /><ent r="5" t="264" w="65" /><ent r="5" t="264" w="81" /><ent r="5" t="264" w="234" /><ent r="5" t="264" w="290" /><ent r="5" t="266" w="292" /><ent r="5" t="266" w="314" /><ent r="1000" t="267" w="1" /><ent r="102" t="267" w="7" /><ent r="64" t="277" w="261" /><ent r="65" t="278" w="142" /><ent r="6" t="299" w="238" /><ent r="5" t="302" w="194" /><ent r="5" t="302" w="272" /><ent r="5" t="302" w="278" /><ent r="5" t="302" w="282" /></phr><phr n="Classes"><ent r="92" t="50" w="75" /><ent r="92" t="55" w="218" /><ent r="100" t="120" w="7" /><ent r="100" t="120" w="13" /><ent r="1000" t="231" w="4" /><ent r="102" t="231" w="10" /><ent r="92" t="247" w="170" /><ent r="92" t="247" w="275" /><ent r="92" t="265" w="119" /><ent r="64" t="273" w="146" /><ent r="1000" t="277" w="3" /><ent r="102" t="277" w="11" /></phr></stem><stem n="support"><phr n="support"><ent r="4" t="0" w="203" /><ent r="65" t="0" w="276" /><ent r="3" t="1" w="287" /><ent r="3" t="3" w="130" /><ent r="3" t="4" w="486" /><ent r="6" t="5" w="362" /><ent r="3" t="12" w="254" /><ent r="64" t="15" w="428" /><ent r="3" t="16" w="57" /><ent r="3" t="16" w="78" /><ent r="3" t="16" w="103" /><ent r="4" t="20" w="530" /><ent r="3" t="22" w="59" /><ent r="3" t="36" w="181" /><ent r="3" t="49" w="164" /><ent r="3" t="49" w="264" /><ent r="3" t="51" w="16" /><ent r="3" t="51" w="187" /><ent r="3" t="54" w="84" /><ent r="3" t="65" w="45" /><ent r="3" t="90" w="24" /><ent r="3" t="90" w="157" /><ent r="6" t="92" w="424" /><ent r="6" t="92" w="438" /><ent r="6" t="92" w="443" /><ent r="3" t="107" w="54" /><ent r="5" t="116" w="92" /><ent r="3" t="118" w="185" /><ent r="3" t="122" w="198" /><ent r="3" t="123" w="13" /><ent r="3" t="124" w="64" /><ent r="3" t="125" w="64" /><ent r="3" t="128" w="25" /><ent r="3" t="133" w="55" /><ent r="3" t="133" w="62" /><ent r="3" t="133" w="83" /><ent r="3" t="133" w="98" /><ent r="3" t="134" w="36" /><ent r="3" t="135" w="51" /><ent r="3" t="136" w="49" /><ent r="3" t="137" w="42" /><ent r="3" t="138" w="33" /><ent r="3" t="138" w="41" /><ent r="4" t="138" w="78" /><ent r="4" t="138" w="100" /><ent r="4" t="138" w="137" /><ent r="4" t="138" w="159" /><ent r="3" t="139" w="56" /><ent r="4" t="140" w="465" /><ent r="3" t="148" w="30" /><ent r="3" t="151" w="19" /><ent r="3" t="178" w="145" /><ent r="3" t="194" w="17" /><ent r="3" t="208" w="92" /><ent r="4" t="237" w="106" /><ent r="5" t="237" w="186" /><ent r="5" t="237" w="248" /><ent r="4" t="237" w="269" /><ent r="5" t="237" w="294" /><ent r="5" t="237" w="329" /><ent r="3" t="239" w="26" /><ent r="3" t="244" w="333" /><ent r="3" t="252" w="111" /><ent r="3" t="261" w="23" /><ent r="3" t="261" w="55" /><ent r="3" t="261" w="68" /><ent r="3" t="263" w="12" /><ent r="4" t="263" w="288" /><ent r="4" t="263" w="364" /><ent r="3" t="266" w="95" /><ent r="4" t="266" w="133" /><ent r="4" t="266" w="176" /><ent r="64" t="268" w="47" /><ent r="3" t="296" w="50" /><ent r="65" t="308" w="76" /><ent r="65" t="308" w="151" /><ent r="4" t="308" w="216" /><ent r="4" t="308" w="240" /><ent r="4" t="308" w="261" /><ent r="6" t="309" w="348" /></phr><phr n="supports"><ent r="4" t="0" w="298" /><ent r="3" t="3" w="146" /><ent r="3" t="11" w="8" /><ent r="3" t="12" w="13" /><ent r="4" t="20" w="465" /><ent r="3" t="59" w="8" /><ent r="3" t="66" w="82" /><ent r="3" t="151" w="8" /><ent r="3" t="226" w="26" /><ent r="3" t="229" w="12" /><ent r="3" t="229" w="71" /><ent r="3" t="237" w="40" /><ent r="3" t="247" w="107" /><ent r="3" t="256" w="34" /><ent r="3" t="265" w="44" /></phr><phr n="supported"><ent r="3" t="1" w="13" /><ent r="3" t="5" w="503" /><ent r="3" t="12" w="426" /><ent r="3" t="17" w="115" /><ent r="3" t="56" w="342" /><ent r="3" t="158" w="21" /><ent r="4" t="237" w="78" /><ent r="4" t="237" w="93" /><ent r="3" t="266" w="41" /><ent r="3" t="266" w="64" /><ent r="3" t="268" w="35" /></phr><phr n="supporting"><ent r="3" t="1" w="39" /><ent r="3" t="9" w="161" /></phr><phr n="Supported"><ent r="92" t="103" w="62" /></phr><phr n="Support"><ent r="92" t="133" w="41" /><ent r="92" t="134" w="27" /><ent r="92" t="135" w="35" /><ent r="92" t="136" w="31" /><ent r="92" t="137" w="29" /><ent r="92" t="138" w="24" /><ent r="92" t="139" w="47" /><ent r="3" t="144" w="33" /><ent r="3" t="144" w="45" /><ent r="92" t="266" w="68" /></phr></stem><stem n="client"><phr n="client"><ent r="65" t="0" w="206" /><ent r="3" t="2" w="232" /><ent r="3" t="4" w="248" /><ent r="3" t="4" w="273" /><ent r="3" t="7" w="417" /><ent r="64" t="38" w="250" /><ent r="3" t="67" w="352" /><ent r="3" t="68" w="18" /><ent r="3" t="95" w="102" /><ent r="3" t="95" w="112" /><ent r="4" t="96" w="1003" /><ent r="4" t="96" w="1007" /><ent r="3" t="97" w="25" /><ent r="3" t="100" w="361" /><ent r="3" t="101" w="36" /><ent r="3" t="101" w="60" /><ent r="3" t="101" w="75" /><ent r="3" t="101" w="287" /><ent r="3" t="101" w="295" /><ent r="3" t="105" w="197" /><ent r="3" t="109" w="102" /><ent r="3" t="127" w="94" /><ent r="3" t="127" w="313" /><ent r="5" t="128" w="174" /><ent r="3" t="138" w="16" /><ent r="3" t="138" w="57" /><ent r="4" t="138" w="134" /><ent r="4" t="138" w="156" /><ent r="3" t="138" w="182" /><ent r="3" t="138" w="201" /><ent r="3" t="138" w="219" /><ent r="3" t="142" w="309" /><ent r="64" t="142" w="321" /><ent r="4" t="142" w="359" /><ent r="4" t="142" w="408" /><ent r="3" t="142" w="460" /><ent r="3" t="142" w="477" /><ent r="3" t="142" w="524" /><ent r="3" t="143" w="19" /><ent r="3" t="162" w="44" /><ent r="3" t="165" w="68" /><ent r="3" t="194" w="39" /><ent r="3" t="195" w="12" /><ent r="64" t="195" w="20" /><ent r="3" t="195" w="24" /><ent r="3" t="195" w="31" /><ent r="3" t="195" w="51" /><ent r="3" t="195" w="61" /><ent r="3" t="197" w="13" /><ent r="2" t="198" w="15" /><ent r="3" t="200" w="27" /><ent r="3" t="200" w="42" /><ent r="3" t="200" w="53" /><ent r="3" t="200" w="55" /><ent r="3" t="200" w="85" /><ent r="3" t="200" w="91" /><ent r="3" t="200" w="122" /><ent r="3" t="202" w="17" /><ent r="6" t="202" w="93" /><ent r="6" t="202" w="112" /><ent r="3" t="203" w="19" /><ent r="4" t="203" w="169" /><ent r="3" t="204" w="17" /><ent r="4" t="204" w="58" /><ent r="4" t="204" w="93" /><ent r="3" t="206" w="17" /><ent r="3" t="207" w="13" /><ent r="3" t="207" w="24" /><ent r="3" t="207" w="33" /><ent r="4" t="207" w="52" /><ent r="4" t="207" w="79" /><ent r="3" t="207" w="136" /><ent r="3" t="208" w="13" /><ent r="64" t="209" w="57" /><ent r="3" t="209" w="80" /><ent r="3" t="223" w="32" /><ent r="3" t="223" w="50" /><ent r="3" t="225" w="30" /><ent r="3" t="226" w="28" /><ent r="3" t="226" w="68" /><ent r="3" t="226" w="107" /><ent r="3" t="226" w="269" /><ent r="3" t="226" w="276" /><ent r="3" t="227" w="33" /><ent r="3" t="227" w="37" /><ent r="5" t="227" w="125" /><ent r="4" t="227" w="167" /><ent r="5" t="227" w="214" /><ent r="4" t="227" w="256" /><ent r="4" t="227" w="276" /><ent r="4" t="227" w="322" /><ent r="4" t="227" w="337" /><ent r="3" t="227" w="381" /><ent r="3" t="227" w="408" /><ent r="4" t="227" w="433" /><ent r="4" t="227" w="451" /><ent r="4" t="227" w="482" /><ent r="4" t="227" w="506" /><ent r="3" t="228" w="11" /><ent r="3" t="228" w="46" /><ent r="3" t="228" w="293" /><ent r="3" t="229" w="43" /><ent r="5" t="229" w="105" /><ent r="4" t="229" w="144" /><ent r="5" t="229" w="168" /><ent r="4" t="229" w="218" /><ent r="3" t="229" w="263" /><ent r="3" t="229" w="283" /><ent r="3" t="230" w="24" /><ent r="3" t="230" w="124" /><ent r="3" t="231" w="25" /><ent r="3" t="232" w="19" /><ent r="3" t="232" w="29" /><ent r="3" t="232" w="33" /><ent r="3" t="232" w="65" /><ent r="3" t="232" w="79" /><ent r="3" t="232" w="90" /><ent r="3" t="232" w="180" /><ent r="3" t="232" w="296" /><ent r="3" t="232" w="302" /><ent r="3" t="232" w="314" /><ent r="3" t="232" w="320" /><ent r="3" t="232" w="361" /><ent r="3" t="233" w="17" /><ent r="3" t="233" w="42" /><ent r="3" t="233" w="73" /><ent r="3" t="233" w="81" /><ent r="3" t="233" w="97" /><ent r="3" t="233" w="105" /><ent r="3" t="233" w="163" /><ent r="3" t="233" w="175" /><ent r="3" t="233" w="198" /><ent r="3" t="233" w="236" /><ent r="4" t="233" w="246" /><ent r="4" t="233" w="272" /><ent r="3" t="233" w="309" /><ent r="3" t="233" w="353" /><ent r="3" t="233" w="375" /><ent r="3" t="233" w="385" /><ent r="5" t="233" w="401" /><ent r="4" t="233" w="416" /><ent r="4" t="233" w="429" /><ent r="5" t="233" w="438" /><ent r="5" t="233" w="449" /><ent r="4" t="233" w="465" /><ent r="5" t="233" w="484" /><ent r="4" t="233" w="500" /><ent r="4" t="233" w="517" /><ent r="5" t="233" w="526" /><ent r="5" t="233" w="537" /><ent r="4" t="233" w="558" /><ent r="3" t="233" w="587" /><ent r="3" t="233" w="611" /><ent r="5" t="233" w="630" /><ent r="4" t="233" w="636" /><ent r="5" t="233" w="642" /><ent r="4" t="233" w="649" /><ent r="5" t="233" w="670" /><ent r="4" t="233" w="677" /><ent r="5" t="233" w="687" /><ent r="4" t="233" w="694" /><ent r="3" t="234" w="19" /><ent r="3" t="235" w="46" /><ent r="3" t="235" w="78" /><ent r="3" t="235" w="97" /><ent r="3" t="236" w="11" /><ent r="3" t="236" w="20" /><ent r="4" t="236" w="52" /><ent r="3" t="236" w="281" /><ent r="5" t="236" w="400" /><ent r="5" t="236" w="483" /><ent r="3" t="236" w="527" /><ent r="4" t="236" w="556" /><ent r="4" t="236" w="589" /><ent r="5" t="236" w="617" /><ent r="4" t="236" w="632" /><ent r="5" t="236" w="681" /><ent r="4" t="236" w="704" /><ent r="3" t="236" w="715" /><ent r="3" t="237" w="24" /><ent r="3" t="237" w="43" /><ent r="4" t="237" w="261" /><ent r="4" t="237" w="267" /><ent r="5" t="237" w="297" /><ent r="5" t="237" w="332" /><ent r="2" t="238" w="12" /><ent r="2" t="238" w="73" /><ent r="3" t="238" w="94" /><ent r="4" t="238" w="118" /><ent r="4" t="238" w="138" /><ent r="4" t="238" w="157" /><ent r="4" t="238" w="170" /><ent r="4" t="238" w="203" /><ent r="4" t="238" w="206" /><ent r="4" t="238" w="220" /><ent r="3" t="238" w="260" /><ent r="3" t="238" w="311" /><ent r="64" t="238" w="345" /><ent r="5" t="256" w="255" /><ent r="4" t="256" w="294" /><ent r="5" t="256" w="318" /><ent r="4" t="256" w="368" /><ent r="3" t="265" w="473" /><ent r="3" t="266" w="59" /><ent r="4" t="267" w="94" /><ent r="4" t="269" w="65" /><ent r="4" t="276" w="66" /><ent r="3" t="276" w="149" /><ent r="63" t="276" w="245" /><ent r="3" t="282" w="353" /><ent r="3" t="282" w="381" /><ent r="4" t="304" w="121" /><ent r="4" t="304" w="133" /><ent r="4" t="305" w="127" /><ent r="4" t="305" w="137" /><ent r="4" t="306" w="123" /><ent r="4" t="306" w="133" /><ent r="65" t="308" w="149" /><ent r="4" t="308" w="259" /></phr><phr n="clients"><ent r="3" t="3" w="16" /><ent r="3" t="4" w="169" /><ent r="3" t="7" w="441" /><ent r="4" t="96" w="952" /><ent r="8" t="97" w="236" /><ent r="3" t="101" w="42" /><ent r="3" t="101" w="84" /><ent r="3" t="101" w="308" /><ent r="4" t="102" w="63" /><ent r="3" t="138" w="121" /><ent r="4" t="138" w="229" /><ent r="3" t="138" w="235" /><ent r="3" t="142" w="511" /><ent r="8" t="143" w="82" /><ent r="3" t="169" w="121" /><ent r="3" t="197" w="93" /><ent r="3" t="198" w="92" /><ent r="3" t="202" w="57" /><ent r="3" t="204" w="38" /><ent r="3" t="226" w="133" /><ent r="3" t="227" w="55" /><ent r="4" t="227" w="310" /><ent r="8" t="228" w="200" /><ent r="3" t="229" w="73" /><ent r="64" t="229" w="84" /><ent r="3" t="229" w="90" /><ent r="3" t="232" w="100" /><ent r="3" t="232" w="151" /><ent r="3" t="232" w="340" /><ent r="3" t="232" w="353" /><ent r="4" t="233" w="259" /><ent r="4" t="233" w="289" /><ent r="3" t="235" w="54" /><ent r="3" t="235" w="84" /><ent r="4" t="238" w="181" /><ent r="4" t="238" w="362" /><ent r="4" t="238" w="375" /><ent r="4" t="238" w="392" /><ent r="3" t="256" w="234" /><ent r="64" t="256" w="239" /><ent r="3" t="306" w="83" /></phr><phr n="Client"><ent r="92" t="67" w="348" /><ent r="65" t="96" w="1029" /><ent r="6" t="97" w="35" /><ent r="4" t="101" w="22" /><ent r="4" t="105" w="60" /><ent r="92" t="142" w="304" /><ent r="92" t="142" w="452" /><ent r="3" t="167" w="198" /><ent r="1000" t="195" w="1" /><ent r="100" t="195" w="5" /><ent r="102" t="195" w="8" /><ent r="1000" t="201" w="2" /><ent r="102" t="201" w="6" /><ent r="1000" t="204" w="1" /><ent r="102" t="204" w="5" /><ent r="1000" t="207" w="3" /><ent r="102" t="207" w="7" /><ent r="126" t="208" w="102" /><ent r="1000" t="226" w="1" /><ent r="100" t="226" w="6" /><ent r="102" t="226" w="9" /><ent r="1000" t="227" w="4" /><ent r="102" t="227" w="11" /><ent r="1000" t="229" w="2" /><ent r="102" t="229" w="8" /><ent r="92" t="229" w="229" /><ent r="64" t="229" w="297" /><ent r="3" t="231" w="16" /><ent r="1000" t="232" w="3" /><ent r="102" t="232" w="9" /><ent r="92" t="232" w="62" /><ent r="1000" t="233" w="1" /><ent r="102" t="233" w="11" /><ent r="5" t="236" w="411" /><ent r="5" t="236" w="494" /><ent r="1000" t="237" w="4" /><ent r="102" t="237" w="15" /><ent r="1000" t="238" w="1" /><ent r="102" t="238" w="7" /><ent r="4" t="267" w="84" /><ent r="92" t="282" w="345" /></phr><phr n="Clients"><ent r="4" t="237" w="88" /></phr></stem></index>