﻿<?xml version="1.0" encoding="utf-8"?><index><stem n="backup-fil"><phr n="backup-file"><ent r="3" t="87" w="53" /><ent r="3" t="87" w="71" /></phr></stem><stem n="config.backupstorag"><phr n="config.BackupStorage"><ent r="4" t="87" w="90" /><ent r="4" t="87" w="89" /><ent r="4" t="87" w="129" /><ent r="4" t="87" w="128" /></phr></stem><stem n="backupstorag"><phr n="BackupStorage"><ent r="4" t="87" w="90" /><ent r="4" t="87" w="129" /></phr></stem><stem n=".backupstorage("><phr n=".BackupStorage("><ent r="4" t="87" w="91" /><ent r="4" t="87" w="130" /></phr></stem><stem n="idmapp"><phr n="IDMapper"><ent r="3" t="88" w="32" /><ent r="3" t="88" w="39" /></phr></stem><stem n="inmemoryidmap"><phr n="InMemoryIdMapping"><ent r="3" t="88" w="49" /><ent r="4" t="88" w="86" /><ent r="4" t="88" w="131" /></phr></stem><stem n="fastest"><phr n="fastest"><ent r="3" t="88" w="55" /><ent r="4" t="90" w="363" /><ent r="3" t="179" w="226" /></phr></stem><stem n="alter"><phr n="alterative"><ent r="3" t="88" w="63" /></phr></stem><stem n="databaseidmap"><phr n="DatabaseIdMapping"><ent r="3" t="88" w="67" /></phr></stem><stem n="iidmap"><phr n="IIdMapping"><ent r="4" t="88" w="81" /><ent r="4" t="88" w="127" /></phr></stem><stem n="-exist"><phr n="-existing"><ent r="3" t="89" w="45" /><ent r="3" t="89" w="45" /></phr></stem><stem n="non-exist"><phr n="non-existing"><ent r="3" t="89" w="45" /></phr></stem><stem n="defragmentlisten"><phr n="DefragmentListener"><ent r="4" t="89" w="66" /><ent r="4" t="89" w="96" /><ent r="4" t="89" w="160" /><ent r="4" t="89" w="194" /></phr></stem><stem n="idefragmentlisten"><phr n="IDefragmentListener"><ent r="4" t="89" w="67" /><ent r="4" t="89" w="100" /><ent r="4" t="89" w="118" /></phr></stem><stem n="notifydefragmentinfo"><phr n="NotifyDefragmentInfo"><ent r="4" t="89" w="73" /><ent r="4" t="89" w="106" /><ent r="4" t="89" w="119" /></phr></stem><stem n="(defragmentinfo"><phr n="(DefragmentInfo"><ent r="4" t="89" w="74" /></phr></stem><stem n="defragmentinfo"><phr n="DefragmentInfo"><ent r="4" t="89" w="74" /><ent r="4" t="89" w="114" /></phr><phr n="defragmentInfo"><ent r="4" t="89" w="75" /><ent r="4" t="89" w="78" /><ent r="4" t="89" w="110" /><ent r="4" t="89" w="122" /></phr></stem><stem n=".writeline(defragmentinfo);"><phr n=".WriteLine(defragmentInfo);"><ent r="4" t="89" w="79" /></phr></stem><stem n=".notifydefragmentinfo"><phr n=".NotifyDefragmentInfo"><ent r="4" t="89" w="119" /></phr></stem><stem n="idefragmentlistener.notifydefragmentinfo"><phr n="IDefragmentListener.NotifyDefragmentInfo"><ent r="4" t="89" w="119" /><ent r="4" t="89" w="118" /></phr></stem><stem n=".writeline(defragmentinfo)"><phr n=".WriteLine(defragmentInfo)"><ent r="4" t="89" w="123" /></phr></stem><stem n=".defrag(config,"><phr n=".Defrag(config,"><ent r="4" t="89" w="157" /><ent r="4" t="89" w="191" /></phr></stem><stem n="(jar,"><phr n="(jar,"><ent r="3" t="90" w="18" /></phr></stem><stem n="sequenc"><phr n="sequences"><ent r="3" t="90" w="64" /></phr><phr n="sequence"><ent r="3" t="257" w="247" /></phr></stem><stem n="profil"><phr n="profiling"><ent r="3" t="90" w="80" /></phr></stem><stem n="plug"><phr n="plugged"><ent r="3" t="90" w="110" /></phr><phr n="plug"><ent r="3" t="162" w="22" /></phr></stem><stem n="pollut"><phr n="pollute"><ent r="3" t="90" w="168" /></phr></stem><stem n="parti"><phr n="party"><ent r="3" t="90" w="189" /><ent r="3" t="114" w="44" /><ent r="3" t="309" w="296" /></phr><phr n="Parties"><ent r="92" t="232" w="286" /></phr><phr n="parties"><ent r="4" t="309" w="64" /></phr><phr n="Party"><ent r="92" t="309" w="282" /></phr></stem><stem n="handi"><phr n="handy"><ent r="3" t="90" w="198" /></phr></stem><stem n="&quot;clean&quot;"><phr n="&quot;clean&quot;"><ent r="3" t="90" w="226" /></phr></stem><stem n="forget"><phr n="forget"><ent r="3" t="90" w="230" /><ent r="3" t="99" w="1038" /><ent r="3" t="247" w="211" /><ent r="3" t="247" w="305" /><ent r="3" t="251" w="159" /><ent r="4" t="286" w="216" /></phr></stem><stem n="afterward"><phr n="afterwards"><ent r="3" t="90" w="235" /><ent r="3" t="112" w="150" /></phr></stem><stem n="run-tim"><phr n="run-time"><ent r="3" t="90" w="254" /></phr></stem><stem n="-friendli"><phr n="-friendly"><ent r="3" t="90" w="266" /><ent r="3" t="90" w="266" /></phr></stem><stem n="compiler-friendli"><phr n="compiler-friendly"><ent r="3" t="90" w="266" /></phr></stem><stem n="-processor-friendli"><phr n="-processor-friendly"><ent r="3" t="90" w="281" /><ent r="3" t="90" w="282" /></phr></stem><stem n="query-processor"><phr n="query-processor"><ent r="3" t="90" w="281" /></phr></stem><stem n="query-processor-friendli"><phr n="query-processor-friendly"><ent r="3" t="90" w="281" /></phr></stem><stem n="processor-friendli"><phr n="processor-friendly"><ent r="3" t="90" w="282" /></phr></stem><stem n="obvious"><phr n="Obviously"><ent r="3" t="90" w="285" /><ent r="3" t="165" w="33" /><ent r="4" t="258" w="73" /><ent r="3" t="272" w="536" /></phr></stem><stem n="-instrument"><phr n="-instrumented"><ent r="3" t="90" w="301" /><ent r="3" t="90" w="301" /></phr></stem><stem n="pre"><phr n="pre"><ent r="3" t="90" w="301" /><ent r="3" t="200" w="20" /><ent r="3" t="200" w="76" /></phr></stem><stem n="pre-instru"><phr n="pre-instrumented"><ent r="3" t="90" w="301" /></phr></stem><stem n="packag"><phr n="packaging"><ent r="4" t="90" w="347" /></phr><phr n="package"><ent r="4" t="123" w="113" /><ent r="6" t="143" w="130" /><ent r="3" t="295" w="46" /><ent r="6" t="299" w="179" /><ent r="6" t="299" w="280" /><ent r="3" t="301" w="141" /></phr><phr n="packaged"><ent r="3" t="245" w="101" /><ent r="3" t="268" w="351" /></phr><phr n="packages"><ent r="3" t="306" w="18" /></phr><phr n="Package"><ent r="4" t="307" w="59" /></phr></stem><stem n="command-lin"><phr n="command-line"><ent r="4" t="90" w="399" /><ent r="3" t="299" w="27" /><ent r="3" t="299" w="77" /><ent r="3" t="299" w="89" /><ent r="3" t="299" w="151" /></phr><phr n="Command-Line"><ent r="67" t="296" w="74" /><ent r="1000" t="299" w="2" /><ent r="102" t="299" w="7" /></phr><phr n="Command-line"><ent r="3" t="299" w="100" /></phr></stem><stem n="-line."><phr n="-line."><ent r="4" t="90" w="401" /><ent r="4" t="90" w="401" /></phr></stem><stem n="&quot;db4otool&quot;"><phr n="&quot;Db4oTool&quot;"><ent r="65" t="90" w="404" /></phr></stem><stem n="-case"><phr n="-cases"><ent r="3" t="91" w="30" /><ent r="3" t="91" w="30" /><ent r="3" t="102" w="31" /><ent r="3" t="102" w="31" /><ent r="3" t="112" w="248" /><ent r="3" t="112" w="248" /></phr></stem><stem n="use-cas"><phr n="use-cases"><ent r="3" t="91" w="30" /><ent r="3" t="96" w="38" /><ent r="3" t="102" w="31" /><ent r="3" t="112" w="248" /></phr></stem><stem n="&quot;db4otool"><phr n="&quot;Db4oTool"><ent r="64" t="91" w="60" /></phr></stem><stem n="&quot;includ"><phr n="&quot;Including"><ent r="64" t="91" w="75" /></phr></stem><stem n="[options]"><phr n="[options]"><ent r="4" t="92" w="23" /><ent r="3" t="92" w="26" /><ent r="6" t="93" w="108" /></phr></stem><stem n="&lt;assembly&gt;"><phr n="&lt;assembly&gt;"><ent r="4" t="92" w="23" /><ent r="3" t="92" w="35" /></phr></stem><stem n="hint"><phr n="hint"><ent r="3" t="92" w="64" /></phr><phr n="hints"><ent r="3" t="128" w="37" /></phr></stem><stem n="-?"><phr n="-?"><ent r="4" t="92" w="73" /><ent r="4" t="92" w="73" /><ent r="6" t="92" w="298" /><ent r="6" t="92" w="298" /></phr></stem><stem n="-help"><phr n="-help"><ent r="4" t="92" w="76" /><ent r="4" t="92" w="76" /><ent r="6" t="92" w="298" /><ent r="6" t="92" w="298" /><ent r="7" t="92" w="306" /><ent r="7" t="92" w="306" /></phr></stem><stem n="-help2"><phr n="-help2"><ent r="4" t="92" w="87" /><ent r="4" t="92" w="87" /><ent r="6" t="92" w="308" /><ent r="6" t="92" w="308" /><ent r="7" t="92" w="319" /><ent r="7" t="92" w="319" /></phr></stem><stem n="help2"><phr n="help2"><ent r="4" t="92" w="87" /><ent r="6" t="92" w="308" /><ent r="7" t="92" w="319" /></phr></stem><stem n="-usag"><phr n="-usage"><ent r="4" t="92" w="91" /><ent r="4" t="92" w="91" /><ent r="6" t="92" w="470" /><ent r="6" t="92" w="470" /><ent r="7" t="92" w="479" /><ent r="7" t="92" w="479" /></phr></stem><stem n="-by-attribute:param"><phr n="-by-attribute:PARAM"><ent r="6" t="92" w="108" /><ent r="6" t="92" w="109" /></phr></stem><stem n="param"><phr n="PARAM"><ent r="6" t="92" w="108" /><ent r="6" t="92" w="127" /><ent r="6" t="92" w="142" /><ent r="6" t="92" w="340" /><ent r="6" t="92" w="347" /><ent r="5" t="92" w="454" /></phr><phr n="params"><ent r="5" t="141" w="155" /></phr></stem><stem n="-ta"><phr n="-ta"><ent r="7" t="92" w="119" /><ent r="7" t="92" w="119" /><ent r="7" t="92" w="134" /><ent r="7" t="92" w="134" /><ent r="7" t="92" w="154" /><ent r="7" t="92" w="154" /><ent r="7" t="92" w="170" /><ent r="7" t="92" w="170" /><ent r="6" t="92" w="419" /><ent r="6" t="92" w="419" /><ent r="7" t="92" w="429" /><ent r="7" t="92" w="429" /><ent r="7" t="92" w="496" /><ent r="7" t="92" w="496" /><ent r="7" t="92" w="521" /><ent r="7" t="92" w="521" /></phr></stem><stem n="byattribut"><phr n="byattribute"><ent r="7" t="92" w="120" /><ent r="7" t="92" w="253" /></phr></stem><stem n="-byattribute:activat"><phr n="-byattribute:Activatable"><ent r="7" t="92" w="121" /><ent r="7" t="92" w="121" /><ent r="7" t="92" w="254" /><ent r="7" t="92" w="254" /></phr></stem><stem n="myassembl"><phr n="MyAssembly"><ent r="7" t="92" w="122" /><ent r="7" t="92" w="137" /><ent r="7" t="92" w="158" /><ent r="7" t="92" w="175" /><ent r="7" t="92" w="206" /><ent r="7" t="92" w="232" /><ent r="7" t="92" w="255" /><ent r="7" t="92" w="283" /><ent r="7" t="92" w="336" /><ent r="7" t="92" w="416" /><ent r="7" t="92" w="430" /><ent r="7" t="92" w="450" /><ent r="7" t="92" w="498" /><ent r="7" t="92" w="523" /></phr></stem><stem n="myassembly.ex"><phr n="MyAssembly.exe"><ent r="7" t="92" w="123" /><ent r="7" t="92" w="122" /><ent r="7" t="92" w="138" /><ent r="7" t="92" w="137" /><ent r="7" t="92" w="159" /><ent r="7" t="92" w="158" /><ent r="7" t="92" w="176" /><ent r="7" t="92" w="175" /><ent r="7" t="92" w="207" /><ent r="7" t="92" w="206" /><ent r="7" t="92" w="233" /><ent r="7" t="92" w="232" /><ent r="7" t="92" w="256" /><ent r="7" t="92" w="255" /><ent r="7" t="92" w="284" /><ent r="7" t="92" w="283" /><ent r="7" t="92" w="337" /><ent r="7" t="92" w="336" /><ent r="7" t="92" w="417" /><ent r="7" t="92" w="416" /><ent r="7" t="92" w="431" /><ent r="7" t="92" w="430" /><ent r="7" t="92" w="451" /><ent r="7" t="92" w="450" /><ent r="7" t="92" w="499" /><ent r="7" t="92" w="498" /><ent r="7" t="92" w="524" /><ent r="7" t="92" w="523" /></phr></stem><stem n="by-filt"><phr n="by-filter"><ent r="6" t="92" w="125" /></phr></stem><stem n="-by-filter:param"><phr n="-by-filter:PARAM"><ent r="6" t="92" w="127" /><ent r="6" t="92" w="128" /></phr></stem><stem n="byfilt"><phr n="byfilter"><ent r="7" t="92" w="135" /></phr></stem><stem n="-byfilter:iactivat"><phr n="-byfilter:IActivatable"><ent r="7" t="92" w="136" /><ent r="7" t="92" w="136" /></phr></stem><stem n="by-nam"><phr n="by-name"><ent r="6" t="92" w="140" /></phr></stem><stem n="-by-name:param"><phr n="-by-name:PARAM"><ent r="6" t="92" w="142" /><ent r="6" t="92" w="143" /></phr></stem><stem n="(with"><phr n="(with"><ent r="6" t="92" w="148" /></phr></stem><stem n="):"><phr n="):"><ent r="6" t="92" w="152" /><ent r="6" t="92" w="317" /><ent r="6" t="92" w="447" /><ent r="3" t="117" w="606" /><ent r="4" t="190" w="412" /><ent r="4" t="277" w="125" /><ent r="4" t="277" w="149" /></phr></stem><stem n="bynam"><phr n="byname"><ent r="7" t="92" w="155" /><ent r="7" t="92" w="171" /></phr></stem><stem n="mycompani"><phr n="MyCompany"><ent r="7" t="92" w="156" /></phr></stem><stem n="-byname:mycompany.myproduct"><phr n="-byname:MyCompany.MyProduct"><ent r="7" t="92" w="157" /><ent r="7" t="92" w="157" /></phr></stem><stem n="mycompany.myproduct"><phr n="MyCompany.MyProduct"><ent r="7" t="92" w="157" /><ent r="7" t="92" w="156" /></phr></stem><stem n="myproduct"><phr n="MyProduct"><ent r="7" t="92" w="157" /></phr></stem><stem n="-not"><phr n="-not"><ent r="6" t="92" w="161" /><ent r="6" t="92" w="161" /><ent r="7" t="92" w="174" /><ent r="7" t="92" w="174" /></phr></stem><stem n="negat"><phr n="Negate"><ent r="5" t="92" w="164" /></phr></stem><stem n="-byname:db4objects.db4o"><phr n="-byname:Db4objects.Db4o"><ent r="7" t="92" w="173" /><ent r="7" t="92" w="173" /></phr></stem><stem n="-case-sensit"><phr n="-case-sensitive"><ent r="6" t="92" w="178" /><ent r="6" t="92" w="179" /><ent r="7" t="92" w="204" /><ent r="7" t="92" w="205" /></phr></stem><stem n="-sensitive."><phr n="-sensitive."><ent r="6" t="92" w="189" /><ent r="6" t="92" w="189" /></phr></stem><stem n="conjunct"><phr n="conjunction"><ent r="6" t="92" w="195" /></phr></stem><stem n="(nq):"><phr n="(nq):"><ent r="6" t="92" w="201" /></phr></stem><stem n="-nq"><phr n="-nq"><ent r="7" t="92" w="203" /><ent r="7" t="92" w="203" /><ent r="7" t="92" w="281" /><ent r="7" t="92" w="281" /><ent r="6" t="92" w="408" /><ent r="6" t="92" w="408" /><ent r="7" t="92" w="415" /><ent r="7" t="92" w="415" /></phr></stem><stem n="-fake"><phr n="-fake"><ent r="6" t="92" w="258" /><ent r="6" t="92" w="258" /><ent r="7" t="92" w="282" /><ent r="7" t="92" w="282" /></phr></stem><stem n="fake"><phr n="fake"><ent r="6" t="92" w="258" /><ent r="7" t="92" w="282" /></phr><phr n="Fake"><ent r="6" t="92" w="260" /></phr></stem><stem n="standard"><phr n="standard"><ent r="6" t="92" w="301" /><ent r="4" t="129" w="180" /><ent r="3" t="130" w="70" /><ent r="3" t="141" w="10" /><ent r="4" t="168" w="59" /></phr></stem><stem n="(develop"><phr n="(development"><ent r="6" t="92" w="315" /></phr></stem><stem n="-install-performance-count"><phr n="-install-performance-counters"><ent r="5" t="92" w="321" /><ent r="5" t="92" w="323" /><ent r="7" t="92" w="333" /><ent r="7" t="92" w="335" /><ent r="4" t="133" w="337" /><ent r="4" t="133" w="339" /></phr></stem><stem n="install-perform"><phr n="install-performance"><ent r="5" t="92" w="321" /><ent r="7" t="92" w="333" /><ent r="4" t="133" w="337" /></phr></stem><stem n="install-performance-count"><phr n="install-performance-counters"><ent r="5" t="92" w="321" /><ent r="7" t="92" w="333" /><ent r="4" t="133" w="337" /></phr></stem><stem n="performance-count"><phr n="performance-counters"><ent r="5" t="92" w="322" /><ent r="7" t="92" w="334" /><ent r="4" t="133" w="338" /><ent r="4" t="133" w="428" /></phr><phr n="performance-counter"><ent r="4" t="133" w="412" /></phr></stem><stem n="counter"><phr n="counters"><ent r="5" t="92" w="323" /><ent r="6" t="92" w="327" /><ent r="7" t="92" w="335" /><ent r="4" t="133" w="193" /><ent r="4" t="133" w="211" /><ent r="4" t="133" w="272" /><ent r="5" t="133" w="282" /><ent r="5" t="133" w="298" /><ent r="4" t="133" w="333" /><ent r="4" t="133" w="339" /><ent r="4" t="133" w="351" /><ent r="4" t="133" w="386" /><ent r="4" t="133" w="429" /></phr><phr n="Counters"><ent r="100" t="132" w="7" /><ent r="3" t="132" w="128" /><ent r="3" t="133" w="22" /><ent r="93" t="133" w="179" /></phr><phr n="counter"><ent r="4" t="133" w="221" /><ent r="4" t="133" w="413" /></phr></stem><stem n="-instrumentation:param"><phr n="-instrumentation:PARAM"><ent r="6" t="92" w="340" /><ent r="6" t="92" w="340" /></phr></stem><stem n="definit"><phr n="definition"><ent r="6" t="92" w="355" /><ent r="3" t="267" w="46" /><ent r="4" t="269" w="56" /><ent r="3" t="291" w="103" /><ent r="3" t="292" w="224" /><ent r="3" t="292" w="285" /><ent r="6" t="300" w="394" /><ent r="6" t="300" w="407" /><ent r="6" t="300" w="420" /></phr><phr n="definitions"><ent r="4" t="230" w="54" /><ent r="4" t="269" w="76" /><ent r="3" t="292" w="232" /></phr></stem><stem n="db4otool.abstractassemblyinstrument"><phr n="Db4oTool.AbstractAssemblyInstrumentation"><ent r="7" t="92" w="359" /><ent r="7" t="92" w="358" /><ent r="7" t="92" w="387" /><ent r="7" t="92" w="386" /></phr></stem><stem n="abstractassemblyinstrument"><phr n="AbstractAssemblyInstrumentation"><ent r="7" t="92" w="359" /><ent r="7" t="92" w="387" /></phr></stem><stem n="db4otool.abstractassemblyinstrumentation,"><phr n="Db4oTool.AbstractAssemblyInstrumentation,"><ent r="7" t="92" w="359" /><ent r="7" t="92" w="358" /></phr></stem><stem n=".abstractassemblyinstrumentation,"><phr n=".AbstractAssemblyInstrumentation,"><ent r="7" t="92" w="360" /></phr></stem><stem n=".iassemblyinstrument"><phr n=".IAssemblyInstrumentation"><ent r="7" t="92" w="370" /></phr></stem><stem n="db4otool.iassemblyinstrument"><phr n="Db4oTool.IAssemblyInstrumentation"><ent r="7" t="92" w="370" /><ent r="7" t="92" w="369" /></phr></stem><stem n="iassemblyinstrument"><phr n="IAssemblyInstrumentation"><ent r="7" t="92" w="370" /></phr></stem><stem n=".abstractassemblyinstrument"><phr n=".AbstractAssemblyInstrumentation"><ent r="7" t="92" w="387" /></phr></stem><stem n="templat"><phr n="template"><ent r="6" t="92" w="396" /></phr></stem><stem n=".tainstrument"><phr n=".TAInstrumentation"><ent r="7" t="92" w="404" /></phr></stem><stem n="db4otool.tainstrument"><phr n="Db4oTool.TAInstrumentation"><ent r="7" t="92" w="404" /><ent r="7" t="92" w="403" /></phr></stem><stem n="tainstrument"><phr n="TAInstrumentation"><ent r="7" t="92" w="404" /></phr></stem><stem n="(transpar"><phr n="(Transparent"><ent r="6" t="92" w="441" /></phr></stem><stem n="-statistics:param"><phr n="-statistics:PARAM"><ent r="5" t="92" w="454" /><ent r="5" t="92" w="454" /></phr></stem><stem n="-statist"><phr n="-statistics"><ent r="6" t="92" w="466" /><ent r="6" t="92" w="466" /></phr></stem><stem n="-v"><phr n="-v"><ent r="6" t="92" w="481" /><ent r="6" t="92" w="481" /><ent r="7" t="92" w="497" /><ent r="7" t="92" w="497" /></phr><phr n="-V"><ent r="6" t="92" w="501" /><ent r="6" t="92" w="501" /><ent r="7" t="92" w="511" /><ent r="7" t="92" w="511" /></phr></stem><stem n="v"><phr n="v"><ent r="6" t="92" w="481" /><ent r="7" t="92" w="497" /></phr><phr n="V"><ent r="6" t="92" w="501" /><ent r="7" t="92" w="511" /></phr></stem><stem n="-verbos"><phr n="-verbose"><ent r="6" t="92" w="482" /><ent r="6" t="92" w="482" /></phr></stem><stem n="-version"><phr n="-version"><ent r="6" t="92" w="502" /><ent r="6" t="92" w="502" /></phr></stem><stem n="displai"><phr n="Display"><ent r="6" t="92" w="504" /></phr><phr n="displaying"><ent r="4" t="289" w="90" /><ent r="4" t="289" w="102" /></phr><phr n="displayed"><ent r="3" t="290" w="183" /><ent r="3" t="290" w="194" /></phr></stem><stem n="-vv"><phr n="-vv"><ent r="6" t="92" w="513" /><ent r="6" t="92" w="513" /><ent r="7" t="92" w="522" /><ent r="7" t="92" w="522" /></phr></stem><stem n="vv"><phr n="vv"><ent r="6" t="92" w="513" /><ent r="7" t="92" w="522" /></phr></stem><stem n="pretti"><phr n="Pretty"><ent r="6" t="92" w="515" /></phr><phr n="pretty"><ent r="3" t="275" w="454" /></phr></stem><stem n="ok"><phr n="Ok"><ent r="6" t="92" w="549" /></phr><phr n="ok"><ent r="6" t="237" w="373" /><ent r="6" t="237" w="454" /><ent r="5" t="281" w="368" /><ent r="5" t="281" w="484" /></phr><phr n="OK"><ent r="4" t="307" w="98" /></phr></stem><stem n="-1"><phr n="-1"><ent r="6" t="92" w="551" /><ent r="6" t="92" w="551" /></phr></stem><stem n="invalid"><phr n="Invalid"><ent r="6" t="92" w="553" /></phr><phr n="invalid"><ent r="4" t="126" w="88" /><ent r="3" t="126" w="160" /><ent r="3" t="184" w="55" /><ent r="4" t="263" w="571" /><ent r="4" t="263" w="634" /><ent r="3" t="274" w="68" /></phr></stem><stem n="-2"><phr n="-2"><ent r="6" t="92" w="566" /><ent r="6" t="92" w="566" /></phr></stem><stem n="easiest"><phr n="easiest"><ent r="3" t="93" w="14" /><ent r="5" t="258" w="105" /><ent r="3" t="268" w="102" /></phr></stem><stem n="page"><phr n="page"><ent r="4" t="93" w="81" /><ent r="3" t="190" w="49" /><ent r="3" t="190" w="196" /><ent r="3" t="190" w="200" /><ent r="3" t="190" w="203" /><ent r="3" t="190" w="227" /><ent r="3" t="190" w="242" /><ent r="3" t="190" w="246" /><ent r="3" t="241" w="53" /><ent r="3" t="294" w="66" /></phr><phr n="paging"><ent r="4" t="188" w="311" /><ent r="4" t="188" w="363" /><ent r="3" t="241" w="13" /><ent r="3" t="241" w="87" /><ent r="3" t="241" w="119" /><ent r="3" t="241" w="132" /><ent r="5" t="241" w="189" /><ent r="5" t="241" w="406" /><ent r="4" t="241" w="613" /><ent r="4" t="241" w="655" /></phr><phr n="pages"><ent r="3" t="190" w="42" /><ent r="3" t="190" w="218" /><ent r="3" t="259" w="20" /></phr><phr n="Page"><ent r="92" t="190" w="184" /><ent r="92" t="190" w="187" /><ent r="3" t="190" w="274" /><ent r="3" t="190" w="277" /></phr><phr n="Paging"><ent r="64" t="239" w="52" /><ent r="1000" t="241" w="1" /><ent r="100" t="241" w="3" /><ent r="102" t="241" w="5" /><ent r="4" t="241" w="150" /><ent r="4" t="241" w="286" /><ent r="4" t="241" w="302" /><ent r="4" t="241" w="333" /><ent r="4" t="241" w="348" /><ent r="4" t="241" w="570" /><ent r="4" t="241" w="604" /><ent r="4" t="241" w="646" /></phr></stem><stem n="&quot;build"><phr n="&quot;Build"><ent r="4" t="93" w="84" /></phr></stem><stem n="&quot;post-build"><phr n="&quot;Post-build"><ent r="4" t="93" w="90" /></phr></stem><stem n="post-build"><phr n="Post-build"><ent r="4" t="93" w="90" /></phr><phr n="post-build"><ent r="4" t="93" w="134" /></phr></stem><stem n=":&quot;"><phr n=":&quot;"><ent r="4" t="93" w="95" /><ent r="4" t="93" w="137" /></phr></stem><stem n="enter"><phr n="enter"><ent r="4" t="93" w="95" /><ent r="4" t="133" w="377" /></phr></stem><stem n="path"><phr n="path"><ent r="6" t="93" w="101" /><ent r="6" t="93" w="121" /><ent r="4" t="106" w="159" /><ent r="4" t="106" w="187" /><ent r="4" t="175" w="68" /><ent r="4" t="175" w="96" /><ent r="3" t="226" w="114" /><ent r="3" t="257" w="151" /><ent r="4" t="257" w="231" /><ent r="5" t="262" w="264" /><ent r="3" t="291" w="96" /><ent r="3" t="292" w="278" /><ent r="3" t="297" w="633" /><ent r="3" t="297" w="636" /><ent r="3" t="297" w="639" /><ent r="3" t="298" w="83" /><ent r="6" t="299" w="201" /><ent r="3" t="306" w="463" /><ent r="3" t="306" w="480" /><ent r="3" t="306" w="483" /></phr><phr n="Path"><ent r="1000" t="175" w="2" /><ent r="102" t="175" w="5" /><ent r="3" t="291" w="93" /><ent r="3" t="292" w="275" /></phr><phr n="paths"><ent r="3" t="297" w="604" /><ent r="3" t="306" w="302" /></phr></stem><stem n="path_to"><phr n="path_to"><ent r="6" t="93" w="102" /><ent r="6" t="93" w="101" /><ent r="6" t="93" w="122" /><ent r="6" t="93" w="121" /></phr></stem><stem n="path_to_db4otool"><phr n="path_to_Db4oTool"><ent r="6" t="93" w="103" /><ent r="6" t="93" w="101" /><ent r="6" t="93" w="123" /><ent r="6" t="93" w="121" /></phr></stem><stem n="path_to_db4otool_fold"><phr n="path_to_Db4oTool_folder"><ent r="6" t="93" w="104" /><ent r="6" t="93" w="101" /><ent r="6" t="93" w="124" /><ent r="6" t="93" w="121" /></phr></stem><stem n="[path_to_db4otool_folder]/db4otools.ex"><phr n="[path_to_Db4oTool_folder]/Db4oTools.exe"><ent r="6" t="93" w="106" /></phr></stem><stem n="db4otools.ex"><phr n="Db4oTools.exe"><ent r="6" t="93" w="106" /><ent r="6" t="93" w="105" /></phr></stem><stem n="project'"><phr n="project's"><ent r="5" t="93" w="118" /><ent r="5" t="93" w="117" /></phr></stem><stem n="[path_to_db4otool_folder]"><phr n="[path_to_Db4oTool_folder]"><ent r="6" t="93" w="125" /></phr></stem><stem n="&quot;run"><phr n="&quot;Run"><ent r="4" t="93" w="132" /><ent r="3" t="306" w="625" /></phr></stem><stem n="-build"><phr n="-build"><ent r="4" t="93" w="134" /><ent r="4" t="93" w="134" /></phr></stem><stem n="&quot;on"><phr n="&quot;On"><ent r="4" t="93" w="138" /></phr></stem><stem n="trigger"><phr n="Triggers"><ent r="100" t="94" w="5" /></phr><phr n="trigger"><ent r="3" t="94" w="29" /><ent r="3" t="100" w="36" /><ent r="3" t="101" w="78" /><ent r="3" t="275" w="569" /></phr><phr n="triggered"><ent r="3" t="102" w="75" /></phr><phr n="Triggering"><ent r="4" t="236" w="37" /></phr></stem><stem n="&quot;event"><phr n="&quot;Event"><ent r="64" t="94" w="86" /><ent r="64" t="232" w="53" /></phr><phr n="&quot;Events"><ent r="65" t="96" w="1027" /></phr></stem><stem n="registri"><phr n="Registry"><ent r="64" t="94" w="87" /><ent r="1000" t="96" w="2" /><ent r="102" t="96" w="8" /><ent r="64" t="232" w="54" /><ent r="92" t="232" w="59" /><ent r="92" t="232" w="123" /></phr><phr n="registry"><ent r="3" t="96" w="93" /><ent r="4" t="96" w="127" /><ent r="4" t="96" w="151" /><ent r="3" t="96" w="169" /><ent r="4" t="96" w="959" /><ent r="4" t="96" w="1013" /><ent r="3" t="232" w="70" /><ent r="3" t="232" w="81" /><ent r="3" t="232" w="131" /><ent r="3" t="232" w="141" /></phr></stem><stem n="com.db4o"><phr n="com.db4o"><ent r="3" t="95" w="38" /><ent r="3" t="95" w="37" /><ent r="6" t="299" w="291" /><ent r="6" t="299" w="290" /><ent r="6" t="299" w="336" /><ent r="6" t="299" w="335" /><ent r="6" t="299" w="523" /><ent r="6" t="299" w="522" /><ent r="6" t="300" w="239" /><ent r="6" t="300" w="238" /></phr></stem><stem n="com.db4o.ext"><phr n="com.db4o.ext"><ent r="3" t="95" w="39" /><ent r="3" t="95" w="37" /></phr></stem><stem n=".db4o.ext.objectcallback"><phr n=".db4o.ext.ObjectCallbacks"><ent r="3" t="95" w="40" /></phr></stem><stem n="com.db4o.ext.objectcallback"><phr n="com.db4o.ext.ObjectCallbacks"><ent r="3" t="95" w="40" /><ent r="3" t="95" w="37" /></phr></stem><stem n="objectcallback"><phr n="ObjectCallbacks"><ent r="3" t="95" w="40" /></phr></stem><stem n="presenc"><phr n="presence"><ent r="3" t="95" w="54" /><ent r="3" t="192" w="59" /><ent r="3" t="235" w="85" /></phr></stem><stem n="objectcanxxxx"><phr n="objectCanXxxx"><ent r="4" t="95" w="88" /></phr></stem><stem n="#objectcanxxxx()"><phr n="#objectCanXxxx()"><ent r="4" t="95" w="89" /></phr></stem><stem n="objectondelet"><phr n="objectOnDelete"><ent r="3" t="95" w="117" /></phr></stem><stem n="objectcandelet"><phr n="objectCanDelete"><ent r="3" t="95" w="118" /></phr></stem><stem n="usecas"><phr n="usecases"><ent r="3" t="95" w="122" /></phr><phr n="Usecases"><ent r="64" t="96" w="43" /><ent r="1000" t="98" w="2" /><ent r="102" t="98" w="5" /></phr></stem><stem n="gui"><phr n="GUI"><ent r="4" t="95" w="148" /></phr></stem><stem n="db4o-databas"><phr n="db4o-database"><ent r="3" t="96" w="18" /></phr></stem><stem n="-database."><phr n="-database."><ent r="3" t="96" w="20" /><ent r="3" t="96" w="20" /></phr></stem><stem n="-cases."><phr n="-cases."><ent r="3" t="96" w="40" /><ent r="3" t="96" w="40" /></phr></stem><stem n="&quot;possibl"><phr n="&quot;Possible"><ent r="64" t="96" w="42" /></phr></stem><stem n="three"><phr n="three"><ent r="3" t="96" w="95" /><ent r="3" t="114" w="183" /><ent r="3" t="164" w="59" /><ent r="3" t="169" w="27" /><ent r="3" t="309" w="19" /></phr></stem><stem n="obtain"><phr n="obtain"><ent r="3" t="96" w="105" /><ent r="3" t="297" w="13" /></phr><phr n="Obtain"><ent r="4" t="96" w="124" /><ent r="4" t="96" w="148" /><ent r="5" t="233" w="399" /><ent r="4" t="233" w="471" /><ent r="5" t="233" w="482" /><ent r="4" t="233" w="564" /></phr></stem><stem n="ieventregistri"><phr n="IEventRegistry"><ent r="4" t="96" w="108" /><ent r="4" t="96" w="116" /><ent r="4" t="96" w="141" /><ent r="4" t="96" w="330" /><ent r="4" t="96" w="392" /><ent r="4" t="96" w="544" /><ent r="4" t="96" w="585" /><ent r="4" t="96" w="685" /><ent r="4" t="96" w="791" /><ent r="4" t="99" w="912" /><ent r="4" t="99" w="995" /><ent r="4" t="100" w="281" /><ent r="4" t="100" w="308" /><ent r="4" t="101" w="109" /><ent r="4" t="101" w="172" /><ent r="4" t="232" w="219" /><ent r="4" t="232" w="260" /><ent r="4" t="244" w="219" /><ent r="4" t="244" w="288" /><ent r="4" t="251" w="288" /><ent r="4" t="251" w="371" /><ent r="4" t="263" w="372" /><ent r="4" t="263" w="409" /></phr></stem></index>