﻿<?xml version="1.0" encoding="utf-8"?><index><stem n="databas"><phr n="database"><ent r="3" t="0" w="10" /><ent r="4" t="0" w="52" /><ent r="5" t="0" w="75" /><ent r="4" t="0" w="252" /><ent r="4" t="0" w="261" /><ent r="3" t="1" w="9" /><ent r="3" t="1" w="37" /><ent r="3" t="1" w="45" /><ent r="3" t="1" w="52" /><ent r="3" t="1" w="235" /><ent r="3" t="1" w="298" /><ent r="3" t="1" w="337" /><ent r="3" t="2" w="43" /><ent r="3" t="2" w="345" /><ent r="3" t="2" w="432" /><ent r="3" t="2" w="440" /><ent r="3" t="2" w="466" /><ent r="3" t="2" w="561" /><ent r="3" t="2" w="580" /><ent r="3" t="2" w="600" /><ent r="3" t="2" w="631" /><ent r="3" t="2" w="657" /><ent r="2" t="4" w="11" /><ent r="2" t="4" w="33" /><ent r="3" t="4" w="141" /><ent r="3" t="4" w="251" /><ent r="3" t="4" w="275" /><ent r="3" t="4" w="299" /><ent r="3" t="4" w="306" /><ent r="3" t="4" w="528" /><ent r="3" t="4" w="631" /><ent r="6" t="5" w="163" /><ent r="6" t="5" w="191" /><ent r="6" t="5" w="235" /><ent r="6" t="5" w="254" /><ent r="64" t="5" w="419" /><ent r="3" t="5" w="467" /><ent r="3" t="5" w="555" /><ent r="3" t="6" w="31" /><ent r="64" t="6" w="45" /><ent r="3" t="6" w="61" /><ent r="3" t="6" w="94" /><ent r="64" t="6" w="100" /><ent r="3" t="6" w="118" /><ent r="3" t="7" w="90" /><ent r="3" t="7" w="231" /><ent r="3" t="8" w="319" /><ent r="3" t="9" w="157" /><ent r="3" t="10" w="20" /><ent r="3" t="10" w="29" /><ent r="3" t="10" w="45" /><ent r="3" t="10" w="49" /><ent r="4" t="10" w="106" /><ent r="4" t="10" w="146" /><ent r="3" t="10" w="490" /><ent r="3" t="11" w="35" /><ent r="3" t="12" w="19" /><ent r="3" t="23" w="36" /><ent r="3" t="24" w="541" /><ent r="3" t="29" w="133" /><ent r="3" t="32" w="163" /><ent r="3" t="33" w="29" /><ent r="3" t="33" w="38" /><ent r="4" t="33" w="68" /><ent r="4" t="33" w="120" /><ent r="4" t="33" w="131" /><ent r="3" t="33" w="257" /><ent r="3" t="33" w="265" /><ent r="3" t="34" w="110" /><ent r="3" t="34" w="313" /><ent r="5" t="34" w="353" /><ent r="5" t="34" w="416" /><ent r="3" t="36" w="31" /><ent r="6" t="37" w="59" /><ent r="6" t="37" w="94" /><ent r="3" t="38" w="57" /><ent r="3" t="38" w="91" /><ent r="3" t="38" w="113" /><ent r="3" t="39" w="32" /><ent r="3" t="39" w="63" /><ent r="3" t="39" w="68" /><ent r="3" t="39" w="88" /><ent r="3" t="39" w="163" /><ent r="4" t="39" w="230" /><ent r="4" t="39" w="265" /><ent r="3" t="39" w="352" /><ent r="3" t="39" w="390" /><ent r="3" t="43" w="38" /><ent r="3" t="45" w="30" /><ent r="3" t="45" w="47" /><ent r="5" t="45" w="405" /><ent r="5" t="45" w="466" /><ent r="3" t="47" w="18" /><ent r="3" t="47" w="43" /><ent r="3" t="49" w="274" /><ent r="3" t="49" w="336" /><ent r="3" t="49" w="1009" /><ent r="5" t="49" w="1081" /><ent r="5" t="49" w="1222" /><ent r="5" t="50" w="754" /><ent r="5" t="50" w="831" /><ent r="3" t="54" w="21" /><ent r="3" t="54" w="122" /><ent r="3" t="55" w="208" /><ent r="4" t="59" w="298" /><ent r="3" t="65" w="62" /><ent r="3" t="65" w="103" /><ent r="3" t="65" w="117" /><ent r="3" t="65" w="137" /><ent r="3" t="65" w="167" /><ent r="3" t="65" w="207" /><ent r="3" t="65" w="222" /><ent r="3" t="66" w="58" /><ent r="4" t="68" w="42" /><ent r="4" t="68" w="66" /><ent r="3" t="68" w="89" /><ent r="3" t="69" w="98" /><ent r="3" t="69" w="448" /><ent r="3" t="69" w="455" /><ent r="3" t="70" w="25" /><ent r="3" t="70" w="651" /><ent r="3" t="71" w="75" /><ent r="3" t="72" w="98" /><ent r="3" t="72" w="151" /><ent r="3" t="72" w="254" /><ent r="3" t="72" w="328" /><ent r="3" t="73" w="21" /><ent r="4" t="74" w="680" /><ent r="4" t="74" w="685" /><ent r="4" t="74" w="693" /><ent r="4" t="74" w="736" /><ent r="4" t="74" w="745" /><ent r="4" t="74" w="752" /><ent r="4" t="75" w="461" /><ent r="4" t="75" w="466" /><ent r="4" t="75" w="474" /><ent r="4" t="75" w="518" /><ent r="4" t="75" w="527" /><ent r="4" t="75" w="534" /><ent r="4" t="75" w="575" /><ent r="4" t="75" w="580" /><ent r="4" t="75" w="588" /><ent r="4" t="75" w="632" /><ent r="4" t="75" w="641" /><ent r="4" t="75" w="648" /><ent r="3" t="77" w="9" /><ent r="3" t="77" w="60" /><ent r="3" t="77" w="69" /><ent r="3" t="77" w="74" /><ent r="3" t="77" w="82" /><ent r="3" t="77" w="111" /><ent r="5" t="78" w="25" /><ent r="5" t="78" w="46" /><ent r="3" t="78" w="99" /><ent r="5" t="78" w="134" /><ent r="5" t="78" w="138" /><ent r="5" t="78" w="159" /><ent r="5" t="78" w="163" /><ent r="5" t="78" w="205" /><ent r="5" t="78" w="234" /><ent r="3" t="79" w="33" /><ent r="3" t="79" w="52" /><ent r="3" t="79" w="68" /><ent r="3" t="79" w="82" /><ent r="3" t="79" w="153" /><ent r="3" t="79" w="158" /><ent r="3" t="79" w="195" /><ent r="3" t="79" w="201" /><ent r="3" t="80" w="12" /><ent r="3" t="80" w="30" /><ent r="5" t="80" w="40" /><ent r="5" t="80" w="69" /><ent r="3" t="80" w="97" /><ent r="3" t="80" w="110" /><ent r="5" t="80" w="138" /><ent r="5" t="80" w="142" /><ent r="5" t="80" w="175" /><ent r="5" t="80" w="179" /><ent r="3" t="81" w="30" /><ent r="5" t="81" w="64" /><ent r="5" t="81" w="82" /><ent r="4" t="81" w="99" /><ent r="5" t="81" w="118" /><ent r="5" t="81" w="136" /><ent r="4" t="81" w="158" /><ent r="5" t="82" w="73" /><ent r="5" t="82" w="106" /><ent r="3" t="83" w="17" /><ent r="3" t="83" w="47" /><ent r="5" t="83" w="89" /><ent r="5" t="83" w="124" /><ent r="3" t="84" w="18" /><ent r="5" t="84" w="53" /><ent r="5" t="84" w="91" /><ent r="3" t="85" w="15" /><ent r="5" t="85" w="45" /><ent r="4" t="85" w="62" /><ent r="5" t="85" w="81" /><ent r="4" t="85" w="98" /><ent r="3" t="86" w="16" /><ent r="5" t="86" w="41" /><ent r="5" t="86" w="76" /><ent r="3" t="87" w="27" /><ent r="3" t="87" w="35" /><ent r="3" t="87" w="60" /><ent r="3" t="87" w="67" /><ent r="5" t="87" w="86" /><ent r="5" t="87" w="125" /><ent r="3" t="88" w="11" /><ent r="5" t="88" w="94" /><ent r="5" t="88" w="98" /><ent r="5" t="88" w="143" /><ent r="5" t="88" w="147" /><ent r="3" t="89" w="34" /><ent r="5" t="89" w="151" /><ent r="5" t="89" w="185" /><ent r="5" t="92" w="217" /><ent r="5" t="92" w="295" /><ent r="5" t="92" w="461" /><ent r="3" t="94" w="23" /><ent r="3" t="94" w="34" /><ent r="3" t="95" w="21" /><ent r="3" t="96" w="19" /><ent r="3" t="96" w="51" /><ent r="4" t="98" w="56" /><ent r="3" t="99" w="632" /><ent r="5" t="99" w="712" /><ent r="4" t="99" w="722" /><ent r="5" t="99" w="834" /><ent r="4" t="99" w="852" /><ent r="4" t="101" w="23" /><ent r="3" t="104" w="19" /><ent r="4" t="105" w="89" /><ent r="4" t="106" w="42" /><ent r="4" t="106" w="89" /><ent r="3" t="110" w="31" /><ent r="3" t="112" w="146" /><ent r="3" t="112" w="188" /><ent r="3" t="112" w="1182" /><ent r="3" t="112" w="1368" /><ent r="5" t="114" w="744" /><ent r="5" t="114" w="797" /><ent r="5" t="116" w="149" /><ent r="3" t="118" w="35" /><ent r="3" t="118" w="63" /><ent r="4" t="119" w="78" /><ent r="3" t="120" w="61" /><ent r="3" t="120" w="162" /><ent r="4" t="120" w="251" /><ent r="4" t="120" w="280" /><ent r="4" t="120" w="296" /><ent r="5" t="121" w="251" /><ent r="5" t="121" w="280" /><ent r="5" t="121" w="395" /><ent r="5" t="121" w="438" /><ent r="3" t="126" w="54" /><ent r="3" t="126" w="123" /><ent r="3" t="126" w="174" /><ent r="4" t="126" w="210" /><ent r="3" t="127" w="157" /><ent r="3" t="127" w="179" /><ent r="3" t="127" w="195" /><ent r="3" t="127" w="224" /><ent r="3" t="127" w="273" /><ent r="5" t="128" w="60" /><ent r="7" t="128" w="74" /><ent r="7" t="128" w="90" /><ent r="6" t="128" w="103" /><ent r="7" t="128" w="126" /><ent r="7" t="128" w="145" /><ent r="6" t="128" w="161" /><ent r="3" t="137" w="168" /><ent r="3" t="137" w="195" /><ent r="3" t="137" w="217" /><ent r="3" t="137" w="243" /><ent r="3" t="137" w="257" /><ent r="3" t="137" w="263" /><ent r="3" t="140" w="31" /><ent r="4" t="140" w="216" /><ent r="4" t="140" w="237" /><ent r="4" t="140" w="369" /><ent r="5" t="142" w="140" /><ent r="5" t="142" w="182" /><ent r="5" t="142" w="243" /><ent r="5" t="142" w="286" /><ent r="8" t="143" w="101" /><ent r="8" t="143" w="111" /><ent r="6" t="143" w="142" /><ent r="6" t="143" w="152" /><ent r="3" t="145" w="132" /><ent r="3" t="147" w="18" /><ent r="3" t="147" w="149" /><ent r="3" t="148" w="11" /><ent r="3" t="148" w="37" /><ent r="5" t="148" w="84" /><ent r="4" t="148" w="103" /><ent r="5" t="148" w="131" /><ent r="4" t="148" w="155" /><ent r="3" t="148" w="169" /><ent r="3" t="148" w="187" /><ent r="3" t="148" w="210" /><ent r="3" t="148" w="218" /><ent r="4" t="148" w="228" /><ent r="4" t="148" w="240" /><ent r="4" t="148" w="252" /><ent r="3" t="149" w="24" /><ent r="3" t="165" w="104" /><ent r="3" t="169" w="89" /><ent r="3" t="169" w="132" /><ent r="3" t="169" w="147" /><ent r="8" t="173" w="91" /><ent r="8" t="173" w="101" /><ent r="8" t="173" w="123" /><ent r="6" t="173" w="152" /><ent r="6" t="173" w="171" /><ent r="6" t="173" w="227" /><ent r="6" t="173" w="237" /><ent r="6" t="173" w="249" /><ent r="3" t="174" w="23" /><ent r="3" t="174" w="217" /><ent r="3" t="175" w="30" /><ent r="3" t="176" w="15" /><ent r="3" t="176" w="33" /><ent r="3" t="176" w="52" /><ent r="3" t="176" w="65" /><ent r="3" t="176" w="77" /><ent r="3" t="176" w="99" /><ent r="3" t="176" w="109" /><ent r="64" t="176" w="122" /><ent r="3" t="176" w="188" /><ent r="3" t="177" w="13" /><ent r="3" t="177" w="27" /><ent r="3" t="177" w="36" /><ent r="3" t="177" w="65" /><ent r="3" t="177" w="73" /><ent r="4" t="178" w="21" /><ent r="3" t="178" w="55" /><ent r="3" t="178" w="84" /><ent r="3" t="178" w="102" /><ent r="3" t="178" w="128" /><ent r="3" t="179" w="22" /><ent r="3" t="179" w="235" /><ent r="3" t="182" w="13" /><ent r="3" t="182" w="30" /><ent r="3" t="182" w="50" /><ent r="4" t="182" w="56" /><ent r="4" t="182" w="83" /><ent r="4" t="182" w="112" /><ent r="3" t="183" w="27" /><ent r="3" t="183" w="36" /><ent r="4" t="184" w="19" /><ent r="3" t="184" w="44" /><ent r="3" t="184" w="80" /><ent r="4" t="184" w="102" /><ent r="4" t="184" w="134" /><ent r="3" t="185" w="15" /><ent r="3" t="185" w="46" /><ent r="3" t="185" w="81" /><ent r="3" t="185" w="123" /><ent r="4" t="186" w="107" /><ent r="5" t="187" w="51" /><ent r="5" t="187" w="106" /><ent r="5" t="187" w="189" /><ent r="5" t="187" w="258" /><ent r="3" t="188" w="24" /><ent r="5" t="188" w="63" /><ent r="3" t="188" w="159" /><ent r="3" t="188" w="233" /><ent r="3" t="188" w="238" /><ent r="5" t="188" w="304" /><ent r="5" t="188" w="356" /><ent r="3" t="188" w="383" /><ent r="3" t="188" w="409" /><ent r="5" t="190" w="98" /><ent r="5" t="190" w="167" /><ent r="3" t="191" w="164" /><ent r="5" t="191" w="208" /><ent r="5" t="191" w="228" /><ent r="5" t="191" w="276" /><ent r="5" t="191" w="307" /><ent r="3" t="191" w="340" /><ent r="3" t="192" w="24" /><ent r="3" t="194" w="36" /><ent r="5" t="194" w="58" /><ent r="5" t="194" w="105" /><ent r="3" t="200" w="151" /><ent r="3" t="210" w="20" /><ent r="3" t="224" w="60" /><ent r="3" t="224" w="68" /><ent r="3" t="224" w="394" /><ent r="3" t="224" w="425" /><ent r="3" t="226" w="17" /><ent r="3" t="226" w="112" /><ent r="5" t="226" w="162" /><ent r="5" t="226" w="205" /><ent r="3" t="232" w="326" /><ent r="5" t="233" w="445" /><ent r="5" t="233" w="533" /><ent r="3" t="242" w="32" /><ent r="3" t="242" w="56" /><ent r="4" t="242" w="74" /><ent r="4" t="242" w="102" /><ent r="4" t="242" w="115" /><ent r="4" t="242" w="121" /><ent r="4" t="242" w="134" /><ent r="3" t="243" w="18" /><ent r="3" t="245" w="80" /><ent r="3" t="246" w="30" /><ent r="3" t="247" w="45" /><ent r="8" t="247" w="101" /><ent r="5" t="254" w="80" /><ent r="5" t="254" w="201" /><ent r="3" t="256" w="93" /><ent r="3" t="257" w="154" /><ent r="3" t="257" w="212" /><ent r="4" t="257" w="222" /><ent r="3" t="257" w="259" /><ent r="4" t="257" w="322" /><ent r="4" t="257" w="372" /><ent r="4" t="257" w="553" /><ent r="4" t="258" w="71" /><ent r="4" t="258" w="81" /><ent r="4" t="259" w="131" /><ent r="3" t="260" w="355" /><ent r="3" t="261" w="16" /><ent r="3" t="261" w="129" /><ent r="3" t="261" w="197" /><ent r="3" t="261" w="227" /><ent r="3" t="261" w="253" /><ent r="3" t="261" w="281" /><ent r="3" t="263" w="87" /><ent r="5" t="266" w="125" /><ent r="5" t="266" w="168" /><ent r="5" t="266" w="587" /><ent r="5" t="266" w="634" /><ent r="3" t="267" w="23" /><ent r="4" t="267" w="81" /><ent r="4" t="269" w="61" /><ent r="6" t="270" w="337" /><ent r="6" t="270" w="347" /><ent r="6" t="270" w="374" /><ent r="3" t="272" w="60" /><ent r="4" t="272" w="69" /><ent r="4" t="272" w="94" /><ent r="5" t="272" w="157" /><ent r="5" t="272" w="230" /><ent r="3" t="272" w="314" /><ent r="3" t="272" w="357" /><ent r="5" t="272" w="375" /><ent r="5" t="272" w="447" /><ent r="3" t="273" w="138" /><ent r="3" t="273" w="170" /><ent r="3" t="276" w="212" /><ent r="3" t="277" w="21" /><ent r="3" t="277" w="41" /><ent r="3" t="278" w="21" /><ent r="4" t="278" w="38" /><ent r="4" t="278" w="45" /><ent r="4" t="278" w="68" /><ent r="3" t="279" w="40" /><ent r="3" t="279" w="74" /><ent r="3" t="279" w="83" /><ent r="64" t="279" w="91" /><ent r="3" t="280" w="66" /><ent r="3" t="281" w="24" /><ent r="3" t="281" w="35" /><ent r="3" t="281" w="64" /><ent r="3" t="281" w="87" /><ent r="3" t="281" w="90" /><ent r="3" t="281" w="149" /><ent r="3" t="281" w="185" /><ent r="3" t="281" w="202" /><ent r="3" t="281" w="222" /><ent r="3" t="281" w="239" /><ent r="3" t="281" w="269" /><ent r="5" t="281" w="359" /><ent r="5" t="281" w="475" /><ent r="3" t="282" w="56" /><ent r="3" t="282" w="84" /><ent r="3" t="282" w="117" /><ent r="64" t="282" w="123" /><ent r="3" t="282" w="253" /><ent r="64" t="282" w="292" /><ent r="3" t="284" w="18" /><ent r="3" t="284" w="39" /><ent r="3" t="284" w="46" /><ent r="64" t="284" w="62" /><ent r="3" t="284" w="146" /><ent r="3" t="284" w="170" /><ent r="3" t="284" w="215" /><ent r="3" t="285" w="24" /><ent r="3" t="285" w="54" /><ent r="3" t="285" w="152" /><ent r="3" t="285" w="218" /><ent r="3" t="285" w="230" /><ent r="3" t="285" w="249" /><ent r="3" t="285" w="292" /><ent r="3" t="285" w="320" /><ent r="3" t="285" w="351" /><ent r="3" t="285" w="359" /><ent r="3" t="286" w="24" /><ent r="4" t="286" w="113" /><ent r="6" t="287" w="25" /><ent r="5" t="288" w="44" /><ent r="3" t="289" w="15" /><ent r="3" t="289" w="29" /><ent r="3" t="289" w="44" /><ent r="3" t="289" w="64" /><ent r="4" t="289" w="97" /><ent r="4" t="289" w="108" /><ent r="4" t="289" w="115" /><ent r="3" t="289" w="155" /><ent r="3" t="289" w="189" /><ent r="3" t="289" w="210" /><ent r="3" t="290" w="17" /><ent r="3" t="290" w="72" /><ent r="3" t="290" w="84" /><ent r="3" t="290" w="246" /><ent r="5" t="290" w="261" /><ent r="5" t="291" w="38" /><ent r="3" t="291" w="109" /><ent r="3" t="292" w="27" /><ent r="3" t="292" w="41" /><ent r="5" t="292" w="59" /><ent r="3" t="292" w="101" /><ent r="3" t="292" w="126" /><ent r="3" t="292" w="181" /><ent r="3" t="292" w="189" /><ent r="3" t="292" w="291" /><ent r="3" t="303" w="86" /><ent r="3" t="309" w="27" /><ent r="3" t="315" w="142" /></phr><phr n="databases"><ent r="3" t="2" w="230" /><ent r="3" t="4" w="330" /><ent r="6" t="5" w="294" /><ent r="3" t="6" w="13" /><ent r="3" t="7" w="50" /><ent r="3" t="55" w="196" /><ent r="3" t="59" w="12" /><ent r="3" t="68" w="16" /><ent r="3" t="68" w="20" /><ent r="3" t="82" w="26" /><ent r="3" t="118" w="43" /><ent r="3" t="118" w="52" /><ent r="3" t="148" w="54" /><ent r="6" t="173" w="157" /><ent r="4" t="176" w="141" /><ent r="4" t="176" w="170" /><ent r="65" t="186" w="49" /><ent r="3" t="224" w="214" /><ent r="3" t="224" w="321" /><ent r="3" t="224" w="445" /><ent r="3" t="278" w="8" /><ent r="3" t="282" w="50" /><ent r="3" t="282" w="265" /><ent r="4" t="284" w="85" /><ent r="4" t="284" w="114" /><ent r="3" t="284" w="153" /><ent r="4" t="287" w="33" /></phr><phr n="Database"><ent r="5" t="2" w="351" /><ent r="5" t="3" w="44" /><ent r="3" t="3" w="106" /><ent r="5" t="4" w="150" /><ent r="8" t="5" w="134" /><ent r="5" t="7" w="23" /><ent r="92" t="10" w="34" /><ent r="5" t="72" w="279" /><ent r="4" t="72" w="287" /><ent r="4" t="72" w="312" /><ent r="4" t="78" w="285" /><ent r="4" t="78" w="290" /><ent r="64" t="79" w="40" /><ent r="64" t="79" w="75" /><ent r="64" t="79" w="163" /><ent r="1000" t="80" w="2" /><ent r="102" t="80" w="7" /><ent r="1000" t="81" w="1" /><ent r="102" t="81" w="4" /><ent r="1000" t="85" w="2" /><ent r="102" t="85" w="6" /><ent r="5" t="99" w="24" /><ent r="64" t="127" w="206" /><ent r="7" t="128" w="83" /><ent r="7" t="128" w="138" /><ent r="3" t="148" w="57" /><ent r="5" t="160" w="38" /><ent r="5" t="160" w="71" /><ent r="1000" t="177" w="1" /><ent r="102" t="177" w="5" /><ent r="1000" t="182" w="2" /><ent r="102" t="182" w="6" /><ent r="100" t="188" w="6" /><ent r="10" t="247" w="343" /><ent r="4" t="257" w="230" /><ent r="4" t="257" w="534" /><ent r="4" t="260" w="187" /><ent r="4" t="260" w="390" /><ent r="92" t="261" w="240" /><ent r="92" t="279" w="31" /><ent r="92" t="280" w="47" /><ent r="64" t="280" w="73" /><ent r="1000" t="281" w="5" /><ent r="102" t="281" w="11" /><ent r="64" t="282" w="67" /><ent r="92" t="282" w="258" /><ent r="1000" t="284" w="4" /><ent r="102" t="284" w="11" /><ent r="1000" t="285" w="5" /><ent r="102" t="285" w="12" /><ent r="64" t="285" w="239" /><ent r="67" t="287" w="130" /><ent r="1000" t="289" w="3" /><ent r="102" t="289" w="7" /><ent r="4" t="289" w="99" /></phr><phr n="Databases"><ent r="92" t="55" w="138" /></phr></stem><stem n="manag"><phr n="management"><ent r="3" t="0" w="11" /><ent r="3" t="2" w="44" /><ent r="3" t="2" w="591" /><ent r="4" t="3" w="165" /><ent r="3" t="179" w="30" /></phr><phr n="Management"><ent r="5" t="2" w="352" /><ent r="5" t="3" w="45" /><ent r="3" t="3" w="107" /><ent r="5" t="4" w="151" /><ent r="8" t="5" w="135" /><ent r="5" t="7" w="24" /><ent r="5" t="99" w="25" /><ent r="10" t="247" w="344" /></phr><phr n="manage"><ent r="3" t="7" w="139" /><ent r="3" t="38" w="39" /><ent r="3" t="38" w="520" /><ent r="3" t="42" w="745" /><ent r="3" t="47" w="44" /><ent r="3" t="48" w="27" /><ent r="3" t="74" w="1158" /><ent r="3" t="131" w="19" /><ent r="3" t="179" w="229" /><ent r="3" t="240" w="12" /><ent r="3" t="240" w="48" /><ent r="3" t="240" w="679" /><ent r="3" t="240" w="715" /></phr><phr n="manages"><ent r="3" t="8" w="335" /><ent r="3" t="38" w="494" /><ent r="3" t="39" w="353" /><ent r="3" t="40" w="20" /><ent r="3" t="48" w="56" /><ent r="3" t="48" w="116" /><ent r="3" t="49" w="154" /><ent r="3" t="50" w="875" /><ent r="3" t="50" w="880" /><ent r="4" t="50" w="1025" /><ent r="4" t="50" w="1086" /><ent r="3" t="74" w="648" /><ent r="3" t="99" w="38" /><ent r="3" t="246" w="15" /><ent r="3" t="253" w="18" /></phr><phr n="Manager"><ent r="3" t="9" w="236" /><ent r="64" t="9" w="240" /><ent r="3" t="72" w="239" /><ent r="64" t="231" w="111" /><ent r="1000" t="287" w="2" /><ent r="102" t="287" w="6" /><ent r="4" t="287" w="10" /><ent r="6" t="287" w="16" /><ent r="3" t="288" w="10" /><ent r="5" t="288" w="35" /><ent r="3" t="289" w="48" /><ent r="5" t="290" w="252" /><ent r="3" t="290" w="272" /><ent r="100" t="291" w="5" /><ent r="5" t="291" w="29" /><ent r="3" t="291" w="84" /><ent r="100" t="292" w="8" /><ent r="5" t="292" w="50" /><ent r="3" t="292" w="266" /></phr><phr n="managing"><ent r="3" t="69" w="105" /><ent r="3" t="82" w="27" /><ent r="3" t="188" w="265" /><ent r="3" t="240" w="942" /></phr><phr n="managed"><ent r="3" t="71" w="141" /><ent r="4" t="106" w="69" /><ent r="6" t="270" w="412" /></phr><phr n="manager"><ent r="3" t="72" w="127" /><ent r="3" t="137" w="12" /><ent r="3" t="137" w="35" /><ent r="3" t="144" w="75" /><ent r="3" t="285" w="310" /></phr><phr n="Managing"><ent r="1000" t="240" w="1" /><ent r="102" t="240" w="6" /><ent r="92" t="260" w="73" /></phr></stem><stem n="system"><phr n="system"><ent r="3" t="0" w="12" /><ent r="65" t="0" w="179" /><ent r="3" t="1" w="355" /><ent r="3" t="2" w="45" /><ent r="3" t="2" w="183" /><ent r="3" t="2" w="254" /><ent r="3" t="3" w="136" /><ent r="6" t="5" w="123" /><ent r="4" t="33" w="106" /><ent r="4" t="59" w="321" /><ent r="3" t="65" w="218" /><ent r="3" t="66" w="321" /><ent r="3" t="68" w="82" /><ent r="3" t="68" w="95" /><ent r="3" t="72" w="18" /><ent r="3" t="77" w="24" /><ent r="3" t="77" w="30" /><ent r="3" t="82" w="9" /><ent r="4" t="88" w="113" /><ent r="4" t="88" w="162" /><ent r="3" t="108" w="51" /><ent r="3" t="114" w="29" /><ent r="3" t="127" w="24" /><ent r="3" t="132" w="61" /><ent r="3" t="132" w="80" /><ent r="4" t="132" w="210" /><ent r="4" t="133" w="174" /><ent r="4" t="137" w="62" /><ent r="4" t="137" w="84" /><ent r="64" t="137" w="201" /><ent r="64" t="137" w="269" /><ent r="64" t="139" w="15" /><ent r="3" t="139" w="30" /><ent r="4" t="139" w="74" /><ent r="4" t="139" w="95" /><ent r="3" t="139" w="124" /><ent r="3" t="140" w="48" /><ent r="64" t="142" w="121" /><ent r="64" t="142" w="224" /><ent r="64" t="142" w="326" /><ent r="3" t="144" w="20" /><ent r="3" t="144" w="163" /><ent r="64" t="150" w="42" /><ent r="6" t="173" w="195" /><ent r="6" t="173" w="273" /><ent r="3" t="178" w="72" /><ent r="3" t="179" w="31" /><ent r="3" t="179" w="55" /><ent r="3" t="179" w="111" /><ent r="3" t="179" w="211" /><ent r="4" t="179" w="288" /><ent r="4" t="179" w="316" /><ent r="3" t="179" w="333" /><ent r="3" t="179" w="364" /><ent r="3" t="179" w="381" /><ent r="3" t="179" w="391" /><ent r="4" t="179" w="406" /><ent r="4" t="179" w="432" /><ent r="3" t="190" w="266" /><ent r="3" t="191" w="44" /><ent r="3" t="191" w="124" /><ent r="3" t="191" w="150" /><ent r="3" t="191" w="335" /><ent r="3" t="224" w="9" /><ent r="3" t="224" w="32" /><ent r="3" t="224" w="39" /><ent r="3" t="224" w="56" /><ent r="3" t="224" w="75" /><ent r="3" t="224" w="79" /><ent r="3" t="224" w="124" /><ent r="3" t="224" w="207" /><ent r="3" t="224" w="209" /><ent r="3" t="224" w="290" /><ent r="4" t="224" w="338" /><ent r="4" t="224" w="366" /><ent r="3" t="224" w="381" /><ent r="3" t="224" w="415" /><ent r="3" t="224" w="430" /><ent r="4" t="224" w="462" /><ent r="4" t="224" w="490" /><ent r="3" t="224" w="510" /><ent r="3" t="224" w="520" /><ent r="4" t="224" w="541" /><ent r="4" t="224" w="572" /><ent r="64" t="225" w="47" /><ent r="3" t="234" w="31" /><ent r="3" t="234" w="72" /><ent r="3" t="234" w="88" /><ent r="2" t="238" w="54" /><ent r="4" t="238" w="373" /><ent r="3" t="256" w="79" /><ent r="3" t="266" w="495" /><ent r="3" t="266" w="518" /><ent r="6" t="270" w="362" /><ent r="3" t="286" w="75" /><ent r="4" t="286" w="200" /><ent r="4" t="286" w="206" /><ent r="64" t="293" w="189" /><ent r="64" t="294" w="50" /><ent r="5" t="294" w="236" /><ent r="4" t="305" w="233" /><ent r="4" t="306" w="229" /><ent r="3" t="306" w="489" /><ent r="64" t="307" w="116" /></phr><phr n="System"><ent r="65" t="0" w="338" /><ent r="5" t="2" w="353" /><ent r="5" t="3" w="46" /><ent r="3" t="3" w="108" /><ent r="5" t="4" w="152" /><ent r="8" t="5" w="136" /><ent r="8" t="5" w="276" /><ent r="5" t="7" w="25" /><ent r="4" t="12" w="83" /><ent r="4" t="12" w="107" /><ent r="3" t="16" w="29" /><ent r="3" t="16" w="51" /><ent r="3" t="16" w="72" /><ent r="3" t="16" w="96" /><ent r="3" t="16" w="124" /><ent r="1000" t="72" w="1" /><ent r="100" t="72" w="4" /><ent r="102" t="72" w="7" /><ent r="5" t="99" w="26" /><ent r="65" t="132" w="203" /><ent r="65" t="133" w="167" /><ent r="1000" t="139" w="3" /><ent r="102" t="139" w="7" /><ent r="92" t="139" w="45" /><ent r="92" t="179" w="202" /><ent r="92" t="179" w="326" /><ent r="4" t="193" w="62" /><ent r="4" t="193" w="166" /><ent r="4" t="193" w="193" /><ent r="4" t="193" w="232" /><ent r="4" t="193" w="264" /><ent r="4" t="193" w="291" /><ent r="4" t="193" w="423" /><ent r="4" t="193" w="461" /><ent r="4" t="193" w="509" /><ent r="4" t="193" w="544" /><ent r="1000" t="224" w="2" /><ent r="102" t="224" w="5" /><ent r="92" t="224" w="107" /><ent r="92" t="224" w="192" /><ent r="92" t="224" w="286" /><ent r="92" t="224" w="377" /><ent r="92" t="224" w="500" /><ent r="10" t="247" w="345" /><ent r="4" t="257" w="88" /><ent r="4" t="257" w="92" /><ent r="4" t="257" w="109" /><ent r="4" t="257" w="113" /><ent r="4" t="258" w="176" /><ent r="4" t="258" w="184" /><ent r="4" t="258" w="207" /><ent r="4" t="258" w="228" /><ent r="4" t="258" w="255" /><ent r="4" t="258" w="274" /><ent r="3" t="267" w="138" /><ent r="3" t="267" w="154" /><ent r="3" t="267" w="158" /><ent r="3" t="270" w="148" /><ent r="3" t="270" w="156" /><ent r="3" t="270" w="179" /><ent r="3" t="270" w="200" /><ent r="3" t="270" w="229" /><ent r="3" t="270" w="248" /><ent r="3" t="276" w="177" /><ent r="3" t="276" w="188" /><ent r="65" t="280" w="38" /><ent r="6" t="299" w="239" /><ent r="6" t="300" w="428" /><ent r="6" t="300" w="441" /><ent r="6" t="300" w="490" /><ent r="4" t="307" w="74" /><ent r="1000" t="311" w="3" /><ent r="102" t="311" w="7" /><ent r="3" t="311" w="12" /></phr><phr n="systems"><ent r="3" t="1" w="57" /><ent r="3" t="1" w="338" /><ent r="3" t="2" w="26" /><ent r="3" t="2" w="78" /><ent r="3" t="2" w="82" /><ent r="3" t="2" w="240" /><ent r="3" t="5" w="29" /><ent r="3" t="5" w="39" /><ent r="6" t="5" w="69" /><ent r="6" t="5" w="199" /><ent r="3" t="128" w="26" /><ent r="3" t="207" w="93" /><ent r="3" t="224" w="27" /><ent r="3" t="245" w="107" /></phr></stem><stem n="develop"><phr n="developed"><ent r="3" t="0" w="13" /></phr><phr n="developer"><ent r="3" t="1" w="34" /><ent r="3" t="2" w="276" /><ent r="3" t="4" w="360" /><ent r="3" t="7" w="274" /><ent r="3" t="39" w="47" /></phr><phr n="developers"><ent r="3" t="1" w="200" /><ent r="3" t="2" w="300" /><ent r="3" t="2" w="650" /><ent r="2" t="4" w="73" /><ent r="3" t="4" w="400" /><ent r="3" t="4" w="619" /><ent r="3" t="7" w="120" /><ent r="3" t="7" w="162" /><ent r="3" t="7" w="357" /><ent r="3" t="7" w="430" /><ent r="3" t="7" w="507" /><ent r="3" t="7" w="612" /></phr><phr n="development"><ent r="3" t="1" w="267" /><ent r="3" t="1" w="322" /><ent r="3" t="2" w="134" /><ent r="3" t="3" w="84" /><ent r="3" t="3" w="129" /><ent r="3" t="4" w="425" /><ent r="3" t="4" w="668" /><ent r="3" t="4" w="683" /><ent r="3" t="7" w="54" /><ent r="3" t="7" w="72" /><ent r="3" t="7" w="286" /><ent r="3" t="7" w="294" /><ent r="3" t="7" w="540" /><ent r="3" t="55" w="20" /><ent r="6" t="92" w="315" /><ent r="3" t="245" w="178" /><ent r="3" t="305" w="24" /><ent r="3" t="305" w="83" /><ent r="4" t="309" w="53" /><ent r="3" t="309" w="410" /></phr><phr n="Developer"><ent r="4" t="3" w="167" /></phr><phr n="Developers"><ent r="3" t="7" w="101" /></phr><phr n="developing"><ent r="3" t="258" w="38" /><ent r="3" t="285" w="340" /></phr><phr n="Develop"><ent r="4" t="297" w="657" /><ent r="3" t="306" w="367" /></phr></stem></index>