﻿<?xml version="1.0" encoding="utf-8"?><index><stem n="readwritetransactionoperations.vb"><phr n="ReadWriteTransactionOperations.vb"><ent r="4" t="75" w="810" /><ent r="4" t="75" w="809" /><ent r="4" t="75" w="975" /><ent r="4" t="75" w="974" /></phr></stem><stem n="dbsupport.inwritetransact"><phr n="dbSupport.InWriteTransaction"><ent r="4" t="75" w="833" /><ent r="4" t="75" w="832" /><ent r="4" t="75" w="906" /><ent r="4" t="75" w="905" /></phr></stem><stem n=".inwritetransaction("><phr n=".InWriteTransaction("><ent r="4" t="75" w="834" /><ent r="4" t="75" w="907" /></phr></stem><stem n="unitsofwork"><phr n="UnitsOfWork"><ent r="4" t="76" w="109" /><ent r="4" t="76" w="162" /><ent r="4" t="76" w="248" /><ent r="4" t="76" w="350" /><ent r="4" t="76" w="415" /><ent r="4" t="76" w="492" /></phr></stem><stem n="unitsofwork.c"><phr n="UnitsOfWork.cs"><ent r="4" t="76" w="110" /><ent r="4" t="76" w="109" /><ent r="4" t="76" w="249" /><ent r="4" t="76" w="248" /><ent r="4" t="76" w="416" /><ent r="4" t="76" w="415" /></phr></stem><stem n="unitsofwork.vb"><phr n="UnitsOfWork.vb"><ent r="4" t="76" w="163" /><ent r="4" t="76" w="162" /><ent r="4" t="76" w="351" /><ent r="4" t="76" w="350" /><ent r="4" t="76" w="493" /><ent r="4" t="76" w="492" /></phr></stem><stem n="(rootcontain"><phr n="(rootContainer"><ent r="4" t="76" w="269" /><ent r="4" t="76" w="437" /></phr></stem><stem n="-state"><phr n="-states"><ent r="3" t="76" w="553" /><ent r="3" t="76" w="553" /></phr><phr n="-state"><ent r="3" t="99" w="893" /><ent r="3" t="99" w="893" /></phr></stem><stem n="object-st"><phr n="object-states"><ent r="3" t="76" w="553" /></phr></stem><stem n="occupi"><phr n="occupied"><ent r="3" t="77" w="18" /><ent r="3" t="179" w="19" /></phr></stem><stem n="recreat"><phr n="recreated"><ent r="3" t="77" w="79" /></phr><phr n="recreate"><ent r="3" t="272" w="361" /></phr></stem><stem n="basi"><phr n="basis"><ent r="3" t="77" w="98" /><ent r="3" t="238" w="285" /></phr></stem><stem n="&quot;how"><phr n="&quot;How"><ent r="64" t="77" w="114" /><ent r="64" t="126" w="248" /></phr></stem><stem n="&quot;defragment"><phr n="&quot;Defragmentation"><ent r="64" t="77" w="129" /><ent r="64" t="78" w="269" /></phr></stem><stem n="notifi"><phr n="notifies"><ent r="3" t="77" w="139" /></phr><phr n="notified"><ent r="3" t="89" w="23" /><ent r="3" t="94" w="20" /><ent r="4" t="102" w="87" /><ent r="4" t="102" w="119" /><ent r="4" t="102" w="152" /></phr><phr n="notify"><ent r="3" t="101" w="306" /><ent r="3" t="300" w="32" /></phr><phr n="Notify"><ent r="4" t="102" w="61" /></phr><phr n="Notifies"><ent r="4" t="140" w="183" /><ent r="4" t="140" w="226" /><ent r="4" t="140" w="241" /><ent r="4" t="140" w="458" /></phr></stem><stem n="&quot;track"><phr n="&quot;Tracking"><ent r="64" t="77" w="146" /></phr></stem><stem n="defragment.defrag"><phr n="Defragment.Defrag"><ent r="4" t="78" w="23" /><ent r="4" t="78" w="22" /><ent r="4" t="78" w="44" /><ent r="4" t="78" w="43" /><ent r="4" t="78" w="132" /><ent r="4" t="78" w="131" /><ent r="4" t="78" w="157" /><ent r="4" t="78" w="156" /><ent r="4" t="78" w="209" /><ent r="4" t="78" w="208" /><ent r="4" t="78" w="238" /><ent r="4" t="78" w="237" /><ent r="4" t="80" w="44" /><ent r="4" t="80" w="43" /><ent r="4" t="80" w="73" /><ent r="4" t="80" w="72" /><ent r="4" t="80" w="147" /><ent r="4" t="80" w="146" /><ent r="4" t="80" w="184" /><ent r="4" t="80" w="183" /><ent r="4" t="81" w="92" /><ent r="4" t="81" w="91" /><ent r="4" t="81" w="151" /><ent r="4" t="81" w="150" /><ent r="4" t="82" w="80" /><ent r="4" t="82" w="79" /><ent r="4" t="82" w="113" /><ent r="4" t="82" w="112" /><ent r="4" t="83" w="99" /><ent r="4" t="83" w="98" /><ent r="4" t="83" w="134" /><ent r="4" t="83" w="133" /><ent r="4" t="84" w="62" /><ent r="4" t="84" w="61" /><ent r="4" t="84" w="100" /><ent r="4" t="84" w="99" /><ent r="4" t="85" w="56" /><ent r="4" t="85" w="55" /><ent r="4" t="85" w="92" /><ent r="4" t="85" w="91" /><ent r="4" t="86" w="50" /><ent r="4" t="86" w="49" /><ent r="4" t="86" w="87" /><ent r="4" t="86" w="86" /><ent r="4" t="87" w="96" /><ent r="4" t="87" w="95" /><ent r="4" t="87" w="135" /><ent r="4" t="87" w="134" /><ent r="4" t="88" w="104" /><ent r="4" t="88" w="103" /><ent r="4" t="88" w="153" /><ent r="4" t="88" w="152" /><ent r="4" t="89" w="155" /><ent r="4" t="89" w="154" /><ent r="4" t="89" w="189" /><ent r="4" t="89" w="188" /></phr></stem><stem n=".defrag("><phr n=".Defrag("><ent r="4" t="78" w="24" /><ent r="4" t="78" w="45" /><ent r="4" t="78" w="133" /><ent r="4" t="78" w="158" /></phr></stem><stem n="database.db4o"><phr n="database.db4o"><ent r="5" t="78" w="26" /><ent r="5" t="78" w="25" /><ent r="5" t="78" w="47" /><ent r="5" t="78" w="46" /><ent r="5" t="78" w="135" /><ent r="5" t="78" w="134" /><ent r="5" t="78" w="139" /><ent r="5" t="78" w="138" /><ent r="5" t="78" w="160" /><ent r="5" t="78" w="159" /><ent r="5" t="78" w="164" /><ent r="5" t="78" w="163" /><ent r="5" t="78" w="206" /><ent r="5" t="78" w="205" /><ent r="5" t="78" w="235" /><ent r="5" t="78" w="234" /><ent r="5" t="80" w="41" /><ent r="5" t="80" w="40" /><ent r="5" t="80" w="70" /><ent r="5" t="80" w="69" /><ent r="5" t="80" w="139" /><ent r="5" t="80" w="138" /><ent r="5" t="80" w="143" /><ent r="5" t="80" w="142" /><ent r="5" t="80" w="176" /><ent r="5" t="80" w="175" /><ent r="5" t="80" w="180" /><ent r="5" t="80" w="179" /><ent r="5" t="81" w="65" /><ent r="5" t="81" w="64" /><ent r="5" t="81" w="119" /><ent r="5" t="81" w="118" /><ent r="5" t="82" w="74" /><ent r="5" t="82" w="73" /><ent r="5" t="82" w="107" /><ent r="5" t="82" w="106" /><ent r="5" t="83" w="90" /><ent r="5" t="83" w="89" /><ent r="5" t="83" w="125" /><ent r="5" t="83" w="124" /><ent r="5" t="84" w="54" /><ent r="5" t="84" w="53" /><ent r="5" t="84" w="92" /><ent r="5" t="84" w="91" /><ent r="5" t="85" w="46" /><ent r="5" t="85" w="45" /><ent r="5" t="85" w="82" /><ent r="5" t="85" w="81" /><ent r="5" t="86" w="42" /><ent r="5" t="86" w="41" /><ent r="5" t="86" w="77" /><ent r="5" t="86" w="76" /><ent r="5" t="87" w="87" /><ent r="5" t="87" w="86" /><ent r="5" t="87" w="126" /><ent r="5" t="87" w="125" /><ent r="5" t="88" w="95" /><ent r="5" t="88" w="94" /><ent r="5" t="88" w="99" /><ent r="5" t="88" w="98" /><ent r="5" t="88" w="144" /><ent r="5" t="88" w="143" /><ent r="5" t="88" w="148" /><ent r="5" t="88" w="147" /><ent r="5" t="89" w="152" /><ent r="5" t="89" w="151" /><ent r="5" t="89" w="186" /><ent r="5" t="89" w="185" /><ent r="5" t="114" w="745" /><ent r="5" t="114" w="744" /><ent r="5" t="114" w="798" /><ent r="5" t="114" w="797" /><ent r="5" t="121" w="252" /><ent r="5" t="121" w="251" /><ent r="5" t="121" w="396" /><ent r="5" t="121" w="395" /><ent r="7" t="128" w="75" /><ent r="7" t="128" w="74" /><ent r="7" t="128" w="127" /><ent r="7" t="128" w="126" /><ent r="5" t="142" w="141" /><ent r="5" t="142" w="140" /><ent r="5" t="142" w="183" /><ent r="5" t="142" w="182" /><ent r="5" t="142" w="244" /><ent r="5" t="142" w="243" /><ent r="5" t="142" w="287" /><ent r="5" t="142" w="286" /><ent r="5" t="187" w="52" /><ent r="5" t="187" w="51" /><ent r="5" t="187" w="107" /><ent r="5" t="187" w="106" /><ent r="5" t="187" w="190" /><ent r="5" t="187" w="189" /><ent r="5" t="187" w="259" /><ent r="5" t="187" w="258" /><ent r="5" t="188" w="64" /><ent r="5" t="188" w="63" /><ent r="5" t="188" w="305" /><ent r="5" t="188" w="304" /><ent r="5" t="188" w="357" /><ent r="5" t="188" w="356" /><ent r="5" t="190" w="99" /><ent r="5" t="190" w="98" /><ent r="5" t="190" w="168" /><ent r="5" t="190" w="167" /><ent r="5" t="191" w="229" /><ent r="5" t="191" w="228" /><ent r="5" t="191" w="308" /><ent r="5" t="191" w="307" /><ent r="5" t="194" w="59" /><ent r="5" t="194" w="58" /><ent r="5" t="194" w="106" /><ent r="5" t="194" w="105" /><ent r="5" t="226" w="163" /><ent r="5" t="226" w="162" /><ent r="5" t="226" w="206" /><ent r="5" t="226" w="205" /><ent r="5" t="266" w="126" /><ent r="5" t="266" w="125" /><ent r="5" t="266" w="169" /><ent r="5" t="266" w="168" /><ent r="5" t="266" w="588" /><ent r="5" t="266" w="587" /><ent r="5" t="266" w="635" /><ent r="5" t="266" w="634" /><ent r="5" t="272" w="158" /><ent r="5" t="272" w="157" /><ent r="5" t="272" w="231" /><ent r="5" t="272" w="230" /><ent r="5" t="272" w="376" /><ent r="5" t="272" w="375" /><ent r="5" t="272" w="448" /><ent r="5" t="272" w="447" /></phr></stem><stem n="&quot;database.db4o&quot;"><phr n="&quot;database.db4o&quot;"><ent r="5" t="78" w="27" /><ent r="5" t="78" w="48" /><ent r="5" t="78" w="136" /><ent r="5" t="78" w="161" /><ent r="5" t="78" w="207" /><ent r="5" t="78" w="236" /><ent r="5" t="80" w="42" /><ent r="5" t="80" w="71" /><ent r="5" t="80" w="140" /><ent r="5" t="80" w="177" /><ent r="5" t="81" w="66" /><ent r="5" t="81" w="120" /><ent r="5" t="82" w="75" /><ent r="5" t="82" w="108" /><ent r="5" t="83" w="91" /><ent r="5" t="83" w="126" /><ent r="5" t="84" w="55" /><ent r="5" t="84" w="93" /><ent r="5" t="85" w="47" /><ent r="5" t="85" w="83" /><ent r="5" t="86" w="43" /><ent r="5" t="86" w="78" /><ent r="5" t="87" w="88" /><ent r="5" t="87" w="127" /><ent r="5" t="88" w="96" /><ent r="5" t="88" w="145" /><ent r="5" t="89" w="153" /><ent r="5" t="89" w="187" /><ent r="5" t="114" w="746" /><ent r="5" t="114" w="799" /><ent r="5" t="121" w="253" /><ent r="5" t="121" w="397" /><ent r="7" t="128" w="76" /><ent r="7" t="128" w="128" /><ent r="5" t="142" w="142" /><ent r="5" t="142" w="184" /><ent r="5" t="142" w="245" /><ent r="5" t="142" w="288" /><ent r="5" t="187" w="53" /><ent r="5" t="187" w="108" /><ent r="5" t="187" w="191" /><ent r="5" t="187" w="260" /><ent r="5" t="188" w="65" /><ent r="5" t="188" w="306" /><ent r="5" t="188" w="358" /><ent r="5" t="190" w="100" /><ent r="5" t="190" w="169" /><ent r="5" t="191" w="230" /><ent r="5" t="191" w="309" /><ent r="5" t="194" w="60" /><ent r="5" t="194" w="107" /><ent r="5" t="226" w="164" /><ent r="5" t="226" w="207" /><ent r="5" t="266" w="127" /><ent r="5" t="266" w="170" /><ent r="5" t="266" w="589" /><ent r="5" t="266" w="636" /><ent r="5" t="272" w="159" /><ent r="5" t="272" w="232" /><ent r="5" t="272" w="377" /><ent r="5" t="272" w="449" /></phr></stem><stem n="defragmentationexampl"><phr n="DefragmentationExample"><ent r="4" t="78" w="29" /><ent r="4" t="78" w="50" /><ent r="4" t="78" w="143" /><ent r="4" t="78" w="168" /><ent r="4" t="78" w="212" /><ent r="4" t="78" w="241" /><ent r="4" t="89" w="80" /><ent r="4" t="89" w="132" /><ent r="4" t="89" w="162" /><ent r="4" t="89" w="196" /></phr></stem><stem n="defragmentationexample.c"><phr n="DefragmentationExample.cs"><ent r="4" t="78" w="30" /><ent r="4" t="78" w="29" /><ent r="4" t="78" w="144" /><ent r="4" t="78" w="143" /><ent r="4" t="78" w="213" /><ent r="4" t="78" w="212" /><ent r="4" t="89" w="81" /><ent r="4" t="89" w="80" /><ent r="4" t="89" w="163" /><ent r="4" t="89" w="162" /></phr></stem><stem n="defragmentationexample.vb"><phr n="DefragmentationExample.vb"><ent r="4" t="78" w="51" /><ent r="4" t="78" w="50" /><ent r="4" t="78" w="169" /><ent r="4" t="78" w="168" /><ent r="4" t="78" w="242" /><ent r="4" t="78" w="241" /><ent r="4" t="89" w="133" /><ent r="4" t="89" w="132" /><ent r="4" t="89" w="197" /><ent r="4" t="89" w="196" /></phr></stem><stem n="filenam"><phr n="filename"><ent r="4" t="78" w="84" /><ent r="4" t="78" w="88" /><ent r="3" t="78" w="128" /></phr></stem><stem n=".backup"><phr n=".backup"><ent r="4" t="78" w="89" /></phr></stem><stem n="filename.backup"><phr n="filename.backup"><ent r="4" t="78" w="89" /><ent r="4" t="78" w="88" /></phr></stem><stem n="ioexcept"><phr n="IOException"><ent r="3" t="78" w="112" /><ent r="3" t="78" w="275" /><ent r="5" t="128" w="178" /></phr></stem><stem n="database.db4o.bak"><phr n="database.db4o.bak"><ent r="5" t="78" w="140" /><ent r="5" t="78" w="138" /><ent r="5" t="78" w="165" /><ent r="5" t="78" w="163" /></phr></stem><stem n="bak"><phr n="bak"><ent r="5" t="78" w="140" /><ent r="5" t="78" w="165" /></phr></stem><stem n="&quot;database.db4o.bak&quot;"><phr n="&quot;database.db4o.bak&quot;"><ent r="5" t="78" w="141" /><ent r="5" t="78" w="166" /></phr></stem><stem n="defragmentconfig"><phr n="DefragmentConfig"><ent r="64" t="78" w="194" /><ent r="4" t="78" w="198" /><ent r="4" t="78" w="203" /><ent r="4" t="78" w="232" /><ent r="4" t="80" w="33" /><ent r="4" t="80" w="38" /><ent r="4" t="80" w="67" /><ent r="4" t="80" w="131" /><ent r="4" t="80" w="136" /><ent r="4" t="80" w="173" /><ent r="4" t="81" w="57" /><ent r="4" t="81" w="62" /><ent r="4" t="81" w="116" /><ent r="4" t="82" w="66" /><ent r="4" t="82" w="71" /><ent r="4" t="82" w="104" /><ent r="4" t="83" w="82" /><ent r="4" t="83" w="87" /><ent r="4" t="83" w="122" /><ent r="4" t="84" w="46" /><ent r="4" t="84" w="51" /><ent r="4" t="84" w="89" /><ent r="4" t="85" w="38" /><ent r="4" t="85" w="43" /><ent r="4" t="85" w="79" /><ent r="4" t="86" w="34" /><ent r="4" t="86" w="39" /><ent r="4" t="86" w="74" /><ent r="4" t="87" w="79" /><ent r="4" t="87" w="84" /><ent r="4" t="87" w="123" /><ent r="4" t="88" w="87" /><ent r="4" t="88" w="92" /><ent r="4" t="88" w="141" /><ent r="4" t="89" w="144" /><ent r="4" t="89" w="149" /><ent r="4" t="89" w="183" /></phr></stem><stem n=".defrag(config);"><phr n=".Defrag(config);"><ent r="4" t="78" w="211" /><ent r="4" t="80" w="46" /><ent r="4" t="80" w="149" /><ent r="4" t="81" w="94" /><ent r="4" t="82" w="82" /><ent r="4" t="83" w="101" /><ent r="4" t="84" w="64" /><ent r="4" t="85" w="58" /><ent r="4" t="86" w="52" /><ent r="4" t="87" w="98" /><ent r="4" t="88" w="106" /></phr></stem><stem n=".defrag(config)"><phr n=".Defrag(config)"><ent r="4" t="78" w="240" /><ent r="4" t="80" w="75" /><ent r="4" t="80" w="186" /><ent r="4" t="81" w="153" /><ent r="4" t="82" w="115" /><ent r="4" t="83" w="136" /><ent r="4" t="84" w="102" /><ent r="4" t="85" w="94" /><ent r="4" t="86" w="89" /><ent r="4" t="87" w="137" /><ent r="4" t="88" w="155" /></phr></stem><stem n="deframent"><phr n="deframentation"><ent r="3" t="78" w="265" /></phr><phr n="deframent"><ent r="64" t="176" w="120" /></phr></stem><stem n=":configur"><phr n=":Configuration"><ent r="100" t="79" w="5" /><ent r="100" t="144" w="6" /></phr><phr n=":Configures"><ent r="6" t="195" w="99" /></phr></stem><stem n="discuss"><phr n="discusses"><ent r="3" t="79" w="21" /></phr><phr n="discussed"><ent r="3" t="245" w="184" /></phr><phr n="discuss"><ent r="3" t="293" w="58" /><ent r="3" t="293" w="159" /><ent r="3" t="294" w="104" /></phr></stem><stem n="&quot;origin"><phr n="&quot;Original"><ent r="64" t="79" w="39" /></phr></stem><stem n="layout"><phr n="layout"><ent r="3" t="79" w="70" /><ent r="3" t="315" w="55" /></phr></stem><stem n="-frequenc"><phr n="-frequency"><ent r="3" t="79" w="87" /><ent r="3" t="79" w="87" /></phr></stem><stem n="commit-frequ"><phr n="commit-frequency"><ent r="3" t="79" w="87" /></phr></stem><stem n="frequenc"><phr n="frequency"><ent r="3" t="79" w="88" /><ent r="3" t="82" w="47" /><ent r="4" t="82" w="88" /><ent r="4" t="82" w="121" /></phr><phr n="Frequency"><ent r="64" t="79" w="98" /><ent r="1000" t="82" w="2" /><ent r="102" t="82" w="5" /></phr></stem><stem n="&quot;commit"><phr n="&quot;Commit"><ent r="64" t="79" w="97" /></phr><phr n="&quot;Committed"><ent r="64" t="228" w="303" /></phr></stem><stem n="refractor"><phr n="refractored"><ent r="3" t="79" w="103" /></phr></stem><stem n="&quot;class"><phr n="&quot;Class"><ent r="64" t="79" w="123" /></phr></stem><stem n="&quot;upgrad"><phr n="&quot;Upgrade"><ent r="64" t="79" w="162" /><ent r="64" t="239" w="108" /></phr></stem><stem n="upgrad"><phr n="Upgrade"><ent r="64" t="79" w="162" /><ent r="1000" t="85" w="1" /><ent r="102" t="85" w="5" /><ent r="4" t="85" w="61" /><ent r="4" t="85" w="97" /><ent r="64" t="239" w="108" /><ent r="1000" t="242" w="1" /><ent r="100" t="242" w="5" /><ent r="102" t="242" w="9" /><ent r="4" t="242" w="87" /></phr><phr n="upgrade"><ent r="3" t="85" w="12" /><ent r="3" t="148" w="53" /><ent r="3" t="148" w="198" /><ent r="3" t="148" w="209" /><ent r="3" t="239" w="90" /><ent r="3" t="242" w="16" /></phr><phr n="upgrades"><ent r="3" t="148" w="44" /></phr><phr n="upgrading"><ent r="3" t="148" w="58" /><ent r="2" t="148" w="224" /><ent r="4" t="148" w="248" /></phr></stem><stem n="-onli"><phr n="-only"><ent r="3" t="79" w="170" /><ent r="3" t="79" w="170" /><ent r="3" t="127" w="226" /><ent r="3" t="127" w="226" /><ent r="65" t="278" w="72" /><ent r="65" t="278" w="72" /></phr></stem><stem n="read-onli"><phr n="read-only"><ent r="3" t="79" w="170" /><ent r="3" t="127" w="226" /><ent r="65" t="278" w="72" /></phr></stem><stem n="&quot;configur"><phr n="&quot;Configure"><ent r="64" t="79" w="211" /><ent r="64" t="79" w="232" /></phr></stem><stem n="defragmentation-process"><phr n="defragmentation-process"><ent r="3" t="79" w="228" /></phr></stem><stem n="-process."><phr n="-process."><ent r="3" t="79" w="230" /><ent r="3" t="79" w="230" /></phr></stem><stem n="idmap"><phr n="IDMapping"><ent r="64" t="79" w="233" /><ent r="1000" t="88" w="2" /><ent r="102" t="88" w="5" /></phr></stem><stem n="defragmentationconfigurationexampl"><phr n="DefragmentationConfigurationExamples"><ent r="4" t="80" w="47" /><ent r="4" t="80" w="76" /><ent r="4" t="80" w="150" /><ent r="4" t="80" w="187" /><ent r="4" t="81" w="95" /><ent r="4" t="81" w="154" /><ent r="4" t="82" w="83" /><ent r="4" t="82" w="116" /><ent r="4" t="83" w="102" /><ent r="4" t="83" w="137" /><ent r="4" t="84" w="65" /><ent r="4" t="84" w="103" /><ent r="4" t="85" w="59" /><ent r="4" t="85" w="95" /><ent r="4" t="86" w="53" /><ent r="4" t="86" w="90" /><ent r="4" t="87" w="99" /><ent r="4" t="87" w="138" /><ent r="4" t="88" w="107" /><ent r="4" t="88" w="156" /></phr></stem><stem n="defragmentationconfigurationexamples.c"><phr n="DefragmentationConfigurationExamples.cs"><ent r="4" t="80" w="48" /><ent r="4" t="80" w="47" /><ent r="4" t="80" w="151" /><ent r="4" t="80" w="150" /><ent r="4" t="81" w="96" /><ent r="4" t="81" w="95" /><ent r="4" t="82" w="84" /><ent r="4" t="82" w="83" /><ent r="4" t="83" w="103" /><ent r="4" t="83" w="102" /><ent r="4" t="84" w="66" /><ent r="4" t="84" w="65" /><ent r="4" t="85" w="60" /><ent r="4" t="85" w="59" /><ent r="4" t="86" w="54" /><ent r="4" t="86" w="53" /><ent r="4" t="87" w="100" /><ent r="4" t="87" w="99" /><ent r="4" t="88" w="108" /><ent r="4" t="88" w="107" /></phr></stem><stem n="defragmentationconfigurationexamples.vb"><phr n="DefragmentationConfigurationExamples.vb"><ent r="4" t="80" w="77" /><ent r="4" t="80" w="76" /><ent r="4" t="80" w="188" /><ent r="4" t="80" w="187" /><ent r="4" t="81" w="155" /><ent r="4" t="81" w="154" /><ent r="4" t="82" w="117" /><ent r="4" t="82" w="116" /><ent r="4" t="83" w="138" /><ent r="4" t="83" w="137" /><ent r="4" t="84" w="104" /><ent r="4" t="84" w="103" /><ent r="4" t="85" w="96" /><ent r="4" t="85" w="95" /><ent r="4" t="86" w="91" /><ent r="4" t="86" w="90" /><ent r="4" t="87" w="139" /><ent r="4" t="87" w="138" /><ent r="4" t="88" w="157" /><ent r="4" t="88" w="156" /></phr></stem><stem n="back-up"><phr n="back-up"><ent r="3" t="80" w="101" /><ent r="3" t="86" w="14" /><ent r="3" t="87" w="75" /></phr></stem><stem n="suffix"><phr n="suffix"><ent r="3" t="80" w="116" /></phr></stem><stem n="'.backup'-suffix."><phr n="'.backup'-suffix."><ent r="3" t="80" w="117" /></phr></stem><stem n="database.db4o.back"><phr n="database.db4o.back"><ent r="5" t="80" w="144" /><ent r="5" t="80" w="142" /><ent r="5" t="80" w="181" /><ent r="5" t="80" w="179" /><ent r="5" t="88" w="100" /><ent r="5" t="88" w="98" /><ent r="5" t="88" w="149" /><ent r="5" t="88" w="147" /></phr></stem><stem n="&quot;database.db4o.back&quot;"><phr n="&quot;database.db4o.back&quot;"><ent r="5" t="80" w="145" /><ent r="5" t="80" w="182" /><ent r="5" t="88" w="101" /><ent r="5" t="88" w="150" /></phr></stem><stem n="perhap"><phr n="Perhaps"><ent r="3" t="81" w="7" /></phr></stem><stem n="file-rel"><phr n="file-related"><ent r="64" t="81" w="18" /></phr></stem><stem n="-encod"><phr n="-encoding"><ent r="64" t="81" w="40" /><ent r="64" t="81" w="40" /></phr></stem><stem n="string-encod"><phr n="string-encoding"><ent r="64" t="81" w="40" /><ent r="6" t="143" w="360" /></phr></stem><stem n="encod"><phr n="encoding"><ent r="64" t="81" w="41" /><ent r="4" t="117" w="276" /><ent r="6" t="143" w="361" /><ent r="3" t="169" w="31" /><ent r="3" t="169" w="73" /><ent r="3" t="169" w="111" /><ent r="3" t="169" w="128" /><ent r="3" t="169" w="139" /><ent r="4" t="169" w="164" /><ent r="4" t="169" w="192" /><ent r="3" t="169" w="209" /><ent r="3" t="169" w="217" /><ent r="3" t="285" w="145" /><ent r="64" t="285" w="160" /><ent r="5" t="297" w="248" /></phr><phr n="Encoding"><ent r="4" t="117" w="132" /><ent r="4" t="117" w="216" /><ent r="4" t="117" w="344" /><ent r="4" t="117" w="420" /><ent r="1000" t="169" w="2" /><ent r="102" t="169" w="5" /></phr><phr n="Encode"><ent r="4" t="260" w="277" /><ent r="4" t="260" w="286" /></phr></stem><stem n="-size"><phr n="-size"><ent r="64" t="81" w="45" /><ent r="64" t="81" w="45" /><ent r="6" t="173" w="148" /><ent r="6" t="173" w="148" /><ent r="3" t="176" w="8" /><ent r="3" t="176" w="8" /><ent r="3" t="176" w="46" /><ent r="3" t="176" w="46" /><ent r="3" t="176" w="52" /><ent r="3" t="176" w="52" /></phr></stem><stem n="block-siz"><phr n="block-size"><ent r="64" t="81" w="45" /><ent r="6" t="173" w="148" /><ent r="3" t="176" w="8" /><ent r="3" t="176" w="46" /></phr></stem><stem n="config.db4oconfig"><phr n="config.Db4oConfig"><ent r="4" t="81" w="89" /><ent r="4" t="81" w="88" /><ent r="4" t="81" w="148" /><ent r="4" t="81" w="147" /></phr></stem><stem n="db4oconfig"><phr n="Db4oConfig"><ent r="4" t="81" w="89" /><ent r="4" t="81" w="148" /></phr></stem><stem n=".db4oconfig(configuration);"><phr n=".Db4oConfig(configuration);"><ent r="4" t="81" w="91" /></phr></stem><stem n="-configur"><phr n="-configuration"><ent r="4" t="81" w="99" /><ent r="4" t="81" w="99" /><ent r="4" t="81" w="158" /><ent r="4" t="81" w="158" /><ent r="3" t="87" w="67" /><ent r="3" t="87" w="67" /><ent r="3" t="143" w="12" /><ent r="3" t="143" w="12" /><ent r="3" t="173" w="12" /><ent r="3" t="173" w="12" /><ent r="3" t="195" w="12" /><ent r="3" t="195" w="12" /><ent r="3" t="202" w="12" /><ent r="3" t="202" w="12" /><ent r="3" t="225" w="12" /><ent r="3" t="225" w="12" /><ent r="64" t="282" w="414" /><ent r="64" t="282" w="414" /></phr><phr n="-Configuration"><ent r="92" t="142" w="101" /><ent r="92" t="142" w="101" /><ent r="92" t="142" w="199" /><ent r="92" t="142" w="199" /><ent r="92" t="142" w="304" /><ent r="92" t="142" w="304" /></phr></stem><stem n="database-configur"><phr n="database-configuration"><ent r="4" t="81" w="99" /><ent r="4" t="81" w="158" /><ent r="3" t="87" w="67" /></phr></stem><stem n=".db4oconfig(configuration)"><phr n=".Db4oConfig(configuration)"><ent r="4" t="81" w="150" /></phr></stem><stem n="config.objectcommitfrequ"><phr n="config.ObjectCommitFrequency"><ent r="4" t="82" w="77" /><ent r="4" t="82" w="76" /><ent r="4" t="82" w="110" /><ent r="4" t="82" w="109" /></phr></stem><stem n="objectcommitfrequ"><phr n="ObjectCommitFrequency"><ent r="4" t="82" w="77" /><ent r="4" t="82" w="110" /></phr></stem><stem n="10000"><phr n="10000"><ent r="4" t="82" w="78" /><ent r="4" t="82" w="111" /></phr></stem><stem n=".objectcommitfrequency(10000);"><phr n=".ObjectCommitFrequency(10000);"><ent r="4" t="82" w="79" /></phr></stem><stem n=".objectcommitfrequency(10000)"><phr n=".ObjectCommitFrequency(10000)"><ent r="4" t="82" w="112" /></phr></stem><stem n="-data"><phr n="-data"><ent r="3" t="83" w="27" /><ent r="3" t="83" w="27" /><ent r="3" t="83" w="72" /><ent r="3" t="83" w="72" /><ent r="5" t="298" w="292" /><ent r="5" t="298" w="292" /></phr></stem><stem n="class-meta"><phr n="class-meta"><ent r="3" t="83" w="41" /></phr></stem><stem n="built"><phr n="built"><ent r="3" t="83" w="63" /><ent r="3" t="90" w="114" /><ent r="3" t="100" w="12" /><ent r="4" t="115" w="71" /><ent r="3" t="115" w="83" /><ent r="3" t="165" w="96" /><ent r="3" t="252" w="108" /><ent r="3" t="268" w="121" /><ent r="3" t="268" w="470" /><ent r="3" t="282" w="43" /><ent r="3" t="283" w="223" /><ent r="65" t="308" w="439" /></phr><phr n="Built"><ent r="3" t="106" w="9" /><ent r="1000" t="115" w="1" /><ent r="102" t="115" w="5" /><ent r="92" t="140" w="107" /><ent r="3" t="290" w="142" /></phr></stem><stem n="availabletypefilt"><phr n="AvailableTypeFilter"><ent r="4" t="83" w="66" /><ent r="4" t="83" w="97" /><ent r="4" t="83" w="132" /></phr></stem><stem n="aren"><phr n="aren"><ent r="3" t="83" w="77" /><ent r="6" t="300" w="542" /></phr></stem><stem n="aren't"><phr n="aren't"><ent r="3" t="83" w="78" /><ent r="3" t="83" w="77" /><ent r="6" t="300" w="543" /><ent r="6" t="300" w="542" /></phr></stem><stem n="config.storedclassfilt"><phr n="config.StoredClassFilter"><ent r="4" t="83" w="93" /><ent r="4" t="83" w="92" /><ent r="4" t="83" w="128" /><ent r="4" t="83" w="127" /></phr></stem><stem n="storedclassfilt"><phr n="StoredClassFilter"><ent r="4" t="83" w="93" /><ent r="4" t="83" w="128" /></phr></stem><stem n=".storedclassfilter("><phr n=".StoredClassFilter("><ent r="4" t="83" w="94" /><ent r="4" t="83" w="129" /></phr></stem><stem n="left"><phr n="left"><ent r="3" t="84" w="27" /><ent r="3" t="117" w="578" /></phr></stem><stem n="config.forcebackupdelet"><phr n="config.ForceBackupDelete"><ent r="4" t="84" w="57" /><ent r="4" t="84" w="56" /><ent r="4" t="84" w="95" /><ent r="4" t="84" w="94" /></phr></stem><stem n="forcebackupdelet"><phr n="ForceBackupDelete"><ent r="4" t="84" w="57" /><ent r="4" t="84" w="95" /></phr></stem><stem n=".forcebackupdelete("><phr n=".ForceBackupDelete("><ent r="4" t="84" w="58" /><ent r="4" t="84" w="96" /></phr></stem><stem n="temporari"><phr n="temporary"><ent r="3" t="85" w="30" /><ent r="3" t="166" w="374" /><ent r="3" t="286" w="19" /></phr></stem><stem n="config.upgradefil"><phr n="config.UpgradeFile"><ent r="4" t="85" w="49" /><ent r="4" t="85" w="48" /><ent r="4" t="85" w="85" /><ent r="4" t="85" w="84" /></phr></stem><stem n="upgradefil"><phr n="UpgradeFile"><ent r="4" t="85" w="49" /><ent r="4" t="85" w="85" /></phr></stem><stem n="environment.getenvironmentvari"><phr n="Environment.GetEnvironmentVariable"><ent r="4" t="85" w="51" /><ent r="4" t="85" w="50" /><ent r="4" t="85" w="87" /><ent r="4" t="85" w="86" /></phr></stem><stem n="getenvironmentvari"><phr n="GetEnvironmentVariable"><ent r="4" t="85" w="51" /><ent r="4" t="85" w="87" /></phr></stem><stem n=".upgradefile(environment.getenvironmentvariable("><phr n=".UpgradeFile(Environment.GetEnvironmentVariable("><ent r="4" t="85" w="52" /><ent r="4" t="85" w="88" /></phr></stem><stem n="temp"><phr n="TEMP"><ent r="5" t="85" w="53" /><ent r="5" t="85" w="89" /></phr><phr n="temp"><ent r="5" t="298" w="443" /></phr></stem><stem n="&quot;temp&quot;"><phr n="&quot;TEMP&quot;"><ent r="5" t="85" w="54" /><ent r="5" t="85" w="90" /></phr></stem><stem n="config.readonli"><phr n="config.ReadOnly"><ent r="4" t="86" w="45" /><ent r="4" t="86" w="44" /><ent r="4" t="193" w="118" /><ent r="4" t="193" w="117" /></phr></stem><stem n=".readonly("><phr n=".ReadOnly("><ent r="4" t="86" w="46" /></phr></stem></index>