﻿<?xml version="1.0" encoding="utf-8"?><index><stem n="ilist&lt;pilot&gt;"><phr n="IList&lt;Pilot&gt;"><ent r="4" t="17" w="246" /><ent r="4" t="18" w="122" /><ent r="4" t="18" w="239" /><ent r="4" t="18" w="372" /><ent r="4" t="18" w="509" /><ent r="4" t="18" w="775" /><ent r="4" t="18" w="926" /><ent r="4" t="19" w="67" /><ent r="4" t="20" w="157" /><ent r="4" t="52" w="124" /><ent r="4" t="253" w="117" /><ent r="4" t="253" w="371" /><ent r="4" t="260" w="184" /></phr></stem><stem n="container.queri"><phr n="container.Query"><ent r="4" t="17" w="249" /><ent r="4" t="17" w="248" /><ent r="4" t="17" w="289" /><ent r="4" t="17" w="288" /><ent r="4" t="18" w="125" /><ent r="4" t="18" w="124" /><ent r="4" t="18" w="165" /><ent r="4" t="18" w="164" /><ent r="4" t="18" w="242" /><ent r="4" t="18" w="241" /><ent r="4" t="18" w="280" /><ent r="4" t="18" w="279" /><ent r="4" t="18" w="375" /><ent r="4" t="18" w="374" /><ent r="4" t="18" w="419" /><ent r="4" t="18" w="418" /><ent r="4" t="18" w="512" /><ent r="4" t="18" w="511" /><ent r="4" t="18" w="562" /><ent r="4" t="18" w="561" /><ent r="4" t="18" w="778" /><ent r="4" t="18" w="777" /><ent r="4" t="18" w="808" /><ent r="4" t="18" w="807" /><ent r="4" t="18" w="929" /><ent r="4" t="18" w="928" /><ent r="4" t="18" w="971" /><ent r="4" t="18" w="970" /><ent r="4" t="19" w="70" /><ent r="4" t="19" w="69" /><ent r="4" t="19" w="122" /><ent r="4" t="19" w="121" /><ent r="4" t="20" w="160" /><ent r="4" t="20" w="159" /><ent r="4" t="20" w="200" /><ent r="4" t="20" w="199" /><ent r="4" t="20" w="325" /><ent r="4" t="20" w="324" /><ent r="4" t="20" w="369" /><ent r="4" t="20" w="368" /><ent r="4" t="27" w="119" /><ent r="4" t="27" w="118" /><ent r="4" t="27" w="153" /><ent r="4" t="27" w="152" /><ent r="4" t="27" w="221" /><ent r="4" t="27" w="220" /><ent r="4" t="27" w="265" /><ent r="4" t="27" w="264" /><ent r="4" t="27" w="334" /><ent r="4" t="27" w="333" /><ent r="4" t="27" w="375" /><ent r="4" t="27" w="374" /><ent r="4" t="27" w="417" /><ent r="4" t="27" w="416" /><ent r="4" t="27" w="461" /><ent r="4" t="27" w="460" /><ent r="4" t="27" w="534" /><ent r="4" t="27" w="533" /><ent r="4" t="27" w="584" /><ent r="4" t="27" w="583" /><ent r="4" t="27" w="651" /><ent r="4" t="27" w="650" /><ent r="4" t="27" w="690" /><ent r="4" t="27" w="689" /><ent r="4" t="27" w="827" /><ent r="4" t="27" w="826" /><ent r="4" t="27" w="934" /><ent r="4" t="27" w="933" /><ent r="4" t="27" w="1126" /><ent r="4" t="27" w="1125" /><ent r="4" t="27" w="1178" /><ent r="4" t="27" w="1177" /><ent r="4" t="27" w="1191" /><ent r="4" t="27" w="1190" /><ent r="4" t="27" w="1287" /><ent r="4" t="27" w="1286" /><ent r="4" t="27" w="1333" /><ent r="4" t="27" w="1332" /><ent r="4" t="28" w="106" /><ent r="4" t="28" w="105" /><ent r="4" t="28" w="147" /><ent r="4" t="28" w="146" /><ent r="4" t="28" w="251" /><ent r="4" t="28" w="250" /><ent r="4" t="28" w="297" /><ent r="4" t="28" w="296" /><ent r="4" t="28" w="412" /><ent r="4" t="28" w="411" /><ent r="4" t="28" w="455" /><ent r="4" t="28" w="454" /><ent r="4" t="28" w="539" /><ent r="4" t="28" w="538" /><ent r="4" t="28" w="595" /><ent r="4" t="28" w="594" /><ent r="4" t="28" w="722" /><ent r="4" t="28" w="721" /><ent r="4" t="28" w="794" /><ent r="4" t="28" w="793" /><ent r="4" t="28" w="953" /><ent r="4" t="28" w="952" /><ent r="4" t="28" w="1001" /><ent r="4" t="28" w="1000" /><ent r="4" t="28" w="1088" /><ent r="4" t="28" w="1087" /><ent r="4" t="28" w="1156" /><ent r="4" t="28" w="1155" /><ent r="4" t="29" w="333" /><ent r="4" t="29" w="332" /><ent r="4" t="29" w="370" /><ent r="4" t="29" w="369" /><ent r="4" t="29" w="450" /><ent r="4" t="29" w="449" /><ent r="4" t="29" w="492" /><ent r="4" t="29" w="491" /><ent r="4" t="29" w="752" /><ent r="4" t="29" w="751" /><ent r="4" t="29" w="800" /><ent r="4" t="29" w="799" /><ent r="4" t="30" w="96" /><ent r="4" t="30" w="95" /><ent r="4" t="30" w="135" /><ent r="4" t="30" w="134" /><ent r="4" t="30" w="207" /><ent r="4" t="30" w="206" /><ent r="4" t="30" w="252" /><ent r="4" t="30" w="251" /><ent r="4" t="30" w="330" /><ent r="4" t="30" w="329" /><ent r="4" t="30" w="369" /><ent r="4" t="30" w="368" /><ent r="4" t="31" w="127" /><ent r="4" t="31" w="126" /><ent r="4" t="31" w="159" /><ent r="4" t="31" w="158" /><ent r="4" t="31" w="217" /><ent r="4" t="31" w="216" /><ent r="4" t="31" w="251" /><ent r="4" t="31" w="250" /><ent r="4" t="31" w="367" /><ent r="4" t="31" w="366" /><ent r="4" t="31" w="421" /><ent r="4" t="31" w="420" /><ent r="4" t="31" w="479" /><ent r="4" t="31" w="478" /><ent r="4" t="31" w="519" /><ent r="4" t="31" w="518" /><ent r="4" t="31" w="564" /><ent r="4" t="31" w="563" /><ent r="4" t="31" w="595" /><ent r="4" t="31" w="594" /><ent r="4" t="31" w="627" /><ent r="4" t="31" w="626" /><ent r="4" t="31" w="667" /><ent r="4" t="31" w="666" /><ent r="4" t="31" w="720" /><ent r="4" t="31" w="719" /><ent r="4" t="31" w="753" /><ent r="4" t="31" w="752" /><ent r="4" t="31" w="787" /><ent r="4" t="31" w="786" /><ent r="4" t="31" w="820" /><ent r="4" t="31" w="819" /><ent r="4" t="31" w="1004" /><ent r="4" t="31" w="1003" /><ent r="4" t="31" w="1064" /><ent r="4" t="31" w="1063" /><ent r="4" t="31" w="1139" /><ent r="4" t="31" w="1138" /><ent r="4" t="31" w="1171" /><ent r="4" t="31" w="1170" /><ent r="4" t="31" w="1204" /><ent r="4" t="31" w="1203" /><ent r="4" t="31" w="1236" /><ent r="4" t="31" w="1235" /><ent r="4" t="31" w="1304" /><ent r="4" t="31" w="1303" /><ent r="4" t="31" w="1335" /><ent r="4" t="31" w="1334" /><ent r="4" t="31" w="1367" /><ent r="4" t="31" w="1366" /><ent r="4" t="31" w="1402" /><ent r="4" t="31" w="1401" /><ent r="4" t="31" w="1478" /><ent r="4" t="31" w="1477" /><ent r="4" t="31" w="1510" /><ent r="4" t="31" w="1509" /><ent r="4" t="31" w="1554" /><ent r="4" t="31" w="1553" /><ent r="4" t="31" w="1586" /><ent r="4" t="31" w="1585" /><ent r="4" t="34" w="385" /><ent r="4" t="34" w="384" /><ent r="4" t="38" w="163" /><ent r="4" t="38" w="162" /><ent r="4" t="38" w="176" /><ent r="4" t="38" w="175" /><ent r="4" t="40" w="370" /><ent r="4" t="40" w="369" /><ent r="4" t="54" w="262" /><ent r="4" t="54" w="261" /><ent r="4" t="70" w="773" /><ent r="4" t="70" w="772" /><ent r="4" t="99" w="785" /><ent r="4" t="99" w="784" /><ent r="4" t="114" w="931" /><ent r="4" t="114" w="930" /><ent r="4" t="121" w="418" /><ent r="4" t="121" w="417" /><ent r="4" t="122" w="306" /><ent r="4" t="122" w="305" /><ent r="4" t="124" w="239" /><ent r="4" t="124" w="238" /><ent r="4" t="125" w="247" /><ent r="4" t="125" w="246" /><ent r="4" t="241" w="632" /><ent r="4" t="241" w="631" /><ent r="4" t="250" w="355" /><ent r="4" t="250" w="354" /><ent r="4" t="253" w="250" /><ent r="4" t="253" w="249" /><ent r="4" t="253" w="469" /><ent r="4" t="253" w="468" /></phr></stem><stem n=".query("><phr n=".Query("><ent r="4" t="17" w="250" /><ent r="4" t="18" w="126" /><ent r="4" t="18" w="243" /><ent r="4" t="18" w="376" /><ent r="4" t="18" w="513" /><ent r="4" t="18" w="779" /><ent r="4" t="18" w="930" /><ent r="4" t="19" w="71" /><ent r="4" t="20" w="161" /><ent r="4" t="250" w="356" /></phr></stem><stem n="deleg"><phr n="delegate"><ent r="5" t="17" w="251" /><ent r="5" t="18" w="127" /><ent r="5" t="18" w="244" /><ent r="5" t="18" w="377" /><ent r="5" t="18" w="514" /><ent r="5" t="18" w="931" /><ent r="5" t="19" w="72" /><ent r="5" t="19" w="84" /><ent r="5" t="20" w="162" /><ent r="4" t="20" w="269" /><ent r="5" t="96" w="339" /><ent r="5" t="96" w="694" /><ent r="5" t="99" w="920" /><ent r="5" t="99" w="952" /><ent r="5" t="101" w="118" /><ent r="4" t="113" w="12" /><ent r="4" t="113" w="46" /><ent r="4" t="113" w="84" /><ent r="4" t="113" w="96" /><ent r="3" t="131" w="123" /><ent r="3" t="131" w="127" /><ent r="4" t="193" w="75" /><ent r="4" t="193" w="91" /><ent r="4" t="193" w="151" /><ent r="4" t="193" w="182" /><ent r="4" t="193" w="221" /><ent r="4" t="193" w="259" /><ent r="4" t="193" w="306" /><ent r="4" t="193" w="330" /><ent r="4" t="193" w="407" /><ent r="4" t="193" w="441" /><ent r="4" t="193" w="491" /><ent r="4" t="193" w="538" /><ent r="5" t="230" w="76" /><ent r="5" t="251" w="296" /><ent r="5" t="251" w="328" /><ent r="6" t="300" w="251" /></phr><phr n="Delegates"><ent r="1000" t="113" w="1" /><ent r="102" t="113" w="5" /></phr><phr n="delegates"><ent r="5" t="113" w="18" /><ent r="4" t="113" w="26" /></phr></stem><stem n="(pilot"><phr n="(Pilot"><ent r="4" t="17" w="253" /><ent r="4" t="18" w="129" /><ent r="4" t="18" w="246" /><ent r="4" t="18" w="379" /><ent r="4" t="18" w="516" /><ent r="4" t="18" w="704" /><ent r="4" t="18" w="933" /><ent r="4" t="19" w="74" /><ent r="4" t="19" w="86" /><ent r="4" t="20" w="164" /><ent r="4" t="52" w="136" /><ent r="4" t="253" w="134" /><ent r="4" t="253" w="388" /></phr></stem><stem n="john"><phr n="John"><ent r="5" t="17" w="261" /><ent r="5" t="18" w="137" /><ent r="5" t="18" w="209" /><ent r="4" t="18" w="219" /><ent r="5" t="18" w="533" /><ent r="5" t="18" w="621" /><ent r="5" t="18" w="712" /><ent r="5" t="18" w="752" /><ent r="5" t="18" w="947" /><ent r="5" t="18" w="1041" /><ent r="5" t="20" w="172" /><ent r="5" t="20" w="244" /><ent r="4" t="20" w="254" /><ent r="5" t="20" w="339" /><ent r="5" t="20" w="383" /><ent r="5" t="23" w="121" /><ent r="4" t="23" w="133" /><ent r="5" t="23" w="155" /><ent r="4" t="23" w="172" /><ent r="3" t="24" w="79" /><ent r="3" t="24" w="89" /><ent r="5" t="24" w="100" /><ent r="4" t="24" w="112" /><ent r="5" t="24" w="134" /><ent r="4" t="24" w="151" /><ent r="3" t="24" w="869" /><ent r="5" t="24" w="888" /><ent r="5" t="24" w="923" /><ent r="5" t="27" w="235" /><ent r="5" t="27" w="279" /><ent r="5" t="27" w="1305" /><ent r="5" t="27" w="1351" /><ent r="5" t="34" w="130" /><ent r="5" t="34" w="162" /><ent r="5" t="34" w="216" /><ent r="5" t="34" w="248" /><ent r="4" t="39" w="243" /><ent r="4" t="39" w="295" /></phr></stem><stem n="&quot;john&quot;"><phr n="&quot;John&quot;"><ent r="5" t="17" w="262" /><ent r="5" t="18" w="138" /><ent r="5" t="18" w="210" /><ent r="5" t="18" w="534" /><ent r="5" t="18" w="622" /><ent r="5" t="18" w="713" /><ent r="5" t="18" w="753" /><ent r="5" t="18" w="948" /><ent r="5" t="18" w="1042" /><ent r="5" t="20" w="173" /><ent r="5" t="20" w="245" /><ent r="5" t="20" w="340" /><ent r="5" t="20" w="384" /><ent r="5" t="23" w="122" /><ent r="5" t="23" w="156" /><ent r="5" t="24" w="101" /><ent r="5" t="24" w="135" /><ent r="5" t="24" w="889" /><ent r="5" t="24" w="924" /><ent r="5" t="27" w="236" /><ent r="5" t="27" w="280" /><ent r="5" t="27" w="1306" /><ent r="5" t="27" w="1352" /><ent r="5" t="34" w="131" /><ent r="5" t="34" w="163" /><ent r="5" t="34" w="217" /><ent r="5" t="34" w="249" /></phr></stem><stem n="});"><phr n="});"><ent r="4" t="17" w="263" /><ent r="4" t="18" w="139" /><ent r="4" t="18" w="255" /><ent r="4" t="18" w="392" /><ent r="4" t="18" w="535" /><ent r="4" t="18" w="926" /><ent r="4" t="18" w="949" /><ent r="4" t="19" w="98" /><ent r="4" t="20" w="174" /><ent r="4" t="74" w="834" /><ent r="4" t="74" w="982" /><ent r="4" t="75" w="726" /><ent r="4" t="75" w="878" /></phr></stem><stem n="nativequeryexampl"><phr n="NativeQueryExamples"><ent r="4" t="17" w="264" /><ent r="4" t="17" w="297" /><ent r="4" t="18" w="140" /><ent r="4" t="18" w="173" /><ent r="4" t="18" w="215" /><ent r="4" t="18" w="256" /><ent r="4" t="18" w="288" /><ent r="4" t="18" w="329" /><ent r="4" t="18" w="393" /><ent r="4" t="18" w="427" /><ent r="4" t="18" w="477" /><ent r="4" t="18" w="536" /><ent r="4" t="18" w="570" /><ent r="4" t="18" w="627" /><ent r="4" t="18" w="715" /><ent r="4" t="18" w="758" /><ent r="4" t="18" w="785" /><ent r="4" t="18" w="816" /><ent r="4" t="18" w="950" /><ent r="4" t="18" w="979" /><ent r="4" t="18" w="1047" /><ent r="4" t="20" w="175" /><ent r="4" t="20" w="208" /><ent r="4" t="20" w="250" /></phr></stem><stem n="nativequeryexamples.c"><phr n="NativeQueryExamples.cs"><ent r="4" t="17" w="265" /><ent r="4" t="17" w="264" /><ent r="4" t="18" w="141" /><ent r="4" t="18" w="140" /><ent r="4" t="18" w="257" /><ent r="4" t="18" w="256" /><ent r="4" t="18" w="394" /><ent r="4" t="18" w="393" /><ent r="4" t="18" w="537" /><ent r="4" t="18" w="536" /><ent r="4" t="18" w="716" /><ent r="4" t="18" w="715" /><ent r="4" t="18" w="786" /><ent r="4" t="18" w="785" /><ent r="4" t="18" w="951" /><ent r="4" t="18" w="950" /><ent r="4" t="20" w="176" /><ent r="4" t="20" w="175" /></phr></stem><stem n="ilist"><phr n="IList"><ent r="4" t="17" w="285" /><ent r="4" t="18" w="161" /><ent r="4" t="18" w="276" /><ent r="4" t="18" w="415" /><ent r="4" t="18" w="558" /><ent r="4" t="18" w="804" /><ent r="4" t="18" w="967" /><ent r="4" t="18" w="1012" /><ent r="4" t="19" w="118" /><ent r="4" t="20" w="196" /><ent r="4" t="23" w="123" /><ent r="4" t="23" w="163" /><ent r="4" t="24" w="102" /><ent r="4" t="24" w="142" /><ent r="4" t="24" w="187" /><ent r="4" t="24" w="227" /><ent r="4" t="24" w="303" /><ent r="4" t="24" w="348" /><ent r="4" t="24" w="395" /><ent r="4" t="24" w="436" /><ent r="4" t="24" w="470" /><ent r="4" t="24" w="503" /><ent r="4" t="24" w="546" /><ent r="4" t="24" w="571" /><ent r="4" t="24" w="655" /><ent r="4" t="24" w="706" /><ent r="4" t="24" w="781" /><ent r="4" t="24" w="820" /><ent r="4" t="24" w="890" /><ent r="4" t="24" w="932" /><ent r="4" t="52" w="193" /><ent r="4" t="53" w="106" /><ent r="5" t="53" w="201" /><ent r="5" t="53" w="375" /><ent r="4" t="70" w="769" /><ent r="4" t="99" w="781" /><ent r="4" t="121" w="414" /><ent r="4" t="122" w="302" /><ent r="4" t="124" w="235" /><ent r="4" t="125" w="243" /><ent r="4" t="241" w="312" /><ent r="4" t="241" w="327" /><ent r="4" t="241" w="358" /><ent r="4" t="241" w="382" /><ent r="4" t="241" w="447" /><ent r="4" t="241" w="502" /><ent r="4" t="241" w="628" /><ent r="4" t="241" w="642" /><ent r="4" t="253" w="246" /><ent r="4" t="253" w="465" /><ent r="6" t="300" w="430" /><ent r="6" t="300" w="443" /><ent r="4" t="302" w="251" /></phr></stem><stem n=".query(of"><phr n=".Query(Of"><ent r="4" t="17" w="290" /><ent r="4" t="18" w="166" /><ent r="4" t="18" w="281" /><ent r="4" t="18" w="420" /><ent r="4" t="18" w="563" /><ent r="4" t="18" w="809" /><ent r="4" t="18" w="972" /><ent r="4" t="19" w="123" /><ent r="4" t="20" w="201" /><ent r="4" t="27" w="1179" /><ent r="4" t="34" w="386" /><ent r="4" t="38" w="164" /><ent r="4" t="38" w="177" /><ent r="4" t="38" w="314" /><ent r="4" t="38" w="327" /><ent r="4" t="40" w="371" /><ent r="4" t="54" w="263" /><ent r="4" t="66" w="680" /><ent r="4" t="66" w="693" /><ent r="4" t="70" w="774" /><ent r="4" t="99" w="786" /><ent r="4" t="114" w="932" /><ent r="4" t="121" w="419" /><ent r="4" t="122" w="307" /><ent r="4" t="124" w="240" /><ent r="4" t="125" w="248" /><ent r="4" t="241" w="633" /><ent r="4" t="253" w="251" /><ent r="4" t="253" w="470" /></phr></stem><stem n=")("><phr n=")("><ent r="4" t="17" w="292" /><ent r="4" t="18" w="168" /><ent r="4" t="18" w="283" /><ent r="4" t="18" w="422" /><ent r="4" t="18" w="565" /><ent r="4" t="18" w="811" /><ent r="4" t="18" w="974" /><ent r="4" t="19" w="125" /><ent r="4" t="20" w="203" /><ent r="4" t="241" w="305" /><ent r="4" t="241" w="351" /><ent r="4" t="241" w="495" /></phr></stem><stem n="addressof"><phr n="AddressOf"><ent r="5" t="17" w="293" /><ent r="5" t="18" w="169" /><ent r="5" t="18" w="284" /><ent r="5" t="18" w="423" /><ent r="5" t="18" w="566" /><ent r="5" t="18" w="812" /><ent r="5" t="18" w="975" /><ent r="5" t="19" w="126" /><ent r="5" t="19" w="130" /><ent r="5" t="20" w="204" /><ent r="5" t="74" w="209" /><ent r="5" t="76" w="137" /><ent r="5" t="96" w="194" /><ent r="5" t="96" w="402" /><ent r="5" t="96" w="801" /><ent r="5" t="99" w="1005" /><ent r="5" t="99" w="1015" /><ent r="5" t="100" w="318" /><ent r="5" t="101" w="182" /><ent r="6" t="237" w="321" /><ent r="5" t="244" w="298" /><ent r="5" t="251" w="381" /><ent r="5" t="251" w="391" /><ent r="5" t="263" w="419" /><ent r="5" t="263" w="428" /></phr></stem><stem n="queryjohn"><phr n="QueryJohns"><ent r="4" t="17" w="295" /><ent r="4" t="18" w="171" /><ent r="4" t="18" w="194" /><ent r="4" t="20" w="206" /><ent r="4" t="20" w="229" /></phr></stem><stem n="nativequeryexamples.vb"><phr n="NativeQueryExamples.vb"><ent r="4" t="17" w="298" /><ent r="4" t="17" w="297" /><ent r="4" t="18" w="174" /><ent r="4" t="18" w="173" /><ent r="4" t="18" w="216" /><ent r="4" t="18" w="215" /><ent r="4" t="18" w="289" /><ent r="4" t="18" w="288" /><ent r="4" t="18" w="330" /><ent r="4" t="18" w="329" /><ent r="4" t="18" w="428" /><ent r="4" t="18" w="427" /><ent r="4" t="18" w="478" /><ent r="4" t="18" w="477" /><ent r="4" t="18" w="571" /><ent r="4" t="18" w="570" /><ent r="4" t="18" w="628" /><ent r="4" t="18" w="627" /><ent r="4" t="18" w="759" /><ent r="4" t="18" w="758" /><ent r="4" t="18" w="817" /><ent r="4" t="18" w="816" /><ent r="4" t="18" w="980" /><ent r="4" t="18" w="979" /><ent r="4" t="18" w="1048" /><ent r="4" t="18" w="1047" /><ent r="4" t="20" w="209" /><ent r="4" t="20" w="208" /><ent r="4" t="20" w="251" /><ent r="4" t="20" w="250" /></phr></stem><stem n="drawback"><phr n="drawback"><ent r="3" t="17" w="319" /></phr><phr n="drawbacks"><ent r="3" t="106" w="30" /></phr></stem><stem n="tri"><phr n="tries"><ent r="3" t="17" w="327" /><ent r="3" t="32" w="22" /><ent r="4" t="53" w="703" /><ent r="3" t="103" w="11" /><ent r="3" t="104" w="96" /><ent r="3" t="104" w="108" /><ent r="3" t="126" w="119" /><ent r="3" t="127" w="314" /><ent r="3" t="161" w="13" /><ent r="3" t="238" w="232" /><ent r="3" t="261" w="32" /><ent r="3" t="273" w="10" /><ent r="3" t="273" w="80" /><ent r="3" t="281" w="26" /></phr><phr n="tried"><ent r="3" t="65" w="225" /></phr></stem><stem n="analyz"><phr n="analyze"><ent r="3" t="17" w="329" /><ent r="3" t="17" w="354" /><ent r="3" t="17" w="381" /><ent r="3" t="132" w="75" /></phr><phr n="analyzed"><ent r="3" t="20" w="128" /><ent r="3" t="20" w="145" /><ent r="3" t="20" w="272" /><ent r="3" t="20" w="297" /><ent r="3" t="21" w="58" /></phr><phr n="analyzing"><ent r="3" t="132" w="36" /></phr></stem><stem n="difficult"><phr n="difficult"><ent r="3" t="17" w="352" /><ent r="3" t="43" w="73" /><ent r="4" t="106" w="83" /></phr></stem><stem n="flowgraph"><phr n="flowgraph"><ent r="3" t="17" w="356" /></phr></stem><stem n="try"><phr n="try"><ent r="3" t="17" w="379" /><ent r="4" t="53" w="711" /><ent r="3" t="66" w="367" /><ent r="5" t="67" w="266" /><ent r="5" t="74" w="674" /><ent r="5" t="75" w="67" /><ent r="5" t="75" w="226" /><ent r="5" t="75" w="455" /><ent r="5" t="75" w="569" /><ent r="3" t="117" w="16" /><ent r="2" t="127" w="238" /><ent r="7" t="128" w="67" /><ent r="7" t="128" w="180" /><ent r="7" t="128" w="334" /><ent r="3" t="134" w="170" /><ent r="3" t="134" w="252" /><ent r="8" t="173" w="118" /><ent r="4" t="178" w="16" /><ent r="3" t="178" w="124" /><ent r="4" t="184" w="14" /><ent r="3" t="184" w="33" /><ent r="3" t="191" w="45" /><ent r="3" t="230" w="132" /><ent r="5" t="235" w="123" /><ent r="3" t="253" w="12" /><ent r="5" t="263" w="546" /><ent r="3" t="272" w="359" /><ent r="3" t="281" w="96" /><ent r="3" t="281" w="196" /><ent r="3" t="281" w="257" /><ent r="5" t="281" w="337" /><ent r="3" t="282" w="150" /><ent r="3" t="283" w="120" /><ent r="3" t="285" w="347" /><ent r="3" t="291" w="15" /></phr><phr n="Try"><ent r="5" t="67" w="311" /><ent r="5" t="67" w="331" /><ent r="5" t="74" w="731" /><ent r="5" t="74" w="757" /><ent r="5" t="75" w="129" /><ent r="5" t="75" w="169" /><ent r="5" t="75" w="308" /><ent r="5" t="75" w="373" /><ent r="5" t="75" w="513" /><ent r="5" t="75" w="541" /><ent r="5" t="75" w="627" /><ent r="5" t="75" w="655" /><ent r="7" t="128" w="114" /><ent r="7" t="128" w="155" /><ent r="7" t="128" w="235" /><ent r="7" t="128" w="285" /><ent r="7" t="128" w="391" /><ent r="7" t="128" w="424" /><ent r="3" t="134" w="306" /><ent r="5" t="235" w="209" /><ent r="5" t="235" w="262" /><ent r="5" t="263" w="593" /><ent r="5" t="263" w="628" /><ent r="3" t="275" w="584" /><ent r="92" t="281" w="241" /><ent r="4" t="281" w="407" /><ent r="5" t="281" w="451" /><ent r="5" t="281" w="525" /><ent r="4" t="281" w="531" /><ent r="3" t="282" w="371" /><ent r="3" t="290" w="57" /></phr></stem><stem n="detail"><phr n="detailed"><ent r="3" t="17" w="404" /><ent r="3" t="78" w="183" /><ent r="3" t="272" w="557" /><ent r="3" t="290" w="54" /></phr><phr n="details"><ent r="3" t="36" w="18" /><ent r="3" t="48" w="195" /><ent r="6" t="92" w="564" /><ent r="6" t="92" w="578" /><ent r="4" t="113" w="110" /><ent r="3" t="116" w="69" /><ent r="5" t="116" w="135" /><ent r="3" t="192" w="100" /><ent r="65" t="237" w="140" /><ent r="3" t="262" w="153" /><ent r="3" t="265" w="60" /><ent r="3" t="290" w="51" /></phr><phr n="detail"><ent r="3" t="264" w="355" /></phr><phr n="Details"><ent r="5" t="294" w="205" /></phr></stem><stem n="chapter"><phr n="chapter"><ent r="3" t="17" w="407" /><ent r="64" t="43" w="135" /><ent r="3" t="55" w="44" /><ent r="3" t="73" w="23" /></phr><phr n="chapters"><ent r="4" t="113" w="114" /><ent r="3" t="154" w="18" /><ent r="3" t="245" w="188" /></phr></stem><stem n="privat"><phr n="Private"><ent r="5" t="18" w="188" /><ent r="5" t="18" w="302" /><ent r="5" t="18" w="443" /><ent r="5" t="18" w="586" /><ent r="5" t="18" w="727" /><ent r="5" t="18" w="990" /><ent r="5" t="19" w="147" /><ent r="5" t="19" w="178" /><ent r="5" t="20" w="223" /><ent r="5" t="29" w="639" /><ent r="5" t="30" w="462" /><ent r="5" t="42" w="154" /><ent r="5" t="42" w="163" /><ent r="5" t="49" w="380" /><ent r="5" t="52" w="184" /><ent r="6" t="53" w="195" /><ent r="6" t="53" w="369" /><ent r="6" t="53" w="595" /><ent r="5" t="59" w="140" /><ent r="5" t="64" w="215" /><ent r="5" t="74" w="346" /><ent r="5" t="74" w="500" /><ent r="5" t="74" w="849" /><ent r="5" t="74" w="997" /><ent r="5" t="75" w="116" /><ent r="5" t="75" w="295" /><ent r="5" t="75" w="743" /><ent r="5" t="75" w="895" /><ent r="5" t="76" w="264" /><ent r="5" t="76" w="432" /><ent r="5" t="89" w="92" /><ent r="5" t="96" w="249" /><ent r="5" t="96" w="418" /><ent r="5" t="96" w="816" /><ent r="5" t="99" w="160" /><ent r="5" t="99" w="323" /><ent r="5" t="99" w="329" /><ent r="5" t="99" w="730" /><ent r="5" t="99" w="765" /><ent r="5" t="100" w="155" /><ent r="5" t="101" w="203" /><ent r="5" t="112" w="723" /><ent r="5" t="112" w="734" /><ent r="5" t="112" w="745" /><ent r="5" t="112" w="756" /><ent r="5" t="117" w="526" /><ent r="5" t="130" w="277" /><ent r="5" t="141" w="208" /><ent r="5" t="141" w="218" /><ent r="5" t="141" w="230" /><ent r="5" t="190" w="483" /><ent r="4" t="193" w="390" /><ent r="5" t="223" w="170" /><ent r="5" t="236" w="174" /><ent r="5" t="236" w="429" /><ent r="5" t="236" w="640" /><ent r="6" t="237" w="394" /><ent r="5" t="240" w="212" /><ent r="5" t="240" w="444" /><ent r="5" t="240" w="867" /><ent r="5" t="240" w="1083" /><ent r="5" t="240" w="1275" /><ent r="5" t="241" w="486" /><ent r="5" t="244" w="121" /><ent r="5" t="250" w="98" /><ent r="5" t="251" w="93" /><ent r="5" t="259" w="292" /><ent r="5" t="259" w="305" /><ent r="5" t="263" w="153" /><ent r="5" t="263" w="296" /><ent r="5" t="264" w="238" /><ent r="5" t="302" w="270" /></phr><phr n="private"><ent r="5" t="18" w="697" /><ent r="5" t="29" w="576" /><ent r="5" t="42" w="63" /><ent r="5" t="42" w="68" /><ent r="5" t="49" w="346" /><ent r="5" t="52" w="120" /><ent r="6" t="53" w="127" /><ent r="6" t="53" w="305" /><ent r="6" t="53" w="517" /><ent r="5" t="59" w="119" /><ent r="5" t="64" w="170" /><ent r="5" t="74" w="275" /><ent r="5" t="74" w="448" /><ent r="5" t="74" w="793" /><ent r="5" t="74" w="929" /><ent r="5" t="75" w="57" /><ent r="5" t="75" w="216" /><ent r="5" t="75" w="685" /><ent r="5" t="75" w="825" /><ent r="5" t="76" w="188" /><ent r="5" t="76" w="375" /><ent r="5" t="89" w="62" /><ent r="5" t="96" w="217" /><ent r="5" t="99" w="125" /><ent r="5" t="99" w="252" /><ent r="5" t="99" w="258" /><ent r="5" t="99" w="643" /><ent r="5" t="99" w="661" /><ent r="5" t="100" w="82" /><ent r="5" t="112" w="365" /><ent r="5" t="112" w="373" /><ent r="5" t="112" w="381" /><ent r="5" t="112" w="389" /><ent r="5" t="117" w="467" /><ent r="5" t="130" w="90" /><ent r="5" t="141" w="128" /><ent r="5" t="141" w="135" /><ent r="5" t="141" w="142" /><ent r="5" t="190" w="399" /><ent r="5" t="223" w="149" /><ent r="5" t="236" w="123" /><ent r="6" t="237" w="340" /><ent r="5" t="240" w="159" /><ent r="5" t="240" w="389" /><ent r="5" t="240" w="820" /><ent r="5" t="240" w="1015" /><ent r="5" t="240" w="1195" /><ent r="5" t="241" w="243" /><ent r="5" t="250" w="65" /><ent r="5" t="251" w="58" /><ent r="5" t="257" w="290" /><ent r="5" t="257" w="436" /><ent r="5" t="257" w="452" /><ent r="5" t="257" w="481" /><ent r="5" t="259" w="206" /><ent r="5" t="259" w="217" /><ent r="5" t="263" w="113" /><ent r="5" t="263" w="239" /><ent r="3" t="264" w="22" /><ent r="5" t="264" w="194" /><ent r="5" t="265" w="159" /><ent r="5" t="265" w="165" /><ent r="5" t="265" w="268" /><ent r="5" t="265" w="274" /><ent r="5" t="265" w="280" /><ent r="3" t="266" w="202" /><ent r="3" t="266" w="233" /><ent r="3" t="266" w="243" /><ent r="6" t="300" w="129" /><ent r="6" t="300" w="138" /><ent r="6" t="300" w="148" /><ent r="6" t="300" w="155" /><ent r="5" t="302" w="174" /></phr></stem><stem n="byval"><phr n="ByVal"><ent r="5" t="18" w="196" /><ent r="5" t="18" w="310" /><ent r="5" t="18" w="451" /><ent r="5" t="18" w="594" /><ent r="5" t="18" w="735" /><ent r="5" t="18" w="998" /><ent r="5" t="19" w="155" /><ent r="5" t="19" w="186" /><ent r="5" t="19" w="194" /><ent r="5" t="20" w="231" /><ent r="5" t="21" w="266" /><ent r="5" t="29" w="248" /><ent r="5" t="29" w="656" /><ent r="5" t="29" w="684" /><ent r="5" t="30" w="478" /><ent r="5" t="30" w="487" /><ent r="5" t="42" w="179" /><ent r="5" t="42" w="209" /><ent r="5" t="42" w="217" /><ent r="5" t="49" w="571" /><ent r="5" t="49" w="656" /><ent r="5" t="49" w="875" /><ent r="5" t="52" w="209" /><ent r="6" t="53" w="221" /><ent r="6" t="53" w="250" /><ent r="6" t="53" w="395" /><ent r="6" t="53" w="424" /><ent r="6" t="53" w="615" /><ent r="6" t="53" w="644" /><ent r="5" t="60" w="265" /><ent r="5" t="89" w="108" /><ent r="5" t="96" w="257" /><ent r="5" t="96" w="266" /><ent r="5" t="96" w="426" /><ent r="5" t="96" w="435" /><ent r="5" t="96" w="824" /><ent r="5" t="96" w="833" /><ent r="5" t="99" w="193" /><ent r="5" t="99" w="359" /><ent r="5" t="99" w="524" /><ent r="5" t="100" w="163" /><ent r="5" t="100" w="172" /><ent r="5" t="101" w="211" /><ent r="5" t="101" w="220" /><ent r="5" t="112" w="763" /><ent r="5" t="112" w="772" /><ent r="5" t="112" w="781" /><ent r="5" t="112" w="902" /><ent r="5" t="112" w="981" /><ent r="5" t="114" w="443" /><ent r="5" t="114" w="451" /><ent r="5" t="114" w="507" /><ent r="5" t="114" w="515" /><ent r="5" t="114" w="524" /><ent r="5" t="114" w="619" /><ent r="5" t="114" w="627" /><ent r="5" t="117" w="162" /><ent r="5" t="117" w="170" /><ent r="5" t="117" w="367" /><ent r="5" t="117" w="507" /><ent r="5" t="117" w="534" /><ent r="5" t="117" w="635" /><ent r="5" t="130" w="313" /><ent r="5" t="130" w="336" /><ent r="5" t="130" w="386" /><ent r="5" t="130" w="427" /><ent r="5" t="130" w="469" /><ent r="5" t="130" w="514" /><ent r="5" t="130" w="548" /><ent r="5" t="130" w="574" /><ent r="5" t="141" w="247" /><ent r="5" t="141" w="255" /><ent r="5" t="141" w="291" /><ent r="5" t="190" w="500" /><ent r="5" t="190" w="531" /><ent r="5" t="190" w="539" /><ent r="5" t="190" w="548" /><ent r="4" t="193" w="321" /><ent r="4" t="193" w="349" /><ent r="4" t="193" w="398" /><ent r="4" t="193" w="447" /><ent r="4" t="193" w="451" /><ent r="4" t="193" w="455" /><ent r="4" t="193" w="497" /><ent r="4" t="193" w="501" /><ent r="4" t="193" w="505" /><ent r="5" t="236" w="191" /><ent r="5" t="236" w="445" /><ent r="5" t="236" w="453" /><ent r="5" t="236" w="656" /><ent r="5" t="236" w="664" /><ent r="6" t="237" w="402" /><ent r="6" t="237" w="411" /><ent r="6" t="237" w="419" /><ent r="6" t="237" w="427" /><ent r="5" t="241" w="306" /><ent r="5" t="241" w="316" /><ent r="5" t="241" w="352" /><ent r="5" t="241" w="362" /><ent r="5" t="241" w="371" /><ent r="5" t="241" w="496" /><ent r="5" t="241" w="506" /><ent r="5" t="241" w="515" /><ent r="5" t="244" w="129" /><ent r="5" t="244" w="138" /><ent r="5" t="251" w="126" /><ent r="5" t="263" w="189" /><ent r="5" t="263" w="304" /><ent r="5" t="263" w="313" /><ent r="5" t="264" w="269" /><ent r="5" t="302" w="210" /></phr></stem></index>