﻿<?xml version="1.0" encoding="utf-8"?><index><stem n="introduct"><phr n="Introduction"><ent r="1000" t="0" w="1" /><ent r="102" t="0" w="3" /></phr><phr n="introduction"><ent r="3" t="7" w="206" /></phr></stem><stem n="db4o"><phr n="db4o"><ent r="64" t="0" w="5" /><ent r="3" t="0" w="21" /><ent r="4" t="0" w="39" /><ent r="4" t="0" w="55" /><ent r="4" t="0" w="99" /><ent r="4" t="0" w="123" /><ent r="4" t="0" w="147" /><ent r="4" t="0" w="164" /><ent r="4" t="0" w="201" /><ent r="65" t="0" w="232" /><ent r="4" t="0" w="279" /><ent r="4" t="0" w="295" /><ent r="4" t="0" w="297" /><ent r="4" t="0" w="329" /><ent r="65" t="0" w="336" /><ent r="92" t="0" w="344" /><ent r="64" t="0" w="350" /><ent r="64" t="0" w="365" /><ent r="3" t="1" w="8" /><ent r="3" t="1" w="140" /><ent r="3" t="1" w="194" /><ent r="3" t="1" w="234" /><ent r="1000" t="4" w="1" /><ent r="102" t="4" w="6" /><ent r="2" t="4" w="10" /><ent r="2" t="4" w="59" /><ent r="2" t="4" w="84" /><ent r="2" t="4" w="108" /><ent r="3" t="4" w="133" /><ent r="3" t="4" w="177" /><ent r="3" t="4" w="252" /><ent r="3" t="4" w="305" /><ent r="3" t="4" w="334" /><ent r="3" t="4" w="404" /><ent r="3" t="4" w="466" /><ent r="3" t="4" w="468" /><ent r="3" t="4" w="487" /><ent r="3" t="4" w="517" /><ent r="3" t="4" w="535" /><ent r="3" t="4" w="552" /><ent r="3" t="4" w="572" /><ent r="3" t="4" w="629" /><ent r="1000" t="5" w="1" /><ent r="102" t="5" w="4" /><ent r="3" t="5" w="7" /><ent r="3" t="5" w="58" /><ent r="6" t="5" w="81" /><ent r="6" t="5" w="118" /><ent r="6" t="5" w="141" /><ent r="6" t="5" w="196" /><ent r="6" t="5" w="227" /><ent r="8" t="5" w="274" /><ent r="3" t="5" w="384" /><ent r="3" t="6" w="5" /><ent r="3" t="6" w="48" /><ent r="3" t="6" w="65" /><ent r="3" t="6" w="117" /><ent r="1000" t="7" w="3" /><ent r="102" t="7" w="7" /><ent r="3" t="7" w="118" /><ent r="3" t="7" w="178" /><ent r="3" t="7" w="302" /><ent r="3" t="7" w="353" /><ent r="3" t="7" w="413" /><ent r="3" t="7" w="472" /><ent r="3" t="7" w="495" /><ent r="3" t="7" w="549" /><ent r="3" t="7" w="559" /><ent r="3" t="7" w="607" /><ent r="3" t="7" w="650" /><ent r="3" t="7" w="690" /><ent r="3" t="8" w="23" /><ent r="3" t="8" w="26" /><ent r="3" t="8" w="30" /><ent r="5" t="8" w="82" /><ent r="5" t="8" w="180" /><ent r="3" t="8" w="299" /><ent r="3" t="8" w="307" /><ent r="3" t="8" w="334" /><ent r="3" t="8" w="341" /><ent r="3" t="8" w="362" /><ent r="3" t="9" w="14" /><ent r="92" t="9" w="26" /><ent r="3" t="9" w="30" /><ent r="92" t="9" w="140" /><ent r="3" t="9" w="144" /><ent r="4" t="9" w="150" /><ent r="3" t="9" w="156" /><ent r="4" t="9" w="182" /><ent r="3" t="9" w="189" /><ent r="3" t="9" w="197" /><ent r="4" t="9" w="202" /><ent r="3" t="9" w="207" /><ent r="3" t="9" w="219" /><ent r="4" t="9" w="226" /><ent r="4" t="9" w="243" /><ent r="3" t="9" w="253" /><ent r="92" t="9" w="257" /><ent r="3" t="9" w="269" /><ent r="3" t="9" w="279" /><ent r="3" t="9" w="312" /><ent r="5" t="9" w="374" /><ent r="3" t="9" w="411" /><ent r="5" t="10" w="88" /><ent r="5" t="10" w="130" /><ent r="3" t="10" w="164" /><ent r="3" t="10" w="181" /><ent r="3" t="10" w="191" /><ent r="5" t="10" w="218" /><ent r="5" t="10" w="256" /><ent r="5" t="10" w="331" /><ent r="5" t="10" w="397" /><ent r="5" t="10" w="500" /><ent r="5" t="10" w="565" /><ent r="5" t="10" w="641" /><ent r="5" t="10" w="695" /><ent r="3" t="11" w="7" /><ent r="3" t="11" w="60" /><ent r="3" t="12" w="12" /><ent r="3" t="12" w="47" /><ent r="64" t="12" w="244" /><ent r="3" t="12" w="252" /><ent r="3" t="12" w="271" /><ent r="3" t="12" w="274" /><ent r="92" t="12" w="384" /><ent r="3" t="12" w="389" /><ent r="3" t="12" w="397" /><ent r="3" t="13" w="45" /><ent r="3" t="13" w="421" /><ent r="3" t="14" w="82" /><ent r="3" t="14" w="134" /><ent r="3" t="14" w="1008" /><ent r="3" t="14" w="1193" /><ent r="3" t="15" w="37" /><ent r="3" t="15" w="75" /><ent r="64" t="15" w="425" /><ent r="3" t="16" w="89" /><ent r="4" t="17" w="30" /><ent r="3" t="17" w="117" /><ent r="3" t="17" w="156" /><ent r="3" t="17" w="326" /><ent r="3" t="17" w="360" /><ent r="3" t="17" w="377" /><ent r="4" t="18" w="25" /><ent r="3" t="18" w="878" /><ent r="4" t="19" w="29" /><ent r="4" t="20" w="29" /><ent r="3" t="20" w="82" /><ent r="4" t="21" w="27" /><ent r="3" t="21" w="82" /><ent r="3" t="21" w="90" /><ent r="3" t="21" w="408" /><ent r="4" t="22" w="31" /><ent r="3" t="23" w="31" /><ent r="3" t="23" w="33" /><ent r="3" t="24" w="26" /><ent r="3" t="24" w="27" /><ent r="3" t="24" w="81" /><ent r="3" t="24" w="169" /><ent r="3" t="24" w="275" /><ent r="3" t="24" w="380" /><ent r="3" t="24" w="763" /><ent r="5" t="24" w="779" /><ent r="5" t="24" w="811" /><ent r="3" t="26" w="18" /><ent r="3" t="26" w="87" /><ent r="3" t="26" w="149" /><ent r="3" t="27" w="817" /><ent r="5" t="28" w="120" /><ent r="5" t="28" w="161" /><ent r="3" t="29" w="59" /><ent r="3" t="31" w="76" /><ent r="3" t="31" w="870" /><ent r="3" t="31" w="1295" /><ent r="3" t="31" w="1437" /><ent r="3" t="33" w="194" /><ent r="3" t="33" w="226" /><ent r="3" t="33" w="237" /><ent r="3" t="33" w="268" /><ent r="64" t="33" w="277" /><ent r="1000" t="34" w="1" /><ent r="102" t="34" w="6" /><ent r="3" t="34" w="10" /><ent r="3" t="34" w="280" /><ent r="3" t="34" w="443" /><ent r="3" t="34" w="496" /><ent r="3" t="34" w="538" /><ent r="5" t="34" w="558" /><ent r="5" t="34" w="621" /><ent r="3" t="35" w="39" /><ent r="3" t="35" w="53" /><ent r="3" t="36" w="7" /><ent r="3" t="36" w="180" /><ent r="1000" t="37" w="1" /><ent r="102" t="37" w="6" /><ent r="3" t="37" w="13" /><ent r="3" t="37" w="32" /><ent r="3" t="37" w="228" /><ent r="3" t="37" w="255" /><ent r="3" t="38" w="34" /><ent r="3" t="38" w="38" /><ent r="3" t="38" w="41" /><ent r="3" t="38" w="49" /><ent r="3" t="38" w="75" /><ent r="4" t="38" w="144" /><ent r="4" t="38" w="197" /><ent r="3" t="38" w="261" /><ent r="3" t="38" w="382" /><ent r="3" t="38" w="493" /><ent r="3" t="38" w="524" /><ent r="3" t="39" w="17" /><ent r="3" t="40" w="19" /><ent r="3" t="40" w="27" /><ent r="3" t="40" w="44" /><ent r="3" t="40" w="100" /><ent r="3" t="40" w="138" /><ent r="3" t="40" w="150" /><ent r="3" t="40" w="197" /><ent r="3" t="40" w="225" /><ent r="3" t="40" w="261" /><ent r="3" t="41" w="12" /><ent r="3" t="41" w="94" /><ent r="3" t="41" w="112" /><ent r="3" t="41" w="150" /><ent r="3" t="41" w="159" /><ent r="3" t="42" w="12" /><ent r="3" t="42" w="658" /><ent r="3" t="42" w="774" /><ent r="3" t="43" w="17" /><ent r="3" t="44" w="13" /><ent r="3" t="44" w="44" /><ent r="3" t="44" w="89" /><ent r="3" t="44" w="108" /><ent r="3" t="44" w="130" /><ent r="3" t="44" w="165" /><ent r="3" t="44" w="179" /><ent r="3" t="44" w="285" /><ent r="3" t="45" w="14" /><ent r="3" t="45" w="73" /><ent r="3" t="45" w="665" /><ent r="3" t="46" w="9" /><ent r="3" t="47" w="11" /><ent r="3" t="48" w="24" /><ent r="3" t="48" w="228" /><ent r="5" t="49" w="1070" /><ent r="5" t="49" w="1211" /><ent r="5" t="50" w="743" /><ent r="5" t="50" w="820" /><ent r="3" t="51" w="63" /><ent r="3" t="51" w="153" /><ent r="3" t="51" w="171" /><ent r="5" t="53" w="180" /><ent r="5" t="53" w="277" /><ent r="5" t="53" w="570" /><ent r="5" t="53" w="671" /><ent r="64" t="55" w="273" /><ent r="3" t="57" w="9" /><ent r="3" t="58" w="19" /><ent r="3" t="58" w="40" /><ent r="3" t="59" w="7" /><ent r="3" t="59" w="29" /><ent r="3" t="61" w="33" /><ent r="3" t="62" w="17" /><ent r="3" t="62" w="65" /><ent r="3" t="62" w="193" /><ent r="64" t="63" w="30" /><ent r="3" t="64" w="12" /><ent r="64" t="64" w="56" /><ent r="3" t="65" w="14" /><ent r="3" t="65" w="44" /><ent r="64" t="65" w="210" /><ent r="3" t="65" w="224" /><ent r="3" t="65" w="247" /><ent r="3" t="65" w="260" /><ent r="64" t="65" w="284" /><ent r="3" t="65" w="291" /><ent r="3" t="66" w="81" /><ent r="5" t="66" w="172" /><ent r="5" t="66" w="235" /><ent r="3" t="67" w="34" /><ent r="3" t="68" w="7" /><ent r="5" t="68" w="31" /><ent r="5" t="68" w="55" /><ent r="5" t="68" w="111" /><ent r="5" t="68" w="138" /><ent r="3" t="69" w="15" /><ent r="3" t="69" w="28" /><ent r="3" t="69" w="97" /><ent r="3" t="69" w="100" /><ent r="4" t="69" w="150" /><ent r="4" t="69" w="177" /><ent r="4" t="69" w="264" /><ent r="4" t="69" w="325" /><ent r="92" t="69" w="335" /><ent r="3" t="69" w="338" /><ent r="3" t="69" w="359" /><ent r="4" t="69" w="398" /><ent r="4" t="69" w="426" /><ent r="3" t="69" w="437" /><ent r="3" t="69" w="482" /><ent r="4" t="69" w="502" /><ent r="4" t="69" w="528" /><ent r="4" t="69" w="607" /><ent r="4" t="69" w="658" /><ent r="1000" t="70" w="1" /><ent r="102" t="70" w="8" /><ent r="3" t="70" w="24" /><ent r="3" t="70" w="88" /><ent r="3" t="70" w="94" /><ent r="3" t="70" w="236" /><ent r="3" t="71" w="54" /><ent r="3" t="71" w="118" /><ent r="3" t="71" w="143" /><ent r="3" t="72" w="102" /><ent r="1000" t="73" w="3" /><ent r="102" t="73" w="9" /><ent r="3" t="73" w="20" /><ent r="3" t="73" w="168" /><ent r="3" t="74" w="653" /><ent r="3" t="76" w="532" /><ent r="3" t="77" w="8" /><ent r="3" t="78" w="17" /><ent r="5" t="78" w="26" /><ent r="5" t="78" w="47" /><ent r="3" t="78" w="76" /><ent r="5" t="78" w="135" /><ent r="5" t="78" w="139" /><ent r="5" t="78" w="160" /><ent r="5" t="78" w="164" /><ent r="5" t="78" w="206" /><ent r="5" t="78" w="235" /><ent r="3" t="79" w="51" /><ent r="5" t="80" w="41" /><ent r="5" t="80" w="70" /><ent r="5" t="80" w="139" /><ent r="5" t="80" w="143" /><ent r="5" t="80" w="176" /><ent r="5" t="80" w="180" /><ent r="5" t="81" w="65" /><ent r="5" t="81" w="119" /><ent r="3" t="82" w="11" /><ent r="5" t="82" w="74" /><ent r="5" t="82" w="107" /><ent r="3" t="83" w="7" /><ent r="3" t="83" w="30" /><ent r="5" t="83" w="90" /><ent r="5" t="83" w="125" /><ent r="5" t="84" w="54" /><ent r="5" t="84" w="92" /><ent r="5" t="85" w="46" /><ent r="5" t="85" w="82" /><ent r="5" t="86" w="42" /><ent r="5" t="86" w="77" /><ent r="3" t="87" w="23" /><ent r="5" t="87" w="87" /><ent r="5" t="87" w="126" /><ent r="5" t="88" w="95" /><ent r="5" t="88" w="99" /><ent r="5" t="88" w="144" /><ent r="5" t="88" w="148" /><ent r="5" t="89" w="152" /><ent r="5" t="89" w="186" /><ent r="3" t="90" w="25" /><ent r="3" t="90" w="117" /><ent r="3" t="91" w="12" /><ent r="3" t="91" w="67" /><ent r="6" t="92" w="383" /><ent r="6" t="92" w="468" /><ent r="3" t="92" w="537" /><ent r="3" t="94" w="61" /><ent r="3" t="95" w="18" /><ent r="3" t="95" w="38" /><ent r="3" t="95" w="51" /><ent r="3" t="96" w="18" /><ent r="3" t="99" w="7" /><ent r="3" t="99" w="37" /><ent r="3" t="100" w="7" /><ent r="3" t="103" w="10" /><ent r="3" t="103" w="53" /><ent r="3" t="103" w="70" /><ent r="3" t="104" w="9" /><ent r="3" t="104" w="27" /><ent r="3" t="104" w="84" /><ent r="3" t="104" w="95" /><ent r="3" t="104" w="105" /><ent r="3" t="104" w="139" /><ent r="3" t="104" w="171" /><ent r="3" t="104" w="185" /><ent r="3" t="105" w="64" /><ent r="4" t="105" w="80" /><ent r="3" t="105" w="178" /><ent r="3" t="106" w="11" /><ent r="4" t="106" w="62" /><ent r="4" t="106" w="88" /><ent r="3" t="106" w="132" /><ent r="92" t="106" w="197" /><ent r="3" t="106" w="217" /><ent r="4" t="106" w="231" /><ent r="4" t="106" w="251" /><ent r="3" t="106" w="269" /><ent r="4" t="106" w="287" /><ent r="4" t="106" w="307" /><ent r="3" t="106" w="317" /><ent r="3" t="107" w="43" /><ent r="3" t="107" w="93" /><ent r="3" t="108" w="16" /><ent r="3" t="108" w="31" /><ent r="3" t="108" w="54" /><ent r="3" t="108" w="100" /><ent r="3" t="109" w="17" /><ent r="3" t="111" w="71" /><ent r="3" t="112" w="11" /><ent r="3" t="112" w="38" /><ent r="3" t="112" w="205" /><ent r="5" t="112" w="1221" /><ent r="5" t="112" w="1283" /><ent r="3" t="114" w="16" /><ent r="3" t="114" w="49" /><ent r="5" t="114" w="355" /><ent r="5" t="114" w="565" /><ent r="5" t="114" w="745" /><ent r="5" t="114" w="798" /><ent r="3" t="114" w="837" /><ent r="3" t="115" w="9" /><ent r="3" t="115" w="98" /><ent r="3" t="116" w="14" /><ent r="3" t="116" w="32" /><ent r="5" t="116" w="122" /><ent r="5" t="116" w="137" /><ent r="3" t="117" w="79" /><ent r="3" t="117" w="676" /><ent r="3" t="118" w="141" /><ent r="3" t="118" w="182" /><ent r="3" t="119" w="19" /><ent r="4" t="119" w="33" /><ent r="4" t="119" w="62" /><ent r="4" t="119" w="117" /><ent r="3" t="120" w="20" /><ent r="3" t="121" w="20" /><ent r="3" t="121" w="41" /><ent r="3" t="121" w="51" /><ent r="5" t="121" w="252" /><ent r="5" t="121" w="396" /><ent r="3" t="121" w="581" /><ent r="3" t="122" w="20" /><ent r="3" t="123" w="9" /><ent r="3" t="124" w="61" /><ent r="3" t="125" w="61" /><ent r="3" t="126" w="14" /><ent r="3" t="126" w="28" /><ent r="3" t="126" w="133" /><ent r="3" t="126" w="154" /><ent r="3" t="126" w="164" /><ent r="3" t="126" w="226" /><ent r="3" t="126" w="235" /><ent r="64" t="126" w="252" /><ent r="3" t="127" w="13" /><ent r="3" t="127" w="20" /><ent r="3" t="127" w="30" /><ent r="3" t="127" w="32" /><ent r="3" t="127" w="61" /><ent r="3" t="127" w="81" /><ent r="3" t="127" w="174" /><ent r="3" t="127" w="283" /><ent r="3" t="127" w="381" /><ent r="1000" t="128" w="5" /><ent r="102" t="128" w="12" /><ent r="64" t="128" w="54" /><ent r="7" t="128" w="75" /><ent r="7" t="128" w="127" /><ent r="66" t="128" w="304" /><ent r="1000" t="129" w="1" /><ent r="102" t="129" w="5" /><ent r="3" t="129" w="90" /><ent r="3" t="129" w="245" /><ent r="3" t="130" w="13" /><ent r="3" t="130" w="31" /><ent r="3" t="130" w="56" /><ent r="3" t="131" w="5" /><ent r="3" t="131" w="17" /><ent r="3" t="131" w="38" /><ent r="3" t="131" w="55" /><ent r="4" t="131" w="157" /><ent r="4" t="131" w="180" /><ent r="3" t="132" w="13" /><ent r="3" t="132" w="141" /><ent r="4" t="132" w="190" /><ent r="4" t="132" w="200" /><ent r="4" t="132" w="207" /><ent r="3" t="133" w="35" /><ent r="3" t="133" w="58" /><ent r="3" t="133" w="93" /><ent r="4" t="133" w="154" /><ent r="4" t="133" w="164" /><ent r="4" t="133" w="171" /><ent r="4" t="133" w="185" /><ent r="4" t="133" w="191" /><ent r="4" t="133" w="349" /><ent r="4" t="133" w="394" /><ent r="4" t="133" w="407" /><ent r="3" t="134" w="39" /><ent r="3" t="134" w="266" /><ent r="3" t="135" w="17" /><ent r="3" t="136" w="14" /><ent r="3" t="136" w="41" /><ent r="3" t="137" w="45" /><ent r="3" t="138" w="14" /><ent r="3" t="138" w="36" /><ent r="3" t="138" w="115" /><ent r="3" t="139" w="59" /><ent r="3" t="139" w="127" /><ent r="3" t="140" w="8" /><ent r="4" t="140" w="244" /><ent r="4" t="140" w="361" /><ent r="3" t="142" w="7" /><ent r="3" t="142" w="20" /><ent r="92" t="142" w="26" /><ent r="3" t="142" w="32" /><ent r="5" t="142" w="141" /><ent r="5" t="142" w="183" /><ent r="5" t="142" w="244" /><ent r="4" t="142" w="252" /><ent r="5" t="142" w="287" /><ent r="4" t="142" w="295" /><ent r="3" t="142" w="424" /><ent r="3" t="142" w="440" /><ent r="3" t="142" w="458" /><ent r="3" t="142" w="527" /><ent r="3" t="143" w="26" /><ent r="6" t="143" w="371" /><ent r="3" t="144" w="91" /><ent r="3" t="144" w="121" /><ent r="3" t="144" w="147" /><ent r="3" t="144" w="160" /><ent r="3" t="145" w="7" /><ent r="3" t="146" w="9" /><ent r="3" t="146" w="29" /><ent r="3" t="146" w="78" /><ent r="3" t="147" w="28" /><ent r="3" t="148" w="10" /><ent r="3" t="148" w="27" /><ent r="3" t="148" w="48" /><ent r="3" t="148" w="50" /><ent r="3" t="148" w="195" /><ent r="3" t="148" w="217" /><ent r="4" t="148" w="245" /><ent r="3" t="149" w="17" /><ent r="3" t="149" w="20" /><ent r="3" t="150" w="11" /><ent r="3" t="151" w="7" /><ent r="3" t="151" w="21" /><ent r="3" t="152" w="9" /><ent r="3" t="152" w="61" /><ent r="3" t="153" w="11" /><ent r="3" t="153" w="58" /><ent r="3" t="154" w="12" /><ent r="3" t="155" w="14" /><ent r="3" t="155" w="34" /><ent r="3" t="156" w="10" /><ent r="3" t="158" w="15" /><ent r="3" t="161" w="12" /><ent r="3" t="163" w="16" /><ent r="3" t="163" w="27" /><ent r="3" t="164" w="49" /><ent r="3" t="166" w="385" /><ent r="3" t="168" w="23" /><ent r="3" t="168" w="38" /><ent r="3" t="169" w="8" /><ent r="3" t="169" w="25" /><ent r="3" t="170" w="30" /><ent r="3" t="171" w="13" /><ent r="3" t="172" w="11" /><ent r="3" t="172" w="45" /><ent r="3" t="173" w="31" /><ent r="3" t="173" w="37" /><ent r="3" t="174" w="73" /><ent r="64" t="175" w="23" /><ent r="3" t="178" w="27" /><ent r="3" t="178" w="144" /><ent r="3" t="179" w="271" /><ent r="3" t="179" w="449" /><ent r="3" t="180" w="7" /><ent r="4" t="180" w="77" /><ent r="4" t="180" w="105" /><ent r="4" t="180" w="155" /><ent r="4" t="180" w="196" /><ent r="3" t="181" w="11" /><ent r="4" t="181" w="54" /><ent r="4" t="181" w="82" /><ent r="3" t="183" w="10" /><ent r="3" t="183" w="19" /><ent r="3" t="186" w="7" /><ent r="3" t="186" w="21" /><ent r="5" t="187" w="52" /><ent r="5" t="187" w="107" /><ent r="5" t="187" w="190" /><ent r="5" t="187" w="259" /><ent r="3" t="188" w="23" /><ent r="3" t="188" w="37" /><ent r="5" t="188" w="64" /><ent r="5" t="188" w="305" /><ent r="5" t="188" w="357" /><ent r="5" t="188" w="566" /><ent r="3" t="188" w="573" /><ent r="3" t="189" w="12" /><ent r="5" t="189" w="35" /><ent r="5" t="189" w="62" /><ent r="3" t="190" w="12" /><ent r="5" t="190" w="99" /><ent r="5" t="190" w="168" /><ent r="3" t="190" w="297" /><ent r="3" t="190" w="324" /><ent r="3" t="191" w="71" /><ent r="5" t="191" w="229" /><ent r="5" t="191" w="308" /><ent r="3" t="192" w="10" /><ent r="3" t="192" w="80" /><ent r="3" t="194" w="19" /><ent r="5" t="194" w="59" /><ent r="5" t="194" w="106" /><ent r="64" t="195" w="19" /><ent r="3" t="202" w="24" /><ent r="3" t="203" w="82" /><ent r="3" t="203" w="94" /><ent r="3" t="208" w="9" /><ent r="3" t="208" w="89" /><ent r="3" t="209" w="68" /><ent r="6" t="209" w="167" /><ent r="3" t="210" w="9" /><ent r="3" t="213" w="9" /><ent r="3" t="218" w="11" /><ent r="3" t="218" w="22" /><ent r="3" t="221" w="11" /><ent r="3" t="221" w="23" /><ent r="3" t="222" w="9" /><ent r="3" t="222" w="29" /><ent r="3" t="223" w="38" /><ent r="3" t="223" w="297" /><ent r="3" t="224" w="21" /><ent r="64" t="225" w="18" /><ent r="3" t="226" w="12" /><ent r="3" t="226" w="24" /><ent r="3" t="226" w="37" /><ent r="3" t="226" w="43" /><ent r="3" t="226" w="59" /><ent r="3" t="226" w="67" /><ent r="5" t="226" w="163" /><ent r="4" t="226" w="186" /><ent r="5" t="226" w="206" /><ent r="4" t="226" w="233" /><ent r="3" t="227" w="15" /><ent r="3" t="229" w="11" /><ent r="3" t="229" w="47" /><ent r="5" t="229" w="103" /><ent r="5" t="229" w="166" /><ent r="3" t="229" w="262" /><ent r="3" t="231" w="46" /><ent r="3" t="231" w="79" /><ent r="3" t="231" w="107" /><ent r="3" t="234" w="16" /><ent r="3" t="234" w="32" /><ent r="3" t="234" w="59" /><ent r="3" t="235" w="7" /><ent r="3" t="236" w="93" /><ent r="3" t="237" w="23" /><ent r="3" t="237" w="39" /><ent r="3" t="238" w="108" /><ent r="3" t="239" w="19" /><ent r="3" t="239" w="21" /><ent r="3" t="239" w="46" /><ent r="3" t="239" w="94" /><ent r="64" t="239" w="109" /><ent r="3" t="240" w="10" /><ent r="3" t="240" w="21" /><ent r="3" t="241" w="8" /><ent r="3" t="241" w="19" /><ent r="3" t="241" w="25" /><ent r="3" t="241" w="595" /><ent r="1000" t="242" w="2" /><ent r="100" t="242" w="6" /><ent r="102" t="242" w="10" /><ent r="3" t="242" w="24" /><ent r="4" t="242" w="91" /><ent r="3" t="244" w="117" /><ent r="3" t="244" w="330" /><ent r="3" t="244" w="390" /><ent r="3" t="244" w="394" /><ent r="3" t="244" w="410" /><ent r="3" t="244" w="439" /><ent r="3" t="245" w="40" /><ent r="4" t="245" w="69" /><ent r="3" t="245" w="124" /><ent r="3" t="245" w="155" /><ent r="67" t="245" w="193" /><ent r="3" t="246" w="14" /><ent r="3" t="246" w="22" /><ent r="3" t="246" w="51" /><ent r="3" t="246" w="145" /><ent r="64" t="246" w="149" /><ent r="92" t="247" w="32" /><ent r="3" t="247" w="35" /><ent r="92" t="247" w="103" /><ent r="3" t="247" w="106" /><ent r="64" t="247" w="131" /><ent r="8" t="247" w="154" /><ent r="8" t="247" w="159" /><ent r="8" t="247" w="162" /><ent r="4" t="248" w="86" /><ent r="4" t="248" w="113" /><ent r="4" t="248" w="200" /><ent r="4" t="248" w="261" /><ent r="1000" t="249" w="2" /><ent r="102" t="249" w="6" /><ent r="3" t="249" w="16" /><ent r="3" t="249" w="31" /><ent r="3" t="249" w="45" /><ent r="4" t="249" w="61" /><ent r="4" t="249" w="82" /><ent r="3" t="249" w="99" /><ent r="4" t="249" w="134" /><ent r="4" t="249" w="160" /><ent r="4" t="249" w="241" /><ent r="4" t="249" w="292" /><ent r="3" t="252" w="45" /><ent r="3" t="252" w="105" /><ent r="3" t="253" w="17" /><ent r="3" t="253" w="51" /><ent r="3" t="255" w="16" /><ent r="3" t="255" w="55" /><ent r="3" t="256" w="33" /><ent r="5" t="256" w="105" /><ent r="5" t="256" w="168" /><ent r="5" t="256" w="253" /><ent r="5" t="256" w="316" /><ent r="4" t="257" w="133" /><ent r="4" t="257" w="223" /><ent r="3" t="257" w="255" /><ent r="3" t="257" w="425" /><ent r="3" t="258" w="27" /><ent r="5" t="258" w="102" /><ent r="5" t="258" w="116" /><ent r="4" t="258" w="140" /><ent r="3" t="259" w="36" /><ent r="4" t="259" w="82" /><ent r="4" t="259" w="98" /><ent r="4" t="259" w="109" /><ent r="3" t="260" w="23" /><ent r="4" t="260" w="59" /><ent r="92" t="260" w="166" /><ent r="3" t="260" w="171" /><ent r="3" t="261" w="15" /><ent r="3" t="261" w="20" /><ent r="92" t="261" w="39" /><ent r="3" t="261" w="43" /><ent r="92" t="261" w="96" /><ent r="3" t="261" w="112" /><ent r="64" t="261" w="154" /><ent r="3" t="261" w="213" /><ent r="3" t="262" w="25" /><ent r="3" t="262" w="128" /><ent r="4" t="262" w="295" /><ent r="3" t="263" w="9" /><ent r="64" t="263" w="91" /><ent r="3" t="263" w="236" /><ent r="3" t="264" w="313" /><ent r="3" t="265" w="43" /><ent r="3" t="265" w="83" /><ent r="3" t="266" w="7" /><ent r="3" t="266" w="24" /><ent r="3" t="266" w="45" /><ent r="3" t="266" w="49" /><ent r="3" t="266" w="72" /><ent r="3" t="266" w="86" /><ent r="3" t="266" w="98" /><ent r="5" t="266" w="126" /><ent r="5" t="266" w="169" /><ent r="3" t="266" w="240" /><ent r="5" t="266" w="588" /><ent r="5" t="266" w="635" /><ent r="3" t="267" w="61" /><ent r="1000" t="268" w="1" /><ent r="102" t="268" w="7" /><ent r="3" t="268" w="12" /><ent r="3" t="268" w="28" /><ent r="3" t="268" w="54" /><ent r="3" t="268" w="73" /><ent r="3" t="268" w="91" /><ent r="3" t="268" w="106" /><ent r="3" t="268" w="132" /><ent r="3" t="268" w="194" /><ent r="6" t="268" w="201" /><ent r="6" t="268" w="208" /><ent r="6" t="268" w="220" /><ent r="6" t="268" w="240" /><ent r="6" t="268" w="253" /><ent r="6" t="268" w="267" /><ent r="3" t="268" w="387" /><ent r="4" t="268" w="443" /><ent r="3" t="268" w="467" /><ent r="1000" t="269" w="1" /><ent r="102" t="269" w="6" /><ent r="4" t="269" w="17" /><ent r="4" t="269" w="60" /><ent r="3" t="270" w="15" /><ent r="6" t="270" w="339" /><ent r="6" t="270" w="366" /><ent r="3" t="270" w="478" /><ent r="3" t="271" w="10" /><ent r="3" t="271" w="26" /><ent r="3" t="272" w="29" /><ent r="4" t="272" w="117" /><ent r="5" t="272" w="158" /><ent r="5" t="272" w="231" /><ent r="5" t="272" w="376" /><ent r="5" t="272" w="448" /><ent r="3" t="273" w="8" /><ent r="3" t="273" w="15" /><ent r="3" t="273" w="79" /><ent r="4" t="273" w="107" /><ent r="3" t="273" w="114" /><ent r="3" t="273" w="168" /><ent r="3" t="274" w="15" /><ent r="3" t="274" w="273" /><ent r="4" t="274" w="365" /><ent r="3" t="274" w="394" /><ent r="4" t="274" w="472" /><ent r="3" t="275" w="9" /><ent r="3" t="276" w="21" /><ent r="4" t="276" w="97" /><ent r="3" t="276" w="139" /><ent r="3" t="276" w="211" /><ent r="3" t="276" w="229" /><ent r="63" t="276" w="244" /><ent r="3" t="277" w="20" /><ent r="3" t="277" w="45" /><ent r="3" t="277" w="50" /><ent r="3" t="277" w="102" /><ent r="5" t="277" w="186" /><ent r="5" t="277" w="239" /><ent r="4" t="278" w="32" /><ent r="4" t="278" w="107" /><ent r="3" t="279" w="24" /><ent r="64" t="279" w="55" /><ent r="3" t="280" w="16" /><ent r="3" t="280" w="88" /><ent r="92" t="280" w="109" /><ent r="64" t="280" w="125" /><ent r="3" t="281" w="25" /><ent r="3" t="281" w="128" /><ent r="3" t="282" w="24" /><ent r="92" t="282" w="37" /><ent r="3" t="282" w="41" /><ent r="3" t="282" w="71" /><ent r="3" t="282" w="88" /><ent r="3" t="282" w="264" /><ent r="3" t="282" w="307" /><ent r="3" t="282" w="315" /><ent r="3" t="283" w="300" /><ent r="3" t="283" w="342" /><ent r="3" t="284" w="145" /><ent r="3" t="284" w="152" /><ent r="3" t="284" w="267" /><ent r="3" t="285" w="53" /><ent r="3" t="285" w="217" /><ent r="3" t="285" w="248" /><ent r="3" t="286" w="13" /><ent r="4" t="286" w="219" /><ent r="6" t="287" w="24" /><ent r="4" t="287" w="32" /><ent r="4" t="287" w="51" /><ent r="4" t="287" w="99" /><ent r="5" t="288" w="43" /><ent r="3" t="289" w="28" /><ent r="4" t="289" w="96" /><ent r="3" t="289" w="144" /><ent r="3" t="290" w="25" /><ent r="5" t="290" w="260" /><ent r="5" t="291" w="37" /><ent r="5" t="292" w="58" /><ent r="3" t="292" w="72" /><ent r="3" t="292" w="137" /><ent r="3" t="292" w="191" /><ent r="3" t="293" w="10" /><ent r="3" t="293" w="16" /><ent r="3" t="293" w="22" /><ent r="3" t="293" w="35" /><ent r="3" t="293" w="44" /><ent r="92" t="293" w="47" /><ent r="3" t="293" w="57" /><ent r="3" t="293" w="64" /><ent r="3" t="293" w="70" /><ent r="3" t="293" w="102" /><ent r="3" t="293" w="133" /><ent r="64" t="293" w="166" /><ent r="3" t="293" w="199" /><ent r="3" t="294" w="16" /><ent r="3" t="294" w="64" /><ent r="3" t="294" w="68" /><ent r="64" t="294" w="109" /><ent r="4" t="294" w="179" /><ent r="5" t="294" w="196" /><ent r="3" t="295" w="14" /><ent r="115" t="295" w="71" /><ent r="115" t="295" w="73" /><ent r="66" t="295" w="82" /><ent r="66" t="295" w="94" /><ent r="3" t="296" w="33" /><ent r="3" t="296" w="52" /><ent r="3" t="297" w="17" /><ent r="64" t="297" w="24" /><ent r="64" t="297" w="26" /><ent r="4" t="297" w="658" /><ent r="6" t="299" w="203" /><ent r="6" t="299" w="291" /><ent r="6" t="299" w="336" /><ent r="6" t="299" w="523" /><ent r="6" t="300" w="239" /><ent r="3" t="301" w="80" /><ent r="3" t="301" w="94" /><ent r="3" t="301" w="126" /><ent r="3" t="301" w="158" /><ent r="3" t="301" w="190" /><ent r="3" t="302" w="42" /><ent r="3" t="302" w="52" /><ent r="3" t="302" w="57" /><ent r="3" t="303" w="63" /><ent r="1000" t="304" w="5" /><ent r="102" t="304" w="19" /><ent r="3" t="304" w="25" /><ent r="3" t="304" w="33" /><ent r="3" t="304" w="49" /><ent r="3" t="304" w="98" /><ent r="4" t="304" w="103" /><ent r="4" t="304" w="120" /><ent r="4" t="304" w="141" /><ent r="4" t="304" w="181" /><ent r="4" t="304" w="221" /><ent r="4" t="304" w="241" /><ent r="4" t="304" w="247" /><ent r="4" t="304" w="254" /><ent r="4" t="304" w="259" /><ent r="4" t="304" w="271" /><ent r="3" t="305" w="39" /><ent r="64" t="305" w="66" /><ent r="64" t="305" w="68" /><ent r="4" t="305" w="121" /><ent r="4" t="305" w="124" /><ent r="4" t="305" w="131" /><ent r="4" t="305" w="133" /><ent r="4" t="305" w="141" /><ent r="4" t="305" w="143" /><ent r="4" t="305" w="150" /><ent r="4" t="305" w="152" /><ent r="4" t="305" w="158" /><ent r="4" t="305" w="165" /><ent r="4" t="305" w="169" /><ent r="4" t="305" w="176" /><ent r="4" t="305" w="184" /><ent r="4" t="305" w="192" /><ent r="4" t="305" w="226" /><ent r="4" t="305" w="231" /><ent r="4" t="305" w="254" /><ent r="1000" t="306" w="2" /><ent r="102" t="306" w="5" /><ent r="3" t="306" w="17" /><ent r="3" t="306" w="24" /><ent r="3" t="306" w="100" /><ent r="4" t="306" w="117" /><ent r="4" t="306" w="120" /><ent r="4" t="306" w="127" /><ent r="4" t="306" w="129" /><ent r="4" t="306" w="137" /><ent r="4" t="306" w="139" /><ent r="4" t="306" w="146" /><ent r="4" t="306" w="148" /><ent r="4" t="306" w="154" /><ent r="4" t="306" w="161" /><ent r="4" t="306" w="165" /><ent r="4" t="306" w="172" /><ent r="4" t="306" w="180" /><ent r="4" t="306" w="188" /><ent r="4" t="306" w="222" /><ent r="4" t="306" w="227" /><ent r="4" t="306" w="250" /><ent r="4" t="306" w="263" /><ent r="3" t="306" w="368" /><ent r="3" t="306" w="369" /><ent r="3" t="306" w="616" /><ent r="3" t="308" w="11" /><ent r="4" t="308" w="54" /><ent r="4" t="308" w="79" /><ent r="4" t="308" w="154" /><ent r="4" t="308" w="182" /><ent r="4" t="308" w="232" /><ent r="4" t="308" w="258" /><ent r="92" t="309" w="12" /><ent r="3" t="309" w="25" /><ent r="3" t="309" w="29" /><ent r="3" t="309" w="38" /><ent r="3" t="309" w="89" /><ent r="3" t="309" w="95" /><ent r="3" t="309" w="168" /><ent r="64" t="309" w="184" /><ent r="82" t="309" w="193" /><ent r="3" t="309" w="200" /><ent r="3" t="309" w="216" /><ent r="3" t="309" w="242" /><ent r="3" t="309" w="289" /><ent r="6" t="309" w="347" /><ent r="3" t="309" w="403" /><ent r="92" t="310" w="7" /><ent r="64" t="310" w="13" /><ent r="64" t="310" w="27" /><ent r="64" t="310" w="42" /><ent r="3" t="310" w="93" /><ent r="64" t="310" w="100" /><ent r="64" t="310" w="107" /><ent r="63" t="310" w="113" /><ent r="1000" t="311" w="1" /><ent r="102" t="311" w="5" /><ent r="3" t="311" w="10" /><ent r="64" t="311" w="28" /><ent r="3" t="312" w="14" /><ent r="3" t="312" w="29" /><ent r="7" t="313" w="11" /><ent r="6" t="313" w="15" /><ent r="7" t="313" w="35" /><ent r="6" t="313" w="40" /><ent r="6" t="313" w="59" /><ent r="6" t="313" w="61" /><ent r="6" t="313" w="64" /><ent r="7" t="313" w="69" /><ent r="7" t="313" w="76" /><ent r="7" t="313" w="89" /><ent r="6" t="313" w="130" /><ent r="6" t="313" w="143" /><ent r="6" t="313" w="158" /><ent r="5" t="313" w="173" /><ent r="6" t="313" w="191" /><ent r="6" t="313" w="245" /><ent r="1000" t="315" w="1" /><ent r="102" t="315" w="7" /><ent r="3" t="315" w="24" /></phr><phr n="Db4o"><ent r="3" t="7" w="214" /><ent r="4" t="9" w="285" /><ent r="4" t="12" w="29" /><ent r="4" t="12" w="89" /><ent r="4" t="12" w="113" /><ent r="3" t="15" w="379" /><ent r="3" t="15" w="385" /><ent r="3" t="17" w="204" /><ent r="3" t="17" w="208" /><ent r="5" t="20" w="432" /><ent r="5" t="20" w="437" /><ent r="3" t="70" w="12" /><ent r="7" t="92" w="173" /><ent r="1000" t="106" w="1" /><ent r="102" t="106" w="5" /><ent r="4" t="113" w="9" /><ent r="4" t="113" w="40" /><ent r="64" t="168" w="41" /><ent r="4" t="193" w="65" /><ent r="4" t="193" w="294" /><ent r="4" t="226" w="78" /><ent r="3" t="245" w="11" /><ent r="3" t="245" w="76" /><ent r="5" t="258" w="159" /><ent r="3" t="265" w="94" /><ent r="3" t="265" w="99" /><ent r="3" t="267" w="13" /><ent r="3" t="268" w="152" /><ent r="6" t="268" w="204" /><ent r="6" t="268" w="216" /><ent r="6" t="268" w="228" /><ent r="6" t="268" w="248" /><ent r="6" t="268" w="262" /><ent r="3" t="268" w="297" /><ent r="3" t="268" w="404" /><ent r="4" t="268" w="429" /><ent r="4" t="268" w="439" /><ent r="4" t="269" w="29" /><ent r="3" t="270" w="107" /><ent r="4" t="270" w="125" /><ent r="3" t="270" w="135" /><ent r="4" t="270" w="489" /><ent r="4" t="270" w="500" /><ent r="6" t="270" w="531" /><ent r="6" t="270" w="539" /><ent r="3" t="271" w="42" /><ent r="3" t="278" w="7" /><ent r="4" t="283" w="55" /><ent r="3" t="283" w="86" /><ent r="3" t="283" w="90" /><ent r="4" t="289" w="87" /><ent r="3" t="290" w="118" /><ent r="3" t="290" w="196" /><ent r="6" t="299" w="293" /><ent r="6" t="299" w="337" /><ent r="6" t="299" w="339" /><ent r="6" t="300" w="257" /><ent r="6" t="300" w="263" /><ent r="1000" t="301" w="1" /><ent r="102" t="301" w="5" /><ent r="4" t="304" w="101" /><ent r="4" t="304" w="107" /><ent r="4" t="304" w="117" /><ent r="4" t="304" w="126" /><ent r="4" t="304" w="138" /><ent r="4" t="304" w="150" /><ent r="4" t="304" w="164" /><ent r="4" t="304" w="178" /><ent r="4" t="304" w="186" /><ent r="4" t="304" w="190" /><ent r="4" t="304" w="195" /><ent r="4" t="304" w="208" /><ent r="4" t="304" w="216" /><ent r="4" t="304" w="224" /><ent r="4" t="304" w="228" /><ent r="4" t="304" w="238" /><ent r="93" t="308" w="42" /><ent r="93" t="308" w="66" /><ent r="4" t="308" w="86" /><ent r="93" t="308" w="140" /><ent r="4" t="308" w="160" /><ent r="93" t="308" w="167" /><ent r="4" t="308" w="188" /><ent r="4" t="308" w="200" /><ent r="93" t="308" w="219" /><ent r="93" t="308" w="243" /><ent r="4" t="308" w="274" /><ent r="4" t="308" w="277" /><ent r="4" t="308" w="281" /><ent r="4" t="308" w="287" /><ent r="93" t="308" w="293" /><ent r="4" t="308" w="310" /><ent r="4" t="308" w="313" /><ent r="4" t="308" w="334" /><ent r="4" t="308" w="402" /><ent r="4" t="308" w="405" /><ent r="4" t="308" w="409" /><ent r="4" t="308" w="413" /><ent r="4" t="308" w="417" /><ent r="6" t="309" w="316" /></phr></stem></index>