﻿<?xml version="1.0" encoding="utf-8"?><index><stem n="-comparator."><phr n="-comparator."><ent r="3" t="30" w="326" /><ent r="3" t="30" w="326" /></phr></stem><stem n="query.sortbi"><phr n="query.SortBy"><ent r="4" t="30" w="338" /><ent r="4" t="30" w="337" /><ent r="4" t="30" w="377" /><ent r="4" t="30" w="376" /></phr></stem><stem n="sortbi"><phr n="SortBy"><ent r="4" t="30" w="338" /><ent r="4" t="30" w="377" /></phr></stem><stem n=".sortby("><phr n=".SortBy("><ent r="4" t="30" w="339" /><ent r="4" t="30" w="378" /></phr></stem><stem n="namelengthcomper"><phr n="NameLengthComperator"><ent r="4" t="30" w="342" /><ent r="4" t="30" w="381" /><ent r="4" t="30" w="408" /><ent r="4" t="30" w="466" /></phr></stem><stem n=":iquerycompar"><phr n=":IQueryComparator"><ent r="4" t="30" w="409" /></phr></stem><stem n="iquerycompar"><phr n="IQueryComparator"><ent r="4" t="30" w="409" /><ent r="4" t="30" w="470" /><ent r="4" t="30" w="503" /></phr></stem><stem n="(pilot)"><phr n="(Pilot)"><ent r="4" t="30" w="427" /><ent r="3" t="272" w="330" /></phr></stem><stem n="(pilot)second;"><phr n="(Pilot)second;"><ent r="4" t="30" w="432" /></phr></stem><stem n="-length"><phr n="-length"><ent r="5" t="30" w="435" /><ent r="5" t="30" w="435" /><ent r="5" t="30" w="534" /><ent r="5" t="30" w="534" /></phr></stem><stem n="string-length"><phr n="string-length"><ent r="5" t="30" w="435" /><ent r="5" t="30" w="534" /></phr></stem><stem n="length"><phr n="length"><ent r="5" t="30" w="436" /><ent r="4" t="30" w="453" /><ent r="5" t="30" w="535" /><ent r="4" t="30" w="560" /><ent r="4" t="117" w="280" /><ent r="4" t="117" w="322" /><ent r="4" t="117" w="334" /><ent r="4" t="117" w="387" /><ent r="4" t="117" w="409" /><ent r="3" t="176" w="86" /><ent r="4" t="193" w="192" /><ent r="4" t="193" w="209" /><ent r="4" t="193" w="216" /><ent r="4" t="193" w="231" /><ent r="4" t="193" w="248" /><ent r="4" t="193" w="254" /><ent r="4" t="193" w="456" /><ent r="4" t="193" w="477" /><ent r="4" t="193" w="484" /><ent r="4" t="193" w="506" /><ent r="4" t="193" w="525" /><ent r="4" t="193" w="531" /><ent r="3" t="284" w="210" /><ent r="3" t="284" w="259" /><ent r="3" t="284" w="265" /></phr><phr n="Length"><ent r="4" t="30" w="444" /><ent r="4" t="30" w="447" /><ent r="4" t="30" w="543" /><ent r="4" t="30" w="546" /><ent r="4" t="117" w="139" /><ent r="4" t="117" w="223" /></phr></stem><stem n="math"><phr n="Math"><ent r="4" t="30" w="440" /><ent r="4" t="30" w="539" /></phr></stem><stem n="math.sign"><phr n="Math.Sign"><ent r="4" t="30" w="441" /><ent r="4" t="30" w="440" /><ent r="4" t="30" w="540" /><ent r="4" t="30" w="539" /></phr></stem><stem n="sign"><phr n="Sign"><ent r="4" t="30" w="441" /><ent r="4" t="30" w="540" /></phr><phr n="sign"><ent r="3" t="306" w="442" /></phr></stem><stem n=".sign(p1.name.length"><phr n=".Sign(p1.Name.Length"><ent r="4" t="30" w="444" /><ent r="4" t="30" w="543" /></phr></stem><stem n="p1.name.length"><phr n="p1.Name.Length"><ent r="4" t="30" w="444" /><ent r="4" t="30" w="442" /><ent r="4" t="30" w="543" /><ent r="4" t="30" w="541" /></phr></stem><stem n="p2.name.length"><phr n="p2.Name.Length"><ent r="4" t="30" w="447" /><ent r="4" t="30" w="445" /><ent r="4" t="30" w="546" /><ent r="4" t="30" w="544" /></phr></stem><stem n=".name.length);"><phr n=".Name.Length);"><ent r="4" t="30" w="448" /></phr></stem><stem n=".compar"><phr n=".Compare"><ent r="4" t="30" w="504" /></phr></stem><stem n="iquerycomparator.compar"><phr n="IQueryComparator.Compare"><ent r="4" t="30" w="504" /><ent r="4" t="30" w="503" /></phr></stem><stem n="(first,"><phr n="(first,"><ent r="4" t="30" w="517" /></phr></stem><stem n="(second,"><phr n="(second,"><ent r="4" t="30" w="530" /></phr></stem><stem n=".name.length)"><phr n=".Name.Length)"><ent r="4" t="30" w="547" /></phr></stem><stem n="(item));"><phr n="(Item));"><ent r="4" t="31" w="134" /><ent r="4" t="31" w="224" /><ent r="4" t="31" w="571" /><ent r="4" t="31" w="634" /><ent r="4" t="31" w="727" /><ent r="4" t="31" w="794" /><ent r="4" t="31" w="1146" /><ent r="4" t="31" w="1211" /><ent r="4" t="31" w="1485" /><ent r="4" t="31" w="1561" /></phr></stem><stem n="&quot;indexedstring&quot;"><phr n="&quot;indexedString&quot;"><ent r="5" t="31" w="138" /><ent r="5" t="31" w="228" /><ent r="5" t="31" w="382" /><ent r="5" t="31" w="1019" /><ent r="5" t="31" w="1150" /><ent r="5" t="31" w="1215" /><ent r="5" t="31" w="1382" /><ent r="5" t="31" w="1489" /><ent r="5" t="31" w="1565" /></phr></stem><stem n=".constrain(criteria);"><phr n=".Constrain(criteria);"><ent r="4" t="31" w="141" /><ent r="4" t="31" w="385" /><ent r="4" t="31" w="1022" /></phr></stem><stem n="(item))"><phr n="(Item))"><ent r="4" t="31" w="166" /><ent r="4" t="31" w="258" /><ent r="4" t="31" w="602" /><ent r="4" t="31" w="674" /><ent r="4" t="31" w="760" /><ent r="4" t="31" w="827" /><ent r="4" t="31" w="1178" /><ent r="4" t="31" w="1243" /><ent r="4" t="31" w="1517" /><ent r="4" t="31" w="1593" /></phr></stem><stem n="m_indexedstr"><phr n="m_indexedString"><ent r="5" t="31" w="170" /><ent r="5" t="31" w="169" /><ent r="5" t="31" w="262" /><ent r="5" t="31" w="261" /><ent r="5" t="31" w="437" /><ent r="5" t="31" w="436" /><ent r="5" t="31" w="1080" /><ent r="5" t="31" w="1079" /><ent r="5" t="31" w="1182" /><ent r="5" t="31" w="1181" /><ent r="5" t="31" w="1247" /><ent r="5" t="31" w="1246" /><ent r="5" t="31" w="1418" /><ent r="5" t="31" w="1417" /><ent r="5" t="31" w="1521" /><ent r="5" t="31" w="1520" /><ent r="5" t="31" w="1597" /><ent r="5" t="31" w="1596" /></phr></stem><stem n="&quot;m_indexedstring&quot;"><phr n="&quot;m_indexedString&quot;"><ent r="5" t="31" w="171" /><ent r="5" t="31" w="263" /><ent r="5" t="31" w="438" /><ent r="5" t="31" w="1081" /><ent r="5" t="31" w="1183" /><ent r="5" t="31" w="1248" /><ent r="5" t="31" w="1419" /><ent r="5" t="31" w="1522" /><ent r="5" t="31" w="1598" /></phr></stem><stem n=").constrain(criteria)"><phr n=").Constrain(criteria)"><ent r="4" t="31" w="174" /><ent r="4" t="31" w="441" /><ent r="4" t="31" w="1084" /><ent r="4" t="31" w="1422" /></phr></stem><stem n=".constrain(criteria).not();"><phr n=".Constrain(criteria).Not();"><ent r="4" t="31" w="232" /></phr></stem><stem n=").constrain(criteria)."><phr n=").Constrain(criteria)."><ent r="4" t="31" w="266" /><ent r="4" t="31" w="1251" /></phr></stem><stem n="object-typ"><phr n="object-type"><ent r="3" t="31" w="335" /><ent r="5" t="121" w="284" /><ent r="5" t="121" w="442" /></phr></stem><stem n="-type,"><phr n="-type,"><ent r="3" t="31" w="337" /><ent r="3" t="31" w="337" /></phr></stem><stem n="(itemholder));"><phr n="(ItemHolder));"><ent r="4" t="31" w="374" /><ent r="4" t="31" w="486" /></phr></stem><stem n="&quot;indexedreference&quot;"><phr n="&quot;indexedReference&quot;"><ent r="5" t="31" w="378" /><ent r="5" t="31" w="490" /><ent r="5" t="31" w="1015" /></phr></stem><stem n="(itemholder))"><phr n="(ItemHolder))"><ent r="4" t="31" w="428" /><ent r="4" t="31" w="526" /></phr></stem><stem n="m_indexedrefer"><phr n="m_indexedReference"><ent r="5" t="31" w="432" /><ent r="5" t="31" w="431" /><ent r="5" t="31" w="530" /><ent r="5" t="31" w="529" /><ent r="5" t="31" w="1075" /><ent r="5" t="31" w="1074" /></phr></stem><stem n="&quot;m_indexedreference&quot;"><phr n="&quot;m_indexedReference&quot;"><ent r="5" t="31" w="433" /><ent r="5" t="31" w="531" /><ent r="5" t="31" w="1076" /></phr></stem><stem n="loaditemfromdatabas"><phr n="LoadItemFromDatabase"><ent r="4" t="31" w="473" /><ent r="4" t="31" w="513" /></phr></stem><stem n=".constrain(item);"><phr n=".Constrain(item);"><ent r="4" t="31" w="493" /></phr></stem><stem n=").constrain(item)"><phr n=").Constrain(item)"><ent r="4" t="31" w="534" /></phr></stem><stem n="&quot;indexnumber&quot;"><phr n="&quot;indexNumber&quot;"><ent r="5" t="31" w="575" /><ent r="5" t="31" w="638" /><ent r="5" t="31" w="647" /><ent r="5" t="31" w="690" /></phr></stem><stem n=".constrain(criteria).greater();"><phr n=".Constrain(criteria).Greater();"><ent r="4" t="31" w="579" /></phr></stem><stem n="m_indexnumb"><phr n="m_indexNumber"><ent r="5" t="31" w="606" /><ent r="5" t="31" w="605" /><ent r="5" t="31" w="678" /><ent r="5" t="31" w="677" /></phr></stem><stem n="&quot;m_indexnumber&quot;"><phr n="&quot;m_indexNumber&quot;"><ent r="5" t="31" w="607" /><ent r="5" t="31" w="679" /></phr></stem><stem n=").constrain(criteria).greater()"><phr n=").Constrain(criteria).Greater()"><ent r="4" t="31" w="611" /></phr></stem><stem n=".constrain(biggerthanthis).greater().and("><phr n=".Constrain(biggerThanThis).Greater().And("><ent r="4" t="31" w="643" /></phr></stem><stem n=").constrain(smallerthanthis).smaller());"><phr n=").Constrain(smallerThanThis).Smaller());"><ent r="4" t="31" w="651" /></phr></stem><stem n=").constrain(biggerthanthis).greater()"><phr n=").Constrain(biggerThanThis).Greater()"><ent r="4" t="31" w="683" /></phr></stem><stem n=").constrain(smallerthanthis).smaller())"><phr n=").Constrain(smallerThanThis).Smaller())"><ent r="4" t="31" w="694" /></phr></stem><stem n="&quot;indexdate&quot;"><phr n="&quot;indexDate&quot;"><ent r="5" t="31" w="731" /><ent r="5" t="31" w="798" /></phr></stem><stem n=".constrain(date);"><phr n=".Constrain(date);"><ent r="4" t="31" w="734" /></phr></stem><stem n="m_indexd"><phr n="m_indexDate"><ent r="5" t="31" w="764" /><ent r="5" t="31" w="763" /><ent r="5" t="31" w="831" /><ent r="5" t="31" w="830" /></phr></stem><stem n="&quot;m_indexdate&quot;"><phr n="&quot;m_indexDate&quot;"><ent r="5" t="31" w="765" /><ent r="5" t="31" w="832" /></phr></stem><stem n="coparisond"><phr n="coparisonDate"><ent r="4" t="31" w="767" /><ent r="4" t="31" w="834" /></phr></stem><stem n=").constrain(coparisondate)"><phr n=").Constrain(coparisonDate)"><ent r="4" t="31" w="768" /></phr></stem><stem n=".constrain(date).greater();"><phr n=".Constrain(date).Greater();"><ent r="4" t="31" w="802" /></phr></stem><stem n=".constrain(coparisondate).greater()"><phr n=".Constrain(coparisonDate).Greater()"><ent r="4" t="31" w="836" /></phr></stem><stem n="queries.that"><phr n="queries.That"><ent r="3" t="31" w="878" /><ent r="3" t="31" w="877" /></phr></stem><stem n="/interfac"><phr n="/Interface"><ent r="82" t="31" w="915" /></phr></stem><stem n="object/interfac"><phr n="Object/Interface"><ent r="82" t="31" w="915" /><ent r="82" t="31" w="914" /></phr></stem><stem n="potenti"><phr n="potentially"><ent r="3" t="31" w="950" /><ent r="4" t="113" w="57" /><ent r="3" t="141" w="13" /><ent r="3" t="191" w="330" /><ent r="3" t="237" w="33" /></phr></stem><stem n="referenc"><phr n="referenced"><ent r="3" t="31" w="953" /><ent r="3" t="56" w="46" /><ent r="3" t="56" w="178" /><ent r="3" t="56" w="329" /><ent r="3" t="57" w="24" /><ent r="3" t="89" w="57" /><ent r="3" t="100" w="66" /><ent r="3" t="112" w="1359" /><ent r="3" t="146" w="22" /><ent r="6" t="209" w="184" /><ent r="6" t="209" w="196" /><ent r="6" t="209" w="208" /><ent r="3" t="213" w="43" /><ent r="3" t="217" w="24" /><ent r="3" t="222" w="22" /><ent r="3" t="223" w="321" /><ent r="4" t="223" w="379" /><ent r="4" t="223" w="423" /><ent r="3" t="223" w="445" /><ent r="4" t="223" w="502" /><ent r="4" t="223" w="546" /><ent r="3" t="223" w="568" /><ent r="4" t="223" w="604" /><ent r="4" t="223" w="648" /><ent r="3" t="244" w="414" /><ent r="3" t="244" w="470" /><ent r="3" t="270" w="473" /><ent r="3" t="283" w="45" /></phr><phr n="referencing"><ent r="4" t="98" w="38" /><ent r="3" t="100" w="62" /></phr></stem><stem n="objecthold"><phr n="ObjectHolder"><ent r="4" t="31" w="1010" /><ent r="4" t="31" w="1070" /></phr></stem><stem n="(objectholder));"><phr n="(ObjectHolder));"><ent r="4" t="31" w="1011" /></phr></stem><stem n="(objectholder))"><phr n="(ObjectHolder))"><ent r="4" t="31" w="1071" /></phr></stem><stem n=".constrain(criteria).contains();"><phr n=".Constrain(criteria).Contains();"><ent r="4" t="31" w="1154" /></phr></stem><stem n=").constrain(criteria).contains()"><phr n=").Constrain(criteria).Contains()"><ent r="4" t="31" w="1187" /></phr></stem><stem n=".constrain(criteria).like();"><phr n=".Constrain(criteria).Like();"><ent r="4" t="31" w="1219" /></phr></stem><stem n="(collectionholder));"><phr n="(CollectionHolder));"><ent r="4" t="31" w="1311" /><ent r="4" t="31" w="1374" /></phr></stem><stem n="&quot;items&quot;"><phr n="&quot;items&quot;"><ent r="5" t="31" w="1315" /><ent r="5" t="31" w="1378" /></phr></stem><stem n=".constrain(itemtoqueryfor);"><phr n=".Constrain(itemToQueryFor);"><ent r="4" t="31" w="1318" /></phr></stem><stem n="(collectionholder))"><phr n="(CollectionHolder))"><ent r="4" t="31" w="1342" /><ent r="4" t="31" w="1409" /></phr></stem><stem n="m_item"><phr n="m_items"><ent r="5" t="31" w="1346" /><ent r="5" t="31" w="1345" /><ent r="5" t="31" w="1413" /><ent r="5" t="31" w="1412" /></phr></stem><stem n="&quot;m_items&quot;"><phr n="&quot;m_items&quot;"><ent r="5" t="31" w="1347" /><ent r="5" t="31" w="1414" /></phr></stem><stem n=").constrain(itemtoqueryfor)"><phr n=").Constrain(itemToQueryFor)"><ent r="4" t="31" w="1350" /></phr></stem><stem n=").constrain(criteria);"><phr n=").Constrain(criteria);"><ent r="4" t="31" w="1385" /></phr></stem><stem n="onlyabcitemsevalu"><phr n="OnlyAbcItemsEvaluation"><ent r="4" t="31" w="1570" /><ent r="4" t="31" w="1603" /><ent r="4" t="31" w="1619" /><ent r="4" t="31" w="1677" /></phr></stem><stem n="(candidate.getobject()"><phr n="(candidate.GetObject()"><ent r="4" t="31" w="1634" /></phr></stem><stem n=".getobject();"><phr n=".GetObject();"><ent r="4" t="31" w="1648" /><ent r="4" t="101" w="142" /></phr></stem><stem n="value.equ"><phr n="value.Equals"><ent r="4" t="31" w="1652" /><ent r="4" t="31" w="1651" /></phr></stem><stem n="(value.equals("><phr n="(value.Equals("><ent r="4" t="31" w="1653" /></phr></stem><stem n="abc"><phr n="abc"><ent r="5" t="31" w="1654" /><ent r="5" t="31" w="1731" /></phr></stem><stem n="&quot;abc&quot;"><phr n="&quot;abc&quot;"><ent r="5" t="31" w="1655" /><ent r="5" t="31" w="1732" /></phr></stem><stem n=".include("><phr n=".Include("><ent r="4" t="31" w="1658" /><ent r="4" t="31" w="1738" /></phr></stem><stem n="friend"><phr n="Friend"><ent r="5" t="31" w="1673" /><ent r="5" t="42" w="148" /><ent r="5" t="46" w="147" /><ent r="5" t="46" w="296" /><ent r="5" t="60" w="249" /><ent r="5" t="114" w="419" /><ent r="5" t="130" w="267" /><ent r="5" t="275" w="255" /><ent r="5" t="275" w="404" /></phr><phr n="friend"><ent r="5" t="46" w="102" /><ent r="5" t="46" w="133" /><ent r="5" t="46" w="233" /><ent r="5" t="46" w="282" /><ent r="3" t="275" w="81" /><ent r="3" t="275" w="115" /><ent r="3" t="275" w="150" /><ent r="5" t="275" w="210" /><ent r="5" t="275" w="241" /><ent r="5" t="275" w="341" /><ent r="5" t="275" w="390" /></phr><phr n="Friends"><ent r="4" t="46" w="129" /><ent r="4" t="46" w="278" /><ent r="4" t="275" w="237" /><ent r="4" t="275" w="386" /></phr></stem><stem n="(candid"><phr n="(candidate"><ent r="4" t="31" w="1688" /></phr></stem><stem n=".getobject()"><phr n=".GetObject()"><ent r="4" t="31" w="1705" /><ent r="4" t="101" w="253" /></phr></stem><stem n="stage"><phr n="stages"><ent r="3" t="32" w="13" /><ent r="3" t="191" w="83" /></phr><phr n="Stage"><ent r="92" t="32" w="16" /><ent r="92" t="32" w="124" /></phr><phr n="stage"><ent r="3" t="32" w="130" /><ent r="3" t="32" w="137" /><ent r="3" t="132" w="53" /><ent r="3" t="141" w="33" /><ent r="3" t="191" w="35" /><ent r="3" t="191" w="187" /></phr></stem><stem n="-lookup"><phr n="-Lookups"><ent r="92" t="32" w="17" /><ent r="92" t="32" w="17" /></phr></stem><stem n="index-lookup"><phr n="Index-Lookups"><ent r="92" t="32" w="17" /></phr></stem><stem n="lookup"><phr n="Lookups"><ent r="92" t="32" w="18" /></phr><phr n="lookup"><ent r="3" t="40" w="103" /><ent r="3" t="59" w="21" /><ent r="3" t="109" w="75" /></phr><phr n="lookups"><ent r="3" t="62" w="95" /></phr></stem><stem n="field-"><phr n="field-"><ent r="3" t="32" w="37" /><ent r="4" t="52" w="52" /></phr></stem><stem n="class-index"><phr n="class-indexes"><ent r="3" t="32" w="40" /></phr><phr n="class-index"><ent r="3" t="32" w="83" /><ent r="64" t="150" w="34" /><ent r="64" t="285" w="189" /></phr></stem><stem n="-indexes."><phr n="-indexes."><ent r="3" t="32" w="42" /><ent r="3" t="32" w="42" /><ent r="3" t="32" w="71" /><ent r="3" t="32" w="71" /></phr></stem><stem n="smallest"><phr n="smallest"><ent r="3" t="32" w="55" /><ent r="3" t="179" w="66" /></phr></stem><stem n="field-index"><phr n="field-indexes"><ent r="3" t="32" w="69" /></phr><phr n="field-index"><ent r="4" t="140" w="249" /><ent r="65" t="140" w="271" /><ent r="64" t="150" w="30" /></phr></stem><stem n="suitabl"><phr n="suitable"><ent r="3" t="32" w="73" /><ent r="4" t="258" w="129" /></phr></stem><stem n="-index,"><phr n="-index,"><ent r="3" t="32" w="85" /><ent r="3" t="32" w="85" /></phr></stem><stem n="-objects."><phr n="-objects."><ent r="3" t="32" w="122" /><ent r="3" t="32" w="122" /></phr></stem><stem n="soda-constrain"><phr n="SODA-constrains"><ent r="64" t="32" w="153" /></phr></stem><stem n="evaluation-funct"><phr n="evaluation-function"><ent r="3" t="32" w="185" /></phr></stem><stem n="-function."><phr n="-function."><ent r="3" t="32" w="187" /><ent r="3" t="32" w="187" /></phr></stem><stem n="final"><phr n="Finally"><ent r="3" t="32" w="188" /><ent r="5" t="74" w="750" /><ent r="5" t="75" w="162" /><ent r="5" t="75" w="366" /><ent r="5" t="75" w="532" /><ent r="5" t="75" w="646" /><ent r="5" t="235" w="247" /><ent r="3" t="257" w="516" /></phr><phr n="finally"><ent r="3" t="48" w="240" /><ent r="5" t="74" w="691" /><ent r="5" t="75" w="94" /><ent r="5" t="75" w="273" /><ent r="5" t="75" w="472" /><ent r="5" t="75" w="586" /><ent r="3" t="233" w="47" /><ent r="5" t="235" w="155" /><ent r="5" t="254" w="164" /><ent r="5" t="254" w="308" /><ent r="3" t="260" w="357" /></phr></stem><stem n="oldest"><phr n="oldest"><ent r="3" t="33" w="23" /></phr></stem><stem n="reliabl"><phr n="reliability"><ent r="3" t="33" w="39" /><ent r="3" t="245" w="114" /></phr></stem><stem n="atom"><phr n="Atomicity"><ent r="5" t="33" w="41" /></phr><phr n="atomic"><ent r="3" t="33" w="230" /></phr></stem><stem n="&quot;all"><phr n="&quot;all"><ent r="4" t="33" w="49" /></phr></stem><stem n="either"><phr n="either"><ent r="4" t="33" w="56" /><ent r="3" t="34" w="115" /><ent r="3" t="37" w="233" /><ent r="3" t="44" w="236" /><ent r="4" t="113" w="91" /><ent r="4" t="133" w="222" /><ent r="3" t="174" w="221" /><ent r="4" t="238" w="126" /><ent r="3" t="275" w="55" /><ent r="3" t="275" w="138" /><ent r="3" t="282" w="164" /></phr><phr n="Either"><ent r="3" t="33" w="232" /><ent r="3" t="104" w="193" /><ent r="5" t="233" w="403" /><ent r="5" t="233" w="486" /></phr></stem><stem n="successfulli"><phr n="successfully"><ent r="4" t="33" w="57" /><ent r="3" t="37" w="259" /><ent r="4" t="133" w="268" /><ent r="4" t="133" w="329" /><ent r="3" t="148" w="191" /></phr></stem><stem n="failur"><phr n="failure"><ent r="4" t="33" w="63" /><ent r="3" t="33" w="249" /><ent r="3" t="65" w="289" /><ent r="3" t="174" w="194" /><ent r="3" t="178" w="98" /><ent r="3" t="286" w="79" /><ent r="4" t="286" w="168" /></phr><phr n="failures"><ent r="3" t="37" w="22" /><ent r="3" t="65" w="293" /><ent r="2" t="238" w="50" /></phr></stem><stem n="transfer"><phr n="transfer"><ent r="4" t="33" w="80" /><ent r="3" t="35" w="293" /><ent r="4" t="35" w="356" /><ent r="4" t="35" w="425" /><ent r="3" t="35" w="443" /><ent r="3" t="76" w="773" /><ent r="4" t="76" w="836" /><ent r="4" t="76" w="905" /><ent r="3" t="76" w="923" /><ent r="3" t="101" w="310" /></phr><phr n="transferred"><ent r="3" t="101" w="292" /><ent r="3" t="106" w="338" /><ent r="3" t="131" w="120" /></phr><phr n="transferring"><ent r="3" t="105" w="199" /></phr></stem><stem n="debit"><phr n="debit"><ent r="4" t="33" w="86" /><ent r="4" t="33" w="91" /></phr></stem><stem n="credit"><phr n="credit"><ent r="4" t="33" w="88" /><ent r="4" t="33" w="97" /></phr></stem><stem n="fail"><phr n="failed"><ent r="4" t="33" w="98" /><ent r="3" t="127" w="161" /><ent r="4" t="140" w="362" /></phr><phr n="fail"><ent r="4" t="33" w="103" /><ent r="4" t="53" w="708" /><ent r="3" t="112" w="1204" /><ent r="4" t="186" w="113" /></phr><phr n="fails"><ent r="3" t="131" w="128" /><ent r="3" t="281" w="296" /><ent r="3" t="283" w="133" /><ent r="3" t="283" w="200" /></phr></stem><stem n="ensur"><phr n="ensures"><ent r="4" t="33" w="117" /><ent r="3" t="33" w="218" /><ent r="3" t="35" w="60" /><ent r="3" t="37" w="229" /><ent r="3" t="38" w="50" /><ent r="4" t="38" w="145" /><ent r="4" t="38" w="198" /><ent r="3" t="38" w="262" /><ent r="3" t="49" w="770" /><ent r="3" t="49" w="1363" /><ent r="3" t="54" w="110" /><ent r="3" t="66" w="324" /><ent r="3" t="73" w="232" /><ent r="3" t="79" w="59" /><ent r="3" t="139" w="31" /><ent r="3" t="166" w="67" /><ent r="3" t="172" w="21" /><ent r="3" t="233" w="342" /><ent r="3" t="242" w="53" /><ent r="3" t="246" w="23" /><ent r="3" t="256" w="81" /></phr><phr n="ensure"><ent r="3" t="35" w="11" /><ent r="5" t="45" w="397" /><ent r="5" t="45" w="458" /><ent r="5" t="49" w="819" /><ent r="5" t="49" w="921" /><ent r="5" t="49" w="1072" /><ent r="5" t="49" w="1213" /><ent r="3" t="50" w="494" /><ent r="5" t="50" w="745" /><ent r="5" t="50" w="822" /><ent r="3" t="56" w="323" /><ent r="3" t="96" w="677" /><ent r="3" t="99" w="622" /><ent r="3" t="99" w="897" /><ent r="3" t="112" w="1159" /><ent r="3" t="167" w="76" /><ent r="3" t="178" w="35" /><ent r="3" t="224" w="434" /><ent r="3" t="232" w="384" /><ent r="3" t="233" w="320" /><ent r="3" t="240" w="649" /><ent r="3" t="240" w="719" /><ent r="3" t="257" w="25" /><ent r="3" t="257" w="390" /><ent r="5" t="258" w="108" /><ent r="3" t="283" w="30" /><ent r="3" t="298" w="399" /></phr><phr n="Ensure"><ent r="3" t="61" w="129" /><ent r="3" t="78" w="64" /><ent r="4" t="140" w="443" /><ent r="3" t="147" w="160" /><ent r="5" t="233" w="455" /><ent r="5" t="233" w="543" /><ent r="3" t="283" w="284" /><ent r="3" t="298" w="11" /></phr><phr n="Ensuring"><ent r="4" t="98" w="63" /></phr><phr n="ensured"><ent r="3" t="100" w="73" /></phr></stem><stem n="alwai"><phr n="always"><ent r="4" t="33" w="122" /><ent r="3" t="34" w="17" /><ent r="3" t="34" w="499" /><ent r="3" t="38" w="77" /><ent r="3" t="38" w="115" /><ent r="3" t="38" w="360" /><ent r="3" t="49" w="459" /><ent r="4" t="49" w="1357" /><ent r="3" t="73" w="235" /><ent r="3" t="105" w="168" /><ent r="3" t="107" w="83" /><ent r="3" t="108" w="105" /><ent r="3" t="174" w="220" /><ent r="3" t="209" w="97" /><ent r="3" t="217" w="22" /><ent r="3" t="227" w="425" /><ent r="3" t="228" w="28" /><ent r="8" t="228" w="140" /><ent r="3" t="233" w="356" /><ent r="3" t="233" w="368" /><ent r="3" t="239" w="79" /><ent r="3" t="240" w="723" /><ent r="3" t="244" w="10" /><ent r="3" t="246" w="32" /><ent r="3" t="264" w="314" /><ent r="3" t="285" w="346" /></phr></stem><stem n="isolation-model"><phr n="isolation-models"><ent r="4" t="33" w="164" /></phr></stem><stem n="-models."><phr n="-models."><ent r="4" t="33" w="166" /><ent r="4" t="33" w="166" /></phr></stem><stem n="&quot;isolation&quot;"><phr n="&quot;Isolation&quot;"><ent r="65" t="33" w="169" /><ent r="64" t="34" w="547" /></phr></stem><stem n="durabl"><phr n="Durability"><ent r="5" t="33" w="170" /></phr><phr n="durable"><ent r="3" t="286" w="29" /></phr></stem><stem n="commit"><phr n="committed"><ent r="3" t="33" w="240" /><ent r="3" t="34" w="542" /><ent r="3" t="35" w="43" /><ent r="3" t="35" w="451" /><ent r="3" t="66" w="409" /><ent r="5" t="66" w="455" /><ent r="5" t="66" w="523" /><ent r="3" t="67" w="46" /><ent r="3" t="76" w="535" /><ent r="3" t="76" w="559" /><ent r="3" t="76" w="931" /><ent r="3" t="82" w="60" /><ent r="4" t="96" w="1023" /><ent r="6" t="97" w="217" /><ent r="3" t="101" w="65" /><ent r="3" t="101" w="80" /><ent r="3" t="101" w="94" /><ent r="3" t="101" w="289" /><ent r="3" t="101" w="317" /><ent r="3" t="102" w="28" /><ent r="3" t="165" w="100" /><ent r="3" t="165" w="125" /><ent r="3" t="166" w="148" /><ent r="4" t="166" w="249" /><ent r="3" t="228" w="284" /><ent r="3" t="232" w="289" /><ent r="3" t="232" w="309" /><ent r="3" t="286" w="34" /></phr><phr n="commit"><ent r="3" t="34" w="37" /><ent r="3" t="34" w="45" /><ent r="3" t="34" w="61" /><ent r="3" t="34" w="69" /><ent r="3" t="34" w="83" /><ent r="3" t="34" w="97" /><ent r="3" t="34" w="101" /><ent r="3" t="34" w="120" /><ent r="3" t="36" w="167" /><ent r="3" t="36" w="187" /><ent r="4" t="36" w="205" /><ent r="4" t="36" w="225" /><ent r="3" t="37" w="242" /><ent r="3" t="37" w="260" /><ent r="3" t="48" w="129" /><ent r="5" t="49" w="1115" /><ent r="5" t="49" w="1263" /><ent r="3" t="50" w="982" /><ent r="5" t="50" w="1005" /><ent r="4" t="50" w="1022" /><ent r="5" t="50" w="1066" /><ent r="4" t="50" w="1083" /><ent r="3" t="66" w="115" /><ent r="3" t="66" w="412" /><ent r="3" t="67" w="64" /><ent r="3" t="67" w="230" /><ent r="3" t="72" w="114" /><ent r="3" t="79" w="87" /><ent r="3" t="82" w="46" /><ent r="4" t="82" w="87" /><ent r="4" t="82" w="120" /><ent r="4" t="96" w="1000" /><ent r="6" t="97" w="211" /><ent r="6" t="97" w="222" /><ent r="4" t="101" w="20" /><ent r="3" t="101" w="71" /><ent r="3" t="101" w="76" /><ent r="3" t="101" w="98" /><ent r="3" t="102" w="34" /><ent r="4" t="102" w="43" /><ent r="4" t="102" w="50" /><ent r="4" t="102" w="59" /><ent r="4" t="102" w="68" /><ent r="4" t="102" w="94" /><ent r="4" t="102" w="164" /><ent r="5" t="128" w="309" /><ent r="6" t="173" w="183" /><ent r="67" t="173" w="215" /><ent r="3" t="174" w="16" /><ent r="3" t="174" w="29" /><ent r="3" t="174" w="67" /><ent r="3" t="174" w="151" /><ent r="3" t="174" w="175" /><ent r="3" t="174" w="187" /><ent r="3" t="174" w="202" /><ent r="3" t="174" w="226" /><ent r="3" t="174" w="232" /><ent r="3" t="174" w="251" /><ent r="3" t="178" w="24" /><ent r="3" t="178" w="32" /><ent r="3" t="178" w="59" /><ent r="3" t="178" w="76" /><ent r="3" t="178" w="78" /><ent r="3" t="178" w="110" /><ent r="3" t="178" w="131" /><ent r="4" t="178" w="158" /><ent r="4" t="178" w="183" /><ent r="64" t="180" w="28" /><ent r="3" t="181" w="29" /><ent r="4" t="181" w="55" /><ent r="4" t="181" w="83" /><ent r="3" t="191" w="19" /><ent r="3" t="191" w="37" /><ent r="3" t="191" w="72" /><ent r="3" t="191" w="82" /><ent r="3" t="191" w="127" /><ent r="3" t="191" w="154" /><ent r="3" t="191" w="186" /><ent r="64" t="207" w="129" /><ent r="67" t="209" w="231" /><ent r="67" t="209" w="252" /><ent r="3" t="224" w="312" /><ent r="3" t="228" w="94" /><ent r="4" t="286" w="87" /><ent r="4" t="286" w="134" /><ent r="4" t="286" w="240" /></phr><phr n="Commit"><ent r="92" t="34" w="54" /><ent r="4" t="34" w="142" /><ent r="4" t="34" w="146" /><ent r="4" t="34" w="174" /><ent r="4" t="34" w="178" /><ent r="4" t="35" w="350" /><ent r="1000" t="37" w="3" /><ent r="102" t="37" w="8" /><ent r="4" t="49" w="1124" /><ent r="4" t="49" w="1272" /><ent r="4" t="50" w="1015" /><ent r="4" t="50" w="1076" /><ent r="4" t="66" w="461" /><ent r="4" t="66" w="531" /><ent r="4" t="66" w="617" /><ent r="4" t="66" w="705" /><ent r="64" t="67" w="83" /><ent r="4" t="67" w="269" /><ent r="4" t="67" w="314" /><ent r="4" t="74" w="694" /><ent r="4" t="74" w="753" /><ent r="4" t="75" w="475" /><ent r="4" t="75" w="535" /><ent r="4" t="75" w="589" /><ent r="4" t="75" w="649" /><ent r="4" t="76" w="830" /><ent r="64" t="79" w="97" /><ent r="1000" t="82" w="1" /><ent r="102" t="82" w="4" /><ent r="92" t="96" w="607" /><ent r="3" t="96" w="610" /><ent r="4" t="96" w="776" /><ent r="4" t="96" w="807" /><ent r="4" t="96" w="936" /><ent r="1000" t="102" w="1" /><ent r="102" t="102" w="5" /><ent r="3" t="102" w="9" /><ent r="3" t="102" w="70" /><ent r="6" t="128" w="337" /><ent r="6" t="128" w="394" /><ent r="1000" t="178" w="2" /><ent r="102" t="178" w="6" /><ent r="1000" t="181" w="2" /><ent r="102" t="181" w="8" /><ent r="4" t="227" w="121" /><ent r="4" t="227" w="210" /><ent r="1000" t="286" w="1" /><ent r="102" t="286" w="4" /><ent r="3" t="286" w="36" /></phr><phr n="Commits"><ent r="92" t="34" w="441" /></phr><phr n="commits"><ent r="3" t="34" w="444" /><ent r="3" t="34" w="474" /><ent r="3" t="35" w="300" /><ent r="3" t="76" w="780" /><ent r="3" t="101" w="38" /><ent r="6" t="173" w="130" /><ent r="3" t="179" w="344" /><ent r="3" t="228" w="294" /><ent r="3" t="232" w="300" /><ent r="3" t="233" w="600" /><ent r="4" t="278" w="102" /><ent r="3" t="286" w="51" /></phr><phr n="Committing"><ent r="6" t="37" w="102" /><ent r="4" t="96" w="172" /><ent r="4" t="96" w="192" /><ent r="4" t="99" w="949" /><ent r="4" t="99" w="1013" /><ent r="5" t="102" w="82" /><ent r="3" t="191" w="21" /><ent r="4" t="251" w="325" /><ent r="4" t="251" w="389" /></phr><phr n="committing"><ent r="3" t="47" w="66" /><ent r="4" t="96" w="995" /><ent r="6" t="97" w="206" /><ent r="3" t="126" w="116" /><ent r="8" t="228" w="194" /><ent r="3" t="251" w="272" /></phr><phr n="Committed"><ent r="4" t="96" w="691" /><ent r="4" t="96" w="799" /><ent r="1000" t="101" w="1" /><ent r="102" t="101" w="5" /><ent r="3" t="101" w="9" /><ent r="4" t="101" w="115" /><ent r="4" t="101" w="180" /><ent r="5" t="102" w="147" /><ent r="64" t="228" w="303" /><ent r="92" t="232" w="282" /></phr><phr n="commiting"><ent r="3" t="99" w="888" /></phr></stem></index>