﻿<?xml version="1.0" encoding="utf-8"?><index><stem n="signatur"><phr n="signature"><ent r="3" t="20" w="264" /><ent r="3" t="69" w="449" /><ent r="3" t="94" w="55" /><ent r="3" t="95" w="60" /><ent r="3" t="151" w="32" /></phr><phr n="signatures"><ent r="3" t="95" w="30" /></phr></stem><stem n="given"><phr n="given"><ent r="3" t="20" w="267" /><ent r="5" t="27" w="1136" /><ent r="5" t="27" w="1201" /><ent r="5" t="28" w="732" /><ent r="5" t="28" w="747" /><ent r="5" t="28" w="804" /><ent r="5" t="28" w="819" /><ent r="3" t="32" w="145" /><ent r="4" t="193" w="103" /><ent r="4" t="193" w="342" /></phr></stem><stem n="-query."><phr n="-query."><ent r="3" t="20" w="289" /><ent r="3" t="20" w="289" /><ent r="3" t="29" w="28" /><ent r="3" t="29" w="28" /><ent r="3" t="29" w="321" /><ent r="3" t="29" w="321" /><ent r="3" t="134" w="314" /><ent r="3" t="134" w="314" /></phr></stem><stem n="transform"><phr n="transformed"><ent r="3" t="20" w="316" /></phr></stem><stem n="iqueri"><phr n="IQuery"><ent r="4" t="20" w="322" /><ent r="4" t="20" w="367" /><ent r="4" t="27" w="116" /><ent r="4" t="27" w="151" /><ent r="4" t="27" w="218" /><ent r="4" t="27" w="263" /><ent r="4" t="27" w="331" /><ent r="4" t="27" w="373" /><ent r="4" t="27" w="414" /><ent r="4" t="27" w="459" /><ent r="4" t="27" w="531" /><ent r="4" t="27" w="582" /><ent r="4" t="27" w="648" /><ent r="4" t="27" w="688" /><ent r="4" t="27" w="824" /><ent r="4" t="27" w="932" /><ent r="4" t="27" w="1123" /><ent r="4" t="27" w="1189" /><ent r="4" t="27" w="1284" /><ent r="4" t="27" w="1331" /><ent r="4" t="28" w="103" /><ent r="4" t="28" w="145" /><ent r="4" t="28" w="248" /><ent r="4" t="28" w="295" /><ent r="4" t="28" w="409" /><ent r="4" t="28" w="453" /><ent r="4" t="28" w="536" /><ent r="4" t="28" w="593" /><ent r="4" t="28" w="719" /><ent r="4" t="28" w="792" /><ent r="4" t="28" w="950" /><ent r="4" t="28" w="999" /><ent r="4" t="28" w="1085" /><ent r="4" t="28" w="1154" /><ent r="4" t="29" w="330" /><ent r="4" t="29" w="368" /><ent r="4" t="29" w="447" /><ent r="4" t="29" w="490" /><ent r="4" t="29" w="749" /><ent r="4" t="29" w="798" /><ent r="4" t="30" w="93" /><ent r="4" t="30" w="133" /><ent r="4" t="30" w="204" /><ent r="4" t="30" w="250" /><ent r="4" t="30" w="327" /><ent r="4" t="30" w="367" /></phr></stem><stem n=".query();"><phr n=".Query();"><ent r="4" t="20" w="326" /><ent r="4" t="27" w="120" /><ent r="4" t="27" w="222" /><ent r="4" t="27" w="335" /><ent r="4" t="27" w="418" /><ent r="4" t="27" w="535" /><ent r="4" t="27" w="652" /><ent r="4" t="27" w="828" /><ent r="4" t="27" w="1127" /><ent r="4" t="27" w="1288" /><ent r="4" t="28" w="107" /><ent r="4" t="28" w="252" /><ent r="4" t="28" w="413" /><ent r="4" t="28" w="540" /><ent r="4" t="28" w="723" /><ent r="4" t="28" w="954" /><ent r="4" t="28" w="1089" /><ent r="4" t="29" w="334" /><ent r="4" t="29" w="451" /><ent r="4" t="29" w="753" /><ent r="4" t="30" w="97" /><ent r="4" t="30" w="208" /><ent r="4" t="30" w="331" /><ent r="4" t="31" w="128" /><ent r="4" t="31" w="218" /><ent r="4" t="31" w="368" /><ent r="4" t="31" w="480" /><ent r="4" t="31" w="565" /><ent r="4" t="31" w="628" /><ent r="4" t="31" w="721" /><ent r="4" t="31" w="788" /><ent r="4" t="31" w="1005" /><ent r="4" t="31" w="1140" /><ent r="4" t="31" w="1205" /><ent r="4" t="31" w="1305" /><ent r="4" t="31" w="1368" /><ent r="4" t="31" w="1479" /><ent r="4" t="31" w="1555" /></phr></stem><stem n="query.constrain"><phr n="query.Constrain"><ent r="4" t="20" w="327" /><ent r="4" t="20" w="326" /><ent r="4" t="20" w="371" /><ent r="4" t="20" w="370" /><ent r="4" t="27" w="121" /><ent r="4" t="27" w="120" /><ent r="4" t="27" w="155" /><ent r="4" t="27" w="154" /><ent r="4" t="27" w="223" /><ent r="4" t="27" w="222" /><ent r="4" t="27" w="267" /><ent r="4" t="27" w="266" /><ent r="4" t="27" w="336" /><ent r="4" t="27" w="335" /><ent r="4" t="27" w="377" /><ent r="4" t="27" w="376" /><ent r="4" t="27" w="419" /><ent r="4" t="27" w="418" /><ent r="4" t="27" w="463" /><ent r="4" t="27" w="462" /><ent r="4" t="27" w="536" /><ent r="4" t="27" w="535" /><ent r="4" t="27" w="586" /><ent r="4" t="27" w="585" /><ent r="4" t="27" w="653" /><ent r="4" t="27" w="652" /><ent r="4" t="27" w="692" /><ent r="4" t="27" w="691" /><ent r="4" t="27" w="829" /><ent r="4" t="27" w="828" /><ent r="4" t="27" w="936" /><ent r="4" t="27" w="935" /><ent r="4" t="27" w="1128" /><ent r="4" t="27" w="1127" /><ent r="4" t="27" w="1193" /><ent r="4" t="27" w="1192" /><ent r="4" t="27" w="1289" /><ent r="4" t="27" w="1288" /><ent r="4" t="27" w="1335" /><ent r="4" t="27" w="1334" /><ent r="4" t="28" w="108" /><ent r="4" t="28" w="107" /><ent r="4" t="28" w="149" /><ent r="4" t="28" w="148" /><ent r="4" t="28" w="253" /><ent r="4" t="28" w="252" /><ent r="4" t="28" w="299" /><ent r="4" t="28" w="298" /><ent r="4" t="28" w="414" /><ent r="4" t="28" w="413" /><ent r="4" t="28" w="457" /><ent r="4" t="28" w="456" /><ent r="4" t="28" w="541" /><ent r="4" t="28" w="540" /><ent r="4" t="28" w="597" /><ent r="4" t="28" w="596" /><ent r="4" t="28" w="724" /><ent r="4" t="28" w="723" /><ent r="4" t="28" w="796" /><ent r="4" t="28" w="795" /><ent r="4" t="28" w="1090" /><ent r="4" t="28" w="1089" /><ent r="4" t="28" w="1158" /><ent r="4" t="28" w="1157" /><ent r="4" t="29" w="335" /><ent r="4" t="29" w="334" /><ent r="4" t="29" w="341" /><ent r="4" t="29" w="340" /><ent r="4" t="29" w="372" /><ent r="4" t="29" w="371" /><ent r="4" t="29" w="378" /><ent r="4" t="29" w="377" /><ent r="4" t="29" w="452" /><ent r="4" t="29" w="451" /><ent r="4" t="29" w="494" /><ent r="4" t="29" w="493" /><ent r="4" t="29" w="754" /><ent r="4" t="29" w="753" /><ent r="4" t="29" w="802" /><ent r="4" t="29" w="801" /><ent r="4" t="30" w="98" /><ent r="4" t="30" w="97" /><ent r="4" t="30" w="137" /><ent r="4" t="30" w="136" /><ent r="4" t="30" w="209" /><ent r="4" t="30" w="208" /><ent r="4" t="30" w="254" /><ent r="4" t="30" w="253" /><ent r="4" t="30" w="332" /><ent r="4" t="30" w="331" /><ent r="4" t="30" w="371" /><ent r="4" t="30" w="370" /><ent r="4" t="31" w="129" /><ent r="4" t="31" w="128" /><ent r="4" t="31" w="161" /><ent r="4" t="31" w="160" /><ent r="4" t="31" w="219" /><ent r="4" t="31" w="218" /><ent r="4" t="31" w="253" /><ent r="4" t="31" w="252" /><ent r="4" t="31" w="369" /><ent r="4" t="31" w="368" /><ent r="4" t="31" w="423" /><ent r="4" t="31" w="422" /><ent r="4" t="31" w="481" /><ent r="4" t="31" w="480" /><ent r="4" t="31" w="521" /><ent r="4" t="31" w="520" /><ent r="4" t="31" w="566" /><ent r="4" t="31" w="565" /><ent r="4" t="31" w="597" /><ent r="4" t="31" w="596" /><ent r="4" t="31" w="629" /><ent r="4" t="31" w="628" /><ent r="4" t="31" w="669" /><ent r="4" t="31" w="668" /><ent r="4" t="31" w="722" /><ent r="4" t="31" w="721" /><ent r="4" t="31" w="755" /><ent r="4" t="31" w="754" /><ent r="4" t="31" w="789" /><ent r="4" t="31" w="788" /><ent r="4" t="31" w="822" /><ent r="4" t="31" w="821" /><ent r="4" t="31" w="1006" /><ent r="4" t="31" w="1005" /><ent r="4" t="31" w="1066" /><ent r="4" t="31" w="1065" /><ent r="4" t="31" w="1141" /><ent r="4" t="31" w="1140" /><ent r="4" t="31" w="1173" /><ent r="4" t="31" w="1172" /><ent r="4" t="31" w="1206" /><ent r="4" t="31" w="1205" /><ent r="4" t="31" w="1238" /><ent r="4" t="31" w="1237" /><ent r="4" t="31" w="1306" /><ent r="4" t="31" w="1305" /><ent r="4" t="31" w="1337" /><ent r="4" t="31" w="1336" /><ent r="4" t="31" w="1369" /><ent r="4" t="31" w="1368" /><ent r="4" t="31" w="1404" /><ent r="4" t="31" w="1403" /><ent r="4" t="31" w="1480" /><ent r="4" t="31" w="1479" /><ent r="4" t="31" w="1512" /><ent r="4" t="31" w="1511" /><ent r="4" t="31" w="1556" /><ent r="4" t="31" w="1555" /><ent r="4" t="31" w="1588" /><ent r="4" t="31" w="1587" /></phr></stem><stem n=".constrain("><phr n=".Constrain("><ent r="4" t="20" w="328" /><ent r="4" t="20" w="372" /><ent r="4" t="27" w="122" /><ent r="4" t="27" w="156" /><ent r="4" t="27" w="224" /><ent r="4" t="27" w="268" /><ent r="4" t="27" w="337" /><ent r="4" t="27" w="378" /><ent r="4" t="27" w="420" /><ent r="4" t="27" w="464" /><ent r="4" t="27" w="537" /><ent r="4" t="27" w="587" /><ent r="4" t="27" w="654" /><ent r="4" t="27" w="693" /><ent r="4" t="27" w="830" /><ent r="4" t="27" w="937" /><ent r="4" t="27" w="1129" /><ent r="4" t="27" w="1194" /><ent r="4" t="27" w="1290" /><ent r="4" t="27" w="1336" /><ent r="4" t="28" w="109" /><ent r="4" t="28" w="150" /><ent r="4" t="28" w="254" /><ent r="4" t="28" w="300" /><ent r="4" t="28" w="415" /><ent r="4" t="28" w="458" /><ent r="4" t="28" w="542" /><ent r="4" t="28" w="598" /><ent r="4" t="28" w="725" /><ent r="4" t="28" w="797" /><ent r="4" t="28" w="1091" /><ent r="4" t="28" w="1159" /><ent r="4" t="29" w="336" /><ent r="4" t="29" w="342" /><ent r="4" t="29" w="373" /><ent r="4" t="29" w="379" /><ent r="4" t="29" w="453" /><ent r="4" t="29" w="495" /><ent r="4" t="29" w="755" /><ent r="4" t="29" w="803" /><ent r="4" t="30" w="99" /><ent r="4" t="30" w="138" /><ent r="4" t="30" w="210" /><ent r="4" t="30" w="255" /><ent r="4" t="30" w="333" /><ent r="4" t="30" w="372" /><ent r="4" t="31" w="130" /><ent r="4" t="31" w="162" /><ent r="4" t="31" w="220" /><ent r="4" t="31" w="254" /><ent r="4" t="31" w="370" /><ent r="4" t="31" w="424" /><ent r="4" t="31" w="482" /><ent r="4" t="31" w="522" /><ent r="4" t="31" w="567" /><ent r="4" t="31" w="598" /><ent r="4" t="31" w="630" /><ent r="4" t="31" w="670" /><ent r="4" t="31" w="723" /><ent r="4" t="31" w="756" /><ent r="4" t="31" w="790" /><ent r="4" t="31" w="823" /><ent r="4" t="31" w="1007" /><ent r="4" t="31" w="1067" /><ent r="4" t="31" w="1142" /><ent r="4" t="31" w="1174" /><ent r="4" t="31" w="1207" /><ent r="4" t="31" w="1239" /><ent r="4" t="31" w="1307" /><ent r="4" t="31" w="1338" /><ent r="4" t="31" w="1370" /><ent r="4" t="31" w="1405" /><ent r="4" t="31" w="1481" /><ent r="4" t="31" w="1513" /><ent r="4" t="31" w="1557" /><ent r="4" t="31" w="1589" /></phr></stem><stem n="typeof"><phr n="typeof"><ent r="5" t="20" w="329" /><ent r="5" t="24" w="475" /><ent r="5" t="27" w="123" /><ent r="5" t="27" w="225" /><ent r="5" t="27" w="338" /><ent r="5" t="27" w="421" /><ent r="5" t="27" w="538" /><ent r="5" t="27" w="655" /><ent r="5" t="27" w="831" /><ent r="5" t="27" w="1130" /><ent r="5" t="27" w="1291" /><ent r="5" t="28" w="110" /><ent r="5" t="28" w="255" /><ent r="5" t="28" w="416" /><ent r="5" t="28" w="543" /><ent r="5" t="28" w="726" /><ent r="5" t="28" w="1092" /><ent r="5" t="29" w="337" /><ent r="5" t="29" w="454" /><ent r="5" t="29" w="756" /><ent r="5" t="30" w="100" /><ent r="5" t="30" w="211" /><ent r="5" t="30" w="334" /><ent r="5" t="31" w="131" /><ent r="5" t="31" w="221" /><ent r="5" t="31" w="371" /><ent r="5" t="31" w="483" /><ent r="5" t="31" w="568" /><ent r="5" t="31" w="631" /><ent r="5" t="31" w="724" /><ent r="5" t="31" w="791" /><ent r="5" t="31" w="1008" /><ent r="5" t="31" w="1143" /><ent r="5" t="31" w="1208" /><ent r="5" t="31" w="1308" /><ent r="5" t="31" w="1371" /><ent r="5" t="31" w="1482" /><ent r="5" t="31" w="1558" /><ent r="5" t="50" w="503" /><ent r="5" t="50" w="508" /><ent r="5" t="50" w="530" /><ent r="5" t="50" w="534" /><ent r="5" t="57" w="73" /><ent r="5" t="59" w="180" /><ent r="5" t="63" w="49" /><ent r="5" t="64" w="97" /><ent r="5" t="64" w="105" /><ent r="5" t="67" w="127" /><ent r="5" t="67" w="146" /><ent r="5" t="70" w="140" /><ent r="5" t="70" w="329" /><ent r="5" t="70" w="404" /><ent r="5" t="70" w="674" /><ent r="5" t="99" w="1055" /><ent r="5" t="112" w="65" /><ent r="5" t="112" w="548" /><ent r="5" t="112" w="1390" /><ent r="5" t="114" w="372" /><ent r="5" t="114" w="730" /><ent r="5" t="116" w="164" /><ent r="5" t="117" w="714" /><ent r="5" t="121" w="312" /><ent r="5" t="141" w="402" /><ent r="5" t="145" w="184" /><ent r="5" t="146" w="217" /><ent r="5" t="152" w="169" /><ent r="5" t="157" w="50" /><ent r="5" t="180" w="144" /><ent r="5" t="210" w="67" /><ent r="5" t="211" w="28" /><ent r="5" t="212" w="49" /><ent r="5" t="213" w="75" /><ent r="5" t="214" w="50" /><ent r="5" t="215" w="31" /><ent r="5" t="216" w="53" /><ent r="5" t="217" w="53" /><ent r="5" t="218" w="85" /><ent r="5" t="219" w="34" /><ent r="5" t="220" w="45" /><ent r="5" t="221" w="38" /><ent r="5" t="222" w="66" /><ent r="5" t="223" w="209" /><ent r="5" t="223" w="359" /><ent r="5" t="223" w="482" /><ent r="5" t="223" w="584" /><ent r="5" t="223" w="683" /><ent r="5" t="250" w="171" /><ent r="5" t="251" w="178" /><ent r="5" t="259" w="225" /><ent r="5" t="264" w="385" /><ent r="5" t="272" w="167" /><ent r="5" t="272" w="385" /><ent r="5" t="281" w="321" /></phr><phr n="TypeOf"><ent r="5" t="21" w="281" /><ent r="5" t="21" w="304" /><ent r="5" t="31" w="1701" /><ent r="5" t="60" w="280" /><ent r="5" t="96" w="445" /><ent r="5" t="100" w="193" /><ent r="5" t="244" w="176" /></phr></stem><stem n="(pilot));"><phr n="(Pilot));"><ent r="4" t="20" w="332" /><ent r="4" t="24" w="478" /><ent r="4" t="27" w="126" /><ent r="4" t="27" w="228" /><ent r="4" t="27" w="341" /><ent r="4" t="27" w="424" /><ent r="4" t="27" w="541" /><ent r="4" t="27" w="658" /><ent r="4" t="27" w="834" /><ent r="4" t="28" w="1095" /><ent r="4" t="29" w="340" /><ent r="4" t="29" w="759" /><ent r="4" t="30" w="103" /><ent r="4" t="30" w="214" /><ent r="4" t="30" w="337" /></phr></stem><stem n="query.descend"><phr n="query.Descend"><ent r="4" t="20" w="333" /><ent r="4" t="20" w="332" /><ent r="4" t="20" w="377" /><ent r="4" t="20" w="376" /><ent r="4" t="27" w="229" /><ent r="4" t="27" w="228" /><ent r="4" t="27" w="273" /><ent r="4" t="27" w="272" /><ent r="4" t="27" w="342" /><ent r="4" t="27" w="341" /><ent r="4" t="27" w="383" /><ent r="4" t="27" w="382" /><ent r="4" t="27" w="425" /><ent r="4" t="27" w="424" /><ent r="4" t="27" w="469" /><ent r="4" t="27" w="468" /><ent r="4" t="27" w="542" /><ent r="4" t="27" w="541" /><ent r="4" t="27" w="551" /><ent r="4" t="27" w="550" /><ent r="4" t="27" w="592" /><ent r="4" t="27" w="591" /><ent r="4" t="27" w="603" /><ent r="4" t="27" w="602" /><ent r="4" t="27" w="659" /><ent r="4" t="27" w="658" /><ent r="4" t="27" w="698" /><ent r="4" t="27" w="697" /><ent r="4" t="27" w="845" /><ent r="4" t="27" w="844" /><ent r="4" t="27" w="867" /><ent r="4" t="27" w="866" /><ent r="4" t="27" w="898" /><ent r="4" t="27" w="897" /><ent r="4" t="27" w="981" /><ent r="4" t="27" w="980" /><ent r="4" t="27" w="994" /><ent r="4" t="27" w="993" /><ent r="4" t="27" w="1009" /><ent r="4" t="27" w="1008" /><ent r="4" t="27" w="1146" /><ent r="4" t="27" w="1145" /><ent r="4" t="27" w="1211" /><ent r="4" t="27" w="1210" /><ent r="4" t="27" w="1295" /><ent r="4" t="27" w="1294" /><ent r="4" t="27" w="1341" /><ent r="4" t="27" w="1340" /><ent r="4" t="28" w="114" /><ent r="4" t="28" w="113" /><ent r="4" t="28" w="155" /><ent r="4" t="28" w="154" /><ent r="4" t="28" w="259" /><ent r="4" t="28" w="258" /><ent r="4" t="28" w="305" /><ent r="4" t="28" w="304" /><ent r="4" t="28" w="420" /><ent r="4" t="28" w="419" /><ent r="4" t="28" w="463" /><ent r="4" t="28" w="462" /><ent r="4" t="28" w="547" /><ent r="4" t="28" w="546" /><ent r="4" t="28" w="566" /><ent r="4" t="28" w="565" /><ent r="4" t="28" w="603" /><ent r="4" t="28" w="602" /><ent r="4" t="28" w="627" /><ent r="4" t="28" w="626" /><ent r="4" t="28" w="761" /><ent r="4" t="28" w="760" /><ent r="4" t="28" w="836" /><ent r="4" t="28" w="835" /><ent r="4" t="28" w="967" /><ent r="4" t="28" w="966" /><ent r="4" t="28" w="1015" /><ent r="4" t="28" w="1014" /><ent r="4" t="28" w="1119" /><ent r="4" t="28" w="1118" /><ent r="4" t="28" w="1187" /><ent r="4" t="28" w="1186" /><ent r="4" t="29" w="458" /><ent r="4" t="29" w="457" /><ent r="4" t="29" w="500" /><ent r="4" t="29" w="499" /><ent r="4" t="29" w="760" /><ent r="4" t="29" w="759" /><ent r="4" t="29" w="808" /><ent r="4" t="29" w="807" /><ent r="4" t="30" w="104" /><ent r="4" t="30" w="103" /><ent r="4" t="30" w="143" /><ent r="4" t="30" w="142" /><ent r="4" t="30" w="215" /><ent r="4" t="30" w="214" /><ent r="4" t="30" w="221" /><ent r="4" t="30" w="220" /><ent r="4" t="30" w="260" /><ent r="4" t="30" w="259" /><ent r="4" t="30" w="266" /><ent r="4" t="30" w="265" /><ent r="4" t="31" w="135" /><ent r="4" t="31" w="134" /><ent r="4" t="31" w="167" /><ent r="4" t="31" w="166" /><ent r="4" t="31" w="225" /><ent r="4" t="31" w="224" /><ent r="4" t="31" w="259" /><ent r="4" t="31" w="258" /><ent r="4" t="31" w="375" /><ent r="4" t="31" w="374" /><ent r="4" t="31" w="429" /><ent r="4" t="31" w="428" /><ent r="4" t="31" w="487" /><ent r="4" t="31" w="486" /><ent r="4" t="31" w="527" /><ent r="4" t="31" w="526" /><ent r="4" t="31" w="572" /><ent r="4" t="31" w="571" /><ent r="4" t="31" w="603" /><ent r="4" t="31" w="602" /><ent r="4" t="31" w="635" /><ent r="4" t="31" w="634" /><ent r="4" t="31" w="644" /><ent r="4" t="31" w="643" /><ent r="4" t="31" w="675" /><ent r="4" t="31" w="674" /><ent r="4" t="31" w="687" /><ent r="4" t="31" w="686" /><ent r="4" t="31" w="728" /><ent r="4" t="31" w="727" /><ent r="4" t="31" w="761" /><ent r="4" t="31" w="760" /><ent r="4" t="31" w="795" /><ent r="4" t="31" w="794" /><ent r="4" t="31" w="828" /><ent r="4" t="31" w="827" /><ent r="4" t="31" w="1012" /><ent r="4" t="31" w="1011" /><ent r="4" t="31" w="1072" /><ent r="4" t="31" w="1071" /><ent r="4" t="31" w="1147" /><ent r="4" t="31" w="1146" /><ent r="4" t="31" w="1179" /><ent r="4" t="31" w="1178" /><ent r="4" t="31" w="1212" /><ent r="4" t="31" w="1211" /><ent r="4" t="31" w="1244" /><ent r="4" t="31" w="1243" /><ent r="4" t="31" w="1312" /><ent r="4" t="31" w="1311" /><ent r="4" t="31" w="1343" /><ent r="4" t="31" w="1342" /><ent r="4" t="31" w="1375" /><ent r="4" t="31" w="1374" /><ent r="4" t="31" w="1410" /><ent r="4" t="31" w="1409" /><ent r="4" t="31" w="1486" /><ent r="4" t="31" w="1485" /><ent r="4" t="31" w="1518" /><ent r="4" t="31" w="1517" /><ent r="4" t="31" w="1562" /><ent r="4" t="31" w="1561" /><ent r="4" t="31" w="1594" /><ent r="4" t="31" w="1593" /></phr></stem><stem n="descend"><phr n="Descend"><ent r="4" t="20" w="333" /><ent r="4" t="20" w="377" /><ent r="4" t="27" w="229" /><ent r="4" t="27" w="273" /><ent r="4" t="27" w="342" /><ent r="4" t="27" w="383" /><ent r="4" t="27" w="425" /><ent r="4" t="27" w="469" /><ent r="4" t="27" w="542" /><ent r="4" t="27" w="551" /><ent r="4" t="27" w="592" /><ent r="4" t="27" w="603" /><ent r="4" t="27" w="659" /><ent r="4" t="27" w="698" /><ent r="4" t="27" w="845" /><ent r="4" t="27" w="867" /><ent r="4" t="27" w="898" /><ent r="4" t="27" w="981" /><ent r="4" t="27" w="994" /><ent r="4" t="27" w="1009" /><ent r="4" t="27" w="1146" /><ent r="4" t="27" w="1211" /><ent r="92" t="27" w="1241" /><ent r="4" t="27" w="1295" /><ent r="4" t="27" w="1299" /><ent r="4" t="27" w="1314" /><ent r="4" t="27" w="1341" /><ent r="4" t="27" w="1345" /><ent r="4" t="27" w="1366" /><ent r="4" t="28" w="114" /><ent r="4" t="28" w="155" /><ent r="4" t="28" w="259" /><ent r="4" t="28" w="263" /><ent r="4" t="28" w="278" /><ent r="4" t="28" w="305" /><ent r="4" t="28" w="309" /><ent r="4" t="28" w="330" /><ent r="4" t="28" w="420" /><ent r="4" t="28" w="463" /><ent r="4" t="28" w="547" /><ent r="4" t="28" w="566" /><ent r="4" t="28" w="603" /><ent r="4" t="28" w="627" /><ent r="4" t="28" w="761" /><ent r="4" t="28" w="836" /><ent r="4" t="28" w="967" /><ent r="4" t="28" w="1015" /><ent r="4" t="28" w="1119" /><ent r="4" t="28" w="1187" /><ent r="4" t="29" w="458" /><ent r="4" t="29" w="500" /><ent r="4" t="29" w="760" /><ent r="4" t="29" w="808" /><ent r="4" t="30" w="104" /><ent r="4" t="30" w="143" /><ent r="4" t="30" w="215" /><ent r="4" t="30" w="221" /><ent r="4" t="30" w="260" /><ent r="4" t="30" w="266" /><ent r="4" t="31" w="135" /><ent r="4" t="31" w="167" /><ent r="4" t="31" w="225" /><ent r="4" t="31" w="259" /><ent r="4" t="31" w="375" /><ent r="4" t="31" w="379" /><ent r="4" t="31" w="429" /><ent r="4" t="31" w="434" /><ent r="4" t="31" w="487" /><ent r="4" t="31" w="527" /><ent r="4" t="31" w="572" /><ent r="4" t="31" w="603" /><ent r="4" t="31" w="635" /><ent r="4" t="31" w="644" /><ent r="4" t="31" w="675" /><ent r="4" t="31" w="687" /><ent r="4" t="31" w="728" /><ent r="4" t="31" w="761" /><ent r="4" t="31" w="795" /><ent r="4" t="31" w="828" /><ent r="4" t="31" w="1012" /><ent r="4" t="31" w="1016" /><ent r="4" t="31" w="1072" /><ent r="4" t="31" w="1077" /><ent r="4" t="31" w="1147" /><ent r="4" t="31" w="1179" /><ent r="4" t="31" w="1212" /><ent r="4" t="31" w="1244" /><ent r="4" t="31" w="1312" /><ent r="4" t="31" w="1343" /><ent r="4" t="31" w="1375" /><ent r="4" t="31" w="1379" /><ent r="4" t="31" w="1410" /><ent r="4" t="31" w="1415" /><ent r="4" t="31" w="1486" /><ent r="4" t="31" w="1518" /><ent r="4" t="31" w="1562" /><ent r="4" t="31" w="1594" /></phr><phr n="descending"><ent r="3" t="27" w="198" /><ent r="3" t="30" w="37" /><ent r="3" t="30" w="73" /></phr><phr n="descend"><ent r="3" t="27" w="1248" /><ent r="3" t="27" w="1271" /><ent r="3" t="28" w="202" /><ent r="3" t="29" w="424" /><ent r="3" t="30" w="25" /><ent r="3" t="291" w="42" /><ent r="3" t="291" w="56" /></phr></stem><stem n=".descend("><phr n=".Descend("><ent r="4" t="20" w="334" /><ent r="4" t="20" w="378" /><ent r="4" t="27" w="230" /><ent r="4" t="27" w="274" /><ent r="4" t="27" w="343" /><ent r="4" t="27" w="384" /><ent r="4" t="27" w="426" /><ent r="4" t="27" w="470" /><ent r="4" t="27" w="543" /><ent r="4" t="27" w="593" /><ent r="4" t="27" w="660" /><ent r="4" t="27" w="699" /><ent r="4" t="27" w="846" /><ent r="4" t="27" w="982" /><ent r="4" t="27" w="1147" /><ent r="4" t="27" w="1212" /><ent r="4" t="27" w="1296" /><ent r="4" t="27" w="1342" /><ent r="4" t="28" w="115" /><ent r="4" t="28" w="156" /><ent r="4" t="28" w="260" /><ent r="4" t="28" w="306" /><ent r="4" t="28" w="421" /><ent r="4" t="28" w="464" /><ent r="4" t="28" w="548" /><ent r="4" t="28" w="567" /><ent r="4" t="28" w="604" /><ent r="4" t="28" w="628" /><ent r="4" t="28" w="762" /><ent r="4" t="28" w="837" /><ent r="4" t="28" w="968" /><ent r="4" t="28" w="1016" /><ent r="4" t="28" w="1120" /><ent r="4" t="28" w="1188" /><ent r="4" t="29" w="459" /><ent r="4" t="29" w="501" /><ent r="4" t="29" w="761" /><ent r="4" t="29" w="809" /><ent r="4" t="30" w="105" /><ent r="4" t="30" w="144" /><ent r="4" t="30" w="216" /><ent r="4" t="30" w="222" /><ent r="4" t="30" w="261" /><ent r="4" t="30" w="267" /><ent r="4" t="31" w="136" /><ent r="4" t="31" w="168" /><ent r="4" t="31" w="226" /><ent r="4" t="31" w="260" /><ent r="4" t="31" w="376" /><ent r="4" t="31" w="430" /><ent r="4" t="31" w="488" /><ent r="4" t="31" w="528" /><ent r="4" t="31" w="573" /><ent r="4" t="31" w="604" /><ent r="4" t="31" w="636" /><ent r="4" t="31" w="645" /><ent r="4" t="31" w="676" /><ent r="4" t="31" w="729" /><ent r="4" t="31" w="762" /><ent r="4" t="31" w="796" /><ent r="4" t="31" w="829" /><ent r="4" t="31" w="1013" /><ent r="4" t="31" w="1073" /><ent r="4" t="31" w="1148" /><ent r="4" t="31" w="1180" /><ent r="4" t="31" w="1213" /><ent r="4" t="31" w="1245" /><ent r="4" t="31" w="1313" /><ent r="4" t="31" w="1344" /><ent r="4" t="31" w="1376" /><ent r="4" t="31" w="1380" /><ent r="4" t="31" w="1411" /><ent r="4" t="31" w="1487" /><ent r="4" t="31" w="1519" /><ent r="4" t="31" w="1563" /><ent r="4" t="31" w="1595" /></phr></stem><stem n="&quot;name&quot;"><phr n="&quot;name&quot;"><ent r="5" t="20" w="336" /><ent r="5" t="20" w="380" /><ent r="5" t="27" w="232" /><ent r="5" t="27" w="276" /><ent r="5" t="27" w="848" /><ent r="5" t="27" w="870" /><ent r="5" t="27" w="901" /><ent r="5" t="27" w="984" /><ent r="5" t="27" w="997" /><ent r="5" t="27" w="1012" /><ent r="5" t="27" w="1302" /><ent r="5" t="27" w="1348" /><ent r="5" t="28" w="266" /><ent r="5" t="28" w="312" /><ent r="5" t="28" w="550" /><ent r="5" t="28" w="606" /><ent r="5" t="28" w="970" /><ent r="5" t="28" w="1018" /><ent r="5" t="29" w="763" /><ent r="5" t="29" w="811" /><ent r="5" t="30" w="107" /><ent r="5" t="30" w="146" /><ent r="5" t="30" w="224" /><ent r="5" t="30" w="269" /><ent r="5" t="59" w="186" /><ent r="5" t="59" w="224" /><ent r="5" t="70" w="370" /><ent r="5" t="70" w="512" /><ent r="5" t="70" w="683" /><ent r="5" t="70" w="758" /><ent r="5" t="120" w="187" /><ent r="5" t="120" w="218" /><ent r="5" t="223" w="215" /><ent r="5" t="223" w="253" /><ent r="5" t="223" w="689" /><ent r="5" t="223" w="726" /><ent r="3" t="290" w="115" /><ent r="3" t="290" w="159" /></phr></stem><stem n=").constrain("><phr n=").Constrain("><ent r="4" t="20" w="338" /><ent r="4" t="20" w="382" /><ent r="4" t="27" w="234" /><ent r="4" t="27" w="278" /><ent r="4" t="27" w="850" /><ent r="4" t="27" w="872" /><ent r="4" t="27" w="903" /><ent r="4" t="27" w="986" /><ent r="4" t="27" w="999" /><ent r="4" t="27" w="1014" /><ent r="4" t="27" w="1304" /><ent r="4" t="27" w="1350" /><ent r="4" t="28" w="119" /><ent r="4" t="28" w="160" /><ent r="4" t="28" w="268" /><ent r="4" t="28" w="314" /><ent r="4" t="28" w="425" /><ent r="4" t="28" w="468" /><ent r="4" t="28" w="552" /><ent r="4" t="28" w="608" /><ent r="4" t="28" w="972" /><ent r="4" t="28" w="1020" /><ent r="4" t="28" w="1124" /><ent r="4" t="28" w="1192" /><ent r="4" t="29" w="463" /><ent r="4" t="29" w="505" /><ent r="4" t="29" w="765" /><ent r="4" t="29" w="813" /><ent r="4" t="31" w="1567" /><ent r="4" t="31" w="1600" /></phr></stem><stem n="iobjectset"><phr n="IObjectSet"><ent r="4" t="20" w="341" /><ent r="4" t="20" w="392" /><ent r="4" t="27" w="126" /><ent r="4" t="27" w="167" /><ent r="4" t="27" w="237" /><ent r="4" t="27" w="288" /><ent r="4" t="27" w="349" /><ent r="4" t="27" w="397" /><ent r="4" t="27" w="433" /><ent r="4" t="27" w="484" /><ent r="4" t="27" w="558" /><ent r="4" t="27" w="617" /><ent r="4" t="27" w="666" /><ent r="4" t="27" w="714" /><ent r="4" t="27" w="910" /><ent r="4" t="27" w="1028" /><ent r="4" t="27" w="1152" /><ent r="4" t="27" w="1224" /><ent r="4" t="27" w="1307" /><ent r="4" t="27" w="1360" /><ent r="4" t="28" w="122" /><ent r="4" t="28" w="170" /><ent r="4" t="28" w="271" /><ent r="4" t="28" w="324" /><ent r="4" t="28" w="428" /><ent r="4" t="28" w="478" /><ent r="4" t="28" w="563" /><ent r="4" t="28" w="625" /><ent r="4" t="28" w="767" /><ent r="4" t="28" w="849" /><ent r="4" t="28" w="976" /><ent r="4" t="28" w="1033" /><ent r="4" t="28" w="1128" /><ent r="4" t="28" w="1205" /><ent r="4" t="29" w="346" /><ent r="4" t="29" w="390" /><ent r="4" t="29" w="467" /><ent r="4" t="29" w="516" /><ent r="4" t="29" w="773" /><ent r="4" t="29" w="828" /><ent r="4" t="30" w="109" /><ent r="4" t="30" w="155" /><ent r="4" t="30" w="226" /><ent r="4" t="30" w="278" /><ent r="4" t="30" w="343" /><ent r="4" t="30" w="389" /><ent r="5" t="277" w="194" /><ent r="5" t="277" w="250" /><ent r="6" t="300" w="440" /></phr></stem></index>