﻿<?xml version="1.0" encoding="utf-8"?><index><stem n="broader"><phr n="broader"><ent r="3" t="15" w="418" /></phr></stem><stem n="pictur"><phr n="picture"><ent r="3" t="15" w="419" /></phr></stem><stem n="monitor"><phr n="monitoring"><ent r="64" t="15" w="427" /><ent r="3" t="90" w="82" /><ent r="3" t="132" w="18" /><ent r="3" t="133" w="54" /><ent r="3" t="133" w="61" /><ent r="3" t="133" w="82" /><ent r="3" t="133" w="97" /><ent r="3" t="133" w="103" /><ent r="3" t="134" w="35" /><ent r="4" t="134" w="87" /><ent r="4" t="134" w="114" /><ent r="3" t="135" w="50" /><ent r="3" t="136" w="48" /><ent r="3" t="137" w="41" /><ent r="3" t="138" w="32" /><ent r="3" t="138" w="40" /><ent r="4" t="138" w="77" /><ent r="4" t="138" w="99" /><ent r="4" t="138" w="136" /><ent r="4" t="138" w="158" /><ent r="3" t="139" w="55" /><ent r="4" t="139" w="75" /><ent r="4" t="139" w="96" /><ent r="3" t="149" w="15" /><ent r="3" t="245" w="106" /><ent r="64" t="268" w="46" /><ent r="64" t="282" w="177" /><ent r="65" t="308" w="235" /><ent r="4" t="308" w="267" /></phr><phr n="Monitoring"><ent r="64" t="20" w="543" /><ent r="1000" t="21" w="1" /><ent r="102" t="21" w="8" /><ent r="1000" t="132" w="2" /><ent r="100" t="132" w="4" /><ent r="102" t="132" w="10" /><ent r="65" t="132" w="159" /><ent r="65" t="132" w="170" /><ent r="65" t="132" w="183" /><ent r="65" t="132" w="193" /><ent r="65" t="132" w="204" /><ent r="92" t="133" w="40" /><ent r="3" t="133" w="85" /><ent r="65" t="133" w="123" /><ent r="65" t="133" w="134" /><ent r="65" t="133" w="147" /><ent r="65" t="133" w="157" /><ent r="65" t="133" w="168" /><ent r="1000" t="134" w="1" /><ent r="102" t="134" w="4" /><ent r="92" t="134" w="26" /><ent r="92" t="135" w="34" /><ent r="92" t="136" w="30" /><ent r="4" t="136" w="63" /><ent r="4" t="136" w="83" /><ent r="92" t="137" w="28" /><ent r="92" t="138" w="23" /><ent r="92" t="139" w="46" /><ent r="65" t="280" w="42" /></phr><phr n="monitor"><ent r="3" t="21" w="118" /><ent r="3" t="132" w="108" /><ent r="3" t="132" w="140" /><ent r="3" t="133" w="34" /><ent r="4" t="133" w="184" /><ent r="4" t="133" w="207" /><ent r="4" t="133" w="347" /><ent r="4" t="133" w="390" /><ent r="4" t="133" w="420" /><ent r="3" t="134" w="9" /><ent r="3" t="134" w="49" /><ent r="3" t="135" w="11" /><ent r="3" t="135" w="40" /><ent r="3" t="136" w="9" /><ent r="3" t="136" w="36" /><ent r="3" t="137" w="9" /><ent r="3" t="137" w="32" /><ent r="3" t="138" w="9" /><ent r="3" t="138" w="59" /><ent r="3" t="138" w="118" /><ent r="3" t="139" w="11" /><ent r="3" t="144" w="71" /><ent r="3" t="144" w="86" /><ent r="3" t="144" w="102" /><ent r="3" t="144" w="116" /><ent r="3" t="144" w="132" /><ent r="3" t="144" w="146" /><ent r="3" t="144" w="159" /><ent r="3" t="232" w="159" /><ent r="3" t="282" w="159" /></phr><phr n="monitors"><ent r="3" t="48" w="120" /><ent r="3" t="235" w="95" /></phr><phr n="Monitor"><ent r="92" t="132" w="113" /><ent r="64" t="132" w="147" /><ent r="4" t="132" w="161" /><ent r="4" t="132" w="172" /><ent r="4" t="132" w="185" /><ent r="4" t="132" w="195" /><ent r="4" t="132" w="206" /><ent r="1000" t="133" w="3" /><ent r="102" t="133" w="7" /><ent r="4" t="133" w="125" /><ent r="4" t="133" w="136" /><ent r="4" t="133" w="149" /><ent r="4" t="133" w="159" /><ent r="4" t="133" w="170" /><ent r="93" t="133" w="341" /><ent r="93" t="133" w="344" /><ent r="4" t="133" w="358" /><ent r="4" t="133" w="366" /><ent r="65" t="133" w="434" /><ent r="1000" t="135" w="1" /><ent r="102" t="135" w="5" /><ent r="4" t="135" w="66" /><ent r="4" t="135" w="88" /><ent r="1000" t="136" w="1" /><ent r="102" t="136" w="4" /><ent r="1000" t="137" w="1" /><ent r="102" t="137" w="4" /><ent r="4" t="137" w="58" /><ent r="4" t="137" w="80" /><ent r="1000" t="138" w="1" /><ent r="102" t="138" w="4" /><ent r="1000" t="139" w="1" /><ent r="102" t="139" w="5" /><ent r="92" t="282" w="128" /></phr></stem><stem n="split"><phr n="split"><ent r="3" t="15" w="459" /><ent r="3" t="15" w="631" /></phr><phr n="Splitting"><ent r="4" t="15" w="696" /><ent r="4" t="15" w="771" /></phr><phr n="splitting"><ent r="3" t="15" w="813" /></phr></stem><stem n="two"><phr n="two"><ent r="3" t="15" w="463" /><ent r="3" t="15" w="635" /><ent r="4" t="15" w="698" /><ent r="4" t="15" w="773" /><ent r="3" t="21" w="365" /><ent r="3" t="32" w="12" /><ent r="4" t="33" w="84" /><ent r="3" t="35" w="94" /><ent r="3" t="35" w="101" /><ent r="3" t="35" w="461" /><ent r="4" t="39" w="260" /><ent r="3" t="44" w="38" /><ent r="3" t="46" w="345" /><ent r="3" t="49" w="410" /><ent r="3" t="49" w="456" /><ent r="3" t="58" w="36" /><ent r="3" t="66" w="386" /><ent r="3" t="69" w="441" /><ent r="3" t="74" w="249" /><ent r="3" t="76" w="574" /><ent r="3" t="76" w="581" /><ent r="3" t="76" w="941" /><ent r="3" t="94" w="38" /><ent r="3" t="95" w="114" /><ent r="3" t="96" w="59" /><ent r="3" t="99" w="430" /><ent r="3" t="105" w="93" /><ent r="3" t="106" w="202" /><ent r="3" t="114" w="69" /><ent r="3" t="123" w="16" /><ent r="3" t="126" w="22" /><ent r="3" t="129" w="169" /><ent r="3" t="134" w="43" /><ent r="3" t="138" w="44" /><ent r="3" t="140" w="113" /><ent r="3" t="141" w="363" /><ent r="3" t="147" w="135" /><ent r="3" t="168" w="48" /><ent r="3" t="178" w="30" /><ent r="3" t="182" w="19" /><ent r="4" t="186" w="101" /><ent r="3" t="188" w="195" /><ent r="3" t="190" w="55" /><ent r="3" t="190" w="193" /><ent r="3" t="224" w="115" /><ent r="3" t="228" w="71" /><ent r="3" t="230" w="44" /><ent r="3" t="240" w="1000" /><ent r="3" t="265" w="69" /><ent r="3" t="267" w="57" /><ent r="4" t="269" w="63" /><ent r="3" t="274" w="37" /><ent r="3" t="275" w="146" /><ent r="3" t="275" w="439" /><ent r="3" t="275" w="452" /><ent r="4" t="278" w="31" /><ent r="4" t="278" w="121" /><ent r="3" t="282" w="271" /><ent r="3" t="298" w="76" /></phr><phr n="Two"><ent r="4" t="267" w="73" /><ent r="92" t="274" w="381" /><ent r="3" t="277" w="65" /></phr></stem><stem n="let'"><phr n="Let's"><ent r="3" t="15" w="488" /><ent r="3" t="15" w="487" /><ent r="3" t="17" w="227" /><ent r="3" t="17" w="226" /><ent r="3" t="41" w="23" /><ent r="3" t="41" w="22" /><ent r="3" t="42" w="10" /><ent r="3" t="42" w="9" /><ent r="3" t="45" w="12" /><ent r="3" t="45" w="11" /><ent r="3" t="76" w="59" /><ent r="3" t="76" w="58" /><ent r="3" t="110" w="33" /><ent r="3" t="110" w="32" /><ent r="3" t="114" w="175" /><ent r="3" t="114" w="174" /><ent r="3" t="236" w="111" /><ent r="3" t="236" w="110" /><ent r="3" t="236" w="269" /><ent r="3" t="236" w="268" /><ent r="3" t="240" w="757" /><ent r="3" t="240" w="756" /><ent r="3" t="272" w="120" /><ent r="3" t="272" w="119" /><ent r="3" t="289" w="10" /><ent r="3" t="289" w="9" /><ent r="3" t="302" w="12" /><ent r="3" t="302" w="11" /><ent r="3" t="303" w="8" /><ent r="3" t="303" w="7" /></phr><phr n="let's"><ent r="3" t="39" w="190" /><ent r="3" t="39" w="189" /><ent r="3" t="141" w="122" /><ent r="3" t="141" w="121" /><ent r="3" t="192" w="105" /><ent r="3" t="192" w="104" /></phr></stem><stem n="p.name.substr"><phr n="p.Name.Substring"><ent r="4" t="15" w="519" /><ent r="4" t="15" w="517" /><ent r="4" t="15" w="575" /><ent r="4" t="15" w="573" /><ent r="4" t="15" w="683" /><ent r="4" t="15" w="681" /><ent r="4" t="15" w="758" /><ent r="4" t="15" w="756" /></phr></stem><stem n="substr"><phr n="Substring"><ent r="4" t="15" w="519" /><ent r="4" t="15" w="575" /><ent r="4" t="15" w="683" /><ent r="4" t="15" w="758" /></phr><phr n="substring"><ent r="3" t="15" w="605" /><ent r="3" t="27" w="765" /><ent r="6" t="299" w="399" /></phr></stem><stem n=".name.substring(2).contains("><phr n=".Name.Substring(2).Contains("><ent r="4" t="15" w="522" /><ent r="4" t="15" w="578" /><ent r="4" t="15" w="686" /><ent r="4" t="15" w="761" /></phr></stem><stem n="n"><phr n="n"><ent r="5" t="15" w="523" /><ent r="5" t="15" w="579" /><ent r="5" t="15" w="687" /><ent r="5" t="15" w="762" /><ent r="4" t="240" w="196" /><ent r="4" t="240" w="270" /><ent r="4" t="240" w="410" /><ent r="4" t="240" w="484" /></phr><phr n="N"><ent r="92" t="240" w="53" /><ent r="92" t="240" w="59" /><ent r="3" t="240" w="98" /><ent r="92" t="240" w="287" /><ent r="92" t="240" w="291" /><ent r="3" t="240" w="316" /><ent r="92" t="240" w="622" /><ent r="3" t="240" w="633" /><ent r="92" t="240" w="726" /><ent r="92" t="240" w="727" /><ent r="3" t="240" w="735" /><ent r="3" t="240" w="737" /><ent r="3" t="240" w="738" /><ent r="4" t="240" w="857" /><ent r="4" t="240" w="858" /><ent r="4" t="240" w="925" /><ent r="4" t="240" w="926" /><ent r="92" t="240" w="935" /><ent r="92" t="240" w="936" /><ent r="3" t="240" w="944" /><ent r="3" t="240" w="945" /><ent r="4" t="240" w="1073" /><ent r="4" t="240" w="1074" /><ent r="4" t="240" w="1185" /><ent r="4" t="240" w="1186" /><ent r="4" t="240" w="1265" /><ent r="4" t="240" w="1266" /><ent r="4" t="240" w="1399" /><ent r="4" t="240" w="1400" /></phr></stem><stem n="&quot;n&quot;"><phr n="&quot;n&quot;"><ent r="5" t="15" w="524" /><ent r="5" t="15" w="580" /><ent r="5" t="15" w="688" /><ent r="5" t="15" w="763" /></phr></stem><stem n="substring-oper"><phr n="substring-operation"><ent r="3" t="15" w="605" /></phr></stem><stem n="optimizedpart"><phr n="optimizedPart"><ent r="4" t="15" w="640" /><ent r="4" t="15" w="676" /><ent r="4" t="15" w="709" /><ent r="4" t="15" w="751" /></phr></stem><stem n="endresult"><phr n="endResult"><ent r="4" t="15" w="668" /><ent r="4" t="15" w="743" /></phr></stem><stem n="optimizedpart.asenumer"><phr n="optimizedPart.AsEnumerable"><ent r="4" t="15" w="677" /><ent r="4" t="15" w="676" /><ent r="4" t="15" w="752" /><ent r="4" t="15" w="751" /></phr></stem><stem n="asenumer"><phr n="AsEnumerable"><ent r="4" t="15" w="677" /><ent r="4" t="15" w="752" /><ent r="3" t="15" w="797" /></phr></stem><stem n=".asenumerable()"><phr n=".AsEnumerable()"><ent r="4" t="15" w="678" /><ent r="4" t="15" w="753" /></phr></stem><stem n="()-oper"><phr n="()-operator"><ent r="3" t="15" w="798" /></phr></stem><stem n="forc"><phr n="force"><ent r="3" t="15" w="800" /><ent r="3" t="27" w="1105" /><ent r="3" t="28" w="708" /><ent r="3" t="79" w="151" /><ent r="3" t="84" w="33" /><ent r="3" t="218" w="21" /><ent r="3" t="221" w="22" /></phr></stem><stem n=".5"><phr n=".5"><ent r="3" t="16" w="15" /><ent r="65" t="17" w="18" /><ent r="65" t="18" w="13" /><ent r="3" t="18" w="82" /><ent r="65" t="19" w="17" /><ent r="65" t="20" w="17" /><ent r="65" t="21" w="15" /><ent r="65" t="22" w="19" /><ent r="4" t="245" w="55" /><ent r="4" t="245" w="61" /><ent r="6" t="268" w="212" /><ent r="6" t="268" w="244" /><ent r="3" t="268" w="292" /><ent r="4" t="287" w="103" /><ent r="5" t="297" w="215" /><ent r="5" t="297" w="223" /><ent r="4" t="305" w="207" /><ent r="4" t="306" w="203" /><ent r="6" t="313" w="73" /><ent r="6" t="313" w="80" /><ent r="6" t="313" w="112" /><ent r="6" t="313" w="120" /><ent r="6" t="313" w="127" /><ent r="6" t="313" w="339" /><ent r="6" t="313" w="355" /></phr></stem><stem n="system.linq.express"><phr n="System.Linq.Expressions"><ent r="3" t="16" w="31" /><ent r="3" t="16" w="29" /><ent r="3" t="16" w="98" /><ent r="3" t="16" w="96" /><ent r="3" t="16" w="126" /><ent r="3" t="16" w="124" /></phr></stem><stem n="express"><phr n="Expressions"><ent r="3" t="16" w="31" /><ent r="3" t="16" w="98" /><ent r="3" t="16" w="126" /><ent r="100" t="29" w="538" /></phr><phr n="expression"><ent r="3" t="16" w="62" /><ent r="3" t="16" w="81" /><ent r="3" t="20" w="134" /><ent r="3" t="20" w="142" /><ent r="3" t="29" w="568" /><ent r="6" t="92" w="150" /></phr><phr n="expressions"><ent r="3" t="17" w="142" /><ent r="3" t="17" w="165" /><ent r="3" t="17" w="386" /><ent r="5" t="20" w="495" /><ent r="4" t="25" w="27" /><ent r="3" t="29" w="563" /></phr><phr n="express"><ent r="3" t="230" w="134" /><ent r="5" t="264" w="188" /></phr></stem><stem n="system.linq.expressions,"><phr n="System.Linq.Expressions,"><ent r="3" t="16" w="31" /><ent r="3" t="16" w="29" /></phr></stem><stem n=".linq.expressions,"><phr n=".Linq.Expressions,"><ent r="3" t="16" w="32" /></phr></stem><stem n="luckili"><phr n="Luckily"><ent r="3" t="16" w="40" /><ent r="3" t="41" w="93" /><ent r="3" t="100" w="18" /><ent r="3" t="164" w="48" /><ent r="2" t="238" w="23" /></phr></stem><stem n=".core"><phr n=".Core"><ent r="3" t="16" w="52" /><ent r="3" t="16" w="73" /></phr><phr n=".core"><ent r="4" t="297" w="44" /><ent r="6" t="313" w="202" /><ent r="7" t="313" w="388" /><ent r="6" t="313" w="400" /><ent r="6" t="313" w="413" /></phr></stem><stem n="system.cor"><phr n="System.Core"><ent r="3" t="16" w="52" /><ent r="3" t="16" w="51" /><ent r="3" t="16" w="73" /><ent r="3" t="16" w="72" /></phr></stem><stem n="interpret"><phr n="interpreter"><ent r="3" t="16" w="63" /></phr><phr n="interpreted"><ent r="4" t="25" w="52" /></phr><phr n="interpret"><ent r="4" t="25" w="77" /><ent r="3" t="292" w="239" /></phr><phr n="interpretation"><ent r="3" t="294" w="134" /><ent r="65" t="309" w="138" /></phr></stem><stem n="contribut"><phr n="contributed"><ent r="3" t="16" w="64" /></phr><phr n="contributes"><ent r="3" t="282" w="288" /><ent r="3" t="284" w="58" /><ent r="3" t="285" w="32" /></phr><phr n="Contributes"><ent r="1000" t="285" w="2" /><ent r="102" t="285" w="9" /></phr><phr n="contributing"><ent r="3" t="295" w="31" /></phr></stem><stem n="mainsoft"><phr n="Mainsoft"><ent r="64" t="16" w="67" /></phr></stem><stem n="mono'"><phr n="Mono's"><ent r="3" t="16" w="71" /><ent r="3" t="16" w="70" /></phr></stem><stem n="compil"><phr n="compile"><ent r="3" t="16" w="92" /><ent r="3" t="17" w="80" /><ent r="3" t="22" w="67" /><ent r="3" t="22" w="227" /><ent r="3" t="26" w="45" /><ent r="3" t="50" w="55" /><ent r="64" t="161" w="55" /><ent r="4" t="245" w="68" /><ent r="4" t="297" w="702" /><ent r="3" t="304" w="59" /><ent r="3" t="306" w="423" /></phr><phr n="Compile"><ent r="5" t="20" w="471" /><ent r="4" t="50" w="344" /></phr><phr n="compilation"><ent r="3" t="22" w="163" /><ent r="4" t="50" w="435" /><ent r="4" t="267" w="105" /></phr><phr n="compiler"><ent r="3" t="90" w="266" /><ent r="3" t="264" w="98" /><ent r="3" t="264" w="113" /><ent r="3" t="264" w="353" /><ent r="3" t="266" w="231" /><ent r="3" t="306" w="336" /><ent r="3" t="306" w="345" /></phr><phr n="compiled"><ent r="4" t="269" w="83" /><ent r="3" t="301" w="124" /></phr></stem><stem n="system.linq.expressions.dl"><phr n="System.Linq.Expressions.dll"><ent r="3" t="16" w="99" /><ent r="3" t="16" w="96" /><ent r="3" t="16" w="127" /><ent r="3" t="16" w="124" /></phr></stem><stem n="system.linq.expressions.dll,"><phr n="System.Linq.Expressions.dll,"><ent r="3" t="16" w="99" /><ent r="3" t="16" w="96" /></phr></stem><stem n=".linq.expressions.dll,"><phr n=".Linq.Expressions.dll,"><ent r="3" t="16" w="100" /></phr></stem><stem n=".linq.expressions.dl"><phr n=".Linq.Expressions.dll"><ent r="3" t="16" w="127" /></phr></stem><stem n=":nativ"><phr n=":Native"><ent r="100" t="17" w="5" /><ent r="100" t="19" w="6" /></phr></stem><stem n="recommend"><phr n="recommend"><ent r="4" t="17" w="40" /><ent r="4" t="18" w="35" /><ent r="3" t="18" w="86" /><ent r="4" t="19" w="39" /><ent r="4" t="20" w="39" /><ent r="4" t="21" w="37" /><ent r="4" t="22" w="41" /></phr><phr n="recommended"><ent r="3" t="51" w="110" /><ent r="3" t="77" w="91" /><ent r="3" t="79" w="47" /><ent r="3" t="81" w="26" /><ent r="3" t="142" w="86" /><ent r="3" t="142" w="465" /><ent r="3" t="149" w="56" /><ent r="3" t="169" w="94" /><ent r="3" t="176" w="73" /><ent r="3" t="209" w="71" /><ent r="3" t="223" w="41" /><ent r="3" t="224" w="440" /></phr><phr n="recommends"><ent r="3" t="69" w="17" /></phr><phr n="Recommendations"><ent r="2" t="148" w="222" /></phr></stem><stem n="wouldn"><phr n="Wouldn"><ent r="3" t="17" w="50" /><ent r="3" t="17" w="66" /><ent r="3" t="17" w="86" /><ent r="3" t="47" w="24" /><ent r="3" t="51" w="48" /><ent r="3" t="54" w="37" /></phr><phr n="wouldn"><ent r="3" t="252" w="46" /></phr></stem><stem n="wouldn't"><phr n="Wouldn't"><ent r="3" t="17" w="51" /><ent r="3" t="17" w="50" /><ent r="3" t="17" w="67" /><ent r="3" t="17" w="66" /><ent r="3" t="17" w="87" /><ent r="3" t="17" w="86" /><ent r="3" t="47" w="25" /><ent r="3" t="47" w="24" /><ent r="3" t="51" w="49" /><ent r="3" t="51" w="48" /><ent r="3" t="54" w="38" /><ent r="3" t="54" w="37" /></phr><phr n="wouldn't"><ent r="3" t="252" w="47" /><ent r="3" t="252" w="46" /></phr></stem><stem n="nice"><phr n="nice"><ent r="3" t="17" w="54" /><ent r="3" t="17" w="70" /><ent r="3" t="17" w="90" /><ent r="3" t="47" w="28" /><ent r="3" t="51" w="52" /><ent r="3" t="54" w="41" /><ent r="3" t="191" w="145" /></phr><phr n="nicely"><ent r="3" t="142" w="482" /></phr></stem><stem n="?"><phr n="?"><ent r="3" t="17" w="66" /><ent r="3" t="17" w="86" /><ent r="3" t="17" w="107" /><ent r="3" t="37" w="23" /><ent r="3" t="38" w="41" /><ent r="3" t="38" w="502" /><ent r="4" t="39" w="321" /><ent r="4" t="39" w="325" /><ent r="4" t="39" w="339" /><ent r="3" t="40" w="30" /><ent r="3" t="40" w="41" /><ent r="3" t="41" w="22" /><ent r="3" t="41" w="68" /><ent r="3" t="44" w="36" /><ent r="3" t="44" w="65" /><ent r="3" t="44" w="72" /><ent r="3" t="44" w="76" /><ent r="3" t="44" w="83" /><ent r="3" t="44" w="107" /><ent r="3" t="47" w="49" /><ent r="3" t="49" w="1322" /><ent r="3" t="51" w="62" /><ent r="3" t="54" w="55" /><ent r="3" t="56" w="182" /><ent r="3" t="59" w="258" /><ent r="3" t="60" w="15" /><ent r="3" t="60" w="24" /><ent r="3" t="60" w="135" /><ent r="3" t="60" w="145" /><ent r="3" t="73" w="22" /><ent r="3" t="73" w="120" /><ent r="3" t="74" w="29" /><ent r="3" t="104" w="20" /><ent r="1000" t="108" w="4" /><ent r="102" t="108" w="8" /><ent r="3" t="108" w="30" /><ent r="3" t="110" w="21" /><ent r="3" t="110" w="32" /><ent r="3" t="164" w="15" /><ent r="3" t="164" w="25" /><ent r="3" t="231" w="55" /><ent r="3" t="239" w="64" /><ent r="3" t="242" w="22" /><ent r="3" t="243" w="45" /><ent r="3" t="243" w="62" /><ent r="3" t="243" w="231" /><ent r="3" t="261" w="17" /><ent r="3" t="261" w="25" /><ent r="3" t="261" w="30" /><ent r="3" t="282" w="25" /><ent r="3" t="292" w="167" /><ent r="3" t="294" w="17" /><ent r="92" t="294" w="33" /><ent r="92" t="294" w="119" /></phr></stem><stem n="typesaf"><phr n="typesafe"><ent r="3" t="17" w="78" /><ent r="3" t="26" w="43" /></phr></stem><stem n="compile-tim"><phr n="compile-time"><ent r="3" t="17" w="80" /><ent r="3" t="22" w="67" /><ent r="3" t="26" w="45" /></phr><phr n="Compile-time"><ent r="5" t="20" w="471" /></phr></stem><stem n="principl"><phr n="Principle"><ent r="92" t="17" w="119" /></phr></stem><stem n="abil"><phr n="ability"><ent r="3" t="17" w="125" /><ent r="6" t="270" w="367" /></phr></stem><stem n="mark"><phr n="mark"><ent r="3" t="17" w="147" /><ent r="3" t="50" w="96" /><ent r="4" t="50" w="142" /><ent r="4" t="50" w="185" /><ent r="3" t="50" w="203" /><ent r="3" t="57" w="53" /><ent r="3" t="157" w="18" /></phr><phr n="marked"><ent r="3" t="49" w="325" /><ent r="3" t="67" w="55" /><ent r="4" t="98" w="44" /><ent r="3" t="179" w="25" /><ent r="3" t="179" w="463" /><ent r="6" t="300" w="523" /></phr><phr n="Mark"><ent r="4" t="50" w="218" /><ent r="4" t="50" w="243" /><ent r="4" t="57" w="96" /><ent r="4" t="57" w="147" /><ent r="1000" t="157" w="1" /><ent r="102" t="157" w="4" /><ent r="6" t="300" w="94" /></phr><phr n="marking"><ent r="6" t="143" w="255" /></phr><phr n="Marks"><ent r="5" t="299" w="478" /><ent r="6" t="300" w="272" /><ent r="6" t="300" w="366" /><ent r="6" t="300" w="448" /><ent r="6" t="300" w="458" /><ent r="6" t="300" w="507" /></phr></stem><stem n="attempt"><phr n="attempt"><ent r="3" t="17" w="158" /></phr><phr n="attempted"><ent r="3" t="127" w="221" /><ent r="3" t="127" w="269" /></phr></stem><stem n="processor"><phr n="processor"><ent r="64" t="17" w="173" /><ent r="3" t="64" w="14" /><ent r="3" t="90" w="282" /><ent r="4" t="166" w="235" /><ent r="4" t="166" w="400" /><ent r="3" t="167" w="32" /></phr></stem><stem n="db4objects.db4o.nativequeri"><phr n="Db4objects.Db4o.NativeQueries"><ent r="3" t="17" w="205" /><ent r="3" t="17" w="203" /><ent r="5" t="20" w="438" /><ent r="5" t="20" w="436" /><ent r="4" t="270" w="490" /><ent r="4" t="270" w="488" /><ent r="6" t="270" w="532" /><ent r="6" t="270" w="530" /><ent r="3" t="283" w="87" /><ent r="3" t="283" w="85" /><ent r="4" t="304" w="209" /><ent r="4" t="304" w="207" /><ent r="93" t="308" w="294" /><ent r="93" t="308" w="292" /></phr></stem><stem n="nativequeri"><phr n="NativeQueries"><ent r="3" t="17" w="205" /><ent r="5" t="20" w="438" /><ent r="4" t="270" w="490" /><ent r="6" t="270" w="532" /><ent r="3" t="283" w="87" /><ent r="4" t="304" w="209" /><ent r="93" t="308" w="294" /><ent r="4" t="308" w="414" /></phr></stem><stem n="db4objects.db4o.nativequeries.dl"><phr n="Db4objects.Db4o.NativeQueries.dll"><ent r="3" t="17" w="206" /><ent r="3" t="17" w="203" /><ent r="5" t="20" w="439" /><ent r="5" t="20" w="436" /><ent r="4" t="270" w="491" /><ent r="4" t="270" w="488" /><ent r="3" t="283" w="88" /><ent r="3" t="283" w="85" /><ent r="93" t="308" w="295" /><ent r="93" t="308" w="292" /></phr></stem><stem n="db4objects.db4o.nativequeries.dll,"><phr n="Db4objects.Db4o.NativeQueries.dll,"><ent r="3" t="17" w="206" /><ent r="3" t="17" w="203" /><ent r="3" t="283" w="88" /><ent r="3" t="283" w="85" /></phr></stem><stem n=".db4o.nativequeries.dll,"><phr n=".Db4o.NativeQueries.dll,"><ent r="3" t="17" w="207" /><ent r="3" t="283" w="89" /><ent r="4" t="308" w="416" /></phr></stem><stem n="db4object.db4o"><phr n="Db4object.Db4o"><ent r="3" t="17" w="208" /><ent r="3" t="17" w="207" /><ent r="3" t="283" w="90" /><ent r="3" t="283" w="89" /><ent r="4" t="308" w="86" /><ent r="4" t="308" w="85" /><ent r="4" t="308" w="160" /><ent r="4" t="308" w="159" /><ent r="4" t="308" w="188" /><ent r="4" t="308" w="187" /><ent r="4" t="308" w="200" /><ent r="4" t="308" w="199" /><ent r="4" t="308" w="310" /><ent r="4" t="308" w="309" /><ent r="4" t="308" w="313" /><ent r="4" t="308" w="312" /><ent r="4" t="308" w="334" /><ent r="4" t="308" w="333" /><ent r="4" t="308" w="402" /><ent r="4" t="308" w="401" /><ent r="4" t="308" w="405" /><ent r="4" t="308" w="404" /><ent r="4" t="308" w="409" /><ent r="4" t="308" w="408" /><ent r="4" t="308" w="413" /><ent r="4" t="308" w="412" /><ent r="4" t="308" w="417" /><ent r="4" t="308" w="416" /></phr></stem><stem n="db4object.db4o.instrument"><phr n="Db4object.Db4o.Instrumentation"><ent r="3" t="17" w="209" /><ent r="3" t="17" w="207" /><ent r="3" t="283" w="91" /><ent r="3" t="283" w="89" /><ent r="4" t="308" w="314" /><ent r="4" t="308" w="312" /><ent r="4" t="308" w="335" /><ent r="4" t="308" w="333" /><ent r="4" t="308" w="418" /><ent r="4" t="308" w="416" /></phr></stem><stem n="instrument"><phr n="Instrumentation"><ent r="3" t="17" w="209" /><ent r="5" t="20" w="433" /><ent r="4" t="270" w="501" /><ent r="6" t="270" w="540" /><ent r="3" t="283" w="91" /><ent r="4" t="304" w="165" /><ent r="4" t="304" w="197" /><ent r="4" t="308" w="314" /><ent r="4" t="308" w="335" /><ent r="4" t="308" w="418" /><ent r="6" t="309" w="317" /></phr><phr n="Instrumented"><ent r="92" t="55" w="217" /></phr><phr n="instrumented"><ent r="3" t="55" w="221" /><ent r="3" t="55" w="252" /><ent r="3" t="55" w="264" /><ent r="3" t="90" w="302" /><ent r="6" t="92" w="114" /></phr><phr n="instrumentation"><ent r="3" t="90" w="57" /><ent r="3" t="90" w="92" /><ent r="3" t="90" w="128" /><ent r="3" t="90" w="196" /><ent r="3" t="90" w="213" /><ent r="3" t="90" w="234" /><ent r="3" t="90" w="244" /><ent r="4" t="90" w="320" /><ent r="4" t="90" w="331" /><ent r="4" t="90" w="342" /><ent r="4" t="90" w="372" /><ent r="3" t="91" w="26" /><ent r="6" t="92" w="339" /><ent r="6" t="92" w="344" /><ent r="6" t="92" w="380" /><ent r="4" t="270" w="504" /><ent r="4" t="304" w="167" /><ent r="4" t="305" w="144" /><ent r="4" t="305" w="146" /><ent r="4" t="306" w="140" /><ent r="4" t="306" w="142" /><ent r="7" t="313" w="77" /><ent r="6" t="313" w="144" /><ent r="6" t="313" w="159" /><ent r="5" t="313" w="174" /></phr><phr n="Instrument"><ent r="6" t="92" w="221" /><ent r="6" t="92" w="421" /><ent r="6" t="92" w="435" /></phr></stem><stem n="db4object.db4o.instrumentation.dl"><phr n="Db4object.Db4o.Instrumentation.dll"><ent r="3" t="17" w="210" /><ent r="3" t="17" w="207" /><ent r="3" t="283" w="92" /><ent r="3" t="283" w="89" /><ent r="4" t="308" w="315" /><ent r="4" t="308" w="312" /><ent r="4" t="308" w="336" /><ent r="4" t="308" w="333" /><ent r="4" t="308" w="419" /><ent r="4" t="308" w="416" /></phr></stem><stem n="db4object.db4o.instrumentation.dll,"><phr n="Db4object.Db4o.Instrumentation.dll,"><ent r="3" t="17" w="210" /><ent r="3" t="17" w="207" /><ent r="3" t="283" w="92" /><ent r="3" t="283" w="89" /><ent r="4" t="308" w="315" /><ent r="4" t="308" w="312" /><ent r="4" t="308" w="336" /><ent r="4" t="308" w="333" /><ent r="4" t="308" w="419" /><ent r="4" t="308" w="416" /></phr></stem><stem n=".db4o.instrumentation.dll,"><phr n=".Db4o.Instrumentation.dll,"><ent r="3" t="17" w="211" /><ent r="3" t="283" w="93" /><ent r="4" t="308" w="316" /><ent r="4" t="308" w="337" /><ent r="4" t="308" w="420" /></phr></stem><stem n=".flowanalysis.dl"><phr n=".FlowAnalysis.dll"><ent r="3" t="17" w="213" /><ent r="5" t="20" w="447" /><ent r="3" t="266" w="361" /><ent r="3" t="283" w="95" /><ent r="4" t="308" w="128" /><ent r="4" t="308" w="318" /><ent r="4" t="308" w="339" /><ent r="4" t="308" w="422" /></phr></stem><stem n="cecil.flowanalysis.dl"><phr n="Cecil.FlowAnalysis.dll"><ent r="3" t="17" w="213" /><ent r="3" t="17" w="211" /><ent r="5" t="20" w="447" /><ent r="5" t="20" w="445" /><ent r="3" t="266" w="361" /><ent r="3" t="266" w="359" /><ent r="3" t="283" w="95" /><ent r="3" t="283" w="93" /><ent r="4" t="308" w="128" /><ent r="4" t="308" w="126" /><ent r="4" t="308" w="318" /><ent r="4" t="308" w="316" /><ent r="4" t="308" w="339" /><ent r="4" t="308" w="337" /><ent r="4" t="308" w="422" /><ent r="4" t="308" w="420" /></phr></stem><stem n="mono.cecil.dl"><phr n="Mono.Cecil.dll"><ent r="3" t="17" w="217" /><ent r="3" t="17" w="215" /><ent r="5" t="20" w="443" /><ent r="5" t="20" w="441" /><ent r="3" t="266" w="356" /><ent r="3" t="266" w="354" /><ent r="3" t="283" w="99" /><ent r="3" t="283" w="97" /><ent r="4" t="308" w="132" /><ent r="4" t="308" w="130" /><ent r="4" t="308" w="322" /><ent r="4" t="308" w="320" /><ent r="4" t="308" w="343" /><ent r="4" t="308" w="341" /><ent r="4" t="308" w="426" /><ent r="4" t="308" w="424" /></phr></stem><stem n="mono.cecil.dll."><phr n="Mono.Cecil.dll."><ent r="3" t="17" w="217" /><ent r="3" t="17" w="215" /><ent r="3" t="283" w="99" /><ent r="3" t="283" w="97" /><ent r="4" t="308" w="322" /><ent r="4" t="308" w="320" /></phr></stem><stem n=".cecil.dll."><phr n=".Cecil.dll."><ent r="3" t="17" w="218" /><ent r="3" t="283" w="100" /><ent r="4" t="308" w="323" /></phr></stem></index>