﻿<?xml version="1.0" encoding="utf-8"?><index><stem n="ny"><phr n="NY"><ent r="5" t="27" w="904" /><ent r="5" t="27" w="1015" /></phr></stem><stem n="&quot;ny&quot;"><phr n="&quot;NY&quot;"><ent r="5" t="27" w="905" /><ent r="5" t="27" w="1016" /></phr></stem><stem n=").endswith("><phr n=").EndsWith("><ent r="4" t="27" w="907" /><ent r="4" t="27" w="1018" /></phr></stem><stem n=").contains()."><phr n=").Contains()."><ent r="4" t="27" w="990" /></phr></stem><stem n="())."><phr n="())."><ent r="4" t="27" w="1005" /></phr></stem><stem n="identii"><phr n="Identiy"><ent r="3" t="27" w="1115" /></phr></stem><stem n=".identiy()"><phr n=".Identiy()"><ent r="3" t="27" w="1116" /></phr></stem><stem n="container.query&lt;pilot&gt;"><phr n="container.Query&lt;Pilot&gt;"><ent r="4" t="27" w="1121" /><ent r="4" t="27" w="1120" /><ent r="4" t="34" w="324" /><ent r="4" t="34" w="323" /><ent r="4" t="38" w="132" /><ent r="4" t="38" w="131" /><ent r="4" t="54" w="213" /><ent r="4" t="54" w="212" /><ent r="4" t="253" w="120" /><ent r="4" t="253" w="119" /><ent r="4" t="253" w="374" /><ent r="4" t="253" w="373" /></phr></stem><stem n="query&lt;pilot&gt;"><phr n="Query&lt;Pilot&gt;"><ent r="4" t="27" w="1121" /><ent r="4" t="34" w="324" /><ent r="4" t="38" w="132" /><ent r="4" t="54" w="213" /><ent r="4" t="253" w="120" /><ent r="4" t="253" w="374" /><ent r="4" t="260" w="188" /></phr></stem><stem n=".query&lt;pilot&gt;()[0];"><phr n=".Query&lt;Pilot&gt;()[0];"><ent r="4" t="27" w="1123" /><ent r="4" t="34" w="326" /><ent r="4" t="38" w="134" /><ent r="4" t="54" w="215" /></phr></stem><stem n="(car));"><phr n="(Car));"><ent r="4" t="27" w="1133" /><ent r="4" t="27" w="1294" /><ent r="4" t="28" w="546" /><ent r="4" t="28" w="729" /><ent r="4" t="29" w="457" /></phr></stem><stem n="&quot;pilot&quot;"><phr n="&quot;pilot&quot;"><ent r="5" t="27" w="1149" /><ent r="5" t="27" w="1214" /><ent r="5" t="27" w="1298" /><ent r="5" t="27" w="1344" /><ent r="5" t="28" w="569" /><ent r="5" t="28" w="630" /><ent r="5" t="28" w="764" /><ent r="5" t="28" w="839" /><ent r="5" t="29" w="461" /><ent r="5" t="29" w="503" /><ent r="5" t="57" w="79" /><ent r="5" t="57" w="127" /></phr></stem><stem n=").constrain(pilot);"><phr n=").Constrain(pilot);"><ent r="4" t="27" w="1152" /></phr></stem><stem n="carsofpilot"><phr n="carsOfPilot"><ent r="4" t="27" w="1153" /><ent r="4" t="27" w="1220" /><ent r="4" t="28" w="768" /><ent r="4" t="28" w="845" /></phr></stem><stem n=")()(0)"><phr n=")()(0)"><ent r="4" t="27" w="1182" /><ent r="4" t="34" w="389" /><ent r="4" t="38" w="167" /><ent r="4" t="38" w="180" /><ent r="4" t="38" w="317" /><ent r="4" t="38" w="330" /><ent r="4" t="40" w="374" /><ent r="4" t="54" w="266" /><ent r="4" t="66" w="683" /><ent r="4" t="66" w="696" /><ent r="4" t="114" w="935" /></phr></stem><stem n="(car))"><phr n="(Car))"><ent r="4" t="27" w="1198" /><ent r="4" t="27" w="1340" /><ent r="4" t="28" w="602" /><ent r="4" t="28" w="801" /><ent r="4" t="29" w="499" /></phr></stem><stem n=").constrain(pilot)"><phr n=").Constrain(pilot)"><ent r="4" t="27" w="1217" /></phr></stem><stem n="deeper"><phr n="Deeper"><ent r="92" t="27" w="1242" /></phr><phr n="deeper"><ent r="3" t="27" w="1249" /><ent r="3" t="27" w="1269" /><ent r="3" t="209" w="140" /><ent r="4" t="274" w="320" /><ent r="3" t="274" w="405" /><ent r="4" t="274" w="454" /></phr></stem><stem n="expens"><phr n="expensive"><ent r="3" t="27" w="1277" /><ent r="3" t="150" w="70" /></phr></stem><stem n=").descend("><phr n=").Descend("><ent r="4" t="27" w="1300" /><ent r="4" t="27" w="1346" /><ent r="4" t="28" w="264" /><ent r="4" t="28" w="310" /><ent r="4" t="31" w="380" /><ent r="4" t="31" w="435" /><ent r="4" t="31" w="1017" /><ent r="4" t="31" w="1078" /><ent r="4" t="31" w="1416" /></phr></stem><stem n="demonstr"><phr n="demonstrate"><ent r="3" t="28" w="17" /><ent r="3" t="35" w="87" /><ent r="3" t="76" w="567" /></phr><phr n="demonstrates"><ent r="3" t="248" w="11" /><ent r="3" t="249" w="11" /><ent r="3" t="250" w="10" /><ent r="3" t="251" w="11" /><ent r="3" t="257" w="13" /></phr></stem><stem n=":collect"><phr n=":Collections"><ent r="100" t="28" w="38" /><ent r="100" t="51" w="5" /><ent r="100" t="51" w="9" /></phr></stem><stem n="collection-field"><phr n="collection-field"><ent r="3" t="28" w="72" /></phr></stem><stem n="(blogpost));"><phr n="(BlogPost));"><ent r="4" t="28" w="113" /><ent r="4" t="28" w="258" /><ent r="4" t="28" w="419" /></phr></stem><stem n="&quot;tags&quot;"><phr n="&quot;tags&quot;"><ent r="5" t="28" w="117" /><ent r="5" t="28" w="158" /></phr></stem><stem n="(blogpost))"><phr n="(BlogPost))"><ent r="4" t="28" w="154" /><ent r="4" t="28" w="304" /><ent r="4" t="28" w="462" /></phr></stem><stem n="simpli"><phr n="simply"><ent r="3" t="28" w="201" /><ent r="3" t="42" w="44" /><ent r="3" t="56" w="21" /><ent r="3" t="95" w="65" /><ent r="5" t="113" w="20" /><ent r="4" t="133" w="248" /><ent r="3" t="148" w="208" /><ent r="3" t="233" w="101" /><ent r="3" t="236" w="270" /><ent r="3" t="240" w="104" /><ent r="3" t="252" w="39" /><ent r="3" t="264" w="12" /><ent r="3" t="264" w="28" /></phr></stem><stem n="-member"><phr n="-member"><ent r="3" t="28" w="206" /><ent r="3" t="28" w="206" /></phr><phr n="-members"><ent r="3" t="58" w="26" /><ent r="3" t="58" w="26" /><ent r="4" t="58" w="115" /><ent r="4" t="58" w="115" /><ent r="4" t="58" w="185" /><ent r="4" t="58" w="185" /><ent r="3" t="240" w="1009" /><ent r="3" t="240" w="1009" /><ent r="3" t="291" w="119" /><ent r="3" t="291" w="119" /></phr></stem><stem n="collection-memb"><phr n="collection-member"><ent r="3" t="28" w="206" /><ent r="3" t="58" w="206" /></phr><phr n="collection-members"><ent r="3" t="58" w="26" /><ent r="4" t="58" w="115" /><ent r="4" t="58" w="185" /><ent r="3" t="291" w="59" /></phr></stem><stem n="&quot;authors&quot;"><phr n="&quot;authors&quot;"><ent r="5" t="28" w="262" /><ent r="5" t="28" w="308" /></phr></stem><stem n="similar"><phr n="Similar"><ent r="3" t="28" w="360" /></phr><phr n="similar"><ent r="3" t="48" w="159" /><ent r="3" t="77" w="20" /><ent r="3" t="289" w="76" /><ent r="6" t="299" w="232" /></phr></stem><stem n="metadata"><phr n="metaData"><ent r="5" t="28" w="422" /><ent r="5" t="28" w="465" /></phr><phr n="metadata"><ent r="5" t="121" w="281" /><ent r="5" t="121" w="439" /><ent r="3" t="129" w="44" /><ent r="3" t="168" w="31" /><ent r="3" t="305" w="113" /></phr></stem><stem n="&quot;metadata&quot;"><phr n="&quot;metaData&quot;"><ent r="5" t="28" w="423" /><ent r="5" t="28" w="466" /></phr></stem><stem n="&quot;source&quot;"><phr n="&quot;source&quot;"><ent r="5" t="28" w="427" /><ent r="5" t="28" w="470" /></phr></stem><stem n="merced"><phr n="Mercedes"><ent r="5" t="28" w="553" /><ent r="5" t="28" w="609" /><ent r="5" t="45" w="103" /><ent r="5" t="45" w="217" /><ent r="5" t="45" w="381" /><ent r="5" t="45" w="443" /><ent r="5" t="45" w="522" /><ent r="5" t="45" w="572" /></phr></stem><stem n="&quot;mercedes&quot;"><phr n="&quot;Mercedes&quot;"><ent r="5" t="28" w="554" /><ent r="5" t="28" w="610" /></phr></stem><stem n=").execute();"><phr n=").Execute();"><ent r="4" t="28" w="571" /></phr></stem><stem n=").execute()"><phr n=").Execute()"><ent r="4" t="28" w="632" /></phr></stem><stem n="explicit"><phr n="explicit"><ent r="3" t="28" w="714" /><ent r="4" t="42" w="596" /><ent r="4" t="42" w="643" /><ent r="3" t="172" w="56" /><ent r="3" t="228" w="77" /></phr><phr n="Explicit"><ent r="92" t="42" w="542" /><ent r="6" t="228" w="102" /></phr></stem><stem n="examplepilot"><phr n="examplePilot"><ent r="4" t="28" w="751" /><ent r="4" t="28" w="766" /><ent r="4" t="28" w="824" /><ent r="4" t="28" w="841" /></phr></stem><stem n=").constrain(examplepilot);"><phr n=").Constrain(examplePilot);"><ent r="4" t="28" w="767" /></phr></stem><stem n=").constrain(examplepilot)"><phr n=").Constrain(examplePilot)"><ent r="4" t="28" w="842" /></phr></stem><stem n="desir"><phr n="desired"><ent r="3" t="28" w="897" /><ent r="3" t="142" w="44" /></phr><phr n="desirable"><ent r="3" t="105" w="170" /></phr></stem><stem n="-constraint"><phr n="-constraint"><ent r="3" t="28" w="909" /><ent r="3" t="28" w="909" /></phr></stem><stem n="field-constraint"><phr n="field-constraint"><ent r="3" t="28" w="909" /></phr></stem><stem n="type-constrain"><phr n="type-constrain"><ent r="64" t="28" w="914" /></phr></stem><stem n=").not();"><phr n=").Not();"><ent r="4" t="28" w="976" /><ent r="4" t="28" w="1128" /></phr></stem><stem n="complain"><phr n="complain"><ent r="3" t="28" w="1063" /></phr></stem><stem n="satisfi"><phr n="satisfy"><ent r="3" t="28" w="1081" /></phr></stem><stem n="throw"><phr n="throw"><ent r="5" t="28" w="1102" /><ent r="5" t="28" w="1170" /><ent r="5" t="42" w="408" /><ent r="5" t="42" w="497" /><ent r="5" t="49" w="512" /><ent r="5" t="50" w="512" /><ent r="3" t="64" w="81" /><ent r="5" t="74" w="688" /><ent r="5" t="75" w="469" /><ent r="5" t="75" w="583" /><ent r="3" t="78" w="114" /><ent r="3" t="78" w="274" /><ent r="5" t="99" w="698" /><ent r="3" t="100" w="383" /><ent r="3" t="104" w="173" /><ent r="5" t="128" w="63" /><ent r="5" t="128" w="177" /><ent r="5" t="128" w="311" /><ent r="3" t="155" w="21" /><ent r="5" t="241" w="179" /><ent r="3" t="243" w="146" /><ent r="5" t="274" w="131" /><ent r="5" t="274" w="220" /></phr><phr n="Throw"><ent r="5" t="49" w="622" /><ent r="5" t="50" w="565" /><ent r="5" t="74" w="748" /><ent r="5" t="75" w="530" /><ent r="5" t="75" w="644" /><ent r="5" t="99" w="820" /><ent r="5" t="241" w="396" /></phr><phr n="throws"><ent r="4" t="67" w="286" /><ent r="4" t="67" w="338" /><ent r="3" t="126" w="61" /><ent r="5" t="263" w="268" /><ent r="5" t="263" w="340" /><ent r="4" t="263" w="573" /><ent r="4" t="263" w="636" /></phr><phr n="throwing"><ent r="4" t="102" w="105" /><ent r="3" t="104" w="128" /><ent r="3" t="152" w="85" /><ent r="3" t="155" w="45" /><ent r="3" t="184" w="62" /></phr></stem><stem n="exclud"><phr n="exclude"><ent r="5" t="28" w="1108" /><ent r="5" t="28" w="1176" /><ent r="4" t="268" w="456" /></phr><phr n="excludes"><ent r="4" t="28" w="1139" /><ent r="4" t="28" w="1215" /></phr></stem><stem n="notexist"><phr n="notExisting"><ent r="5" t="28" w="1121" /><ent r="5" t="28" w="1189" /></phr></stem><stem n="&quot;notexisting&quot;"><phr n="&quot;notExisting&quot;"><ent r="5" t="28" w="1122" /><ent r="5" t="28" w="1190" /></phr></stem><stem n="sometim"><phr n="Sometimes"><ent r="3" t="29" w="7" /><ent r="3" t="114" w="10" /></phr><phr n="Sometime"><ent r="3" t="63" w="11" /></phr></stem><stem n="enough"><phr n="enough"><ent r="3" t="29" w="16" /><ent r="3" t="30" w="46" /><ent r="3" t="31" w="1461" /><ent r="3" t="60" w="92" /><ent r="3" t="61" w="133" /><ent r="3" t="177" w="19" /><ent r="3" t="177" w="30" /><ent r="3" t="188" w="398" /><ent r="3" t="188" w="412" /><ent r="3" t="240" w="647" /><ent r="3" t="246" w="189" /><ent r="3" t="257" w="177" /><ent r="3" t="266" w="550" /></phr></stem><stem n="piec"><phr n="piece"><ent r="3" t="29" w="32" /></phr></stem><stem n="ievalu"><phr n="IEvaluation"><ent r="4" t="29" w="53" /><ent r="4" t="29" w="75" /><ent r="4" t="29" w="196" /><ent r="4" t="29" w="240" /><ent r="4" t="29" w="258" /><ent r="4" t="29" w="574" /><ent r="4" t="29" w="637" /><ent r="4" t="29" w="694" /><ent r="4" t="31" w="1620" /><ent r="4" t="31" w="1681" /><ent r="4" t="31" w="1696" /></phr></stem><stem n="-interfac"><phr n="-interface"><ent r="3" t="29" w="55" /><ent r="3" t="29" w="55" /><ent r="3" t="49" w="292" /><ent r="3" t="49" w="292" /><ent r="3" t="49" w="417" /><ent r="3" t="49" w="417" /><ent r="3" t="49" w="958" /><ent r="3" t="49" w="958" /><ent r="3" t="49" w="1309" /><ent r="3" t="49" w="1309" /><ent r="4" t="49" w="1335" /><ent r="4" t="49" w="1335" /><ent r="4" t="49" w="1355" /><ent r="4" t="49" w="1355" /><ent r="3" t="49" w="1389" /><ent r="3" t="49" w="1389" /><ent r="4" t="53" w="101" /><ent r="4" t="53" w="101" /><ent r="3" t="114" w="78" /><ent r="3" t="114" w="78" /><ent r="3" t="115" w="118" /><ent r="3" t="115" w="118" /><ent r="3" t="147" w="65" /><ent r="3" t="147" w="65" /></phr><phr n="-interfaces"><ent r="3" t="51" w="114" /><ent r="3" t="51" w="114" /><ent r="4" t="52" w="44" /><ent r="4" t="52" w="44" /></phr></stem><stem n="match-method"><phr n="match-method"><ent r="3" t="29" w="63" /><ent r="3" t="29" w="70" /><ent r="3" t="29" w="80" /></phr></stem><stem n="-interface."><phr n="-interface."><ent r="3" t="29" w="78" /><ent r="3" t="29" w="78" /><ent r="3" t="49" w="283" /><ent r="3" t="49" w="283" /><ent r="3" t="51" w="31" /><ent r="3" t="51" w="31" /><ent r="4" t="147" w="131" /><ent r="4" t="147" w="131" /><ent r="3" t="257" w="58" /><ent r="3" t="257" w="58" /></phr></stem><stem n="-object"><phr n="-object"><ent r="3" t="29" w="86" /><ent r="3" t="29" w="86" /><ent r="5" t="45" w="127" /><ent r="5" t="45" w="127" /><ent r="5" t="45" w="240" /><ent r="5" t="45" w="240" /><ent r="5" t="46" w="91" /><ent r="5" t="46" w="91" /><ent r="5" t="46" w="222" /><ent r="5" t="46" w="222" /><ent r="5" t="109" w="337" /><ent r="5" t="109" w="337" /><ent r="5" t="109" w="363" /><ent r="5" t="109" w="363" /><ent r="5" t="109" w="447" /><ent r="5" t="109" w="447" /><ent r="5" t="275" w="199" /><ent r="5" t="275" w="199" /><ent r="5" t="275" w="330" /><ent r="5" t="275" w="330" /></phr><phr n="-objects"><ent r="3" t="32" w="178" /><ent r="3" t="32" w="178" /><ent r="3" t="41" w="70" /><ent r="3" t="41" w="70" /><ent r="3" t="73" w="75" /><ent r="3" t="73" w="75" /><ent r="5" t="254" w="91" /><ent r="5" t="254" w="91" /><ent r="5" t="254" w="140" /><ent r="5" t="254" w="140" /><ent r="5" t="254" w="217" /><ent r="5" t="254" w="217" /><ent r="5" t="254" w="281" /><ent r="5" t="254" w="281" /></phr></stem><stem n="candidate-object"><phr n="candidate-object"><ent r="3" t="29" w="86" /></phr><phr n="candidate-objects"><ent r="3" t="32" w="120" /><ent r="3" t="32" w="178" /></phr></stem><stem n="include-method"><phr n="include-method"><ent r="3" t="29" w="103" /></phr></stem><stem n="pick"><phr n="picks"><ent r="3" t="29" w="174" /></phr><phr n="picked"><ent r="3" t="292" w="216" /></phr></stem><stem n="-number"><phr n="-number"><ent r="3" t="29" w="179" /><ent r="3" t="29" w="179" /></phr></stem><stem n="odd"><phr n="odd"><ent r="3" t="29" w="179" /><ent r="4" t="29" w="224" /><ent r="4" t="29" w="300" /></phr></stem><stem n="odd-numb"><phr n="odd-number"><ent r="3" t="29" w="179" /></phr></stem><stem n="onlyoddag"><phr n="OnlyOddAge"><ent r="4" t="29" w="195" /><ent r="4" t="29" w="236" /><ent r="4" t="29" w="345" /><ent r="4" t="29" w="382" /><ent r="4" t="29" w="466" /><ent r="4" t="29" w="508" /></phr></stem><stem n="(icandid"><phr n="(ICandidate"><ent r="4" t="29" w="203" /><ent r="4" t="29" w="603" /><ent r="4" t="31" w="1627" /></phr></stem><stem n="icandid"><phr n="ICandidate"><ent r="4" t="29" w="203" /><ent r="4" t="29" w="254" /><ent r="4" t="29" w="603" /><ent r="4" t="29" w="690" /><ent r="4" t="31" w="1627" /><ent r="4" t="31" w="1692" /></phr></stem><stem n="candidate.getobject"><phr n="candidate.GetObject"><ent r="4" t="29" w="209" /><ent r="4" t="29" w="208" /><ent r="4" t="29" w="272" /><ent r="4" t="29" w="271" /><ent r="4" t="29" w="613" /><ent r="4" t="29" w="612" /><ent r="4" t="29" w="709" /><ent r="4" t="29" w="708" /><ent r="4" t="31" w="1633" /><ent r="4" t="31" w="1632" /><ent r="4" t="31" w="1647" /><ent r="4" t="31" w="1646" /><ent r="4" t="31" w="1704" /><ent r="4" t="31" w="1703" /><ent r="4" t="31" w="1719" /><ent r="4" t="31" w="1718" /></phr></stem><stem n="getobject"><phr n="GetObject"><ent r="4" t="29" w="209" /><ent r="4" t="29" w="272" /><ent r="4" t="29" w="613" /><ent r="4" t="29" w="709" /><ent r="4" t="31" w="1633" /><ent r="4" t="31" w="1647" /><ent r="4" t="31" w="1704" /><ent r="4" t="31" w="1719" /><ent r="4" t="96" w="719" /><ent r="4" t="96" w="737" /><ent r="4" t="96" w="772" /><ent r="4" t="96" w="861" /><ent r="4" t="96" w="885" /><ent r="4" t="96" w="926" /><ent r="4" t="101" w="141" /><ent r="4" t="101" w="252" /></phr></stem><stem n="(pilot)candidate.getobject();"><phr n="(Pilot)candidate.GetObject();"><ent r="4" t="29" w="210" /></phr></stem><stem n="candidate.includ"><phr n="candidate.Include"><ent r="4" t="29" w="211" /><ent r="4" t="29" w="210" /><ent r="4" t="29" w="275" /><ent r="4" t="29" w="274" /><ent r="4" t="29" w="615" /><ent r="4" t="29" w="614" /><ent r="4" t="29" w="714" /><ent r="4" t="29" w="713" /><ent r="4" t="31" w="1657" /><ent r="4" t="31" w="1656" /><ent r="4" t="31" w="1737" /><ent r="4" t="31" w="1736" /></phr></stem><stem n=".include(pilot.ag"><phr n=".Include(pilot.Age"><ent r="4" t="29" w="213" /><ent r="4" t="29" w="277" /></phr></stem><stem n="sodaevaluationexampl"><phr n="SodaEvaluationExamples"><ent r="4" t="29" w="217" /><ent r="4" t="29" w="293" /><ent r="4" t="29" w="351" /><ent r="4" t="29" w="394" /><ent r="4" t="29" w="472" /><ent r="4" t="29" w="520" /><ent r="4" t="29" w="620" /><ent r="4" t="29" w="727" /><ent r="4" t="29" w="778" /><ent r="4" t="29" w="832" /></phr></stem><stem n="sodaevaluationexamples.c"><phr n="SodaEvaluationExamples.cs"><ent r="4" t="29" w="218" /><ent r="4" t="29" w="217" /><ent r="4" t="29" w="352" /><ent r="4" t="29" w="351" /><ent r="4" t="29" w="473" /><ent r="4" t="29" w="472" /><ent r="4" t="29" w="621" /><ent r="4" t="29" w="620" /><ent r="4" t="29" w="779" /><ent r="4" t="29" w="778" /></phr></stem><stem n=".evalu"><phr n=".Evaluate"><ent r="4" t="29" w="259" /><ent r="4" t="29" w="695" /><ent r="4" t="31" w="1697" /></phr></stem><stem n="ievaluation.evalu"><phr n="IEvaluation.Evaluate"><ent r="4" t="29" w="259" /><ent r="4" t="29" w="258" /><ent r="4" t="29" w="695" /><ent r="4" t="29" w="694" /><ent r="4" t="31" w="1697" /><ent r="4" t="31" w="1696" /></phr></stem><stem n="directcast"><phr n="DirectCast"><ent r="5" t="29" w="269" /><ent r="5" t="29" w="706" /><ent r="5" t="30" w="514" /><ent r="5" t="30" w="527" /><ent r="5" t="31" w="1716" /><ent r="5" t="60" w="302" /><ent r="5" t="70" w="800" /><ent r="5" t="96" w="464" /><ent r="5" t="112" w="1048" /><ent r="5" t="114" w="478" /><ent r="5" t="114" w="546" /><ent r="5" t="114" w="553" /><ent r="5" t="117" w="192" /><ent r="5" t="130" w="599" /><ent r="5" t="244" w="186" /><ent r="5" t="250" w="269" /><ent r="5" t="251" w="457" /><ent r="5" t="263" w="615" /><ent r="5" t="272" w="489" /><ent r="5" t="281" w="457" /></phr></stem><stem n="(candidate.getobject(),"><phr n="(candidate.GetObject(),"><ent r="4" t="29" w="273" /><ent r="4" t="29" w="710" /><ent r="4" t="31" w="1720" /></phr></stem><stem n="mod"><phr n="Mod"><ent r="5" t="29" w="279" /></phr></stem><stem n="sodaevaluationexamples.vb"><phr n="SodaEvaluationExamples.vb"><ent r="4" t="29" w="294" /><ent r="4" t="29" w="293" /><ent r="4" t="29" w="395" /><ent r="4" t="29" w="394" /><ent r="4" t="29" w="521" /><ent r="4" t="29" w="520" /><ent r="4" t="29" w="728" /><ent r="4" t="29" w="727" /><ent r="4" t="29" w="833" /><ent r="4" t="29" w="832" /></phr></stem><stem n=":regex"><phr n=":Regex"><ent r="100" t="29" w="533" /></phr></stem><stem n="regex"><phr n="Regex"><ent r="100" t="29" w="533" /><ent r="100" t="29" w="535" /><ent r="92" t="29" w="540" /><ent r="4" t="29" w="580" /><ent r="4" t="29" w="595" /><ent r="4" t="29" w="622" /><ent r="4" t="29" w="647" /><ent r="4" t="29" w="671" /><ent r="4" t="29" w="729" /><ent r="4" t="29" w="780" /><ent r="4" t="29" w="834" /></phr></stem><stem n="regexconstrain"><phr n="RegexConstrain"><ent r="4" t="29" w="573" /><ent r="4" t="29" w="585" /><ent r="4" t="29" w="633" /><ent r="4" t="29" w="768" /><ent r="4" t="29" w="816" /></phr></stem><stem n="readonli"><phr n="readonly"><ent r="5" t="29" w="578" /><ent r="5" t="52" w="122" /><ent r="4" t="86" w="56" /><ent r="4" t="86" w="93" /><ent r="5" t="99" w="260" /><ent r="5" t="112" w="289" /><ent r="5" t="112" w="305" /><ent r="5" t="112" w="321" /><ent r="5" t="112" w="337" /><ent r="5" t="112" w="353" /><ent r="5" t="112" w="367" /><ent r="5" t="112" w="375" /><ent r="5" t="112" w="383" /><ent r="5" t="130" w="92" /><ent r="5" t="141" w="137" /><ent r="5" t="141" w="144" /><ent r="64" t="182" w="28" /><ent r="5" t="190" w="401" /><ent r="5" t="236" w="125" /><ent r="5" t="240" w="161" /><ent r="5" t="240" w="822" /><ent r="5" t="240" w="1017" /><ent r="5" t="240" w="1197" /><ent r="5" t="250" w="67" /><ent r="5" t="259" w="219" /></phr><phr n="ReadOnly"><ent r="5" t="29" w="641" /><ent r="5" t="42" w="244" /><ent r="5" t="42" w="271" /><ent r="5" t="52" w="186" /><ent r="5" t="52" w="230" /><ent r="4" t="86" w="45" /><ent r="5" t="86" w="81" /><ent r="5" t="99" w="331" /><ent r="5" t="112" w="642" /><ent r="5" t="112" w="659" /><ent r="5" t="112" w="676" /><ent r="5" t="112" w="693" /><ent r="5" t="112" w="710" /><ent r="5" t="112" w="725" /><ent r="5" t="112" w="736" /><ent r="5" t="112" w="747" /><ent r="5" t="112" w="814" /><ent r="5" t="112" w="841" /><ent r="5" t="112" w="868" /><ent r="5" t="130" w="279" /><ent r="5" t="141" w="220" /><ent r="5" t="141" w="232" /><ent r="68" t="173" w="233" /><ent r="4" t="183" w="51" /><ent r="5" t="183" w="81" /><ent r="5" t="190" w="485" /><ent r="4" t="193" w="118" /><ent r="4" t="193" w="364" /><ent r="5" t="236" w="176" /><ent r="5" t="240" w="214" /><ent r="5" t="240" w="455" /><ent r="5" t="240" w="869" /><ent r="5" t="240" w="1085" /><ent r="5" t="240" w="1277" /><ent r="5" t="240" w="1370" /><ent r="5" t="250" w="100" /><ent r="5" t="250" w="112" /><ent r="5" t="259" w="307" /></phr></stem><stem n="pattern"><phr n="pattern"><ent r="4" t="29" w="581" /><ent r="4" t="29" w="587" /><ent r="4" t="29" w="591" /><ent r="4" t="29" w="596" /><ent r="4" t="29" w="616" /><ent r="4" t="29" w="643" /><ent r="4" t="29" w="658" /><ent r="4" t="29" w="667" /><ent r="4" t="29" w="672" /><ent r="4" t="29" w="715" /><ent r="3" t="74" w="61" /><ent r="3" t="74" w="124" /><ent r="3" t="209" w="100" /><ent r="3" t="223" w="68" /><ent r="5" t="300" w="635" /></phr><phr n="patterns"><ent r="3" t="132" w="38" /><ent r="3" t="283" w="186" /></phr></stem><stem n="(string"><phr n="(String"><ent r="4" t="29" w="586" /></phr></stem><stem n=".pattern"><phr n=".pattern"><ent r="4" t="29" w="591" /><ent r="4" t="29" w="667" /></phr></stem><stem n="(pattern);"><phr n="(pattern);"><ent r="4" t="29" w="597" /></phr></stem><stem n="stringvalu"><phr n="stringValue"><ent r="4" t="29" w="608" /><ent r="4" t="29" w="618" /><ent r="4" t="29" w="699" /><ent r="4" t="29" w="717" /></phr></stem><stem n=")candidate.getobject();"><phr n=")candidate.GetObject();"><ent r="4" t="29" w="614" /></phr></stem><stem n="pattern.ismatch"><phr n="pattern.IsMatch"><ent r="4" t="29" w="617" /><ent r="4" t="29" w="616" /><ent r="4" t="29" w="716" /><ent r="4" t="29" w="715" /></phr></stem><stem n="ismatch"><phr n="IsMatch"><ent r="4" t="29" w="617" /><ent r="4" t="29" w="716" /></phr></stem><stem n=".include(pattern.ismatch(stringvalue));"><phr n=".Include(pattern.IsMatch(stringValue));"><ent r="4" t="29" w="619" /></phr></stem><stem n="(pattern)"><phr n="(pattern)"><ent r="4" t="29" w="673" /></phr></stem><stem n=".include(pattern.ismatch(stringvalue))"><phr n=".Include(pattern.IsMatch(stringValue))"><ent r="4" t="29" w="718" /></phr></stem><stem n="j"><phr n="J"><ent r="5" t="29" w="770" /><ent r="5" t="29" w="818" /></phr></stem><stem n="nn"><phr n="nn"><ent r="5" t="29" w="771" /><ent r="5" t="29" w="819" /></phr></stem><stem n="&quot;j.*nn.*&quot;"><phr n="&quot;J.*nn.*&quot;"><ent r="5" t="29" w="772" /><ent r="5" t="29" w="820" /></phr></stem><stem n="-evalu"><phr n="-evaluation"><ent r="4" t="29" w="780" /><ent r="4" t="29" w="780" /><ent r="4" t="29" w="834" /><ent r="4" t="29" w="834" /></phr></stem><stem n="regex-evalu"><phr n="Regex-evaluation"><ent r="4" t="29" w="780" /><ent r="4" t="29" w="834" /></phr></stem><stem n="ascend"><phr n="ascending"><ent r="3" t="30" w="34" /><ent r="3" t="30" w="71" /></phr></stem><stem n="sortabl"><phr n="sortable"><ent r="3" t="30" w="85" /></phr></stem><stem n="orderascend"><phr n="OrderAscending"><ent r="4" t="30" w="108" /><ent r="4" t="30" w="147" /><ent r="4" t="30" w="219" /><ent r="4" t="30" w="225" /><ent r="4" t="30" w="264" /><ent r="4" t="30" w="270" /><ent r="4" t="31" w="1490" /><ent r="4" t="31" w="1523" /></phr></stem><stem n=").orderascending();"><phr n=").OrderAscending();"><ent r="4" t="30" w="109" /><ent r="4" t="30" w="220" /><ent r="4" t="30" w="226" /><ent r="4" t="31" w="1491" /></phr></stem><stem n="sodasort"><phr n="SodaSorting"><ent r="4" t="30" w="114" /><ent r="4" t="30" w="159" /><ent r="4" t="30" w="231" /><ent r="4" t="30" w="282" /><ent r="4" t="30" w="348" /><ent r="4" t="30" w="393" /><ent r="4" t="30" w="449" /><ent r="4" t="30" w="556" /></phr></stem><stem n="sodasorting.c"><phr n="SodaSorting.cs"><ent r="4" t="30" w="115" /><ent r="4" t="30" w="114" /><ent r="4" t="30" w="232" /><ent r="4" t="30" w="231" /><ent r="4" t="30" w="349" /><ent r="4" t="30" w="348" /><ent r="4" t="30" w="450" /><ent r="4" t="30" w="449" /></phr></stem><stem n=").orderascending()"><phr n=").OrderAscending()"><ent r="4" t="30" w="148" /><ent r="4" t="30" w="265" /><ent r="4" t="30" w="271" /><ent r="4" t="31" w="1524" /></phr></stem><stem n="sodasorting.vb"><phr n="SodaSorting.vb"><ent r="4" t="30" w="160" /><ent r="4" t="30" w="159" /><ent r="4" t="30" w="283" /><ent r="4" t="30" w="282" /><ent r="4" t="30" w="394" /><ent r="4" t="30" w="393" /><ent r="4" t="30" w="557" /><ent r="4" t="30" w="556" /></phr></stem><stem n="statement"><phr n="statement"><ent r="3" t="30" w="193" /><ent r="3" t="261" w="72" /></phr></stem><stem n="highest"><phr n="highest"><ent r="3" t="30" w="196" /></phr></stem><stem n="prioriti"><phr n="priority"><ent r="3" t="30" w="197" /><ent r="3" t="68" w="172" /></phr></stem><stem n="lowest"><phr n="lowest"><ent r="3" t="30" w="202" /><ent r="3" t="43" w="105" /><ent r="3" t="116" w="11" /></phr></stem><stem n="own"><phr n="Own"><ent r="92" t="30" w="298" /></phr><phr n="own"><ent r="3" t="30" w="314" /><ent r="3" t="33" w="208" /><ent r="3" t="34" w="26" /><ent r="3" t="66" w="98" /><ent r="3" t="66" w="315" /><ent r="3" t="66" w="319" /><ent r="3" t="66" w="571" /><ent r="3" t="83" w="52" /><ent r="3" t="88" w="44" /><ent r="4" t="96" w="1011" /><ent r="4" t="96" w="1019" /><ent r="4" t="105" w="110" /><ent r="3" t="106" w="29" /><ent r="4" t="106" w="37" /><ent r="3" t="116" w="59" /><ent r="5" t="116" w="108" /><ent r="3" t="129" w="235" /><ent r="64" t="129" w="242" /><ent r="1000" t="130" w="3" /><ent r="102" t="130" w="8" /><ent r="3" t="130" w="25" /><ent r="3" t="140" w="157" /><ent r="3" t="141" w="23" /><ent r="4" t="147" w="124" /><ent r="3" t="162" w="25" /><ent r="3" t="169" w="207" /><ent r="3" t="186" w="73" /><ent r="3" t="224" w="508" /><ent r="3" t="227" w="40" /><ent r="3" t="227" w="386" /><ent r="3" t="228" w="18" /><ent r="3" t="229" w="26" /><ent r="3" t="229" w="29" /><ent r="3" t="229" w="254" /><ent r="3" t="232" w="68" /><ent r="3" t="232" w="129" /><ent r="3" t="245" w="168" /><ent r="3" t="256" w="52" /><ent r="3" t="256" w="75" /><ent r="3" t="257" w="396" /><ent r="3" t="295" w="28" /><ent r="3" t="303" w="21" /><ent r="3" t="309" w="151" /><ent r="3" t="314" w="13" /></phr><phr n="owned"><ent r="3" t="235" w="16" /></phr></stem><stem n="comper"><phr n="Comperator"><ent r="92" t="30" w="299" /></phr><phr n="comperator"><ent r="4" t="30" w="454" /><ent r="4" t="30" w="561" /></phr></stem></index>