﻿<?xml version="1.0" encoding="utf-8"?><index><stem n="uint32"><phr n="UInt32"><ent r="3" t="111" w="35" /></phr></stem><stem n="int16"><phr n="Int16"><ent r="3" t="111" w="36" /></phr></stem><stem n="uint16"><phr n="UInt16"><ent r="3" t="111" w="37" /></phr></stem><stem n="int64"><phr n="Int64"><ent r="3" t="111" w="38" /></phr></stem><stem n="uint64"><phr n="UInt64"><ent r="3" t="111" w="40" /></phr></stem><stem n="(i.e."><phr n="(i.e."><ent r="3" t="111" w="43" /></phr></stem><stem n="(c#)"><phr n="(c#)"><ent r="3" t="111" w="62" /></phr></stem><stem n="(vb.net)"><phr n="(VB.NET)"><ent r="3" t="111" w="66" /></phr></stem><stem n="&quot;persist"><phr n="&quot;Persist"><ent r="64" t="112" w="53" /></phr></stem><stem n="persiststaticfieldvalu"><phr n="PersistStaticFieldValues"><ent r="4" t="112" w="68" /><ent r="4" t="112" w="100" /><ent r="4" t="112" w="1393" /><ent r="4" t="112" w="1428" /><ent r="4" t="218" w="88" /><ent r="4" t="218" w="120" /></phr></stem><stem n="(person)).persiststaticfieldvalues();"><phr n="(Person)).PersistStaticFieldValues();"><ent r="4" t="112" w="69" /><ent r="4" t="218" w="89" /></phr></stem><stem n="objectconfigurationexampl"><phr n="ObjectConfigurationExamples"><ent r="4" t="112" w="70" /><ent r="4" t="112" w="102" /><ent r="4" t="145" w="190" /><ent r="4" t="145" w="222" /><ent r="4" t="146" w="223" /><ent r="4" t="146" w="255" /><ent r="4" t="152" w="177" /><ent r="4" t="152" w="209" /><ent r="4" t="210" w="75" /><ent r="4" t="210" w="107" /><ent r="4" t="211" w="36" /><ent r="4" t="211" w="72" /><ent r="4" t="212" w="57" /><ent r="4" t="212" w="93" /><ent r="4" t="213" w="83" /><ent r="4" t="213" w="119" /><ent r="4" t="214" w="58" /><ent r="4" t="214" w="91" /><ent r="4" t="215" w="39" /><ent r="4" t="215" w="74" /><ent r="4" t="216" w="59" /><ent r="4" t="216" w="91" /><ent r="4" t="217" w="59" /><ent r="4" t="217" w="91" /><ent r="4" t="218" w="90" /><ent r="4" t="218" w="122" /><ent r="4" t="219" w="44" /><ent r="4" t="219" w="79" /><ent r="4" t="220" w="54" /><ent r="4" t="220" w="91" /><ent r="4" t="221" w="46" /><ent r="4" t="221" w="80" /><ent r="4" t="222" w="72" /><ent r="4" t="222" w="104" /></phr></stem><stem n="objectconfigurationexamples.c"><phr n="ObjectConfigurationExamples.cs"><ent r="4" t="112" w="71" /><ent r="4" t="112" w="70" /><ent r="4" t="145" w="191" /><ent r="4" t="145" w="190" /><ent r="4" t="146" w="224" /><ent r="4" t="146" w="223" /><ent r="4" t="152" w="178" /><ent r="4" t="152" w="177" /><ent r="4" t="210" w="76" /><ent r="4" t="210" w="75" /><ent r="4" t="211" w="37" /><ent r="4" t="211" w="36" /><ent r="4" t="212" w="58" /><ent r="4" t="212" w="57" /><ent r="4" t="213" w="84" /><ent r="4" t="213" w="83" /><ent r="4" t="214" w="59" /><ent r="4" t="214" w="58" /><ent r="4" t="215" w="40" /><ent r="4" t="215" w="39" /><ent r="4" t="216" w="60" /><ent r="4" t="216" w="59" /><ent r="4" t="217" w="60" /><ent r="4" t="217" w="59" /><ent r="4" t="218" w="91" /><ent r="4" t="218" w="90" /><ent r="4" t="219" w="45" /><ent r="4" t="219" w="44" /><ent r="4" t="220" w="55" /><ent r="4" t="220" w="54" /><ent r="4" t="221" w="47" /><ent r="4" t="221" w="46" /><ent r="4" t="222" w="73" /><ent r="4" t="222" w="72" /></phr></stem><stem n="(person)).persiststaticfieldvalues()"><phr n="(Person)).PersistStaticFieldValues()"><ent r="4" t="112" w="101" /><ent r="4" t="218" w="121" /></phr></stem><stem n="objectconfigurationexamples.vb"><phr n="ObjectConfigurationExamples.vb"><ent r="4" t="112" w="103" /><ent r="4" t="112" w="102" /><ent r="4" t="145" w="223" /><ent r="4" t="145" w="222" /><ent r="4" t="146" w="256" /><ent r="4" t="146" w="255" /><ent r="4" t="152" w="210" /><ent r="4" t="152" w="209" /><ent r="4" t="210" w="108" /><ent r="4" t="210" w="107" /><ent r="4" t="211" w="73" /><ent r="4" t="211" w="72" /><ent r="4" t="212" w="94" /><ent r="4" t="212" w="93" /><ent r="4" t="213" w="120" /><ent r="4" t="213" w="119" /><ent r="4" t="214" w="92" /><ent r="4" t="214" w="91" /><ent r="4" t="215" w="75" /><ent r="4" t="215" w="74" /><ent r="4" t="216" w="92" /><ent r="4" t="216" w="91" /><ent r="4" t="217" w="92" /><ent r="4" t="217" w="91" /><ent r="4" t="218" w="123" /><ent r="4" t="218" w="122" /><ent r="4" t="219" w="80" /><ent r="4" t="219" w="79" /><ent r="4" t="220" w="92" /><ent r="4" t="220" w="91" /><ent r="4" t="221" w="81" /><ent r="4" t="221" w="80" /><ent r="4" t="222" w="105" /><ent r="4" t="222" w="104" /></phr></stem><stem n="-primitive-typ"><phr n="-primitive-typed"><ent r="3" t="112" w="122" /><ent r="3" t="112" w="123" /></phr></stem><stem n="non-primit"><phr n="non-primitive"><ent r="3" t="112" w="122" /></phr></stem><stem n="non-primitive-typ"><phr n="non-primitive-typed"><ent r="3" t="112" w="122" /></phr></stem><stem n="primitive-typ"><phr n="primitive-typed"><ent r="3" t="112" w="123" /></phr></stem><stem n="(when"><phr n="(when"><ent r="3" t="112" w="161" /></phr></stem><stem n="caution"><phr n="caution"><ent r="3" t="112" w="177" /><ent r="3" t="191" w="343" /></phr></stem><stem n="subtl"><phr n="subtle"><ent r="3" t="112" w="218" /><ent r="3" t="153" w="107" /></phr></stem><stem n="color"><phr n="color"><ent r="3" t="112" w="268" /><ent r="3" t="112" w="1173" /><ent r="4" t="112" w="1403" /><ent r="4" t="112" w="1438" /></phr><phr n="colors"><ent r="3" t="112" w="275" /><ent r="3" t="112" w="1163" /><ent r="3" t="112" w="1179" /></phr><phr n="Color"><ent r="4" t="112" w="283" /><ent r="4" t="112" w="291" /><ent r="4" t="112" w="296" /><ent r="4" t="112" w="307" /><ent r="4" t="112" w="312" /><ent r="4" t="112" w="323" /><ent r="4" t="112" w="328" /><ent r="4" t="112" w="339" /><ent r="4" t="112" w="344" /><ent r="4" t="112" w="355" /><ent r="4" t="112" w="360" /><ent r="4" t="112" w="391" /><ent r="4" t="112" w="464" /><ent r="4" t="112" w="550" /><ent r="4" t="112" w="560" /><ent r="4" t="112" w="618" /><ent r="4" t="112" w="636" /><ent r="4" t="112" w="650" /><ent r="4" t="112" w="667" /><ent r="4" t="112" w="684" /><ent r="4" t="112" w="701" /><ent r="4" t="112" w="718" /><ent r="4" t="112" w="908" /><ent r="4" t="112" w="1035" /><ent r="4" t="112" w="1051" /><ent r="4" t="112" w="1144" /><ent r="4" t="112" w="1230" /><ent r="4" t="112" w="1231" /><ent r="4" t="112" w="1247" /><ent r="4" t="112" w="1248" /><ent r="4" t="112" w="1292" /><ent r="4" t="112" w="1296" /><ent r="4" t="112" w="1313" /><ent r="4" t="112" w="1317" /><ent r="4" t="112" w="1392" /><ent r="4" t="112" w="1427" /></phr></stem><stem n="black"><phr n="Black"><ent r="4" t="112" w="292" /><ent r="4" t="112" w="644" /><ent r="4" t="112" w="1232" /><ent r="5" t="112" w="1236" /><ent r="4" t="112" w="1297" /><ent r="5" t="112" w="1304" /></phr></stem><stem n="white"><phr n="White"><ent r="4" t="112" w="308" /><ent r="4" t="112" w="661" /></phr></stem><stem n="255"><phr n="255"><ent r="4" t="112" w="313" /><ent r="4" t="112" w="314" /><ent r="4" t="112" w="315" /><ent r="4" t="112" w="329" /><ent r="4" t="112" w="346" /><ent r="4" t="112" w="363" /><ent r="4" t="112" w="668" /><ent r="4" t="112" w="669" /><ent r="4" t="112" w="670" /><ent r="4" t="112" w="685" /><ent r="4" t="112" w="703" /><ent r="4" t="112" w="721" /><ent r="3" t="310" w="54" /></phr></stem><stem n="(255,"><phr n="(255,"><ent r="4" t="112" w="314" /><ent r="4" t="112" w="330" /><ent r="4" t="112" w="669" /><ent r="4" t="112" w="686" /></phr></stem><stem n="red"><phr n="Red"><ent r="4" t="112" w="324" /><ent r="5" t="112" w="607" /><ent r="4" t="112" w="678" /><ent r="5" t="112" w="1122" /><ent r="4" t="112" w="1249" /><ent r="4" t="112" w="1318" /></phr><phr n="red"><ent r="4" t="112" w="371" /><ent r="4" t="112" w="395" /><ent r="4" t="112" w="407" /><ent r="4" t="112" w="408" /><ent r="4" t="112" w="431" /><ent r="4" t="112" w="496" /><ent r="4" t="112" w="497" /><ent r="4" t="112" w="577" /><ent r="4" t="112" w="614" /><ent r="4" t="112" w="728" /><ent r="4" t="112" w="765" /><ent r="4" t="112" w="793" /><ent r="4" t="112" w="794" /><ent r="4" t="112" w="829" /><ent r="4" t="112" w="946" /><ent r="4" t="112" w="948" /><ent r="4" t="112" w="1078" /><ent r="4" t="112" w="1130" /></phr></stem><stem n="green"><phr n="Green"><ent r="4" t="112" w="340" /><ent r="5" t="112" w="609" /><ent r="4" t="112" w="695" /><ent r="5" t="112" w="1124" /></phr><phr n="green"><ent r="4" t="112" w="379" /><ent r="4" t="112" w="399" /><ent r="4" t="112" w="412" /><ent r="4" t="112" w="413" /><ent r="4" t="112" w="444" /><ent r="4" t="112" w="499" /><ent r="4" t="112" w="500" /><ent r="4" t="112" w="582" /><ent r="4" t="112" w="615" /><ent r="4" t="112" w="739" /><ent r="4" t="112" w="774" /><ent r="4" t="112" w="799" /><ent r="4" t="112" w="800" /><ent r="4" t="112" w="856" /><ent r="4" t="112" w="954" /><ent r="4" t="112" w="956" /><ent r="4" t="112" w="1086" /><ent r="4" t="112" w="1132" /></phr></stem><stem n="blue"><phr n="Blue"><ent r="4" t="112" w="356" /><ent r="5" t="112" w="611" /><ent r="4" t="112" w="712" /><ent r="5" t="112" w="1126" /></phr><phr n="blue"><ent r="4" t="112" w="387" /><ent r="4" t="112" w="403" /><ent r="4" t="112" w="417" /><ent r="4" t="112" w="418" /><ent r="4" t="112" w="457" /><ent r="4" t="112" w="502" /><ent r="4" t="112" w="503" /><ent r="4" t="112" w="587" /><ent r="4" t="112" w="616" /><ent r="4" t="112" w="750" /><ent r="4" t="112" w="783" /><ent r="4" t="112" w="805" /><ent r="4" t="112" w="806" /><ent r="4" t="112" w="883" /><ent r="4" t="112" w="962" /><ent r="4" t="112" w="964" /><ent r="4" t="112" w="1094" /><ent r="4" t="112" w="1134" /></phr></stem><stem n=".red"><phr n=".red"><ent r="4" t="112" w="407" /><ent r="4" t="112" w="496" /></phr><phr n=".Red"><ent r="4" t="112" w="1318" /></phr></stem><stem n=".green"><phr n=".green"><ent r="4" t="112" w="412" /><ent r="4" t="112" w="499" /></phr></stem><stem n=".blue"><phr n=".blue"><ent r="4" t="112" w="417" /><ent r="4" t="112" w="502" /></phr></stem><stem n="redvalu"><phr n="RedValue"><ent r="4" t="112" w="424" /><ent r="4" t="112" w="818" /></phr></stem><stem n="greenvalu"><phr n="GreenValue"><ent r="4" t="112" w="437" /><ent r="4" t="112" w="845" /></phr></stem><stem n="bluevalu"><phr n="BlueValue"><ent r="4" t="112" w="450" /><ent r="4" t="112" w="872" /></phr></stem><stem n="(color"><phr n="(Color"><ent r="4" t="112" w="464" /></phr></stem><stem n="(referenceequals("><phr n="(ReferenceEquals("><ent r="4" t="112" w="470" /><ent r="4" t="112" w="483" /><ent r="4" t="112" w="520" /><ent r="4" t="112" w="533" /></phr></stem><stem n="other.r"><phr n="other.red"><ent r="4" t="112" w="496" /><ent r="4" t="112" w="495" /></phr></stem><stem n="other.green"><phr n="other.green"><ent r="4" t="112" w="499" /><ent r="4" t="112" w="498" /></phr></stem><stem n="other.blu"><phr n="other.blue"><ent r="4" t="112" w="502" /><ent r="4" t="112" w="501" /></phr></stem><stem n="obj.gettyp"><phr n="obj.GetType"><ent r="4" t="112" w="546" /><ent r="4" t="112" w="545" /></phr></stem><stem n="(obj.gettype()"><phr n="(obj.GetType()"><ent r="4" t="112" w="547" /></phr></stem><stem n="(color))"><phr n="(Color))"><ent r="4" t="112" w="551" /><ent r="4" t="112" w="1036" /></phr></stem><stem n="((color)"><phr n="((Color)"><ent r="4" t="112" w="561" /></phr></stem><stem n="gethashcod"><phr n="GetHashCode"><ent r="4" t="112" w="569" /><ent r="4" t="112" w="1063" /></phr></stem><stem n="uncheck"><phr n="unchecked"><ent r="5" t="112" w="571" /></phr></stem><stem n="397"><phr n="397"><ent r="4" t="112" w="580" /><ent r="4" t="112" w="585" /><ent r="4" t="112" w="1081" /><ent r="4" t="112" w="1089" /></phr></stem><stem n="(result*397)"><phr n="(result*397)"><ent r="4" t="112" w="581" /><ent r="4" t="112" w="586" /></phr></stem><stem n="^"><phr n="^"><ent r="4" t="112" w="581" /><ent r="4" t="112" w="586" /></phr></stem><stem n="&quot;red:"><phr n="&quot;Red:"><ent r="5" t="112" w="608" /><ent r="5" t="112" w="1123" /></phr></stem><stem n="{0},"><phr n="{0},"><ent r="5" t="112" w="609" /><ent r="5" t="112" w="1124" /></phr></stem><stem n="{1},"><phr n="{1},"><ent r="5" t="112" w="611" /><ent r="5" t="112" w="1126" /></phr></stem><stem n="{2}&quot;"><phr n="{2}&quot;"><ent r="5" t="112" w="613" /><ent r="5" t="112" w="1128" /></phr></stem><stem n="color.c"><phr n="Color.cs"><ent r="4" t="112" w="619" /><ent r="4" t="112" w="618" /></phr></stem><stem n="notinherit"><phr n="NotInheritable"><ent r="5" t="112" w="632" /></phr></stem><stem n="_red"><phr n="_red"><ent r="4" t="112" w="728" /><ent r="4" t="112" w="829" /><ent r="4" t="112" w="948" /><ent r="4" t="112" w="1078" /></phr></stem><stem n="m_red"><phr n="m_red"><ent r="4" t="112" w="728" /><ent r="4" t="112" w="727" /><ent r="4" t="112" w="793" /><ent r="4" t="112" w="792" /><ent r="4" t="112" w="829" /><ent r="4" t="112" w="828" /><ent r="4" t="112" w="948" /><ent r="4" t="112" w="947" /><ent r="4" t="112" w="1078" /><ent r="4" t="112" w="1077" /><ent r="4" t="112" w="1130" /><ent r="4" t="112" w="1129" /></phr></stem><stem n="_green"><phr n="_green"><ent r="4" t="112" w="739" /><ent r="4" t="112" w="856" /><ent r="4" t="112" w="956" /><ent r="4" t="112" w="1086" /></phr></stem><stem n="m_green"><phr n="m_green"><ent r="4" t="112" w="739" /><ent r="4" t="112" w="738" /><ent r="4" t="112" w="799" /><ent r="4" t="112" w="798" /><ent r="4" t="112" w="856" /><ent r="4" t="112" w="855" /><ent r="4" t="112" w="956" /><ent r="4" t="112" w="955" /><ent r="4" t="112" w="1086" /><ent r="4" t="112" w="1085" /><ent r="4" t="112" w="1132" /><ent r="4" t="112" w="1131" /></phr></stem><stem n="_blue"><phr n="_blue"><ent r="4" t="112" w="750" /><ent r="4" t="112" w="883" /><ent r="4" t="112" w="964" /><ent r="4" t="112" w="1094" /></phr></stem><stem n="m_blue"><phr n="m_blue"><ent r="4" t="112" w="750" /><ent r="4" t="112" w="749" /><ent r="4" t="112" w="805" /><ent r="4" t="112" w="804" /><ent r="4" t="112" w="883" /><ent r="4" t="112" w="882" /><ent r="4" t="112" w="964" /><ent r="4" t="112" w="963" /><ent r="4" t="112" w="1094" /><ent r="4" t="112" w="1093" /><ent r="4" t="112" w="1134" /><ent r="4" t="112" w="1133" /></phr></stem><stem n=".m_red"><phr n=".m_red"><ent r="4" t="112" w="793" /><ent r="4" t="112" w="946" /></phr></stem><stem n=".m_green"><phr n=".m_green"><ent r="4" t="112" w="799" /><ent r="4" t="112" w="954" /></phr></stem><stem n=".m_blue"><phr n=".m_blue"><ent r="4" t="112" w="805" /><ent r="4" t="112" w="962" /></phr></stem><stem n="other.m"><phr n="other.m"><ent r="4" t="112" w="945" /><ent r="4" t="112" w="944" /><ent r="4" t="112" w="953" /><ent r="4" t="112" w="952" /><ent r="4" t="112" w="961" /><ent r="4" t="112" w="960" /></phr></stem><stem n="other.m_r"><phr n="other.m_red"><ent r="4" t="112" w="946" /><ent r="4" t="112" w="944" /></phr></stem><stem n="other.m_green"><phr n="other.m_green"><ent r="4" t="112" w="954" /><ent r="4" t="112" w="952" /></phr></stem><stem n="other.m_blu"><phr n="other.m_blue"><ent r="4" t="112" w="962" /><ent r="4" t="112" w="960" /></phr></stem><stem n="(obj."><phr n="(obj."><ent r="4" t="112" w="1029" /></phr></stem><stem n="(obj,"><phr n="(obj,"><ent r="4" t="112" w="1051" /><ent r="4" t="244" w="189" /><ent r="4" t="250" w="272" /><ent r="4" t="251" w="460" /></phr></stem><stem n="hashcod"><phr n="hashCode"><ent r="4" t="112" w="1071" /><ent r="4" t="112" w="1079" /><ent r="4" t="112" w="1080" /><ent r="4" t="112" w="1087" /><ent r="4" t="112" w="1088" /><ent r="4" t="112" w="1098" /></phr></stem><stem n="(hashcod"><phr n="(hashCode"><ent r="4" t="112" w="1080" /><ent r="4" t="112" w="1088" /></phr></stem><stem n="*"><phr n="*"><ent r="4" t="112" w="1081" /><ent r="4" t="112" w="1089" /><ent r="4" t="171" w="81" /><ent r="4" t="185" w="135" /><ent r="4" t="185" w="162" /><ent r="4" t="193" w="98" /><ent r="4" t="201" w="29" /><ent r="4" t="201" w="30" /><ent r="4" t="201" w="56" /><ent r="4" t="201" w="57" /><ent r="4" t="225" w="83" /><ent r="4" t="225" w="84" /><ent r="4" t="225" w="111" /><ent r="4" t="225" w="112" /><ent r="6" t="300" w="154" /><ent r="6" t="300" w="177" /><ent r="6" t="300" w="201" /><ent r="6" t="300" w="236" /><ent r="6" t="300" w="355" /><ent r="6" t="300" w="426" /><ent r="6" t="300" w="484" /><ent r="6" t="300" w="548" /><ent r="6" t="300" w="612" /></phr></stem><stem n="xor"><phr n="Xor"><ent r="5" t="112" w="1083" /><ent r="5" t="112" w="1091" /></phr></stem><stem n="m_red,"><phr n="m_red,"><ent r="4" t="112" w="1130" /><ent r="4" t="112" w="1129" /></phr></stem><stem n="_red,"><phr n="_red,"><ent r="4" t="112" w="1131" /></phr></stem><stem n="m_green,"><phr n="m_green,"><ent r="4" t="112" w="1132" /><ent r="4" t="112" w="1131" /></phr></stem><stem n="_green,"><phr n="_green,"><ent r="4" t="112" w="1133" /></phr></stem><stem n="_blue)"><phr n="_blue)"><ent r="4" t="112" w="1135" /></phr></stem><stem n="color.vb"><phr n="Color.vb"><ent r="4" t="112" w="1145" /><ent r="4" t="112" w="1144" /></phr></stem><stem n="(car.color"><phr n="(car.Color"><ent r="4" t="112" w="1230" /><ent r="4" t="112" w="1247" /></phr></stem><stem n="car.color"><phr n="car.Color"><ent r="4" t="112" w="1230" /><ent r="4" t="112" w="1229" /><ent r="4" t="112" w="1247" /><ent r="4" t="112" w="1246" /><ent r="4" t="112" w="1292" /><ent r="4" t="112" w="1291" /><ent r="4" t="112" w="1313" /><ent r="4" t="112" w="1312" /></phr></stem><stem n="color.black"><phr n="Color.Black"><ent r="4" t="112" w="1232" /><ent r="4" t="112" w="1231" /><ent r="4" t="112" w="1297" /><ent r="4" t="112" w="1296" /></phr></stem><stem n=".black)"><phr n=".Black)"><ent r="4" t="112" w="1233" /></phr></stem><stem n="&quot;black"><phr n="&quot;Black"><ent r="5" t="112" w="1236" /><ent r="5" t="112" w="1304" /></phr></stem><stem n="bore"><phr n="boring"><ent r="5" t="112" w="1239" /><ent r="5" t="112" w="1307" /></phr></stem><stem n="color.r"><phr n="Color.Red"><ent r="4" t="112" w="1249" /><ent r="4" t="112" w="1248" /><ent r="4" t="112" w="1318" /><ent r="4" t="112" w="1317" /></phr></stem><stem n=".red)"><phr n=".Red)"><ent r="4" t="112" w="1250" /></phr></stem><stem n="&quot;fire"><phr n="&quot;Fire"><ent r="5" t="112" w="1253" /><ent r="5" t="112" w="1325" /></phr></stem><stem n="?&quot;"><phr n="?&quot;"><ent r="5" t="112" w="1255" /><ent r="5" t="112" w="1327" /></phr></stem><stem n="storingstaticfield"><phr n="StoringStaticFields"><ent r="4" t="112" w="1257" /><ent r="4" t="112" w="1329" /><ent r="4" t="112" w="1395" /><ent r="4" t="112" w="1430" /></phr></stem><stem n="storingstaticfields.c"><phr n="StoringStaticFields.cs"><ent r="4" t="112" w="1258" /><ent r="4" t="112" w="1257" /><ent r="4" t="112" w="1396" /><ent r="4" t="112" w="1395" /></phr></stem><stem n=".color"><phr n=".Color"><ent r="4" t="112" w="1292" /><ent r="4" t="112" w="1313" /></phr></stem><stem n=".black"><phr n=".Black"><ent r="4" t="112" w="1297" /></phr></stem><stem n="storingstaticfields.vb"><phr n="StoringStaticFields.vb"><ent r="4" t="112" w="1330" /><ent r="4" t="112" w="1329" /><ent r="4" t="112" w="1431" /><ent r="4" t="112" w="1430" /></phr></stem><stem n="(color)).persiststaticfieldvalues();"><phr n="(Color)).PersistStaticFieldValues();"><ent r="4" t="112" w="1394" /></phr></stem><stem n="(color)).persiststaticfieldvalues()"><phr n="(Color)).PersistStaticFieldValues()"><ent r="4" t="112" w="1429" /></phr></stem><stem n="felt"><phr n="felt"><ent r="4" t="113" w="42" /></phr></stem><stem n="nasti"><phr n="nasty"><ent r="4" t="113" w="61" /></phr></stem><stem n="worm"><phr n="worms"><ent r="4" t="113" w="64" /></phr></stem><stem n="(just"><phr n="(just"><ent r="4" t="113" w="65" /></phr></stem><stem n="text"><phr n="text"><ent r="4" t="113" w="69" /><ent r="3" t="314" w="7" /></phr></stem><stem n=".chang"><phr n=".Changed"><ent r="4" t="113" w="75" /></phr></stem><stem n="customer.chang"><phr n="Customer.Changed"><ent r="4" t="113" w="75" /><ent r="4" t="113" w="74" /></phr></stem><stem n="thought"><phr n="thought"><ent r="4" t="113" w="79" /></phr></stem><stem n="reconnect"><phr n="reconnecting"><ent r="4" t="113" w="101" /></phr><phr n="reconnect"><ent r="3" t="291" w="107" /><ent r="3" t="292" w="289" /></phr></stem><stem n="upon"><phr n="upon"><ent r="4" t="113" w="105" /><ent r="3" t="165" w="19" /><ent r="3" t="238" w="245" /></phr></stem><stem n="objecttransl"><phr n="ObjectTranslator"><ent r="3" t="114" w="78" /><ent r="3" t="114" w="122" /><ent r="3" t="114" w="696" /><ent r="3" t="115" w="118" /></phr></stem><stem n="objecttranslator-interfac"><phr n="ObjectTranslator-interface"><ent r="3" t="114" w="78" /><ent r="3" t="115" w="118" /></phr></stem><stem n="objectconstructor"><phr n="ObjectConstructor"><ent r="3" t="114" w="85" /><ent r="3" t="114" w="144" /><ent r="3" t="114" w="712" /></phr></stem><stem n="objecttranslator-inst"><phr n="ObjectTranslator-instance"><ent r="3" t="114" w="122" /><ent r="3" t="114" w="696" /></phr></stem><stem n="sub-typ"><phr n="sub-types"><ent r="3" t="114" w="134" /><ent r="3" t="114" w="705" /></phr></stem><stem n="-types."><phr n="-types."><ent r="3" t="114" w="136" /><ent r="3" t="114" w="136" /><ent r="3" t="114" w="707" /><ent r="3" t="114" w="707" /></phr></stem><stem n="objectconstructor-inst"><phr n="ObjectConstructor-instances"><ent r="3" t="114" w="144" /></phr><phr n="ObjectConstructor-instance"><ent r="3" t="114" w="712" /></phr></stem><stem n="-instances,"><phr n="-instances,"><ent r="3" t="114" w="146" /><ent r="3" t="114" w="146" /><ent r="4" t="124" w="135" /><ent r="4" t="124" w="135" /><ent r="4" t="125" w="143" /><ent r="4" t="125" w="143" /></phr></stem><stem n="subtyp"><phr n="subtypes"><ent r="3" t="114" w="158" /></phr></stem><stem n="distinct"><phr n="distinct"><ent r="3" t="114" w="184" /></phr></stem><stem n="storabl"><phr n="storable"><ent r="3" t="114" w="199" /><ent r="3" t="114" w="203" /><ent r="3" t="114" w="830" /><ent r="4" t="114" w="870" /><ent r="4" t="114" w="894" /><ent r="4" t="114" w="914" /><ent r="4" t="114" w="941" /><ent r="3" t="115" w="33" /><ent r="6" t="143" w="228" /><ent r="4" t="155" w="66" /><ent r="4" t="155" w="96" /><ent r="3" t="236" w="91" /><ent r="4" t="276" w="59" /></phr><phr n="Storable"><ent r="1000" t="155" w="4" /><ent r="102" t="155" w="10" /></phr></stem><stem n="exampletransl"><phr n="ExampleTranslator"><ent r="4" t="114" w="289" /><ent r="4" t="114" w="407" /><ent r="4" t="114" w="423" /><ent r="4" t="114" w="662" /><ent r="4" t="114" w="737" /><ent r="4" t="114" w="748" /><ent r="4" t="114" w="784" /><ent r="4" t="114" w="801" /><ent r="4" t="114" w="865" /><ent r="4" t="114" w="889" /><ent r="4" t="114" w="909" /><ent r="4" t="114" w="936" /></phr></stem><stem n="iobjectconstructor"><phr n="IObjectConstructor"><ent r="4" t="114" w="290" /><ent r="4" t="114" w="427" /><ent r="4" t="114" w="467" /><ent r="4" t="114" w="535" /><ent r="4" t="114" w="587" /><ent r="4" t="114" w="643" /></phr></stem><stem n="onstor"><phr n="OnStore"><ent r="4" t="114" w="304" /><ent r="4" t="114" w="441" /><ent r="4" t="114" w="468" /></phr></stem><stem n="objtostor"><phr n="objToStore"><ent r="4" t="114" w="310" /><ent r="4" t="114" w="314" /><ent r="4" t="114" w="453" /><ent r="4" t="114" w="480" /></phr></stem><stem n="nonstorabletyp"><phr n="NonStorableType"><ent r="4" t="114" w="311" /><ent r="4" t="114" w="313" /><ent r="4" t="114" w="345" /><ent r="4" t="114" w="347" /><ent r="4" t="114" w="403" /><ent r="4" t="114" w="476" /><ent r="4" t="114" w="481" /><ent r="4" t="114" w="544" /><ent r="4" t="114" w="549" /><ent r="4" t="114" w="650" /><ent r="4" t="114" w="732" /><ent r="4" t="114" w="755" /><ent r="4" t="114" w="779" /><ent r="4" t="114" w="808" /><ent r="4" t="114" w="860" /><ent r="4" t="114" w="884" /><ent r="4" t="114" w="903" /><ent r="4" t="114" w="929" /><ent r="4" t="114" w="933" /></phr></stem><stem n="notstor"><phr n="notStorable"><ent r="4" t="114" w="312" /><ent r="4" t="114" w="318" /><ent r="4" t="114" w="346" /><ent r="4" t="114" w="349" /><ent r="4" t="114" w="472" /><ent r="4" t="114" w="485" /><ent r="4" t="114" w="540" /><ent r="4" t="114" w="550" /></phr></stem><stem n="(nonstorabletype)"><phr n="(NonStorableType)"><ent r="4" t="114" w="314" /><ent r="4" t="114" w="348" /></phr></stem><stem n="notstorable.data"><phr n="notStorable.Data"><ent r="4" t="114" w="319" /><ent r="4" t="114" w="318" /><ent r="4" t="114" w="350" /><ent r="4" t="114" w="349" /><ent r="4" t="114" w="486" /><ent r="4" t="114" w="485" /><ent r="4" t="114" w="551" /><ent r="4" t="114" w="550" /></phr></stem><stem n=".data;"><phr n=".Data;"><ent r="4" t="114" w="320" /></phr></stem><stem n="onactiv"><phr n="OnActivate"><ent r="4" t="114" w="334" /><ent r="4" t="114" w="505" /><ent r="4" t="114" w="536" /></phr></stem><stem n="targetobject"><phr n="targetObject"><ent r="4" t="114" w="340" /><ent r="4" t="114" w="348" /><ent r="4" t="114" w="517" /><ent r="4" t="114" w="548" /></phr></stem><stem n="storedobject"><phr n="storedObject"><ent r="4" t="114" w="344" /><ent r="4" t="114" w="352" /><ent r="4" t="114" w="397" /><ent r="4" t="114" w="526" /><ent r="4" t="114" w="555" /><ent r="4" t="114" w="629" /></phr></stem><stem n=".data"><phr n=".Data"><ent r="4" t="114" w="350" /><ent r="4" t="114" w="486" /><ent r="4" t="114" w="551" /></phr></stem><stem n="(string)"><phr n="(String)"><ent r="4" t="114" w="352" /></phr></stem><stem n="(string);"><phr n="(String);"><ent r="4" t="114" w="375" /></phr></stem><stem n="oninstanti"><phr n="OnInstantiate"><ent r="4" t="114" w="391" /><ent r="4" t="114" w="617" /><ent r="4" t="114" w="644" /></phr></stem><stem n="&quot;&quot;"><phr n="&quot;&quot;"><ent r="5" t="114" w="405" /><ent r="5" t="114" w="652" /><ent r="5" t="124" w="189" /><ent r="5" t="124" w="267" /><ent r="5" t="125" w="197" /><ent r="5" t="125" w="275" /><ent r="5" t="263" w="544" /><ent r="5" t="263" w="592" /></phr></stem><stem n="exampletranslator.c"><phr n="ExampleTranslator.cs"><ent r="4" t="114" w="408" /><ent r="4" t="114" w="407" /><ent r="4" t="114" w="749" /><ent r="4" t="114" w="748" /><ent r="4" t="114" w="866" /><ent r="4" t="114" w="865" /><ent r="4" t="114" w="910" /><ent r="4" t="114" w="909" /></phr></stem><stem n=".onstor"><phr n=".OnStore"><ent r="4" t="114" w="468" /></phr></stem><stem n="iobjectconstructor.onstor"><phr n="IObjectConstructor.OnStore"><ent r="4" t="114" w="468" /><ent r="4" t="114" w="467" /></phr></stem><stem n="(objtostore,"><phr n="(objToStore,"><ent r="4" t="114" w="481" /></phr></stem><stem n=".onactiv"><phr n=".OnActivate"><ent r="4" t="114" w="536" /></phr></stem><stem n="iobjectconstructor.onactiv"><phr n="IObjectConstructor.OnActivate"><ent r="4" t="114" w="536" /><ent r="4" t="114" w="535" /></phr></stem><stem n="(targetobject,"><phr n="(targetObject,"><ent r="4" t="114" w="549" /></phr></stem><stem n="(storedobject,"><phr n="(storedObject,"><ent r="4" t="114" w="556" /></phr></stem><stem n=".storedclass"><phr n=".StoredClass"><ent r="4" t="114" w="588" /></phr></stem><stem n="iobjectconstructor.storedclass"><phr n="IObjectConstructor.StoredClass"><ent r="4" t="114" w="588" /><ent r="4" t="114" w="587" /></phr></stem><stem n=".oninstanti"><phr n=".OnInstantiate"><ent r="4" t="114" w="644" /></phr></stem><stem n="iobjectconstructor.oninstanti"><phr n="IObjectConstructor.OnInstantiate"><ent r="4" t="114" w="644" /><ent r="4" t="114" w="643" /></phr></stem><stem n="exampletranslator.vb"><phr n="ExampleTranslator.vb"><ent r="4" t="114" w="663" /><ent r="4" t="114" w="662" /><ent r="4" t="114" w="802" /><ent r="4" t="114" w="801" /><ent r="4" t="114" w="890" /><ent r="4" t="114" w="889" /><ent r="4" t="114" w="937" /><ent r="4" t="114" w="936" /></phr></stem></index>