﻿<?xml version="1.0" encoding="utf-8"?><index><stem n="topic"><phr n="topic"><ent r="3" t="8" w="10" /><ent r="3" t="28" w="12" /><ent r="3" t="49" w="6" /><ent r="3" t="65" w="8" /><ent r="64" t="75" w="23" /><ent r="3" t="79" w="20" /><ent r="3" t="232" w="23" /><ent r="3" t="234" w="100" /><ent r="3" t="239" w="11" /><ent r="3" t="240" w="42" /><ent r="3" t="243" w="63" /><ent r="3" t="261" w="31" /><ent r="3" t="280" w="94" /><ent r="64" t="299" w="97" /><ent r="3" t="307" w="8" /><ent r="3" t="312" w="8" /></phr><phr n="topics"><ent r="64" t="47" w="129" /><ent r="3" t="312" w="19" /></phr><phr n="Topics"><ent r="1000" t="65" w="2" /><ent r="102" t="65" w="5" /></phr></stem><stem n="doesn"><phr n="doesn"><ent r="3" t="8" w="31" /><ent r="3" t="8" w="342" /><ent r="3" t="14" w="1203" /><ent r="4" t="20" w="528" /><ent r="3" t="22" w="57" /><ent r="3" t="23" w="62" /><ent r="3" t="24" w="37" /><ent r="3" t="28" w="1067" /><ent r="5" t="28" w="1100" /><ent r="5" t="28" w="1168" /><ent r="3" t="31" w="1467" /><ent r="3" t="38" w="457" /><ent r="3" t="39" w="18" /><ent r="4" t="46" w="156" /><ent r="4" t="46" w="310" /><ent r="4" t="47" w="79" /><ent r="5" t="49" w="1101" /><ent r="5" t="49" w="1249" /><ent r="4" t="53" w="483" /><ent r="3" t="57" w="21" /><ent r="4" t="58" w="111" /><ent r="4" t="58" w="181" /><ent r="5" t="69" w="239" /><ent r="5" t="69" w="300" /><ent r="3" t="69" w="360" /><ent r="5" t="69" w="581" /><ent r="5" t="69" w="632" /><ent r="3" t="71" w="59" /><ent r="3" t="71" w="82" /><ent r="3" t="83" w="22" /><ent r="3" t="96" w="661" /><ent r="5" t="96" w="753" /><ent r="5" t="96" w="908" /><ent r="3" t="107" w="120" /><ent r="3" t="108" w="37" /><ent r="3" t="109" w="40" /><ent r="3" t="114" w="137" /><ent r="3" t="116" w="231" /><ent r="3" t="118" w="183" /><ent r="3" t="122" w="374" /><ent r="3" t="124" w="62" /><ent r="3" t="124" w="311" /><ent r="3" t="125" w="62" /><ent r="3" t="125" w="321" /><ent r="4" t="140" w="463" /><ent r="4" t="140" w="491" /><ent r="3" t="151" w="67" /><ent r="3" t="161" w="37" /><ent r="3" t="174" w="159" /><ent r="3" t="179" w="367" /><ent r="3" t="207" w="25" /><ent r="3" t="218" w="12" /><ent r="3" t="221" w="12" /><ent r="3" t="227" w="409" /><ent r="3" t="239" w="22" /><ent r="3" t="241" w="9" /><ent r="3" t="243" w="298" /><ent r="3" t="244" w="331" /><ent r="5" t="248" w="175" /><ent r="5" t="248" w="236" /><ent r="5" t="249" w="215" /><ent r="5" t="249" w="266" /><ent r="3" t="253" w="27" /><ent r="4" t="253" w="147" /><ent r="4" t="253" w="291" /><ent r="3" t="261" w="53" /><ent r="3" t="263" w="10" /><ent r="4" t="268" w="454" /><ent r="4" t="275" w="264" /><ent r="4" t="275" w="418" /><ent r="3" t="281" w="133" /><ent r="3" t="281" w="156" /><ent r="3" t="281" w="208" /><ent r="4" t="308" w="56" /><ent r="4" t="308" w="194" /></phr><phr n="Doesn"><ent r="4" t="115" w="40" /></phr></stem><stem n="doesn't"><phr n="doesn't"><ent r="3" t="8" w="32" /><ent r="3" t="8" w="31" /><ent r="3" t="8" w="343" /><ent r="3" t="8" w="342" /><ent r="3" t="14" w="1204" /><ent r="3" t="14" w="1203" /><ent r="4" t="20" w="529" /><ent r="4" t="20" w="528" /><ent r="3" t="22" w="58" /><ent r="3" t="22" w="57" /><ent r="3" t="23" w="63" /><ent r="3" t="23" w="62" /><ent r="3" t="24" w="38" /><ent r="3" t="24" w="37" /><ent r="3" t="28" w="1068" /><ent r="3" t="28" w="1067" /><ent r="5" t="28" w="1101" /><ent r="5" t="28" w="1100" /><ent r="5" t="28" w="1169" /><ent r="5" t="28" w="1168" /><ent r="3" t="31" w="1468" /><ent r="3" t="31" w="1467" /><ent r="3" t="38" w="458" /><ent r="3" t="38" w="457" /><ent r="3" t="39" w="19" /><ent r="3" t="39" w="18" /><ent r="4" t="46" w="157" /><ent r="4" t="46" w="156" /><ent r="4" t="46" w="311" /><ent r="4" t="46" w="310" /><ent r="4" t="47" w="80" /><ent r="4" t="47" w="79" /><ent r="5" t="49" w="1102" /><ent r="5" t="49" w="1101" /><ent r="5" t="49" w="1250" /><ent r="5" t="49" w="1249" /><ent r="4" t="53" w="484" /><ent r="4" t="53" w="483" /><ent r="3" t="57" w="22" /><ent r="3" t="57" w="21" /><ent r="4" t="58" w="112" /><ent r="4" t="58" w="111" /><ent r="4" t="58" w="182" /><ent r="4" t="58" w="181" /><ent r="5" t="69" w="240" /><ent r="5" t="69" w="239" /><ent r="5" t="69" w="301" /><ent r="5" t="69" w="300" /><ent r="3" t="69" w="361" /><ent r="3" t="69" w="360" /><ent r="5" t="69" w="582" /><ent r="5" t="69" w="581" /><ent r="5" t="69" w="633" /><ent r="5" t="69" w="632" /><ent r="3" t="71" w="60" /><ent r="3" t="71" w="59" /><ent r="3" t="71" w="83" /><ent r="3" t="71" w="82" /><ent r="3" t="83" w="23" /><ent r="3" t="83" w="22" /><ent r="3" t="96" w="662" /><ent r="3" t="96" w="661" /><ent r="5" t="96" w="754" /><ent r="5" t="96" w="753" /><ent r="5" t="96" w="909" /><ent r="5" t="96" w="908" /><ent r="3" t="107" w="121" /><ent r="3" t="107" w="120" /><ent r="3" t="108" w="38" /><ent r="3" t="108" w="37" /><ent r="3" t="109" w="41" /><ent r="3" t="109" w="40" /><ent r="3" t="114" w="138" /><ent r="3" t="114" w="137" /><ent r="3" t="116" w="232" /><ent r="3" t="116" w="231" /><ent r="3" t="118" w="184" /><ent r="3" t="118" w="183" /><ent r="3" t="122" w="375" /><ent r="3" t="122" w="374" /><ent r="3" t="124" w="63" /><ent r="3" t="124" w="62" /><ent r="3" t="124" w="312" /><ent r="3" t="124" w="311" /><ent r="3" t="125" w="63" /><ent r="3" t="125" w="62" /><ent r="3" t="125" w="322" /><ent r="3" t="125" w="321" /><ent r="4" t="140" w="464" /><ent r="4" t="140" w="463" /><ent r="4" t="140" w="492" /><ent r="4" t="140" w="491" /><ent r="3" t="151" w="68" /><ent r="3" t="151" w="67" /><ent r="3" t="161" w="38" /><ent r="3" t="161" w="37" /><ent r="3" t="174" w="160" /><ent r="3" t="174" w="159" /><ent r="3" t="179" w="368" /><ent r="3" t="179" w="367" /><ent r="3" t="207" w="26" /><ent r="3" t="207" w="25" /><ent r="3" t="218" w="13" /><ent r="3" t="218" w="12" /><ent r="3" t="221" w="13" /><ent r="3" t="221" w="12" /><ent r="3" t="227" w="410" /><ent r="3" t="227" w="409" /><ent r="3" t="239" w="23" /><ent r="3" t="239" w="22" /><ent r="3" t="241" w="10" /><ent r="3" t="241" w="9" /><ent r="3" t="243" w="299" /><ent r="3" t="243" w="298" /><ent r="3" t="244" w="332" /><ent r="3" t="244" w="331" /><ent r="5" t="248" w="176" /><ent r="5" t="248" w="175" /><ent r="5" t="248" w="237" /><ent r="5" t="248" w="236" /><ent r="5" t="249" w="216" /><ent r="5" t="249" w="215" /><ent r="5" t="249" w="267" /><ent r="5" t="249" w="266" /><ent r="3" t="253" w="28" /><ent r="3" t="253" w="27" /><ent r="4" t="253" w="148" /><ent r="4" t="253" w="147" /><ent r="4" t="253" w="292" /><ent r="4" t="253" w="291" /><ent r="3" t="261" w="54" /><ent r="3" t="261" w="53" /><ent r="3" t="263" w="11" /><ent r="3" t="263" w="10" /><ent r="4" t="268" w="455" /><ent r="4" t="268" w="454" /><ent r="4" t="275" w="265" /><ent r="4" t="275" w="264" /><ent r="4" t="275" w="419" /><ent r="4" t="275" w="418" /><ent r="3" t="281" w="134" /><ent r="3" t="281" w="133" /><ent r="3" t="281" w="157" /><ent r="3" t="281" w="156" /><ent r="3" t="281" w="209" /><ent r="3" t="281" w="208" /><ent r="4" t="308" w="57" /><ent r="4" t="308" w="56" /><ent r="4" t="308" w="195" /><ent r="4" t="308" w="194" /></phr><phr n="Doesn't"><ent r="4" t="115" w="41" /><ent r="4" t="115" w="40" /></phr></stem><stem n="setup"><phr n="setup"><ent r="3" t="8" w="36" /><ent r="3" t="27" w="1260" /><ent r="3" t="165" w="70" /><ent r="4" t="167" w="187" /><ent r="3" t="174" w="205" /><ent r="3" t="226" w="30" /><ent r="3" t="231" w="18" /><ent r="4" t="287" w="52" /><ent r="3" t="302" w="25" /><ent r="3" t="303" w="61" /><ent r="3" t="303" w="189" /></phr><phr n="Setup"><ent r="67" t="296" w="65" /><ent r="1000" t="297" w="3" /><ent r="102" t="297" w="8" /></phr></stem><stem n="it'"><phr n="It's"><ent r="3" t="8" w="38" /><ent r="3" t="8" w="37" /><ent r="3" t="10" w="23" /><ent r="3" t="10" w="22" /><ent r="3" t="29" w="410" /><ent r="3" t="29" w="409" /><ent r="3" t="42" w="762" /><ent r="3" t="42" w="761" /><ent r="3" t="45" w="628" /><ent r="3" t="45" w="627" /><ent r="3" t="49" w="431" /><ent r="3" t="49" w="430" /><ent r="3" t="51" w="109" /><ent r="3" t="51" w="108" /><ent r="3" t="65" w="193" /><ent r="3" t="65" w="192" /><ent r="3" t="78" w="254" /><ent r="3" t="78" w="253" /><ent r="3" t="79" w="45" /><ent r="3" t="79" w="44" /><ent r="5" t="81" w="69" /><ent r="5" t="81" w="68" /><ent r="5" t="81" w="123" /><ent r="5" t="81" w="122" /><ent r="4" t="90" w="390" /><ent r="4" t="90" w="389" /><ent r="3" t="142" w="85" /><ent r="3" t="142" w="84" /><ent r="3" t="190" w="359" /><ent r="3" t="190" w="358" /><ent r="3" t="203" w="23" /><ent r="3" t="203" w="22" /><ent r="3" t="209" w="43" /><ent r="3" t="209" w="42" /><ent r="3" t="218" w="65" /><ent r="3" t="218" w="64" /><ent r="3" t="223" w="19" /><ent r="3" t="223" w="18" /><ent r="3" t="224" w="438" /><ent r="3" t="224" w="437" /><ent r="3" t="224" w="503" /><ent r="3" t="224" w="502" /><ent r="3" t="229" w="19" /><ent r="3" t="229" w="18" /><ent r="3" t="250" w="149" /><ent r="3" t="250" w="148" /></phr><phr n="it's"><ent r="3" t="15" w="455" /><ent r="3" t="15" w="454" /><ent r="3" t="22" w="215" /><ent r="3" t="22" w="214" /><ent r="3" t="40" w="92" /><ent r="3" t="40" w="91" /><ent r="3" t="42" w="354" /><ent r="3" t="42" w="353" /><ent r="3" t="49" w="324" /><ent r="3" t="49" w="323" /><ent r="3" t="62" w="90" /><ent r="3" t="62" w="89" /><ent r="3" t="81" w="25" /><ent r="3" t="81" w="24" /><ent r="4" t="96" w="1010" /><ent r="4" t="96" w="1009" /><ent r="3" t="99" w="862" /><ent r="3" t="99" w="861" /><ent r="4" t="105" w="109" /><ent r="4" t="105" w="108" /><ent r="4" t="106" w="36" /><ent r="4" t="106" w="35" /><ent r="3" t="122" w="69" /><ent r="3" t="122" w="68" /><ent r="3" t="140" w="156" /><ent r="3" t="140" w="155" /><ent r="3" t="179" w="472" /><ent r="3" t="179" w="471" /><ent r="3" t="197" w="33" /><ent r="3" t="197" w="32" /><ent r="2" t="198" w="35" /><ent r="2" t="198" w="34" /><ent r="3" t="224" w="405" /><ent r="3" t="224" w="404" /><ent r="6" t="237" w="372" /><ent r="6" t="237" w="371" /><ent r="6" t="237" w="453" /><ent r="6" t="237" w="452" /><ent r="3" t="243" w="94" /><ent r="3" t="243" w="93" /><ent r="3" t="244" w="41" /><ent r="3" t="244" w="40" /><ent r="3" t="244" w="479" /><ent r="3" t="244" w="478" /><ent r="3" t="254" w="60" /><ent r="3" t="254" w="59" /><ent r="3" t="257" w="387" /><ent r="3" t="257" w="386" /><ent r="3" t="261" w="105" /><ent r="3" t="261" w="104" /><ent r="5" t="262" w="215" /><ent r="5" t="262" w="214" /><ent r="3" t="264" w="358" /><ent r="3" t="264" w="357" /><ent r="3" t="265" w="640" /><ent r="3" t="265" w="639" /><ent r="3" t="266" w="197" /><ent r="3" t="266" w="196" /><ent r="3" t="268" w="24" /><ent r="3" t="268" w="23" /><ent r="3" t="303" w="220" /><ent r="3" t="303" w="219" /></phr></stem><stem n="see"><phr n="See"><ent r="64" t="8" w="50" /><ent r="64" t="8" w="69" /><ent r="64" t="8" w="284" /><ent r="64" t="8" w="328" /><ent r="64" t="8" w="352" /><ent r="64" t="8" w="379" /><ent r="64" t="8" w="392" /><ent r="64" t="8" w="400" /><ent r="64" t="9" w="238" /><ent r="64" t="9" w="305" /><ent r="64" t="10" w="309" /><ent r="64" t="12" w="51" /><ent r="64" t="12" w="417" /><ent r="64" t="12" w="433" /><ent r="64" t="14" w="1643" /><ent r="64" t="15" w="102" /><ent r="64" t="17" w="219" /><ent r="3" t="17" w="238" /><ent r="65" t="20" w="427" /><ent r="64" t="22" w="71" /><ent r="64" t="22" w="272" /><ent r="64" t="23" w="195" /><ent r="64" t="23" w="213" /><ent r="64" t="26" w="176" /><ent r="64" t="26" w="194" /><ent r="64" t="26" w="218" /><ent r="64" t="26" w="236" /><ent r="65" t="33" w="167" /><ent r="64" t="33" w="276" /><ent r="64" t="34" w="529" /><ent r="64" t="34" w="545" /><ent r="64" t="38" w="482" /><ent r="64" t="38" w="512" /><ent r="64" t="38" w="535" /><ent r="64" t="40" w="241" /><ent r="64" t="40" w="255" /><ent r="64" t="40" w="297" /><ent r="64" t="41" w="230" /><ent r="64" t="41" w="244" /><ent r="64" t="42" w="751" /><ent r="64" t="44" w="273" /><ent r="64" t="44" w="294" /><ent r="64" t="44" w="309" /><ent r="64" t="45" w="673" /><ent r="64" t="48" w="184" /><ent r="64" t="48" w="204" /><ent r="64" t="48" w="216" /><ent r="64" t="48" w="235" /><ent r="64" t="48" w="249" /><ent r="64" t="49" w="40" /><ent r="64" t="49" w="977" /><ent r="3" t="50" w="113" /><ent r="64" t="51" w="163" /><ent r="64" t="51" w="195" /><ent r="64" t="53" w="29" /><ent r="64" t="56" w="375" /><ent r="64" t="56" w="393" /><ent r="64" t="59" w="89" /><ent r="64" t="59" w="274" /><ent r="64" t="60" w="32" /><ent r="64" t="65" w="40" /><ent r="64" t="65" w="51" /><ent r="64" t="65" w="66" /><ent r="64" t="65" w="97" /><ent r="64" t="65" w="125" /><ent r="64" t="65" w="140" /><ent r="64" t="65" w="169" /><ent r="64" t="65" w="187" /><ent r="64" t="65" w="209" /><ent r="64" t="65" w="255" /><ent r="64" t="65" w="283" /><ent r="64" t="65" w="297" /><ent r="64" t="69" w="45" /><ent r="64" t="69" w="67" /><ent r="64" t="73" w="171" /><ent r="64" t="73" w="284" /><ent r="64" t="77" w="113" /><ent r="64" t="77" w="128" /><ent r="64" t="77" w="145" /><ent r="64" t="78" w="268" /><ent r="64" t="79" w="38" /><ent r="64" t="79" w="74" /><ent r="64" t="79" w="96" /><ent r="64" t="79" w="122" /><ent r="64" t="79" w="144" /><ent r="64" t="79" w="161" /><ent r="64" t="79" w="178" /><ent r="64" t="79" w="210" /><ent r="64" t="79" w="231" /><ent r="65" t="90" w="402" /><ent r="3" t="91" w="49" /><ent r="64" t="91" w="59" /><ent r="64" t="91" w="74" /><ent r="64" t="94" w="63" /><ent r="64" t="94" w="85" /><ent r="64" t="96" w="41" /><ent r="65" t="96" w="1026" /><ent r="64" t="107" w="58" /><ent r="64" t="107" w="101" /><ent r="64" t="107" w="124" /><ent r="64" t="108" w="109" /><ent r="64" t="112" w="52" /><ent r="64" t="118" w="109" /><ent r="64" t="118" w="125" /><ent r="64" t="118" w="158" /><ent r="64" t="118" w="176" /><ent r="64" t="118" w="191" /><ent r="64" t="122" w="36" /><ent r="64" t="123" w="154" /><ent r="64" t="123" w="174" /><ent r="64" t="126" w="230" /><ent r="64" t="126" w="247" /><ent r="64" t="127" w="202" /><ent r="64" t="129" w="239" /><ent r="64" t="129" w="263" /><ent r="64" t="132" w="144" /><ent r="64" t="134" w="184" /><ent r="64" t="134" w="315" /><ent r="64" t="142" w="534" /><ent r="64" t="143" w="456" /><ent r="64" t="144" w="38" /><ent r="64" t="144" w="50" /><ent r="64" t="144" w="62" /><ent r="64" t="144" w="77" /><ent r="64" t="144" w="93" /><ent r="64" t="144" w="107" /><ent r="64" t="144" w="123" /><ent r="64" t="144" w="137" /><ent r="64" t="144" w="150" /><ent r="64" t="144" w="165" /><ent r="64" t="145" w="172" /><ent r="64" t="146" w="45" /><ent r="64" t="146" w="205" /><ent r="64" t="154" w="20" /><ent r="3" t="156" w="19" /><ent r="64" t="158" w="122" /><ent r="64" t="161" w="21" /><ent r="64" t="162" w="32" /><ent r="64" t="168" w="40" /><ent r="64" t="189" w="22" /><ent r="64" t="196" w="25" /><ent r="65" t="203" w="174" /><ent r="64" t="205" w="18" /><ent r="64" t="208" w="97" /><ent r="64" t="210" w="55" /><ent r="64" t="218" w="72" /><ent r="64" t="219" w="20" /><ent r="64" t="220" w="34" /><ent r="64" t="222" w="45" /><ent r="64" t="223" w="144" /><ent r="64" t="223" w="669" /><ent r="64" t="226" w="87" /><ent r="65" t="227" w="324" /><ent r="64" t="228" w="302" /><ent r="64" t="229" w="33" /><ent r="64" t="229" w="296" /><ent r="64" t="232" w="52" /><ent r="64" t="239" w="51" /><ent r="3" t="239" w="64" /><ent r="64" t="239" w="69" /><ent r="64" t="239" w="84" /><ent r="64" t="239" w="107" /><ent r="64" t="246" w="172" /><ent r="64" t="246" w="211" /><ent r="64" t="247" w="56" /><ent r="64" t="247" w="67" /><ent r="64" t="247" w="117" /><ent r="64" t="247" w="129" /><ent r="64" t="247" w="226" /><ent r="64" t="247" w="320" /><ent r="64" t="248" w="37" /><ent r="64" t="249" w="34" /><ent r="64" t="250" w="37" /><ent r="64" t="251" w="35" /><ent r="64" t="252" w="62" /><ent r="64" t="252" w="100" /><ent r="64" t="253" w="339" /><ent r="64" t="255" w="62" /><ent r="64" t="255" w="107" /><ent r="64" t="255" w="132" /><ent r="64" t="255" w="152" /><ent r="65" t="255" w="171" /><ent r="65" t="255" w="193" /><ent r="64" t="257" w="42" /><ent r="64" t="260" w="159" /><ent r="64" t="260" w="361" /><ent r="64" t="261" w="144" /><ent r="64" t="261" w="153" /><ent r="3" t="268" w="389" /><ent r="64" t="271" w="49" /><ent r="64" t="273" w="55" /><ent r="64" t="273" w="74" /><ent r="65" t="273" w="109" /><ent r="64" t="273" w="143" /><ent r="64" t="273" w="164" /><ent r="3" t="273" w="179" /><ent r="64" t="273" w="186" /><ent r="65" t="278" w="140" /><ent r="65" t="278" w="201" /><ent r="65" t="280" w="32" /><ent r="65" t="280" w="35" /><ent r="65" t="280" w="40" /><ent r="64" t="280" w="68" /><ent r="64" t="280" w="96" /><ent r="64" t="281" w="72" /><ent r="64" t="282" w="63" /><ent r="64" t="282" w="255" /><ent r="64" t="283" w="72" /><ent r="64" t="283" w="102" /><ent r="64" t="283" w="158" /><ent r="64" t="283" w="168" /><ent r="64" t="283" w="273" /><ent r="64" t="283" w="384" /><ent r="64" t="284" w="48" /><ent r="64" t="293" w="247" /></phr><phr n="see"><ent r="3" t="15" w="337" /><ent r="3" t="15" w="407" /><ent r="3" t="20" w="541" /><ent r="3" t="35" w="65" /><ent r="3" t="39" w="186" /><ent r="3" t="42" w="11" /><ent r="3" t="42" w="18" /><ent r="3" t="43" w="46" /><ent r="3" t="44" w="263" /><ent r="3" t="45" w="13" /><ent r="3" t="50" w="57" /><ent r="5" t="66" w="448" /><ent r="5" t="66" w="516" /><ent r="6" t="92" w="401" /><ent r="3" t="95" w="35" /><ent r="4" t="113" w="111" /><ent r="3" t="117" w="247" /><ent r="3" t="127" w="59" /><ent r="3" t="191" w="181" /><ent r="3" t="193" w="31" /><ent r="3" t="272" w="346" /><ent r="3" t="277" w="259" /><ent r="3" t="283" w="156" /><ent r="3" t="283" w="166" /><ent r="3" t="283" w="260" /><ent r="3" t="283" w="372" /><ent r="64" t="284" w="65" /><ent r="3" t="285" w="234" /><ent r="3" t="288" w="16" /><ent r="3" t="288" w="30" /><ent r="3" t="289" w="73" /><ent r="3" t="289" w="85" /><ent r="3" t="289" w="170" /><ent r="3" t="290" w="49" /><ent r="3" t="291" w="49" /><ent r="3" t="292" w="66" /><ent r="3" t="292" w="91" /><ent r="5" t="294" w="187" /><ent r="3" t="299" w="93" /><ent r="6" t="299" w="422" /><ent r="3" t="306" w="291" /></phr><phr n="sees"><ent r="3" t="35" w="438" /><ent r="3" t="35" w="455" /><ent r="5" t="66" w="623" /><ent r="5" t="66" w="711" /><ent r="3" t="76" w="918" /><ent r="3" t="76" w="935" /><ent r="4" t="96" w="1017" /><ent r="3" t="228" w="48" /></phr></stem><stem n="&quot;get"><phr n="&quot;Getting"><ent r="64" t="8" w="51" /></phr></stem><stem n="&quot;"><phr n="&quot;"><ent r="64" t="8" w="53" /><ent r="64" t="8" w="73" /><ent r="5" t="8" w="145" /><ent r="5" t="8" w="250" /><ent r="64" t="8" w="333" /><ent r="64" t="8" w="355" /><ent r="64" t="8" w="382" /><ent r="64" t="8" w="395" /><ent r="64" t="9" w="242" /><ent r="5" t="10" w="532" /><ent r="5" t="10" w="597" /><ent r="64" t="12" w="54" /><ent r="64" t="12" w="420" /><ent r="64" t="12" w="438" /><ent r="64" t="14" w="1646" /><ent r="64" t="15" w="107" /><ent r="64" t="17" w="222" /><ent r="65" t="20" w="430" /><ent r="5" t="21" w="215" /><ent r="5" t="21" w="235" /><ent r="5" t="21" w="297" /><ent r="5" t="21" w="322" /><ent r="64" t="22" w="74" /><ent r="64" t="22" w="275" /><ent r="64" t="23" w="200" /><ent r="64" t="23" w="218" /><ent r="64" t="26" w="180" /><ent r="64" t="26" w="199" /><ent r="64" t="26" w="221" /><ent r="64" t="26" w="239" /><ent r="4" t="33" w="52" /><ent r="64" t="33" w="279" /><ent r="5" t="34" w="331" /><ent r="5" t="34" w="394" /><ent r="64" t="34" w="532" /><ent r="5" t="35" w="146" /><ent r="5" t="35" w="248" /><ent r="64" t="38" w="485" /><ent r="64" t="38" w="516" /><ent r="64" t="38" w="539" /><ent r="64" t="40" w="246" /><ent r="64" t="40" w="259" /><ent r="64" t="40" w="300" /><ent r="64" t="41" w="234" /><ent r="64" t="41" w="247" /><ent r="64" t="42" w="755" /><ent r="64" t="44" w="278" /><ent r="64" t="44" w="297" /><ent r="64" t="44" w="312" /><ent r="5" t="45" w="104" /><ent r="5" t="45" w="112" /><ent r="5" t="45" w="218" /><ent r="5" t="45" w="226" /><ent r="5" t="45" w="382" /><ent r="5" t="45" w="390" /><ent r="5" t="45" w="444" /><ent r="5" t="45" w="452" /><ent r="5" t="45" w="523" /><ent r="5" t="45" w="531" /><ent r="5" t="45" w="573" /><ent r="5" t="45" w="581" /><ent r="64" t="45" w="676" /><ent r="64" t="48" w="189" /><ent r="64" t="48" w="238" /><ent r="64" t="48" w="253" /><ent r="64" t="49" w="45" /><ent r="5" t="49" w="526" /><ent r="5" t="49" w="636" /><ent r="64" t="49" w="982" /><ent r="5" t="49" w="1052" /><ent r="5" t="49" w="1122" /><ent r="5" t="49" w="1187" /><ent r="5" t="49" w="1270" /><ent r="5" t="50" w="725" /><ent r="5" t="50" w="796" /><ent r="5" t="50" w="992" /><ent r="5" t="50" w="1002" /><ent r="5" t="50" w="1048" /><ent r="5" t="50" w="1064" /><ent r="64" t="51" w="166" /><ent r="64" t="51" w="201" /><ent r="64" t="53" w="34" /><ent r="64" t="56" w="378" /><ent r="64" t="56" w="397" /><ent r="64" t="59" w="94" /><ent r="64" t="59" w="278" /><ent r="64" t="60" w="36" /><ent r="5" t="60" w="229" /><ent r="5" t="60" w="300" /><ent r="5" t="63" w="91" /><ent r="5" t="63" w="109" /><ent r="5" t="63" w="183" /><ent r="5" t="63" w="199" /><ent r="64" t="65" w="43" /><ent r="64" t="65" w="54" /><ent r="64" t="65" w="100" /><ent r="64" t="65" w="174" /><ent r="64" t="65" w="191" /><ent r="64" t="65" w="258" /><ent r="64" t="65" w="287" /><ent r="64" t="69" w="72" /><ent r="5" t="70" w="351" /><ent r="5" t="70" w="487" /><ent r="5" t="70" w="715" /><ent r="5" t="70" w="815" /><ent r="64" t="73" w="178" /><ent r="64" t="73" w="291" /><ent r="5" t="74" w="326" /><ent r="5" t="74" w="414" /><ent r="5" t="74" w="978" /><ent r="5" t="74" w="1060" /><ent r="5" t="75" w="268" /><ent r="5" t="75" w="359" /><ent r="5" t="75" w="874" /><ent r="5" t="75" w="958" /><ent r="5" t="76" w="243" /><ent r="5" t="76" w="335" /><ent r="5" t="76" w="626" /><ent r="5" t="76" w="728" /><ent r="64" t="77" w="118" /><ent r="64" t="77" w="131" /><ent r="64" t="77" w="149" /><ent r="64" t="78" w="271" /><ent r="64" t="79" w="43" /><ent r="64" t="79" w="77" /><ent r="64" t="79" w="99" /><ent r="64" t="79" w="125" /><ent r="64" t="79" w="148" /><ent r="64" t="79" w="165" /><ent r="64" t="79" w="183" /><ent r="64" t="79" w="218" /><ent r="64" t="79" w="234" /><ent r="64" t="91" w="62" /><ent r="64" t="91" w="80" /><ent r="4" t="93" w="86" /><ent r="4" t="93" w="141" /><ent r="64" t="94" w="66" /><ent r="64" t="94" w="89" /><ent r="64" t="96" w="44" /><ent r="5" t="96" w="370" /><ent r="5" t="96" w="480" /><ent r="5" t="96" w="716" /><ent r="5" t="96" w="734" /><ent r="5" t="96" w="769" /><ent r="5" t="96" w="859" /><ent r="5" t="96" w="883" /><ent r="5" t="96" w="924" /><ent r="5" t="99" w="713" /><ent r="5" t="99" w="835" /><ent r="64" t="107" w="63" /><ent r="64" t="107" w="104" /><ent r="64" t="107" w="128" /><ent r="64" t="108" w="113" /><ent r="5" t="109" w="145" /><ent r="5" t="109" w="198" /><ent r="5" t="109" w="327" /><ent r="5" t="109" w="340" /><ent r="5" t="109" w="366" /><ent r="5" t="109" w="437" /><ent r="5" t="109" w="450" /><ent r="64" t="112" w="56" /><ent r="5" t="112" w="1240" /><ent r="5" t="112" w="1308" /><ent r="64" t="118" w="112" /><ent r="64" t="118" w="128" /><ent r="64" t="118" w="180" /><ent r="64" t="118" w="195" /><ent r="5" t="120" w="82" /><ent r="5" t="120" w="91" /><ent r="5" t="120" w="115" /><ent r="5" t="120" w="124" /><ent r="5" t="120" w="183" /><ent r="5" t="120" w="214" /><ent r="64" t="122" w="40" /><ent r="64" t="123" w="160" /><ent r="64" t="123" w="180" /><ent r="64" t="126" w="233" /><ent r="64" t="126" w="254" /><ent r="64" t="127" w="209" /><ent r="64" t="129" w="244" /><ent r="3" t="131" w="140" /><ent r="64" t="132" w="148" /><ent r="64" t="142" w="537" /><ent r="64" t="143" w="460" /><ent r="64" t="144" w="42" /><ent r="64" t="144" w="53" /><ent r="64" t="144" w="65" /><ent r="64" t="144" w="80" /><ent r="64" t="144" w="96" /><ent r="64" t="144" w="110" /><ent r="64" t="144" w="126" /><ent r="64" t="144" w="140" /><ent r="64" t="144" w="153" /><ent r="64" t="144" w="168" /><ent r="64" t="145" w="175" /><ent r="64" t="146" w="48" /><ent r="64" t="146" w="208" /><ent r="5" t="147" w="277" /><ent r="5" t="147" w="285" /><ent r="5" t="147" w="311" /><ent r="5" t="147" w="320" /><ent r="5" t="147" w="355" /><ent r="5" t="147" w="363" /><ent r="5" t="147" w="389" /><ent r="5" t="147" w="398" /><ent r="64" t="158" w="127" /><ent r="64" t="161" w="25" /><ent r="64" t="168" w="44" /><ent r="65" t="203" w="179" /><ent r="64" t="208" w="106" /><ent r="64" t="210" w="58" /><ent r="64" t="218" w="76" /><ent r="64" t="219" w="25" /><ent r="64" t="222" w="48" /><ent r="64" t="223" w="674" /><ent r="64" t="226" w="90" /><ent r="5" t="227" w="116" /><ent r="5" t="227" w="205" /><ent r="65" t="227" w="327" /><ent r="64" t="228" w="306" /><ent r="64" t="229" w="36" /><ent r="64" t="229" w="300" /><ent r="3" t="231" w="69" /><ent r="64" t="232" w="56" /><ent r="5" t="235" w="142" /><ent r="5" t="235" w="153" /><ent r="5" t="235" w="230" /><ent r="5" t="235" w="241" /><ent r="5" t="236" w="392" /><ent r="5" t="236" w="475" /><ent r="5" t="236" w="622" /><ent r="5" t="236" w="686" /><ent r="64" t="239" w="75" /><ent r="64" t="239" w="87" /><ent r="64" t="239" w="111" /><ent r="5" t="241" w="196" /><ent r="5" t="241" w="198" /><ent r="5" t="241" w="204" /><ent r="5" t="241" w="205" /><ent r="5" t="241" w="412" /><ent r="5" t="241" w="414" /><ent r="5" t="241" w="420" /><ent r="5" t="241" w="421" /><ent r="64" t="246" w="177" /><ent r="64" t="246" w="214" /><ent r="64" t="247" w="59" /><ent r="64" t="247" w="71" /><ent r="64" t="247" w="121" /><ent r="64" t="247" w="133" /><ent r="64" t="247" w="228" /><ent r="64" t="248" w="42" /><ent r="64" t="249" w="39" /><ent r="64" t="250" w="42" /><ent r="64" t="251" w="40" /><ent r="64" t="252" w="65" /><ent r="64" t="252" w="104" /><ent r="5" t="253" w="87" /><ent r="5" t="253" w="127" /><ent r="5" t="253" w="201" /><ent r="5" t="253" w="259" /><ent r="64" t="253" w="343" /><ent r="5" t="253" w="361" /><ent r="5" t="253" w="381" /><ent r="5" t="253" w="441" /><ent r="5" t="253" w="478" /><ent r="64" t="255" w="110" /><ent r="64" t="255" w="133" /><ent r="64" t="255" w="138" /><ent r="64" t="255" w="157" /><ent r="65" t="255" w="176" /><ent r="65" t="255" w="198" /><ent r="4" t="258" w="246" /><ent r="64" t="260" w="164" /><ent r="64" t="260" w="364" /><ent r="64" t="261" w="151" /><ent r="64" t="261" w="159" /><ent r="3" t="267" w="146" /><ent r="3" t="270" w="220" /><ent r="64" t="271" w="52" /><ent r="64" t="273" w="59" /><ent r="64" t="273" w="78" /><ent r="65" t="273" w="113" /><ent r="64" t="273" w="151" /><ent r="64" t="273" w="167" /><ent r="64" t="273" w="193" /><ent r="5" t="277" w="176" /><ent r="5" t="277" w="227" /><ent r="65" t="278" w="144" /><ent r="65" t="278" w="205" /><ent r="65" t="280" w="39" /><ent r="65" t="280" w="43" /><ent r="64" t="280" w="74" /><ent r="64" t="280" w="101" /><ent r="64" t="281" w="75" /><ent r="5" t="281" w="395" /><ent r="5" t="281" w="398" /><ent r="5" t="281" w="513" /><ent r="5" t="281" w="516" /><ent r="64" t="282" w="70" /><ent r="64" t="283" w="75" /><ent r="64" t="283" w="105" /><ent r="64" t="283" w="161" /><ent r="64" t="283" w="172" /><ent r="64" t="283" w="388" /><ent r="64" t="284" w="51" /><ent r="3" t="289" w="194" /><ent r="3" t="290" w="165" /><ent r="3" t="290" w="201" /><ent r="3" t="290" w="237" /><ent r="3" t="291" w="86" /><ent r="3" t="292" w="84" /><ent r="3" t="292" w="268" /><ent r="64" t="293" w="252" /><ent r="5" t="297" w="141" /><ent r="5" t="297" w="145" /><ent r="5" t="297" w="155" /><ent r="5" t="297" w="160" /><ent r="5" t="297" w="164" /><ent r="5" t="297" w="171" /><ent r="5" t="297" w="182" /><ent r="5" t="297" w="189" /><ent r="5" t="297" w="199" /><ent r="5" t="297" w="202" /><ent r="5" t="297" w="206" /><ent r="5" t="297" w="209" /><ent r="5" t="297" w="213" /><ent r="5" t="297" w="217" /><ent r="5" t="297" w="221" /><ent r="5" t="297" w="225" /><ent r="5" t="297" w="229" /><ent r="5" t="297" w="236" /><ent r="5" t="297" w="240" /><ent r="5" t="297" w="247" /><ent r="5" t="297" w="251" /><ent r="5" t="297" w="255" /><ent r="5" t="297" w="271" /><ent r="5" t="297" w="277" /><ent r="5" t="297" w="287" /><ent r="5" t="297" w="293" /><ent r="5" t="297" w="303" /><ent r="5" t="297" w="310" /><ent r="5" t="297" w="320" /><ent r="5" t="297" w="327" /><ent r="5" t="297" w="337" /><ent r="5" t="297" w="344" /><ent r="5" t="297" w="354" /><ent r="5" t="297" w="361" /><ent r="5" t="297" w="371" /><ent r="5" t="297" w="377" /><ent r="5" t="297" w="387" /><ent r="5" t="297" w="394" /><ent r="5" t="297" w="422" /><ent r="5" t="297" w="435" /><ent r="5" t="297" w="439" /><ent r="5" t="297" w="446" /><ent r="5" t="297" w="456" /><ent r="5" t="297" w="462" /><ent r="5" t="297" w="472" /><ent r="5" t="297" w="476" /><ent r="5" t="297" w="528" /><ent r="5" t="297" w="533" /><ent r="5" t="297" w="537" /><ent r="5" t="297" w="541" /><ent r="5" t="297" w="551" /><ent r="5" t="297" w="564" /><ent r="5" t="297" w="568" /><ent r="5" t="297" w="579" /><ent r="5" t="298" w="117" /><ent r="5" t="298" w="120" /><ent r="5" t="298" w="130" /><ent r="5" t="298" w="133" /><ent r="5" t="298" w="143" /><ent r="5" t="298" w="146" /><ent r="5" t="298" w="156" /><ent r="5" t="298" w="159" /><ent r="5" t="298" w="163" /><ent r="5" t="298" w="166" /><ent r="5" t="298" w="182" /><ent r="5" t="298" w="185" /><ent r="5" t="298" w="189" /><ent r="5" t="298" w="192" /><ent r="5" t="298" w="196" /><ent r="5" t="298" w="203" /><ent r="5" t="298" w="207" /><ent r="5" t="298" w="210" /><ent r="5" t="298" w="214" /><ent r="5" t="298" w="217" /><ent r="5" t="298" w="233" /><ent r="5" t="298" w="239" /><ent r="5" t="298" w="249" /><ent r="5" t="298" w="256" /><ent r="5" t="298" w="278" /><ent r="5" t="298" w="281" /><ent r="5" t="298" w="291" /><ent r="5" t="298" w="294" /><ent r="5" t="298" w="304" /><ent r="5" t="298" w="307" /><ent r="5" t="298" w="317" /><ent r="5" t="298" w="320" /><ent r="5" t="298" w="330" /><ent r="5" t="298" w="335" /><ent r="5" t="298" w="345" /><ent r="5" t="298" w="348" /><ent r="5" t="298" w="428" /><ent r="5" t="298" w="431" /><ent r="5" t="298" w="441" /><ent r="5" t="298" w="446" /><ent r="5" t="298" w="450" /><ent r="5" t="298" w="454" /><ent r="5" t="298" w="470" /><ent r="5" t="298" w="474" /><ent r="3" t="305" w="17" /><ent r="4" t="306" w="595" /><ent r="3" t="307" w="37" /><ent r="4" t="307" w="75" /></phr></stem></index>