﻿<?xml version="1.0" encoding="utf-8"?><index><stem n="jodi"><phr n="jodie"><ent r="4" t="42" w="370" /><ent r="4" t="42" w="375" /><ent r="4" t="42" w="449" /><ent r="4" t="42" w="464" /><ent r="4" t="42" w="567" /><ent r="4" t="42" w="612" /><ent r="4" t="42" w="810" /><ent r="4" t="42" w="838" /><ent r="4" t="42" w="842" /><ent r="4" t="42" w="859" /><ent r="4" t="42" w="863" /><ent r="4" t="42" w="891" /><ent r="4" t="46" w="54" /><ent r="4" t="46" w="57" /><ent r="4" t="46" w="107" /><ent r="4" t="46" w="117" /><ent r="4" t="46" w="128" /><ent r="4" t="46" w="181" /><ent r="4" t="46" w="188" /><ent r="4" t="46" w="238" /><ent r="4" t="46" w="257" /><ent r="4" t="46" w="277" /><ent r="4" t="274" w="93" /><ent r="4" t="274" w="98" /><ent r="4" t="274" w="172" /><ent r="4" t="274" w="187" /><ent r="4" t="275" w="162" /><ent r="4" t="275" w="165" /><ent r="4" t="275" w="215" /><ent r="4" t="275" w="225" /><ent r="4" t="275" w="236" /><ent r="4" t="275" w="289" /><ent r="4" t="275" w="296" /><ent r="4" t="275" w="346" /><ent r="4" t="275" w="365" /><ent r="4" t="275" w="385" /></phr></stem><stem n="queryforjodi"><phr n="QueryForJodie"><ent r="4" t="42" w="371" /><ent r="4" t="42" w="454" /><ent r="4" t="46" w="55" /><ent r="4" t="46" w="118" /><ent r="4" t="46" w="186" /><ent r="4" t="46" w="262" /><ent r="4" t="274" w="94" /><ent r="4" t="274" w="177" /><ent r="4" t="275" w="163" /><ent r="4" t="275" w="226" /><ent r="4" t="275" w="294" /><ent r="4" t="275" w="370" /></phr></stem><stem n="(container);"><phr n="(container);"><ent r="4" t="42" w="373" /><ent r="4" t="45" w="99" /><ent r="4" t="45" w="155" /><ent r="4" t="45" w="377" /><ent r="4" t="45" w="518" /><ent r="4" t="46" w="57" /><ent r="4" t="46" w="120" /><ent r="4" t="56" w="56" /><ent r="4" t="56" w="197" /><ent r="4" t="56" w="255" /><ent r="4" t="57" w="178" /><ent r="4" t="58" w="73" /><ent r="4" t="58" w="221" /><ent r="4" t="74" w="180" /><ent r="4" t="76" w="108" /><ent r="4" t="99" w="912" /><ent r="4" t="251" w="288" /><ent r="4" t="274" w="96" /><ent r="4" t="275" w="165" /><ent r="4" t="275" w="228" /></phr></stem><stem n="julia"><phr n="julia"><ent r="4" t="42" w="374" /><ent r="5" t="42" w="388" /><ent r="4" t="42" w="403" /><ent r="5" t="42" w="413" /><ent r="4" t="42" w="429" /><ent r="4" t="42" w="459" /><ent r="5" t="42" w="477" /><ent r="4" t="42" w="492" /><ent r="5" t="42" w="502" /><ent r="4" t="42" w="523" /><ent r="4" t="42" w="566" /><ent r="4" t="42" w="575" /><ent r="4" t="42" w="579" /><ent r="4" t="42" w="585" /><ent r="4" t="42" w="607" /><ent r="4" t="42" w="620" /><ent r="4" t="42" w="624" /><ent r="4" t="42" w="635" /><ent r="4" t="274" w="97" /><ent r="5" t="274" w="111" /><ent r="4" t="274" w="126" /><ent r="5" t="274" w="136" /><ent r="4" t="274" w="152" /><ent r="4" t="274" w="182" /><ent r="5" t="274" w="200" /><ent r="4" t="274" w="215" /><ent r="5" t="274" w="225" /><ent r="4" t="274" w="246" /></phr></stem><stem n="jodie.moth"><phr n="jodie.Mother"><ent r="4" t="42" w="376" /><ent r="4" t="42" w="375" /><ent r="4" t="42" w="465" /><ent r="4" t="42" w="464" /><ent r="4" t="42" w="568" /><ent r="4" t="42" w="567" /><ent r="4" t="42" w="613" /><ent r="4" t="42" w="612" /><ent r="4" t="274" w="99" /><ent r="4" t="274" w="98" /><ent r="4" t="274" w="188" /><ent r="4" t="274" w="187" /></phr></stem><stem n="jodie.mother.moth"><phr n="jodie.Mother.Mother"><ent r="4" t="42" w="377" /><ent r="4" t="42" w="375" /><ent r="4" t="42" w="466" /><ent r="4" t="42" w="464" /><ent r="4" t="42" w="569" /><ent r="4" t="42" w="567" /><ent r="4" t="42" w="614" /><ent r="4" t="42" w="612" /><ent r="4" t="274" w="100" /><ent r="4" t="274" w="98" /><ent r="4" t="274" w="189" /><ent r="4" t="274" w="187" /></phr></stem><stem n="jodie.mother.mother.moth"><phr n="jodie.Mother.Mother.Mother"><ent r="4" t="42" w="378" /><ent r="4" t="42" w="375" /><ent r="4" t="42" w="467" /><ent r="4" t="42" w="464" /><ent r="4" t="42" w="570" /><ent r="4" t="42" w="567" /><ent r="4" t="42" w="615" /><ent r="4" t="42" w="612" /><ent r="4" t="274" w="101" /><ent r="4" t="274" w="98" /><ent r="4" t="274" w="190" /><ent r="4" t="274" w="187" /></phr></stem><stem n="jodie.mother.mother.mother.moth"><phr n="jodie.Mother.Mother.Mother.Mother"><ent r="4" t="42" w="379" /><ent r="4" t="42" w="375" /><ent r="4" t="42" w="468" /><ent r="4" t="42" w="464" /><ent r="4" t="42" w="571" /><ent r="4" t="42" w="567" /><ent r="4" t="42" w="616" /><ent r="4" t="42" w="612" /><ent r="4" t="274" w="102" /><ent r="4" t="274" w="98" /><ent r="4" t="274" w="191" /><ent r="4" t="274" w="187" /></phr></stem><stem n="jodie.mother.mother.mother.mother.moth"><phr n="jodie.Mother.Mother.Mother.Mother.Mother"><ent r="4" t="42" w="380" /><ent r="4" t="42" w="375" /><ent r="4" t="42" w="469" /><ent r="4" t="42" w="464" /><ent r="4" t="42" w="572" /><ent r="4" t="42" w="567" /><ent r="4" t="42" w="617" /><ent r="4" t="42" w="612" /><ent r="4" t="274" w="103" /><ent r="4" t="274" w="98" /><ent r="4" t="274" w="192" /><ent r="4" t="274" w="187" /></phr></stem><stem n=".mother.mother.mother.mother.mother;"><phr n=".Mother.Mother.Mother.Mother.Mother;"><ent r="4" t="42" w="381" /><ent r="4" t="42" w="573" /><ent r="4" t="274" w="104" /></phr></stem><stem n="julia.nam"><phr n="julia.Name"><ent r="4" t="42" w="404" /><ent r="4" t="42" w="403" /><ent r="4" t="42" w="493" /><ent r="4" t="42" w="492" /><ent r="4" t="42" w="580" /><ent r="4" t="42" w="579" /><ent r="4" t="42" w="625" /><ent r="4" t="42" w="624" /><ent r="4" t="274" w="127" /><ent r="4" t="274" w="126" /><ent r="4" t="274" w="216" /><ent r="4" t="274" w="215" /></phr></stem><stem n=".writeline(julia.name);"><phr n=".WriteLine(julia.Name);"><ent r="4" t="42" w="405" /><ent r="4" t="42" w="581" /><ent r="4" t="274" w="128" /></phr></stem><stem n="nullpointerexcept"><phr n="NullPointerException"><ent r="5" t="42" w="410" /><ent r="5" t="42" w="499" /><ent r="5" t="274" w="133" /><ent r="5" t="274" w="222" /></phr></stem><stem n="joannanam"><phr n="joannaName"><ent r="4" t="42" w="428" /><ent r="4" t="42" w="517" /><ent r="4" t="42" w="584" /><ent r="4" t="42" w="590" /><ent r="4" t="42" w="629" /><ent r="4" t="274" w="151" /><ent r="4" t="274" w="240" /></phr></stem><stem n="julia.moth"><phr n="julia.Mother"><ent r="4" t="42" w="430" /><ent r="4" t="42" w="429" /><ent r="4" t="42" w="524" /><ent r="4" t="42" w="523" /><ent r="4" t="42" w="586" /><ent r="4" t="42" w="585" /><ent r="4" t="42" w="636" /><ent r="4" t="42" w="635" /><ent r="4" t="274" w="153" /><ent r="4" t="274" w="152" /><ent r="4" t="274" w="247" /><ent r="4" t="274" w="246" /></phr></stem><stem n="julia.mother.nam"><phr n="julia.Mother.Name"><ent r="4" t="42" w="431" /><ent r="4" t="42" w="429" /><ent r="4" t="42" w="525" /><ent r="4" t="42" w="523" /><ent r="4" t="42" w="587" /><ent r="4" t="42" w="585" /><ent r="4" t="42" w="637" /><ent r="4" t="42" w="635" /><ent r="4" t="274" w="154" /><ent r="4" t="274" w="152" /><ent r="4" t="274" w="248" /><ent r="4" t="274" w="246" /></phr></stem><stem n=".mother.name;"><phr n=".Mother.Name;"><ent r="4" t="42" w="432" /><ent r="4" t="42" w="588" /><ent r="4" t="274" w="155" /></phr></stem><stem n="activationdepthpitfal"><phr n="ActivationDepthPitfall"><ent r="4" t="42" w="433" /><ent r="4" t="42" w="527" /><ent r="4" t="42" w="592" /><ent r="4" t="42" w="639" /><ent r="4" t="42" w="845" /><ent r="4" t="42" w="894" /><ent r="4" t="274" w="156" /><ent r="4" t="274" w="250" /></phr></stem><stem n="activationdepthpitfall.c"><phr n="ActivationDepthPitfall.cs"><ent r="4" t="42" w="434" /><ent r="4" t="42" w="433" /><ent r="4" t="42" w="593" /><ent r="4" t="42" w="592" /><ent r="4" t="42" w="846" /><ent r="4" t="42" w="845" /><ent r="4" t="274" w="157" /><ent r="4" t="274" w="156" /></phr></stem><stem n="(container)"><phr n="(container)"><ent r="4" t="42" w="456" /><ent r="4" t="45" w="213" /><ent r="4" t="45" w="281" /><ent r="4" t="45" w="439" /><ent r="4" t="45" w="568" /><ent r="4" t="46" w="188" /><ent r="4" t="46" w="264" /><ent r="4" t="56" w="112" /><ent r="4" t="56" w="222" /><ent r="4" t="56" w="298" /><ent r="4" t="57" w="215" /><ent r="4" t="58" w="133" /><ent r="4" t="58" w="277" /><ent r="4" t="74" w="233" /><ent r="4" t="74" w="865" /><ent r="4" t="74" w="1013" /><ent r="4" t="75" w="759" /><ent r="4" t="75" w="911" /><ent r="4" t="76" w="161" /><ent r="4" t="99" w="988" /><ent r="4" t="251" w="364" /><ent r="4" t="274" w="179" /><ent r="4" t="275" w="296" /><ent r="4" t="275" w="372" /></phr></stem><stem n=".mother.mother.mother.mother.moth"><phr n=".Mother.Mother.Mother.Mother.Mother"><ent r="4" t="42" w="469" /><ent r="4" t="42" w="617" /><ent r="4" t="274" w="192" /></phr></stem><stem n=".writeline(julia.name)"><phr n=".WriteLine(julia.Name)"><ent r="4" t="42" w="494" /><ent r="4" t="42" w="626" /><ent r="4" t="274" w="217" /></phr></stem><stem n=".mother.nam"><phr n=".Mother.Name"><ent r="4" t="42" w="525" /><ent r="4" t="42" w="637" /><ent r="4" t="274" w="248" /></phr></stem><stem n="activationdepthpitfall.vb"><phr n="ActivationDepthPitfall.vb"><ent r="4" t="42" w="528" /><ent r="4" t="42" w="527" /><ent r="4" t="42" w="640" /><ent r="4" t="42" w="639" /><ent r="4" t="42" w="895" /><ent r="4" t="42" w="894" /><ent r="4" t="274" w="251" /><ent r="4" t="274" w="250" /></phr></stem><stem n="container.activ"><phr n="container.Activate"><ent r="4" t="42" w="574" /><ent r="4" t="42" w="573" /><ent r="4" t="42" w="619" /><ent r="4" t="42" w="618" /></phr></stem><stem n="julia,5"><phr n="julia,5"><ent r="4" t="42" w="576" /><ent r="4" t="42" w="575" /></phr></stem><stem n=".activate(julia,5);"><phr n=".Activate(julia,5);"><ent r="4" t="42" w="577" /></phr></stem><stem n=".writeline(joannaname);"><phr n=".WriteLine(joannaName);"><ent r="4" t="42" w="591" /></phr></stem><stem n="fix"><phr n="Fix"><ent r="4" t="42" w="594" /><ent r="4" t="42" w="641" /><ent r="5" t="259" w="162" /><ent r="5" t="259" w="189" /></phr><phr n="fixes"><ent r="4" t="46" w="386" /><ent r="4" t="46" w="427" /><ent r="4" t="275" w="490" /><ent r="4" t="275" w="531" /></phr><phr n="fix"><ent r="3" t="77" w="53" /><ent r="3" t="132" w="97" /><ent r="3" t="275" w="441" /><ent r="3" t="292" w="248" /><ent r="4" t="294" w="147" /><ent r="3" t="301" w="160" /></phr><phr n="fixed"><ent r="3" t="185" w="33" /><ent r="2" t="238" w="44" /><ent r="4" t="259" w="275" /><ent r="4" t="259" w="404" /></phr></stem><stem n=".activate(julia,"><phr n=".Activate(julia,"><ent r="4" t="42" w="621" /></phr></stem><stem n="cascad"><phr n="cascade"><ent r="64" t="42" w="681" /><ent r="3" t="48" w="149" /><ent r="3" t="244" w="412" /><ent r="3" t="244" w="456" /><ent r="3" t="274" w="419" /><ent r="3" t="290" w="97" /></phr><phr n="cascading"><ent r="3" t="45" w="633" /><ent r="3" t="48" w="103" /><ent r="3" t="56" w="370" /><ent r="3" t="57" w="33" /><ent r="4" t="57" w="99" /><ent r="4" t="57" w="150" /><ent r="65" t="274" w="349" /><ent r="64" t="282" w="193" /></phr><phr n="cascaded"><ent r="3" t="48" w="84" /></phr><phr n="Cascading"><ent r="92" t="56" w="361" /><ent r="64" t="56" w="376" /><ent r="1000" t="57" w="1" /><ent r="102" t="57" w="4" /><ent r="4" t="95" w="152" /><ent r="4" t="95" w="155" /></phr><phr n="Cascade"><ent r="4" t="57" w="197" /><ent r="4" t="57" w="236" /><ent r="100" t="209" w="5" /><ent r="100" t="209" w="8" /><ent r="100" t="209" w="10" /><ent r="100" t="209" w="13" /><ent r="100" t="209" w="15" /><ent r="100" t="209" w="18" /><ent r="100" t="209" w="20" /><ent r="1000" t="211" w="1" /><ent r="102" t="211" w="5" /><ent r="1000" t="212" w="1" /><ent r="102" t="212" w="5" /><ent r="1000" t="213" w="1" /><ent r="102" t="213" w="5" /><ent r="92" t="223" w="293" /><ent r="92" t="223" w="434" /><ent r="92" t="223" w="557" /><ent r="92" t="244" w="403" /><ent r="92" t="274" w="383" /></phr><phr n="Cascaded"><ent r="4" t="98" w="17" /></phr><phr n="cascades"><ent r="3" t="211" w="14" /><ent r="3" t="212" w="14" /><ent r="3" t="213" w="30" /></phr></stem><stem n="rememb"><phr n="remember"><ent r="3" t="42" w="688" /><ent r="3" t="101" w="321" /><ent r="3" t="191" w="326" /></phr><phr n="Remember"><ent r="5" t="46" w="67" /><ent r="5" t="46" w="198" /><ent r="3" t="74" w="1090" /><ent r="3" t="120" w="63" /><ent r="3" t="120" w="164" /><ent r="3" t="265" w="461" /><ent r="5" t="275" w="175" /><ent r="5" t="275" w="306" /></phr></stem><stem n="save"><phr n="save"><ent r="3" t="42" w="698" /><ent r="3" t="67" w="40" /><ent r="3" t="169" w="86" /><ent r="8" t="228" w="132" /><ent r="3" t="231" w="93" /><ent r="3" t="292" w="185" /></phr><phr n="saving"><ent r="3" t="128" w="27" /><ent r="3" t="131" w="26" /></phr><phr n="saved"><ent r="3" t="147" w="27" /><ent r="3" t="259" w="60" /><ent r="4" t="259" w="116" /><ent r="4" t="277" w="139" /><ent r="4" t="286" w="235" /></phr><phr n="Save"><ent r="4" t="272" w="83" /><ent r="4" t="272" w="114" /><ent r="3" t="289" w="192" /><ent r="3" t="290" w="64" /><ent r="4" t="307" w="71" /></phr></stem><stem n="hurt"><phr n="hurt"><ent r="3" t="42" w="710" /></phr></stem><stem n="hassl"><phr n="hassle"><ent r="3" t="42" w="734" /></phr></stem><stem n="::deactiv"><phr n="::Deactivate"><ent r="100" t="42" w="757" /></phr></stem><stem n="deactiv"><phr n="Deactivate"><ent r="100" t="42" w="757" /><ent r="4" t="42" w="837" /><ent r="4" t="42" w="847" /><ent r="4" t="42" w="862" /><ent r="4" t="42" w="896" /></phr><phr n="Deactivation"><ent r="92" t="42" w="759" /><ent r="3" t="42" w="789" /></phr><phr n="deactivate"><ent r="3" t="42" w="766" /><ent r="3" t="42" w="771" /><ent r="3" t="54" w="105" /><ent r="3" t="135" w="183" /></phr><phr n="deactivated"><ent r="3" t="42" w="788" /><ent r="6" t="97" w="160" /><ent r="6" t="97" w="167" /><ent r="6" t="97" w="174" /><ent r="4" t="135" w="174" /><ent r="4" t="158" w="51" /></phr><phr n="deactivating"><ent r="6" t="97" w="153" /></phr></stem><stem n="rare"><phr n="rare"><ent r="3" t="42" w="793" /><ent r="3" t="178" w="94" /><ent r="3" t="240" w="338" /></phr><phr n="rarely"><ent r="4" t="59" w="307" /></phr></stem><stem n="inactiv"><phr n="inactivated"><ent r="3" t="42" w="802" /><ent r="3" t="145" w="115" /></phr></stem><stem n="jodie.nam"><phr n="jodie.Name"><ent r="4" t="42" w="811" /><ent r="4" t="42" w="810" /><ent r="4" t="42" w="843" /><ent r="4" t="42" w="842" /><ent r="4" t="42" w="860" /><ent r="4" t="42" w="859" /><ent r="4" t="42" w="892" /><ent r="4" t="42" w="891" /></phr></stem><stem n=".writeline(jodie.name);"><phr n=".WriteLine(jodie.Name);"><ent r="4" t="42" w="812" /><ent r="4" t="42" w="844" /></phr></stem><stem n="container.deactiv"><phr n="container.Deactivate"><ent r="4" t="42" w="837" /><ent r="4" t="42" w="836" /><ent r="4" t="42" w="862" /><ent r="4" t="42" w="861" /></phr></stem><stem n="jodie,5"><phr n="jodie,5"><ent r="4" t="42" w="839" /><ent r="4" t="42" w="838" /></phr></stem><stem n=".deactivate(jodie,5);"><phr n=".Deactivate(jodie,5);"><ent r="4" t="42" w="840" /></phr></stem><stem n=".writeline(jodie.name)"><phr n=".WriteLine(jodie.Name)"><ent r="4" t="42" w="861" /><ent r="4" t="42" w="893" /></phr></stem><stem n=".deactivate(jodie,"><phr n=".Deactivate(jodie,"><ent r="4" t="42" w="864" /></phr></stem><stem n=":transpar"><phr n=":Transparent"><ent r="100" t="43" w="5" /></phr></stem><stem n="lazi"><phr n="Lazy"><ent r="100" t="43" w="8" /><ent r="65" t="164" w="96" /><ent r="1000" t="166" w="1" /><ent r="100" t="166" w="4" /><ent r="102" t="166" w="7" /><ent r="3" t="166" w="12" /><ent r="4" t="166" w="221" /><ent r="3" t="166" w="423" /><ent r="100" t="167" w="4" /><ent r="3" t="167" w="20" /><ent r="3" t="167" w="211" /></phr><phr n="lazy"><ent r="4" t="164" w="93" /><ent r="3" t="166" w="73" /><ent r="4" t="166" w="336" /><ent r="4" t="166" w="392" /><ent r="3" t="241" w="23" /></phr></stem><stem n="-specif"><phr n="-specific"><ent r="3" t="43" w="17" /><ent r="3" t="43" w="17" /><ent r="3" t="90" w="25" /><ent r="3" t="90" w="25" /><ent r="4" t="102" w="46" /><ent r="4" t="102" w="46" /><ent r="3" t="127" w="20" /><ent r="3" t="127" w="20" /><ent r="3" t="127" w="61" /><ent r="3" t="127" w="61" /><ent r="6" t="143" w="304" /><ent r="6" t="143" w="304" /><ent r="3" t="209" w="34" /><ent r="3" t="209" w="34" /><ent r="8" t="247" w="162" /><ent r="8" t="247" w="162" /></phr></stem><stem n="db4o-specif"><phr n="db4o-specific"><ent r="3" t="43" w="17" /><ent r="3" t="90" w="25" /><ent r="3" t="127" w="20" /><ent r="3" t="127" w="61" /><ent r="8" t="247" w="162" /></phr></stem><stem n="cross"><phr n="cross"><ent r="3" t="43" w="62" /></phr></stem><stem n="cross-refer"><phr n="cross-references"><ent r="3" t="43" w="62" /></phr></stem><stem n="maintain"><phr n="maintain"><ent r="3" t="43" w="75" /><ent r="3" t="61" w="78" /><ent r="4" t="140" w="334" /><ent r="3" t="240" w="952" /><ent r="3" t="240" w="999" /><ent r="3" t="285" w="289" /><ent r="3" t="297" w="117" /></phr><phr n="Maintaining"><ent r="3" t="61" w="9" /><ent r="3" t="179" w="96" /></phr><phr n="maintaining"><ent r="3" t="179" w="38" /></phr><phr n="maintains"><ent r="3" t="179" w="58" /></phr><phr n="maintained"><ent r="3" t="179" w="95" /><ent r="3" t="179" w="121" /></phr><phr n="maintainable"><ent r="3" t="230" w="156" /></phr></stem><stem n="ta"><phr n="TA"><ent r="65" t="43" w="79" /><ent r="100" t="48" w="10" /><ent r="65" t="108" w="86" /><ent r="64" t="108" w="110" /></phr><phr n="ta"><ent r="7" t="92" w="119" /><ent r="7" t="92" w="134" /><ent r="7" t="92" w="154" /><ent r="7" t="92" w="170" /><ent r="6" t="92" w="419" /><ent r="7" t="92" w="429" /><ent r="7" t="92" w="496" /><ent r="7" t="92" w="521" /></phr></stem><stem n="store-method"><phr n="store-method"><ent r="3" t="44" w="24" /></phr></stem><stem n="what'"><phr n="what's"><ent r="3" t="44" w="67" /><ent r="3" t="44" w="66" /></phr><phr n="What's"><ent r="3" t="49" w="1316" /><ent r="3" t="49" w="1315" /></phr></stem><stem n="scope"><phr n="scope"><ent r="3" t="44" w="69" /><ent r="3" t="180" w="58" /><ent r="3" t="239" w="57" /><ent r="3" t="257" w="593" /><ent r="3" t="270" w="46" /></phr></stem><stem n="recognit"><phr n="Recognition"><ent r="92" t="44" w="85" /></phr></stem><stem n="-depth"><phr n="-depth"><ent r="64" t="44" w="241" /><ent r="64" t="44" w="241" /><ent r="3" t="44" w="266" /><ent r="3" t="44" w="266" /><ent r="3" t="46" w="20" /><ent r="3" t="46" w="20" /><ent r="5" t="46" w="138" /><ent r="5" t="46" w="138" /><ent r="5" t="46" w="287" /><ent r="5" t="46" w="287" /><ent r="3" t="48" w="81" /><ent r="3" t="48" w="81" /><ent r="4" t="140" w="392" /><ent r="4" t="140" w="392" /><ent r="3" t="146" w="27" /><ent r="3" t="146" w="27" /><ent r="3" t="146" w="72" /><ent r="3" t="146" w="72" /><ent r="4" t="146" w="97" /><ent r="4" t="146" w="97" /><ent r="4" t="146" w="124" /><ent r="4" t="146" w="124" /><ent r="3" t="197" w="175" /><ent r="3" t="197" w="175" /><ent r="3" t="198" w="176" /><ent r="3" t="198" w="176" /><ent r="6" t="209" w="315" /><ent r="6" t="209" w="315" /><ent r="3" t="222" w="27" /><ent r="3" t="222" w="27" /><ent r="3" t="228" w="226" /><ent r="3" t="228" w="226" /><ent r="65" t="274" w="330" /><ent r="65" t="274" w="330" /><ent r="4" t="274" w="336" /><ent r="4" t="274" w="336" /><ent r="3" t="274" w="389" /><ent r="3" t="274" w="389" /><ent r="3" t="275" w="39" /><ent r="3" t="275" w="39" /><ent r="64" t="275" w="68" /><ent r="64" t="275" w="68" /><ent r="5" t="275" w="246" /><ent r="5" t="275" w="246" /><ent r="5" t="275" w="395" /><ent r="5" t="275" w="395" /><ent r="3" t="275" w="436" /><ent r="3" t="275" w="436" /><ent r="3" t="275" w="449" /><ent r="3" t="275" w="449" /><ent r="3" t="275" w="595" /><ent r="3" t="275" w="595" /></phr></stem><stem n="update-depth"><phr n="update-depth"><ent r="64" t="44" w="241" /><ent r="3" t="44" w="266" /><ent r="3" t="45" w="85" /><ent r="3" t="46" w="20" /><ent r="5" t="46" w="138" /><ent r="5" t="46" w="287" /><ent r="4" t="47" w="116" /><ent r="4" t="140" w="392" /><ent r="6" t="143" w="383" /><ent r="3" t="146" w="27" /><ent r="3" t="146" w="72" /><ent r="4" t="146" w="97" /><ent r="4" t="146" w="124" /><ent r="6" t="209" w="315" /><ent r="3" t="222" w="27" /><ent r="3" t="273" w="71" /><ent r="3" t="275" w="39" /><ent r="64" t="275" w="68" /><ent r="3" t="275" w="101" /><ent r="5" t="275" w="246" /><ent r="5" t="275" w="395" /><ent r="3" t="275" w="436" /><ent r="3" t="275" w="449" /><ent r="3" t="275" w="595" /></phr></stem><stem n="affect"><phr n="affects"><ent r="3" t="44" w="268" /></phr><phr n="affected"><ent r="3" t="54" w="22" /><ent r="4" t="119" w="121" /><ent r="3" t="167" w="110" /><ent r="3" t="232" w="38" /><ent r="3" t="275" w="98" /></phr><phr n="affect"><ent r="3" t="191" w="111" /></phr></stem><stem n="reopen"><phr n="reopen"><ent r="3" t="45" w="45" /><ent r="5" t="148" w="80" /><ent r="5" t="148" w="127" /></phr></stem><stem n="surpris"><phr n="surprise"><ent r="3" t="45" w="56" /></phr></stem><stem n="car-nam"><phr n="car-name"><ent r="3" t="45" w="58" /></phr><phr n="Car-Name"><ent r="5" t="45" w="158" /><ent r="5" t="45" w="284" /></phr></stem><stem n="isn't."><phr n="isn't."><ent r="3" t="45" w="66" /><ent r="3" t="45" w="65" /></phr></stem><stem n="'t."><phr n="'t."><ent r="3" t="45" w="67" /><ent r="3" t="49" w="1315" /></phr></stem><stem n="polici"><phr n="policy"><ent r="3" t="45" w="77" /><ent r="3" t="121" w="23" /><ent r="3" t="126" w="180" /><ent r="4" t="255" w="169" /><ent r="65" t="309" w="139" /></phr></stem><stem n="-depth."><phr n="-depth."><ent r="3" t="45" w="87" /><ent r="3" t="45" w="87" /><ent r="4" t="47" w="87" /><ent r="4" t="47" w="87" /><ent r="4" t="47" w="118" /><ent r="4" t="47" w="118" /><ent r="6" t="143" w="120" /><ent r="6" t="143" w="120" /><ent r="6" t="143" w="385" /><ent r="6" t="143" w="385" /><ent r="6" t="209" w="264" /><ent r="6" t="209" w="264" /><ent r="6" t="209" w="272" /><ent r="6" t="209" w="272" /><ent r="3" t="273" w="73" /><ent r="3" t="273" w="73" /><ent r="3" t="275" w="103" /><ent r="3" t="275" w="103" /></phr></stem><stem n=".openfile(databasefile))"><phr n=".OpenFile(DatabaseFile))"><ent r="4" t="45" w="95" /><ent r="4" t="45" w="151" /><ent r="4" t="46" w="53" /><ent r="4" t="46" w="116" /><ent r="4" t="46" w="379" /><ent r="4" t="275" w="161" /><ent r="4" t="275" w="224" /><ent r="4" t="275" w="483" /></phr></stem><stem n="queryforcar"><phr n="QueryForCar"><ent r="4" t="45" w="97" /><ent r="4" t="45" w="153" /><ent r="4" t="45" w="211" /><ent r="4" t="45" w="279" /><ent r="4" t="45" w="375" /><ent r="4" t="45" w="437" /><ent r="4" t="45" w="516" /><ent r="4" t="45" w="566" /></phr></stem><stem n=".carnam"><phr n=".CarName"><ent r="4" t="45" w="100" /><ent r="4" t="45" w="214" /><ent r="4" t="45" w="378" /><ent r="4" t="45" w="440" /><ent r="4" t="45" w="519" /><ent r="4" t="45" w="569" /></phr></stem><stem n="car.carnam"><phr n="car.CarName"><ent r="4" t="45" w="100" /><ent r="4" t="45" w="99" /><ent r="4" t="45" w="163" /><ent r="4" t="45" w="162" /><ent r="4" t="45" w="214" /><ent r="4" t="45" w="213" /><ent r="4" t="45" w="288" /><ent r="4" t="45" w="287" /><ent r="4" t="45" w="378" /><ent r="4" t="45" w="377" /><ent r="4" t="45" w="440" /><ent r="4" t="45" w="439" /><ent r="4" t="45" w="519" /><ent r="4" t="45" w="518" /><ent r="4" t="45" w="569" /><ent r="4" t="45" w="568" /></phr></stem><stem n="carnam"><phr n="CarName"><ent r="4" t="45" w="100" /><ent r="4" t="45" w="163" /><ent r="4" t="45" w="214" /><ent r="4" t="45" w="288" /><ent r="4" t="45" w="378" /><ent r="4" t="45" w="440" /><ent r="4" t="45" w="519" /><ent r="4" t="45" w="569" /></phr></stem><stem n="car.driv"><phr n="car.Driver"><ent r="4" t="45" w="106" /><ent r="4" t="45" w="105" /><ent r="4" t="45" w="172" /><ent r="4" t="45" w="171" /><ent r="4" t="45" w="220" /><ent r="4" t="45" w="219" /><ent r="4" t="45" w="296" /><ent r="4" t="45" w="295" /><ent r="4" t="45" w="384" /><ent r="4" t="45" w="383" /><ent r="4" t="45" w="413" /><ent r="4" t="45" w="412" /><ent r="4" t="45" w="446" /><ent r="4" t="45" w="445" /><ent r="4" t="45" w="525" /><ent r="4" t="45" w="524" /><ent r="4" t="45" w="575" /><ent r="4" t="45" w="574" /></phr></stem><stem n=".driver.nam"><phr n=".Driver.Name"><ent r="4" t="45" w="107" /><ent r="4" t="45" w="221" /><ent r="4" t="45" w="385" /><ent r="4" t="45" w="447" /><ent r="4" t="45" w="526" /><ent r="4" t="45" w="576" /></phr></stem><stem n="car.driver.nam"><phr n="car.Driver.Name"><ent r="4" t="45" w="107" /><ent r="4" t="45" w="105" /><ent r="4" t="45" w="173" /><ent r="4" t="45" w="171" /><ent r="4" t="45" w="221" /><ent r="4" t="45" w="219" /><ent r="4" t="45" w="297" /><ent r="4" t="45" w="295" /><ent r="4" t="45" w="385" /><ent r="4" t="45" w="383" /><ent r="4" t="45" w="447" /><ent r="4" t="45" w="445" /><ent r="4" t="45" w="526" /><ent r="4" t="45" w="524" /><ent r="4" t="45" w="576" /><ent r="4" t="45" w="574" /></phr></stem><stem n="-updat"><phr n="-update"><ent r="5" t="45" w="116" /><ent r="5" t="45" w="116" /><ent r="5" t="45" w="229" /><ent r="5" t="45" w="229" /><ent r="5" t="46" w="80" /><ent r="5" t="46" w="80" /><ent r="5" t="46" w="211" /><ent r="5" t="46" w="211" /><ent r="3" t="275" w="121" /><ent r="3" t="275" w="121" /><ent r="5" t="275" w="188" /><ent r="5" t="275" w="188" /><ent r="5" t="275" w="319" /><ent r="5" t="275" w="319" /></phr></stem><stem n="default-upd"><phr n="default-update"><ent r="5" t="45" w="116" /><ent r="5" t="45" w="229" /><ent r="5" t="46" w="80" /><ent r="5" t="46" w="211" /><ent r="3" t="275" w="121" /><ent r="5" t="275" w="188" /><ent r="5" t="275" w="319" /></phr></stem><stem n="car-object"><phr n="car-object"><ent r="5" t="45" w="127" /><ent r="5" t="45" w="240" /></phr></stem><stem n=".store(car);"><phr n=".Store(car);"><ent r="4" t="45" w="143" /><ent r="4" t="45" w="410" /></phr></stem><stem n="&quot;car-name:&quot;"><phr n="&quot;Car-Name:&quot;"><ent r="5" t="45" w="160" /><ent r="5" t="45" w="286" /></phr></stem><stem n=".carname);"><phr n=".CarName);"><ent r="4" t="45" w="164" /></phr></stem><stem n="driver-nam"><phr n="Driver-Name"><ent r="5" t="45" w="167" /><ent r="5" t="45" w="292" /></phr></stem><stem n="&quot;driver-name:&quot;"><phr n="&quot;Driver-Name:&quot;"><ent r="5" t="45" w="169" /><ent r="5" t="45" w="294" /></phr></stem><stem n=".driver.name);"><phr n=".Driver.Name);"><ent r="4" t="45" w="174" /></phr></stem><stem n="updatedepthpitfal"><phr n="UpdateDepthPitfall"><ent r="4" t="45" w="175" /><ent r="4" t="45" w="303" /><ent r="4" t="45" w="415" /><ent r="4" t="45" w="472" /><ent r="4" t="45" w="545" /><ent r="4" t="45" w="588" /><ent r="4" t="46" w="153" /><ent r="4" t="46" w="307" /><ent r="4" t="46" w="380" /><ent r="4" t="46" w="421" /><ent r="4" t="275" w="261" /><ent r="4" t="275" w="415" /><ent r="4" t="275" w="484" /><ent r="4" t="275" w="525" /></phr></stem><stem n="updatedepthpitfall.c"><phr n="UpdateDepthPitfall.cs"><ent r="4" t="45" w="176" /><ent r="4" t="45" w="175" /><ent r="4" t="45" w="416" /><ent r="4" t="45" w="415" /><ent r="4" t="45" w="546" /><ent r="4" t="45" w="545" /><ent r="4" t="46" w="154" /><ent r="4" t="46" w="153" /><ent r="4" t="46" w="381" /><ent r="4" t="46" w="380" /><ent r="4" t="275" w="262" /><ent r="4" t="275" w="261" /><ent r="4" t="275" w="485" /><ent r="4" t="275" w="484" /></phr></stem></index>