﻿<?xml version="1.0" encoding="utf-8"?><index><stem n="configuration.common.diagnost"><phr n="configuration.Common.Diagnostic"><ent r="4" t="21" w="143" /><ent r="4" t="21" w="141" /><ent r="4" t="21" w="167" /><ent r="4" t="21" w="165" /><ent r="4" t="60" w="336" /><ent r="4" t="60" w="334" /><ent r="4" t="60" w="360" /><ent r="4" t="60" w="358" /><ent r="4" t="140" w="56" /><ent r="4" t="140" w="54" /><ent r="4" t="140" w="87" /><ent r="4" t="140" w="85" /><ent r="4" t="141" w="391" /><ent r="4" t="141" w="389" /><ent r="4" t="141" w="430" /><ent r="4" t="141" w="428" /><ent r="4" t="154" w="29" /><ent r="4" t="154" w="27" /><ent r="4" t="154" w="60" /><ent r="4" t="154" w="58" /></phr></stem><stem n="configuration.common.diagnostic.addlisten"><phr n="configuration.Common.Diagnostic.AddListener"><ent r="4" t="21" w="144" /><ent r="4" t="21" w="141" /><ent r="4" t="21" w="168" /><ent r="4" t="21" w="165" /><ent r="4" t="60" w="337" /><ent r="4" t="60" w="334" /><ent r="4" t="60" w="361" /><ent r="4" t="60" w="358" /><ent r="4" t="140" w="57" /><ent r="4" t="140" w="54" /><ent r="4" t="140" w="88" /><ent r="4" t="140" w="85" /><ent r="4" t="154" w="30" /><ent r="4" t="154" w="27" /><ent r="4" t="154" w="61" /><ent r="4" t="154" w="58" /></phr></stem><stem n="addlisten"><phr n="AddListener"><ent r="4" t="21" w="144" /><ent r="4" t="21" w="168" /><ent r="4" t="60" w="337" /><ent r="4" t="60" w="361" /><ent r="4" t="140" w="57" /><ent r="4" t="140" w="88" /><ent r="4" t="141" w="392" /><ent r="4" t="141" w="431" /><ent r="4" t="154" w="30" /><ent r="4" t="154" w="61" /></phr></stem><stem n=".common.diagnostic.addlistener("><phr n=".Common.Diagnostic.AddListener("><ent r="4" t="21" w="145" /><ent r="4" t="21" w="169" /><ent r="4" t="60" w="338" /><ent r="4" t="60" w="362" /><ent r="4" t="140" w="58" /><ent r="4" t="140" w="89" /><ent r="4" t="154" w="31" /><ent r="4" t="154" w="62" /></phr></stem><stem n="nativequerylisten"><phr n="NativeQueryListener"><ent r="4" t="21" w="148" /><ent r="4" t="21" w="172" /><ent r="4" t="21" w="191" /><ent r="4" t="21" w="254" /></phr></stem><stem n="());"><phr n="());"><ent r="4" t="21" w="149" /><ent r="4" t="29" w="346" /><ent r="4" t="29" w="467" /><ent r="4" t="30" w="343" /><ent r="4" t="31" w="1571" /><ent r="4" t="49" w="82" /><ent r="4" t="50" w="632" /><ent r="4" t="60" w="342" /><ent r="4" t="64" w="116" /><ent r="4" t="83" w="98" /><ent r="4" t="87" w="95" /><ent r="4" t="89" w="161" /><ent r="4" t="114" w="738" /><ent r="4" t="116" w="171" /><ent r="4" t="117" w="721" /><ent r="4" t="129" w="124" /><ent r="4" t="134" w="75" /><ent r="4" t="134" w="82" /><ent r="4" t="135" w="63" /><ent r="4" t="136" w="58" /><ent r="4" t="137" w="55" /><ent r="4" t="138" w="71" /><ent r="4" t="138" w="129" /><ent r="4" t="139" w="69" /><ent r="4" t="140" w="62" /><ent r="4" t="154" w="35" /><ent r="4" t="168" w="114" /><ent r="4" t="179" w="529" /><ent r="5" t="193" w="593" /><ent r="4" t="220" w="53" /><ent r="4" t="224" w="534" /><ent r="5" t="259" w="159" /><ent r="4" t="266" w="119" /><ent r="3" t="276" w="185" /><ent r="3" t="276" w="195" /><ent r="5" t="277" w="200" /><ent r="4" t="302" w="164" /></phr></stem><stem n="nativequerydiagnost"><phr n="NativeQueryDiagnostics"><ent r="4" t="21" w="150" /><ent r="4" t="21" w="174" /><ent r="4" t="21" w="239" /><ent r="4" t="21" w="339" /></phr></stem><stem n="nativequerydiagnostics.c"><phr n="NativeQueryDiagnostics.cs"><ent r="4" t="21" w="151" /><ent r="4" t="21" w="150" /><ent r="4" t="21" w="240" /><ent r="4" t="21" w="239" /></phr></stem><stem n="())"><phr n="())"><ent r="4" t="21" w="173" /><ent r="4" t="29" w="383" /><ent r="4" t="29" w="509" /><ent r="4" t="30" w="382" /><ent r="4" t="31" w="1604" /><ent r="4" t="49" w="117" /><ent r="4" t="49" w="1031" /><ent r="4" t="49" w="1044" /><ent r="4" t="50" w="667" /><ent r="4" t="60" w="366" /><ent r="4" t="64" w="158" /><ent r="4" t="83" w="133" /><ent r="4" t="87" w="134" /><ent r="4" t="89" w="195" /><ent r="4" t="114" w="785" /><ent r="4" t="116" w="208" /><ent r="4" t="117" w="758" /><ent r="4" t="129" w="153" /><ent r="4" t="134" w="102" /><ent r="4" t="134" w="109" /><ent r="4" t="135" w="85" /><ent r="4" t="136" w="78" /><ent r="4" t="137" w="77" /><ent r="4" t="138" w="93" /><ent r="4" t="138" w="151" /><ent r="4" t="139" w="90" /><ent r="4" t="140" w="93" /><ent r="4" t="141" w="264" /><ent r="4" t="154" w="66" /><ent r="4" t="168" w="143" /><ent r="4" t="179" w="560" /><ent r="4" t="193" w="86" /><ent r="4" t="193" w="316" /><ent r="5" t="193" w="602" /><ent r="4" t="220" w="90" /><ent r="4" t="224" w="565" /><ent r="4" t="253" w="69" /><ent r="4" t="253" w="94" /><ent r="4" t="253" w="103" /><ent r="4" t="253" w="349" /><ent r="4" t="253" w="371" /><ent r="4" t="254" w="73" /><ent r="5" t="259" w="186" /><ent r="4" t="266" w="156" /><ent r="4" t="272" w="495" /><ent r="5" t="277" w="255" /><ent r="4" t="302" w="218" /><ent r="4" t="302" w="244" /></phr></stem><stem n="nativequerydiagnostics.vb"><phr n="NativeQueryDiagnostics.vb"><ent r="4" t="21" w="175" /><ent r="4" t="21" w="174" /><ent r="4" t="21" w="340" /><ent r="4" t="21" w="339" /></phr></stem><stem n=":idiagnosticlisten"><phr n=":IDiagnosticListener"><ent r="4" t="21" w="192" /></phr></stem><stem n="idiagnosticlisten"><phr n="IDiagnosticListener"><ent r="4" t="21" w="192" /><ent r="4" t="21" w="258" /><ent r="4" t="21" w="276" /><ent r="4" t="60" w="202" /><ent r="4" t="60" w="257" /><ent r="4" t="60" w="275" /><ent r="4" t="141" w="133" /><ent r="4" t="141" w="146" /><ent r="4" t="141" w="152" /><ent r="4" t="141" w="216" /><ent r="4" t="141" w="238" /><ent r="4" t="141" w="253" /><ent r="4" t="141" w="301" /></phr></stem><stem n="public"><phr n="public"><ent r="5" t="21" w="194" /><ent r="5" t="29" w="198" /><ent r="5" t="29" w="583" /><ent r="5" t="29" w="598" /><ent r="5" t="30" w="411" /><ent r="5" t="31" w="1622" /><ent r="5" t="42" w="74" /><ent r="5" t="42" w="87" /><ent r="5" t="42" w="107" /><ent r="5" t="42" w="119" /><ent r="5" t="49" w="338" /><ent r="5" t="49" w="479" /><ent r="5" t="49" w="533" /><ent r="5" t="49" w="778" /><ent r="5" t="49" w="802" /><ent r="5" t="50" w="131" /><ent r="5" t="50" w="210" /><ent r="5" t="52" w="113" /><ent r="5" t="52" w="131" /><ent r="5" t="52" w="145" /><ent r="6" t="53" w="121" /><ent r="6" t="53" w="144" /><ent r="6" t="53" w="160" /><ent r="6" t="53" w="299" /><ent r="6" t="53" w="322" /><ent r="6" t="53" w="338" /><ent r="6" t="53" w="501" /><ent r="6" t="53" w="534" /><ent r="6" t="53" w="550" /><ent r="5" t="60" w="204" /><ent r="5" t="64" w="177" /><ent r="5" t="74" w="663" /><ent r="5" t="75" w="446" /><ent r="5" t="75" w="560" /><ent r="5" t="89" w="69" /><ent r="5" t="99" w="131" /><ent r="5" t="99" w="277" /><ent r="5" t="99" w="459" /><ent r="5" t="99" w="480" /><ent r="5" t="112" w="277" /><ent r="5" t="112" w="285" /><ent r="5" t="112" w="301" /><ent r="5" t="112" w="317" /><ent r="5" t="112" w="333" /><ent r="5" t="112" w="349" /><ent r="5" t="112" w="420" /><ent r="5" t="112" w="433" /><ent r="5" t="112" w="446" /><ent r="5" t="112" w="459" /><ent r="5" t="112" w="505" /><ent r="5" t="112" w="563" /><ent r="5" t="112" w="593" /><ent r="5" t="114" w="300" /><ent r="5" t="114" w="330" /><ent r="5" t="114" w="365" /><ent r="5" t="114" w="387" /><ent r="5" t="117" w="107" /><ent r="5" t="117" w="312" /><ent r="5" t="117" w="457" /><ent r="5" t="117" w="607" /><ent r="5" t="121" w="157" /><ent r="5" t="121" w="169" /><ent r="5" t="121" w="205" /><ent r="5" t="130" w="97" /><ent r="5" t="130" w="109" /><ent r="5" t="130" w="120" /><ent r="5" t="130" w="131" /><ent r="5" t="130" w="141" /><ent r="5" t="130" w="162" /><ent r="5" t="130" w="185" /><ent r="5" t="130" w="211" /><ent r="5" t="130" w="225" /><ent r="5" t="130" w="236" /><ent r="5" t="141" w="149" /><ent r="5" t="141" w="174" /><ent r="5" t="190" w="392" /><ent r="5" t="190" w="407" /><ent r="5" t="190" w="422" /><ent r="4" t="193" w="81" /><ent r="4" t="193" w="92" /><ent r="4" t="193" w="105" /><ent r="4" t="193" w="145" /><ent r="4" t="193" w="160" /><ent r="4" t="193" w="183" /><ent r="4" t="193" w="222" /><ent r="4" t="193" w="260" /><ent r="5" t="236" w="117" /><ent r="5" t="236" w="131" /><ent r="5" t="236" w="144" /><ent r="5" t="236" w="372" /><ent r="5" t="236" w="602" /><ent r="5" t="240" w="170" /><ent r="5" t="240" w="181" /><ent r="5" t="240" w="394" /><ent r="5" t="240" w="831" /><ent r="5" t="240" w="842" /><ent r="5" t="240" w="1026" /><ent r="5" t="240" w="1048" /><ent r="5" t="240" w="1206" /><ent r="5" t="240" w="1228" /><ent r="5" t="240" w="1250" /><ent r="5" t="241" w="135" /><ent r="5" t="241" w="155" /><ent r="5" t="250" w="74" /><ent r="5" t="251" w="64" /><ent r="5" t="257" w="265" /><ent r="5" t="257" w="343" /><ent r="5" t="257" w="529" /><ent r="5" t="259" w="232" /><ent r="5" t="259" w="249" /><ent r="5" t="260" w="180" /><ent r="5" t="260" w="369" /><ent r="5" t="263" w="120" /><ent r="5" t="264" w="40" /><ent r="5" t="264" w="172" /><ent r="5" t="264" w="200" /><ent r="5" t="265" w="153" /><ent r="5" t="265" w="181" /><ent r="5" t="265" w="185" /><ent r="5" t="265" w="207" /><ent r="5" t="265" w="225" /><ent r="5" t="265" w="262" /><ent r="5" t="265" w="289" /><ent r="5" t="265" w="293" /><ent r="5" t="265" w="306" /><ent r="5" t="265" w="324" /><ent r="5" t="265" w="342" /><ent r="5" t="265" w="475" /><ent r="5" t="265" w="490" /><ent r="5" t="265" w="503" /><ent r="5" t="265" w="689" /><ent r="5" t="265" w="696" /><ent r="3" t="266" w="218" /><ent r="5" t="266" w="255" /><ent r="5" t="266" w="261" /><ent r="5" t="266" w="267" /><ent r="4" t="266" w="279" /><ent r="4" t="266" w="322" /><ent r="6" t="300" w="157" /><ent r="6" t="300" w="180" /><ent r="6" t="300" w="204" /><ent r="6" t="300" w="242" /><ent r="6" t="300" w="250" /><ent r="6" t="300" w="358" /><ent r="6" t="300" w="431" /><ent r="6" t="300" w="438" /><ent r="6" t="300" w="487" /><ent r="6" t="300" w="499" /><ent r="6" t="300" w="550" /><ent r="6" t="300" w="559" /><ent r="6" t="300" w="578" /><ent r="6" t="300" w="587" /><ent r="6" t="300" w="615" /><ent r="6" t="300" w="625" /><ent r="5" t="302" w="129" /><ent r="5" t="302" w="136" /><ent r="5" t="302" w="153" /><ent r="3" t="305" w="46" /><ent r="3" t="305" w="57" /></phr><phr n="Public"><ent r="5" t="21" w="260" /><ent r="5" t="29" w="242" /><ent r="5" t="29" w="649" /><ent r="5" t="29" w="678" /><ent r="5" t="30" w="472" /><ent r="5" t="31" w="1683" /><ent r="5" t="42" w="172" /><ent r="5" t="42" w="202" /><ent r="5" t="42" w="242" /><ent r="5" t="42" w="269" /><ent r="5" t="49" w="368" /><ent r="5" t="49" w="565" /><ent r="5" t="49" w="650" /><ent r="5" t="49" w="847" /><ent r="5" t="49" w="898" /><ent r="5" t="50" w="167" /><ent r="5" t="50" w="235" /><ent r="5" t="52" w="174" /><ent r="5" t="52" w="203" /><ent r="5" t="52" w="228" /><ent r="6" t="53" w="189" /><ent r="6" t="53" w="215" /><ent r="6" t="53" w="244" /><ent r="6" t="53" w="363" /><ent r="6" t="53" w="389" /><ent r="6" t="53" w="418" /><ent r="6" t="53" w="579" /><ent r="6" t="53" w="609" /><ent r="6" t="53" w="638" /><ent r="5" t="60" w="259" /><ent r="5" t="64" w="225" /><ent r="5" t="74" w="708" /><ent r="5" t="75" w="492" /><ent r="5" t="75" w="606" /><ent r="5" t="89" w="102" /><ent r="5" t="99" w="169" /><ent r="5" t="99" w="353" /><ent r="5" t="99" w="518" /><ent r="5" t="99" w="563" /><ent r="5" t="112" w="630" /><ent r="5" t="112" w="638" /><ent r="5" t="112" w="655" /><ent r="5" t="112" w="672" /><ent r="5" t="112" w="689" /><ent r="5" t="112" w="706" /><ent r="5" t="112" w="812" /><ent r="5" t="112" w="839" /><ent r="5" t="112" w="866" /><ent r="5" t="112" w="893" /><ent r="5" t="112" w="970" /><ent r="5" t="112" w="1057" /><ent r="5" t="112" w="1104" /><ent r="5" t="114" w="437" /><ent r="5" t="114" w="501" /><ent r="5" t="114" w="575" /><ent r="5" t="114" w="613" /><ent r="5" t="117" w="156" /><ent r="5" t="117" w="361" /><ent r="5" t="117" w="501" /><ent r="5" t="117" w="629" /><ent r="5" t="121" w="189" /><ent r="5" t="130" w="287" /><ent r="5" t="130" w="306" /><ent r="5" t="130" w="330" /><ent r="5" t="130" w="356" /><ent r="5" t="130" w="380" /><ent r="5" t="130" w="421" /><ent r="5" t="130" w="463" /><ent r="5" t="130" w="508" /><ent r="5" t="130" w="542" /><ent r="5" t="130" w="568" /><ent r="5" t="141" w="240" /><ent r="5" t="141" w="285" /><ent r="5" t="190" w="473" /><ent r="5" t="190" w="493" /><ent r="5" t="190" w="524" /><ent r="4" t="193" w="303" /><ent r="4" t="193" w="318" /><ent r="4" t="193" w="344" /><ent r="4" t="193" w="395" /><ent r="4" t="193" w="416" /><ent r="4" t="193" w="442" /><ent r="4" t="193" w="492" /><ent r="4" t="193" w="539" /><ent r="5" t="236" w="168" /><ent r="5" t="236" w="184" /><ent r="5" t="236" w="209" /><ent r="5" t="236" w="439" /><ent r="5" t="236" w="650" /><ent r="5" t="240" w="230" /><ent r="5" t="240" w="248" /><ent r="5" t="240" w="453" /><ent r="5" t="240" w="885" /><ent r="5" t="240" w="903" /><ent r="5" t="240" w="1102" /><ent r="5" t="240" w="1144" /><ent r="5" t="240" w="1293" /><ent r="5" t="240" w="1332" /><ent r="5" t="240" w="1368" /><ent r="5" t="241" w="296" /><ent r="5" t="241" w="342" /><ent r="5" t="250" w="110" /><ent r="5" t="251" w="102" /><ent r="5" t="259" w="325" /><ent r="5" t="259" w="358" /><ent r="5" t="263" w="165" /><ent r="5" t="264" w="63" /><ent r="5" t="264" w="69" /><ent r="5" t="264" w="232" /><ent r="5" t="264" w="246" /><ent r="5" t="266" w="290" /><ent r="5" t="266" w="296" /><ent r="5" t="266" w="304" /><ent r="5" t="302" w="192" /><ent r="5" t="302" w="202" /><ent r="5" t="302" w="233" /><ent r="82" t="309" w="32" /></phr></stem><stem n="void"><phr n="void"><ent r="5" t="21" w="196" /><ent r="5" t="29" w="200" /><ent r="5" t="29" w="600" /><ent r="5" t="31" w="1624" /><ent r="5" t="49" w="481" /><ent r="5" t="49" w="535" /><ent r="5" t="52" w="133" /><ent r="6" t="53" w="162" /><ent r="6" t="53" w="340" /><ent r="6" t="53" w="552" /><ent r="5" t="60" w="206" /><ent r="5" t="64" w="179" /><ent r="5" t="74" w="277" /><ent r="5" t="74" w="450" /><ent r="5" t="74" w="795" /><ent r="5" t="74" w="931" /><ent r="5" t="75" w="59" /><ent r="5" t="75" w="218" /><ent r="5" t="75" w="687" /><ent r="5" t="75" w="827" /><ent r="5" t="76" w="190" /><ent r="5" t="76" w="377" /><ent r="5" t="89" w="71" /><ent r="5" t="96" w="221" /><ent r="5" t="99" w="482" /><ent r="5" t="100" w="86" /><ent r="5" t="114" w="332" /><ent r="5" t="117" w="109" /><ent r="5" t="117" w="459" /><ent r="5" t="117" w="471" /><ent r="5" t="117" w="609" /><ent r="5" t="130" w="122" /><ent r="5" t="130" w="227" /><ent r="5" t="141" w="176" /><ent r="4" t="193" w="162" /><ent r="4" t="193" w="224" /><ent r="4" t="193" w="262" /><ent r="5" t="236" w="374" /><ent r="5" t="236" w="604" /><ent r="5" t="240" w="172" /><ent r="5" t="240" w="183" /><ent r="5" t="240" w="833" /><ent r="5" t="240" w="844" /><ent r="5" t="240" w="1028" /><ent r="5" t="240" w="1050" /><ent r="5" t="240" w="1208" /><ent r="5" t="240" w="1230" /><ent r="5" t="257" w="267" /><ent r="5" t="257" w="345" /><ent r="5" t="257" w="438" /><ent r="5" t="257" w="454" /><ent r="5" t="257" w="483" /><ent r="5" t="263" w="243" /><ent r="5" t="265" w="700" /><ent r="6" t="300" w="252" /><ent r="6" t="300" w="488" /><ent r="6" t="300" w="500" /><ent r="6" t="300" w="560" /><ent r="6" t="300" w="588" /><ent r="6" t="300" w="616" /><ent r="6" t="300" w="626" /><ent r="5" t="302" w="140" /><ent r="5" t="302" w="155" /></phr></stem><stem n="ondiagnost"><phr n="OnDiagnostic"><ent r="4" t="21" w="198" /><ent r="4" t="21" w="264" /><ent r="4" t="21" w="277" /><ent r="4" t="60" w="208" /><ent r="4" t="60" w="263" /><ent r="4" t="60" w="276" /><ent r="4" t="141" w="178" /><ent r="4" t="141" w="192" /><ent r="4" t="141" w="289" /><ent r="4" t="141" w="302" /><ent r="4" t="141" w="325" /></phr></stem><stem n="(idiagnost"><phr n="(IDiagnostic"><ent r="4" t="21" w="199" /><ent r="4" t="60" w="209" /><ent r="4" t="141" w="179" /></phr></stem><stem n="idiagnost"><phr n="IDiagnostic"><ent r="4" t="21" w="199" /><ent r="4" t="21" w="272" /><ent r="4" t="60" w="209" /><ent r="4" t="60" w="271" /><ent r="4" t="141" w="179" /><ent r="4" t="141" w="297" /></phr></stem><stem n="(diagnost"><phr n="(diagnostic"><ent r="4" t="21" w="204" /><ent r="4" t="21" w="222" /><ent r="4" t="60" w="214" /></phr></stem><stem n="nativequerynotoptim"><phr n="NativeQueryNotOptimized"><ent r="4" t="21" w="208" /><ent r="4" t="21" w="287" /><ent r="4" t="21" w="378" /><ent r="5" t="140" w="408" /></phr></stem><stem n="){"><phr n="){"><ent r="4" t="21" w="209" /><ent r="4" t="21" w="227" /><ent r="6" t="300" w="555" /><ent r="6" t="300" w="564" /><ent r="6" t="300" w="583" /><ent r="6" t="300" w="592" /></phr></stem><stem n="console.writelin"><phr n="Console.WriteLine"><ent r="4" t="21" w="210" /><ent r="4" t="21" w="209" /><ent r="4" t="21" w="228" /><ent r="4" t="21" w="227" /><ent r="4" t="21" w="292" /><ent r="4" t="21" w="291" /><ent r="4" t="21" w="315" /><ent r="4" t="21" w="314" /><ent r="4" t="35" w="141" /><ent r="4" t="35" w="140" /><ent r="4" t="35" w="164" /><ent r="4" t="35" w="163" /><ent r="4" t="35" w="243" /><ent r="4" t="35" w="242" /><ent r="4" t="42" w="402" /><ent r="4" t="42" w="401" /><ent r="4" t="42" w="491" /><ent r="4" t="42" w="490" /><ent r="4" t="42" w="578" /><ent r="4" t="42" w="577" /><ent r="4" t="42" w="589" /><ent r="4" t="42" w="588" /><ent r="4" t="42" w="623" /><ent r="4" t="42" w="622" /><ent r="4" t="42" w="809" /><ent r="4" t="42" w="808" /><ent r="4" t="42" w="841" /><ent r="4" t="42" w="840" /><ent r="4" t="42" w="858" /><ent r="4" t="42" w="857" /><ent r="4" t="42" w="890" /><ent r="4" t="42" w="889" /><ent r="4" t="45" w="156" /><ent r="4" t="45" w="155" /><ent r="4" t="45" w="165" /><ent r="4" t="45" w="164" /><ent r="4" t="45" w="282" /><ent r="4" t="45" w="281" /><ent r="4" t="45" w="290" /><ent r="4" t="45" w="289" /><ent r="4" t="46" w="145" /><ent r="4" t="46" w="144" /><ent r="4" t="46" w="294" /><ent r="4" t="46" w="293" /><ent r="4" t="49" w="1094" /><ent r="4" t="49" w="1093" /><ent r="4" t="49" w="1242" /><ent r="4" t="49" w="1241" /><ent r="4" t="50" w="767" /><ent r="4" t="50" w="766" /><ent r="4" t="50" w="851" /><ent r="4" t="50" w="850" /><ent r="4" t="60" w="220" /><ent r="4" t="60" w="219" /><ent r="4" t="60" w="235" /><ent r="4" t="60" w="234" /><ent r="4" t="60" w="291" /><ent r="4" t="60" w="290" /><ent r="4" t="60" w="308" /><ent r="4" t="60" w="307" /><ent r="4" t="63" w="79" /><ent r="4" t="63" w="78" /><ent r="4" t="63" w="96" /><ent r="4" t="63" w="95" /><ent r="4" t="63" w="173" /><ent r="4" t="63" w="172" /><ent r="4" t="63" w="188" /><ent r="4" t="63" w="187" /><ent r="4" t="66" w="633" /><ent r="4" t="66" w="632" /><ent r="4" t="66" w="652" /><ent r="4" t="66" w="651" /><ent r="4" t="66" w="721" /><ent r="4" t="66" w="720" /><ent r="4" t="66" w="740" /><ent r="4" t="66" w="739" /><ent r="4" t="70" w="124" /><ent r="4" t="70" w="123" /><ent r="4" t="70" w="189" /><ent r="4" t="70" w="188" /><ent r="4" t="70" w="348" /><ent r="4" t="70" w="347" /><ent r="4" t="70" w="484" /><ent r="4" t="70" w="483" /><ent r="4" t="70" w="711" /><ent r="4" t="70" w="710" /><ent r="4" t="70" w="811" /><ent r="4" t="70" w="810" /><ent r="4" t="72" w="37" /><ent r="4" t="72" w="36" /><ent r="4" t="72" w="71" /><ent r="4" t="72" w="70" /><ent r="4" t="72" w="174" /><ent r="4" t="72" w="173" /><ent r="4" t="72" w="209" /><ent r="4" t="72" w="208" /><ent r="4" t="72" w="277" /><ent r="4" t="72" w="276" /><ent r="4" t="74" w="480" /><ent r="4" t="74" w="479" /><ent r="4" t="74" w="540" /><ent r="4" t="74" w="539" /><ent r="4" t="74" w="831" /><ent r="4" t="74" w="830" /><ent r="4" t="74" w="900" /><ent r="4" t="74" w="899" /><ent r="4" t="75" w="90" /><ent r="4" t="75" w="89" /><ent r="4" t="75" w="156" /><ent r="4" t="75" w="155" /><ent r="4" t="75" w="723" /><ent r="4" t="75" w="722" /><ent r="4" t="75" w="794" /><ent r="4" t="75" w="793" /><ent r="4" t="76" w="411" /><ent r="4" t="76" w="410" /><ent r="4" t="76" w="478" /><ent r="4" t="76" w="477" /><ent r="4" t="76" w="621" /><ent r="4" t="76" w="620" /><ent r="4" t="76" w="644" /><ent r="4" t="76" w="643" /><ent r="4" t="76" w="723" /><ent r="4" t="76" w="722" /><ent r="4" t="89" w="77" /><ent r="4" t="89" w="76" /><ent r="4" t="89" w="121" /><ent r="4" t="89" w="120" /><ent r="4" t="96" w="713" /><ent r="4" t="96" w="712" /><ent r="4" t="96" w="731" /><ent r="4" t="96" w="730" /><ent r="4" t="96" w="766" /><ent r="4" t="96" w="765" /><ent r="4" t="96" w="856" /><ent r="4" t="96" w="855" /><ent r="4" t="96" w="880" /><ent r="4" t="96" w="879" /><ent r="4" t="96" w="921" /><ent r="4" t="96" w="920" /><ent r="4" t="109" w="314" /><ent r="4" t="109" w="313" /><ent r="4" t="109" w="329" /><ent r="4" t="109" w="328" /><ent r="4" t="109" w="355" /><ent r="4" t="109" w="354" /><ent r="4" t="109" w="424" /><ent r="4" t="109" w="423" /><ent r="4" t="109" w="439" /><ent r="4" t="109" w="438" /><ent r="4" t="112" w="1234" /><ent r="4" t="112" w="1233" /><ent r="4" t="112" w="1251" /><ent r="4" t="112" w="1250" /><ent r="4" t="112" w="1302" /><ent r="4" t="112" w="1301" /><ent r="4" t="112" w="1323" /><ent r="4" t="112" w="1322" /><ent r="4" t="130" w="148" /><ent r="4" t="130" w="147" /><ent r="4" t="130" w="171" /><ent r="4" t="130" w="170" /><ent r="4" t="130" w="194" /><ent r="4" t="130" w="193" /><ent r="4" t="130" w="403" /><ent r="4" t="130" w="402" /><ent r="4" t="130" w="445" /><ent r="4" t="130" w="444" /><ent r="4" t="130" w="487" /><ent r="4" t="130" w="486" /><ent r="4" t="235" w="137" /><ent r="4" t="235" w="136" /><ent r="4" t="235" w="147" /><ent r="4" t="235" w="146" /><ent r="4" t="235" w="225" /><ent r="4" t="235" w="224" /><ent r="4" t="235" w="235" /><ent r="4" t="235" w="234" /><ent r="4" t="236" w="384" /><ent r="4" t="236" w="383" /><ent r="4" t="236" w="467" /><ent r="4" t="236" w="466" /><ent r="4" t="236" w="614" /><ent r="4" t="236" w="613" /><ent r="4" t="236" w="678" /><ent r="4" t="236" w="677" /><ent r="4" t="253" w="122" /><ent r="4" t="253" w="121" /><ent r="4" t="253" w="141" /><ent r="4" t="253" w="140" /><ent r="4" t="253" w="254" /><ent r="4" t="253" w="253" /><ent r="4" t="253" w="279" /><ent r="4" t="253" w="278" /><ent r="4" t="253" w="376" /><ent r="4" t="253" w="375" /><ent r="4" t="253" w="395" /><ent r="4" t="253" w="394" /><ent r="4" t="253" w="473" /><ent r="4" t="253" w="472" /><ent r="4" t="253" w="498" /><ent r="4" t="253" w="497" /><ent r="4" t="263" w="562" /><ent r="4" t="263" w="561" /><ent r="4" t="263" w="621" /><ent r="4" t="263" w="620" /><ent r="4" t="274" w="125" /><ent r="4" t="274" w="124" /><ent r="4" t="274" w="214" /><ent r="4" t="274" w="213" /><ent r="4" t="275" w="253" /><ent r="4" t="275" w="252" /><ent r="4" t="275" w="402" /><ent r="4" t="275" w="401" /></phr></stem><stem n=".writeline("><phr n=".WriteLine("><ent r="4" t="21" w="211" /><ent r="4" t="21" w="229" /><ent r="4" t="21" w="293" /><ent r="4" t="21" w="316" /><ent r="4" t="35" w="142" /><ent r="4" t="35" w="165" /><ent r="4" t="35" w="244" /><ent r="4" t="45" w="157" /><ent r="4" t="45" w="166" /><ent r="4" t="45" w="283" /><ent r="4" t="45" w="291" /><ent r="4" t="46" w="146" /><ent r="4" t="46" w="295" /><ent r="4" t="60" w="221" /><ent r="4" t="60" w="292" /><ent r="4" t="63" w="80" /><ent r="4" t="63" w="97" /><ent r="4" t="63" w="174" /><ent r="4" t="63" w="189" /><ent r="4" t="70" w="349" /><ent r="4" t="70" w="485" /><ent r="4" t="70" w="712" /><ent r="4" t="70" w="812" /><ent r="4" t="72" w="38" /><ent r="4" t="72" w="72" /><ent r="4" t="72" w="175" /><ent r="4" t="72" w="210" /><ent r="4" t="72" w="278" /><ent r="4" t="76" w="622" /><ent r="4" t="76" w="645" /><ent r="4" t="76" w="724" /><ent r="4" t="96" w="714" /><ent r="4" t="96" w="732" /><ent r="4" t="96" w="767" /><ent r="4" t="96" w="857" /><ent r="4" t="96" w="881" /><ent r="4" t="96" w="922" /><ent r="4" t="109" w="315" /><ent r="4" t="109" w="330" /><ent r="4" t="109" w="356" /><ent r="4" t="109" w="425" /><ent r="4" t="109" w="440" /><ent r="4" t="112" w="1235" /><ent r="4" t="112" w="1252" /><ent r="4" t="112" w="1303" /><ent r="4" t="112" w="1324" /><ent r="4" t="130" w="149" /><ent r="4" t="130" w="172" /><ent r="4" t="130" w="195" /><ent r="4" t="130" w="404" /><ent r="4" t="130" w="446" /><ent r="4" t="130" w="488" /><ent r="4" t="235" w="138" /><ent r="4" t="235" w="148" /><ent r="4" t="235" w="226" /><ent r="4" t="235" w="236" /><ent r="4" t="236" w="385" /><ent r="4" t="236" w="468" /><ent r="4" t="236" w="615" /><ent r="4" t="236" w="679" /><ent r="4" t="253" w="123" /><ent r="4" t="253" w="255" /><ent r="4" t="253" w="377" /><ent r="4" t="253" w="474" /><ent r="4" t="275" w="254" /><ent r="4" t="275" w="403" /></phr></stem><stem n="&quot;queri"><phr n="&quot;Query"><ent r="5" t="21" w="212" /><ent r="5" t="21" w="294" /><ent r="64" t="23" w="196" /><ent r="64" t="23" w="214" /></phr></stem><stem n="+diagnost"><phr n="+diagnostic"><ent r="4" t="21" w="216" /></phr></stem><stem n="els"><phr n="else"><ent r="5" t="21" w="218" /><ent r="3" t="22" w="211" /><ent r="3" t="27" w="329" /><ent r="5" t="63" w="93" /><ent r="5" t="99" w="682" /><ent r="5" t="99" w="695" /><ent r="5" t="112" w="1242" /><ent r="5" t="235" w="144" /><ent r="5" t="254" w="152" /><ent r="4" t="308" w="164" /></phr><phr n="Else"><ent r="5" t="63" w="185" /><ent r="5" t="99" w="818" /><ent r="5" t="235" w="232" /><ent r="5" t="254" w="293" /></phr></stem><stem n="nativequeryoptimizernotload"><phr n="NativeQueryOptimizerNotLoaded"><ent r="4" t="21" w="226" /><ent r="4" t="21" w="310" /><ent r="4" t="21" w="400" /><ent r="5" t="140" w="434" /></phr></stem><stem n="&quot;miss"><phr n="&quot;Missing"><ent r="5" t="21" w="230" /><ent r="5" t="21" w="317" /></phr></stem><stem n="miss"><phr n="Missing"><ent r="5" t="21" w="230" /><ent r="5" t="21" w="317" /></phr><phr n="missing"><ent r="3" t="36" w="72" /><ent r="3" t="261" w="100" /></phr><phr n="miss"><ent r="4" t="47" w="114" /></phr><phr n="misses"><ent r="3" t="176" w="222" /><ent r="3" t="284" w="237" /></phr></stem><stem n="+"><phr n="+"><ent r="4" t="21" w="236" /><ent r="4" t="35" w="147" /><ent r="4" t="35" w="151" /><ent r="4" t="35" w="252" /><ent r="4" t="45" w="161" /><ent r="4" t="45" w="170" /><ent r="4" t="46" w="149" /><ent r="4" t="60" w="230" /><ent r="4" t="63" w="84" /><ent r="4" t="63" w="87" /><ent r="4" t="63" w="101" /><ent r="4" t="63" w="104" /><ent r="4" t="70" w="352" /><ent r="4" t="70" w="716" /><ent r="4" t="76" w="627" /><ent r="4" t="76" w="631" /><ent r="4" t="76" w="732" /><ent r="4" t="96" w="173" /><ent r="4" t="96" w="337" /><ent r="4" t="96" w="692" /><ent r="4" t="96" w="717" /><ent r="4" t="96" w="735" /><ent r="4" t="96" w="770" /><ent r="4" t="99" w="301" /><ent r="4" t="99" w="398" /><ent r="4" t="99" w="950" /><ent r="4" t="100" w="288" /><ent r="4" t="101" w="116" /><ent r="4" t="106" w="40" /><ent r="4" t="106" w="49" /><ent r="4" t="106" w="98" /><ent r="4" t="109" w="341" /><ent r="4" t="109" w="367" /><ent r="4" t="117" w="486" /><ent r="4" t="117" w="556" /><ent r="4" t="130" w="199" /><ent r="4" t="130" w="201" /><ent r="4" t="133" w="374" /><ent r="4" t="241" w="194" /><ent r="4" t="241" w="199" /><ent r="4" t="241" w="202" /><ent r="4" t="241" w="206" /><ent r="4" t="241" w="265" /><ent r="4" t="241" w="537" /><ent r="4" t="244" w="226" /><ent r="4" t="251" w="326" /><ent r="4" t="253" w="128" /><ent r="4" t="253" w="382" /><ent r="4" t="257" w="445" /><ent r="4" t="257" w="449" /><ent r="4" t="263" w="379" /><ent r="4" t="263" w="383" /><ent r="4" t="275" w="257" /><ent r="4" t="281" w="393" /><ent r="3" t="284" w="264" /><ent r="5" t="299" w="506" /><ent r="6" t="300" w="300" /></phr></stem></index>