﻿<?xml version="1.0" encoding="utf-8"?><index><stem n="container2.query&lt;car&gt;"><phr n="container2.Query&lt;Car&gt;"><ent r="4" t="38" w="281" /><ent r="4" t="38" w="280" /></phr></stem><stem n="assertfals"><phr n="AssertFalse"><ent r="4" t="38" w="283" /><ent r="4" t="38" w="330" /></phr></stem><stem n="(loadedwithcontainer1"><phr n="(loadedWithContainer1"><ent r="4" t="38" w="284" /></phr></stem><stem n="container1.queri"><phr n="container1.Query"><ent r="4" t="38" w="313" /><ent r="4" t="38" w="312" /></phr></stem><stem n="container2.queri"><phr n="container2.Query"><ent r="4" t="38" w="326" /><ent r="4" t="38" w="325" /></phr></stem><stem n="(referenceequals(loadedwithcontainer1,"><phr n="(ReferenceEquals(loadedWithContainer1,"><ent r="4" t="38" w="333" /></phr></stem><stem n="realli"><phr n="really"><ent r="3" t="38" w="414" /><ent r="3" t="69" w="51" /><ent r="3" t="273" w="160" /><ent r="3" t="276" w="29" /><ent r="3" t="281" w="92" /><ent r="3" t="293" w="151" /></phr></stem><stem n="serial"><phr n="serialize"><ent r="3" t="38" w="464" /><ent r="3" t="246" w="91" /><ent r="3" t="272" w="146" /></phr><phr n="serialization"><ent r="3" t="162" w="26" /><ent r="3" t="220" w="29" /><ent r="6" t="270" w="437" /><ent r="3" t="272" w="49" /><ent r="4" t="272" w="79" /><ent r="3" t="272" w="140" /><ent r="3" t="272" w="543" /><ent r="3" t="272" w="562" /></phr><phr n="serially"><ent r="3" t="227" w="80" /><ent r="3" t="227" w="89" /></phr><phr n="serialized"><ent r="3" t="253" w="34" /></phr><phr n="Serialize"><ent r="4" t="272" w="71" /><ent r="4" t="272" w="204" /><ent r="4" t="272" w="210" /><ent r="4" t="272" w="281" /><ent r="4" t="272" w="295" /></phr></stem><stem n="-applications."><phr n="-applications."><ent r="3" t="38" w="471" /><ent r="3" t="38" w="471" /></phr></stem><stem n="scenario"><phr n="scenarios"><ent r="3" t="38" w="473" /><ent r="3" t="101" w="16" /><ent r="3" t="142" w="23" /><ent r="3" t="150" w="49" /><ent r="3" t="153" w="93" /><ent r="3" t="160" w="24" /><ent r="3" t="228" w="55" /><ent r="3" t="233" w="90" /><ent r="3" t="246" w="81" /><ent r="3" t="246" w="103" /><ent r="3" t="246" w="118" /></phr><phr n="scenario"><ent r="3" t="49" w="1321" /><ent r="3" t="66" w="84" /><ent r="3" t="74" w="622" /><ent r="3" t="197" w="15" /><ent r="2" t="198" w="17" /><ent r="3" t="243" w="91" /></phr></stem><stem n="&quot;disconnect"><phr n="&quot;Disconnected"><ent r="64" t="38" w="483" /><ent r="64" t="255" w="108" /></phr></stem><stem n="disconnect"><phr n="Disconnected"><ent r="64" t="38" w="483" /><ent r="1000" t="246" w="1" /><ent r="100" t="246" w="4" /><ent r="100" t="246" w="8" /><ent r="102" t="246" w="11" /><ent r="64" t="255" w="108" /></phr><phr n="disconnected"><ent r="64" t="99" w="49" /><ent r="4" t="238" w="391" /><ent r="3" t="246" w="196" /><ent r="3" t="252" w="17" /><ent r="3" t="252" w="24" /><ent r="3" t="252" w="42" /><ent r="3" t="252" w="81" /><ent r="3" t="253" w="15" /><ent r="3" t="254" w="18" /></phr><phr n="disconnects"><ent r="3" t="235" w="79" /></phr><phr n="disconnections"><ent r="2" t="238" w="48" /></phr><phr n="disconnecting"><ent r="4" t="238" w="363" /></phr><phr n="Disconnect"><ent r="3" t="290" w="275" /></phr><phr n="disconnect"><ent r="3" t="291" w="105" /><ent r="3" t="292" w="287" /></phr></stem><stem n="wonder"><phr n="wondering"><ent r="3" t="38" w="491" /></phr><phr n="wonder"><ent r="3" t="107" w="107" /></phr><phr n="wonderful"><ent r="3" t="246" w="66" /></phr></stem><stem n="question"><phr n="questions"><ent r="3" t="39" w="14" /><ent r="3" t="39" w="341" /><ent r="3" t="44" w="40" /><ent r="3" t="261" w="36" /><ent r="3" t="293" w="55" /><ent r="3" t="309" w="101" /><ent r="65" t="309" w="121" /></phr></stem><stem n="hash"><phr n="hash"><ent r="3" t="39" w="25" /></phr></stem><stem n="glanc"><phr n="glance"><ent r="3" t="39" w="36" /></phr></stem><stem n="seem"><phr n="seems"><ent r="3" t="39" w="38" /></phr></stem><stem n="decid"><phr n="decide"><ent r="3" t="39" w="48" /><ent r="3" t="39" w="374" /><ent r="3" t="121" w="132" /><ent r="3" t="121" w="613" /><ent r="3" t="121" w="640" /><ent r="3" t="141" w="68" /><ent r="8" t="228" w="119" /><ent r="3" t="236" w="75" /><ent r="3" t="285" w="102" /></phr><phr n="decides"><ent r="4" t="52" w="96" /><ent r="3" t="117" w="688" /></phr></stem><stem n="object'"><phr n="object's"><ent r="3" t="39" w="75" /><ent r="3" t="39" w="74" /><ent r="3" t="227" w="64" /><ent r="3" t="227" w="63" /><ent r="3" t="227" w="83" /><ent r="3" t="227" w="82" /></phr></stem><stem n="duplic"><phr n="duplicate"><ent r="3" t="39" w="81" /></phr></stem><stem n="ye"><phr n="Yes"><ent r="3" t="39" w="98" /><ent r="6" t="143" w="145" /><ent r="6" t="143" w="365" /><ent r="6" t="173" w="159" /><ent r="6" t="173" w="187" /><ent r="6" t="173" w="256" /></phr><phr n="yes"><ent r="5" t="298" w="164" /></phr></stem><stem n="compris"><phr n="comprising"><ent r="3" t="39" w="121" /></phr></stem><stem n="preserv"><phr n="Preserving"><ent r="3" t="39" w="131" /></phr><phr n="preserving"><ent r="3" t="43" w="99" /></phr><phr n="Preserves"><ent r="6" t="92" w="237" /></phr><phr n="preserve"><ent r="3" t="118" w="80" /></phr><phr n="preserved"><ent r="3" t="246" w="74" /></phr></stem><stem n="-to-mani"><phr n="-to-many"><ent r="3" t="39" w="139" /><ent r="3" t="39" w="140" /></phr></stem><stem n="many-to"><phr n="many-to"><ent r="3" t="39" w="139" /></phr></stem><stem n="many-to-mani"><phr n="many-to-many"><ent r="3" t="39" w="139" /></phr></stem><stem n="to-mani"><phr n="to-many"><ent r="3" t="39" w="140" /></phr></stem><stem n="identif"><phr n="identification"><ent r="3" t="39" w="152" /><ent r="3" t="39" w="388" /><ent r="3" t="39" w="411" /></phr><phr n="Identification"><ent r="92" t="260" w="124" /></phr></stem><stem n="can't"><phr n="can't"><ent r="3" t="39" w="169" /><ent r="3" t="39" w="168" /><ent r="3" t="100" w="378" /><ent r="3" t="100" w="377" /><ent r="2" t="238" w="42" /><ent r="2" t="238" w="41" /><ent r="3" t="292" w="238" /><ent r="3" t="292" w="237" /></phr></stem><stem n="(like"><phr n="(like"><ent r="3" t="39" w="178" /><ent r="3" t="159" w="19" /><ent r="3" t="203" w="120" /></phr></stem><stem n="aggreg"><phr n="aggregate"><ent r="3" t="39" w="180" /></phr><phr n="aggregation"><ent r="3" t="261" w="57" /></phr></stem><stem n="suppos"><phr n="Suppose"><ent r="3" t="39" w="195" /></phr><phr n="suppose"><ent r="3" t="240" w="758" /></phr></stem><stem n="equals-method"><phr n="equals-method"><ent r="3" t="39" w="206" /></phr></stem><stem n="'joe'"><phr n="'Joe'"><ent r="4" t="39" w="222" /><ent r="4" t="39" w="242" /></phr></stem><stem n="pilot-nam"><phr n="pilot-name"><ent r="4" t="39" w="238" /></phr></stem><stem n="'john'."><phr n="'John'."><ent r="4" t="39" w="244" /></phr></stem><stem n="happen"><phr n="happens"><ent r="4" t="39" w="273" /><ent r="4" t="39" w="297" /><ent r="3" t="41" w="57" /><ent r="3" t="56" w="169" /><ent r="3" t="89" w="49" /><ent r="3" t="126" w="130" /><ent r="3" t="126" w="151" /><ent r="4" t="227" w="290" /><ent r="3" t="274" w="71" /></phr><phr n="happen"><ent r="3" t="65" w="290" /><ent r="3" t="73" w="61" /><ent r="3" t="166" w="37" /><ent r="4" t="167" w="127" /><ent r="3" t="238" w="298" /></phr><phr n="happened"><ent r="4" t="166" w="243" /></phr></stem><stem n="'joe'."><phr n="'Joe'."><ent r="4" t="39" w="289" /><ent r="4" t="39" w="312" /></phr></stem><stem n="'john'?"><phr n="'John'?"><ent r="4" t="39" w="296" /></phr></stem><stem n="hundr"><phr n="hundreds"><ent r="4" t="39" w="301" /></phr></stem><stem n="witch"><phr n="witch"><ent r="4" t="39" w="304" /><ent r="3" t="66" w="333" /><ent r="3" t="125" w="36" /></phr></stem><stem n="-issu"><phr n="-issue"><ent r="3" t="39" w="345" /><ent r="3" t="39" w="345" /></phr><phr n="-Issues"><ent r="100" t="282" w="6" /><ent r="100" t="282" w="6" /></phr></stem><stem n="update-issu"><phr n="update-issue"><ent r="3" t="39" w="345" /></phr></stem><stem n="solvabl"><phr n="solvable"><ent r="3" t="39" w="349" /></phr></stem><stem n="imposs"><phr n="impossible"><ent r="3" t="39" w="366" /><ent r="3" t="266" w="198" /></phr></stem><stem n="unavoid"><phr n="unavoidable"><ent r="3" t="39" w="395" /></phr></stem><stem n="straightforward"><phr n="straightforward"><ent r="3" t="39" w="406" /><ent r="4" t="113" w="16" /></phr></stem><stem n=":refer"><phr n=":Reference"><ent r="100" t="40" w="6" /></phr></stem><stem n="archiv"><phr n="archive"><ent r="3" t="40" w="42" /><ent r="3" t="51" w="39" /><ent r="3" t="233" w="171" /><ent r="3" t="255" w="58" /><ent r="3" t="257" w="400" /><ent r="3" t="257" w="571" /><ent r="4" t="287" w="87" /></phr></stem><stem n="reference-cach"><phr n="reference-cache"><ent r="3" t="40" w="47" /><ent r="64" t="74" w="43" /><ent r="64" t="233" w="117" /><ent r="3" t="233" w="345" /></phr></stem><stem n="-cache."><phr n="-cache."><ent r="3" t="40" w="49" /><ent r="3" t="40" w="49" /></phr><phr n="-Cache."><ent r="3" t="190" w="391" /><ent r="3" t="190" w="391" /></phr></stem><stem n="fist"><phr n="fist"><ent r="3" t="40" w="102" /><ent r="3" t="281" w="77" /></phr></stem><stem n="local"><phr n="local"><ent r="3" t="40" w="125" /><ent r="4" t="276" w="54" /><ent r="3" t="303" w="126" /></phr><phr n="Local"><ent r="4" t="262" w="197" /></phr></stem><stem n="soon"><phr n="soon"><ent r="3" t="40" w="178" /><ent r="3" t="48" w="65" /><ent r="3" t="48" w="87" /><ent r="3" t="73" w="262" /><ent r="3" t="74" w="118" /><ent r="3" t="104" w="121" /><ent r="3" t="145" w="36" /><ent r="2" t="146" w="51" /><ent r="3" t="165" w="106" /><ent r="3" t="206" w="33" /><ent r="2" t="212" w="22" /><ent r="2" t="213" w="51" /><ent r="2" t="216" w="29" /><ent r="2" t="217" w="29" /><ent r="2" t="223" w="335" /><ent r="2" t="223" w="455" /><ent r="3" t="228" w="290" /><ent r="3" t="230" w="33" /><ent r="3" t="234" w="10" /><ent r="3" t="241" w="44" /><ent r="3" t="246" w="89" /><ent r="4" t="276" w="106" /><ent r="3" t="285" w="62" /><ent r="3" t="293" w="170" /></phr></stem><stem n="anymor"><phr n="anymore"><ent r="3" t="40" w="188" /><ent r="3" t="56" w="330" /><ent r="3" t="70" w="314" /><ent r="3" t="83" w="25" /><ent r="3" t="83" w="80" /><ent r="3" t="96" w="652" /><ent r="5" t="96" w="758" /><ent r="5" t="96" w="913" /><ent r="3" t="188" w="399" /><ent r="5" t="281" w="391" /><ent r="5" t="281" w="510" /></phr></stem><stem n="garbag"><phr n="garbage"><ent r="3" t="40" w="195" /><ent r="3" t="40" w="205" /><ent r="3" t="40" w="213" /><ent r="3" t="40" w="274" /><ent r="3" t="156" w="118" /><ent r="4" t="167" w="179" /><ent r="3" t="172" w="27" /><ent r="3" t="188" w="211" /><ent r="4" t="276" w="111" /></phr></stem><stem n="collector"><phr n="collector"><ent r="3" t="40" w="196" /><ent r="3" t="188" w="212" /></phr></stem><stem n="clean"><phr n="clean"><ent r="3" t="40" w="224" /><ent r="3" t="40" w="237" /><ent r="3" t="90" w="225" /><ent r="3" t="171" w="31" /><ent r="3" t="227" w="368" /><ent r="3" t="227" w="399" /><ent r="3" t="233" w="158" /><ent r="3" t="233" w="188" /><ent r="3" t="233" w="326" /><ent r="5" t="233" w="426" /><ent r="5" t="233" w="514" /><ent r="4" t="238" w="148" /><ent r="3" t="272" w="355" /><ent r="5" t="298" w="279" /></phr><phr n="Clean"><ent r="4" t="47" w="73" /><ent r="92" t="227" w="346" /><ent r="4" t="227" w="461" /><ent r="4" t="227" w="519" /></phr><phr n="cleaned"><ent r="4" t="98" w="53" /></phr></stem><stem n="period"><phr n="periodically"><ent r="3" t="40" w="227" /></phr></stem><stem n="remov"><phr n="remove"><ent r="3" t="40" w="228" /><ent r="3" t="40" w="282" /><ent r="3" t="40" w="313" /><ent r="4" t="40" w="349" /><ent r="4" t="40" w="381" /><ent r="3" t="58" w="48" /><ent r="3" t="58" w="208" /><ent r="3" t="79" w="110" /><ent r="3" t="83" w="40" /><ent r="3" t="109" w="264" /><ent r="5" t="119" w="58" /><ent r="3" t="123" w="83" /><ent r="3" t="123" w="166" /><ent r="3" t="124" w="44" /><ent r="3" t="172" w="54" /><ent r="4" t="278" w="129" /><ent r="3" t="285" w="186" /><ent r="6" t="300" w="456" /><ent r="5" t="300" w="468" /><ent r="6" t="300" w="485" /></phr><phr n="Remove"><ent r="92" t="40" w="302" /><ent r="4" t="58" w="84" /><ent r="4" t="58" w="150" /><ent r="92" t="58" w="194" /><ent r="4" t="58" w="232" /><ent r="4" t="58" w="258" /><ent r="4" t="58" w="294" /><ent r="4" t="58" w="324" /><ent r="100" t="124" w="8" /><ent r="100" t="124" w="15" /><ent r="4" t="240" w="185" /><ent r="4" t="240" w="189" /><ent r="4" t="240" w="252" /><ent r="4" t="240" w="259" /><ent r="4" t="240" w="839" /><ent r="4" t="240" w="896" /><ent r="4" t="240" w="1062" /><ent r="4" t="240" w="1166" /><ent r="4" t="240" w="1242" /><ent r="4" t="240" w="1352" /></phr><phr n="Removing"><ent r="92" t="58" w="42" /><ent r="4" t="58" w="107" /><ent r="4" t="58" w="177" /><ent r="4" t="123" w="26" /><ent r="64" t="123" w="175" /><ent r="1000" t="124" w="1" /><ent r="102" t="124" w="20" /></phr><phr n="removed"><ent r="3" t="70" w="655" /><ent r="4" t="119" w="75" /><ent r="3" t="123" w="46" /><ent r="6" t="300" w="465" /><ent r="6" t="300" w="532" /></phr><phr n="removes"><ent r="3" t="83" w="70" /><ent r="3" t="275" w="590" /></phr><phr n="removing"><ent r="3" t="118" w="99" /><ent r="4" t="140" w="354" /><ent r="6" t="300" w="537" /></phr><phr n="Removes"><ent r="6" t="300" w="471" /></phr></stem><stem n="clean-up"><phr n="clean-up"><ent r="3" t="40" w="237" /></phr></stem><stem n="interv"><phr n="interval"><ent r="3" t="40" w="239" /><ent r="6" t="143" w="395" /><ent r="3" t="171" w="42" /><ent r="4" t="171" w="60" /><ent r="4" t="171" w="89" /></phr><phr n="Interval"><ent r="64" t="40" w="245" /><ent r="1000" t="171" w="4" /><ent r="102" t="171" w="9" /></phr></stem><stem n="&quot;weak"><phr n="&quot;Weak"><ent r="64" t="40" w="242" /></phr></stem><stem n="&quot;disabl"><phr n="&quot;Disable"><ent r="64" t="40" w="256" /><ent r="64" t="79" w="179" /></phr></stem><stem n=".thi"><phr n=".This"><ent r="3" t="40" w="268" /><ent r="3" t="268" w="420" /><ent r="4" t="278" w="163" /></phr></stem><stem n="objects.thi"><phr n="objects.This"><ent r="3" t="40" w="268" /><ent r="3" t="40" w="267" /></phr></stem><stem n="-refer"><phr n="-references"><ent r="64" t="40" w="329" /><ent r="64" t="40" w="329" /><ent r="3" t="43" w="62" /><ent r="3" t="43" w="62" /></phr><phr n="-reference"><ent r="6" t="143" w="392" /><ent r="6" t="143" w="392" /></phr></stem><stem n="weak-refer"><phr n="weak-references"><ent r="64" t="40" w="329" /></phr><phr n="weak-reference"><ent r="6" t="143" w="392" /></phr></stem><stem n="purg"><phr n="Purge"><ent r="4" t="40" w="340" /></phr><phr n="purge"><ent r="4" t="40" w="346" /><ent r="4" t="40" w="378" /></phr></stem><stem n=".ext().purge(thecar);"><phr n=".Ext().Purge(theCar);"><ent r="4" t="40" w="342" /></phr></stem><stem n="root"><phr n="root"><ent r="3" t="41" w="36" /><ent r="3" t="41" w="66" /><ent r="3" t="305" w="107" /></phr><phr n="roots"><ent r="3" t="244" w="460" /></phr><phr n="Root"><ent r="4" t="269" w="25" /></phr></stem><stem n="bunch"><phr n="bunch"><ent r="3" t="41" w="41" /></phr></stem><stem n="subnod"><phr n="subnodes"><ent r="3" t="41" w="49" /></phr></stem><stem n="forth"><phr n="forth"><ent r="3" t="41" w="55" /></phr></stem><stem n="sub-object"><phr n="sub-objects"><ent r="3" t="41" w="70" /></phr></stem><stem n="fill"><phr n="fill"><ent r="3" t="41" w="88" /><ent r="3" t="104" w="52" /><ent r="3" t="262" w="121" /><ent r="3" t="315" w="135" /><ent r="3" t="315" w="175" /></phr><phr n="Filling"><ent r="92" t="262" w="113" /><ent r="92" t="315" w="127" /></phr><phr n="Fill"><ent r="4" t="262" w="234" /><ent r="3" t="310" w="83" /></phr><phr n="filled"><ent r="3" t="277" w="24" /></phr></stem><stem n="(activ"><phr n="(activated"><ent r="3" t="41" w="110" /></phr><phr n="(activator"><ent r="4" t="49" w="500" /></phr></stem><stem n="term"><phr n="terms"><ent r="3" t="41" w="113" /><ent r="3" t="309" w="189" /><ent r="2" t="309" w="269" /></phr><phr n="term"><ent r="3" t="118" w="54" /></phr></stem><stem n="&quot;number"><phr n="&quot;number"><ent r="3" t="41" w="125" /></phr></stem><stem n="awai"><phr n="away"><ent r="3" t="41" w="129" /><ent r="3" t="243" w="150" /></phr></stem><stem n="iter"><phr n="iterate"><ent r="4" t="41" w="182" /><ent r="3" t="96" w="626" /><ent r="3" t="109" w="266" /><ent r="3" t="109" w="293" /><ent r="4" t="165" w="182" /><ent r="3" t="166" w="360" /></phr><phr n="iterating"><ent r="4" t="164" w="103" /><ent r="4" t="164" w="126" /><ent r="4" t="166" w="226" /></phr><phr n="iterator"><ent r="3" t="166" w="21" /></phr><phr n="iterates"><ent r="3" t="166" w="41" /><ent r="5" t="166" w="302" /><ent r="3" t="167" w="62" /></phr><phr n="Iterable"><ent r="6" t="300" w="551" /><ent r="6" t="300" w="564" /><ent r="6" t="300" w="592" /></phr><phr n="iterable"><ent r="6" t="300" w="565" /><ent r="6" t="300" w="572" /><ent r="6" t="300" w="593" /><ent r="6" t="300" w="599" /></phr></stem><stem n="&quot;transpar"><phr n="&quot;Transparent"><ent r="64" t="41" w="245" /><ent r="64" t="42" w="752" /><ent r="64" t="44" w="310" /><ent r="64" t="45" w="674" /><ent r="64" t="48" w="185" /><ent r="64" t="48" w="250" /><ent r="64" t="49" w="41" /><ent r="64" t="49" w="978" /><ent r="64" t="53" w="30" /><ent r="64" t="107" w="59" /><ent r="64" t="144" w="39" /><ent r="64" t="144" w="51" /></phr></stem><stem n="deep"><phr n="deep"><ent r="3" t="42" w="23" /><ent r="3" t="42" w="48" /><ent r="3" t="42" w="320" /><ent r="3" t="42" w="548" /><ent r="3" t="43" w="57" /><ent r="5" t="116" w="129" /><ent r="3" t="146" w="77" /><ent r="3" t="197" w="179" /><ent r="3" t="198" w="180" /><ent r="3" t="275" w="555" /></phr></stem><stem n="object-graph"><phr n="object-graph"><ent r="3" t="42" w="24" /><ent r="3" t="49" w="993" /><ent r="3" t="146" w="81" /><ent r="6" t="195" w="89" /><ent r="3" t="197" w="60" /><ent r="3" t="197" w="181" /><ent r="3" t="198" w="182" /><ent r="8" t="228" w="169" /><ent r="3" t="252" w="91" /><ent r="3" t="254" w="30" /><ent r="3" t="274" w="78" /></phr></stem><stem n="-graph."><phr n="-graph."><ent r="3" t="42" w="26" /><ent r="3" t="42" w="26" /><ent r="3" t="146" w="83" /><ent r="3" t="146" w="83" /><ent r="8" t="228" w="171" /><ent r="8" t="228" w="171" /></phr></stem><stem n="mother"><phr n="mother"><ent r="3" t="42" w="38" /><ent r="4" t="42" w="66" /><ent r="4" t="42" w="91" /><ent r="4" t="42" w="99" /><ent r="4" t="42" w="100" /><ent r="4" t="42" w="117" /><ent r="4" t="42" w="140" /><ent r="4" t="42" w="157" /><ent r="4" t="42" w="188" /><ent r="4" t="42" w="190" /><ent r="4" t="42" w="211" /><ent r="4" t="42" w="229" /><ent r="4" t="42" w="230" /><ent r="4" t="42" w="259" /><ent r="4" t="42" w="308" /><ent r="4" t="50" w="994" /><ent r="4" t="50" w="997" /><ent r="4" t="50" w="1052" /><ent r="4" t="50" w="1059" /></phr><phr n="Mother"><ent r="4" t="42" w="110" /><ent r="4" t="42" w="248" /><ent r="4" t="42" w="376" /><ent r="4" t="42" w="377" /><ent r="4" t="42" w="378" /><ent r="4" t="42" w="379" /><ent r="4" t="42" w="380" /><ent r="4" t="42" w="430" /><ent r="4" t="42" w="465" /><ent r="4" t="42" w="466" /><ent r="4" t="42" w="467" /><ent r="4" t="42" w="468" /><ent r="4" t="42" w="469" /><ent r="4" t="42" w="524" /><ent r="4" t="42" w="568" /><ent r="4" t="42" w="569" /><ent r="4" t="42" w="570" /><ent r="4" t="42" w="571" /><ent r="4" t="42" w="572" /><ent r="4" t="42" w="586" /><ent r="4" t="42" w="613" /><ent r="4" t="42" w="614" /><ent r="4" t="42" w="615" /><ent r="4" t="42" w="616" /><ent r="4" t="42" w="617" /><ent r="4" t="42" w="636" /><ent r="4" t="49" w="1056" /><ent r="4" t="49" w="1089" /><ent r="4" t="49" w="1092" /><ent r="4" t="49" w="1197" /><ent r="4" t="49" w="1227" /><ent r="4" t="49" w="1235" /><ent r="4" t="50" w="729" /><ent r="4" t="50" w="762" /><ent r="4" t="50" w="765" /><ent r="4" t="50" w="806" /><ent r="4" t="50" w="836" /><ent r="4" t="50" w="844" /><ent r="4" t="50" w="996" /><ent r="4" t="50" w="1058" /><ent r="4" t="274" w="99" /><ent r="4" t="274" w="100" /><ent r="4" t="274" w="101" /><ent r="4" t="274" w="102" /><ent r="4" t="274" w="103" /><ent r="4" t="274" w="153" /><ent r="4" t="274" w="188" /><ent r="4" t="274" w="189" /><ent r="4" t="274" w="190" /><ent r="4" t="274" w="191" /><ent r="4" t="274" w="192" /><ent r="4" t="274" w="247" /></phr></stem><stem n="mother-field"><phr n="mother-field"><ent r="3" t="42" w="38" /></phr></stem><stem n="-field."><phr n="-field."><ent r="3" t="42" w="40" /><ent r="3" t="42" w="40" /><ent r="3" t="99" w="1044" /><ent r="3" t="99" w="1044" /><ent r="3" t="251" w="165" /><ent r="3" t="251" w="165" /><ent r="3" t="260" w="151" /><ent r="3" t="260" w="151" /></phr></stem><stem n="(person"><phr n="(Person"><ent r="4" t="42" w="90" /><ent r="4" t="46" w="123" /><ent r="4" t="70" w="694" /><ent r="4" t="74" w="315" /><ent r="4" t="74" w="462" /><ent r="4" t="74" w="824" /><ent r="4" t="74" w="967" /><ent r="4" t="75" w="72" /><ent r="4" t="75" w="257" /><ent r="4" t="75" w="716" /><ent r="4" t="75" w="863" /><ent r="4" t="76" w="232" /><ent r="4" t="76" w="393" /><ent r="4" t="121" w="271" /><ent r="4" t="240" w="1031" /><ent r="4" t="240" w="1053" /><ent r="4" t="266" w="396" /><ent r="4" t="275" w="231" /></phr><phr n="(person"><ent r="4" t="240" w="1107" /><ent r="4" t="240" w="1149" /></phr></stem><stem n=".mother"><phr n=".mother"><ent r="4" t="42" w="99" /></phr><phr n=".Mother"><ent r="4" t="49" w="1197" /><ent r="4" t="49" w="1227" /><ent r="4" t="49" w="1235" /><ent r="4" t="50" w="806" /><ent r="4" t="50" w="836" /><ent r="4" t="50" w="844" /><ent r="4" t="50" w="1058" /></phr></stem><stem n="person.c"><phr n="Person.cs"><ent r="4" t="42" w="133" /><ent r="4" t="42" w="132" /><ent r="4" t="49" w="352" /><ent r="4" t="49" w="351" /><ent r="4" t="49" w="552" /><ent r="4" t="49" w="551" /><ent r="4" t="49" w="831" /><ent r="4" t="49" w="830" /><ent r="4" t="50" w="217" /><ent r="4" t="50" w="216" /><ent r="4" t="240" w="407" /><ent r="4" t="240" w="406" /><ent r="4" t="240" w="854" /><ent r="4" t="240" w="853" /><ent r="4" t="240" w="1263" /><ent r="4" t="240" w="1262" /><ent r="4" t="265" w="244" /><ent r="4" t="265" w="243" /><ent r="4" t="266" w="274" /><ent r="4" t="266" w="273" /></phr></stem><stem n="_mother"><phr n="_mother"><ent r="4" t="42" w="157" /><ent r="4" t="42" w="188" /><ent r="4" t="42" w="190" /><ent r="4" t="42" w="259" /></phr></stem><stem n="m_mother"><phr n="m_mother"><ent r="4" t="42" w="157" /><ent r="4" t="42" w="156" /><ent r="4" t="42" w="188" /><ent r="4" t="42" w="187" /><ent r="4" t="42" w="190" /><ent r="4" t="42" w="189" /><ent r="4" t="42" w="229" /><ent r="4" t="42" w="228" /><ent r="4" t="42" w="259" /><ent r="4" t="42" w="258" /></phr></stem><stem n="_name"><phr n="_name"><ent r="4" t="42" w="166" /><ent r="4" t="42" w="286" /><ent r="4" t="49" w="866" /><ent r="4" t="49" w="887" /><ent r="4" t="263" w="156" /><ent r="4" t="263" w="180" /><ent r="4" t="263" w="198" /></phr><phr n="_names"><ent r="5" t="53" w="134" /><ent r="5" t="53" w="197" /><ent r="5" t="53" w="312" /><ent r="5" t="53" w="371" /><ent r="5" t="53" w="524" /><ent r="5" t="53" w="597" /></phr><phr n="_Name"><ent r="4" t="264" w="240" /><ent r="4" t="264" w="260" /><ent r="4" t="264" w="277" /></phr></stem><stem n="m_name"><phr n="m_name"><ent r="4" t="42" w="166" /><ent r="4" t="42" w="165" /><ent r="4" t="42" w="195" /><ent r="4" t="42" w="194" /><ent r="4" t="42" w="235" /><ent r="4" t="42" w="234" /><ent r="4" t="42" w="286" /><ent r="4" t="42" w="285" /><ent r="4" t="49" w="866" /><ent r="4" t="49" w="865" /><ent r="4" t="49" w="887" /><ent r="4" t="49" w="886" /><ent r="4" t="263" w="156" /><ent r="4" t="263" w="155" /><ent r="4" t="263" w="180" /><ent r="4" t="263" w="179" /><ent r="4" t="263" w="198" /><ent r="4" t="263" w="197" /></phr></stem><stem n=".m_name"><phr n=".m_name"><ent r="4" t="42" w="195" /><ent r="4" t="42" w="235" /></phr></stem><stem n=".m_mother"><phr n=".m_mother"><ent r="4" t="42" w="229" /></phr></stem><stem n="person.vb"><phr n="Person.vb"><ent r="4" t="42" w="301" /><ent r="4" t="42" w="300" /><ent r="4" t="49" w="390" /><ent r="4" t="49" w="389" /><ent r="4" t="49" w="694" /><ent r="4" t="49" w="693" /><ent r="4" t="49" w="937" /><ent r="4" t="49" w="936" /><ent r="4" t="50" w="242" /><ent r="4" t="50" w="241" /><ent r="4" t="240" w="481" /><ent r="4" t="240" w="480" /><ent r="4" t="240" w="922" /><ent r="4" t="240" w="921" /><ent r="4" t="240" w="1397" /><ent r="4" t="240" w="1396" /><ent r="4" t="266" w="317" /><ent r="4" t="266" w="316" /></phr></stem><stem n="hierarchi"><phr n="hierarchy"><ent r="3" t="42" w="321" /><ent r="3" t="42" w="327" /><ent r="3" t="117" w="61" /><ent r="3" t="118" w="189" /><ent r="4" t="123" w="24" /><ent r="4" t="123" w="30" /><ent r="3" t="123" w="40" /><ent r="3" t="123" w="89" /><ent r="4" t="123" w="105" /><ent r="3" t="123" w="152" /><ent r="3" t="123" w="172" /><ent r="3" t="124" w="89" /><ent r="3" t="124" w="160" /><ent r="3" t="125" w="89" /><ent r="3" t="125" w="168" /><ent r="3" t="127" w="68" /><ent r="3" t="275" w="557" /><ent r="4" t="278" w="113" /><ent r="4" t="278" w="127" /><ent r="4" t="278" w="138" /><ent r="6" t="299" w="426" /></phr><phr n="hierarchies"><ent r="3" t="43" w="59" /></phr><phr n="Hierarchy"><ent r="64" t="118" w="194" /><ent r="1000" t="123" w="3" /><ent r="102" t="123" w="7" /><ent r="64" t="123" w="159" /><ent r="64" t="123" w="179" /><ent r="1000" t="124" w="5" /><ent r="100" t="124" w="11" /><ent r="100" t="124" w="18" /><ent r="102" t="124" w="24" /><ent r="1000" t="125" w="5" /><ent r="100" t="125" w="12" /><ent r="100" t="125" w="20" /><ent r="102" t="125" w="26" /><ent r="65" t="278" w="143" /></phr></stem><stem n="seven"><phr n="seven"><ent r="3" t="42" w="329" /></phr></stem><stem n="peopl"><phr n="people"><ent r="3" t="42" w="330" /><ent r="4" t="74" w="289" /><ent r="4" t="74" w="320" /><ent r="4" t="74" w="367" /><ent r="4" t="74" w="408" /><ent r="4" t="75" w="231" /><ent r="4" t="75" w="262" /><ent r="4" t="75" w="312" /><ent r="4" t="75" w="353" /><ent r="4" t="76" w="206" /><ent r="4" t="76" w="237" /><ent r="4" t="76" w="288" /><ent r="4" t="76" w="329" /><ent r="3" t="240" w="299" /><ent r="3" t="240" w="346" /><ent r="5" t="240" w="383" /><ent r="5" t="240" w="438" /><ent r="3" t="240" w="502" /><ent r="4" t="240" w="555" /><ent r="4" t="240" w="609" /><ent r="3" t="240" w="781" /><ent r="3" t="240" w="810" /></phr></stem><stem n="travers"><phr n="traverse"><ent r="3" t="42" w="336" /><ent r="3" t="42" w="547" /><ent r="3" t="64" w="40" /><ent r="3" t="64" w="72" /><ent r="3" t="64" w="78" /><ent r="3" t="146" w="31" /><ent r="3" t="222" w="31" /><ent r="3" t="252" w="89" /><ent r="3" t="254" w="28" /><ent r="5" t="254" w="104" /><ent r="5" t="254" w="230" /></phr><phr n="Traversing"><ent r="1000" t="64" w="1" /><ent r="102" t="64" w="6" /></phr><phr n="Traverse"><ent r="4" t="64" w="119" /><ent r="4" t="64" w="161" /></phr></stem><stem n="hit"><phr n="hit"><ent r="3" t="42" w="342" /><ent r="3" t="280" w="114" /></phr></stem><stem n="sixth"><phr n="sixth"><ent r="3" t="42" w="344" /></phr></stem><stem n="outsid"><phr n="outside"><ent r="3" t="42" w="355" /><ent r="3" t="175" w="28" /><ent r="5" t="241" w="190" /><ent r="5" t="241" w="407" /><ent r="3" t="266" w="546" /></phr></stem></index>