﻿<?xml version="1.0" encoding="utf-8"?><index><stem n=".delet"><phr n=".Deleted"><ent r="4" t="96" w="902" /></phr><phr n=".Deleting"><ent r="4" t="100" w="287" /><ent r="4" t="244" w="225" /></phr><phr n=".Delete"><ent r="4" t="117" w="518" /></phr></stem><stem n="'the"><phr n="'the"><ent r="5" t="96" w="904" /></phr></stem><stem n="'return"><phr n="'return"><ent r="5" t="96" w="916" /></phr></stem><stem n="clients-"><phr n="clients-"><ent r="4" t="96" w="952" /></phr></stem><stem n="-/session"><phr n="-/session"><ent r="4" t="96" w="954" /><ent r="4" t="96" w="954" /></phr></stem><stem n="clients-/sess"><phr n="clients-/session"><ent r="4" t="96" w="954" /><ent r="4" t="96" w="953" /></phr></stem><stem n="recurs"><phr n="recursively"><ent r="4" t="96" w="974" /></phr><phr n="recursive"><ent r="6" t="143" w="290" /><ent r="3" t="159" w="17" /></phr></stem><stem n="-produc"><phr n="-producing"><ent r="4" t="96" w="976" /><ent r="4" t="96" w="976" /></phr></stem><stem n="event-produc"><phr n="event-producing"><ent r="4" t="96" w="976" /></phr></stem><stem n="-handler."><phr n="-handler."><ent r="4" t="96" w="983" /><ent r="4" t="96" w="983" /></phr></stem><stem n="storing-ev"><phr n="storing-event"><ent r="4" t="96" w="987" /></phr></stem><stem n="committing-ev"><phr n="committing-event"><ent r="4" t="96" w="995" /></phr><phr n="committing-events"><ent r="8" t="228" w="194" /></phr></stem><stem n="-registry,"><phr n="-registry,"><ent r="4" t="96" w="1014" /><ent r="4" t="96" w="1014" /></phr></stem><stem n="committed-ev"><phr n="committed-event"><ent r="4" t="96" w="1023" /><ent r="3" t="101" w="65" /><ent r="3" t="228" w="284" /></phr></stem><stem n="-event."><phr n="-event."><ent r="4" t="96" w="1025" /><ent r="4" t="96" w="1025" /></phr></stem><stem n="-mode&quot;"><phr n="-Mode&quot;"><ent r="65" t="96" w="1032" /><ent r="65" t="96" w="1032" /></phr></stem><stem n="-server-mode."><phr n="-server-mode."><ent r="3" t="97" w="28" /><ent r="3" t="97" w="29" /></phr></stem><stem n="x"><phr n="X"><ent r="6" t="97" w="48" /><ent r="6" t="97" w="50" /><ent r="6" t="97" w="63" /><ent r="6" t="97" w="78" /><ent r="6" t="97" w="80" /><ent r="6" t="97" w="96" /><ent r="6" t="97" w="108" /><ent r="6" t="97" w="111" /><ent r="6" t="97" w="124" /><ent r="6" t="97" w="135" /><ent r="6" t="97" w="137" /><ent r="6" t="97" w="150" /><ent r="6" t="97" w="162" /><ent r="6" t="97" w="164" /><ent r="6" t="97" w="176" /><ent r="6" t="97" w="178" /><ent r="6" t="97" w="190" /><ent r="6" t="97" w="203" /><ent r="6" t="97" w="215" /><ent r="6" t="97" w="225" /><ent r="6" t="97" w="238" /><ent r="6" t="97" w="250" /><ent r="6" t="97" w="265" /><ent r="6" t="97" w="278" /><ent r="3" t="301" w="127" /><ent r="7" t="313" w="18" /><ent r="7" t="313" w="43" /></phr></stem><stem n="querystart"><phr n="queryStarted"><ent r="6" t="97" w="181" /><ent r="6" t="300" w="244" /></phr><phr n="QueryStarted"><ent r="6" t="300" w="266" /></phr></stem><stem n="queryfinish"><phr n="queryFinished"><ent r="6" t="97" w="193" /></phr></stem><stem n="asynchron"><phr n="asynchronously"><ent r="8" t="97" w="232" /></phr><phr n="asynchronous"><ent r="6" t="173" w="129" /><ent r="3" t="174" w="41" /><ent r="4" t="174" w="104" /><ent r="4" t="174" w="135" /><ent r="3" t="232" w="368" /></phr><phr n="Asynchronous"><ent r="1000" t="174" w="1" /><ent r="102" t="174" w="5" /><ent r="92" t="232" w="358" /></phr></stem><stem n="classregist"><phr n="classRegistered"><ent r="6" t="97" w="253" /></phr></stem><stem n="stored/load"><phr n="stored/loaded"><ent r="6" t="97" w="262" /><ent r="6" t="97" w="261" /></phr></stem><stem n="stored/loaded."><phr n="stored/loaded."><ent r="6" t="97" w="262" /><ent r="6" t="97" w="261" /></phr></stem><stem n="/loaded."><phr n="/loaded."><ent r="6" t="97" w="263" /></phr></stem><stem n="gather"><phr n="Gathering"><ent r="4" t="98" w="25" /></phr></stem><stem n="customari"><phr n="customary"><ent r="4" t="98" w="33" /></phr></stem><stem n="(object"><phr n="(objects"><ent r="4" t="98" w="42" /></phr><phr n="(object"><ent r="4" t="158" w="49" /></phr></stem><stem n="(object)"><phr n="(object)"><ent r="4" t="98" w="50" /></phr></stem><stem n="autoincr"><phr n="Autoincrement"><ent r="66" t="98" w="79" /><ent r="1000" t="99" w="1" /><ent r="100" t="99" w="3" /><ent r="102" t="99" w="5" /></phr><phr n="AutoIncrement"><ent r="4" t="99" w="311" /><ent r="4" t="99" w="416" /><ent r="4" t="99" w="502" /><ent r="4" t="99" w="601" /><ent r="4" t="99" w="715" /><ent r="4" t="99" w="845" /><ent r="4" t="99" w="905" /><ent r="4" t="99" w="910" /><ent r="4" t="99" w="986" /><ent r="4" t="251" w="281" /><ent r="4" t="251" w="286" /><ent r="4" t="251" w="362" /></phr></stem><stem n="embedded-mod"><phr n="embedded-mode"><ent r="3" t="99" w="96" /><ent r="3" t="109" w="97" /><ent r="3" t="223" w="35" /><ent r="3" t="232" w="49" /></phr></stem><stem n="-mode."><phr n="-mode."><ent r="3" t="99" w="98" /><ent r="3" t="99" w="98" /><ent r="3" t="232" w="51" /><ent r="3" t="232" w="51" /></phr></stem><stem n="subclass"><phr n="subclasses"><ent r="3" t="99" w="112" /></phr></stem><stem n="idhold"><phr n="IDHolder"><ent r="3" t="99" w="115" /><ent r="4" t="99" w="149" /><ent r="4" t="99" w="213" /><ent r="4" t="99" w="936" /><ent r="4" t="99" w="937" /><ent r="4" t="99" w="939" /><ent r="4" t="99" w="1057" /><ent r="4" t="99" w="1086" /><ent r="3" t="250" w="54" /><ent r="4" t="250" w="86" /><ent r="4" t="250" w="136" /><ent r="4" t="250" w="173" /><ent r="4" t="250" w="202" /><ent r="4" t="250" w="240" /><ent r="4" t="250" w="242" /><ent r="4" t="250" w="267" /><ent r="4" t="250" w="272" /><ent r="4" t="250" w="314" /><ent r="4" t="250" w="353" /><ent r="4" t="250" w="363" /><ent r="3" t="251" w="52" /><ent r="4" t="251" w="82" /><ent r="4" t="251" w="146" /><ent r="4" t="251" w="180" /><ent r="4" t="251" w="209" /><ent r="4" t="251" w="312" /><ent r="4" t="251" w="313" /><ent r="4" t="251" w="315" /><ent r="4" t="251" w="426" /><ent r="4" t="251" w="428" /><ent r="4" t="251" w="455" /><ent r="4" t="251" w="460" /><ent r="4" t="251" w="503" /><ent r="4" t="251" w="546" /><ent r="3" t="260" w="144" /></phr><phr n="idHolder"><ent r="4" t="99" w="938" /><ent r="4" t="99" w="942" /><ent r="4" t="99" w="946" /><ent r="4" t="251" w="314" /><ent r="4" t="251" w="318" /><ent r="4" t="251" w="322" /><ent r="4" t="251" w="427" /><ent r="4" t="251" w="434" /><ent r="4" t="251" w="451" /><ent r="4" t="251" w="470" /></phr></stem><stem n="-increment"><phr n="-incremented"><ent r="3" t="99" w="121" /><ent r="3" t="99" w="121" /><ent r="3" t="99" w="441" /><ent r="3" t="99" w="441" /></phr><phr n="-increment"><ent r="3" t="99" w="234" /><ent r="3" t="99" w="234" /></phr><phr n="-increments"><ent r="3" t="99" w="626" /><ent r="3" t="99" w="626" /></phr></stem><stem n="auto-incr"><phr n="auto-incremented"><ent r="3" t="99" w="121" /><ent r="3" t="99" w="441" /></phr><phr n="auto-increment"><ent r="3" t="99" w="234" /></phr><phr n="auto-increments"><ent r="3" t="99" w="456" /><ent r="3" t="99" w="626" /></phr></stem><stem n="idholder.c"><phr n="IDHolder.cs"><ent r="4" t="99" w="150" /><ent r="4" t="99" w="149" /><ent r="4" t="250" w="87" /><ent r="4" t="250" w="86" /><ent r="4" t="251" w="83" /><ent r="4" t="251" w="82" /></phr></stem><stem n="holder"><phr n="holder"><ent r="4" t="99" w="152" /><ent r="4" t="99" w="216" /><ent r="4" t="251" w="85" /><ent r="4" t="251" w="149" /></phr></stem><stem n="_id"><phr n="_id"><ent r="4" t="99" w="163" /><ent r="4" t="99" w="184" /><ent r="4" t="99" w="202" /><ent r="4" t="121" w="192" /><ent r="4" t="251" w="96" /><ent r="4" t="251" w="117" /><ent r="4" t="251" w="135" /></phr></stem><stem n="m_id"><phr n="m_id"><ent r="4" t="99" w="163" /><ent r="4" t="99" w="162" /><ent r="4" t="99" w="184" /><ent r="4" t="99" w="183" /><ent r="4" t="99" w="202" /><ent r="4" t="99" w="201" /><ent r="4" t="121" w="192" /><ent r="4" t="121" w="191" /><ent r="4" t="251" w="96" /><ent r="4" t="251" w="95" /><ent r="4" t="251" w="117" /><ent r="4" t="251" w="116" /><ent r="4" t="251" w="135" /><ent r="4" t="251" w="134" /></phr></stem><stem n="idholder.vb"><phr n="IDHolder.vb"><ent r="4" t="99" w="214" /><ent r="4" t="99" w="213" /><ent r="4" t="250" w="137" /><ent r="4" t="250" w="136" /><ent r="4" t="251" w="147" /><ent r="4" t="251" w="146" /></phr></stem><stem n="persistedautoincr"><phr n="PersistedAutoIncrements"><ent r="4" t="99" w="256" /><ent r="4" t="99" w="327" /><ent r="4" t="99" w="470" /><ent r="4" t="99" w="546" /><ent r="4" t="99" w="645" /><ent r="4" t="99" w="663" /><ent r="4" t="99" w="680" /><ent r="4" t="99" w="738" /><ent r="4" t="99" w="773" /><ent r="4" t="99" w="783" /><ent r="4" t="99" w="787" /><ent r="4" t="99" w="802" /></phr></stem><stem n="idictionary&lt;typ"><phr n="IDictionary&lt;Type"><ent r="4" t="99" w="262" /></phr></stem><stem n="currenthighestid"><phr n="currentHighestIds"><ent r="4" t="99" w="267" /><ent r="4" t="99" w="291" /><ent r="4" t="99" w="303" /><ent r="4" t="99" w="333" /><ent r="4" t="99" w="383" /><ent r="4" t="99" w="400" /></phr></stem><stem n="dictionary&lt;typ"><phr n="Dictionary&lt;Type"><ent r="4" t="99" w="271" /></phr></stem><stem n="nextnumb"><phr n="NextNumber"><ent r="4" t="99" w="281" /><ent r="4" t="99" w="357" /><ent r="4" t="99" w="477" /><ent r="4" t="99" w="552" /></phr></stem><stem n="(type"><phr n="(Type"><ent r="4" t="99" w="282" /><ent r="4" t="99" w="464" /><ent r="4" t="130" w="145" /></phr></stem><stem n="forclass"><phr n="forClass"><ent r="4" t="99" w="283" /><ent r="4" t="99" w="293" /><ent r="4" t="99" w="304" /><ent r="4" t="99" w="361" /><ent r="4" t="99" w="385" /><ent r="4" t="99" w="401" /><ent r="4" t="99" w="465" /><ent r="4" t="99" w="478" /><ent r="4" t="99" w="526" /><ent r="4" t="99" w="553" /><ent r="5" t="130" w="151" /><ent r="5" t="130" w="406" /></phr><phr n="ForClass"><ent r="4" t="130" w="144" /><ent r="4" t="130" w="159" /><ent r="4" t="130" w="384" /><ent r="4" t="130" w="401" /><ent r="4" t="130" w="414" /></phr></stem><stem n="currenthighestids.trygetvalu"><phr n="currentHighestIds.TryGetValue"><ent r="4" t="99" w="292" /><ent r="4" t="99" w="291" /><ent r="4" t="99" w="384" /><ent r="4" t="99" w="383" /></phr></stem><stem n="trygetvalu"><phr n="TryGetValue"><ent r="4" t="99" w="292" /><ent r="4" t="99" w="384" /></phr></stem><stem n="(!currenthighestids.trygetvalue(forclass,"><phr n="(!currentHighestIds.TryGetValue(forClass,"><ent r="4" t="99" w="294" /></phr></stem><stem n="[forclass]"><phr n="[forClass]"><ent r="4" t="99" w="305" /></phr></stem><stem n="autoincrement.c"><phr n="AutoIncrement.cs"><ent r="4" t="99" w="312" /><ent r="4" t="99" w="311" /><ent r="4" t="99" w="503" /><ent r="4" t="99" w="502" /><ent r="4" t="99" w="716" /><ent r="4" t="99" w="715" /></phr></stem><stem n="idictionari"><phr n="IDictionary"><ent r="4" t="99" w="337" /></phr></stem><stem n=".trygetvalue(forclass,"><phr n=".TryGetValue(forClass,"><ent r="4" t="99" w="386" /></phr></stem><stem n="(forclass)"><phr n="(forClass)"><ent r="4" t="99" w="402" /></phr></stem><stem n="autoincrement.vb"><phr n="AutoIncrement.vb"><ent r="4" t="99" w="417" /><ent r="4" t="99" w="416" /><ent r="4" t="99" w="602" /><ent r="4" t="99" w="601" /><ent r="4" t="99" w="846" /><ent r="4" t="99" w="845" /></phr></stem><stem n="-increments."><phr n="-increments."><ent r="3" t="99" w="458" /><ent r="3" t="99" w="458" /></phr></stem><stem n="getnextid"><phr n="GetNextID"><ent r="4" t="99" w="463" /><ent r="4" t="99" w="522" /><ent r="4" t="99" w="945" /><ent r="4" t="251" w="321" /></phr></stem><stem n="incrementst"><phr n="incrementState"><ent r="4" t="99" w="471" /><ent r="4" t="99" w="476" /><ent r="4" t="99" w="542" /><ent r="4" t="99" w="551" /></phr></stem><stem n="ensureloadedincr"><phr n="EnsureLoadedIncrements"><ent r="4" t="99" w="472" /><ent r="4" t="99" w="547" /><ent r="4" t="99" w="646" /><ent r="4" t="99" w="734" /></phr></stem><stem n="incrementstate.nextnumb"><phr n="incrementState.NextNumber"><ent r="4" t="99" w="477" /><ent r="4" t="99" w="476" /><ent r="4" t="99" w="552" /><ent r="4" t="99" w="551" /></phr></stem><stem n=".nextnumber(forclass);"><phr n=".NextNumber(forClass);"><ent r="4" t="99" w="479" /></phr></stem><stem n="storest"><phr n="StoreState"><ent r="4" t="99" w="484" /><ent r="4" t="99" w="567" /><ent r="4" t="99" w="961" /><ent r="4" t="251" w="337" /></phr></stem><stem n="state,2"><phr n="state,2"><ent r="4" t="99" w="500" /><ent r="4" t="99" w="499" /></phr></stem><stem n=".ext().store(state,2);"><phr n=".Ext().Store(state,2);"><ent r="4" t="99" w="501" /></phr></stem><stem n=".nextnumber(forclass)"><phr n=".NextNumber(forClass)"><ent r="4" t="99" w="554" /></phr></stem><stem n=".ext().store(state,"><phr n=".Ext().Store(state,"><ent r="4" t="99" w="587" /></phr></stem><stem n="loadorcreatest"><phr n="LoadOrCreateState"><ent r="4" t="99" w="655" /><ent r="4" t="99" w="664" /><ent r="4" t="99" w="751" /><ent r="4" t="99" w="769" /></phr></stem><stem n="ilist&lt;persistedautoincrements&gt;"><phr n="IList&lt;PersistedAutoIncrements&gt;"><ent r="4" t="99" w="665" /></phr></stem><stem n="existingst"><phr n="existingState"><ent r="4" t="99" w="666" /><ent r="4" t="99" w="673" /><ent r="4" t="99" w="687" /><ent r="4" t="99" w="692" /><ent r="4" t="99" w="777" /><ent r="4" t="99" w="792" /><ent r="4" t="99" w="807" /><ent r="4" t="99" w="815" /></phr></stem><stem n="container.query&lt;persistedautoincrements&gt;"><phr n="container.Query&lt;PersistedAutoIncrements&gt;"><ent r="4" t="99" w="668" /><ent r="4" t="99" w="667" /></phr></stem><stem n="query&lt;persistedautoincrements&gt;"><phr n="Query&lt;PersistedAutoIncrements&gt;"><ent r="4" t="99" w="668" /></phr></stem><stem n=".query&lt;persistedautoincrements&gt;();"><phr n=".Query&lt;PersistedAutoIncrements&gt;();"><ent r="4" t="99" w="669" /></phr></stem><stem n="(0"><phr n="(0"><ent r="4" t="99" w="672" /></phr></stem><stem n="existingstate.count"><phr n="existingState.Count"><ent r="4" t="99" w="674" /><ent r="4" t="99" w="673" /><ent r="4" t="99" w="688" /><ent r="4" t="99" w="687" /></phr></stem><stem n=".count)"><phr n=".Count)"><ent r="4" t="99" w="675" /><ent r="4" t="99" w="689" /><ent r="4" t="241" w="178" /><ent r="4" t="241" w="274" /></phr></stem><stem n="(1"><phr n="(1"><ent r="4" t="99" w="686" /><ent r="4" t="201" w="28" /><ent r="4" t="201" w="55" /></phr></stem><stem n="[0];"><phr n="[0];"><ent r="4" t="99" w="694" /></phr></stem><stem n="&quot;cannot"><phr n="&quot;Cannot"><ent r="5" t="99" w="704" /><ent r="5" t="99" w="826" /></phr></stem><stem n="(0)"><phr n="(0)"><ent r="4" t="99" w="817" /></phr></stem><stem n="creating-ev"><phr n="creating-event"><ent r="3" t="99" w="883" /></phr></stem><stem n="perfect"><phr n="perfect"><ent r="3" t="99" w="886" /><ent r="3" t="256" w="40" /><ent r="3" t="273" w="96" /></phr></stem><stem n="increment-st"><phr n="increment-state"><ent r="3" t="99" w="893" /></phr></stem><stem n="twice"><phr n="twice"><ent r="3" t="99" w="903" /><ent r="5" t="233" w="461" /><ent r="5" t="233" w="549" /></phr></stem><stem n="eventregistri"><phr n="eventRegistry"><ent r="4" t="99" w="913" /><ent r="4" t="99" w="917" /><ent r="4" t="99" w="948" /><ent r="4" t="99" w="991" /><ent r="4" t="99" w="1002" /><ent r="4" t="99" w="1012" /><ent r="4" t="251" w="289" /><ent r="4" t="251" w="293" /><ent r="4" t="251" w="324" /><ent r="4" t="251" w="367" /><ent r="4" t="251" w="378" /><ent r="4" t="251" w="388" /></phr><phr n="EventRegistry"><ent r="3" t="100" w="19" /></phr></stem><stem n="eventregistry.creating+"><phr n="eventRegistry.Creating+"><ent r="4" t="99" w="918" /><ent r="4" t="99" w="917" /><ent r="4" t="251" w="294" /><ent r="4" t="251" w="293" /></phr></stem><stem n="creating+"><phr n="Creating+"><ent r="4" t="99" w="918" /><ent r="4" t="251" w="294" /></phr></stem><stem n=".creating+="><phr n=".Creating+="><ent r="4" t="99" w="919" /><ent r="4" t="251" w="295" /></phr></stem><stem n="(idholder)args.object;"><phr n="(IDHolder)args.Object;"><ent r="4" t="99" w="942" /><ent r="4" t="251" w="318" /></phr></stem><stem n=".id"><phr n=".Id"><ent r="4" t="99" w="943" /><ent r="4" t="251" w="319" /><ent r="4" t="251" w="471" /><ent r="4" t="251" w="513" /><ent r="4" t="251" w="555" /></phr><phr n=".id"><ent r="4" t="121" w="351" /><ent r="4" t="121" w="533" /></phr><phr n=".ID"><ent r="4" t="260" w="270" /></phr></stem><stem n="idholder.id"><phr n="idHolder.Id"><ent r="4" t="99" w="943" /><ent r="4" t="99" w="942" /><ent r="4" t="251" w="319" /><ent r="4" t="251" w="318" /><ent r="4" t="251" w="435" /><ent r="4" t="251" w="434" /><ent r="4" t="251" w="471" /><ent r="4" t="251" w="470" /></phr></stem><stem n="increment.getnextid"><phr n="increment.GetNextID"><ent r="4" t="99" w="945" /><ent r="4" t="99" w="944" /><ent r="4" t="251" w="321" /><ent r="4" t="251" w="320" /></phr></stem><stem n="idholder.gettyp"><phr n="idHolder.GetType"><ent r="4" t="99" w="947" /><ent r="4" t="99" w="946" /><ent r="4" t="251" w="323" /><ent r="4" t="251" w="322" /></phr></stem><stem n=".getnextid(idholder.gettype());"><phr n=".GetNextID(idHolder.GetType());"><ent r="4" t="99" w="948" /><ent r="4" t="251" w="324" /></phr></stem><stem n="eventregistry.commit"><phr n="eventRegistry.Committing"><ent r="4" t="99" w="949" /><ent r="4" t="99" w="948" /><ent r="4" t="99" w="1013" /><ent r="4" t="99" w="1012" /><ent r="4" t="251" w="325" /><ent r="4" t="251" w="324" /><ent r="4" t="251" w="389" /><ent r="4" t="251" w="388" /></phr></stem><stem n="increment.storest"><phr n="increment.StoreState"><ent r="4" t="99" w="961" /><ent r="4" t="99" w="960" /><ent r="4" t="251" w="337" /><ent r="4" t="251" w="336" /></phr></stem><stem n=".storestate();"><phr n=".StoreState();"><ent r="4" t="99" w="962" /><ent r="4" t="251" w="338" /></phr></stem><stem n="autoincrementexampl"><phr n="AutoIncrementExample"><ent r="4" t="99" w="963" /><ent r="4" t="99" w="1020" /><ent r="4" t="99" w="1067" /><ent r="4" t="99" w="1096" /><ent r="4" t="251" w="190" /><ent r="4" t="251" w="219" /><ent r="4" t="251" w="339" /><ent r="4" t="251" w="396" /><ent r="4" t="251" w="437" /><ent r="4" t="251" w="473" /><ent r="4" t="251" w="521" /><ent r="4" t="251" w="565" /></phr></stem><stem n="autoincrementexample.c"><phr n="AutoIncrementExample.cs"><ent r="4" t="99" w="964" /><ent r="4" t="99" w="963" /><ent r="4" t="99" w="1068" /><ent r="4" t="99" w="1067" /><ent r="4" t="251" w="191" /><ent r="4" t="251" w="190" /><ent r="4" t="251" w="340" /><ent r="4" t="251" w="339" /><ent r="4" t="251" w="438" /><ent r="4" t="251" w="437" /><ent r="4" t="251" w="522" /><ent r="4" t="251" w="521" /></phr></stem><stem n="eventregistry.cr"><phr n="eventRegistry.Creating"><ent r="4" t="99" w="1003" /><ent r="4" t="99" w="1002" /><ent r="4" t="251" w="379" /><ent r="4" t="251" w="378" /></phr></stem><stem n="eventregistry.creating,"><phr n="eventRegistry.Creating,"><ent r="4" t="99" w="1003" /><ent r="4" t="99" w="1002" /><ent r="4" t="251" w="379" /><ent r="4" t="251" w="378" /></phr></stem><stem n=".handlecr"><phr n=".HandleCreating"><ent r="4" t="99" w="1008" /><ent r="4" t="251" w="384" /></phr></stem><stem n="increment.handlecr"><phr n="increment.HandleCreating"><ent r="4" t="99" w="1008" /><ent r="4" t="99" w="1007" /><ent r="4" t="251" w="384" /><ent r="4" t="251" w="383" /></phr></stem><stem n="handlecr"><phr n="HandleCreating"><ent r="4" t="99" w="1008" /><ent r="4" t="251" w="384" /></phr></stem><stem n="eventregistry.committing,"><phr n="eventRegistry.Committing,"><ent r="4" t="99" w="1013" /><ent r="4" t="99" w="1012" /><ent r="4" t="251" w="389" /><ent r="4" t="251" w="388" /></phr></stem><stem n=".handlecommit"><phr n=".HandleCommiting"><ent r="4" t="99" w="1018" /><ent r="4" t="251" w="394" /></phr></stem><stem n="increment.handlecommit"><phr n="increment.HandleCommiting"><ent r="4" t="99" w="1018" /><ent r="4" t="99" w="1017" /><ent r="4" t="251" w="394" /><ent r="4" t="251" w="393" /></phr></stem><stem n="autoincrementexample.vb"><phr n="AutoIncrementExample.vb"><ent r="4" t="99" w="1021" /><ent r="4" t="99" w="1020" /><ent r="4" t="99" w="1097" /><ent r="4" t="99" w="1096" /><ent r="4" t="251" w="220" /><ent r="4" t="251" w="219" /><ent r="4" t="251" w="397" /><ent r="4" t="251" w="396" /><ent r="4" t="251" w="474" /><ent r="4" t="251" w="473" /><ent r="4" t="251" w="566" /><ent r="4" t="251" w="565" /></phr></stem><stem n="looks-up"><phr n="looks-ups"><ent r="3" t="99" w="1045" /></phr></stem><stem n="(idholder)).objectfield("><phr n="(IDHolder)).ObjectField("><ent r="4" t="99" w="1059" /><ent r="4" t="99" w="1088" /><ent r="4" t="250" w="175" /><ent r="4" t="250" w="204" /><ent r="4" t="251" w="182" /><ent r="4" t="251" w="211" /></phr></stem><stem n="-in"><phr n="-in"><ent r="3" t="100" w="12" /><ent r="3" t="100" w="12" /><ent r="3" t="106" w="9" /><ent r="3" t="106" w="9" /><ent r="3" t="115" w="12" /><ent r="3" t="115" w="12" /><ent r="92" t="140" w="107" /><ent r="92" t="140" w="107" /><ent r="3" t="252" w="108" /><ent r="3" t="252" w="108" /></phr><phr n="-In"><ent r="1000" t="115" w="1" /><ent r="1000" t="115" w="1" /><ent r="102" t="115" w="5" /><ent r="102" t="115" w="5" /></phr></stem><stem n="built-in"><phr n="built-in"><ent r="3" t="100" w="12" /><ent r="3" t="252" w="108" /></phr><phr n="Built-in"><ent r="3" t="106" w="9" /><ent r="92" t="140" w="107" /></phr><phr n="Built-In"><ent r="1000" t="115" w="1" /><ent r="102" t="115" w="5" /></phr></stem><stem n="valid"><phr n="validation"><ent r="3" t="100" w="37" /><ent r="3" t="263" w="14" /><ent r="3" t="263" w="229" /><ent r="4" t="263" w="389" /><ent r="4" t="263" w="435" /><ent r="3" t="263" w="463" /></phr><phr n="valid"><ent r="6" t="143" w="374" /><ent r="4" t="237" w="86" /><ent r="5" t="263" w="274" /><ent r="5" t="263" w="346" /><ent r="4" t="263" w="497" /><ent r="4" t="263" w="526" /><ent r="3" t="297" w="73" /><ent r="3" t="298" w="86" /><ent r="3" t="298" w="406" /><ent r="3" t="303" w="153" /></phr><phr n="validating"><ent r="5" t="237" w="384" /><ent r="5" t="237" w="468" /><ent r="4" t="263" w="44" /></phr><phr n="Validation"><ent r="1000" t="263" w="1" /><ent r="100" t="263" w="3" /><ent r="102" t="263" w="5" /><ent r="4" t="263" w="140" /><ent r="4" t="263" w="215" /><ent r="4" t="263" w="287" /><ent r="4" t="263" w="363" /></phr><phr n="validate"><ent r="4" t="263" w="35" /><ent r="4" t="263" w="59" /><ent r="3" t="263" w="107" /></phr><phr n="Validator"><ent r="65" t="263" w="56" /><ent r="4" t="263" w="276" /><ent r="4" t="263" w="348" /></phr><phr n="validated"><ent r="3" t="263" w="80" /></phr><phr n="Valid"><ent r="6" t="300" w="307" /></phr></stem><stem n="broken"><phr n="broken"><ent r="3" t="100" w="54" /><ent r="3" t="178" w="114" /></phr></stem><stem n="referentialintegritycheck"><phr n="ReferentialIntegrityCheck"><ent r="4" t="100" w="88" /><ent r="4" t="100" w="161" /><ent r="4" t="100" w="289" /><ent r="4" t="100" w="320" /></phr></stem><stem n="eventargu"><phr n="eventArguments"><ent r="4" t="100" w="94" /><ent r="4" t="100" w="99" /><ent r="4" t="100" w="111" /><ent r="4" t="100" w="141" /><ent r="4" t="100" w="174" /><ent r="4" t="100" w="188" /><ent r="4" t="100" w="210" /><ent r="4" t="100" w="255" /></phr></stem><stem n="todelet"><phr n="toDelete"><ent r="4" t="100" w="98" /><ent r="4" t="100" w="104" /><ent r="4" t="100" w="129" /><ent r="4" t="100" w="182" /><ent r="4" t="100" w="195" /><ent r="4" t="100" w="242" /></phr></stem><stem n="eventarguments.object"><phr n="eventArguments.Object"><ent r="4" t="100" w="100" /><ent r="4" t="100" w="99" /><ent r="4" t="100" w="189" /><ent r="4" t="100" w="188" /></phr></stem><stem n="(todelet"><phr n="(toDelete"><ent r="4" t="100" w="104" /></phr></stem><stem n="eventarguments.objectcontain"><phr n="eventArguments.ObjectContainer"><ent r="4" t="100" w="112" /><ent r="4" t="100" w="111" /><ent r="4" t="100" w="211" /><ent r="4" t="100" w="210" /></phr></stem><stem n=".objectcontainer();"><phr n=".ObjectContainer();"><ent r="4" t="100" w="113" /></phr></stem><stem n="ienumerable&lt;car&gt;"><phr n="IEnumerable&lt;Car&gt;"><ent r="4" t="100" w="113" /></phr></stem><stem n="c.pilot"><phr n="c.Pilot"><ent r="4" t="100" w="128" /><ent r="4" t="100" w="127" /><ent r="4" t="100" w="238" /><ent r="4" t="100" w="237" /></phr></stem><stem n="cars.count"><phr n="cars.Count"><ent r="4" t="100" w="138" /><ent r="4" t="100" w="137" /></phr></stem><stem n="(cars.count()"><phr n="(cars.Count()"><ent r="4" t="100" w="139" /></phr></stem><stem n="eventarguments.cancel"><phr n="eventArguments.Cancel"><ent r="4" t="100" w="142" /><ent r="4" t="100" w="141" /><ent r="4" t="100" w="256" /><ent r="4" t="100" w="255" /></phr></stem><stem n="callbackexampl"><phr n="CallbackExamples"><ent r="4" t="100" w="144" /><ent r="4" t="100" w="270" /><ent r="4" t="100" w="291" /><ent r="4" t="100" w="322" /></phr></stem><stem n="callbackexamples.c"><phr n="CallbackExamples.cs"><ent r="4" t="100" w="145" /><ent r="4" t="100" w="144" /><ent r="4" t="100" w="292" /><ent r="4" t="100" w="291" /></phr></stem><stem n=".objectcontainer()"><phr n=".ObjectContainer()"><ent r="4" t="100" w="212" /></phr></stem><stem n="ienumer"><phr n="IEnumerable"><ent r="4" t="100" w="219" /><ent r="4" t="240" w="1378" /><ent r="6" t="300" w="579" /></phr><phr n="IEnumerator"><ent r="4" t="109" w="407" /></phr></stem><stem n="callbackexamples.vb"><phr n="CallbackExamples.vb"><ent r="4" t="100" w="271" /><ent r="4" t="100" w="270" /><ent r="4" t="100" w="323" /><ent r="4" t="100" w="322" /></phr></stem><stem n="events.delet"><phr n="events.Deleting"><ent r="4" t="100" w="287" /><ent r="4" t="100" w="286" /><ent r="4" t="100" w="316" /><ent r="4" t="100" w="315" /><ent r="4" t="244" w="225" /><ent r="4" t="244" w="224" /><ent r="4" t="244" w="296" /><ent r="4" t="244" w="295" /></phr></stem><stem n="events.deleting,"><phr n="events.Deleting,"><ent r="4" t="100" w="316" /><ent r="4" t="100" w="315" /><ent r="4" t="244" w="296" /><ent r="4" t="244" w="295" /></phr></stem><stem n=".deleting,"><phr n=".Deleting,"><ent r="4" t="100" w="317" /><ent r="4" t="244" w="297" /></phr></stem><stem n="rais"><phr n="raised"><ent r="3" t="100" w="368" /><ent r="3" t="284" w="175" /></phr><phr n="raise"><ent r="4" t="238" w="364" /></phr></stem><stem n="outdat"><phr n="outdated"><ent r="3" t="101" w="57" /><ent r="4" t="227" w="343" /></phr></stem><stem n="commit-event-handl"><phr n="commit-event-handler"><ent r="3" t="101" w="98" /></phr></stem><stem n="-event-handler,"><phr n="-event-handler,"><ent r="3" t="101" w="101" /><ent r="3" t="101" w="102" /></phr></stem><stem n="updated.getobject"><phr n="updated.GetObject"><ent r="4" t="101" w="141" /><ent r="4" t="101" w="140" /><ent r="4" t="101" w="252" /><ent r="4" t="101" w="251" /></phr></stem><stem n="args.objectcontain"><phr n="args.ObjectContainer"><ent r="4" t="101" w="143" /><ent r="4" t="101" w="142" /><ent r="4" t="101" w="254" /><ent r="4" t="101" w="253" /><ent r="4" t="244" w="192" /><ent r="4" t="244" w="191" /><ent r="4" t="244" w="265" /><ent r="4" t="244" w="264" /></phr></stem><stem n=".objectcontainer().ext().refresh(obj,"><phr n=".ObjectContainer().Ext().Refresh(obj,"><ent r="4" t="101" w="147" /><ent r="4" t="101" w="258" /></phr></stem><stem n="refreshingobject"><phr n="RefreshingObjects"><ent r="4" t="101" w="149" /><ent r="4" t="101" w="186" /><ent r="4" t="101" w="266" /><ent r="4" t="228" w="241" /><ent r="4" t="228" w="262" /></phr></stem><stem n="refreshingobjects.c"><phr n="RefreshingObjects.cs"><ent r="4" t="101" w="150" /><ent r="4" t="101" w="149" /><ent r="4" t="228" w="242" /><ent r="4" t="228" w="241" /></phr></stem></index>