﻿<?xml version="1.0" encoding="utf-8"?><index><stem n="oper"><phr n="operations"><ent r="4" t="0" w="53" /><ent r="65" t="0" w="61" /><ent r="3" t="2" w="369" /><ent r="3" t="2" w="426" /><ent r="3" t="6" w="78" /><ent r="3" t="8" w="59" /><ent r="4" t="8" w="161" /><ent r="4" t="8" w="270" /><ent r="3" t="10" w="30" /><ent r="3" t="14" w="21" /><ent r="3" t="14" w="36" /><ent r="3" t="14" w="45" /><ent r="3" t="14" w="145" /><ent r="3" t="14" w="173" /><ent r="3" t="14" w="258" /><ent r="3" t="14" w="999" /><ent r="3" t="14" w="1051" /><ent r="3" t="14" w="1066" /><ent r="3" t="14" w="1077" /><ent r="3" t="14" w="1175" /><ent r="3" t="15" w="225" /><ent r="4" t="15" w="267" /><ent r="4" t="15" w="317" /><ent r="3" t="20" w="306" /><ent r="3" t="27" w="736" /><ent r="3" t="31" w="20" /><ent r="3" t="31" w="35" /><ent r="3" t="31" w="44" /><ent r="3" t="31" w="87" /><ent r="3" t="31" w="115" /><ent r="3" t="31" w="190" /><ent r="3" t="31" w="861" /><ent r="3" t="31" w="909" /><ent r="3" t="31" w="1110" /><ent r="3" t="31" w="1125" /><ent r="3" t="31" w="1277" /><ent r="3" t="31" w="1444" /><ent r="4" t="33" w="148" /><ent r="3" t="34" w="11" /><ent r="5" t="34" w="580" /><ent r="5" t="34" w="646" /><ent r="3" t="44" w="271" /><ent r="3" t="58" w="60" /><ent r="4" t="59" w="295" /><ent r="4" t="59" w="299" /><ent r="4" t="59" w="375" /><ent r="3" t="60" w="65" /><ent r="3" t="61" w="161" /><ent r="3" t="61" w="166" /><ent r="3" t="65" w="138" /><ent r="3" t="66" w="24" /><ent r="3" t="66" w="46" /><ent r="5" t="66" w="194" /><ent r="5" t="66" w="260" /><ent r="3" t="73" w="119" /><ent r="3" t="73" w="281" /><ent r="4" t="74" w="85" /><ent r="3" t="74" w="632" /><ent r="3" t="74" w="641" /><ent r="3" t="75" w="50" /><ent r="3" t="75" w="196" /><ent r="3" t="75" w="680" /><ent r="3" t="94" w="24" /><ent r="3" t="94" w="31" /><ent r="3" t="94" w="83" /><ent r="3" t="106" w="204" /><ent r="3" t="108" w="80" /><ent r="3" t="109" w="50" /><ent r="4" t="119" w="118" /><ent r="3" t="126" w="15" /><ent r="4" t="132" w="188" /><ent r="4" t="132" w="198" /><ent r="3" t="133" w="94" /><ent r="4" t="133" w="152" /><ent r="4" t="133" w="162" /><ent r="3" t="134" w="54" /><ent r="3" t="136" w="12" /><ent r="3" t="138" w="12" /><ent r="6" t="143" w="291" /><ent r="3" t="159" w="18" /><ent r="3" t="174" w="14" /><ent r="3" t="179" w="513" /><ent r="3" t="197" w="38" /><ent r="2" t="198" w="40" /><ent r="4" t="203" w="159" /><ent r="3" t="206" w="23" /><ent r="3" t="207" w="107" /><ent r="3" t="207" w="114" /><ent r="5" t="226" w="306" /><ent r="5" t="226" w="323" /><ent r="3" t="227" w="78" /><ent r="5" t="229" w="125" /><ent r="5" t="229" w="191" /><ent r="3" t="232" w="161" /><ent r="5" t="233" w="446" /><ent r="5" t="233" w="534" /><ent r="3" t="233" w="582" /><ent r="3" t="243" w="29" /><ent r="3" t="243" w="264" /><ent r="3" t="256" w="90" /><ent r="5" t="256" w="127" /><ent r="5" t="256" w="193" /><ent r="5" t="256" w="275" /><ent r="5" t="256" w="341" /><ent r="3" t="260" w="108" /><ent r="3" t="261" w="58" /><ent r="3" t="261" w="77" /><ent r="3" t="265" w="454" /><ent r="6" t="270" w="334" /><ent r="6" t="270" w="399" /><ent r="6" t="270" w="455" /><ent r="3" t="282" w="101" /><ent r="3" t="283" w="350" /><ent r="3" t="285" w="343" /></phr><phr n="Operations"><ent r="1000" t="8" w="2" /><ent r="102" t="8" w="6" /><ent r="92" t="8" w="55" /><ent r="64" t="8" w="72" /><ent r="1000" t="10" w="3" /><ent r="102" t="10" w="10" /><ent r="3" t="14" w="827" /><ent r="82" t="14" w="1042" /><ent r="82" t="31" w="1101" /></phr><phr n="operation"><ent r="3" t="10" w="628" /><ent r="3" t="14" w="267" /><ent r="3" t="14" w="532" /><ent r="3" t="14" w="1056" /><ent r="3" t="15" w="606" /><ent r="3" t="15" w="823" /><ent r="3" t="31" w="199" /><ent r="3" t="31" w="461" /><ent r="3" t="31" w="1115" /><ent r="3" t="31" w="1451" /><ent r="4" t="33" w="92" /><ent r="3" t="33" w="231" /><ent r="3" t="34" w="98" /><ent r="3" t="34" w="102" /><ent r="3" t="35" w="287" /><ent r="3" t="45" w="512" /><ent r="3" t="49" w="450" /><ent r="3" t="59" w="45" /><ent r="4" t="59" w="326" /><ent r="3" t="61" w="60" /><ent r="3" t="74" w="139" /><ent r="3" t="76" w="67" /><ent r="3" t="76" w="767" /><ent r="6" t="92" w="261" /><ent r="6" t="92" w="485" /><ent r="6" t="92" w="517" /><ent r="3" t="94" w="35" /><ent r="3" t="96" w="52" /><ent r="3" t="96" w="63" /><ent r="3" t="96" w="69" /><ent r="3" t="96" w="75" /><ent r="3" t="96" w="303" /><ent r="3" t="96" w="314" /><ent r="3" t="96" w="322" /><ent r="4" t="96" w="378" /><ent r="4" t="96" w="410" /><ent r="4" t="96" w="503" /><ent r="4" t="96" w="978" /><ent r="4" t="98" w="61" /><ent r="4" t="102" w="103" /><ent r="4" t="102" w="165" /><ent r="3" t="106" w="265" /><ent r="4" t="106" w="356" /><ent r="4" t="106" w="386" /><ent r="3" t="109" w="76" /><ent r="3" t="121" w="626" /><ent r="3" t="126" w="186" /><ent r="3" t="127" w="219" /><ent r="3" t="127" w="267" /><ent r="3" t="134" w="244" /><ent r="3" t="150" w="121" /><ent r="3" t="164" w="46" /><ent r="3" t="174" w="36" /><ent r="3" t="174" w="48" /><ent r="3" t="177" w="92" /><ent r="65" t="186" w="59" /><ent r="3" t="191" w="25" /><ent r="3" t="191" w="107" /><ent r="3" t="193" w="25" /><ent r="4" t="193" w="139" /><ent r="4" t="193" w="389" /><ent r="3" t="200" w="110" /><ent r="3" t="203" w="100" /><ent r="3" t="238" w="326" /><ent r="3" t="243" w="55" /><ent r="3" t="244" w="65" /><ent r="3" t="244" w="119" /><ent r="64" t="265" w="423" /><ent r="3" t="265" w="669" /><ent r="3" t="265" w="680" /><ent r="3" t="275" w="447" /><ent r="4" t="278" w="90" /><ent r="3" t="286" w="40" /><ent r="4" t="286" w="94" /></phr><phr n="Operation"><ent r="82" t="14" w="166" /><ent r="82" t="31" w="108" /></phr><phr n="operator"><ent r="3" t="15" w="798" /><ent r="5" t="20" w="483" /><ent r="5" t="27" w="842" /><ent r="5" t="27" w="949" /><ent r="3" t="290" w="156" /></phr><phr n="operators"><ent r="3" t="18" w="237" /><ent r="3" t="18" w="363" /><ent r="3" t="18" w="507" /><ent r="4" t="18" w="544" /><ent r="4" t="18" w="578" /></phr><phr n="Operators"><ent r="92" t="18" w="493" /></phr><phr n="operates"><ent r="3" t="109" w="24" /></phr><phr n="operate"><ent r="3" t="129" w="80" /><ent r="3" t="242" w="34" /><ent r="4" t="258" w="144" /></phr><phr n="operating"><ent r="3" t="191" w="43" /><ent r="3" t="191" w="123" /></phr></stem><stem n="basic"><phr n="basic"><ent r="65" t="0" w="60" /><ent r="4" t="0" w="98" /><ent r="3" t="8" w="20" /><ent r="3" t="8" w="58" /><ent r="4" t="8" w="160" /><ent r="4" t="8" w="269" /><ent r="3" t="8" w="293" /><ent r="3" t="14" w="66" /><ent r="3" t="23" w="45" /><ent r="3" t="27" w="76" /><ent r="3" t="72" w="17" /><ent r="3" t="73" w="46" /><ent r="3" t="74" w="59" /><ent r="4" t="103" w="85" /><ent r="3" t="134" w="52" /><ent r="3" t="303" w="12" /><ent r="3" t="303" w="135" /><ent r="4" t="305" w="147" /><ent r="4" t="306" w="143" /></phr><phr n="Basics"><ent r="1000" t="8" w="1" /><ent r="102" t="8" w="5" /><ent r="92" t="24" w="14" /></phr><phr n="Basic"><ent r="92" t="8" w="54" /><ent r="64" t="8" w="71" /><ent r="92" t="8" w="287" /><ent r="1000" t="10" w="2" /><ent r="102" t="10" w="9" /><ent r="4" t="103" w="108" /><ent r="4" t="302" w="182" /><ent r="4" t="302" w="286" /></phr><phr n="Basically"><ent r="3" t="23" w="23" /><ent r="3" t="62" w="32" /><ent r="3" t="124" w="76" /><ent r="3" t="125" w="76" /><ent r="3" t="252" w="87" /></phr></stem><stem n="linq"><phr n="LINQ"><ent r="66" t="0" w="67" /><ent r="3" t="7" w="208" /><ent r="3" t="7" w="262" /><ent r="64" t="10" w="320" /><ent r="64" t="11" w="20" /><ent r="1000" t="12" w="1" /><ent r="100" t="12" w="3" /><ent r="100" t="12" w="6" /><ent r="102" t="12" w="8" /><ent r="3" t="12" w="15" /><ent r="3" t="12" w="48" /><ent r="92" t="12" w="55" /><ent r="3" t="12" w="66" /><ent r="3" t="12" w="78" /><ent r="4" t="12" w="96" /><ent r="4" t="12" w="120" /><ent r="3" t="12" w="137" /><ent r="3" t="12" w="203" /><ent r="3" t="12" w="209" /><ent r="64" t="12" w="221" /><ent r="64" t="12" w="240" /><ent r="92" t="12" w="386" /><ent r="3" t="12" w="390" /><ent r="3" t="12" w="394" /><ent r="64" t="12" w="418" /><ent r="3" t="12" w="424" /><ent r="64" t="12" w="434" /><ent r="1000" t="13" w="1" /><ent r="102" t="13" w="4" /><ent r="3" t="13" w="17" /><ent r="64" t="13" w="29" /><ent r="3" t="13" w="46" /><ent r="100" t="13" w="301" /><ent r="1000" t="14" w="1" /><ent r="100" t="14" w="5" /><ent r="100" t="14" w="9" /><ent r="102" t="14" w="12" /><ent r="3" t="14" w="54" /><ent r="3" t="14" w="77" /><ent r="3" t="14" w="87" /><ent r="3" t="14" w="1019" /><ent r="3" t="14" w="1199" /><ent r="3" t="14" w="1392" /><ent r="3" t="14" w="1625" /><ent r="3" t="14" w="1640" /><ent r="64" t="14" w="1644" /><ent r="1000" t="15" w="1" /><ent r="102" t="15" w="4" /><ent r="3" t="15" w="7" /><ent r="3" t="15" w="43" /><ent r="64" t="15" w="103" /><ent r="3" t="15" w="476" /><ent r="3" t="15" w="809" /><ent r="1000" t="16" w="1" /><ent r="102" t="16" w="6" /><ent r="3" t="16" w="17" /><ent r="3" t="16" w="38" /><ent r="3" t="16" w="59" /><ent r="3" t="16" w="80" /><ent r="3" t="16" w="102" /><ent r="3" t="16" w="116" /><ent r="65" t="17" w="19" /><ent r="4" t="17" w="31" /><ent r="65" t="17" w="43" /><ent r="65" t="18" w="14" /><ent r="4" t="18" w="26" /><ent r="65" t="18" w="38" /><ent r="64" t="18" w="90" /><ent r="65" t="19" w="18" /><ent r="4" t="19" w="30" /><ent r="65" t="19" w="42" /><ent r="65" t="20" w="18" /><ent r="4" t="20" w="30" /><ent r="65" t="20" w="42" /><ent r="65" t="21" w="16" /><ent r="4" t="21" w="28" /><ent r="65" t="21" w="40" /><ent r="65" t="22" w="20" /><ent r="4" t="22" w="32" /><ent r="65" t="22" w="44" /><ent r="64" t="26" w="61" /><ent r="65" t="26" w="126" /><ent r="4" t="134" w="62" /><ent r="3" t="134" w="267" /><ent r="3" t="134" w="283" /><ent r="3" t="134" w="291" /><ent r="3" t="134" w="312" /><ent r="64" t="134" w="316" /><ent r="3" t="241" w="114" /><ent r="3" t="265" w="108" /><ent r="3" t="266" w="50" /><ent r="64" t="266" w="339" /><ent r="3" t="266" w="365" /><ent r="64" t="269" w="133" /><ent r="93" t="283" w="7" /><ent r="4" t="283" w="23" /><ent r="3" t="283" w="48" /><ent r="4" t="283" w="114" /><ent r="3" t="283" w="154" /><ent r="64" t="283" w="159" /><ent r="64" t="283" w="274" /><ent r="4" t="304" w="182" /><ent r="4" t="304" w="204" /><ent r="65" t="308" w="75" /><ent r="4" t="308" w="214" /><ent r="4" t="308" w="288" /></phr><phr n="Linq"><ent r="4" t="12" w="30" /><ent r="4" t="12" w="84" /><ent r="4" t="12" w="90" /><ent r="4" t="12" w="108" /><ent r="4" t="12" w="114" /><ent r="3" t="15" w="380" /><ent r="3" t="15" w="386" /><ent r="3" t="16" w="30" /><ent r="3" t="16" w="97" /><ent r="3" t="16" w="125" /><ent r="3" t="265" w="95" /><ent r="4" t="283" w="56" /><ent r="4" t="304" w="179" /><ent r="4" t="304" w="187" /><ent r="4" t="304" w="191" /><ent r="4" t="304" w="196" /><ent r="93" t="308" w="67" /><ent r="4" t="308" w="201" /><ent r="4" t="308" w="406" /></phr><phr n="linq"><ent r="4" t="134" w="258" /><ent r="4" t="134" w="274" /></phr></stem><stem n="queri"><phr n="query"><ent r="5" t="0" w="70" /><ent r="4" t="0" w="82" /><ent r="65" t="0" w="85" /><ent r="4" t="0" w="151" /><ent r="3" t="2" w="292" /><ent r="3" t="2" w="456" /><ent r="3" t="3" w="81" /><ent r="3" t="7" w="243" /><ent r="5" t="8" w="103" /><ent r="5" t="8" w="204" /><ent r="3" t="10" w="302" /><ent r="3" t="10" w="315" /><ent r="3" t="10" w="470" /><ent r="3" t="11" w="10" /><ent r="3" t="11" w="16" /><ent r="3" t="11" w="27" /><ent r="3" t="11" w="30" /><ent r="3" t="11" w="128" /><ent r="3" t="11" w="135" /><ent r="3" t="12" w="17" /><ent r="3" t="12" w="60" /><ent r="3" t="12" w="67" /><ent r="4" t="12" w="164" /><ent r="4" t="12" w="191" /><ent r="64" t="12" w="241" /><ent r="3" t="12" w="401" /><ent r="3" t="12" w="408" /><ent r="3" t="13" w="54" /><ent r="4" t="13" w="80" /><ent r="4" t="13" w="107" /><ent r="3" t="13" w="121" /><ent r="3" t="13" w="315" /><ent r="4" t="13" w="352" /><ent r="4" t="13" w="400" /><ent r="3" t="14" w="20" /><ent r="3" t="14" w="78" /><ent r="3" t="14" w="88" /><ent r="3" t="14" w="100" /><ent r="3" t="14" w="118" /><ent r="3" t="14" w="126" /><ent r="3" t="14" w="279" /><ent r="64" t="14" w="408" /><ent r="3" t="14" w="998" /><ent r="3" t="14" w="1020" /><ent r="3" t="14" w="1025" /><ent r="3" t="14" w="1031" /><ent r="3" t="14" w="1171" /><ent r="3" t="14" w="1200" /><ent r="3" t="14" w="1208" /><ent r="3" t="14" w="1217" /><ent r="3" t="14" w="1411" /><ent r="3" t="14" w="1429" /><ent r="3" t="14" w="1582" /><ent r="3" t="14" w="1610" /><ent r="3" t="15" w="56" /><ent r="3" t="15" w="112" /><ent r="4" t="15" w="155" /><ent r="4" t="15" w="210" /><ent r="4" t="15" w="263" /><ent r="4" t="15" w="270" /><ent r="4" t="15" w="313" /><ent r="4" t="15" w="320" /><ent r="3" t="15" w="347" /><ent r="3" t="15" w="362" /><ent r="3" t="15" w="396" /><ent r="3" t="15" w="400" /><ent r="3" t="15" w="405" /><ent r="3" t="15" w="461" /><ent r="3" t="15" w="479" /><ent r="4" t="15" w="533" /><ent r="4" t="15" w="589" /><ent r="3" t="15" w="612" /><ent r="3" t="15" w="625" /><ent r="3" t="15" w="633" /><ent r="3" t="15" w="784" /><ent r="3" t="15" w="807" /><ent r="3" t="15" w="827" /><ent r="4" t="17" w="29" /><ent r="4" t="17" w="36" /><ent r="3" t="17" w="74" /><ent r="3" t="17" w="141" /><ent r="64" t="17" w="163" /><ent r="64" t="17" w="172" /><ent r="3" t="17" w="192" /><ent r="3" t="17" w="234" /><ent r="3" t="17" w="375" /><ent r="3" t="17" w="385" /><ent r="3" t="17" w="400" /><ent r="4" t="18" w="24" /><ent r="4" t="18" w="31" /><ent r="3" t="18" w="51" /><ent r="3" t="18" w="100" /><ent r="3" t="18" w="648" /><ent r="3" t="18" w="673" /><ent r="3" t="18" w="682" /><ent r="4" t="18" w="790" /><ent r="4" t="18" w="821" /><ent r="3" t="18" w="835" /><ent r="3" t="18" w="874" /><ent r="3" t="18" w="888" /><ent r="3" t="18" w="901" /><ent r="4" t="19" w="28" /><ent r="4" t="19" w="35" /><ent r="4" t="19" w="102" /><ent r="4" t="19" w="137" /><ent r="4" t="20" w="28" /><ent r="4" t="20" w="35" /><ent r="3" t="20" w="93" /><ent r="3" t="20" w="151" /><ent r="3" t="20" w="288" /><ent r="3" t="20" w="295" /><ent r="3" t="20" w="320" /><ent r="4" t="20" w="323" /><ent r="4" t="20" w="326" /><ent r="4" t="20" w="332" /><ent r="4" t="20" w="343" /><ent r="4" t="20" w="363" /><ent r="4" t="20" w="370" /><ent r="4" t="20" w="376" /><ent r="4" t="20" w="393" /><ent r="4" t="20" w="460" /><ent r="4" t="21" w="26" /><ent r="4" t="21" w="33" /><ent r="3" t="21" w="102" /><ent r="3" t="21" w="120" /><ent r="3" t="21" w="127" /><ent r="5" t="21" w="232" /><ent r="4" t="21" w="243" /><ent r="5" t="21" w="319" /><ent r="4" t="21" w="343" /><ent r="3" t="21" w="371" /><ent r="3" t="21" w="386" /><ent r="3" t="21" w="394" /><ent r="3" t="21" w="418" /><ent r="4" t="22" w="30" /><ent r="4" t="22" w="37" /><ent r="3" t="23" w="21" /><ent r="3" t="23" w="190" /><ent r="3" t="24" w="18" /><ent r="3" t="24" w="611" /><ent r="4" t="25" w="26" /><ent r="4" t="25" w="80" /><ent r="3" t="26" w="15" /><ent r="3" t="26" w="30" /><ent r="3" t="26" w="92" /><ent r="3" t="26" w="234" /><ent r="3" t="27" w="15" /><ent r="4" t="27" w="117" /><ent r="4" t="27" w="120" /><ent r="4" t="27" w="128" /><ent r="4" t="27" w="147" /><ent r="4" t="27" w="154" /><ent r="4" t="27" w="168" /><ent r="4" t="27" w="219" /><ent r="4" t="27" w="222" /><ent r="4" t="27" w="228" /><ent r="4" t="27" w="239" /><ent r="4" t="27" w="259" /><ent r="4" t="27" w="266" /><ent r="4" t="27" w="272" /><ent r="4" t="27" w="289" /><ent r="4" t="27" w="332" /><ent r="4" t="27" w="335" /><ent r="4" t="27" w="341" /><ent r="4" t="27" w="351" /><ent r="4" t="27" w="369" /><ent r="4" t="27" w="376" /><ent r="4" t="27" w="382" /><ent r="4" t="27" w="398" /><ent r="4" t="27" w="415" /><ent r="4" t="27" w="418" /><ent r="4" t="27" w="424" /><ent r="4" t="27" w="435" /><ent r="4" t="27" w="455" /><ent r="4" t="27" w="462" /><ent r="4" t="27" w="468" /><ent r="4" t="27" w="485" /><ent r="4" t="27" w="532" /><ent r="4" t="27" w="535" /><ent r="4" t="27" w="541" /><ent r="4" t="27" w="550" /><ent r="4" t="27" w="560" /><ent r="4" t="27" w="578" /><ent r="4" t="27" w="585" /><ent r="4" t="27" w="591" /><ent r="4" t="27" w="602" /><ent r="4" t="27" w="618" /><ent r="4" t="27" w="649" /><ent r="4" t="27" w="652" /><ent r="4" t="27" w="658" /><ent r="4" t="27" w="668" /><ent r="4" t="27" w="684" /><ent r="4" t="27" w="691" /><ent r="4" t="27" w="697" /><ent r="4" t="27" w="715" /><ent r="4" t="27" w="825" /><ent r="4" t="27" w="828" /><ent r="4" t="27" w="844" /><ent r="4" t="27" w="866" /><ent r="4" t="27" w="897" /><ent r="4" t="27" w="912" /><ent r="4" t="27" w="928" /><ent r="4" t="27" w="935" /><ent r="4" t="27" w="980" /><ent r="4" t="27" w="993" /><ent r="4" t="27" w="1008" /><ent r="4" t="27" w="1029" /><ent r="64" t="27" w="1100" /><ent r="4" t="27" w="1124" /><ent r="4" t="27" w="1127" /><ent r="4" t="27" w="1145" /><ent r="4" t="27" w="1154" /><ent r="4" t="27" w="1185" /><ent r="4" t="27" w="1192" /><ent r="4" t="27" w="1210" /><ent r="4" t="27" w="1225" /><ent r="3" t="27" w="1279" /><ent r="4" t="27" w="1285" /><ent r="4" t="27" w="1288" /><ent r="4" t="27" w="1294" /><ent r="4" t="27" w="1309" /><ent r="4" t="27" w="1327" /><ent r="4" t="27" w="1334" /><ent r="4" t="27" w="1340" /><ent r="4" t="27" w="1361" /><ent r="3" t="28" w="60" /><ent r="4" t="28" w="104" /><ent r="4" t="28" w="107" /><ent r="4" t="28" w="113" /><ent r="4" t="28" w="124" /><ent r="4" t="28" w="141" /><ent r="4" t="28" w="148" /><ent r="4" t="28" w="154" /><ent r="4" t="28" w="171" /><ent r="3" t="28" w="212" /><ent r="4" t="28" w="249" /><ent r="4" t="28" w="252" /><ent r="4" t="28" w="258" /><ent r="4" t="28" w="273" /><ent r="4" t="28" w="291" /><ent r="4" t="28" w="298" /><ent r="4" t="28" w="304" /><ent r="4" t="28" w="325" /><ent r="4" t="28" w="410" /><ent r="4" t="28" w="413" /><ent r="4" t="28" w="419" /><ent r="4" t="28" w="430" /><ent r="4" t="28" w="449" /><ent r="4" t="28" w="456" /><ent r="4" t="28" w="462" /><ent r="4" t="28" w="479" /><ent r="4" t="28" w="537" /><ent r="4" t="28" w="540" /><ent r="4" t="28" w="546" /><ent r="4" t="28" w="565" /><ent r="4" t="28" w="589" /><ent r="4" t="28" w="596" /><ent r="4" t="28" w="602" /><ent r="4" t="28" w="626" /><ent r="64" t="28" w="667" /><ent r="4" t="28" w="720" /><ent r="4" t="28" w="723" /><ent r="5" t="28" w="742" /><ent r="4" t="28" w="760" /><ent r="4" t="28" w="769" /><ent r="4" t="28" w="776" /><ent r="4" t="28" w="788" /><ent r="4" t="28" w="795" /><ent r="5" t="28" w="814" /><ent r="4" t="28" w="835" /><ent r="4" t="28" w="850" /><ent r="4" t="28" w="857" /><ent r="3" t="28" w="874" /><ent r="4" t="28" w="951" /><ent r="4" t="28" w="966" /><ent r="4" t="28" w="978" /><ent r="4" t="28" w="995" /><ent r="4" t="28" w="1014" /><ent r="4" t="28" w="1034" /><ent r="3" t="28" w="1055" /><ent r="4" t="28" w="1086" /><ent r="4" t="28" w="1089" /><ent r="4" t="28" w="1118" /><ent r="4" t="28" w="1130" /><ent r="4" t="28" w="1150" /><ent r="4" t="28" w="1157" /><ent r="4" t="28" w="1186" /><ent r="4" t="28" w="1206" /><ent r="3" t="29" w="27" /><ent r="3" t="29" w="320" /><ent r="4" t="29" w="331" /><ent r="4" t="29" w="334" /><ent r="4" t="29" w="340" /><ent r="4" t="29" w="348" /><ent r="4" t="29" w="364" /><ent r="4" t="29" w="371" /><ent r="4" t="29" w="377" /><ent r="4" t="29" w="391" /><ent r="4" t="29" w="448" /><ent r="4" t="29" w="451" /><ent r="4" t="29" w="457" /><ent r="4" t="29" w="469" /><ent r="4" t="29" w="486" /><ent r="4" t="29" w="493" /><ent r="4" t="29" w="499" /><ent r="4" t="29" w="517" /><ent r="3" t="29" w="553" /><ent r="4" t="29" w="750" /><ent r="4" t="29" w="753" /><ent r="4" t="29" w="759" /><ent r="4" t="29" w="775" /><ent r="4" t="29" w="794" /><ent r="4" t="29" w="801" /><ent r="4" t="29" w="807" /><ent r="4" t="29" w="829" /><ent r="4" t="30" w="94" /><ent r="4" t="30" w="97" /><ent r="4" t="30" w="103" /><ent r="4" t="30" w="111" /><ent r="4" t="30" w="129" /><ent r="4" t="30" w="136" /><ent r="4" t="30" w="142" /><ent r="4" t="30" w="156" /><ent r="4" t="30" w="205" /><ent r="4" t="30" w="208" /><ent r="4" t="30" w="214" /><ent r="4" t="30" w="220" /><ent r="4" t="30" w="228" /><ent r="4" t="30" w="246" /><ent r="4" t="30" w="253" /><ent r="4" t="30" w="259" /><ent r="4" t="30" w="265" /><ent r="4" t="30" w="279" /><ent r="4" t="30" w="328" /><ent r="4" t="30" w="331" /><ent r="4" t="30" w="337" /><ent r="4" t="30" w="345" /><ent r="4" t="30" w="363" /><ent r="4" t="30" w="370" /><ent r="4" t="30" w="376" /><ent r="4" t="30" w="390" /><ent r="3" t="31" w="19" /><ent r="3" t="31" w="60" /><ent r="3" t="31" w="68" /><ent r="4" t="31" w="125" /><ent r="4" t="31" w="128" /><ent r="4" t="31" w="134" /><ent r="4" t="31" w="157" /><ent r="4" t="31" w="160" /><ent r="4" t="31" w="166" /><ent r="3" t="31" w="211" /><ent r="4" t="31" w="215" /><ent r="4" t="31" w="218" /><ent r="4" t="31" w="224" /><ent r="4" t="31" w="249" /><ent r="4" t="31" w="252" /><ent r="4" t="31" w="258" /><ent r="64" t="31" w="340" /><ent r="4" t="31" w="365" /><ent r="4" t="31" w="368" /><ent r="4" t="31" w="374" /><ent r="4" t="31" w="419" /><ent r="4" t="31" w="422" /><ent r="4" t="31" w="428" /><ent r="4" t="31" w="477" /><ent r="4" t="31" w="480" /><ent r="4" t="31" w="486" /><ent r="4" t="31" w="517" /><ent r="4" t="31" w="520" /><ent r="4" t="31" w="526" /><ent r="4" t="31" w="562" /><ent r="4" t="31" w="565" /><ent r="4" t="31" w="571" /><ent r="4" t="31" w="593" /><ent r="4" t="31" w="596" /><ent r="4" t="31" w="602" /><ent r="4" t="31" w="625" /><ent r="4" t="31" w="628" /><ent r="4" t="31" w="634" /><ent r="4" t="31" w="643" /><ent r="4" t="31" w="665" /><ent r="4" t="31" w="668" /><ent r="4" t="31" w="674" /><ent r="4" t="31" w="686" /><ent r="4" t="31" w="718" /><ent r="4" t="31" w="721" /><ent r="4" t="31" w="727" /><ent r="4" t="31" w="751" /><ent r="4" t="31" w="754" /><ent r="4" t="31" w="760" /><ent r="4" t="31" w="785" /><ent r="4" t="31" w="788" /><ent r="4" t="31" w="794" /><ent r="4" t="31" w="818" /><ent r="4" t="31" w="821" /><ent r="4" t="31" w="827" /><ent r="3" t="31" w="860" /><ent r="3" t="31" w="881" /><ent r="3" t="31" w="897" /><ent r="3" t="31" w="901" /><ent r="3" t="31" w="920" /><ent r="3" t="31" w="943" /><ent r="5" t="31" w="989" /><ent r="4" t="31" w="1002" /><ent r="4" t="31" w="1005" /><ent r="4" t="31" w="1011" /><ent r="5" t="31" w="1049" /><ent r="4" t="31" w="1062" /><ent r="4" t="31" w="1065" /><ent r="4" t="31" w="1071" /><ent r="4" t="31" w="1137" /><ent r="4" t="31" w="1140" /><ent r="4" t="31" w="1146" /><ent r="4" t="31" w="1169" /><ent r="4" t="31" w="1172" /><ent r="4" t="31" w="1178" /><ent r="4" t="31" w="1202" /><ent r="4" t="31" w="1205" /><ent r="4" t="31" w="1211" /><ent r="4" t="31" w="1234" /><ent r="4" t="31" w="1237" /><ent r="4" t="31" w="1243" /><ent r="3" t="31" w="1273" /><ent r="4" t="31" w="1302" /><ent r="4" t="31" w="1305" /><ent r="4" t="31" w="1311" /><ent r="4" t="31" w="1333" /><ent r="4" t="31" w="1336" /><ent r="4" t="31" w="1342" /><ent r="4" t="31" w="1365" /><ent r="4" t="31" w="1368" /><ent r="4" t="31" w="1374" /><ent r="4" t="31" w="1400" /><ent r="4" t="31" w="1403" /><ent r="4" t="31" w="1409" /><ent r="3" t="31" w="1457" /><ent r="4" t="31" w="1476" /><ent r="4" t="31" w="1479" /><ent r="4" t="31" w="1485" /><ent r="4" t="31" w="1508" /><ent r="4" t="31" w="1511" /><ent r="4" t="31" w="1517" /><ent r="4" t="31" w="1552" /><ent r="4" t="31" w="1555" /><ent r="4" t="31" w="1561" /><ent r="4" t="31" w="1584" /><ent r="4" t="31" w="1587" /><ent r="4" t="31" w="1593" /><ent r="3" t="31" w="1778" /><ent r="3" t="31" w="1806" /><ent r="3" t="32" w="31" /><ent r="3" t="32" w="204" /><ent r="3" t="41" w="62" /><ent r="3" t="41" w="102" /><ent r="4" t="41" w="184" /><ent r="3" t="42" w="332" /><ent r="3" t="43" w="26" /><ent r="3" t="59" w="57" /><ent r="3" t="59" w="70" /><ent r="4" t="59" w="308" /><ent r="4" t="59" w="340" /><ent r="4" t="59" w="343" /><ent r="4" t="59" w="367" /><ent r="3" t="60" w="114" /><ent r="3" t="60" w="166" /><ent r="3" t="60" w="187" /><ent r="5" t="60" w="223" /><ent r="5" t="60" w="294" /><ent r="3" t="64" w="13" /><ent r="3" t="64" w="27" /><ent r="3" t="90" w="240" /><ent r="3" t="90" w="260" /><ent r="3" t="90" w="281" /><ent r="3" t="91" w="21" /><ent r="6" t="92" w="197" /><ent r="6" t="97" w="186" /><ent r="6" t="97" w="198" /><ent r="3" t="112" w="169" /><ent r="4" t="114" w="1010" /><ent r="3" t="134" w="53" /><ent r="4" t="134" w="86" /><ent r="4" t="134" w="113" /><ent r="3" t="134" w="148" /><ent r="3" t="134" w="301" /><ent r="3" t="134" w="313" /><ent r="4" t="140" w="254" /><ent r="4" t="140" w="259" /><ent r="4" t="140" w="281" /><ent r="4" t="140" w="288" /><ent r="4" t="140" w="299" /><ent r="4" t="140" w="312" /><ent r="4" t="140" w="412" /><ent r="4" t="140" w="419" /><ent r="4" t="140" w="426" /><ent r="4" t="140" w="432" /><ent r="4" t="140" w="441" /><ent r="4" t="140" w="485" /><ent r="3" t="141" w="95" /><ent r="6" t="143" w="314" /><ent r="6" t="143" w="333" /><ent r="3" t="150" w="18" /><ent r="3" t="161" w="48" /><ent r="4" t="161" w="77" /><ent r="4" t="161" w="107" /><ent r="3" t="164" w="28" /><ent r="3" t="164" w="38" /><ent r="3" t="164" w="60" /><ent r="4" t="164" w="99" /><ent r="4" t="164" w="146" /><ent r="4" t="164" w="175" /><ent r="3" t="165" w="11" /><ent r="3" t="165" w="15" /><ent r="3" t="165" w="20" /><ent r="3" t="165" w="72" /><ent r="4" t="165" w="178" /><ent r="4" t="165" w="199" /><ent r="3" t="166" w="30" /><ent r="3" t="166" w="52" /><ent r="3" t="166" w="107" /><ent r="4" t="166" w="196" /><ent r="4" t="166" w="202" /><ent r="4" t="166" w="234" /><ent r="4" t="166" w="399" /><ent r="4" t="166" w="409" /><ent r="3" t="167" w="27" /><ent r="3" t="167" w="31" /><ent r="3" t="167" w="72" /><ent r="4" t="167" w="176" /><ent r="3" t="197" w="68" /><ent r="3" t="197" w="172" /><ent r="3" t="198" w="63" /><ent r="3" t="198" w="173" /><ent r="3" t="214" w="26" /><ent r="3" t="228" w="23" /><ent r="3" t="230" w="37" /><ent r="4" t="230" w="69" /><ent r="3" t="230" w="137" /><ent r="3" t="231" w="182" /><ent r="3" t="231" w="201" /><ent r="3" t="231" w="210" /><ent r="64" t="240" w="125" /><ent r="3" t="240" w="356" /><ent r="3" t="240" w="367" /><ent r="3" t="240" w="644" /><ent r="64" t="240" w="800" /><ent r="64" t="240" w="987" /><ent r="3" t="241" w="20" /><ent r="3" t="244" w="323" /><ent r="3" t="247" w="207" /><ent r="3" t="250" w="306" /><ent r="3" t="251" w="495" /><ent r="3" t="261" w="81" /><ent r="3" t="262" w="134" /><ent r="3" t="265" w="469" /><ent r="3" t="266" w="342" /><ent r="3" t="272" w="61" /><ent r="5" t="277" w="190" /><ent r="5" t="277" w="243" /><ent r="3" t="282" w="227" /><ent r="3" t="283" w="33" /><ent r="3" t="283" w="125" /><ent r="3" t="283" w="129" /><ent r="3" t="283" w="135" /><ent r="3" t="283" w="195" /><ent r="3" t="283" w="203" /><ent r="3" t="285" w="195" /><ent r="4" t="289" w="125" /><ent r="4" t="289" w="140" /><ent r="3" t="290" w="136" /><ent r="3" t="290" w="148" /><ent r="3" t="290" w="173" /><ent r="3" t="290" w="186" /><ent r="3" t="290" w="206" /><ent r="3" t="290" w="211" /><ent r="4" t="304" w="212" /><ent r="4" t="305" w="171" /><ent r="4" t="306" w="167" /><ent r="4" t="308" w="215" /><ent r="65" t="308" w="303" /></phr><phr n="queries"><ent r="2" t="4" w="114" /><ent r="3" t="8" w="282" /><ent r="3" t="11" w="94" /><ent r="3" t="11" w="105" /><ent r="3" t="12" w="395" /><ent r="3" t="13" w="217" /><ent r="3" t="14" w="55" /><ent r="3" t="14" w="156" /><ent r="3" t="14" w="662" /><ent r="3" t="14" w="1015" /><ent r="3" t="14" w="1393" /><ent r="3" t="14" w="1632" /><ent r="3" t="15" w="8" /><ent r="3" t="15" w="28" /><ent r="3" t="15" w="222" /><ent r="3" t="15" w="437" /><ent r="3" t="15" w="450" /><ent r="4" t="17" w="48" /><ent r="3" t="17" w="57" /><ent r="3" t="17" w="106" /><ent r="3" t="17" w="244" /><ent r="3" t="17" w="322" /><ent r="3" t="17" w="331" /><ent r="3" t="17" w="345" /><ent r="3" t="17" w="348" /><ent r="4" t="18" w="43" /><ent r="3" t="18" w="54" /><ent r="3" t="18" w="95" /><ent r="3" t="18" w="855" /><ent r="64" t="18" w="863" /><ent r="3" t="18" w="871" /><ent r="4" t="19" w="47" /><ent r="4" t="20" w="47" /><ent r="3" t="20" w="50" /><ent r="3" t="20" w="68" /><ent r="3" t="20" w="539" /><ent r="4" t="21" w="45" /><ent r="3" t="21" w="52" /><ent r="64" t="21" w="64" /><ent r="3" t="21" w="112" /><ent r="4" t="21" w="157" /><ent r="4" t="21" w="181" /><ent r="4" t="22" w="49" /><ent r="4" t="22" w="185" /><ent r="4" t="25" w="68" /><ent r="3" t="26" w="78" /><ent r="65" t="26" w="127" /><ent r="3" t="26" w="157" /><ent r="3" t="26" w="207" /><ent r="3" t="26" w="216" /><ent r="3" t="27" w="18" /><ent r="3" t="27" w="83" /><ent r="3" t="28" w="938" /><ent r="3" t="29" w="13" /><ent r="3" t="31" w="98" /><ent r="3" t="31" w="555" /><ent r="3" t="31" w="877" /><ent r="3" t="38" w="101" /><ent r="3" t="59" w="52" /><ent r="3" t="59" w="272" /><ent r="4" t="59" w="317" /><ent r="3" t="60" w="58" /><ent r="3" t="60" w="73" /><ent r="3" t="60" w="88" /><ent r="3" t="60" w="104" /><ent r="3" t="60" w="129" /><ent r="3" t="60" w="139" /><ent r="4" t="60" w="346" /><ent r="4" t="60" w="370" /><ent r="3" t="61" w="96" /><ent r="3" t="64" w="21" /><ent r="3" t="65" w="92" /><ent r="6" t="92" w="184" /><ent r="4" t="132" w="163" /><ent r="4" t="133" w="127" /><ent r="3" t="134" w="10" /><ent r="3" t="134" w="66" /><ent r="3" t="134" w="136" /><ent r="4" t="134" w="187" /><ent r="3" t="134" w="194" /><ent r="4" t="134" w="205" /><ent r="3" t="134" w="213" /><ent r="4" t="134" w="220" /><ent r="3" t="134" w="229" /><ent r="3" t="134" w="234" /><ent r="3" t="134" w="256" /><ent r="4" t="134" w="259" /><ent r="3" t="134" w="268" /><ent r="4" t="134" w="275" /><ent r="3" t="134" w="292" /><ent r="3" t="134" w="295" /><ent r="4" t="140" w="497" /><ent r="3" t="141" w="54" /><ent r="3" t="141" w="70" /><ent r="3" t="144" w="105" /><ent r="3" t="144" w="148" /><ent r="3" t="161" w="17" /><ent r="3" t="164" w="14" /><ent r="3" t="166" w="74" /><ent r="4" t="166" w="222" /><ent r="3" t="167" w="21" /><ent r="3" t="167" w="75" /><ent r="3" t="167" w="81" /><ent r="3" t="223" w="132" /><ent r="3" t="223" w="141" /><ent r="4" t="231" w="129" /><ent r="4" t="231" w="138" /><ent r="4" t="231" w="149" /><ent r="3" t="231" w="170" /><ent r="3" t="231" w="178" /><ent r="3" t="231" w="228" /><ent r="64" t="231" w="243" /><ent r="3" t="240" w="30" /><ent r="3" t="244" w="100" /><ent r="3" t="248" w="141" /><ent r="3" t="249" w="187" /><ent r="3" t="269" w="125" /><ent r="3" t="283" w="27" /><ent r="3" t="283" w="78" /><ent r="4" t="283" w="117" /><ent r="3" t="283" w="165" /><ent r="3" t="283" w="264" /><ent r="3" t="283" w="292" /><ent r="3" t="283" w="328" /><ent r="3" t="283" w="376" /><ent r="3" t="285" w="180" /><ent r="3" t="290" w="103" /><ent r="3" t="290" w="226" /><ent r="4" t="304" w="175" /><ent r="4" t="308" w="358" /><ent r="4" t="308" w="366" /><ent r="6" t="309" w="333" /><ent r="6" t="309" w="365" /></phr><phr n="querying"><ent r="3" t="4" w="582" /><ent r="3" t="7" w="176" /><ent r="3" t="8" w="64" /><ent r="3" t="16" w="20" /><ent r="3" t="26" w="22" /><ent r="3" t="26" w="67" /><ent r="3" t="26" w="88" /><ent r="3" t="165" w="143" /><ent r="3" t="303" w="82" /></phr><phr n="Queries"><ent r="3" t="7" w="188" /><ent r="3" t="7" w="216" /><ent r="3" t="7" w="260" /><ent r="92" t="10" w="291" /><ent r="64" t="11" w="37" /><ent r="3" t="11" w="97" /><ent r="92" t="12" w="56" /><ent r="100" t="14" w="10" /><ent r="82" t="14" w="354" /><ent r="3" t="14" w="359" /><ent r="82" t="14" w="527" /><ent r="82" t="14" w="657" /><ent r="82" t="14" w="825" /><ent r="82" t="14" w="1165" /><ent r="92" t="14" w="1575" /><ent r="92" t="15" w="330" /><ent r="92" t="15" w="443" /><ent r="1000" t="17" w="2" /><ent r="100" t="17" w="6" /><ent r="100" t="17" w="9" /><ent r="102" t="17" w="12" /><ent r="3" t="17" w="109" /><ent r="3" t="17" w="122" /><ent r="100" t="19" w="7" /><ent r="100" t="20" w="6" /><ent r="100" t="21" w="5" /><ent r="100" t="26" w="6" /><ent r="65" t="26" w="112" /><ent r="65" t="26" w="137" /><ent r="82" t="31" w="285" /><ent r="3" t="31" w="290" /><ent r="82" t="31" w="456" /><ent r="82" t="31" w="550" /><ent r="82" t="31" w="707" /><ent r="82" t="31" w="1267" /><ent r="92" t="31" w="1771" /><ent r="92" t="60" w="53" /><ent r="92" t="60" w="122" /><ent r="6" t="92" w="412" /><ent r="4" t="114" w="972" /><ent r="1000" t="134" w="2" /><ent r="102" t="134" w="5" /><ent r="68" t="143" w="330" /><ent r="1000" t="161" w="4" /><ent r="102" t="161" w="9" /><ent r="4" t="164" w="137" /><ent r="4" t="164" w="166" /><ent r="1000" t="165" w="2" /><ent r="102" t="165" w="5" /><ent r="1000" t="166" w="2" /><ent r="100" t="166" w="5" /><ent r="102" t="166" w="8" /><ent r="1000" t="167" w="2" /><ent r="100" t="167" w="5" /><ent r="102" t="167" w="8" /><ent r="1000" t="230" w="2" /><ent r="102" t="230" w="5" /><ent r="3" t="230" w="8" /><ent r="92" t="231" w="167" /><ent r="92" t="266" w="333" /><ent r="4" t="266" w="412" /><ent r="4" t="266" w="475" /><ent r="92" t="283" w="11" /><ent r="82" t="283" w="177" /><ent r="82" t="283" w="250" /><ent r="92" t="283" w="363" /></phr><phr n="Query"><ent r="5" t="7" w="193" /><ent r="4" t="10" w="376" /><ent r="4" t="10" w="450" /><ent r="100" t="11" w="3" /><ent r="64" t="11" w="72" /><ent r="100" t="12" w="5" /><ent r="3" t="12" w="138" /><ent r="92" t="13" w="51" /><ent r="92" t="13" w="115" /><ent r="4" t="13" w="157" /><ent r="4" t="13" w="200" /><ent r="92" t="13" w="210" /><ent r="4" t="13" w="249" /><ent r="4" t="13" w="289" /><ent r="92" t="13" w="308" /><ent r="4" t="14" w="585" /><ent r="4" t="14" w="644" /><ent r="64" t="15" w="14" /><ent r="100" t="17" w="4" /><ent r="4" t="17" w="249" /><ent r="4" t="17" w="289" /><ent r="92" t="17" w="313" /><ent r="64" t="17" w="411" /><ent r="1000" t="18" w="2" /><ent r="102" t="18" w="6" /><ent r="4" t="18" w="125" /><ent r="4" t="18" w="165" /><ent r="4" t="18" w="217" /><ent r="4" t="18" w="242" /><ent r="4" t="18" w="280" /><ent r="4" t="18" w="331" /><ent r="92" t="18" w="341" /><ent r="4" t="18" w="375" /><ent r="4" t="18" w="395" /><ent r="4" t="18" w="419" /><ent r="4" t="18" w="429" /><ent r="4" t="18" w="479" /><ent r="4" t="18" w="512" /><ent r="4" t="18" w="562" /><ent r="92" t="18" w="638" /><ent r="4" t="18" w="717" /><ent r="4" t="18" w="760" /><ent r="4" t="18" w="778" /><ent r="4" t="18" w="808" /><ent r="4" t="18" w="929" /><ent r="4" t="18" w="971" /><ent r="4" t="18" w="1049" /><ent r="1000" t="19" w="2" /><ent r="102" t="19" w="10" /><ent r="3" t="19" w="50" /><ent r="4" t="19" w="70" /><ent r="4" t="19" w="122" /><ent r="4" t="19" w="220" /><ent r="1000" t="20" w="2" /><ent r="102" t="20" w="10" /><ent r="3" t="20" w="122" /><ent r="4" t="20" w="160" /><ent r="4" t="20" w="200" /><ent r="4" t="20" w="252" /><ent r="4" t="20" w="325" /><ent r="4" t="20" w="369" /><ent r="93" t="20" w="412" /><ent r="4" t="20" w="416" /><ent r="5" t="21" w="212" /><ent r="5" t="21" w="294" /><ent r="1000" t="22" w="2" /><ent r="102" t="22" w="9" /><ent r="1000" t="23" w="1" /><ent r="100" t="23" w="5" /><ent r="100" t="23" w="6" /><ent r="102" t="23" w="10" /><ent r="3" t="23" w="14" /><ent r="4" t="23" w="131" /><ent r="4" t="23" w="170" /><ent r="64" t="23" w="196" /><ent r="3" t="23" w="201" /><ent r="64" t="23" w="214" /><ent r="1000" t="24" w="1" /><ent r="102" t="24" w="6" /><ent r="92" t="24" w="11" /><ent r="4" t="24" w="110" /><ent r="4" t="24" w="149" /><ent r="4" t="24" w="195" /><ent r="4" t="24" w="234" /><ent r="4" t="24" w="311" /><ent r="4" t="24" w="355" /><ent r="3" t="24" w="733" /><ent r="1000" t="25" w="1" /><ent r="102" t="25" w="6" /><ent r="3" t="25" w="11" /><ent r="1000" t="26" w="2" /><ent r="100" t="26" w="4" /><ent r="102" t="26" w="11" /><ent r="65" t="26" w="102" /><ent r="64" t="26" w="178" /><ent r="1000" t="27" w="2" /><ent r="102" t="27" w="6" /><ent r="4" t="27" w="119" /><ent r="4" t="27" w="153" /><ent r="4" t="27" w="221" /><ent r="4" t="27" w="265" /><ent r="4" t="27" w="334" /><ent r="4" t="27" w="375" /><ent r="4" t="27" w="417" /><ent r="4" t="27" w="461" /><ent r="4" t="27" w="534" /><ent r="4" t="27" w="584" /><ent r="4" t="27" w="651" /><ent r="4" t="27" w="690" /><ent r="4" t="27" w="827" /><ent r="4" t="27" w="934" /><ent r="4" t="27" w="1126" /><ent r="4" t="27" w="1178" /><ent r="4" t="27" w="1191" /><ent r="4" t="27" w="1287" /><ent r="4" t="27" w="1333" /><ent r="4" t="28" w="106" /><ent r="4" t="28" w="147" /><ent r="4" t="28" w="251" /><ent r="4" t="28" w="297" /><ent r="4" t="28" w="412" /><ent r="4" t="28" w="455" /><ent r="4" t="28" w="539" /><ent r="4" t="28" w="595" /><ent r="92" t="28" w="650" /><ent r="4" t="28" w="722" /><ent r="4" t="28" w="794" /><ent r="4" t="28" w="953" /><ent r="4" t="28" w="1001" /><ent r="4" t="28" w="1088" /><ent r="4" t="28" w="1156" /><ent r="4" t="29" w="333" /><ent r="4" t="29" w="370" /><ent r="4" t="29" w="450" /><ent r="4" t="29" w="492" /><ent r="4" t="29" w="752" /><ent r="4" t="29" w="800" /><ent r="4" t="30" w="96" /><ent r="4" t="30" w="135" /><ent r="4" t="30" w="207" /><ent r="4" t="30" w="252" /><ent r="4" t="30" w="330" /><ent r="4" t="30" w="369" /><ent r="4" t="31" w="127" /><ent r="4" t="31" w="159" /><ent r="4" t="31" w="217" /><ent r="4" t="31" w="251" /><ent r="4" t="31" w="367" /><ent r="4" t="31" w="421" /><ent r="4" t="31" w="479" /><ent r="4" t="31" w="496" /><ent r="4" t="31" w="519" /><ent r="4" t="31" w="537" /><ent r="4" t="31" w="564" /><ent r="4" t="31" w="595" /><ent r="4" t="31" w="627" /><ent r="4" t="31" w="667" /><ent r="4" t="31" w="720" /><ent r="4" t="31" w="753" /><ent r="4" t="31" w="787" /><ent r="4" t="31" w="820" /><ent r="4" t="31" w="1004" /><ent r="4" t="31" w="1064" /><ent r="4" t="31" w="1139" /><ent r="4" t="31" w="1171" /><ent r="4" t="31" w="1204" /><ent r="4" t="31" w="1236" /><ent r="4" t="31" w="1304" /><ent r="4" t="31" w="1335" /><ent r="4" t="31" w="1367" /><ent r="4" t="31" w="1402" /><ent r="4" t="31" w="1478" /><ent r="4" t="31" w="1510" /><ent r="4" t="31" w="1554" /><ent r="4" t="31" w="1586" /><ent r="4" t="34" w="385" /><ent r="4" t="38" w="163" /><ent r="4" t="38" w="176" /><ent r="4" t="38" w="313" /><ent r="4" t="38" w="326" /><ent r="4" t="40" w="370" /><ent r="4" t="54" w="262" /><ent r="4" t="66" w="527" /><ent r="4" t="66" w="545" /><ent r="4" t="66" w="679" /><ent r="4" t="66" w="692" /><ent r="4" t="70" w="773" /><ent r="65" t="90" w="137" /><ent r="5" t="90" w="274" /><ent r="4" t="99" w="785" /><ent r="4" t="114" w="931" /><ent r="4" t="121" w="418" /><ent r="4" t="122" w="223" /><ent r="4" t="122" w="306" /><ent r="4" t="124" w="239" /><ent r="4" t="125" w="247" /><ent r="65" t="132" w="158" /><ent r="65" t="133" w="122" /><ent r="92" t="134" w="25" /><ent r="92" t="134" w="123" /><ent r="92" t="134" w="201" /><ent r="64" t="161" w="23" /><ent r="1000" t="164" w="1" /><ent r="102" t="164" w="4" /><ent r="4" t="165" w="219" /><ent r="5" t="166" w="178" /><ent r="4" t="166" w="246" /><ent r="5" t="230" w="107" /><ent r="4" t="240" w="553" /><ent r="4" t="240" w="607" /><ent r="4" t="241" w="632" /><ent r="4" t="250" w="355" /><ent r="4" t="253" w="250" /><ent r="4" t="253" w="469" /><ent r="92" t="282" w="219" /><ent r="1000" t="283" w="1" /><ent r="102" t="283" w="4" /><ent r="82" t="283" w="109" /><ent r="64" t="283" w="170" /><ent r="4" t="289" w="119" /><ent r="4" t="289" w="131" /><ent r="3" t="290" w="43" /><ent r="3" t="290" w="109" /><ent r="3" t="290" w="123" /><ent r="3" t="290" w="143" /><ent r="4" t="302" w="255" /></phr><phr n="Querying"><ent r="64" t="8" w="285" /><ent r="3" t="10" w="293" /><ent r="64" t="10" w="310" /><ent r="1000" t="11" w="1" /><ent r="102" t="11" w="5" /><ent r="4" t="105" w="51" /><ent r="3" t="166" w="13" /><ent r="67" t="287" w="132" /><ent r="1000" t="290" w="1" /><ent r="102" t="290" w="3" /></phr><phr n="queried"><ent r="3" t="105" w="32" /></phr></stem></index>