﻿<?xml version="1.0" encoding="utf-8"?><index><stem n="patch"><phr n="Patch"><ent r="66" t="295" w="113" /><ent r="1000" t="307" w="1" /><ent r="102" t="307" w="4" /><ent r="3" t="307" w="36" /><ent r="4" t="307" w="68" /></phr><phr n="patch"><ent r="3" t="307" w="14" /><ent r="3" t="307" w="19" /><ent r="3" t="307" w="33" /><ent r="4" t="307" w="95" /><ent r="3" t="307" w="102" /><ent r="3" t="307" w="125" /></phr></stem><stem n="submiss"><phr n="Submission"><ent r="66" t="295" w="114" /><ent r="1000" t="307" w="2" /><ent r="102" t="307" w="5" /></phr></stem><stem n="#."><phr n="#."><ent r="3" t="296" w="37" /><ent r="3" t="298" w="57" /><ent r="6" t="300" w="547" /></phr></stem><stem n="java-to"><phr n="java-to"><ent r="3" t="296" w="43" /></phr></stem><stem n="java-to-c"><phr n="java-to-C"><ent r="3" t="296" w="43" /></phr></stem><stem n="to-c"><phr n="to-C"><ent r="3" t="296" w="44" /></phr></stem><stem n="-to-c#"><phr n="-to-C#"><ent r="3" t="296" w="46" /><ent r="3" t="296" w="47" /></phr></stem><stem n="convent"><phr n="conventions"><ent r="3" t="296" w="55" /><ent r="3" t="307" w="27" /></phr></stem><stem n="://source.db4o.com/db4o/trunk/sharpen"><phr n="://source.db4o.com/db4o/trunk/sharpen"><ent r="64" t="297" w="28" /></phr></stem><stem n="source.db4o.com/db4o/trunk/sharpen"><phr n="source.db4o.com/db4o/trunk/sharpen"><ent r="64" t="297" w="28" /><ent r="64" t="297" w="23" /></phr></stem><stem n="-out"><phr n="-out"><ent r="3" t="297" w="35" /><ent r="3" t="297" w="35" /></phr></stem><stem n="check-out"><phr n="check-out"><ent r="3" t="297" w="35" /></phr></stem><stem n=".builder"><phr n=".builder"><ent r="4" t="297" w="41" /><ent r="7" t="313" w="375" /><ent r="6" t="313" w="402" /><ent r="6" t="313" w="415" /></phr></stem><stem n="sharpen.build"><phr n="sharpen.builder"><ent r="4" t="297" w="41" /><ent r="4" t="297" w="40" /><ent r="7" t="313" w="375" /><ent r="7" t="313" w="374" /><ent r="6" t="313" w="402" /><ent r="6" t="313" w="401" /><ent r="6" t="313" w="415" /><ent r="6" t="313" w="414" /></phr></stem><stem n="sharpen.cor"><phr n="sharpen.core"><ent r="4" t="297" w="44" /><ent r="4" t="297" w="43" /><ent r="5" t="297" w="157" /><ent r="5" t="297" w="156" /><ent r="5" t="297" w="169" /><ent r="5" t="297" w="168" /><ent r="5" t="297" w="243" /><ent r="5" t="297" w="242" /><ent r="5" t="297" w="429" /><ent r="5" t="297" w="428" /><ent r="5" t="297" w="459" /><ent r="5" t="297" w="458" /><ent r="5" t="297" w="558" /><ent r="5" t="297" w="557" /><ent r="5" t="297" w="573" /><ent r="5" t="297" w="572" /><ent r="5" t="298" w="332" /><ent r="5" t="298" w="331" /><ent r="5" t="299" w="539" /><ent r="5" t="299" w="538" /><ent r="6" t="313" w="202" /><ent r="6" t="313" w="201" /><ent r="7" t="313" w="388" /><ent r="7" t="313" w="387" /><ent r="6" t="313" w="400" /><ent r="6" t="313" w="399" /><ent r="6" t="313" w="413" /><ent r="6" t="313" w="412" /></phr></stem><stem n=".ui"><phr n=".ui"><ent r="4" t="297" w="47" /><ent r="7" t="313" w="396" /><ent r="6" t="313" w="417" /></phr></stem><stem n="sharpen.ui"><phr n="sharpen.ui"><ent r="4" t="297" w="47" /><ent r="4" t="297" w="46" /><ent r="4" t="297" w="50" /><ent r="4" t="297" w="49" /><ent r="7" t="313" w="396" /><ent r="7" t="313" w="395" /><ent r="7" t="313" w="408" /><ent r="7" t="313" w="407" /><ent r="6" t="313" w="417" /><ent r="6" t="313" w="416" /></phr></stem><stem n="ui"><phr n="ui"><ent r="4" t="297" w="47" /><ent r="4" t="297" w="50" /><ent r="7" t="313" w="396" /><ent r="7" t="313" w="408" /><ent r="6" t="313" w="417" /></phr></stem><stem n=".ui.test"><phr n=".ui.tests"><ent r="4" t="297" w="51" /><ent r="7" t="313" w="409" /></phr></stem><stem n="sharpen.ui.test"><phr n="sharpen.ui.tests"><ent r="4" t="297" w="51" /><ent r="4" t="297" w="49" /><ent r="7" t="313" w="409" /><ent r="7" t="313" w="407" /></phr></stem><stem n="eclips"><phr n="Eclipse"><ent r="64" t="297" w="75" /><ent r="3" t="297" w="81" /><ent r="3" t="297" w="518" /><ent r="4" t="297" w="594" /><ent r="3" t="297" w="635" /><ent r="4" t="297" w="677" /><ent r="4" t="297" w="712" /><ent r="3" t="298" w="87" /><ent r="3" t="298" w="407" /><ent r="3" t="301" w="208" /><ent r="3" t="305" w="102" /><ent r="3" t="305" w="111" /><ent r="3" t="306" w="64" /><ent r="3" t="306" w="81" /><ent r="4" t="306" w="576" /></phr><phr n="eclipse"><ent r="5" t="297" w="273" /><ent r="5" t="297" w="289" /><ent r="5" t="297" w="305" /><ent r="5" t="297" w="322" /><ent r="5" t="297" w="339" /><ent r="5" t="297" w="356" /><ent r="5" t="297" w="373" /><ent r="5" t="297" w="389" /><ent r="4" t="297" w="680" /><ent r="4" t="297" w="684" /><ent r="4" t="297" w="718" /><ent r="3" t="298" w="20" /><ent r="5" t="298" w="198" /><ent r="5" t="298" w="235" /><ent r="5" t="298" w="251" /><ent r="3" t="306" w="371" /><ent r="3" t="306" w="375" /><ent r="3" t="306" w="538" /><ent r="4" t="306" w="563" /><ent r="6" t="313" w="26" /><ent r="6" t="313" w="51" /><ent r="6" t="313" w="199" /><ent r="6" t="313" w="383" /><ent r="6" t="313" w="391" /><ent r="6" t="313" w="403" /><ent r="6" t="313" w="418" /></phr></stem><stem n="workspac"><phr n="workspace"><ent r="3" t="297" w="98" /><ent r="5" t="297" w="167" /><ent r="4" t="297" w="646" /><ent r="4" t="297" w="653" /><ent r="4" t="297" w="710" /><ent r="3" t="298" w="88" /><ent r="3" t="298" w="103" /><ent r="5" t="298" w="131" /><ent r="5" t="298" w="305" /><ent r="3" t="298" w="408" /><ent r="3" t="298" w="413" /><ent r="5" t="298" w="438" /><ent r="4" t="299" w="39" /><ent r="4" t="299" w="114" /><ent r="3" t="306" w="363" /><ent r="3" t="306" w="407" /></phr></stem><stem n="ant"><phr n="Ant"><ent r="3" t="297" w="132" /><ent r="3" t="298" w="29" /><ent r="3" t="298" w="66" /><ent r="3" t="298" w="575" /><ent r="4" t="305" w="187" /><ent r="4" t="306" w="183" /><ent r="4" t="306" w="579" /><ent r="4" t="306" w="587" /><ent r="3" t="306" w="627" /></phr><phr n="ant"><ent r="3" t="299" w="110" /><ent r="64" t="306" w="76" /><ent r="3" t="306" w="533" /><ent r="3" t="306" w="539" /><ent r="3" t="306" w="543" /><ent r="64" t="306" w="552" /><ent r="4" t="306" w="556" /><ent r="4" t="306" w="560" /><ent r="4" t="306" w="597" /><ent r="6" t="313" w="86" /><ent r="6" t="313" w="221" /><ent r="6" t="313" w="232" /><ent r="6" t="313" w="249" /></phr></stem><stem n="-sharpen"><phr n="-sharpen"><ent r="5" t="297" w="142" /><ent r="5" t="297" w="142" /><ent r="5" t="297" w="538" /><ent r="5" t="297" w="538" /></phr></stem><stem n="build-sharpen"><phr n="build-sharpen"><ent r="5" t="297" w="142" /><ent r="5" t="297" w="538" /></phr></stem><stem n=".core.dir"><phr n=".core.dir"><ent r="5" t="297" w="158" /></phr></stem><stem n="sharpen.core.dir"><phr n="sharpen.core.dir"><ent r="5" t="297" w="158" /><ent r="5" t="297" w="156" /><ent r="5" t="297" w="244" /><ent r="5" t="297" w="242" /><ent r="5" t="297" w="460" /><ent r="5" t="297" w="458" /></phr></stem><stem n="dir"><phr n="dir"><ent r="5" t="297" w="158" /><ent r="5" t="297" w="166" /><ent r="5" t="297" w="177" /><ent r="5" t="297" w="179" /><ent r="5" t="297" w="184" /><ent r="5" t="297" w="231" /><ent r="5" t="297" w="244" /><ent r="5" t="297" w="268" /><ent r="5" t="297" w="424" /><ent r="5" t="297" w="441" /><ent r="5" t="297" w="453" /><ent r="5" t="297" w="460" /><ent r="5" t="297" w="553" /><ent r="4" t="297" w="652" /><ent r="4" t="297" w="696" /><ent r="4" t="297" w="704" /><ent r="4" t="297" w="709" /><ent r="5" t="298" w="230" /><ent r="4" t="299" w="42" /><ent r="4" t="299" w="116" /><ent r="3" t="306" w="362" /></phr></stem><stem n="dir.workspac"><phr n="dir.workspace"><ent r="5" t="297" w="167" /><ent r="5" t="297" w="166" /><ent r="4" t="297" w="653" /><ent r="4" t="297" w="652" /><ent r="4" t="297" w="710" /><ent r="4" t="297" w="709" /><ent r="3" t="306" w="363" /><ent r="3" t="306" w="362" /></phr></stem><stem n="{dir.workspace}/sharpen.cor"><phr n="{dir.workspace}/sharpen.core"><ent r="5" t="297" w="169" /></phr></stem><stem n="-dir"><phr n="-dir"><ent r="5" t="297" w="176" /><ent r="5" t="297" w="176" /></phr></stem><stem n="reset"><phr n="reset"><ent r="5" t="297" w="176" /></phr></stem><stem n="reset-dir"><phr n="reset-dir"><ent r="5" t="297" w="176" /></phr></stem><stem n="dir.dist"><phr n="dir.dist"><ent r="5" t="297" w="185" /><ent r="5" t="297" w="184" /><ent r="5" t="297" w="232" /><ent r="5" t="297" w="231" /><ent r="5" t="297" w="425" /><ent r="5" t="297" w="424" /><ent r="5" t="297" w="442" /><ent r="5" t="297" w="441" /><ent r="5" t="297" w="554" /><ent r="5" t="297" w="553" /><ent r="4" t="297" w="705" /><ent r="4" t="297" w="704" /></phr></stem><stem n="dist"><phr n="dist"><ent r="5" t="297" w="185" /><ent r="5" t="297" w="232" /><ent r="5" t="297" w="425" /><ent r="5" t="297" w="442" /><ent r="5" t="297" w="554" /><ent r="4" t="297" w="705" /><ent r="4" t="297" w="711" /></phr></stem><stem n="dir.dist.class"><phr n="dir.dist.classes"><ent r="5" t="297" w="186" /><ent r="5" t="297" w="184" /><ent r="5" t="297" w="233" /><ent r="5" t="297" w="231" /><ent r="5" t="297" w="426" /><ent r="5" t="297" w="424" /><ent r="5" t="297" w="443" /><ent r="5" t="297" w="441" /><ent r="5" t="297" w="555" /><ent r="5" t="297" w="553" /><ent r="4" t="297" w="706" /><ent r="4" t="297" w="704" /></phr></stem><stem n="dir.dist.classes.sharp"><phr n="dir.dist.classes.sharp"><ent r="5" t="297" w="187" /><ent r="5" t="297" w="184" /><ent r="5" t="297" w="234" /><ent r="5" t="297" w="231" /><ent r="5" t="297" w="427" /><ent r="5" t="297" w="424" /><ent r="5" t="297" w="444" /><ent r="5" t="297" w="441" /><ent r="5" t="297" w="556" /><ent r="5" t="297" w="553" /><ent r="4" t="297" w="707" /><ent r="4" t="297" w="704" /></phr></stem><stem n="sharp"><phr n="sharp"><ent r="5" t="297" w="187" /><ent r="5" t="297" w="234" /><ent r="5" t="297" w="427" /><ent r="5" t="297" w="444" /><ent r="5" t="297" w="556" /><ent r="4" t="297" w="707" /></phr></stem><stem n="{dir.dist.classes.sharp}"><phr n="{dir.dist.classes.sharp}"><ent r="5" t="297" w="188" /><ent r="5" t="297" w="235" /><ent r="5" t="297" w="445" /></phr></stem><stem n="javac"><phr n="javac"><ent r="5" t="297" w="194" /><ent r="5" t="297" w="411" /><ent r="3" t="306" w="342" /></phr></stem><stem n="fork"><phr n="fork"><ent r="5" t="297" w="196" /><ent r="5" t="298" w="186" /></phr></stem><stem n="1.5"><phr n="1.5"><ent r="5" t="297" w="215" /><ent r="5" t="297" w="214" /><ent r="5" t="297" w="223" /><ent r="5" t="297" w="222" /><ent r="4" t="305" w="207" /><ent r="4" t="305" w="206" /><ent r="4" t="306" w="203" /><ent r="4" t="306" w="202" /></phr></stem><stem n="destdir"><phr n="destdir"><ent r="5" t="297" w="226" /></phr></stem><stem n="srcdir"><phr n="srcdir"><ent r="5" t="297" w="237" /></phr></stem><stem n="{sharpen.core.dir}/src"><phr n="{sharpen.core.dir}/src"><ent r="5" t="297" w="245" /></phr></stem><stem n="classpath"><phr n="classpath"><ent r="5" t="297" w="260" /><ent r="5" t="297" w="405" /><ent r="5" t="298" w="222" /><ent r="5" t="298" w="267" /><ent r="6" t="299" w="193" /></phr></stem><stem n="fileset"><phr n="fileset"><ent r="5" t="297" w="266" /><ent r="5" t="297" w="399" /><ent r="5" t="297" w="451" /><ent r="5" t="297" w="481" /><ent r="5" t="298" w="228" /><ent r="5" t="298" w="261" /></phr></stem><stem n="eclipse.hom"><phr n="eclipse.home"><ent r="5" t="297" w="274" /><ent r="5" t="297" w="273" /><ent r="4" t="297" w="681" /><ent r="4" t="297" w="680" /><ent r="4" t="297" w="719" /><ent r="4" t="297" w="718" /><ent r="5" t="298" w="236" /><ent r="5" t="298" w="235" /><ent r="3" t="306" w="372" /><ent r="3" t="306" w="371" /></phr></stem><stem n="{eclipse.home}/plugin"><phr n="{eclipse.home}/plugins"><ent r="5" t="297" w="275" /><ent r="5" t="298" w="237" /></phr></stem><stem n="org.eclips"><phr n="org.eclipse"><ent r="5" t="297" w="289" /><ent r="5" t="297" w="288" /><ent r="5" t="297" w="305" /><ent r="5" t="297" w="304" /><ent r="5" t="297" w="322" /><ent r="5" t="297" w="321" /><ent r="5" t="297" w="339" /><ent r="5" t="297" w="338" /><ent r="5" t="297" w="356" /><ent r="5" t="297" w="355" /><ent r="5" t="297" w="373" /><ent r="5" t="297" w="372" /><ent r="5" t="297" w="389" /><ent r="5" t="297" w="388" /><ent r="5" t="298" w="198" /><ent r="5" t="298" w="197" /><ent r="5" t="298" w="251" /><ent r="5" t="298" w="250" /><ent r="6" t="313" w="26" /><ent r="6" t="313" w="25" /><ent r="6" t="313" w="51" /><ent r="6" t="313" w="50" /></phr></stem><stem n="org.eclipse.osgi"><phr n="org.eclipse.osgi"><ent r="5" t="297" w="290" /><ent r="5" t="297" w="288" /><ent r="6" t="313" w="27" /><ent r="6" t="313" w="25" /><ent r="6" t="313" w="52" /><ent r="6" t="313" w="50" /></phr></stem><stem n="osgi"><phr n="osgi"><ent r="5" t="297" w="290" /><ent r="7" t="313" w="12" /><ent r="6" t="313" w="27" /><ent r="7" t="313" w="36" /><ent r="6" t="313" w="52" /><ent r="6" t="313" w="60" /></phr></stem><stem n="org.eclipse.osgi_"><phr n="org.eclipse.osgi_"><ent r="5" t="297" w="290" /><ent r="5" t="297" w="288" /></phr></stem><stem n=".eclipse.osgi_*.jar"><phr n=".eclipse.osgi_*.jar"><ent r="5" t="297" w="291" /></phr></stem><stem n="org.eclipse.cor"><phr n="org.eclipse.core"><ent r="5" t="297" w="306" /><ent r="5" t="297" w="304" /><ent r="5" t="297" w="323" /><ent r="5" t="297" w="321" /><ent r="5" t="297" w="390" /><ent r="5" t="297" w="388" /><ent r="5" t="298" w="199" /><ent r="5" t="298" w="197" /></phr></stem><stem n="org.eclipse.core.resourc"><phr n="org.eclipse.core.resources"><ent r="5" t="297" w="307" /><ent r="5" t="297" w="304" /></phr></stem><stem n="org.eclipse.core.resources_"><phr n="org.eclipse.core.resources_"><ent r="5" t="297" w="307" /><ent r="5" t="297" w="304" /></phr></stem><stem n=".eclipse.core.resources_*.jar"><phr n=".eclipse.core.resources_*.jar"><ent r="5" t="297" w="308" /></phr></stem><stem n="org.eclipse.core.runtim"><phr n="org.eclipse.core.runtime"><ent r="5" t="297" w="324" /><ent r="5" t="297" w="321" /></phr></stem><stem n="org.eclipse.core.runtime_"><phr n="org.eclipse.core.runtime_"><ent r="5" t="297" w="324" /><ent r="5" t="297" w="321" /></phr></stem><stem n=".eclipse.core.runtime_*.jar"><phr n=".eclipse.core.runtime_*.jar"><ent r="5" t="297" w="325" /></phr></stem><stem n="org.eclipse.jdt"><phr n="org.eclipse.jdt"><ent r="5" t="297" w="340" /><ent r="5" t="297" w="338" /><ent r="5" t="297" w="357" /><ent r="5" t="297" w="355" /></phr></stem><stem n="jdt"><phr n="jdt"><ent r="5" t="297" w="340" /><ent r="5" t="297" w="357" /></phr></stem><stem n="org.eclipse.jdt.cor"><phr n="org.eclipse.jdt.core"><ent r="5" t="297" w="341" /><ent r="5" t="297" w="338" /></phr></stem><stem n="org.eclipse.jdt.core_"><phr n="org.eclipse.jdt.core_"><ent r="5" t="297" w="341" /><ent r="5" t="297" w="338" /></phr></stem><stem n=".eclipse.jdt.core_*.jar"><phr n=".eclipse.jdt.core_*.jar"><ent r="5" t="297" w="342" /></phr></stem><stem n="org.eclipse.jdt.launch"><phr n="org.eclipse.jdt.launching"><ent r="5" t="297" w="358" /><ent r="5" t="297" w="355" /></phr></stem><stem n="org.eclipse.jdt.launching_"><phr n="org.eclipse.jdt.launching_"><ent r="5" t="297" w="358" /><ent r="5" t="297" w="355" /></phr></stem><stem n=".eclipse.jdt.launching_*.jar"><phr n=".eclipse.jdt.launching_*.jar"><ent r="5" t="297" w="359" /></phr></stem><stem n="org.eclipse.equinox"><phr n="org.eclipse.equinox"><ent r="5" t="297" w="374" /><ent r="5" t="297" w="372" /><ent r="5" t="298" w="252" /><ent r="5" t="298" w="250" /></phr></stem><stem n="equinox"><phr n="equinox"><ent r="5" t="297" w="374" /><ent r="5" t="298" w="252" /></phr></stem><stem n="org.eclipse.equinox."><phr n="org.eclipse.equinox."><ent r="5" t="297" w="374" /><ent r="5" t="297" w="372" /></phr></stem><stem n=".eclipse.equinox.*.jar"><phr n=".eclipse.equinox.*.jar"><ent r="5" t="297" w="375" /></phr></stem><stem n="org.eclipse.core.job"><phr n="org.eclipse.core.jobs"><ent r="5" t="297" w="391" /><ent r="5" t="297" w="388" /></phr></stem><stem n="org.eclipse.core.jobs_"><phr n="org.eclipse.core.jobs_"><ent r="5" t="297" w="391" /><ent r="5" t="297" w="388" /></phr></stem><stem n=".eclipse.core.jobs_*.jar"><phr n=".eclipse.core.jobs_*.jar"><ent r="5" t="297" w="392" /></phr></stem><stem n="destfil"><phr n="destfile"><ent r="5" t="297" w="419" /></phr></stem><stem n="sharpen.core_1"><phr n="sharpen.core_1"><ent r="5" t="297" w="430" /><ent r="5" t="297" w="428" /><ent r="5" t="297" w="559" /><ent r="5" t="297" w="557" /><ent r="5" t="297" w="574" /><ent r="5" t="297" w="572" /></phr></stem><stem n="sharpen.core_1.0"><phr n="sharpen.core_1.0"><ent r="5" t="297" w="431" /><ent r="5" t="297" w="428" /><ent r="5" t="297" w="560" /><ent r="5" t="297" w="557" /><ent r="5" t="297" w="575" /><ent r="5" t="297" w="572" /></phr></stem><stem n="sharpen.core_1.0.0"><phr n="sharpen.core_1.0.0"><ent r="5" t="297" w="432" /><ent r="5" t="297" w="428" /><ent r="5" t="297" w="561" /><ent r="5" t="297" w="557" /><ent r="5" t="297" w="576" /><ent r="5" t="297" w="572" /></phr></stem><stem n="{dir.dist.classes.sharp}/sharpen.core_1.0.0.jar"><phr n="{dir.dist.classes.sharp}/sharpen.core_1.0.0.jar"><ent r="5" t="297" w="433" /><ent r="5" t="297" w="562" /></phr></stem><stem n="sharpen.core_1.0.0.jar"><phr n="sharpen.core_1.0.0.jar"><ent r="5" t="297" w="433" /><ent r="5" t="297" w="428" /><ent r="5" t="297" w="562" /><ent r="5" t="297" w="557" /><ent r="5" t="297" w="577" /><ent r="5" t="297" w="572" /></phr></stem><stem n="basedir"><phr n="basedir"><ent r="5" t="297" w="436" /></phr></stem><stem n="{sharpen.core.dir}"><phr n="{sharpen.core.dir}"><ent r="5" t="297" w="461" /></phr></stem><stem n="plugin.xml"><phr n="plugin.xml"><ent r="5" t="297" w="474" /><ent r="5" t="297" w="473" /></phr></stem><stem n="sharpen-instal"><phr n="sharpen-install"><ent r="4" t="297" w="497" /><ent r="4" t="297" w="588" /><ent r="4" t="298" w="375" /></phr></stem><stem n="sharpen-install.xml"><phr n="sharpen-install.xml"><ent r="4" t="297" w="499" /><ent r="4" t="297" w="498" /><ent r="4" t="297" w="590" /><ent r="4" t="297" w="589" /><ent r="4" t="298" w="377" /><ent r="4" t="298" w="376" /></phr></stem><stem n="-install.xml:"><phr n="-install.xml:"><ent r="4" t="297" w="500" /><ent r="4" t="297" w="500" /><ent r="4" t="297" w="591" /><ent r="4" t="297" w="591" /><ent r="4" t="298" w="378" /><ent r="4" t="298" w="378" /></phr></stem><stem n="-sharpen-plugin"><phr n="-sharpen-plugin"><ent r="5" t="297" w="529" /><ent r="5" t="297" w="530" /></phr></stem><stem n="install-sharpen"><phr n="install-sharpen"><ent r="5" t="297" w="529" /></phr></stem><stem n="install-sharpen-plugin"><phr n="install-sharpen-plugin"><ent r="5" t="297" w="529" /></phr></stem><stem n="sharpen-plugin"><phr n="sharpen-plugin"><ent r="5" t="297" w="530" /></phr></stem><stem n="copyfil"><phr n="copyfile"><ent r="5" t="297" w="546" /></phr></stem><stem n="dest"><phr n="dest"><ent r="5" t="297" w="565" /></phr></stem><stem n="plugins.hom"><phr n="plugins.home"><ent r="5" t="297" w="571" /><ent r="5" t="297" w="570" /><ent r="4" t="297" w="716" /><ent r="4" t="297" w="715" /></phr></stem><stem n="{plugins.home}/sharpen.core_1.0.0.jar"><phr n="{plugins.home}/sharpen.core_1.0.0.jar"><ent r="5" t="297" w="577" /></phr></stem><stem n="jdk-path"><phr n="JDK-path"><ent r="3" t="297" w="632" /></phr></stem><stem n="-path,"><phr n="-path,"><ent r="3" t="297" w="634" /><ent r="3" t="297" w="634" /></phr></stem><stem n="#the"><phr n="#The"><ent r="4" t="297" w="645" /></phr></stem><stem n="dir.c"><phr n="dir.C"><ent r="4" t="297" w="654" /><ent r="4" t="297" w="652" /><ent r="3" t="306" w="364" /><ent r="3" t="306" w="362" /></phr></stem><stem n="users/gamlor"><phr n="Users/Gamlor"><ent r="4" t="297" w="656" /><ent r="4" t="297" w="655" /><ent r="3" t="306" w="366" /><ent r="3" t="306" w="365" /></phr></stem><stem n="gamlor"><phr n="Gamlor"><ent r="4" t="297" w="656" /><ent r="3" t="306" w="366" /></phr></stem><stem n="users/gamlor/develop"><phr n="Users/Gamlor/Develop"><ent r="4" t="297" w="657" /><ent r="4" t="297" w="655" /><ent r="3" t="306" w="367" /><ent r="3" t="306" w="365" /></phr></stem><stem n="users/gamlor/develop/db4o"><phr n="Users/Gamlor/Develop/db4o"><ent r="4" t="297" w="658" /><ent r="4" t="297" w="655" /><ent r="3" t="306" w="368" /><ent r="3" t="306" w="365" /></phr></stem><stem n=".workspace=c:/users/gamlor/develop/db4o/sharpenproject"><phr n=".workspace=C:/Users/Gamlor/Develop/db4o/sharpenProject"><ent r="4" t="297" w="659" /></phr></stem><stem n="users/gamlor/develop/db4o/sharpenproject"><phr n="Users/Gamlor/Develop/db4o/sharpenProject"><ent r="4" t="297" w="659" /><ent r="4" t="297" w="655" /></phr></stem><stem n="sharpenproject"><phr n="sharpenProject"><ent r="4" t="297" w="659" /></phr></stem><stem n="jdk.home"><phr n="jdk.home"><ent r="4" t="297" w="663" /><ent r="4" t="297" w="662" /><ent r="4" t="297" w="669" /><ent r="4" t="297" w="668" /><ent r="4" t="297" w="673" /><ent r="4" t="297" w="672" /></phr></stem><stem n="jdk.$"><phr n="jdk.$"><ent r="4" t="297" w="664" /><ent r="4" t="297" w="662" /></phr></stem><stem n="env"><phr n="env"><ent r="4" t="297" w="665" /></phr></stem><stem n="env.java"><phr n="env.JAVA"><ent r="4" t="297" w="666" /><ent r="4" t="297" w="665" /></phr></stem><stem n="env.java_hom"><phr n="env.JAVA_HOME"><ent r="4" t="297" w="667" /><ent r="4" t="297" w="665" /></phr></stem><stem n=".home=${env.java_home}"><phr n=".home=${env.JAVA_HOME}"><ent r="4" t="297" w="668" /></phr></stem><stem n="jdk.home.java"><phr n="jdk.home.java"><ent r="4" t="297" w="670" /><ent r="4" t="297" w="668" /></phr></stem><stem n="jdk.home.$"><phr n="jdk.home.$"><ent r="4" t="297" w="671" /><ent r="4" t="297" w="668" /></phr></stem><stem n="bin/java"><phr n="bin/java"><ent r="4" t="297" w="675" /><ent r="4" t="297" w="674" /><ent r="3" t="306" w="360" /><ent r="3" t="306" w="359" /></phr></stem><stem n=".home.java=${jdk.home}/bin/java.ex"><phr n=".home.java=${jdk.home}/bin/java.exe"><ent r="4" t="297" w="676" /></phr></stem><stem n="bin/java.ex"><phr n="bin/java.exe"><ent r="4" t="297" w="676" /><ent r="4" t="297" w="674" /><ent r="3" t="306" w="361" /><ent r="3" t="306" w="359" /></phr></stem><stem n="eclipse.c"><phr n="eclipse.C"><ent r="4" t="297" w="682" /><ent r="4" t="297" w="680" /><ent r="3" t="306" w="373" /><ent r="3" t="306" w="371" /></phr></stem><stem n="prog"><phr n="progs"><ent r="4" t="297" w="683" /><ent r="3" t="306" w="374" /></phr></stem><stem n=".home=c:/progs/eclips"><phr n=".home=C:/progs/eclipse"><ent r="4" t="297" w="684" /><ent r="3" t="306" w="375" /></phr></stem><stem n="progs/eclips"><phr n="progs/eclipse"><ent r="4" t="297" w="684" /><ent r="4" t="297" w="683" /><ent r="3" t="306" w="375" /><ent r="3" t="306" w="374" /></phr></stem><stem n="sandcastl"><phr n="Sandcastle"><ent r="4" t="297" w="685" /></phr><phr n="sandcastle"><ent r="4" t="297" w="698" /><ent r="4" t="297" w="700" /></phr></stem><stem n="javadoc"><phr n="javadoc"><ent r="4" t="297" w="691" /><ent r="6" t="299" w="455" /></phr></stem><stem n="comment"><phr n="comments"><ent r="4" t="297" w="695" /><ent r="3" t="306" w="293" /></phr><phr n="comment"><ent r="6" t="299" w="431" /><ent r="6" t="299" w="443" /></phr></stem><stem n="dir.lib"><phr n="dir.lib"><ent r="4" t="297" w="697" /><ent r="4" t="297" w="696" /></phr></stem><stem n="dir.lib.sandcastl"><phr n="dir.lib.sandcastle"><ent r="4" t="297" w="698" /><ent r="4" t="297" w="696" /></phr></stem><stem n="dir.lib."><phr n="dir.lib.e"><ent r="4" t="297" w="699" /><ent r="4" t="297" w="696" /></phr></stem><stem n=".lib.sandcastle=e:/sandcastle/"><phr n=".lib.sandcastle=e:/sandcastle/"><ent r="4" t="297" w="701" /></phr></stem><stem n="dir.dist.classes.$"><phr n="dir.dist.classes.$"><ent r="4" t="297" w="708" /><ent r="4" t="297" w="704" /></phr></stem><stem n=".dist.classes.sharp=${dir.workspace}/dist/"><phr n=".dist.classes.sharp=${dir.workspace}/dist/"><ent r="4" t="297" w="712" /></phr></stem><stem n="plugins.$"><phr n="plugins.$"><ent r="4" t="297" w="717" /><ent r="4" t="297" w="715" /></phr></stem><stem n=".home=${eclipse.home}/plugin"><phr n=".home=${eclipse.home}/plugins"><ent r="4" t="297" w="720" /></phr></stem><stem n="sharpen.properti"><phr n="sharpen.properties"><ent r="4" t="297" w="723" /><ent r="4" t="297" w="722" /></phr><phr n="sharpen.property"><ent r="6" t="300" w="345" /><ent r="6" t="300" w="344" /><ent r="6" t="300" w="356" /><ent r="6" t="300" w="355" /></phr></stem><stem n=".properties:"><phr n=".properties:"><ent r="4" t="297" w="724" /></phr></stem><stem n="macro"><phr n="macro"><ent r="3" t="298" w="67" /><ent r="5" t="300" w="630" /><ent r="5" t="300" w="636" /></phr></stem><stem n="macrodef"><phr n="macrodef"><ent r="5" t="298" w="112" /><ent r="5" t="298" w="371" /></phr></stem><stem n="org.eclipse.core.launch"><phr n="org.eclipse.core.launcher"><ent r="5" t="298" w="200" /><ent r="5" t="298" w="197" /></phr></stem><stem n="launcher"><phr n="launcher"><ent r="5" t="298" w="200" /><ent r="5" t="298" w="253" /></phr></stem><stem n=".eclipse.core.launcher.main"><phr n=".eclipse.core.launcher.Main"><ent r="5" t="298" w="201" /></phr></stem><stem n="org.eclipse.core.launcher.main"><phr n="org.eclipse.core.launcher.Main"><ent r="5" t="298" w="201" /><ent r="5" t="298" w="197" /></phr></stem><stem n="failonerror"><phr n="failonerror"><ent r="5" t="298" w="204" /></phr></stem><stem n="1800000"><phr n="1800000"><ent r="5" t="298" w="215" /></phr></stem><stem n="org.eclipse.equinox.launch"><phr n="org.eclipse.equinox.launcher"><ent r="5" t="298" w="253" /><ent r="5" t="298" w="250" /></phr></stem><stem n="org.eclipse.equinox.launcher_"><phr n="org.eclipse.equinox.launcher_"><ent r="5" t="298" w="253" /><ent r="5" t="298" w="250" /></phr></stem><stem n=".eclipse.equinox.launcher_*.jar"><phr n=".eclipse.equinox.launcher_*.jar"><ent r="5" t="298" w="254" /></phr></stem><stem n="-clean"><phr n="-clean"><ent r="5" t="298" w="279" /><ent r="5" t="298" w="279" /></phr></stem><stem n="@{workspace}"><phr n="@{workspace}"><ent r="5" t="298" w="306" /></phr></stem><stem n=".core.appl"><phr n=".core.application"><ent r="5" t="298" w="333" /></phr></stem><stem n="sharpen.core.appl"><phr n="sharpen.core.application"><ent r="5" t="298" w="333" /><ent r="5" t="298" w="331" /></phr></stem><stem n="@{resource}"><phr n="@{resource}"><ent r="5" t="298" w="347" /></phr></stem><stem n="sharpenexampl"><phr n="sharpenExamples"><ent r="5" t="298" w="444" /></phr></stem><stem n=":\temp\sharpenexamples\"><phr n=":\temp\sharpenExamples\"><ent r="5" t="298" w="445" /></phr></stem><stem n="/src"><phr n="/src"><ent r="5" t="298" w="452" /></phr></stem><stem n="example/src"><phr n="example/src"><ent r="5" t="298" w="452" /><ent r="5" t="298" w="451" /></phr></stem><stem n="@sharpen-config"><phr n="@sharpen-config"><ent r="5" t="298" w="471" /></phr></stem><stem n="sharpen-config"><phr n="sharpen-config"><ent r="5" t="298" w="471" /></phr></stem><stem n="sharpen-exampl"><phr n="sharpen-example"><ent r="4" t="298" w="495" /></phr></stem><stem n="sharpen-example.xml"><phr n="sharpen-example.xml"><ent r="4" t="298" w="497" /><ent r="4" t="298" w="496" /></phr></stem><stem n="-example.xml:"><phr n="-example.xml:"><ent r="4" t="298" w="498" /><ent r="4" t="298" w="498" /></phr></stem><stem n="'@'"><phr n="'@'"><ent r="3" t="298" w="524" /></phr></stem><stem n="-pascalcase+"><phr n="-pascalCase+"><ent r="3" t="298" w="545" /><ent r="3" t="298" w="545" /><ent r="6" t="299" w="173" /><ent r="6" t="299" w="173" /></phr></stem><stem n="pascalcase+"><phr n="pascalCase+"><ent r="3" t="298" w="545" /><ent r="6" t="299" w="173" /></phr></stem><stem n="-nativetypesystem"><phr n="-nativeTypeSystem"><ent r="3" t="298" w="546" /><ent r="3" t="298" w="546" /><ent r="6" t="299" w="222" /><ent r="6" t="299" w="222" /></phr></stem></index>