﻿<?xml version="1.0" encoding="utf-8"?><index><stem n="look-up"><phr n="look-ups"><ent r="3" t="62" w="209" /></phr></stem><stem n="-meta"><phr n="-meta"><ent r="64" t="63" w="30" /><ent r="64" t="63" w="30" /><ent r="3" t="83" w="41" /><ent r="3" t="83" w="41" /></phr></stem><stem n="db4o-meta"><phr n="db4o-meta"><ent r="64" t="63" w="30" /></phr></stem><stem n="istoredclass"><phr n="IStoredClass"><ent r="4" t="63" w="43" /><ent r="4" t="63" w="130" /><ent r="4" t="70" w="109" /><ent r="4" t="70" w="117" /><ent r="4" t="70" w="134" /><ent r="4" t="70" w="170" /><ent r="4" t="70" w="183" /><ent r="4" t="70" w="207" /><ent r="4" t="70" w="323" /><ent r="4" t="70" w="455" /><ent r="4" t="70" w="668" /><ent r="4" t="70" w="738" /><ent r="4" t="121" w="287" /><ent r="4" t="121" w="451" /></phr></stem><stem n="metainfo"><phr n="metaInfo"><ent r="4" t="63" w="44" /><ent r="4" t="63" w="71" /><ent r="4" t="63" w="126" /><ent r="4" t="63" w="162" /><ent r="4" t="70" w="135" /><ent r="4" t="70" w="203" /></phr></stem><stem n="storedclass"><phr n="StoredClass"><ent r="4" t="63" w="47" /><ent r="4" t="63" w="133" /><ent r="4" t="64" w="95" /><ent r="4" t="64" w="137" /><ent r="4" t="70" w="138" /><ent r="4" t="70" w="210" /><ent r="4" t="70" w="327" /><ent r="4" t="70" w="458" /><ent r="4" t="70" w="672" /><ent r="4" t="70" w="741" /><ent r="4" t="114" w="368" /><ent r="4" t="114" w="579" /><ent r="4" t="114" w="588" /><ent r="65" t="119" w="98" /><ent r="4" t="121" w="291" /><ent r="4" t="121" w="454" /><ent r="4" t="281" w="319" /><ent r="4" t="281" w="430" /></phr><phr n="StoredClasses"><ent r="4" t="70" w="113" /><ent r="4" t="70" w="173" /></phr><phr n="storedClass"><ent r="4" t="70" w="118" /><ent r="4" t="70" w="125" /><ent r="4" t="70" w="179" /><ent r="4" t="70" w="190" /></phr></stem><stem n=".ext().storedclass("><phr n=".Ext().StoredClass("><ent r="4" t="63" w="48" /><ent r="4" t="63" w="134" /><ent r="4" t="64" w="138" /><ent r="4" t="70" w="139" /><ent r="4" t="70" w="211" /><ent r="4" t="70" w="328" /><ent r="4" t="70" w="459" /><ent r="4" t="70" w="673" /><ent r="4" t="70" w="742" /><ent r="4" t="281" w="320" /><ent r="4" t="281" w="431" /></phr></stem><stem n="indexedclass"><phr n="IndexedClass"><ent r="4" t="63" w="51" /><ent r="4" t="63" w="137" /></phr></stem><stem n="(indexedclass));"><phr n="(IndexedClass));"><ent r="4" t="63" w="52" /></phr></stem><stem n="(istoredfield"><phr n="(IStoredField"><ent r="4" t="63" w="66" /><ent r="4" t="70" w="340" /></phr></stem><stem n="istoredfield"><phr n="IStoredField"><ent r="4" t="63" w="66" /><ent r="4" t="63" w="158" /><ent r="4" t="64" w="91" /><ent r="4" t="64" w="134" /><ent r="4" t="70" w="340" /><ent r="4" t="70" w="364" /><ent r="4" t="70" w="396" /><ent r="4" t="70" w="477" /><ent r="4" t="70" w="507" /><ent r="4" t="70" w="544" /><ent r="4" t="70" w="677" /><ent r="4" t="70" w="753" /><ent r="4" t="121" w="304" /><ent r="4" t="121" w="473" /></phr></stem><stem n="metainfo.getstoredfield"><phr n="metaInfo.GetStoredFields"><ent r="4" t="63" w="72" /><ent r="4" t="63" w="71" /><ent r="4" t="63" w="163" /><ent r="4" t="63" w="162" /></phr></stem><stem n="getstoredfield"><phr n="GetStoredFields"><ent r="4" t="63" w="72" /><ent r="4" t="63" w="163" /><ent r="4" t="70" w="346" /><ent r="4" t="70" w="482" /></phr></stem><stem n=".getstoredfields())"><phr n=".GetStoredFields())"><ent r="4" t="63" w="73" /><ent r="4" t="70" w="347" /></phr></stem><stem n="field.hasindex"><phr n="field.HasIndex"><ent r="4" t="63" w="77" /><ent r="4" t="63" w="76" /><ent r="4" t="63" w="168" /><ent r="4" t="63" w="167" /></phr></stem><stem n="hasindex"><phr n="HasIndex"><ent r="4" t="63" w="77" /><ent r="4" t="63" w="168" /><ent r="4" t="70" w="421" /><ent r="4" t="70" w="573" /></phr></stem><stem n="(field.hasindex())"><phr n="(field.HasIndex())"><ent r="4" t="63" w="78" /></phr></stem><stem n="'&quot;"><phr n="'&quot;"><ent r="5" t="63" w="83" /><ent r="5" t="63" w="100" /><ent r="5" t="63" w="177" /><ent r="5" t="63" w="192" /></phr></stem><stem n="field.getnam"><phr n="field.GetName"><ent r="4" t="63" w="86" /><ent r="4" t="63" w="85" /><ent r="4" t="63" w="103" /><ent r="4" t="63" w="102" /><ent r="4" t="63" w="179" /><ent r="4" t="63" w="178" /><ent r="4" t="63" w="194" /><ent r="4" t="63" w="193" /><ent r="4" t="70" w="354" /><ent r="4" t="70" w="353" /><ent r="4" t="70" w="489" /><ent r="4" t="70" w="488" /></phr></stem><stem n="getnam"><phr n="GetName"><ent r="4" t="63" w="86" /><ent r="4" t="63" w="103" /><ent r="4" t="63" w="179" /><ent r="4" t="63" w="194" /><ent r="4" t="70" w="126" /><ent r="4" t="70" w="191" /><ent r="4" t="70" w="354" /><ent r="4" t="70" w="435" /><ent r="4" t="70" w="489" /><ent r="4" t="70" w="592" /><ent r="4" t="259" w="229" /><ent r="4" t="259" w="322" /></phr></stem><stem n=".getname()"><phr n=".GetName()"><ent r="4" t="63" w="87" /><ent r="4" t="63" w="104" /><ent r="4" t="63" w="180" /><ent r="4" t="63" w="195" /></phr></stem><stem n="&quot;'"><phr n="&quot;'"><ent r="5" t="63" w="89" /><ent r="5" t="63" w="106" /><ent r="5" t="63" w="181" /><ent r="5" t="63" w="196" /></phr></stem><stem n="checkforandindex"><phr n="CheckForAndIndex"><ent r="4" t="63" w="111" /><ent r="4" t="63" w="205" /></phr></stem><stem n="checkforandindex.c"><phr n="CheckForAndIndex.cs"><ent r="4" t="63" w="112" /><ent r="4" t="63" w="111" /></phr></stem><stem n="(indexedclass))"><phr n="(IndexedClass))"><ent r="4" t="63" w="138" /></phr></stem><stem n=".getstoredfields()"><phr n=".GetStoredFields()"><ent r="4" t="63" w="164" /><ent r="4" t="70" w="483" /></phr></stem><stem n=".hasindex()"><phr n=".HasIndex()"><ent r="4" t="63" w="169" /><ent r="4" t="70" w="574" /></phr></stem><stem n="checkforandindex.vb"><phr n="CheckForAndIndex.vb"><ent r="4" t="63" w="206" /><ent r="4" t="63" w="205" /></phr></stem><stem n="via"><phr n="via"><ent r="3" t="64" w="53" /><ent r="3" t="70" w="41" /><ent r="3" t="70" w="636" /><ent r="4" t="70" w="722" /><ent r="4" t="70" w="821" /><ent r="3" t="96" w="90" /><ent r="3" t="143" w="33" /><ent r="3" t="173" w="45" /><ent r="3" t="202" w="31" /><ent r="3" t="224" w="36" /><ent r="5" t="265" w="487" /><ent r="3" t="274" w="299" /></phr></stem><stem n="-info"><phr n="-info"><ent r="3" t="64" w="65" /><ent r="3" t="64" w="65" /><ent r="4" t="96" w="776" /><ent r="4" t="96" w="776" /><ent r="4" t="96" w="807" /><ent r="4" t="96" w="807" /><ent r="4" t="96" w="936" /><ent r="4" t="96" w="936" /></phr></stem><stem n="meta-info"><phr n="meta-info"><ent r="3" t="64" w="65" /><ent r="3" t="96" w="656" /></phr></stem><stem n="info"><phr n="info"><ent r="3" t="64" w="66" /><ent r="3" t="70" w="263" /><ent r="3" t="70" w="277" /><ent r="4" t="72" w="50" /><ent r="4" t="72" w="84" /><ent r="4" t="72" w="188" /><ent r="4" t="72" w="223" /><ent r="4" t="72" w="289" /><ent r="4" t="72" w="314" /><ent r="3" t="96" w="657" /><ent r="5" t="96" w="751" /><ent r="4" t="96" w="777" /><ent r="4" t="96" w="808" /><ent r="5" t="96" w="906" /><ent r="4" t="96" w="937" /></phr><phr n="Info"><ent r="1000" t="72" w="2" /><ent r="100" t="72" w="5" /><ent r="102" t="72" w="8" /></phr></stem><stem n="traverse-method"><phr n="traverse-method"><ent r="3" t="64" w="78" /></phr></stem><stem n="storedfield"><phr n="storedField"><ent r="4" t="64" w="92" /><ent r="4" t="64" w="110" /><ent r="4" t="64" w="130" /><ent r="4" t="64" w="152" /></phr><phr n="StoredField"><ent r="4" t="64" w="100" /><ent r="4" t="64" w="142" /><ent r="4" t="70" w="367" /><ent r="4" t="70" w="399" /><ent r="4" t="70" w="509" /><ent r="4" t="70" w="546" /><ent r="4" t="70" w="680" /><ent r="4" t="70" w="755" /><ent r="65" t="119" w="99" /><ent r="4" t="121" w="307" /><ent r="4" t="121" w="475" /></phr></stem><stem n=".ext()"><phr n=".Ext()"><ent r="4" t="64" w="95" /></phr></stem><stem n=".storedclass("><phr n=".StoredClass("><ent r="4" t="64" w="96" /></phr></stem><stem n="(item)).storedfield("><phr n="(Item)).StoredField("><ent r="4" t="64" w="101" /><ent r="4" t="64" w="143" /></phr></stem><stem n="&quot;data&quot;"><phr n="&quot;data&quot;"><ent r="5" t="64" w="103" /><ent r="5" t="64" w="145" /></phr></stem><stem n="storedfield.traversevalu"><phr n="storedField.TraverseValues"><ent r="4" t="64" w="111" /><ent r="4" t="64" w="110" /><ent r="4" t="64" w="153" /><ent r="4" t="64" w="152" /></phr></stem><stem n="traversevalu"><phr n="TraverseValues"><ent r="4" t="64" w="111" /><ent r="4" t="64" w="153" /></phr></stem><stem n=".traversevalues("><phr n=".TraverseValues("><ent r="4" t="64" w="112" /><ent r="4" t="64" w="154" /></phr></stem><stem n="indexvisitor"><phr n="IndexVisitor"><ent r="4" t="64" w="115" /><ent r="4" t="64" w="157" /><ent r="4" t="64" w="174" /><ent r="4" t="64" w="219" /></phr></stem><stem n="traverseindexexampl"><phr n="TraverseIndexExample"><ent r="4" t="64" w="117" /><ent r="4" t="64" w="159" /><ent r="4" t="64" w="203" /><ent r="4" t="64" w="266" /></phr></stem><stem n="traverseindexexample.c"><phr n="TraverseIndexExample.cs"><ent r="4" t="64" w="118" /><ent r="4" t="64" w="117" /><ent r="4" t="64" w="204" /><ent r="4" t="64" w="203" /></phr></stem><stem n="traverseindexexample.vb"><phr n="TraverseIndexExample.vb"><ent r="4" t="64" w="160" /><ent r="4" t="64" w="159" /><ent r="4" t="64" w="267" /><ent r="4" t="64" w="266" /></phr></stem><stem n="ivisitor4"><phr n="IVisitor4"><ent r="4" t="64" w="175" /><ent r="4" t="64" w="223" /><ent r="4" t="64" w="239" /></phr></stem><stem n="obj"><phr n="obj"><ent r="4" t="64" w="185" /><ent r="4" t="64" w="193" /><ent r="4" t="64" w="230" /><ent r="4" t="64" w="248" /><ent r="4" t="69" w="144" /><ent r="4" t="69" w="171" /><ent r="4" t="69" w="495" /><ent r="4" t="69" w="521" /><ent r="4" t="101" w="139" /><ent r="4" t="101" w="146" /><ent r="4" t="101" w="245" /><ent r="4" t="101" w="257" /><ent r="4" t="112" w="515" /><ent r="4" t="112" w="523" /><ent r="4" t="112" w="536" /><ent r="4" t="112" w="545" /><ent r="4" t="112" w="561" /><ent r="4" t="112" w="983" /><ent r="4" t="112" w="1000" /><ent r="4" t="112" w="1014" /><ent r="4" t="112" w="1028" /><ent r="4" t="112" w="1050" /><ent r="4" t="244" w="148" /><ent r="4" t="244" w="178" /><ent r="4" t="244" w="188" /><ent r="4" t="244" w="194" /><ent r="4" t="244" w="233" /><ent r="4" t="244" w="256" /><ent r="4" t="244" w="262" /><ent r="4" t="244" w="267" /><ent r="4" t="248" w="80" /><ent r="4" t="248" w="107" /><ent r="4" t="249" w="127" /><ent r="4" t="249" w="153" /><ent r="4" t="250" w="243" /><ent r="4" t="250" w="271" /><ent r="4" t="251" w="429" /><ent r="4" t="251" w="459" /></phr><phr n="objs"><ent r="6" t="300" w="563" /><ent r="6" t="300" w="567" /><ent r="6" t="300" w="591" /><ent r="6" t="300" w="594" /></phr></stem><stem n=".out.writeline("><phr n=".Out.WriteLine("><ent r="4" t="64" w="197" /><ent r="4" t="64" w="252" /><ent r="4" t="281" w="364" /><ent r="4" t="281" w="380" /><ent r="4" t="281" w="480" /><ent r="4" t="281" w="499" /></phr></stem><stem n="&quot;valu"><phr n="&quot;Value"><ent r="5" t="64" w="198" /><ent r="5" t="64" w="253" /></phr></stem><stem n="{0}&quot;"><phr n="{0}&quot;"><ent r="5" t="64" w="200" /><ent r="5" t="64" w="255" /><ent r="5" t="72" w="43" /><ent r="5" t="72" w="77" /><ent r="5" t="72" w="180" /><ent r="5" t="72" w="215" /><ent r="5" t="72" w="282" /><ent r="5" t="281" w="370" /><ent r="5" t="281" w="486" /></phr></stem><stem n="visitor"><phr n="visitor"><ent r="4" t="64" w="207" /><ent r="4" t="64" w="270" /><ent r="3" t="261" w="233" /></phr><phr n="visitors"><ent r="3" t="257" w="205" /></phr></stem><stem n="(obj"><phr n="(obj"><ent r="4" t="64" w="230" /><ent r="4" t="244" w="256" /></phr></stem><stem n=".visit"><phr n=".Visit"><ent r="4" t="64" w="240" /></phr></stem><stem n="ivisitor4.visit"><phr n="IVisitor4.Visit"><ent r="4" t="64" w="240" /><ent r="4" t="64" w="239" /></phr></stem><stem n="cint"><phr n="CInt"><ent r="5" t="64" w="246" /><ent r="5" t="121" w="539" /></phr></stem><stem n="(obj)"><phr n="(obj)"><ent r="4" t="64" w="249" /></phr></stem><stem n="&quot;uniqu"><phr n="&quot;Unique"><ent r="64" t="65" w="52" /><ent r="64" t="144" w="63" /><ent r="64" t="247" w="118" /></phr></stem><stem n="&quot;backup&quot;"><phr n="&quot;Backup&quot;"><ent r="64" t="65" w="68" /><ent r="64" t="189" w="24" /></phr></stem><stem n="fragment"><phr n="fragment"><ent r="3" t="65" w="106" /><ent r="3" t="137" w="171" /></phr><phr n="fragmented"><ent r="3" t="72" w="256" /><ent r="3" t="77" w="34" /></phr><phr n="fragmentation"><ent r="3" t="137" w="189" /><ent r="3" t="137" w="258" /><ent r="3" t="177" w="59" /><ent r="3" t="177" w="69" /><ent r="3" t="224" w="419" /></phr></stem><stem n="reclaim"><phr n="reclaim"><ent r="3" t="65" w="112" /><ent r="3" t="72" w="155" /></phr><phr n="reclaimed"><ent r="3" t="179" w="259" /><ent r="3" t="285" w="364" /></phr></stem><stem n="defragmentet"><phr n="defragmentet"><ent r="3" t="65" w="113" /></phr></stem><stem n="defragment"><phr n="defragmentation"><ent r="3" t="65" w="123" /><ent r="3" t="77" w="49" /><ent r="3" t="77" w="94" /><ent r="3" t="77" w="124" /><ent r="3" t="77" w="136" /><ent r="3" t="78" w="187" /><ent r="3" t="79" w="14" /><ent r="3" t="79" w="56" /><ent r="3" t="79" w="93" /><ent r="3" t="79" w="138" /><ent r="3" t="79" w="228" /><ent r="3" t="80" w="89" /><ent r="3" t="81" w="34" /><ent r="3" t="81" w="55" /><ent r="3" t="82" w="8" /><ent r="3" t="82" w="40" /><ent r="3" t="84" w="10" /><ent r="3" t="84" w="35" /><ent r="4" t="84" w="72" /><ent r="4" t="84" w="110" /><ent r="3" t="87" w="16" /><ent r="3" t="89" w="13" /><ent r="3" t="89" w="17" /><ent r="4" t="89" w="166" /><ent r="4" t="89" w="200" /><ent r="4" t="119" w="87" /><ent r="64" t="179" w="136" /><ent r="64" t="179" w="262" /></phr><phr n="Defragmentation"><ent r="64" t="77" w="117" /><ent r="64" t="77" w="129" /><ent r="64" t="77" w="147" /><ent r="1000" t="78" w="4" /><ent r="102" t="78" w="9" /><ent r="64" t="78" w="269" /><ent r="3" t="78" w="272" /><ent r="1000" t="79" w="1" /><ent r="102" t="79" w="7" /><ent r="1000" t="89" w="2" /><ent r="102" t="89" w="6" /><ent r="4" t="89" w="82" /><ent r="4" t="89" w="134" /></phr><phr n="defragmentating"><ent r="8" t="247" w="99" /></phr></stem><stem n="&quot;defragment&quot;"><phr n="&quot;Defragment&quot;"><ent r="64" t="65" w="127" /><ent r="64" t="282" w="257" /></phr></stem><stem n="&quot;callbacks&quot;"><phr n="&quot;Callbacks&quot;"><ent r="64" t="65" w="142" /></phr></stem><stem n="&quot;refactor"><phr n="&quot;Refactoring"><ent r="64" t="65" w="170" /><ent r="64" t="118" w="192" /><ent r="64" t="219" w="21" /><ent r="64" t="223" w="670" /><ent r="65" t="278" w="141" /></phr></stem><stem n="&quot;id"><phr n="&quot;IDs"><ent r="64" t="65" w="188" /></phr></stem><stem n="-information&quot;"><phr n="-Information&quot;"><ent r="64" t="65" w="213" /><ent r="64" t="65" w="213" /></phr></stem><stem n="hard"><phr n="hard"><ent r="3" t="65" w="226" /><ent r="3" t="150" w="63" /><ent r="3" t="179" w="74" /><ent r="3" t="191" w="31" /><ent r="3" t="191" w="101" /><ent r="3" t="240" w="509" /><ent r="3" t="251" w="233" /><ent r="3" t="273" w="11" /><ent r="3" t="273" w="81" /></phr></stem><stem n="tricki"><phr n="tricky"><ent r="3" t="65" w="244" /></phr></stem><stem n="&quot;type"><phr n="&quot;Type"><ent r="64" t="65" w="256" /></phr></stem><stem n="-reflection."><phr n="-reflection."><ent r="3" t="65" w="271" /><ent r="3" t="65" w="271" /></phr></stem><stem n="unfortun"><phr n="Unfortunately"><ent r="3" t="65" w="288" /><ent r="3" t="74" w="247" /><ent r="3" t="107" w="11" /><ent r="3" t="124" w="60" /><ent r="3" t="125" w="60" /><ent r="3" t="231" w="114" /></phr></stem><stem n="exception-handl"><phr n="Exception-Handling"><ent r="64" t="65" w="298" /><ent r="1000" t="126" w="1" /><ent r="100" t="126" w="4" /><ent r="102" t="126" w="7" /><ent r="100" t="127" w="4" /></phr></stem><stem n="&quot;exception-handling&quot;"><phr n="&quot;Exception-Handling&quot;"><ent r="64" t="65" w="300" /></phr></stem><stem n=":multipl"><phr n=":Multiple"><ent r="100" t="66" w="7" /></phr></stem><stem n="shouldn"><phr n="shouldn"><ent r="3" t="66" w="77" /><ent r="3" t="103" w="143" /><ent r="3" t="123" w="81" /><ent r="3" t="153" w="78" /><ent r="3" t="218" w="52" /><ent r="4" t="273" w="102" /></phr></stem><stem n="shouldn't"><phr n="shouldn't"><ent r="3" t="66" w="78" /><ent r="3" t="66" w="77" /><ent r="3" t="103" w="144" /><ent r="3" t="103" w="143" /><ent r="3" t="123" w="82" /><ent r="3" t="123" w="81" /><ent r="3" t="153" w="79" /><ent r="3" t="153" w="78" /><ent r="3" t="218" w="53" /><ent r="3" t="218" w="52" /><ent r="4" t="273" w="103" /><ent r="4" t="273" w="102" /></phr></stem><stem n="lightweight"><phr n="lightweight"><ent r="3" t="66" w="93" /></phr></stem><stem n="disturb"><phr n="disturbing"><ent r="3" t="66" w="125" /></phr></stem><stem n="previous"><phr n="previously"><ent r="3" t="66" w="301" /><ent r="3" t="67" w="45" /><ent r="5" t="121" w="167" /><ent r="5" t="121" w="203" /><ent r="3" t="179" w="18" /><ent r="3" t="265" w="660" /></phr></stem><stem n="mention"><phr n="mentioned"><ent r="3" t="66" w="302" /></phr></stem><stem n="form"><phr n="form"><ent r="3" t="66" w="372" /><ent r="3" t="123" w="86" /><ent r="5" t="299" w="492" /><ent r="6" t="300" w="286" /><ent r="64" t="310" w="89" /></phr></stem><stem n="visibl"><phr n="visible"><ent r="3" t="66" w="401" /><ent r="3" t="66" w="418" /><ent r="5" t="227" w="154" /><ent r="5" t="227" w="243" /><ent r="3" t="291" w="122" /></phr><phr n="visibility"><ent r="3" t="300" w="73" /></phr></stem><stem n="session1"><phr n="session1"><ent r="4" t="66" w="424" /><ent r="4" t="66" w="433" /><ent r="4" t="66" w="460" /><ent r="4" t="66" w="492" /><ent r="4" t="66" w="501" /><ent r="4" t="66" w="530" /><ent r="4" t="66" w="600" /><ent r="4" t="66" w="613" /><ent r="4" t="66" w="616" /><ent r="4" t="66" w="678" /><ent r="4" t="66" w="701" /><ent r="4" t="66" w="704" /></phr></stem><stem n="session1.stor"><phr n="session1.Store"><ent r="4" t="66" w="425" /><ent r="4" t="66" w="424" /><ent r="4" t="66" w="434" /><ent r="4" t="66" w="433" /><ent r="4" t="66" w="493" /><ent r="4" t="66" w="492" /><ent r="4" t="66" w="502" /><ent r="4" t="66" w="501" /><ent r="4" t="66" w="614" /><ent r="4" t="66" w="613" /><ent r="4" t="66" w="702" /><ent r="4" t="66" w="701" /></phr></stem><stem n="printal"><phr n="PrintAll"><ent r="4" t="66" w="457" /><ent r="4" t="66" w="473" /><ent r="4" t="66" w="525" /><ent r="4" t="66" w="543" /></phr></stem><stem n="session2"><phr n="session2"><ent r="4" t="66" w="458" /><ent r="4" t="66" w="474" /><ent r="4" t="66" w="526" /><ent r="4" t="66" w="544" /><ent r="4" t="66" w="605" /><ent r="4" t="66" w="643" /><ent r="4" t="66" w="691" /><ent r="4" t="66" w="731" /></phr></stem><stem n="session2.query&lt;person&gt;"><phr n="session2.Query&lt;Person&gt;"><ent r="4" t="66" w="459" /><ent r="4" t="66" w="458" /><ent r="4" t="66" w="475" /><ent r="4" t="66" w="474" /><ent r="4" t="66" w="606" /><ent r="4" t="66" w="605" /></phr></stem><stem n="query&lt;person&gt;"><phr n="Query&lt;Person&gt;"><ent r="4" t="66" w="459" /><ent r="4" t="66" w="475" /><ent r="4" t="66" w="601" /><ent r="4" t="66" w="606" /><ent r="4" t="70" w="690" /><ent r="4" t="121" w="267" /></phr></stem><stem n="(session2.query&lt;person&gt;());"><phr n="(session2.Query&lt;Person&gt;());"><ent r="4" t="66" w="460" /><ent r="4" t="66" w="476" /></phr></stem><stem n="session1.commit"><phr n="session1.Commit"><ent r="4" t="66" w="461" /><ent r="4" t="66" w="460" /><ent r="4" t="66" w="531" /><ent r="4" t="66" w="530" /><ent r="4" t="66" w="617" /><ent r="4" t="66" w="616" /><ent r="4" t="66" w="705" /><ent r="4" t="66" w="704" /></phr></stem><stem n="visiabl"><phr n="visiable"><ent r="5" t="66" w="467" /><ent r="5" t="66" w="537" /></phr></stem><stem n="session2.queri"><phr n="session2.Query"><ent r="4" t="66" w="527" /><ent r="4" t="66" w="526" /><ent r="4" t="66" w="545" /><ent r="4" t="66" w="544" /><ent r="4" t="66" w="692" /><ent r="4" t="66" w="691" /></phr></stem><stem n="(session2.query(of"><phr n="(session2.Query(Of"><ent r="4" t="66" w="528" /><ent r="4" t="66" w="546" /></phr></stem><stem n=")())"><phr n=")())"><ent r="4" t="66" w="530" /><ent r="4" t="66" w="548" /></phr></stem><stem n="wont"><phr n="wont"><ent r="3" t="66" w="582" /></phr></stem><stem n="persononsession1"><phr n="personOnSession1"><ent r="4" t="66" w="599" /><ent r="4" t="66" w="608" /><ent r="4" t="66" w="615" /><ent r="4" t="66" w="673" /><ent r="4" t="66" w="696" /><ent r="4" t="66" w="703" /></phr></stem><stem n="session1.query&lt;person&gt;"><phr n="session1.Query&lt;Person&gt;"><ent r="4" t="66" w="601" /><ent r="4" t="66" w="600" /></phr></stem><stem n=".query&lt;person&gt;()[0];"><phr n=".Query&lt;Person&gt;()[0];"><ent r="4" t="66" w="603" /><ent r="4" t="66" w="608" /></phr></stem><stem n="persononsession2"><phr n="personOnSession2"><ent r="4" t="66" w="604" /><ent r="4" t="66" w="634" /><ent r="4" t="66" w="646" /><ent r="4" t="66" w="653" /><ent r="4" t="66" w="686" /><ent r="4" t="66" w="722" /><ent r="4" t="66" w="734" /><ent r="4" t="66" w="741" /></phr></stem><stem n="persononsession1.nam"><phr n="personOnSession1.Name"><ent r="4" t="66" w="609" /><ent r="4" t="66" w="608" /><ent r="4" t="66" w="697" /><ent r="4" t="66" w="696" /></phr></stem><stem n=".store(persononsession1);"><phr n=".Store(personOnSession1);"><ent r="4" t="66" w="616" /></phr></stem><stem n="persononsession2.nam"><phr n="personOnSession2.Name"><ent r="4" t="66" w="635" /><ent r="4" t="66" w="634" /><ent r="4" t="66" w="654" /><ent r="4" t="66" w="653" /><ent r="4" t="66" w="723" /><ent r="4" t="66" w="722" /><ent r="4" t="66" w="742" /><ent r="4" t="66" w="741" /></phr></stem><stem n=".writeline(persononsession2.name);"><phr n=".WriteLine(personOnSession2.Name);"><ent r="4" t="66" w="636" /><ent r="4" t="66" w="655" /></phr></stem><stem n="session2.ext"><phr n="session2.Ext"><ent r="4" t="66" w="644" /><ent r="4" t="66" w="643" /><ent r="4" t="66" w="732" /><ent r="4" t="66" w="731" /></phr></stem><stem n=".ext().refresh(persononsession2,"><phr n=".Ext().Refresh(personOnSession2,"><ent r="4" t="66" w="647" /><ent r="4" t="66" w="735" /></phr></stem><stem n="session1.queri"><phr n="session1.Query"><ent r="4" t="66" w="679" /><ent r="4" t="66" w="678" /></phr></stem><stem n=".store(persononsession1)"><phr n=".Store(personOnSession1)"><ent r="4" t="66" w="704" /></phr></stem><stem n=".writeline(persononsession2.name)"><phr n=".WriteLine(personOnSession2.Name)"><ent r="4" t="66" w="724" /><ent r="4" t="66" w="743" /></phr></stem><stem n="commit-tim"><phr n="commit-time"><ent r="3" t="67" w="64" /><ent r="3" t="102" w="34" /></phr><phr n="Commit-Time"><ent r="64" t="67" w="83" /><ent r="1000" t="102" w="1" /><ent r="102" t="102" w="5" /></phr><phr n="Commit-time"><ent r="3" t="102" w="9" /><ent r="3" t="102" w="70" /></phr></stem><stem n="violat"><phr n="violation"><ent r="3" t="67" w="69" /><ent r="3" t="67" w="244" /><ent r="4" t="102" w="40" /></phr><phr n="Violating"><ent r="4" t="67" w="283" /><ent r="4" t="67" w="335" /></phr><phr n="violations"><ent r="4" t="126" w="100" /><ent r="3" t="127" w="129" /><ent r="3" t="263" w="476" /></phr><phr n="violated"><ent r="3" t="127" w="146" /><ent r="5" t="128" w="317" /></phr><phr n="Violated"><ent r="7" t="128" w="344" /><ent r="7" t="128" w="404" /></phr><phr n="Violation"><ent r="6" t="128" w="364" /><ent r="6" t="128" w="428" /></phr><phr n="violates"><ent r="3" t="263" w="461" /></phr></stem><stem n="uniquefieldvalueconstraintviolationexcept"><phr n="UniqueFieldValueConstraintViolationException"><ent r="3" t="67" w="73" /><ent r="3" t="67" w="246" /><ent r="4" t="67" w="273" /><ent r="4" t="67" w="322" /><ent r="4" t="127" w="131" /><ent r="6" t="128" w="341" /><ent r="6" t="128" w="402" /></phr></stem><stem n="thrown"><phr n="thrown"><ent r="3" t="67" w="76" /><ent r="3" t="67" w="249" /><ent r="6" t="92" w="571" /><ent r="3" t="127" w="26" /><ent r="3" t="127" w="111" /><ent r="3" t="127" w="138" /><ent r="3" t="127" w="154" /><ent r="3" t="127" w="170" /><ent r="3" t="127" w="192" /><ent r="3" t="127" w="215" /><ent r="2" t="127" w="235" /><ent r="3" t="127" w="263" /><ent r="3" t="127" w="291" /><ent r="3" t="127" w="310" /><ent r="3" t="127" w="330" /><ent r="3" t="127" w="335" /><ent r="3" t="127" w="347" /><ent r="3" t="127" w="369" /><ent r="3" t="127" w="390" /><ent r="3" t="263" w="468" /></phr></stem><stem n="uniquefieldvalueconstraint"><phr n="UniqueFieldValueConstraint"><ent r="3" t="67" w="114" /><ent r="4" t="67" w="144" /><ent r="4" t="67" w="193" /><ent r="92" t="144" w="54" /></phr></stem><stem n="uniqueid"><phr n="UniqueId"><ent r="4" t="67" w="129" /><ent r="4" t="67" w="148" /><ent r="4" t="67" w="178" /><ent r="4" t="67" w="197" /><ent r="4" t="67" w="256" /><ent r="4" t="67" w="263" /><ent r="4" t="67" w="301" /><ent r="4" t="67" w="308" /><ent r="6" t="128" w="324" /><ent r="6" t="128" w="331" /><ent r="6" t="128" w="381" /><ent r="6" t="128" w="388" /></phr></stem><stem n="(uniqueid)).objectfield("><phr n="(UniqueId)).ObjectField("><ent r="4" t="67" w="131" /><ent r="4" t="67" w="180" /></phr></stem><stem n="&quot;id&quot;"><phr n="&quot;id&quot;"><ent r="5" t="67" w="133" /><ent r="5" t="67" w="151" /><ent r="5" t="67" w="182" /><ent r="5" t="67" w="200" /><ent r="5" t="99" w="1061" /><ent r="5" t="99" w="1090" /><ent r="5" t="121" w="310" /><ent r="5" t="121" w="478" /><ent r="5" t="251" w="184" /><ent r="5" t="251" w="213" /></phr></stem><stem n="(uniqueid),"><phr n="(UniqueId),"><ent r="4" t="67" w="149" /><ent r="4" t="67" w="198" /></phr></stem><stem n="uniqueconstrainexampl"><phr n="UniqueConstrainExample"><ent r="4" t="67" w="153" /><ent r="4" t="67" w="202" /><ent r="4" t="67" w="281" /><ent r="4" t="67" w="333" /></phr></stem><stem n="uniqueconstrainexample.c"><phr n="UniqueConstrainExample.cs"><ent r="4" t="67" w="154" /><ent r="4" t="67" w="153" /><ent r="4" t="67" w="282" /><ent r="4" t="67" w="281" /></phr></stem><stem n="uniqueconstrainexample.vb"><phr n="UniqueConstrainExample.vb"><ent r="4" t="67" w="203" /><ent r="4" t="67" w="202" /><ent r="4" t="67" w="334" /><ent r="4" t="67" w="333" /></phr></stem><stem n="(42));"><phr n="(42));"><ent r="4" t="67" w="258" /><ent r="4" t="67" w="265" /><ent r="6" t="128" w="326" /><ent r="6" t="128" w="333" /></phr></stem><stem n="(uniquefieldvalueconstraintviolationexcept"><phr n="(UniqueFieldValueConstraintViolationException"><ent r="4" t="67" w="273" /><ent r="6" t="128" w="341" /></phr></stem><stem n="e.stacktrac"><phr n="e.StackTrace"><ent r="4" t="67" w="279" /><ent r="4" t="67" w="278" /><ent r="4" t="67" w="327" /><ent r="4" t="67" w="326" /></phr></stem><stem n="stacktrac"><phr n="StackTrace"><ent r="4" t="67" w="279" /><ent r="4" t="67" w="327" /></phr></stem><stem n=".out.writeline(e.stacktrace);"><phr n=".Out.WriteLine(e.StackTrace);"><ent r="4" t="67" w="280" /></phr></stem><stem n="(42))"><phr n="(42))"><ent r="4" t="67" w="303" /><ent r="4" t="67" w="310" /><ent r="6" t="128" w="383" /><ent r="6" t="128" w="390" /></phr></stem><stem n=".out.writeline(e.stacktrace)"><phr n=".Out.WriteLine(e.StackTrace)"><ent r="4" t="67" w="328" /></phr></stem><stem n="-server"><phr n="-Server"><ent r="92" t="67" w="348" /><ent r="92" t="67" w="348" /><ent r="126" t="208" w="102" /><ent r="126" t="208" w="102" /><ent r="1000" t="226" w="1" /><ent r="1000" t="226" w="1" /><ent r="100" t="226" w="6" /><ent r="100" t="226" w="6" /><ent r="102" t="226" w="9" /><ent r="102" t="226" w="9" /><ent r="1000" t="227" w="4" /><ent r="1000" t="227" w="4" /><ent r="102" t="227" w="11" /><ent r="102" t="227" w="11" /><ent r="1000" t="237" w="4" /><ent r="1000" t="237" w="4" /><ent r="102" t="237" w="15" /><ent r="102" t="237" w="15" /><ent r="1000" t="238" w="1" /><ent r="1000" t="238" w="1" /><ent r="102" t="238" w="7" /><ent r="102" t="238" w="7" /><ent r="92" t="282" w="345" /><ent r="92" t="282" w="345" /></phr><phr n="-server"><ent r="3" t="68" w="18" /><ent r="3" t="68" w="18" /><ent r="4" t="96" w="1003" /><ent r="4" t="96" w="1003" /><ent r="3" t="109" w="102" /><ent r="3" t="109" w="102" /><ent r="3" t="138" w="16" /><ent r="3" t="138" w="16" /><ent r="4" t="142" w="252" /><ent r="4" t="142" w="252" /><ent r="4" t="142" w="295" /><ent r="4" t="142" w="295" /><ent r="3" t="142" w="527" /><ent r="3" t="142" w="527" /><ent r="3" t="149" w="64" /><ent r="3" t="149" w="64" /><ent r="3" t="165" w="68" /><ent r="3" t="165" w="68" /><ent r="3" t="200" w="91" /><ent r="3" t="200" w="91" /><ent r="6" t="202" w="93" /><ent r="6" t="202" w="93" /><ent r="3" t="207" w="33" /><ent r="3" t="207" w="33" /><ent r="3" t="208" w="13" /><ent r="3" t="208" w="13" /><ent r="64" t="225" w="18" /><ent r="64" t="225" w="18" /><ent r="3" t="229" w="43" /><ent r="3" t="229" w="43" /><ent r="3" t="230" w="24" /><ent r="3" t="230" w="24" /><ent r="3" t="237" w="24" /><ent r="3" t="237" w="24" /><ent r="2" t="238" w="73" /><ent r="2" t="238" w="73" /><ent r="3" t="257" w="203" /><ent r="3" t="257" w="203" /><ent r="4" t="258" w="299" /><ent r="4" t="258" w="299" /><ent r="3" t="266" w="59" /><ent r="3" t="266" w="59" /><ent r="63" t="276" w="245" /><ent r="63" t="276" w="245" /><ent r="65" t="308" w="149" /><ent r="65" t="308" w="149" /></phr></stem></index>