﻿<?xml version="1.0" encoding="utf-8"?><index><stem n="replic"><phr n="replication"><ent r="4" t="0" w="327" /><ent r="3" t="3" w="79" /><ent r="3" t="4" w="583" /><ent r="3" t="7" w="308" /><ent r="64" t="69" w="355" /><ent r="64" t="180" w="22" /><ent r="3" t="181" w="35" /><ent r="6" t="209" w="236" /><ent r="6" t="209" w="245" /><ent r="64" t="215" w="20" /><ent r="4" t="305" w="232" /><ent r="4" t="306" w="228" /></phr><phr n="Replication"><ent r="65" t="0" w="337" /><ent r="8" t="5" w="275" /><ent r="1000" t="311" w="2" /><ent r="102" t="311" w="6" /><ent r="3" t="311" w="11" /></phr><phr n="replicate"><ent r="3" t="7" w="323" /></phr></stem><stem n="vod"><phr n="VOD"><ent r="4" t="0" w="330" /></phr></stem><stem n="hibern"><phr n="Hibernate"><ent r="4" t="0" w="332" /><ent r="3" t="2" w="142" /><ent r="65" t="263" w="55" /><ent r="65" t="263" w="68" /></phr></stem><stem n="document"><phr n="documentation"><ent r="65" t="0" w="339" /><ent r="3" t="9" w="190" /><ent r="3" t="9" w="196" /><ent r="3" t="9" w="218" /><ent r="3" t="18" w="687" /><ent r="65" t="237" w="136" /><ent r="3" t="262" w="34" /><ent r="64" t="262" w="159" /><ent r="64" t="265" w="52" /><ent r="64" t="265" w="686" /><ent r="6" t="299" w="456" /><ent r="3" t="306" w="48" /><ent r="3" t="306" w="55" /><ent r="3" t="311" w="23" /><ent r="3" t="315" w="42" /><ent r="64" t="315" w="190" /></phr><phr n="document"><ent r="3" t="270" w="119" /><ent r="3" t="303" w="24" /></phr></stem><stem n="join"><phr n="Join"><ent r="92" t="0" w="342" /><ent r="3" t="0" w="347" /><ent r="4" t="240" w="1043" /><ent r="5" t="240" w="1130" /><ent r="4" t="240" w="1210" /><ent r="5" t="240" w="1297" /><ent r="92" t="310" w="5" /><ent r="3" t="310" w="10" /></phr><phr n="joining"><ent r="3" t="290" w="231" /></phr></stem><stem n="commun"><phr n="Community"><ent r="92" t="0" w="345" /><ent r="2" t="4" w="102" /><ent r="1000" t="293" w="1" /><ent r="100" t="293" w="3" /><ent r="102" t="293" w="5" /><ent r="92" t="310" w="8" /></phr><phr n="community"><ent r="64" t="0" w="351" /><ent r="3" t="1" w="268" /><ent r="3" t="2" w="566" /><ent r="3" t="2" w="601" /><ent r="2" t="4" w="95" /><ent r="3" t="4" w="439" /><ent r="3" t="4" w="478" /><ent r="3" t="4" w="485" /><ent r="64" t="280" w="136" /><ent r="3" t="293" w="11" /><ent r="3" t="293" w="19" /><ent r="64" t="293" w="26" /><ent r="64" t="293" w="75" /><ent r="3" t="293" w="93" /><ent r="64" t="293" w="106" /><ent r="3" t="294" w="65" /><ent r="64" t="310" w="14" /></phr><phr n="communication"><ent r="3" t="4" w="183" /><ent r="3" t="200" w="93" /><ent r="3" t="203" w="21" /><ent r="3" t="203" w="127" /><ent r="3" t="207" w="35" /><ent r="3" t="208" w="15" /><ent r="4" t="227" w="317" /><ent r="3" t="232" w="331" /><ent r="3" t="237" w="26" /><ent r="3" t="237" w="45" /><ent r="4" t="237" w="61" /><ent r="4" t="237" w="71" /><ent r="2" t="238" w="60" /><ent r="3" t="238" w="96" /><ent r="3" t="238" w="258" /><ent r="3" t="238" w="300" /></phr><phr n="communicates"><ent r="3" t="65" w="292" /><ent r="3" t="203" w="83" /></phr><phr n="Communication"><ent r="100" t="208" w="4" /><ent r="64" t="208" w="105" /><ent r="1000" t="237" w="6" /><ent r="102" t="237" w="17" /><ent r="100" t="238" w="5" /></phr><phr n="communications"><ent r="2" t="238" w="22" /></phr></stem><stem n="addit"><phr n="additional"><ent r="3" t="0" w="354" /><ent r="3" t="7" w="134" /><ent r="3" t="8" w="345" /><ent r="3" t="9" w="294" /><ent r="3" t="9" w="302" /><ent r="3" t="29" w="552" /><ent r="3" t="32" w="168" /><ent r="6" t="37" w="163" /><ent r="6" t="37" w="203" /><ent r="3" t="61" w="13" /><ent r="3" t="61" w="85" /><ent r="3" t="65" w="133" /><ent r="3" t="80" w="114" /><ent r="3" t="90" w="173" /><ent r="6" t="92" w="312" /><ent r="3" t="94" w="30" /><ent r="3" t="96" w="30" /><ent r="3" t="99" w="34" /><ent r="3" t="99" w="54" /><ent r="3" t="105" w="204" /><ent r="3" t="134" w="58" /><ent r="3" t="143" w="419" /><ent r="3" t="143" w="425" /><ent r="3" t="148" w="25" /><ent r="3" t="157" w="12" /><ent r="3" t="179" w="511" /><ent r="3" t="188" w="121" /><ent r="3" t="193" w="45" /><ent r="3" t="197" w="74" /><ent r="3" t="198" w="73" /><ent r="3" t="206" w="78" /><ent r="3" t="231" w="86" /><ent r="4" t="237" w="274" /><ent r="3" t="240" w="665" /><ent r="3" t="246" w="121" /><ent r="3" t="246" w="140" /><ent r="3" t="246" w="153" /><ent r="3" t="247" w="20" /><ent r="8" t="247" w="82" /><ent r="8" t="247" w="90" /><ent r="8" t="247" w="147" /><ent r="3" t="248" w="49" /><ent r="3" t="255" w="95" /><ent r="3" t="270" w="485" /><ent r="3" t="272" w="336" /><ent r="3" t="285" w="116" /><ent r="3" t="285" w="167" /><ent r="3" t="293" w="39" /><ent r="3" t="303" w="188" /><ent r="4" t="308" w="227" /><ent r="4" t="308" w="252" /></phr><phr n="addition"><ent r="6" t="5" w="318" /><ent r="3" t="7" w="281" /><ent r="3" t="166" w="58" /></phr><phr n="Additional"><ent r="3" t="92" w="79" /><ent r="92" t="143" w="413" /><ent r="8" t="247" w="268" /><ent r="8" t="247" w="370" /><ent r="92" t="293" w="81" /><ent r="4" t="305" w="198" /><ent r="4" t="306" w="194" /></phr></stem><stem n="help"><phr n="help"><ent r="3" t="0" w="355" /><ent r="3" t="0" w="361" /><ent r="3" t="2" w="31" /><ent r="6" t="5" w="269" /><ent r="3" t="26" w="152" /><ent r="3" t="26" w="204" /><ent r="4" t="92" w="76" /><ent r="3" t="92" w="80" /><ent r="6" t="92" w="298" /><ent r="6" t="92" w="302" /><ent r="7" t="92" w="306" /><ent r="6" t="92" w="313" /><ent r="3" t="128" w="19" /><ent r="3" t="132" w="69" /><ent r="3" t="141" w="48" /><ent r="3" t="252" w="119" /><ent r="3" t="254" w="347" /><ent r="4" t="259" w="90" /><ent r="3" t="270" w="74" /><ent r="3" t="275" w="23" /><ent r="3" t="280" w="121" /><ent r="3" t="293" w="13" /><ent r="3" t="301" w="157" /><ent r="3" t="303" w="16" /><ent r="3" t="310" w="17" /><ent r="3" t="310" w="23" /><ent r="3" t="312" w="21" /></phr><phr n="helps"><ent r="3" t="8" w="302" /><ent r="3" t="77" w="51" /><ent r="3" t="106" w="14" /><ent r="3" t="131" w="16" /><ent r="3" t="200" w="88" /><ent r="3" t="227" w="44" /></phr><phr n="helpful"><ent r="3" t="160" w="19" /></phr><phr n="Help"><ent r="92" t="280" w="104" /></phr></stem><stem n="tip"><phr n="tips"><ent r="3" t="0" w="356" /><ent r="3" t="51" w="193" /><ent r="3" t="52" w="40" /><ent r="3" t="280" w="11" /><ent r="3" t="280" w="58" /><ent r="3" t="293" w="204" /><ent r="3" t="294" w="21" /><ent r="3" t="310" w="18" /></phr></stem><stem n="trick"><phr n="tricks"><ent r="3" t="0" w="358" /><ent r="3" t="293" w="206" /><ent r="3" t="294" w="23" /><ent r="3" t="310" w="20" /></phr></stem><stem n="ask"><phr n="Ask"><ent r="3" t="0" w="359" /><ent r="7" t="128" w="209" /><ent r="7" t="128" w="272" /><ent r="92" t="280" w="102" /><ent r="3" t="310" w="21" /></phr><phr n="ask"><ent r="3" t="70" w="47" /><ent r="3" t="70" w="247" /><ent r="3" t="70" w="252" /><ent r="3" t="70" w="296" /><ent r="3" t="72" w="12" /><ent r="3" t="280" w="119" /><ent r="3" t="293" w="54" /></phr><phr n="asking"><ent r="3" t="108" w="20" /></phr><phr n="asked"><ent r="65" t="309" w="120" /></phr></stem><stem n="forum"><phr n="forums"><ent r="64" t="0" w="366" /><ent r="64" t="280" w="126" /><ent r="3" t="280" w="132" /><ent r="3" t="293" w="36" /><ent r="3" t="293" w="65" /><ent r="3" t="293" w="71" /><ent r="3" t="293" w="200" /><ent r="3" t="294" w="69" /><ent r="64" t="294" w="110" /><ent r="64" t="310" w="28" /></phr><phr n="Forums"><ent r="92" t="280" w="110" /><ent r="64" t="280" w="139" /><ent r="92" t="293" w="48" /><ent r="64" t="293" w="78" /></phr><phr n="forum"><ent r="64" t="293" w="167" /></phr></stem><stem n="ani"><phr n="any"><ent r="3" t="0" w="369" /><ent r="3" t="2" w="489" /><ent r="3" t="4" w="695" /><ent r="6" t="5" w="348" /><ent r="3" t="7" w="702" /><ent r="3" t="14" w="1590" /><ent r="3" t="14" w="1614" /><ent r="3" t="18" w="838" /><ent r="3" t="20" w="58" /><ent r="5" t="20" w="507" /><ent r="3" t="21" w="74" /><ent r="3" t="27" w="814" /><ent r="3" t="28" w="912" /><ent r="3" t="28" w="942" /><ent r="3" t="28" w="1075" /><ent r="3" t="29" w="745" /><ent r="3" t="31" w="1786" /><ent r="3" t="31" w="1810" /><ent r="4" t="33" w="180" /><ent r="3" t="34" w="41" /><ent r="3" t="35" w="76" /><ent r="3" t="40" w="201" /><ent r="3" t="40" w="216" /><ent r="3" t="48" w="99" /><ent r="3" t="48" w="145" /><ent r="3" t="49" w="446" /><ent r="3" t="55" w="70" /><ent r="3" t="62" w="134" /><ent r="3" t="62" w="141" /><ent r="3" t="67" w="243" /><ent r="5" t="70" w="361" /><ent r="5" t="70" w="498" /><ent r="3" t="71" w="85" /><ent r="64" t="76" w="54" /><ent r="3" t="78" w="72" /><ent r="3" t="92" w="56" /><ent r="3" t="99" w="33" /><ent r="4" t="102" w="92" /><ent r="4" t="102" w="141" /><ent r="4" t="102" w="168" /><ent r="3" t="103" w="28" /><ent r="3" t="103" w="31" /><ent r="3" t="103" w="148" /><ent r="3" t="104" w="33" /><ent r="3" t="107" w="38" /><ent r="3" t="112" w="229" /><ent r="3" t="114" w="833" /><ent r="3" t="116" w="236" /><ent r="3" t="118" w="138" /><ent r="4" t="119" w="114" /><ent r="4" t="120" w="259" /><ent r="3" t="121" w="28" /><ent r="3" t="123" w="48" /><ent r="3" t="126" w="185" /><ent r="3" t="127" w="172" /><ent r="4" t="131" w="182" /><ent r="3" t="153" w="81" /><ent r="3" t="158" w="118" /><ent r="3" t="163" w="33" /><ent r="4" t="166" w="206" /><ent r="3" t="169" w="53" /><ent r="3" t="183" w="23" /><ent r="3" t="188" w="120" /><ent r="3" t="191" w="333" /><ent r="3" t="192" w="19" /><ent r="4" t="227" w="297" /><ent r="3" t="228" w="82" /><ent r="3" t="229" w="75" /><ent r="3" t="229" w="241" /><ent r="3" t="231" w="85" /><ent r="3" t="232" w="388" /><ent r="3" t="233" w="361" /><ent r="3" t="238" w="240" /><ent r="3" t="239" w="25" /><ent r="3" t="241" w="12" /><ent r="3" t="242" w="38" /><ent r="64" t="243" w="216" /><ent r="3" t="244" w="67" /><ent r="3" t="244" w="334" /><ent r="3" t="244" w="383" /><ent r="3" t="248" w="59" /><ent r="3" t="261" w="56" /><ent r="3" t="261" w="69" /><ent r="3" t="261" w="87" /><ent r="3" t="263" w="13" /><ent r="3" t="272" w="33" /><ent r="3" t="272" w="137" /><ent r="3" t="272" w="335" /><ent r="3" t="273" w="87" /><ent r="3" t="276" w="141" /><ent r="64" t="281" w="54" /><ent r="3" t="281" w="159" /><ent r="3" t="281" w="211" /><ent r="3" t="289" w="34" /><ent r="3" t="290" w="60" /><ent r="3" t="292" w="26" /><ent r="4" t="308" w="59" /><ent r="3" t="310" w="31" /></phr><phr n="Any"><ent r="3" t="4" w="359" /><ent r="3" t="14" w="1170" /><ent r="4" t="14" w="1311" /><ent r="5" t="14" w="1355" /><ent r="3" t="31" w="1272" /><ent r="4" t="103" w="118" /><ent r="4" t="103" w="152" /><ent r="3" t="126" w="127" /><ent r="3" t="235" w="65" /><ent r="3" t="236" w="87" /><ent r="3" t="284" w="180" /><ent r="3" t="302" w="107" /></phr></stem><stem n="if"><phr n="If"><ent r="3" t="0" w="371" /><ent r="3" t="6" w="103" /><ent r="3" t="9" w="115" /><ent r="3" t="14" w="394" /><ent r="3" t="18" w="872" /><ent r="3" t="21" w="71" /><ent r="5" t="21" w="279" /><ent r="5" t="21" w="329" /><ent r="3" t="22" w="51" /><ent r="3" t="23" w="59" /><ent r="3" t="23" w="90" /><ent r="3" t="24" w="374" /><ent r="3" t="31" w="325" /><ent r="5" t="31" w="1699" /><ent r="5" t="31" w="1724" /><ent r="5" t="31" w="1744" /><ent r="5" t="31" w="1748" /><ent r="3" t="32" w="71" /><ent r="3" t="32" w="147" /><ent r="3" t="32" w="167" /><ent r="4" t="33" w="89" /><ent r="3" t="34" w="91" /><ent r="3" t="34" w="296" /><ent r="6" t="37" w="166" /><ent r="6" t="37" w="178" /><ent r="6" t="37" w="206" /><ent r="3" t="37" w="251" /><ent r="3" t="38" w="67" /><ent r="3" t="40" w="130" /><ent r="3" t="41" w="80" /><ent r="3" t="41" w="235" /><ent r="3" t="42" w="700" /><ent r="3" t="42" w="717" /><ent r="3" t="44" w="124" /><ent r="3" t="44" w="298" /><ent r="5" t="49" w="584" /><ent r="5" t="49" w="601" /><ent r="5" t="49" w="603" /><ent r="5" t="49" w="640" /><ent r="5" t="49" w="669" /><ent r="5" t="49" w="687" /><ent r="5" t="50" w="550" /><ent r="5" t="50" w="593" /><ent r="3" t="55" w="254" /><ent r="3" t="58" w="200" /><ent r="4" t="59" w="341" /><ent r="5" t="60" w="278" /><ent r="5" t="60" w="313" /><ent r="5" t="63" w="165" /><ent r="5" t="63" w="203" /><ent r="3" t="65" w="16" /><ent r="3" t="66" w="132" /><ent r="3" t="67" w="240" /><ent r="3" t="69" w="49" /><ent r="3" t="78" w="104" /><ent r="3" t="79" w="100" /><ent r="3" t="79" w="184" /><ent r="3" t="87" w="37" /><ent r="5" t="96" w="443" /><ent r="5" t="96" w="470" /><ent r="5" t="96" w="489" /><ent r="5" t="96" w="493" /><ent r="3" t="99" w="67" /><ent r="5" t="99" w="379" /><ent r="5" t="99" w="395" /><ent r="5" t="99" w="573" /><ent r="5" t="99" w="591" /><ent r="5" t="99" w="740" /><ent r="5" t="99" w="755" /><ent r="5" t="99" w="789" /><ent r="5" t="99" w="839" /><ent r="5" t="100" w="191" /><ent r="5" t="100" w="244" /><ent r="5" t="100" w="260" /><ent r="5" t="100" w="264" /><ent r="3" t="103" w="205" /><ent r="3" t="106" w="126" /><ent r="3" t="108" w="9" /><ent r="5" t="112" w="914" /><ent r="5" t="112" w="928" /><ent r="5" t="112" w="994" /><ent r="5" t="112" w="1008" /><ent r="5" t="112" w="1022" /><ent r="5" t="112" w="1289" /><ent r="3" t="114" w="115" /><ent r="3" t="114" w="689" /><ent r="4" t="115" w="59" /><ent r="5" t="116" w="93" /><ent r="3" t="116" w="238" /><ent r="5" t="121" w="486" /><ent r="5" t="121" w="522" /><ent r="5" t="121" w="548" /><ent r="5" t="121" w="552" /><ent r="6" t="128" w="101" /><ent r="6" t="128" w="159" /><ent r="3" t="129" w="224" /><ent r="3" t="131" w="111" /><ent r="3" t="131" w="125" /><ent r="3" t="134" w="245" /><ent r="3" t="135" w="131" /><ent r="3" t="137" w="151" /><ent r="3" t="139" w="133" /><ent r="4" t="140" w="202" /><ent r="5" t="141" w="316" /><ent r="5" t="141" w="330" /><ent r="3" t="147" w="34" /><ent r="4" t="165" w="176" /><ent r="5" t="166" w="299" /><ent r="3" t="169" w="133" /><ent r="3" t="176" w="110" /><ent r="3" t="178" w="70" /><ent r="3" t="179" w="482" /><ent r="3" t="188" w="577" /><ent r="4" t="193" w="362" /><ent r="4" t="193" w="373" /><ent r="4" t="227" w="274" /><ent r="8" t="228" w="125" /><ent r="3" t="233" w="52" /><ent r="5" t="235" w="218" /><ent r="5" t="235" w="245" /><ent r="4" t="238" w="359" /><ent r="4" t="238" w="369" /><ent r="3" t="239" w="88" /><ent r="3" t="240" w="145" /><ent r="5" t="240" w="1113" /><ent r="5" t="240" w="1138" /><ent r="5" t="240" w="1155" /><ent r="5" t="240" w="1176" /><ent r="5" t="240" w="1305" /><ent r="5" t="240" w="1326" /><ent r="5" t="240" w="1343" /><ent r="5" t="240" w="1362" /><ent r="5" t="241" w="386" /><ent r="5" t="241" w="426" /><ent r="5" t="241" w="540" /><ent r="5" t="241" w="558" /><ent r="4" t="242" w="135" /><ent r="3" t="243" w="306" /><ent r="5" t="244" w="174" /><ent r="5" t="244" w="200" /><ent r="3" t="253" w="326" /><ent r="3" t="254" w="50" /><ent r="5" t="254" w="264" /><ent r="5" t="254" w="306" /><ent r="4" t="258" w="123" /><ent r="3" t="268" w="342" /><ent r="4" t="269" w="57" /><ent r="4" t="276" w="49" /><ent r="4" t="276" w="76" /><ent r="3" t="276" w="161" /><ent r="3" t="277" w="75" /><ent r="3" t="280" w="80" /><ent r="3" t="280" w="112" /><ent r="3" t="281" w="59" /><ent r="3" t="281" w="88" /><ent r="3" t="282" w="222" /><ent r="3" t="282" w="241" /><ent r="3" t="283" w="130" /><ent r="3" t="285" w="15" /><ent r="3" t="285" w="100" /><ent r="3" t="285" w="146" /><ent r="4" t="286" w="147" /><ent r="4" t="287" w="78" /><ent r="3" t="289" w="21" /><ent r="3" t="290" w="175" /><ent r="3" t="292" w="37" /><ent r="3" t="293" w="134" /><ent r="3" t="294" w="70" /><ent r="3" t="301" w="143" /><ent r="3" t="305" w="9" /><ent r="3" t="306" w="504" /><ent r="3" t="307" w="40" /><ent r="3" t="309" w="98" /><ent r="3" t="310" w="33" /></phr><phr n="if"><ent r="3" t="6" w="27" /><ent r="3" t="7" w="127" /><ent r="3" t="7" w="539" /><ent r="3" t="15" w="408" /><ent r="3" t="17" w="71" /><ent r="3" t="17" w="91" /><ent r="5" t="21" w="202" /><ent r="5" t="21" w="220" /><ent r="3" t="27" w="321" /><ent r="3" t="27" w="760" /><ent r="3" t="27" w="798" /><ent r="5" t="27" w="1134" /><ent r="5" t="27" w="1199" /><ent r="3" t="28" w="76" /><ent r="3" t="28" w="354" /><ent r="5" t="28" w="730" /><ent r="5" t="28" w="802" /><ent r="3" t="28" w="1064" /><ent r="5" t="31" w="1630" /><ent r="5" t="31" w="1649" /><ent r="3" t="35" w="21" /><ent r="3" t="39" w="66" /><ent r="4" t="39" w="298" /><ent r="3" t="40" w="34" /><ent r="3" t="44" w="119" /><ent r="3" t="45" w="50" /><ent r="5" t="49" w="487" /><ent r="5" t="49" w="498" /><ent r="5" t="49" w="541" /><ent r="3" t="50" w="472" /><ent r="5" t="50" w="500" /><ent r="3" t="55" w="34" /><ent r="5" t="60" w="212" /><ent r="3" t="61" w="120" /><ent r="3" t="63" w="17" /><ent r="3" t="63" w="37" /><ent r="5" t="63" w="58" /><ent r="5" t="63" w="74" /><ent r="5" t="63" w="144" /><ent r="3" t="64" w="84" /><ent r="3" t="66" w="585" /><ent r="5" t="70" w="381" /><ent r="5" t="70" w="411" /><ent r="5" t="70" w="523" /><ent r="5" t="70" w="558" /><ent r="3" t="70" w="620" /><ent r="3" t="71" w="69" /><ent r="3" t="71" w="92" /><ent r="3" t="86" w="30" /><ent r="3" t="90" w="184" /><ent r="6" t="92" w="182" /><ent r="5" t="93" w="111" /><ent r="5" t="96" w="348" /><ent r="5" t="96" w="362" /><ent r="3" t="96" w="675" /><ent r="5" t="99" w="289" /><ent r="5" t="99" w="490" /><ent r="3" t="99" w="634" /><ent r="5" t="99" w="648" /><ent r="5" t="99" w="670" /><ent r="5" t="99" w="684" /><ent r="5" t="99" w="929" /><ent r="3" t="100" w="47" /><ent r="3" t="100" w="58" /><ent r="5" t="100" w="102" /><ent r="5" t="100" w="135" /><ent r="4" t="102" w="167" /><ent r="3" t="106" w="330" /><ent r="3" t="109" w="56" /><ent r="3" t="109" w="272" /><ent r="3" t="112" w="43" /><ent r="5" t="112" w="467" /><ent r="5" t="112" w="480" /><ent r="5" t="112" w="517" /><ent r="5" t="112" w="530" /><ent r="5" t="112" w="543" /><ent r="5" t="112" w="1227" /><ent r="5" t="112" w="1244" /><ent r="3" t="115" w="29" /><ent r="3" t="117" w="689" /><ent r="4" t="120" w="258" /><ent r="5" t="121" w="318" /><ent r="5" t="121" w="344" /><ent r="3" t="122" w="67" /><ent r="3" t="126" w="57" /><ent r="3" t="127" w="177" /><ent r="3" t="127" w="193" /><ent r="5" t="141" w="186" /><ent r="6" t="143" w="370" /><ent r="3" t="147" w="30" /><ent r="3" t="165" w="148" /><ent r="3" t="172" w="41" /><ent r="3" t="181" w="22" /><ent r="4" t="193" w="116" /><ent r="3" t="193" w="580" /><ent r="3" t="224" w="300" /><ent r="3" t="229" w="38" /><ent r="4" t="231" w="153" /><ent r="5" t="235" w="133" /><ent r="6" t="237" w="370" /><ent r="6" t="237" w="451" /><ent r="4" t="238" w="125" /><ent r="4" t="238" w="218" /><ent r="3" t="238" w="294" /><ent r="3" t="240" w="645" /><ent r="5" t="240" w="1034" /><ent r="5" t="240" w="1056" /><ent r="5" t="240" w="1214" /><ent r="5" t="240" w="1236" /><ent r="5" t="241" w="172" /><ent r="5" t="241" w="268" /><ent r="3" t="243" w="151" /><ent r="5" t="244" w="157" /><ent r="5" t="244" w="237" /><ent r="5" t="244" w="254" /><ent r="3" t="244" w="359" /><ent r="5" t="251" w="305" /><ent r="3" t="254" w="44" /><ent r="5" t="254" w="119" /><ent r="5" t="254" w="127" /><ent r="5" t="254" w="135" /><ent r="5" t="254" w="256" /><ent r="5" t="254" w="276" /><ent r="5" t="257" w="273" /><ent r="5" t="257" w="359" /><ent r="4" t="259" w="91" /><ent r="3" t="281" w="143" /><ent r="3" t="281" w="166" /><ent r="4" t="287" w="55" /><ent r="3" t="292" w="76" /><ent r="3" t="293" w="149" /><ent r="3" t="294" w="91" /><ent r="6" t="300" w="332" /><ent r="6" t="300" w="335" /><ent r="6" t="300" w="341" /><ent r="3" t="301" w="64" /><ent r="3" t="307" w="131" /></phr></stem><stem n="want"><phr n="want"><ent r="3" t="0" w="373" /><ent r="3" t="6" w="105" /><ent r="3" t="10" w="476" /><ent r="3" t="12" w="264" /><ent r="3" t="18" w="678" /><ent r="3" t="21" w="116" /><ent r="3" t="34" w="298" /><ent r="3" t="34" w="458" /><ent r="3" t="34" w="478" /><ent r="3" t="34" w="507" /><ent r="3" t="41" w="237" /><ent r="3" t="42" w="727" /><ent r="3" t="42" w="797" /><ent r="3" t="44" w="227" /><ent r="3" t="44" w="300" /><ent r="3" t="49" w="999" /><ent r="3" t="56" w="321" /><ent r="3" t="58" w="202" /><ent r="3" t="63" w="14" /><ent r="3" t="64" w="38" /><ent r="3" t="65" w="18" /><ent r="3" t="66" w="60" /><ent r="3" t="66" w="134" /><ent r="3" t="68" w="76" /><ent r="3" t="73" w="207" /><ent r="3" t="74" w="20" /><ent r="3" t="74" w="102" /><ent r="3" t="79" w="108" /><ent r="3" t="79" w="186" /><ent r="3" t="86" w="32" /><ent r="3" t="87" w="39" /><ent r="3" t="90" w="166" /><ent r="3" t="96" w="520" /><ent r="3" t="112" w="45" /><ent r="3" t="112" w="259" /><ent r="3" t="112" w="1157" /><ent r="4" t="115" w="52" /><ent r="3" t="117" w="28" /><ent r="3" t="121" w="91" /><ent r="3" t="121" w="135" /><ent r="3" t="122" w="189" /><ent r="3" t="124" w="42" /><ent r="3" t="125" w="44" /><ent r="4" t="133" w="205" /><ent r="4" t="133" w="388" /><ent r="4" t="133" w="418" /><ent r="3" t="135" w="144" /><ent r="3" t="147" w="80" /><ent r="3" t="169" w="135" /><ent r="3" t="176" w="112" /><ent r="3" t="179" w="484" /><ent r="3" t="223" w="289" /><ent r="3" t="226" w="55" /><ent r="3" t="227" w="355" /><ent r="3" t="227" w="363" /><ent r="3" t="233" w="151" /><ent r="3" t="233" w="390" /><ent r="3" t="236" w="81" /><ent r="4" t="237" w="123" /><ent r="3" t="240" w="147" /><ent r="3" t="240" w="342" /><ent r="5" t="240" w="379" /><ent r="5" t="240" w="434" /><ent r="3" t="240" w="628" /><ent r="3" t="240" w="762" /><ent r="3" t="243" w="144" /><ent r="3" t="255" w="45" /><ent r="3" t="256" w="25" /><ent r="3" t="261" w="8" /><ent r="3" t="262" w="94" /><ent r="3" t="262" w="106" /><ent r="3" t="263" w="105" /><ent r="3" t="265" w="458" /><ent r="3" t="284" w="54" /><ent r="3" t="285" w="148" /><ent r="3" t="285" w="184" /><ent r="4" t="286" w="100" /><ent r="3" t="290" w="177" /><ent r="3" t="293" w="157" /><ent r="3" t="294" w="102" /><ent r="3" t="297" w="105" /><ent r="3" t="298" w="106" /><ent r="3" t="301" w="150" /><ent r="3" t="305" w="18" /><ent r="3" t="309" w="213" /><ent r="3" t="309" w="220" /><ent r="3" t="310" w="35" /><ent r="3" t="315" w="102" /></phr></stem><stem n="stai"><phr n="stay"><ent r="3" t="0" w="375" /><ent r="3" t="7" w="155" /><ent r="4" t="167" w="172" /><ent r="3" t="293" w="88" /><ent r="3" t="310" w="37" /></phr><phr n="stays"><ent r="4" t="33" w="121" /><ent r="4" t="106" w="44" /><ent r="3" t="188" w="254" /></phr></stem><stem n="subscrib"><phr n="subscribe"><ent r="3" t="0" w="377" /><ent r="3" t="293" w="98" /><ent r="3" t="310" w="39" /></phr><phr n="subscribers"><ent r="4" t="102" w="85" /><ent r="4" t="102" w="116" /><ent r="4" t="102" w="126" /><ent r="4" t="102" w="150" /></phr><phr n="subscribed"><ent r="6" t="300" w="326" /></phr></stem><stem n="our"><phr n="our"><ent r="3" t="0" w="379" /><ent r="3" t="45" w="55" /><ent r="3" t="45" w="342" /><ent r="3" t="74" w="789" /><ent r="3" t="75" w="682" /><ent r="4" t="112" w="1402" /><ent r="4" t="112" w="1437" /><ent r="4" t="113" w="87" /><ent r="64" t="293" w="186" /><ent r="3" t="294" w="46" /><ent r="3" t="295" w="51" /><ent r="3" t="302" w="90" /><ent r="3" t="305" w="29" /><ent r="3" t="305" w="49" /><ent r="3" t="307" w="24" /><ent r="3" t="307" w="112" /><ent r="3" t="309" w="265" /><ent r="3" t="310" w="85" /></phr></stem><stem n="blog"><phr n="blogs"><ent r="64" t="0" w="381" /><ent r="3" t="293" w="103" /><ent r="64" t="310" w="43" /></phr><phr n="blog"><ent r="3" t="24" w="758" /><ent r="3" t="24" w="861" /><ent r="3" t="293" w="37" /></phr><phr n="Blogs"><ent r="64" t="293" w="109" /></phr></stem><stem n="philosophi"><phr n="Philosophy"><ent r="1000" t="1" w="2" /><ent r="102" t="1" w="5" /></phr></stem><stem n="sponsor"><phr n="sponsored"><ent r="3" t="1" w="11" /></phr></stem><stem n="-held"><phr n="-held"><ent r="3" t="1" w="20" /><ent r="3" t="1" w="20" /></phr></stem><stem n="publicli"><phr n="publicly"><ent r="3" t="1" w="20" /></phr></stem><stem n="publicly-held"><phr n="publicly-held"><ent r="3" t="1" w="20" /></phr></stem><stem n="held"><phr n="held"><ent r="3" t="1" w="21" /></phr></stem><stem n="compani"><phr n="company"><ent r="3" t="1" w="22" /></phr><phr n="companies"><ent r="3" t="1" w="71" /><ent r="3" t="1" w="186" /><ent r="3" t="3" w="30" /><ent r="3" t="4" w="237" /><ent r="3" t="7" w="145" /></phr><phr n="Company"><ent r="3" t="147" w="201" /><ent r="3" t="147" w="215" /></phr></stem><stem n="nasd"><phr n="NASD"><ent r="3" t="1" w="23" /></phr></stem><stem n="vsnt"><phr n="VSNT"><ent r="3" t="1" w="24" /></phr></stem><stem n="(nasd:vsnt)"><phr n="(NASD:VSNT)"><ent r="3" t="1" w="25" /></phr></stem><stem n="base"><phr n="based"><ent r="3" t="1" w="25" /><ent r="3" t="2" w="368" /><ent r="3" t="2" w="640" /><ent r="3" t="7" w="248" /><ent r="3" t="39" w="71" /><ent r="3" t="39" w="209" /><ent r="4" t="39" w="266" /><ent r="3" t="39" w="398" /><ent r="3" t="67" w="80" /><ent r="3" t="111" w="24" /><ent r="3" t="165" w="97" /><ent r="3" t="185" w="68" /><ent r="6" t="270" w="377" /></phr><phr n="base"><ent r="3" t="39" w="53" /><ent r="3" t="108" w="45" /><ent r="3" t="187" w="8" /><ent r="5" t="190" w="413" /><ent r="5" t="190" w="436" /><ent r="3" t="192" w="88" /><ent r="3" t="193" w="16" /><ent r="4" t="193" w="83" /><ent r="4" t="193" w="96" /><ent r="4" t="193" w="113" /><ent r="4" t="193" w="149" /><ent r="4" t="193" w="154" /><ent r="4" t="193" w="164" /><ent r="4" t="193" w="212" /><ent r="4" t="193" w="250" /><ent r="4" t="193" w="275" /><ent r="4" t="193" w="410" /><ent r="8" t="228" w="182" /><ent r="3" t="245" w="34" /><ent r="3" t="262" w="96" /><ent r="3" t="301" w="91" /><ent r="3" t="303" w="53" /></phr><phr n="Base"><ent r="3" t="127" w="124" /></phr><phr n="Based"><ent r="92" t="224" w="375" /></phr></stem><stem n="redwood"><phr n="Redwood"><ent r="3" t="1" w="27" /><ent r="3" t="310" w="60" /></phr></stem><stem n="citi"><phr n="City"><ent r="3" t="1" w="28" /><ent r="4" t="59" w="125" /><ent r="4" t="59" w="149" /><ent r="4" t="223" w="155" /><ent r="4" t="223" w="179" /><ent r="3" t="310" w="61" /></phr><phr n="city"><ent r="4" t="109" w="305" /><ent r="4" t="109" w="342" /><ent r="4" t="109" w="368" /><ent r="4" t="109" w="410" /><ent r="4" t="109" w="451" /></phr></stem><stem n="california"><phr n="California"><ent r="3" t="1" w="29" /></phr></stem><stem n="lead"><phr n="leading"><ent r="3" t="1" w="33" /><ent r="3" t="2" w="434" /><ent r="3" t="7" w="551" /></phr><phr n="lead"><ent r="3" t="55" w="31" /><ent r="3" t="55" w="54" /><ent r="3" t="74" w="260" /><ent r="3" t="112" w="215" /><ent r="5" t="116" w="143" /><ent r="3" t="126" w="172" /><ent r="3" t="149" w="38" /><ent r="3" t="191" w="161" /><ent r="3" t="218" w="60" /><ent r="8" t="228" w="165" /><ent r="3" t="233" w="108" /></phr><phr n="leads"><ent r="3" t="224" w="416" /><ent r="3" t="284" w="232" /></phr></stem></index>