﻿<?xml version="1.0" encoding="utf-8"?><index><stem n="'t"><phr n="'t"><ent r="4" t="6" w="150" /><ent r="3" t="8" w="32" /><ent r="3" t="8" w="343" /><ent r="3" t="14" w="1204" /><ent r="3" t="14" w="1415" /><ent r="3" t="14" w="1612" /><ent r="3" t="17" w="51" /><ent r="3" t="17" w="67" /><ent r="3" t="17" w="87" /><ent r="4" t="20" w="529" /><ent r="3" t="21" w="69" /><ent r="3" t="21" w="84" /><ent r="3" t="21" w="129" /><ent r="3" t="21" w="388" /><ent r="3" t="21" w="410" /><ent r="3" t="22" w="58" /><ent r="3" t="22" w="206" /><ent r="3" t="23" w="63" /><ent r="3" t="24" w="38" /><ent r="3" t="24" w="56" /><ent r="3" t="24" w="62" /><ent r="3" t="24" w="69" /><ent r="3" t="28" w="1068" /><ent r="3" t="28" w="1073" /><ent r="5" t="28" w="1101" /><ent r="5" t="28" w="1113" /><ent r="5" t="28" w="1169" /><ent r="5" t="28" w="1181" /><ent r="3" t="31" w="1468" /><ent r="3" t="31" w="1808" /><ent r="4" t="33" w="70" /><ent r="3" t="34" w="282" /><ent r="6" t="37" w="85" /><ent r="6" t="37" w="135" /><ent r="6" t="37" w="210" /><ent r="3" t="37" w="222" /><ent r="3" t="38" w="19" /><ent r="3" t="38" w="458" /><ent r="3" t="39" w="19" /><ent r="3" t="39" w="169" /><ent r="3" t="40" w="133" /><ent r="3" t="42" w="349" /><ent r="3" t="42" w="726" /><ent r="4" t="46" w="157" /><ent r="4" t="46" w="311" /><ent r="3" t="47" w="25" /><ent r="4" t="47" w="80" /><ent r="3" t="48" w="75" /><ent r="3" t="48" w="95" /><ent r="3" t="48" w="143" /><ent r="5" t="49" w="1102" /><ent r="5" t="49" w="1250" /><ent r="3" t="51" w="49" /><ent r="4" t="53" w="484" /><ent r="3" t="54" w="31" /><ent r="3" t="54" w="38" /><ent r="3" t="55" w="175" /><ent r="3" t="56" w="328" /><ent r="3" t="56" w="341" /><ent r="3" t="57" w="22" /><ent r="3" t="58" w="13" /><ent r="4" t="58" w="112" /><ent r="4" t="58" w="182" /><ent r="3" t="60" w="142" /><ent r="3" t="60" w="168" /><ent r="5" t="60" w="225" /><ent r="5" t="60" w="296" /><ent r="3" t="62" w="116" /><ent r="5" t="63" w="107" /><ent r="5" t="63" w="197" /><ent r="3" t="66" w="78" /><ent r="3" t="66" w="331" /><ent r="3" t="66" w="339" /><ent r="5" t="66" w="447" /><ent r="5" t="66" w="515" /><ent r="3" t="69" w="211" /><ent r="5" t="69" w="240" /><ent r="5" t="69" w="301" /><ent r="3" t="69" w="361" /><ent r="3" t="69" w="558" /><ent r="5" t="69" w="582" /><ent r="5" t="69" w="633" /><ent r="3" t="70" w="312" /><ent r="3" t="71" w="60" /><ent r="3" t="71" w="83" /><ent r="3" t="73" w="249" /><ent r="3" t="79" w="133" /><ent r="3" t="83" w="23" /><ent r="3" t="83" w="78" /><ent r="3" t="90" w="165" /><ent r="3" t="90" w="178" /><ent r="6" t="92" w="265" /><ent r="3" t="96" w="324" /><ent r="3" t="96" w="662" /><ent r="5" t="96" w="754" /><ent r="5" t="96" w="909" /><ent r="3" t="99" w="31" /><ent r="3" t="99" w="1037" /><ent r="3" t="100" w="378" /><ent r="3" t="103" w="144" /><ent r="4" t="103" w="167" /><ent r="4" t="106" w="102" /><ent r="3" t="107" w="121" /><ent r="3" t="108" w="38" /><ent r="3" t="109" w="41" /><ent r="3" t="114" w="138" /><ent r="3" t="114" w="962" /><ent r="4" t="115" w="41" /><ent r="4" t="115" w="51" /><ent r="3" t="116" w="232" /><ent r="3" t="118" w="143" /><ent r="3" t="118" w="184" /><ent r="3" t="122" w="17" /><ent r="3" t="122" w="375" /><ent r="3" t="123" w="36" /><ent r="3" t="123" w="82" /><ent r="3" t="124" w="63" /><ent r="3" t="124" w="312" /><ent r="3" t="125" w="63" /><ent r="3" t="125" w="322" /><ent r="3" t="126" w="48" /><ent r="7" t="128" w="203" /><ent r="7" t="128" w="266" /><ent r="3" t="134" w="150" /><ent r="4" t="140" w="189" /><ent r="4" t="140" w="246" /><ent r="4" t="140" w="283" /><ent r="4" t="140" w="414" /><ent r="4" t="140" w="437" /><ent r="4" t="140" w="464" /><ent r="4" t="140" w="492" /><ent r="3" t="145" w="113" /><ent r="2" t="146" w="67" /><ent r="3" t="146" w="144" /><ent r="3" t="151" w="60" /><ent r="3" t="151" w="68" /><ent r="3" t="153" w="79" /><ent r="3" t="161" w="38" /><ent r="3" t="165" w="114" /><ent r="3" t="174" w="160" /><ent r="3" t="179" w="81" /><ent r="3" t="179" w="368" /><ent r="3" t="179" w="455" /><ent r="3" t="183" w="21" /><ent r="3" t="206" w="26" /><ent r="3" t="207" w="26" /><ent r="6" t="209" w="214" /><ent r="2" t="212" w="38" /><ent r="3" t="218" w="13" /><ent r="3" t="218" w="53" /><ent r="3" t="221" w="13" /><ent r="2" t="223" w="471" /><ent r="3" t="227" w="86" /><ent r="4" t="227" w="293" /><ent r="3" t="227" w="354" /><ent r="3" t="227" w="410" /><ent r="4" t="231" w="131" /><ent r="4" t="231" w="144" /><ent r="3" t="231" w="218" /><ent r="3" t="232" w="37" /><ent r="3" t="232" w="93" /><ent r="3" t="232" w="174" /><ent r="3" t="233" w="55" /><ent r="3" t="233" w="136" /><ent r="3" t="233" w="389" /><ent r="5" t="233" w="459" /><ent r="5" t="233" w="547" /><ent r="2" t="238" w="42" /><ent r="3" t="239" w="23" /><ent r="3" t="241" w="10" /><ent r="3" t="243" w="143" /><ent r="3" t="243" w="154" /><ent r="3" t="243" w="299" /><ent r="3" t="244" w="72" /><ent r="3" t="244" w="332" /><ent r="3" t="247" w="210" /><ent r="3" t="247" w="304" /><ent r="8" t="247" w="367" /><ent r="3" t="248" w="144" /><ent r="5" t="248" w="176" /><ent r="5" t="248" w="237" /><ent r="3" t="249" w="190" /><ent r="5" t="249" w="216" /><ent r="5" t="249" w="267" /><ent r="3" t="251" w="158" /><ent r="3" t="252" w="47" /><ent r="3" t="253" w="28" /><ent r="4" t="253" w="148" /><ent r="4" t="253" w="292" /><ent r="3" t="259" w="54" /><ent r="3" t="261" w="54" /><ent r="3" t="263" w="11" /><ent r="5" t="263" w="273" /><ent r="5" t="263" w="345" /><ent r="4" t="268" w="455" /><ent r="4" t="273" w="103" /><ent r="3" t="275" w="129" /><ent r="4" t="275" w="265" /><ent r="4" t="275" w="419" /><ent r="3" t="281" w="134" /><ent r="3" t="281" w="157" /><ent r="3" t="281" w="209" /><ent r="5" t="281" w="383" /><ent r="5" t="281" w="502" /><ent r="3" t="282" w="53" /><ent r="4" t="286" w="150" /><ent r="4" t="286" w="215" /><ent r="3" t="289" w="24" /><ent r="3" t="292" w="105" /><ent r="3" t="292" w="238" /><ent r="3" t="294" w="73" /><ent r="6" t="299" w="376" /><ent r="6" t="300" w="543" /><ent r="4" t="308" w="57" /><ent r="4" t="308" w="98" /><ent r="4" t="308" w="195" /><ent r="4" t="308" w="329" /></phr></stem><stem n="don't"><phr n="don't"><ent r="4" t="6" w="150" /><ent r="4" t="6" w="149" /><ent r="3" t="22" w="206" /><ent r="3" t="22" w="205" /><ent r="5" t="28" w="1113" /><ent r="5" t="28" w="1112" /><ent r="5" t="28" w="1181" /><ent r="5" t="28" w="1180" /><ent r="3" t="37" w="222" /><ent r="3" t="37" w="221" /><ent r="3" t="38" w="19" /><ent r="3" t="38" w="18" /><ent r="3" t="42" w="726" /><ent r="3" t="42" w="725" /><ent r="3" t="48" w="75" /><ent r="3" t="48" w="74" /><ent r="3" t="48" w="95" /><ent r="3" t="48" w="94" /><ent r="3" t="48" w="143" /><ent r="3" t="48" w="142" /><ent r="3" t="49" w="1314" /><ent r="3" t="49" w="1313" /><ent r="3" t="58" w="13" /><ent r="3" t="58" w="12" /><ent r="3" t="62" w="116" /><ent r="3" t="62" w="115" /><ent r="3" t="66" w="331" /><ent r="3" t="66" w="330" /><ent r="3" t="66" w="339" /><ent r="3" t="66" w="338" /><ent r="3" t="70" w="312" /><ent r="3" t="70" w="311" /><ent r="3" t="73" w="249" /><ent r="3" t="73" w="248" /><ent r="3" t="90" w="165" /><ent r="3" t="90" w="164" /><ent r="3" t="99" w="31" /><ent r="3" t="99" w="30" /><ent r="3" t="99" w="1037" /><ent r="3" t="99" w="1036" /><ent r="4" t="103" w="167" /><ent r="4" t="103" w="166" /><ent r="4" t="115" w="51" /><ent r="4" t="115" w="50" /><ent r="3" t="123" w="36" /><ent r="3" t="123" w="35" /><ent r="3" t="126" w="48" /><ent r="3" t="126" w="47" /><ent r="3" t="145" w="113" /><ent r="3" t="145" w="112" /><ent r="3" t="146" w="144" /><ent r="3" t="146" w="143" /><ent r="3" t="151" w="60" /><ent r="3" t="151" w="59" /><ent r="3" t="179" w="81" /><ent r="3" t="179" w="80" /><ent r="3" t="206" w="26" /><ent r="3" t="206" w="25" /><ent r="4" t="227" w="293" /><ent r="4" t="227" w="292" /><ent r="3" t="227" w="354" /><ent r="3" t="227" w="353" /><ent r="4" t="231" w="144" /><ent r="4" t="231" w="143" /><ent r="3" t="233" w="55" /><ent r="3" t="233" w="54" /><ent r="3" t="233" w="389" /><ent r="3" t="233" w="388" /><ent r="3" t="243" w="143" /><ent r="3" t="243" w="142" /><ent r="3" t="243" w="154" /><ent r="3" t="243" w="153" /><ent r="3" t="244" w="72" /><ent r="3" t="244" w="71" /><ent r="4" t="286" w="150" /><ent r="4" t="286" w="149" /><ent r="3" t="289" w="24" /><ent r="3" t="289" w="23" /><ent r="3" t="292" w="105" /><ent r="3" t="292" w="104" /><ent r="3" t="294" w="73" /><ent r="3" t="294" w="72" /><ent r="6" t="299" w="376" /><ent r="6" t="299" w="375" /><ent r="4" t="308" w="98" /><ent r="4" t="308" w="97" /><ent r="4" t="308" w="329" /><ent r="4" t="308" w="328" /></phr><phr n="Don't"><ent r="6" t="209" w="214" /><ent r="6" t="209" w="213" /><ent r="3" t="247" w="210" /><ent r="3" t="247" w="209" /><ent r="3" t="247" w="304" /><ent r="3" t="247" w="303" /><ent r="3" t="251" w="158" /><ent r="3" t="251" w="157" /><ent r="4" t="286" w="215" /><ent r="4" t="286" w="214" /></phr></stem><stem n="t"><phr n="t"><ent r="4" t="6" w="150" /><ent r="3" t="8" w="32" /><ent r="3" t="8" w="343" /><ent r="3" t="14" w="1204" /><ent r="3" t="14" w="1415" /><ent r="3" t="14" w="1612" /><ent r="3" t="17" w="51" /><ent r="3" t="17" w="67" /><ent r="3" t="17" w="87" /><ent r="4" t="20" w="529" /><ent r="3" t="21" w="69" /><ent r="3" t="21" w="84" /><ent r="3" t="21" w="129" /><ent r="3" t="21" w="388" /><ent r="3" t="21" w="410" /><ent r="3" t="22" w="58" /><ent r="3" t="22" w="206" /><ent r="3" t="23" w="63" /><ent r="3" t="24" w="38" /><ent r="3" t="24" w="56" /><ent r="3" t="24" w="62" /><ent r="3" t="24" w="69" /><ent r="3" t="28" w="1068" /><ent r="3" t="28" w="1073" /><ent r="5" t="28" w="1101" /><ent r="5" t="28" w="1113" /><ent r="5" t="28" w="1169" /><ent r="5" t="28" w="1181" /><ent r="3" t="31" w="1468" /><ent r="3" t="31" w="1808" /><ent r="4" t="33" w="70" /><ent r="3" t="34" w="282" /><ent r="6" t="37" w="85" /><ent r="6" t="37" w="135" /><ent r="6" t="37" w="210" /><ent r="3" t="37" w="222" /><ent r="3" t="38" w="19" /><ent r="3" t="38" w="458" /><ent r="3" t="39" w="19" /><ent r="3" t="39" w="169" /><ent r="3" t="40" w="133" /><ent r="3" t="42" w="349" /><ent r="3" t="42" w="726" /><ent r="3" t="45" w="66" /><ent r="4" t="46" w="157" /><ent r="4" t="46" w="311" /><ent r="3" t="47" w="25" /><ent r="4" t="47" w="80" /><ent r="3" t="48" w="75" /><ent r="3" t="48" w="95" /><ent r="3" t="48" w="143" /><ent r="5" t="49" w="1102" /><ent r="5" t="49" w="1250" /><ent r="3" t="49" w="1314" /><ent r="3" t="50" w="708" /><ent r="3" t="51" w="49" /><ent r="4" t="53" w="484" /><ent r="3" t="54" w="31" /><ent r="3" t="54" w="38" /><ent r="3" t="55" w="175" /><ent r="3" t="56" w="328" /><ent r="3" t="56" w="341" /><ent r="3" t="57" w="22" /><ent r="3" t="58" w="13" /><ent r="4" t="58" w="112" /><ent r="4" t="58" w="182" /><ent r="3" t="60" w="142" /><ent r="3" t="60" w="168" /><ent r="5" t="60" w="225" /><ent r="5" t="60" w="296" /><ent r="3" t="62" w="116" /><ent r="5" t="63" w="107" /><ent r="5" t="63" w="197" /><ent r="3" t="66" w="78" /><ent r="3" t="66" w="331" /><ent r="3" t="66" w="339" /><ent r="5" t="66" w="447" /><ent r="5" t="66" w="515" /><ent r="3" t="69" w="211" /><ent r="5" t="69" w="240" /><ent r="5" t="69" w="301" /><ent r="3" t="69" w="361" /><ent r="3" t="69" w="558" /><ent r="5" t="69" w="582" /><ent r="5" t="69" w="633" /><ent r="3" t="70" w="312" /><ent r="3" t="71" w="60" /><ent r="3" t="71" w="83" /><ent r="3" t="73" w="249" /><ent r="3" t="79" w="133" /><ent r="3" t="83" w="23" /><ent r="3" t="83" w="78" /><ent r="3" t="90" w="165" /><ent r="3" t="90" w="178" /><ent r="6" t="92" w="265" /><ent r="3" t="96" w="324" /><ent r="3" t="96" w="662" /><ent r="5" t="96" w="754" /><ent r="5" t="96" w="909" /><ent r="3" t="99" w="31" /><ent r="3" t="99" w="1037" /><ent r="3" t="100" w="378" /><ent r="3" t="103" w="144" /><ent r="4" t="103" w="167" /><ent r="4" t="106" w="102" /><ent r="3" t="107" w="121" /><ent r="3" t="108" w="38" /><ent r="3" t="109" w="41" /><ent r="3" t="114" w="138" /><ent r="3" t="114" w="962" /><ent r="4" t="115" w="41" /><ent r="4" t="115" w="51" /><ent r="3" t="116" w="232" /><ent r="3" t="118" w="143" /><ent r="3" t="118" w="184" /><ent r="3" t="122" w="17" /><ent r="3" t="122" w="375" /><ent r="3" t="123" w="36" /><ent r="3" t="123" w="82" /><ent r="3" t="124" w="63" /><ent r="3" t="124" w="312" /><ent r="3" t="125" w="63" /><ent r="3" t="125" w="322" /><ent r="3" t="126" w="48" /><ent r="7" t="128" w="203" /><ent r="7" t="128" w="266" /><ent r="3" t="134" w="150" /><ent r="4" t="140" w="189" /><ent r="4" t="140" w="246" /><ent r="4" t="140" w="283" /><ent r="4" t="140" w="414" /><ent r="4" t="140" w="437" /><ent r="4" t="140" w="464" /><ent r="4" t="140" w="492" /><ent r="3" t="145" w="113" /><ent r="2" t="146" w="67" /><ent r="3" t="146" w="144" /><ent r="3" t="151" w="60" /><ent r="3" t="151" w="68" /><ent r="3" t="153" w="79" /><ent r="3" t="161" w="38" /><ent r="3" t="165" w="114" /><ent r="3" t="174" w="160" /><ent r="3" t="179" w="81" /><ent r="3" t="179" w="368" /><ent r="3" t="179" w="455" /><ent r="3" t="183" w="21" /><ent r="3" t="206" w="26" /><ent r="3" t="207" w="26" /><ent r="6" t="209" w="214" /><ent r="2" t="212" w="38" /><ent r="3" t="218" w="13" /><ent r="3" t="218" w="53" /><ent r="3" t="221" w="13" /><ent r="2" t="223" w="471" /><ent r="3" t="227" w="86" /><ent r="4" t="227" w="293" /><ent r="3" t="227" w="354" /><ent r="3" t="227" w="410" /><ent r="4" t="231" w="131" /><ent r="4" t="231" w="144" /><ent r="3" t="231" w="218" /><ent r="3" t="232" w="37" /><ent r="3" t="232" w="93" /><ent r="3" t="232" w="174" /><ent r="3" t="233" w="55" /><ent r="3" t="233" w="136" /><ent r="3" t="233" w="389" /><ent r="5" t="233" w="459" /><ent r="5" t="233" w="547" /><ent r="5" t="235" w="150" /><ent r="5" t="235" w="238" /><ent r="2" t="238" w="42" /><ent r="3" t="239" w="23" /><ent r="3" t="241" w="10" /><ent r="3" t="243" w="143" /><ent r="3" t="243" w="154" /><ent r="3" t="243" w="299" /><ent r="3" t="244" w="72" /><ent r="3" t="244" w="332" /><ent r="3" t="247" w="210" /><ent r="3" t="247" w="304" /><ent r="8" t="247" w="367" /><ent r="3" t="248" w="144" /><ent r="5" t="248" w="176" /><ent r="5" t="248" w="237" /><ent r="3" t="249" w="190" /><ent r="5" t="249" w="216" /><ent r="5" t="249" w="267" /><ent r="3" t="251" w="158" /><ent r="3" t="252" w="47" /><ent r="3" t="253" w="28" /><ent r="4" t="253" w="148" /><ent r="4" t="253" w="292" /><ent r="3" t="259" w="54" /><ent r="3" t="261" w="54" /><ent r="3" t="263" w="11" /><ent r="5" t="263" w="273" /><ent r="5" t="263" w="345" /><ent r="4" t="268" w="455" /><ent r="4" t="273" w="103" /><ent r="3" t="275" w="129" /><ent r="4" t="275" w="265" /><ent r="4" t="275" w="419" /><ent r="3" t="281" w="134" /><ent r="3" t="281" w="157" /><ent r="3" t="281" w="209" /><ent r="5" t="281" w="383" /><ent r="5" t="281" w="502" /><ent r="3" t="282" w="53" /><ent r="4" t="286" w="150" /><ent r="4" t="286" w="215" /><ent r="3" t="289" w="24" /><ent r="3" t="292" w="105" /><ent r="3" t="292" w="238" /><ent r="3" t="294" w="73" /><ent r="6" t="299" w="376" /><ent r="6" t="300" w="543" /><ent r="4" t="308" w="57" /><ent r="4" t="308" w="98" /><ent r="4" t="308" w="195" /><ent r="4" t="308" w="329" /></phr><phr n="T"><ent r="4" t="74" w="665" /><ent r="4" t="74" w="714" /><ent r="4" t="74" w="721" /><ent r="4" t="74" w="725" /><ent r="4" t="75" w="448" /><ent r="4" t="75" w="498" /><ent r="4" t="75" w="505" /><ent r="4" t="75" w="509" /><ent r="4" t="75" w="562" /><ent r="4" t="75" w="612" /><ent r="4" t="75" w="619" /><ent r="4" t="75" w="623" /><ent r="4" t="241" w="304" /><ent r="4" t="241" w="314" /><ent r="4" t="241" w="329" /><ent r="4" t="241" w="350" /><ent r="4" t="241" w="360" /><ent r="4" t="241" w="384" /><ent r="4" t="241" w="449" /><ent r="4" t="241" w="455" /><ent r="4" t="241" w="494" /><ent r="4" t="241" w="504" /></phr></stem><stem n="simplifi"><phr n="simplified"><ent r="4" t="6" w="153" /><ent r="3" t="190" w="335" /></phr><phr n="simplify"><ent r="3" t="7" w="53" /><ent r="3" t="7" w="292" /><ent r="3" t="134" w="254" /><ent r="4" t="140" w="429" /><ent r="3" t="192" w="77" /></phr><phr n="simplifying"><ent r="3" t="21" w="392" /></phr></stem><stem n="check"><phr n="check"><ent r="4" t="6" w="159" /><ent r="3" t="18" w="365" /><ent r="3" t="21" w="359" /><ent r="3" t="24" w="843" /><ent r="3" t="24" w="858" /><ent r="3" t="27" w="320" /><ent r="3" t="28" w="75" /><ent r="3" t="28" w="351" /><ent r="3" t="45" w="49" /><ent r="3" t="50" w="471" /><ent r="3" t="50" w="485" /><ent r="3" t="61" w="119" /><ent r="5" t="63" w="57" /><ent r="5" t="63" w="143" /><ent r="3" t="71" w="16" /><ent r="3" t="71" w="46" /><ent r="3" t="71" w="52" /><ent r="3" t="71" w="58" /><ent r="3" t="71" w="61" /><ent r="5" t="92" w="209" /><ent r="5" t="92" w="214" /><ent r="3" t="109" w="55" /><ent r="3" t="109" w="271" /><ent r="3" t="112" w="1169" /><ent r="3" t="153" w="51" /><ent r="4" t="166" w="223" /><ent r="3" t="170" w="57" /><ent r="3" t="181" w="21" /><ent r="3" t="234" w="53" /><ent r="5" t="235" w="129" /><ent r="5" t="235" w="214" /><ent r="6" t="237" w="361" /><ent r="6" t="237" w="442" /><ent r="3" t="244" w="385" /><ent r="5" t="254" w="118" /><ent r="5" t="254" w="255" /><ent r="4" t="258" w="134" /><ent r="3" t="272" w="340" /><ent r="3" t="281" w="84" /><ent r="3" t="281" w="120" /><ent r="3" t="281" w="126" /><ent r="3" t="281" w="132" /><ent r="3" t="281" w="135" /><ent r="3" t="283" w="37" /><ent r="3" t="297" w="35" /><ent r="3" t="306" w="105" /><ent r="4" t="307" w="86" /></phr><phr n="checked"><ent r="3" t="17" w="82" /><ent r="3" t="26" w="47" /><ent r="3" t="67" w="62" /><ent r="3" t="67" w="239" /><ent r="3" t="254" w="43" /></phr><phr n="Check"><ent r="4" t="17" w="266" /><ent r="4" t="17" w="299" /><ent r="4" t="18" w="142" /><ent r="4" t="18" w="175" /><ent r="92" t="18" w="490" /><ent r="4" t="20" w="177" /><ent r="4" t="20" w="210" /><ent r="3" t="21" w="420" /><ent r="92" t="50" w="466" /><ent r="4" t="50" w="540" /><ent r="4" t="50" w="597" /><ent r="1000" t="63" w="1" /><ent r="102" t="63" w="6" /><ent r="4" t="63" w="113" /><ent r="4" t="63" w="207" /><ent r="5" t="70" w="410" /><ent r="5" t="70" w="557" /><ent r="1000" t="71" w="2" /><ent r="102" t="71" w="8" /><ent r="92" t="71" w="32" /><ent r="4" t="102" w="45" /><ent r="4" t="140" w="494" /><ent r="3" t="281" w="46" /><ent r="92" t="281" w="106" /><ent r="3" t="282" w="181" /><ent r="82" t="283" w="13" /><ent r="82" t="283" w="106" /><ent r="92" t="283" w="278" /><ent r="3" t="297" w="90" /></phr><phr n="checks"><ent r="3" t="23" w="78" /><ent r="3" t="27" w="759" /><ent r="3" t="56" w="352" /><ent r="3" t="71" w="37" /><ent r="3" t="71" w="68" /><ent r="4" t="98" w="23" /><ent r="3" t="131" w="105" /><ent r="6" t="143" w="372" /><ent r="3" t="147" w="29" /><ent r="3" t="170" w="31" /><ent r="3" t="184" w="49" /><ent r="3" t="244" w="437" /><ent r="3" t="263" w="17" /><ent r="3" t="281" w="111" /><ent r="3" t="281" w="142" /><ent r="3" t="283" w="331" /></phr><phr n="checking"><ent r="3" t="50" w="478" /><ent r="3" t="100" w="16" /><ent r="4" t="102" w="41" /><ent r="3" t="140" w="165" /></phr><phr n="Checking"><ent r="4" t="95" w="133" /></phr></stem><stem n="throughput"><phr n="throughput"><ent r="4" t="6" w="164" /></phr></stem><stem n="why"><phr n="Why"><ent r="1000" t="7" w="1" /><ent r="102" t="7" w="5" /><ent r="3" t="38" w="498" /><ent r="3" t="41" w="18" /></phr><phr n="why"><ent r="3" t="34" w="472" /><ent r="3" t="38" w="492" /><ent r="3" t="38" w="506" /><ent r="3" t="39" w="16" /><ent r="3" t="49" w="970" /><ent r="3" t="126" w="178" /><ent r="3" t="240" w="997" /></phr></stem><stem n="advantag"><phr n="advantages"><ent r="3" t="7" w="12" /><ent r="3" t="7" w="37" /><ent r="3" t="167" w="17" /><ent r="3" t="246" w="161" /><ent r="3" t="248" w="30" /><ent r="3" t="249" w="27" /><ent r="3" t="250" w="28" /><ent r="3" t="251" w="28" /></phr><phr n="advantage"><ent r="3" t="90" w="215" /><ent r="3" t="228" w="99" /><ent r="3" t="244" w="58" /></phr><phr n="Advantages"><ent r="92" t="165" w="174" /><ent r="92" t="166" w="172" /><ent r="92" t="167" w="122" /><ent r="92" t="176" w="178" /><ent r="92" t="203" w="149" /><ent r="6" t="247" w="72" /><ent r="6" t="247" w="134" /><ent r="6" t="247" w="229" /><ent r="6" t="247" w="325" /></phr><phr n="Advantage"><ent r="92" t="174" w="148" /><ent r="92" t="207" w="87" /><ent r="6" t="228" w="108" /><ent r="92" t="284" w="122" /></phr></stem><stem n="&quot;native&quot;"><phr n="&quot;native&quot;"><ent r="3" t="7" w="16" /></phr></stem><stem n="significantli"><phr n="significantly"><ent r="3" t="7" w="38" /><ent r="3" t="15" w="818" /><ent r="4" t="140" w="388" /><ent r="4" t="140" w="421" /><ent r="3" t="152" w="49" /><ent r="3" t="187" w="130" /><ent r="3" t="207" w="101" /><ent r="3" t="282" w="342" /></phr></stem><stem n="impact"><phr n="impact"><ent r="3" t="7" w="39" /><ent r="3" t="68" w="180" /><ent r="3" t="141" w="84" /><ent r="3" t="224" w="99" /></phr></stem><stem n="organ"><phr n="organization"><ent r="3" t="7" w="41" /></phr><phr n="organize"><ent r="3" t="234" w="68" /></phr></stem><stem n="organization'"><phr n="organization's"><ent r="3" t="7" w="42" /><ent r="3" t="7" w="41" /></phr></stem><stem n="competit"><phr n="competitiveness"><ent r="3" t="7" w="43" /></phr><phr n="competition"><ent r="3" t="7" w="159" /></phr><phr n="competitive"><ent r="3" t="7" w="466" /><ent r="3" t="7" w="662" /></phr></stem><stem n="bottom"><phr n="bottom"><ent r="3" t="7" w="45" /></phr></stem><stem n="first"><phr n="First"><ent r="3" t="7" w="48" /><ent r="3" t="8" w="24" /><ent r="4" t="8" w="139" /><ent r="4" t="8" w="244" /><ent r="3" t="9" w="28" /><ent r="3" t="10" w="468" /><ent r="4" t="10" w="526" /><ent r="4" t="10" w="591" /><ent r="4" t="10" w="667" /><ent r="4" t="10" w="721" /><ent r="3" t="12" w="21" /><ent r="3" t="12" w="72" /><ent r="3" t="15" w="348" /><ent r="3" t="18" w="690" /><ent r="3" t="20" w="262" /><ent r="3" t="22" w="80" /><ent r="5" t="27" w="835" /><ent r="5" t="27" w="942" /><ent r="3" t="29" w="184" /><ent r="3" t="29" w="564" /><ent r="92" t="32" w="15" /><ent r="3" t="32" w="20" /><ent r="3" t="42" w="52" /><ent r="3" t="44" w="41" /><ent r="3" t="67" w="95" /><ent r="3" t="75" w="429" /><ent r="3" t="79" w="27" /><ent r="3" t="94" w="42" /><ent r="3" t="96" w="104" /><ent r="3" t="99" w="224" /><ent r="3" t="105" w="171" /><ent r="3" t="106" w="116" /><ent r="3" t="114" w="164" /><ent r="3" t="121" w="150" /><ent r="4" t="133" w="382" /><ent r="3" t="134" w="29" /><ent r="3" t="138" w="26" /><ent r="3" t="139" w="49" /><ent r="4" t="166" w="185" /><ent r="3" t="209" w="101" /><ent r="3" t="223" w="69" /><ent r="3" t="233" w="29" /><ent r="3" t="233" w="231" /><ent r="3" t="233" w="594" /><ent r="5" t="233" w="623" /><ent r="5" t="233" w="663" /><ent r="3" t="236" w="71" /><ent r="3" t="248" w="132" /><ent r="3" t="249" w="40" /><ent r="3" t="249" w="178" /><ent r="3" t="257" w="48" /><ent r="3" t="260" w="335" /><ent r="3" t="283" w="36" /><ent r="3" t="298" w="398" /><ent r="3" t="306" w="392" /></phr><phr n="first"><ent r="3" t="7" w="181" /><ent r="3" t="14" w="80" /><ent r="3" t="14" w="96" /><ent r="3" t="15" w="373" /><ent r="3" t="15" w="466" /><ent r="3" t="15" w="783" /><ent r="3" t="21" w="374" /><ent r="3" t="30" w="191" /><ent r="4" t="30" w="419" /><ent r="4" t="30" w="427" /><ent r="4" t="30" w="480" /><ent r="4" t="30" w="516" /><ent r="3" t="32" w="66" /><ent r="3" t="32" w="98" /><ent r="3" t="32" w="136" /><ent r="6" t="37" w="159" /><ent r="3" t="39" w="35" /><ent r="4" t="49" w="1343" /><ent r="3" t="50" w="78" /><ent r="3" t="69" w="444" /><ent r="3" t="80" w="25" /><ent r="3" t="85" w="13" /><ent r="3" t="96" w="683" /><ent r="6" t="97" w="75" /><ent r="6" t="97" w="92" /><ent r="3" t="106" w="210" /><ent r="3" t="112" w="130" /><ent r="3" t="114" w="87" /><ent r="3" t="114" w="192" /><ent r="4" t="114" w="995" /><ent r="3" t="117" w="92" /><ent r="5" t="121" w="255" /><ent r="5" t="121" w="399" /><ent r="3" t="131" w="104" /><ent r="3" t="132" w="64" /><ent r="3" t="133" w="44" /><ent r="3" t="141" w="366" /><ent r="8" t="143" w="97" /><ent r="3" t="147" w="138" /><ent r="3" t="147" w="231" /><ent r="3" t="147" w="247" /><ent r="3" t="165" w="57" /><ent r="4" t="165" w="242" /><ent r="3" t="166" w="51" /><ent r="3" t="166" w="366" /><ent r="8" t="173" w="87" /><ent r="3" t="176" w="96" /><ent r="3" t="178" w="42" /><ent r="3" t="254" w="42" /><ent r="5" t="254" w="74" /><ent r="5" t="254" w="195" /><ent r="3" t="262" w="56" /><ent r="3" t="265" w="104" /><ent r="3" t="265" w="122" /><ent r="3" t="293" w="162" /><ent r="3" t="297" w="120" /><ent r="3" t="298" w="79" /><ent r="6" t="300" w="159" /><ent r="5" t="300" w="469" /><ent r="6" t="300" w="473" /><ent r="6" t="300" w="486" /><ent r="3" t="302" w="21" /><ent r="3" t="302" w="91" /></phr></stem><stem n="-consum"><phr n="-consuming"><ent r="3" t="7" w="58" /><ent r="3" t="7" w="58" /><ent r="3" t="191" w="105" /><ent r="3" t="191" w="105" /></phr></stem><stem n="resource-consum"><phr n="resource-consuming"><ent r="3" t="7" w="58" /></phr></stem><stem n="-mismatch"><phr n="-mismatch"><ent r="3" t="7" w="60" /><ent r="3" t="7" w="60" /></phr></stem><stem n="or-mismatch"><phr n="OR-mismatch"><ent r="3" t="7" w="60" /></phr></stem><stem n="entir"><phr n="entirely"><ent r="3" t="7" w="62" /><ent r="3" t="7" w="169" /></phr><phr n="entire"><ent r="4" t="102" w="102" /><ent r="4" t="165" w="185" /><ent r="4" t="167" w="162" /></phr></stem><stem n="foster"><phr n="foster"><ent r="3" t="7" w="66" /></phr></stem><stem n="sophist"><phr n="sophisticated"><ent r="3" t="7" w="68" /><ent r="3" t="7" w="283" /><ent r="3" t="74" w="1117" /><ent r="4" t="103" w="194" /><ent r="3" t="290" w="225" /></phr></stem><stem n="gain"><phr n="gains"><ent r="3" t="7" w="74" /><ent r="4" t="59" w="387" /></phr><phr n="gain"><ent r="3" t="96" w="85" /></phr></stem><stem n="flexibl"><phr n="flexibility"><ent r="3" t="7" w="76" /><ent r="3" t="105" w="69" /><ent r="3" t="121" w="588" /><ent r="3" t="306" w="29" /></phr><phr n="flexible"><ent r="3" t="7" w="694" /><ent r="3" t="108" w="73" /><ent r="3" t="234" w="61" /></phr></stem><stem n="brought"><phr n="brought"><ent r="3" t="7" w="79" /></phr></stem><stem n="true"><phr n="true"><ent r="3" t="7" w="82" /><ent r="3" t="14" w="1421" /><ent r="3" t="17" w="145" /><ent r="5" t="27" w="887" /><ent r="5" t="27" w="971" /><ent r="3" t="29" w="100" /><ent r="3" t="31" w="967" /><ent r="5" t="31" w="1659" /><ent r="5" t="50" w="128" /><ent r="3" t="55" w="81" /><ent r="5" t="57" w="82" /><ent r="3" t="59" w="112" /><ent r="5" t="59" w="189" /><ent r="5" t="67" w="136" /><ent r="5" t="84" w="59" /><ent r="5" t="99" w="1064" /><ent r="4" t="103" w="190" /><ent r="5" t="112" w="490" /><ent r="5" t="112" w="540" /><ent r="5" t="148" w="77" /><ent r="5" t="152" w="97" /><ent r="5" t="152" w="174" /><ent r="5" t="156" w="37" /><ent r="5" t="174" w="98" /><ent r="5" t="180" w="149" /><ent r="5" t="181" w="48" /><ent r="5" t="183" w="53" /><ent r="5" t="184" w="90" /><ent r="5" t="203" w="36" /><ent r="5" t="207" w="45" /><ent r="5" t="210" w="72" /><ent r="5" t="211" w="33" /><ent r="5" t="212" w="54" /><ent r="5" t="213" w="80" /><ent r="5" t="215" w="36" /><ent r="5" t="221" w="43" /><ent r="5" t="223" w="218" /><ent r="5" t="223" w="368" /><ent r="5" t="223" w="491" /><ent r="5" t="223" w="593" /><ent r="3" t="229" w="267" /><ent r="6" t="237" w="377" /><ent r="5" t="250" w="180" /><ent r="5" t="251" w="187" /><ent r="4" t="258" w="289" /><ent r="5" t="263" w="282" /><ent r="5" t="264" w="395" /><ent r="3" t="270" w="263" /><ent r="3" t="285" w="330" /><ent r="5" t="297" w="200" /><ent r="5" t="297" w="207" /><ent r="5" t="298" w="190" /><ent r="5" t="298" w="208" /></phr><phr n="True"><ent r="5" t="31" w="1739" /><ent r="5" t="50" w="163" /><ent r="5" t="57" w="130" /><ent r="5" t="59" w="227" /><ent r="5" t="67" w="185" /><ent r="5" t="74" w="427" /><ent r="5" t="84" w="97" /><ent r="5" t="99" w="1093" /><ent r="5" t="112" w="940" /><ent r="5" t="112" w="1020" /><ent r="5" t="148" w="125" /><ent r="5" t="152" w="124" /><ent r="5" t="152" w="206" /><ent r="5" t="156" w="64" /><ent r="5" t="174" w="130" /><ent r="5" t="180" w="190" /><ent r="5" t="181" w="77" /><ent r="5" t="183" w="84" /><ent r="5" t="184" w="123" /><ent r="5" t="203" w="66" /><ent r="5" t="207" w="73" /><ent r="5" t="210" w="104" /><ent r="5" t="211" w="69" /><ent r="5" t="212" w="90" /><ent r="5" t="213" w="116" /><ent r="5" t="215" w="71" /><ent r="5" t="221" w="77" /><ent r="5" t="223" w="256" /><ent r="5" t="223" w="412" /><ent r="5" t="223" w="535" /><ent r="5" t="223" w="637" /><ent r="6" t="237" w="458" /><ent r="5" t="250" w="209" /><ent r="5" t="251" w="216" /><ent r="5" t="263" w="354" /><ent r="5" t="264" w="432" /></phr></stem></index>