﻿<?xml version="1.0" encoding="utf-8"?><index><stem n="o.objectid."><phr n="o.ObjectId."><ent r="4" t="250" w="365" /><ent r="4" t="250" w="364" /></phr></stem><stem n=".objectid."><phr n=".ObjectId."><ent r="4" t="250" w="366" /><ent r="4" t="254" w="268" /></phr></stem><stem n="(idforobject))(0)"><phr n="(idForObject))(0)"><ent r="4" t="250" w="371" /></phr></stem><stem n="-generators:"><phr n="-generators:"><ent r="3" t="251" w="34" /><ent r="3" t="251" w="34" /></phr></stem><stem n="-callback-ev"><phr n="-callback-event"><ent r="64" t="251" w="258" /><ent r="64" t="251" w="259" /></phr></stem><stem n="creating-callback"><phr n="creating-callback"><ent r="64" t="251" w="258" /></phr></stem><stem n="creating-callback-ev"><phr n="creating-callback-event"><ent r="64" t="251" w="258" /></phr></stem><stem n="callback-ev"><phr n="callback-event"><ent r="64" t="251" w="259" /></phr></stem><stem n=".id;"><phr n=".Id;"><ent r="4" t="251" w="436" /></phr></stem><stem n="o.id"><phr n="o.Id"><ent r="4" t="251" w="513" /><ent r="4" t="251" w="512" /><ent r="4" t="251" w="555" /><ent r="4" t="251" w="554" /></phr></stem><stem n="somehow"><phr n="somehow"><ent r="3" t="252" w="36" /></phr></stem><stem n="&quot;wrong"><phr n="&quot;Wrong"><ent r="64" t="252" w="63" /></phr></stem><stem n="automapp"><phr n="Automapper"><ent r="64" t="252" w="126" /><ent r="64" t="254" w="343" /></phr></stem><stem n="opendatabas"><phr n="OpenDatabase"><ent r="4" t="253" w="68" /><ent r="4" t="253" w="93" /><ent r="4" t="253" w="102" /><ent r="4" t="253" w="178" /><ent r="4" t="253" w="209" /><ent r="4" t="253" w="225" /><ent r="4" t="253" w="348" /><ent r="4" t="253" w="370" /><ent r="4" t="253" w="422" /><ent r="4" t="253" w="457" /><ent r="4" t="254" w="72" /><ent r="4" t="254" w="193" /><ent r="4" t="257" w="286" /><ent r="4" t="257" w="293" /></phr></stem><stem n="othercontain"><phr n="otherContainer"><ent r="4" t="253" w="92" /><ent r="4" t="253" w="94" /><ent r="4" t="253" w="204" /><ent r="4" t="253" w="210" /></phr></stem><stem n="othercontainer.stor"><phr n="otherContainer.Store"><ent r="4" t="253" w="95" /><ent r="4" t="253" w="94" /><ent r="4" t="253" w="211" /><ent r="4" t="253" w="210" /></phr></stem><stem n=".query&lt;pilot&gt;();"><phr n=".Query&lt;Pilot&gt;();"><ent r="4" t="253" w="121" /><ent r="4" t="253" w="375" /></phr></stem><stem n="&quot;amount"><phr n="&quot;Amount"><ent r="5" t="253" w="124" /><ent r="5" t="253" w="256" /><ent r="5" t="253" w="378" /><ent r="5" t="253" w="475" /></phr></stem><stem n=".count);"><phr n=".Count);"><ent r="4" t="253" w="131" /><ent r="4" t="253" w="385" /><ent r="4" t="302" w="173" /></phr></stem><stem n=".writeline(pilot);"><phr n=".WriteLine(pilot);"><ent r="4" t="253" w="143" /><ent r="4" t="253" w="397" /></phr></stem><stem n="objectidentityexampl"><phr n="ObjectIdentityExamples"><ent r="4" t="253" w="144" /><ent r="4" t="253" w="288" /><ent r="4" t="253" w="398" /><ent r="4" t="253" w="507" /></phr></stem><stem n="objectidentityexamples.c"><phr n="ObjectIdentityExamples.cs"><ent r="4" t="253" w="145" /><ent r="4" t="253" w="144" /><ent r="4" t="253" w="399" /><ent r="4" t="253" w="398" /></phr></stem><stem n=".writeline(pilot)"><phr n=".WriteLine(pilot)"><ent r="4" t="253" w="281" /><ent r="4" t="253" w="500" /></phr></stem><stem n="objectidentityexamples.vb"><phr n="ObjectIdentityExamples.vb"><ent r="4" t="253" w="289" /><ent r="4" t="253" w="288" /><ent r="4" t="253" w="508" /><ent r="4" t="253" w="507" /></phr></stem><stem n="object-chang"><phr n="object-changes"><ent r="3" t="253" w="336" /></phr></stem><stem n=",the"><phr n=",the"><ent r="3" t="254" w="53" /></phr></stem><stem n="is,th"><phr n="is,the"><ent r="3" t="254" w="53" /><ent r="3" t="254" w="52" /></phr></stem><stem n="carindb"><phr n="carInDb"><ent r="4" t="254" w="83" /><ent r="4" t="254" w="99" /><ent r="4" t="254" w="111" /><ent r="4" t="254" w="160" /><ent r="4" t="254" w="174" /><ent r="4" t="254" w="205" /><ent r="4" t="254" w="225" /><ent r="4" t="254" w="242" /><ent r="4" t="254" w="300" /></phr></stem><stem n="getcarbyid"><phr n="GetCarById"><ent r="4" t="254" w="84" /><ent r="4" t="254" w="210" /></phr></stem><stem n="disconnectedcar"><phr n="disconnectedCar"><ent r="4" t="254" w="86" /><ent r="4" t="254" w="101" /><ent r="4" t="254" w="115" /><ent r="4" t="254" w="212" /><ent r="4" t="254" w="227" /><ent r="4" t="254" w="252" /></phr></stem><stem n="disconnectedcar.objectid"><phr n="disconnectedCar.ObjectId"><ent r="4" t="254" w="87" /><ent r="4" t="254" w="86" /><ent r="4" t="254" w="213" /><ent r="4" t="254" w="212" /></phr></stem><stem n=".objectid);"><phr n=".ObjectId);"><ent r="4" t="254" w="88" /></phr></stem><stem n="value-object"><phr n="value-objects"><ent r="5" t="254" w="91" /><ent r="5" t="254" w="140" /><ent r="5" t="254" w="217" /><ent r="5" t="254" w="281" /></phr></stem><stem n="(int,"><phr n="(int,"><ent r="5" t="254" w="94" /><ent r="5" t="254" w="220" /></phr></stem><stem n="carindb.nam"><phr n="carInDb.Name"><ent r="4" t="254" w="100" /><ent r="4" t="254" w="99" /><ent r="4" t="254" w="226" /><ent r="4" t="254" w="225" /></phr></stem><stem n="disconnectedcar.nam"><phr n="disconnectedCar.Name"><ent r="4" t="254" w="102" /><ent r="4" t="254" w="101" /><ent r="4" t="254" w="228" /><ent r="4" t="254" w="227" /></phr></stem><stem n="pilotindb"><phr n="pilotInDB"><ent r="4" t="254" w="110" /><ent r="4" t="254" w="129" /><ent r="4" t="254" w="143" /><ent r="4" t="254" w="147" /><ent r="4" t="254" w="171" /><ent r="4" t="254" w="237" /><ent r="4" t="254" w="266" /><ent r="4" t="254" w="284" /><ent r="4" t="254" w="288" /><ent r="4" t="254" w="315" /></phr></stem><stem n="carindb.pilot"><phr n="carInDb.Pilot"><ent r="4" t="254" w="112" /><ent r="4" t="254" w="111" /><ent r="4" t="254" w="161" /><ent r="4" t="254" w="160" /><ent r="4" t="254" w="243" /><ent r="4" t="254" w="242" /><ent r="4" t="254" w="301" /><ent r="4" t="254" w="300" /></phr></stem><stem n="disconnectedpilot"><phr n="disconnectedPilot"><ent r="4" t="254" w="114" /><ent r="4" t="254" w="132" /><ent r="4" t="254" w="145" /><ent r="4" t="254" w="149" /><ent r="4" t="254" w="162" /><ent r="4" t="254" w="247" /><ent r="4" t="254" w="271" /><ent r="4" t="254" w="286" /><ent r="4" t="254" w="290" /><ent r="4" t="254" w="302" /></phr></stem><stem n="disconnectedcar.pilot"><phr n="disconnectedCar.Pilot"><ent r="4" t="254" w="116" /><ent r="4" t="254" w="115" /><ent r="4" t="254" w="253" /><ent r="4" t="254" w="252" /></phr></stem><stem n="pilotindb.objectid"><phr n="pilotInDB.ObjectId"><ent r="4" t="254" w="130" /><ent r="4" t="254" w="129" /><ent r="4" t="254" w="267" /><ent r="4" t="254" w="266" /></phr></stem><stem n="pilotindb.objectid.equ"><phr n="pilotInDB.ObjectId.Equals"><ent r="4" t="254" w="131" /><ent r="4" t="254" w="129" /></phr></stem><stem n="disconnectedpilot.objectid"><phr n="disconnectedPilot.ObjectId"><ent r="4" t="254" w="133" /><ent r="4" t="254" w="132" /><ent r="4" t="254" w="272" /><ent r="4" t="254" w="271" /></phr></stem><stem n="(pilotindb.objectid.equals(disconnectedpilot.objectid))"><phr n="(pilotInDB.ObjectId.Equals(disconnectedPilot.ObjectId))"><ent r="4" t="254" w="134" /></phr></stem><stem n="pilotindb.nam"><phr n="pilotInDB.Name"><ent r="4" t="254" w="144" /><ent r="4" t="254" w="143" /><ent r="4" t="254" w="285" /><ent r="4" t="254" w="284" /></phr></stem><stem n="disconnectedpilot.nam"><phr n="disconnectedPilot.Name"><ent r="4" t="254" w="146" /><ent r="4" t="254" w="145" /><ent r="4" t="254" w="287" /><ent r="4" t="254" w="286" /></phr></stem><stem n=".point"><phr n=".Points"><ent r="4" t="254" w="148" /><ent r="4" t="254" w="289" /><ent r="4" t="254" w="291" /><ent r="4" t="260" w="386" /></phr></stem><stem n="pilotindb.point"><phr n="pilotInDB.Points"><ent r="4" t="254" w="148" /><ent r="4" t="254" w="147" /><ent r="4" t="254" w="289" /><ent r="4" t="254" w="288" /></phr></stem><stem n="disconnectedpilot.point"><phr n="disconnectedPilot.Points"><ent r="4" t="254" w="150" /><ent r="4" t="254" w="149" /><ent r="4" t="254" w="291" /><ent r="4" t="254" w="290" /></phr></stem><stem n=".points;"><phr n=".Points;"><ent r="4" t="254" w="151" /><ent r="4" t="260" w="389" /></phr></stem><stem n=".store(pilotindb);"><phr n=".Store(pilotInDB);"><ent r="4" t="254" w="172" /></phr></stem><stem n=".store(carindb);"><phr n=".Store(carInDb);"><ent r="4" t="254" w="175" /></phr></stem><stem n="mergeexampl"><phr n="MergeExample"><ent r="4" t="254" w="176" /><ent r="4" t="254" w="317" /></phr></stem><stem n="mergeexample.c"><phr n="MergeExample.cs"><ent r="4" t="254" w="177" /><ent r="4" t="254" w="176" /></phr></stem><stem n=".objectid)"><phr n=".ObjectId)"><ent r="4" t="254" w="214" /></phr></stem><stem n="pilotindb.objectid."><phr n="pilotInDB.ObjectId."><ent r="4" t="254" w="267" /><ent r="4" t="254" w="266" /></phr></stem><stem n="(disconnectedpilot.objectid)"><phr n="(disconnectedPilot.ObjectId)"><ent r="4" t="254" w="273" /></phr></stem><stem n=".store(pilotindb)"><phr n=".Store(pilotInDB)"><ent r="4" t="254" w="316" /></phr></stem><stem n="mergeexample.vb"><phr n="MergeExample.vb"><ent r="4" t="254" w="318" /><ent r="4" t="254" w="317" /></phr></stem><stem n=":asp.net"><phr n=":ASP.NET"><ent r="100" t="255" w="8" /></phr></stem><stem n="-application."><phr n="-application."><ent r="3" t="255" w="33" /><ent r="3" t="255" w="33" /></phr></stem><stem n="&quot;isol"><phr n="&quot;Isolation"><ent r="64" t="255" w="63" /><ent r="64" t="257" w="43" /></phr></stem><stem n="-applications&quot;."><phr n="-Applications&quot;."><ent r="64" t="255" w="67" /><ent r="64" t="255" w="67" /></phr></stem><stem n="web-environ"><phr n="web-environment"><ent r="3" t="255" w="116" /></phr></stem><stem n="-environment,"><phr n="-environment,"><ent r="3" t="255" w="118" /><ent r="3" t="255" w="118" /></phr></stem><stem n="stricter"><phr n="stricter"><ent r="3" t="255" w="121" /></phr></stem><stem n="&quot;asp.net"><phr n="&quot;ASP.NET"><ent r="64" t="255" w="154" /><ent r="65" t="255" w="173" /><ent r="65" t="255" w="195" /></phr></stem><stem n="mvc"><phr n="MVC"><ent r="4" t="255" w="185" /><ent r="65" t="255" w="196" /><ent r="1000" t="260" w="3" /><ent r="102" t="260" w="8" /><ent r="3" t="260" w="29" /><ent r="4" t="260" w="50" /></phr></stem><stem n=":request"><phr n=":Request"><ent r="100" t="256" w="7" /></phr></stem><stem n="-applications&quot;"><phr n="-Applications&quot;"><ent r="64" t="257" w="47" /><ent r="64" t="257" w="47" /></phr></stem><stem n="ihttpmodul"><phr n="IHttpModule"><ent r="3" t="257" w="56" /></phr></stem><stem n="ihttpmodule-interfac"><phr n="IHttpModule-interface"><ent r="3" t="257" w="56" /></phr></stem><stem n=".config"><phr n=".config"><ent r="3" t="257" w="65" /></phr></stem><stem n="web.config"><phr n="Web.config"><ent r="3" t="257" w="65" /><ent r="3" t="257" w="64" /><ent r="4" t="257" w="130" /><ent r="4" t="257" w="129" /><ent r="4" t="257" w="229" /><ent r="4" t="257" w="228" /></phr></stem><stem n="&lt;httpmodules&gt;"><phr n="&lt;httpModules&gt;"><ent r="4" t="257" w="68" /></phr></stem><stem n="&lt;add"><phr n="&lt;add"><ent r="4" t="257" w="69" /><ent r="4" t="257" w="84" /><ent r="4" t="257" w="105" /><ent r="4" t="257" w="215" /></phr></stem><stem n="db4odatabas"><phr n="Db4oDatabase"><ent r="4" t="257" w="71" /></phr></stem><stem n="=&quot;db4odatabase&quot;"><phr n="=&quot;Db4oDatabase&quot;"><ent r="4" t="257" w="72" /></phr></stem><stem n="db4odoc.webapp"><phr n="Db4oDoc.WebApp"><ent r="4" t="257" w="74" /><ent r="4" t="257" w="73" /></phr></stem><stem n="webapp"><phr n="WebApp"><ent r="4" t="257" w="74" /></phr></stem><stem n="db4odoc.webapp.infrastructur"><phr n="Db4oDoc.WebApp.Infrastructure"><ent r="4" t="257" w="75" /><ent r="4" t="257" w="73" /></phr></stem><stem n="infrastructur"><phr n="Infrastructure"><ent r="4" t="257" w="75" /></phr></stem><stem n="db4odoc.webapp.infrastructure.db4oprovid"><phr n="Db4oDoc.WebApp.Infrastructure.Db4oProvider"><ent r="4" t="257" w="76" /><ent r="4" t="257" w="73" /></phr></stem><stem n="db4oprovid"><phr n="Db4oProvider"><ent r="4" t="257" w="76" /><ent r="4" t="257" w="319" /><ent r="4" t="257" w="368" /><ent r="4" t="257" w="502" /><ent r="4" t="257" w="547" /><ent r="4" t="260" w="186" /><ent r="4" t="260" w="389" /></phr></stem><stem n="=&quot;db4odoc.webapp.infrastructure.db4oprovider&quot;"><phr n="=&quot;Db4oDoc.WebApp.Infrastructure.Db4oProvider&quot;"><ent r="4" t="257" w="77" /></phr></stem><stem n="!--"><phr n="!--"><ent r="4" t="257" w="79" /><ent r="4" t="299" w="50" /></phr></stem><stem n="--&gt;"><phr n="--&gt;"><ent r="4" t="257" w="81" /><ent r="4" t="257" w="82" /><ent r="4" t="299" w="58" /><ent r="4" t="299" w="59" /></phr></stem><stem n="modul"><phr n="modules"><ent r="4" t="257" w="81" /><ent r="3" t="305" w="96" /></phr><phr n="module"><ent r="3" t="301" w="87" /></phr></stem><stem n="modules-"><phr n="modules-"><ent r="4" t="257" w="81" /></phr></stem><stem n="modules--&gt;"><phr n="modules--&gt;"><ent r="4" t="257" w="81" /></phr></stem><stem n="scriptmodul"><phr n="ScriptModule"><ent r="4" t="257" w="86" /><ent r="4" t="257" w="91" /></phr></stem><stem n="=&quot;scriptmodule&quot;"><phr n="=&quot;ScriptModule&quot;"><ent r="4" t="257" w="87" /></phr></stem><stem n="system.web"><phr n="System.Web"><ent r="4" t="257" w="89" /><ent r="4" t="257" w="88" /><ent r="4" t="257" w="93" /><ent r="4" t="257" w="92" /><ent r="4" t="257" w="110" /><ent r="4" t="257" w="109" /><ent r="4" t="257" w="114" /><ent r="4" t="257" w="113" /></phr></stem><stem n="system.web.handl"><phr n="System.Web.Handlers"><ent r="4" t="257" w="90" /><ent r="4" t="257" w="88" /></phr></stem><stem n="system.web.handlers.scriptmodul"><phr n="System.Web.Handlers.ScriptModule"><ent r="4" t="257" w="91" /><ent r="4" t="257" w="88" /></phr></stem><stem n="system.web.handlers.scriptmodule,"><phr n="System.Web.Handlers.ScriptModule,"><ent r="4" t="257" w="91" /><ent r="4" t="257" w="88" /></phr></stem><stem n="=&quot;system.web.handlers.scriptmodule,"><phr n="=&quot;System.Web.Handlers.ScriptModule,"><ent r="4" t="257" w="92" /></phr></stem><stem n="system.web.extens"><phr n="System.Web.Extensions"><ent r="4" t="257" w="94" /><ent r="4" t="257" w="92" /></phr></stem><stem n="system.web.extensions,"><phr n="System.Web.Extensions,"><ent r="4" t="257" w="94" /><ent r="4" t="257" w="92" /></phr></stem><stem n=".web.extensions,"><phr n=".Web.Extensions,"><ent r="4" t="257" w="95" /></phr></stem><stem n="3.5.0"><phr n="3.5.0"><ent r="4" t="257" w="98" /><ent r="4" t="257" w="96" /><ent r="4" t="257" w="119" /><ent r="4" t="257" w="117" /></phr></stem><stem n="3.5.0.0"><phr n="3.5.0.0"><ent r="4" t="257" w="99" /><ent r="4" t="257" w="96" /><ent r="4" t="257" w="120" /><ent r="4" t="257" w="117" /></phr></stem><stem n="3.5.0.0,"><phr n="3.5.0.0,"><ent r="4" t="257" w="99" /><ent r="4" t="257" w="96" /><ent r="4" t="257" w="120" /><ent r="4" t="257" w="117" /></phr></stem><stem n="=3.5.0.0,"><phr n="=3.5.0.0,"><ent r="4" t="257" w="100" /><ent r="4" t="257" w="121" /></phr></stem><stem n="cultur"><phr n="Culture"><ent r="4" t="257" w="100" /><ent r="4" t="257" w="121" /><ent r="4" t="258" w="194" /><ent r="4" t="258" w="217" /><ent r="4" t="258" w="238" /><ent r="4" t="258" w="265" /><ent r="4" t="258" w="284" /><ent r="3" t="270" w="166" /><ent r="3" t="270" w="189" /><ent r="3" t="270" w="210" /><ent r="3" t="270" w="239" /><ent r="3" t="270" w="258" /></phr></stem><stem n="neutral"><phr n="neutral"><ent r="4" t="257" w="101" /><ent r="4" t="257" w="122" /><ent r="4" t="258" w="195" /><ent r="4" t="258" w="218" /><ent r="4" t="258" w="239" /><ent r="4" t="258" w="266" /><ent r="4" t="258" w="285" /><ent r="3" t="270" w="167" /><ent r="3" t="270" w="190" /><ent r="3" t="270" w="211" /><ent r="3" t="270" w="240" /><ent r="3" t="270" w="259" /></phr></stem><stem n="=neutral,"><phr n="=neutral,"><ent r="4" t="257" w="102" /><ent r="4" t="257" w="123" /><ent r="4" t="258" w="196" /><ent r="4" t="258" w="219" /><ent r="4" t="258" w="240" /><ent r="4" t="258" w="267" /><ent r="4" t="258" w="286" /><ent r="3" t="270" w="168" /><ent r="3" t="270" w="191" /><ent r="3" t="270" w="212" /><ent r="3" t="270" w="241" /><ent r="3" t="270" w="260" /></phr></stem><stem n="publickeytoken"><phr n="PublicKeyToken"><ent r="4" t="257" w="102" /><ent r="4" t="257" w="123" /><ent r="4" t="258" w="196" /><ent r="4" t="258" w="219" /><ent r="4" t="258" w="240" /><ent r="4" t="258" w="267" /><ent r="4" t="258" w="286" /><ent r="3" t="270" w="168" /><ent r="3" t="270" w="191" /><ent r="3" t="270" w="212" /><ent r="3" t="270" w="241" /><ent r="3" t="270" w="260" /></phr></stem><stem n="31bf3856ad364e35"><phr n="31BF3856AD364E35"><ent r="4" t="257" w="103" /><ent r="4" t="257" w="124" /></phr></stem><stem n="=31bf3856ad364e35&quot;/&gt;"><phr n="=31BF3856AD364E35&quot;/&gt;"><ent r="4" t="257" w="104" /><ent r="4" t="257" w="125" /></phr></stem><stem n="urlroutingmodul"><phr n="UrlRoutingModule"><ent r="4" t="257" w="107" /><ent r="4" t="257" w="112" /></phr></stem><stem n="=&quot;urlroutingmodule&quot;"><phr n="=&quot;UrlRoutingModule&quot;"><ent r="4" t="257" w="108" /></phr></stem><stem n="system.web.rout"><phr n="System.Web.Routing"><ent r="4" t="257" w="111" /><ent r="4" t="257" w="109" /><ent r="4" t="257" w="115" /><ent r="4" t="257" w="113" /></phr></stem><stem n="system.web.routing.urlroutingmodul"><phr n="System.Web.Routing.UrlRoutingModule"><ent r="4" t="257" w="112" /><ent r="4" t="257" w="109" /></phr></stem><stem n="system.web.routing.urlroutingmodule,"><phr n="System.Web.Routing.UrlRoutingModule,"><ent r="4" t="257" w="112" /><ent r="4" t="257" w="109" /></phr></stem><stem n="=&quot;system.web.routing.urlroutingmodule,"><phr n="=&quot;System.Web.Routing.UrlRoutingModule,"><ent r="4" t="257" w="113" /></phr></stem><stem n="system.web.routing,"><phr n="System.Web.Routing,"><ent r="4" t="257" w="115" /><ent r="4" t="257" w="113" /></phr></stem><stem n=".web.routing,"><phr n=".Web.Routing,"><ent r="4" t="257" w="116" /></phr></stem><stem n="/httpmodules&gt;"><phr n="/httpModules&gt;"><ent r="4" t="257" w="127" /></phr></stem><stem n="&lt;/httpmodules&gt;"><phr n="&lt;/httpModules&gt;"><ent r="4" t="257" w="127" /><ent r="4" t="257" w="126" /></phr></stem><stem n="httpmodules&gt;"><phr n="httpModules&gt;"><ent r="4" t="257" w="127" /></phr></stem><stem n=".config:"><phr n=".config:"><ent r="4" t="257" w="131" /><ent r="4" t="257" w="230" /></phr></stem><stem n="-http-handler"><phr n="-http-handler"><ent r="4" t="257" w="133" /><ent r="4" t="257" w="134" /></phr></stem><stem n="db4o-http"><phr n="db4o-http"><ent r="4" t="257" w="133" /></phr></stem><stem n="db4o-http-handl"><phr n="db4o-http-handler"><ent r="4" t="257" w="133" /></phr></stem><stem n="http-handler"><phr n="http-handler"><ent r="4" t="257" w="134" /></phr></stem><stem n="-site"><phr n="-site"><ent r="3" t="257" w="166" /><ent r="3" t="257" w="166" /></phr></stem><stem n="web-sit"><phr n="web-site"><ent r="3" t="257" w="166" /></phr></stem><stem n="anonym"><phr n="anonymous"><ent r="3" t="257" w="200" /></phr></stem><stem n="web-serv"><phr n="web-server"><ent r="3" t="257" w="203" /><ent r="4" t="258" w="299" /></phr></stem><stem n="&lt;appsettings&gt;"><phr n="&lt;appSettings&gt;"><ent r="4" t="257" w="214" /></phr></stem><stem n="=&quot;databasefilename&quot;"><phr n="=&quot;DatabaseFileName&quot;"><ent r="4" t="257" w="218" /></phr></stem><stem n="~"><phr n="~"><ent r="4" t="257" w="219" /></phr></stem><stem n="~/app"><phr n="~/App"><ent r="4" t="257" w="220" /><ent r="4" t="257" w="219" /></phr></stem><stem n="app"><phr n="App"><ent r="4" t="257" w="220" /></phr><phr n="app"><ent r="5" t="262" w="279" /></phr></stem><stem n="~/app_data"><phr n="~/App_Data"><ent r="4" t="257" w="221" /><ent r="4" t="257" w="219" /></phr></stem><stem n="~/app_data/databas"><phr n="~/App_Data/database"><ent r="4" t="257" w="222" /><ent r="4" t="257" w="219" /></phr></stem><stem n="~/app_data/database.db4o"><phr n="~/App_Data/database.db4o"><ent r="4" t="257" w="223" /><ent r="4" t="257" w="219" /></phr></stem><stem n="=&quot;~/app_data/database.db4o&quot;/&gt;"><phr n="=&quot;~/App_Data/database.db4o&quot;/&gt;"><ent r="4" t="257" w="224" /></phr></stem><stem n="/appsettings&gt;"><phr n="/appSettings&gt;"><ent r="4" t="257" w="226" /></phr></stem><stem n="&lt;/appsettings&gt;"><phr n="&lt;/appSettings&gt;"><ent r="4" t="257" w="226" /><ent r="4" t="257" w="225" /></phr></stem><stem n="appsettings&gt;"><phr n="appSettings&gt;"><ent r="4" t="257" w="226" /></phr></stem><stem n="application-context"><phr n="application-context"><ent r="3" t="257" w="262" /></phr></stem><stem n="-context:"><phr n="-context:"><ent r="3" t="257" w="264" /><ent r="3" t="257" w="264" /></phr></stem><stem n="init"><phr n="Init"><ent r="4" t="257" w="269" /></phr></stem><stem n="(httpapplic"><phr n="(HttpApplication"><ent r="4" t="257" w="270" /><ent r="4" t="257" w="441" /></phr></stem><stem n="httpapplic"><phr n="HttpApplication"><ent r="4" t="257" w="270" /><ent r="4" t="257" w="441" /></phr><phr n="httpApplication"><ent r="4" t="257" w="442" /><ent r="4" t="257" w="443" /><ent r="4" t="257" w="447" /></phr></stem><stem n="httpcontext"><phr n="HttpContext"><ent r="4" t="257" w="278" /><ent r="4" t="257" w="282" /><ent r="4" t="257" w="307" /><ent r="4" t="257" w="350" /><ent r="4" t="257" w="466" /><ent r="4" t="257" w="475" /><ent r="4" t="257" w="495" /><ent r="4" t="257" w="542" /></phr></stem><stem n="httpcontext.curr"><phr n="HttpContext.Current"><ent r="4" t="257" w="279" /><ent r="4" t="257" w="278" /><ent r="4" t="257" w="283" /><ent r="4" t="257" w="282" /><ent r="4" t="257" w="308" /><ent r="4" t="257" w="307" /><ent r="4" t="257" w="351" /><ent r="4" t="257" w="350" /><ent r="4" t="257" w="467" /><ent r="4" t="257" w="466" /><ent r="4" t="257" w="476" /><ent r="4" t="257" w="475" /><ent r="4" t="257" w="496" /><ent r="4" t="257" w="495" /><ent r="4" t="257" w="543" /><ent r="4" t="257" w="542" /></phr></stem><stem n="httpcontext.current.appl"><phr n="HttpContext.Current.Application"><ent r="4" t="257" w="280" /><ent r="4" t="257" w="278" /><ent r="4" t="257" w="284" /><ent r="4" t="257" w="282" /><ent r="4" t="257" w="352" /><ent r="4" t="257" w="350" /><ent r="4" t="257" w="468" /><ent r="4" t="257" w="466" /></phr></stem><stem n="databaseinst"><phr n="DataBaseInstance"><ent r="4" t="257" w="281" /><ent r="4" t="257" w="285" /><ent r="4" t="257" w="353" /><ent r="4" t="257" w="469" /></phr></stem><stem n=".current.application[databaseinstance])"><phr n=".Current.Application[DataBaseInstance])"><ent r="4" t="257" w="282" /></phr></stem><stem n=".current.application[databaseinstance]"><phr n=".Current.Application[DataBaseInstance]"><ent r="4" t="257" w="286" /><ent r="4" t="257" w="354" /></phr></stem><stem n="registersessioncr"><phr n="RegisterSessionCreation"><ent r="4" t="257" w="287" /><ent r="4" t="257" w="440" /></phr></stem><stem n="(context);"><phr n="(context);"><ent r="4" t="257" w="289" /></phr></stem><stem n="iembeddedobjectcontain"><phr n="IEmbeddedObjectContainer"><ent r="4" t="257" w="292" /></phr></stem><stem n="relativepath"><phr n="relativePath"><ent r="4" t="257" w="297" /><ent r="4" t="257" w="311" /></phr></stem><stem n="configurationset"><phr n="ConfigurationSettings"><ent r="4" t="257" w="298" /></phr></stem><stem n="configurationsettings.appset"><phr n="ConfigurationSettings.AppSettings"><ent r="4" t="257" w="299" /><ent r="4" t="257" w="298" /></phr></stem><stem n="appset"><phr n="AppSettings"><ent r="4" t="257" w="299" /></phr></stem><stem n=".appsettings["><phr n=".AppSettings["><ent r="4" t="257" w="300" /></phr></stem><stem n="&quot;databasefilename&quot;"><phr n="&quot;DatabaseFileName&quot;"><ent r="5" t="257" w="302" /></phr></stem><stem n="];"><phr n="];"><ent r="4" t="257" w="303" /></phr></stem><stem n="filepath"><phr n="filePath"><ent r="4" t="257" w="306" /><ent r="4" t="257" w="317" /></phr></stem><stem n="httpcontext.current.serv"><phr n="HttpContext.Current.Server"><ent r="4" t="257" w="309" /><ent r="4" t="257" w="307" /></phr></stem><stem n="httpcontext.current.server.mappath"><phr n="HttpContext.Current.Server.MapPath"><ent r="4" t="257" w="310" /><ent r="4" t="257" w="307" /></phr></stem><stem n="mappath"><phr n="MapPath"><ent r="4" t="257" w="310" /></phr></stem><stem n=".current.server.mappath(relativepath);"><phr n=".Current.Server.MapPath(relativePath);"><ent r="4" t="257" w="312" /></phr></stem><stem n=".openfile(filepath);"><phr n=".OpenFile(filePath);"><ent r="4" t="257" w="318" /></phr></stem><stem n="db4oprovider.c"><phr n="Db4oProvider.cs"><ent r="4" t="257" w="320" /><ent r="4" t="257" w="319" /><ent r="4" t="257" w="369" /><ent r="4" t="257" w="368" /><ent r="4" t="257" w="503" /><ent r="4" t="257" w="502" /><ent r="4" t="257" w="548" /><ent r="4" t="257" w="547" /></phr></stem><stem n="dispose-method"><phr n="dispose-method"><ent r="3" t="257" w="336" /></phr></stem><stem n="idispos"><phr n="IDisposable"><ent r="4" t="257" w="348" /><ent r="4" t="257" w="357" /></phr></stem><stem n="todispos"><phr n="toDispose"><ent r="4" t="257" w="349" /><ent r="4" t="257" w="364" /><ent r="4" t="257" w="365" /></phr></stem><stem n="todispose.dispos"><phr n="toDispose.Dispose"><ent r="4" t="257" w="366" /><ent r="4" t="257" w="365" /></phr></stem><stem n=".dispose();"><phr n=".Dispose();"><ent r="4" t="257" w="367" /><ent r="4" t="257" w="501" /></phr></stem><stem n="-session-method"><phr n="-session-method"><ent r="64" t="257" w="405" /><ent r="64" t="257" w="406" /></phr></stem><stem n="open-session-method"><phr n="open-session-method"><ent r="64" t="257" w="405" /></phr></stem><stem n="session-method"><phr n="session-method"><ent r="64" t="257" w="406" /></phr></stem><stem n="-begin"><phr n="-begin"><ent r="3" t="257" w="412" /><ent r="3" t="257" w="412" /></phr></stem><stem n="request-begin"><phr n="request-begin"><ent r="3" t="257" w="412" /></phr></stem><stem n="-end"><phr n="-end"><ent r="3" t="257" w="415" /><ent r="3" t="257" w="415" /></phr></stem><stem n="request-end"><phr n="request-end"><ent r="3" t="257" w="415" /></phr></stem><stem n=".beginrequest"><phr n=".BeginRequest"><ent r="4" t="257" w="444" /></phr></stem><stem n="httpapplication.beginrequest"><phr n="httpApplication.BeginRequest"><ent r="4" t="257" w="444" /><ent r="4" t="257" w="443" /></phr></stem><stem n="beginrequest"><phr n="BeginRequest"><ent r="4" t="257" w="444" /></phr></stem><stem n=".endrequest"><phr n=".EndRequest"><ent r="4" t="257" w="448" /></phr></stem><stem n="httpapplication.endrequest"><phr n="httpApplication.EndRequest"><ent r="4" t="257" w="448" /><ent r="4" t="257" w="447" /></phr></stem><stem n="endrequest"><phr n="EndRequest"><ent r="4" t="257" w="448" /></phr></stem><stem n="closesess"><phr n="CloseSession"><ent r="4" t="257" w="450" /><ent r="4" t="257" w="485" /></phr></stem><stem n="eventarg"><phr n="EventArgs"><ent r="4" t="257" w="461" /><ent r="4" t="257" w="490" /></phr></stem><stem n="(iobjectcontainer)httpcontext.current.application[databaseinstance];"><phr n="(IObjectContainer)HttpContext.Current.Application[DataBaseInstance];"><ent r="4" t="257" w="470" /></phr></stem><stem n="httpcontext.current.item"><phr n="HttpContext.Current.Items"><ent r="4" t="257" w="477" /><ent r="4" t="257" w="475" /><ent r="4" t="257" w="497" /><ent r="4" t="257" w="495" /><ent r="4" t="257" w="544" /><ent r="4" t="257" w="542" /></phr></stem><stem n="sessionkei"><phr n="SessionKey"><ent r="4" t="257" w="478" /><ent r="4" t="257" w="498" /><ent r="4" t="257" w="545" /></phr></stem><stem n=".current.items[sessionkey]"><phr n=".Current.Items[SessionKey]"><ent r="4" t="257" w="479" /></phr></stem><stem n="(iobjectcontainer)httpcontext.current.items[sessionkey];"><phr n="(IObjectContainer)HttpContext.Current.Items[SessionKey];"><ent r="4" t="257" w="499" /><ent r="4" t="257" w="546" /></phr></stem><stem n="session.dispos"><phr n="session.Dispose"><ent r="4" t="257" w="500" /><ent r="4" t="257" w="499" /></phr></stem><stem n="request-inst"><phr n="request-instance"><ent r="3" t="257" w="526" /></phr></stem><stem n="-instance:"><phr n="-instance:"><ent r="3" t="257" w="528" /><ent r="3" t="257" w="528" /></phr></stem></index>