﻿<?xml version="1.0" encoding="utf-8"?><index><stem n="p.name.startswith"><phr n="p.Name.StartsWith"><ent r="4" t="8" w="124" /><ent r="4" t="8" w="122" /><ent r="4" t="8" w="228" /><ent r="4" t="8" w="226" /></phr></stem><stem n="startswith"><phr n="StartsWith"><ent r="4" t="8" w="124" /><ent r="4" t="8" w="228" /><ent r="82" t="14" w="1045" /><ent r="5" t="20" w="486" /><ent r="82" t="31" w="1104" /></phr></stem><stem n=".name.startswith("><phr n=".Name.StartsWith("><ent r="4" t="8" w="125" /><ent r="4" t="8" w="229" /></phr></stem><stem n="jo"><phr n="Jo"><ent r="5" t="8" w="126" /><ent r="5" t="8" w="230" /><ent r="3" t="24" w="269" /><ent r="3" t="24" w="287" /><ent r="5" t="24" w="298" /><ent r="4" t="24" w="316" /><ent r="5" t="24" w="336" /><ent r="4" t="24" w="360" /><ent r="3" t="290" w="169" /></phr></stem><stem n="&quot;jo&quot;"><phr n="&quot;Jo&quot;"><ent r="5" t="8" w="127" /><ent r="5" t="8" w="231" /><ent r="5" t="24" w="299" /><ent r="5" t="24" w="337" /></phr></stem><stem n=";"><phr n=";"><ent r="4" t="8" w="132" /><ent r="4" t="8" w="146" /><ent r="4" t="10" w="357" /><ent r="4" t="10" w="533" /><ent r="4" t="12" w="160" /><ent r="4" t="12" w="311" /><ent r="4" t="13" w="76" /><ent r="4" t="13" w="154" /><ent r="4" t="13" w="246" /><ent r="4" t="13" w="345" /><ent r="4" t="13" w="455" /><ent r="4" t="14" w="203" /><ent r="4" t="14" w="303" /><ent r="4" t="14" w="454" /><ent r="4" t="14" w="582" /><ent r="4" t="14" w="690" /><ent r="4" t="14" w="767" /><ent r="4" t="14" w="856" /><ent r="4" t="14" w="934" /><ent r="4" t="14" w="1113" /><ent r="4" t="14" w="1242" /><ent r="4" t="14" w="1321" /><ent r="4" t="14" w="1453" /><ent r="4" t="14" w="1523" /><ent r="4" t="15" w="151" /><ent r="4" t="15" w="259" /><ent r="4" t="15" w="529" /><ent r="4" t="15" w="665" /><ent r="4" t="15" w="693" /><ent r="4" t="17" w="263" /><ent r="4" t="18" w="139" /><ent r="4" t="18" w="255" /><ent r="4" t="18" w="392" /><ent r="4" t="18" w="535" /><ent r="4" t="18" w="714" /><ent r="4" t="18" w="949" /><ent r="4" t="19" w="83" /><ent r="4" t="20" w="174" /><ent r="4" t="23" w="123" /><ent r="4" t="24" w="102" /><ent r="4" t="24" w="187" /><ent r="4" t="24" w="300" /><ent r="4" t="24" w="303" /><ent r="4" t="24" w="646" /><ent r="4" t="24" w="655" /><ent r="4" t="29" w="582" /><ent r="4" t="30" w="428" /><ent r="4" t="34" w="332" /><ent r="4" t="35" w="114" /><ent r="4" t="35" w="131" /><ent r="4" t="35" w="318" /><ent r="4" t="35" w="337" /><ent r="4" t="42" w="67" /><ent r="4" t="42" w="73" /><ent r="4" t="42" w="86" /><ent r="4" t="42" w="101" /><ent r="4" t="42" w="106" /><ent r="4" t="42" w="118" /><ent r="4" t="42" w="131" /><ent r="4" t="45" w="105" /><ent r="4" t="45" w="113" /><ent r="4" t="45" w="383" /><ent r="4" t="45" w="391" /><ent r="4" t="45" w="524" /><ent r="4" t="45" w="532" /><ent r="4" t="46" w="371" /><ent r="4" t="49" w="350" /><ent r="4" t="49" w="497" /><ent r="4" t="49" w="532" /><ent r="4" t="49" w="793" /><ent r="4" t="49" w="801" /><ent r="4" t="49" w="829" /><ent r="4" t="49" w="1123" /><ent r="4" t="50" w="1003" /><ent r="4" t="52" w="159" /><ent r="4" t="54" w="220" /><ent r="4" t="59" w="124" /><ent r="4" t="64" w="194" /><ent r="4" t="66" w="613" /><ent r="4" t="69" w="227" /><ent r="4" t="74" w="159" /><ent r="4" t="74" w="312" /><ent r="4" t="74" w="327" /><ent r="4" t="74" w="690" /><ent r="4" t="74" w="821" /><ent r="4" t="74" w="964" /><ent r="4" t="74" w="979" /><ent r="4" t="75" w="254" /><ent r="4" t="75" w="269" /><ent r="4" t="75" w="471" /><ent r="4" t="75" w="585" /><ent r="4" t="75" w="713" /><ent r="4" t="75" w="860" /><ent r="4" t="75" w="875" /><ent r="4" t="76" w="87" /><ent r="4" t="76" w="229" /><ent r="4" t="76" w="244" /><ent r="4" t="76" w="594" /><ent r="4" t="76" w="611" /><ent r="4" t="76" w="798" /><ent r="4" t="76" w="817" /><ent r="4" t="96" w="175" /><ent r="4" t="99" w="130" /><ent r="4" t="99" w="143" /><ent r="4" t="99" w="148" /><ent r="4" t="99" w="288" /><ent r="4" t="99" w="300" /><ent r="4" t="99" w="303" /><ent r="4" t="99" w="306" /><ent r="4" t="99" w="310" /><ent r="4" t="99" w="660" /><ent r="4" t="100" w="134" /><ent r="4" t="100" w="290" /><ent r="4" t="102" w="108" /><ent r="4" t="102" w="146" /><ent r="4" t="102" w="166" /><ent r="4" t="106" w="153" /><ent r="4" t="109" w="300" /><ent r="4" t="112" w="372" /><ent r="4" t="112" w="380" /><ent r="4" t="112" w="388" /><ent r="4" t="112" w="409" /><ent r="4" t="112" w="414" /><ent r="4" t="112" w="419" /><ent r="4" t="112" w="432" /><ent r="4" t="112" w="445" /><ent r="4" t="112" w="458" /><ent r="4" t="112" w="479" /><ent r="4" t="112" w="492" /><ent r="4" t="112" w="504" /><ent r="4" t="112" w="529" /><ent r="4" t="112" w="542" /><ent r="4" t="112" w="556" /><ent r="4" t="112" w="578" /><ent r="4" t="112" w="583" /><ent r="4" t="112" w="588" /><ent r="4" t="112" w="592" /><ent r="4" t="114" w="315" /><ent r="4" t="114" w="349" /><ent r="4" t="114" w="353" /><ent r="4" t="117" w="122" /><ent r="3" t="127" w="36" /><ent r="4" t="130" w="96" /><ent r="4" t="130" w="119" /><ent r="4" t="141" w="141" /><ent r="4" t="141" w="148" /><ent r="4" t="141" w="164" /><ent r="4" t="145" w="60" /><ent r="4" t="146" w="92" /><ent r="4" t="148" w="79" /><ent r="4" t="149" w="88" /><ent r="4" t="150" w="191" /><ent r="4" t="151" w="96" /><ent r="4" t="152" w="99" /><ent r="4" t="153" w="120" /><ent r="4" t="155" w="59" /><ent r="4" t="156" w="39" /><ent r="4" t="158" w="61" /><ent r="4" t="159" w="59" /><ent r="4" t="161" w="70" /><ent r="4" t="170" w="79" /><ent r="4" t="172" w="71" /><ent r="4" t="174" w="100" /><ent r="4" t="175" w="62" /><ent r="4" t="176" w="133" /><ent r="4" t="177" w="116" /><ent r="4" t="181" w="50" /><ent r="4" t="182" w="78" /><ent r="4" t="183" w="55" /><ent r="4" t="184" w="92" /><ent r="4" t="185" w="136" /><ent r="4" t="187" w="45" /><ent r="4" t="187" w="183" /><ent r="4" t="188" w="57" /><ent r="4" t="188" w="298" /><ent r="4" t="188" w="454" /><ent r="4" t="190" w="92" /><ent r="4" t="190" w="406" /><ent r="4" t="190" w="421" /><ent r="4" t="190" w="446" /><ent r="4" t="191" w="222" /><ent r="4" t="193" w="63" /><ent r="4" t="197" w="102" /><ent r="4" t="198" w="101" /><ent r="4" t="199" w="42" /><ent r="4" t="203" w="38" /><ent r="4" t="206" w="89" /><ent r="4" t="207" w="47" /><ent r="4" t="223" w="154" /><ent r="4" t="236" w="130" /><ent r="4" t="236" w="143" /><ent r="4" t="236" w="155" /><ent r="5" t="237" w="379" /><ent r="4" t="240" w="393" /><ent r="4" t="240" w="405" /><ent r="4" t="240" w="550" /><ent r="4" t="240" w="1261" /><ent r="4" t="241" w="230" /><ent r="4" t="241" w="233" /><ent r="4" t="241" w="242" /><ent r="4" t="241" w="267" /><ent r="4" t="241" w="283" /><ent r="4" t="248" w="163" /><ent r="4" t="250" w="85" /><ent r="4" t="250" w="244" /><ent r="4" t="251" w="63" /><ent r="4" t="251" w="76" /><ent r="4" t="251" w="81" /><ent r="4" t="251" w="430" /><ent r="4" t="253" w="63" /><ent r="4" t="253" w="88" /><ent r="4" t="253" w="362" /><ent r="4" t="254" w="163" /><ent r="3" t="257" w="202" /><ent r="4" t="257" w="358" /><ent r="4" t="257" w="447" /><ent r="4" t="257" w="451" /><ent r="4" t="257" w="480" /><ent r="4" t="259" w="216" /><ent r="4" t="262" w="187" /><ent r="4" t="262" w="254" /><ent r="4" t="263" w="118" /><ent r="4" t="263" w="132" /><ent r="4" t="263" w="137" /><ent r="4" t="263" w="381" /><ent r="4" t="263" w="385" /><ent r="4" t="264" w="48" /><ent r="4" t="264" w="51" /><ent r="4" t="264" w="199" /><ent r="4" t="264" w="212" /><ent r="4" t="264" w="217" /><ent r="4" t="265" w="164" /><ent r="4" t="265" w="170" /><ent r="4" t="265" w="201" /><ent r="4" t="265" w="206" /><ent r="4" t="265" w="219" /><ent r="4" t="265" w="224" /><ent r="4" t="265" w="237" /><ent r="4" t="265" w="242" /><ent r="4" t="265" w="273" /><ent r="4" t="265" w="279" /><ent r="4" t="265" w="305" /><ent r="4" t="265" w="318" /><ent r="4" t="265" w="323" /><ent r="4" t="265" w="336" /><ent r="4" t="265" w="341" /><ent r="4" t="265" w="353" /><ent r="4" t="265" w="358" /><ent r="4" t="266" w="266" /><ent r="4" t="266" w="272" /><ent r="4" t="266" w="393" /><ent r="4" t="267" w="83" /><ent r="4" t="267" w="98" /><ent r="4" t="270" w="498" /><ent r="4" t="275" w="475" /><ent r="4" t="284" w="77" /><ent r="6" t="300" w="267" /><ent r="6" t="300" w="595" /><ent r="4" t="307" w="61" /><ent r="4" t="307" w="69" /><ent r="4" t="307" w="80" /><ent r="4" t="307" w="96" /></phr></stem><stem n="toupdat"><phr n="toUpdate"><ent r="4" t="8" w="137" /><ent r="4" t="8" w="140" /><ent r="4" t="8" w="148" /><ent r="4" t="8" w="155" /><ent r="4" t="8" w="238" /><ent r="4" t="8" w="245" /><ent r="4" t="8" w="253" /><ent r="4" t="8" w="260" /></phr></stem><stem n="pilots.first"><phr n="pilots.First"><ent r="4" t="8" w="139" /><ent r="4" t="8" w="138" /><ent r="4" t="8" w="244" /><ent r="4" t="8" w="243" /></phr></stem><stem n=".first();"><phr n=".First();"><ent r="4" t="8" w="140" /></phr></stem><stem n=".name"><phr n=".Name"><ent r="4" t="8" w="141" /><ent r="4" t="8" w="246" /><ent r="4" t="10" w="350" /><ent r="4" t="10" w="419" /><ent r="4" t="10" w="519" /><ent r="4" t="10" w="528" /><ent r="4" t="10" w="587" /><ent r="4" t="10" w="593" /><ent r="4" t="10" w="660" /><ent r="4" t="10" w="717" /><ent r="4" t="12" w="306" /><ent r="4" t="12" w="363" /><ent r="4" t="13" w="340" /><ent r="4" t="13" w="388" /><ent r="4" t="13" w="450" /><ent r="4" t="13" w="507" /><ent r="4" t="15" w="146" /><ent r="4" t="15" w="201" /><ent r="4" t="17" w="259" /><ent r="4" t="18" w="135" /><ent r="4" t="18" w="207" /><ent r="4" t="18" w="531" /><ent r="4" t="18" w="619" /><ent r="4" t="18" w="710" /><ent r="4" t="18" w="750" /><ent r="4" t="20" w="170" /><ent r="4" t="20" w="242" /><ent r="4" t="23" w="119" /><ent r="4" t="23" w="153" /><ent r="4" t="24" w="98" /><ent r="4" t="24" w="132" /><ent r="4" t="24" w="296" /><ent r="4" t="24" w="334" /><ent r="4" t="24" w="642" /><ent r="4" t="24" w="683" /><ent r="4" t="34" w="327" /><ent r="4" t="34" w="390" /><ent r="4" t="49" w="1118" /><ent r="4" t="49" w="1266" /><ent r="4" t="50" w="998" /><ent r="4" t="50" w="1060" /><ent r="4" t="54" w="216" /><ent r="4" t="54" w="267" /><ent r="4" t="66" w="609" /><ent r="4" t="66" w="697" /><ent r="4" t="74" w="322" /><ent r="4" t="74" w="410" /><ent r="4" t="74" w="957" /><ent r="4" t="74" w="974" /><ent r="4" t="74" w="1033" /><ent r="4" t="74" w="1056" /><ent r="4" t="75" w="264" /><ent r="4" t="75" w="355" /><ent r="4" t="75" w="853" /><ent r="4" t="75" w="870" /><ent r="4" t="75" w="931" /><ent r="4" t="75" w="954" /><ent r="4" t="76" w="239" /><ent r="4" t="76" w="331" /><ent r="4" t="122" w="262" /><ent r="4" t="122" w="334" /><ent r="4" t="124" w="199" /><ent r="4" t="124" w="277" /><ent r="4" t="124" w="279" /><ent r="4" t="125" w="207" /><ent r="4" t="125" w="285" /><ent r="4" t="125" w="287" /><ent r="4" t="227" w="112" /><ent r="4" t="227" w="201" /><ent r="4" t="253" w="83" /><ent r="4" t="253" w="197" /><ent r="4" t="253" w="357" /><ent r="4" t="253" w="437" /><ent r="4" t="254" w="100" /><ent r="4" t="254" w="144" /><ent r="4" t="254" w="226" /><ent r="4" t="254" w="228" /><ent r="4" t="254" w="285" /><ent r="4" t="254" w="287" /><ent r="4" t="260" w="382" /><ent r="4" t="263" w="514" /><ent r="4" t="263" w="590" /></phr><phr n=".name"><ent r="4" t="42" w="84" /><ent r="4" t="42" w="104" /><ent r="4" t="265" w="204" /></phr></stem><stem n="toupdate.nam"><phr n="toUpdate.Name"><ent r="4" t="8" w="141" /><ent r="4" t="8" w="140" /><ent r="4" t="8" w="246" /><ent r="4" t="8" w="245" /></phr></stem><stem n="&quot;new"><phr n="&quot;New"><ent r="5" t="8" w="143" /><ent r="5" t="8" w="248" /><ent r="5" t="10" w="530" /><ent r="5" t="10" w="595" /><ent r="5" t="34" w="329" /><ent r="5" t="34" w="392" /><ent r="5" t="45" w="102" /><ent r="5" t="45" w="109" /><ent r="5" t="45" w="216" /><ent r="5" t="45" w="223" /><ent r="5" t="45" w="380" /><ent r="5" t="45" w="387" /><ent r="5" t="45" w="442" /><ent r="5" t="45" w="449" /><ent r="5" t="45" w="521" /><ent r="5" t="45" w="528" /><ent r="5" t="45" w="571" /><ent r="5" t="45" w="578" /><ent r="5" t="49" w="1120" /><ent r="5" t="49" w="1268" /><ent r="5" t="50" w="1000" /><ent r="5" t="50" w="1062" /><ent r="5" t="74" w="324" /><ent r="5" t="74" w="412" /><ent r="5" t="74" w="976" /><ent r="5" t="74" w="1058" /><ent r="5" t="75" w="266" /><ent r="5" t="75" w="357" /><ent r="5" t="75" w="872" /><ent r="5" t="75" w="956" /><ent r="5" t="76" w="241" /><ent r="5" t="76" w="333" /><ent r="5" t="227" w="114" /><ent r="5" t="227" w="203" /></phr></stem><stem n=".store(toupdate);"><phr n=".Store(toUpdate);"><ent r="4" t="8" w="149" /></phr></stem><stem n="container.delet"><phr n="container.Delete"><ent r="4" t="8" w="154" /><ent r="4" t="8" w="153" /><ent r="4" t="8" w="259" /><ent r="4" t="8" w="258" /><ent r="4" t="10" w="669" /><ent r="4" t="10" w="668" /><ent r="4" t="10" w="723" /><ent r="4" t="10" w="722" /><ent r="4" t="56" w="57" /><ent r="4" t="56" w="56" /><ent r="4" t="56" w="113" /><ent r="4" t="56" w="112" /><ent r="4" t="56" w="198" /><ent r="4" t="56" w="197" /><ent r="4" t="56" w="223" /><ent r="4" t="56" w="222" /><ent r="4" t="57" w="179" /><ent r="4" t="57" w="178" /><ent r="4" t="57" w="216" /><ent r="4" t="57" w="215" /><ent r="4" t="58" w="241" /><ent r="4" t="58" w="240" /><ent r="4" t="58" w="303" /><ent r="4" t="58" w="302" /><ent r="4" t="122" w="274" /><ent r="4" t="122" w="273" /><ent r="4" t="122" w="346" /><ent r="4" t="122" w="345" /><ent r="4" t="124" w="206" /><ent r="4" t="124" w="205" /><ent r="4" t="124" w="284" /><ent r="4" t="124" w="283" /><ent r="4" t="125" w="214" /><ent r="4" t="125" w="213" /><ent r="4" t="125" w="292" /><ent r="4" t="125" w="291" /></phr></stem><stem n=".delete(toupdate);"><phr n=".Delete(toUpdate);"><ent r="4" t="8" w="156" /></phr></stem><stem n="}"><phr n="}"><ent r="4" t="8" w="156" /><ent r="4" t="10" w="96" /><ent r="4" t="10" w="232" /><ent r="4" t="10" w="373" /><ent r="4" t="10" w="373" /><ent r="4" t="10" w="541" /><ent r="4" t="10" w="671" /><ent r="4" t="18" w="714" /><ent r="4" t="21" w="217" /><ent r="4" t="21" w="238" /><ent r="4" t="21" w="238" /><ent r="4" t="21" w="238" /><ent r="4" t="29" w="216" /><ent r="4" t="29" w="216" /><ent r="4" t="29" w="597" /><ent r="4" t="29" w="619" /><ent r="4" t="29" w="619" /><ent r="4" t="30" w="448" /><ent r="4" t="30" w="448" /><ent r="4" t="31" w="1661" /><ent r="4" t="31" w="1661" /><ent r="4" t="31" w="1661" /><ent r="4" t="31" w="1661" /><ent r="4" t="34" w="595" /><ent r="4" t="34" w="595" /><ent r="4" t="35" w="155" /><ent r="4" t="42" w="86" /><ent r="4" t="42" w="106" /><ent r="4" t="42" w="118" /><ent r="4" t="42" w="118" /><ent r="4" t="42" w="131" /><ent r="4" t="42" w="131" /><ent r="4" t="42" w="131" /><ent r="4" t="45" w="143" /><ent r="4" t="45" w="174" /><ent r="4" t="46" w="108" /><ent r="4" t="46" w="152" /><ent r="4" t="46" w="152" /><ent r="4" t="49" w="497" /><ent r="4" t="49" w="527" /><ent r="4" t="49" w="532" /><ent r="4" t="49" w="550" /><ent r="4" t="49" w="550" /><ent r="4" t="49" w="793" /><ent r="4" t="49" w="801" /><ent r="4" t="49" w="801" /><ent r="4" t="49" w="829" /><ent r="4" t="49" w="1038" /><ent r="4" t="49" w="1093" /><ent r="4" t="49" w="1125" /><ent r="4" t="50" w="137" /><ent r="4" t="50" w="537" /><ent r="4" t="50" w="766" /><ent r="4" t="52" w="144" /><ent r="4" t="52" w="159" /><ent r="4" t="52" w="159" /><ent r="4" t="52" w="159" /><ent r="5" t="53" w="159" /><ent r="5" t="53" w="172" /><ent r="5" t="53" w="172" /><ent r="5" t="53" w="337" /><ent r="5" t="53" w="350" /><ent r="5" t="53" w="350" /><ent r="5" t="53" w="549" /><ent r="5" t="53" w="562" /><ent r="5" t="53" w="562" /><ent r="4" t="60" w="237" /><ent r="4" t="60" w="237" /><ent r="4" t="60" w="237" /><ent r="4" t="63" w="92" /><ent r="4" t="63" w="110" /><ent r="4" t="63" w="110" /><ent r="4" t="64" w="202" /><ent r="4" t="64" w="202" /><ent r="4" t="66" w="209" /><ent r="4" t="66" w="209" /><ent r="4" t="67" w="270" /><ent r="4" t="67" w="280" /><ent r="4" t="70" w="127" /><ent r="4" t="70" w="355" /><ent r="4" t="70" w="718" /><ent r="4" t="74" w="330" /><ent r="4" t="74" w="330" /><ent r="4" t="74" w="330" /><ent r="4" t="74" w="483" /><ent r="4" t="74" w="483" /><ent r="4" t="74" w="483" /><ent r="4" t="74" w="681" /><ent r="4" t="74" w="690" /><ent r="4" t="74" w="695" /><ent r="4" t="74" w="695" /><ent r="4" t="74" w="695" /><ent r="4" t="74" w="834" /><ent r="4" t="74" w="834" /><ent r="4" t="74" w="982" /><ent r="4" t="74" w="982" /><ent r="4" t="75" w="93" /><ent r="4" t="75" w="93" /><ent r="4" t="75" w="98" /><ent r="4" t="75" w="98" /><ent r="4" t="75" w="272" /><ent r="4" t="75" w="272" /><ent r="4" t="75" w="277" /><ent r="4" t="75" w="277" /><ent r="4" t="75" w="462" /><ent r="4" t="75" w="471" /><ent r="4" t="75" w="478" /><ent r="4" t="75" w="478" /><ent r="4" t="75" w="576" /><ent r="4" t="75" w="585" /><ent r="4" t="75" w="592" /><ent r="4" t="75" w="592" /><ent r="4" t="75" w="726" /><ent r="4" t="75" w="726" /><ent r="4" t="75" w="878" /><ent r="4" t="75" w="878" /><ent r="4" t="76" w="247" /><ent r="4" t="76" w="247" /><ent r="4" t="76" w="247" /><ent r="4" t="76" w="414" /><ent r="4" t="76" w="414" /><ent r="4" t="76" w="414" /><ent r="4" t="76" w="635" /><ent r="4" t="89" w="79" /><ent r="4" t="89" w="79" /><ent r="4" t="96" w="235" /><ent r="4" t="96" w="373" /><ent r="4" t="96" w="373" /><ent r="4" t="96" w="720" /><ent r="4" t="96" w="738" /><ent r="4" t="96" w="773" /><ent r="4" t="99" w="143" /><ent r="4" t="99" w="148" /><ent r="4" t="99" w="148" /><ent r="4" t="99" w="300" /><ent r="4" t="99" w="310" /><ent r="4" t="99" w="310" /><ent r="4" t="99" w="479" /><ent r="4" t="99" w="479" /><ent r="4" t="99" w="501" /><ent r="4" t="99" w="501" /><ent r="4" t="99" w="501" /><ent r="4" t="99" w="656" /><ent r="4" t="99" w="660" /><ent r="4" t="99" w="681" /><ent r="4" t="99" w="694" /><ent r="4" t="99" w="714" /><ent r="4" t="99" w="714" /><ent r="4" t="99" w="948" /><ent r="4" t="100" w="143" /><ent r="4" t="100" w="143" /><ent r="4" t="100" w="143" /><ent r="4" t="101" w="148" /><ent r="4" t="106" w="350" /><ent r="4" t="109" w="313" /><ent r="4" t="112" w="419" /><ent r="4" t="112" w="432" /><ent r="4" t="112" w="432" /><ent r="4" t="112" w="445" /><ent r="4" t="112" w="445" /><ent r="4" t="112" w="458" /><ent r="4" t="112" w="458" /><ent r="4" t="112" w="504" /><ent r="4" t="112" w="562" /><ent r="4" t="112" w="592" /><ent r="4" t="112" w="592" /><ent r="4" t="112" w="617" /><ent r="4" t="112" w="617" /><ent r="4" t="112" w="1241" /><ent r="4" t="112" w="1256" /><ent r="4" t="114" w="320" /><ent r="4" t="114" w="353" /><ent r="4" t="114" w="375" /><ent r="4" t="114" w="406" /><ent r="4" t="114" w="406" /><ent r="4" t="117" w="143" /><ent r="4" t="117" w="348" /><ent r="4" t="117" w="348" /><ent r="4" t="117" w="466" /><ent r="4" t="117" w="488" /><ent r="4" t="117" w="616" /><ent r="4" t="121" w="363" /><ent r="4" t="121" w="363" /><ent r="4" t="121" w="363" /><ent r="4" t="121" w="363" /><ent r="4" t="122" w="276" /><ent r="4" t="124" w="208" /><ent r="4" t="125" w="216" /><ent r="6" t="128" w="77" /><ent r="6" t="128" w="98" /><ent r="6" t="128" w="196" /><ent r="6" t="128" w="220" /><ent r="6" t="128" w="338" /><ent r="6" t="128" w="361" /><ent r="4" t="130" w="108" /><ent r="4" t="130" w="119" /><ent r="4" t="130" w="130" /><ent r="4" t="130" w="140" /><ent r="4" t="130" w="161" /><ent r="4" t="130" w="184" /><ent r="4" t="130" w="210" /><ent r="4" t="130" w="224" /><ent r="4" t="130" w="235" /><ent r="4" t="130" w="255" /><ent r="4" t="130" w="255" /><ent r="4" t="141" w="173" /><ent r="4" t="141" w="194" /><ent r="4" t="141" w="194" /><ent r="4" t="141" w="194" /><ent r="4" t="190" w="421" /><ent r="4" t="190" w="446" /><ent r="4" t="190" w="459" /><ent r="4" t="190" w="459" /><ent r="4" t="193" w="86" /><ent r="4" t="193" w="98" /><ent r="4" t="193" w="125" /><ent r="4" t="193" w="129" /><ent r="4" t="193" w="151" /><ent r="4" t="193" w="178" /><ent r="4" t="193" w="217" /><ent r="4" t="193" w="255" /><ent r="4" t="193" w="277" /><ent r="4" t="193" w="277" /><ent r="4" t="193" w="277" /><ent r="4" t="193" w="277" /><ent r="4" t="226" w="181" /><ent r="4" t="226" w="308" /><ent r="4" t="227" w="440" /><ent r="4" t="227" w="458" /><ent r="4" t="229" w="140" /><ent r="4" t="229" w="140" /><ent r="4" t="235" w="143" /><ent r="4" t="235" w="154" /><ent r="4" t="235" w="154" /><ent r="4" t="235" w="168" /><ent r="4" t="236" w="143" /><ent r="4" t="236" w="155" /><ent r="4" t="236" w="155" /><ent r="4" t="236" w="413" /><ent r="4" t="236" w="413" /><ent r="4" t="236" w="624" /><ent r="4" t="236" w="624" /><ent r="4" t="236" w="772" /><ent r="5" t="237" w="379" /><ent r="4" t="240" w="180" /><ent r="4" t="240" w="191" /><ent r="4" t="240" w="405" /><ent r="4" t="240" w="405" /><ent r="4" t="240" w="841" /><ent r="4" t="240" w="852" /><ent r="4" t="240" w="1047" /><ent r="4" t="240" w="1047" /><ent r="4" t="240" w="1069" /><ent r="4" t="240" w="1069" /><ent r="4" t="240" w="1227" /><ent r="4" t="240" w="1227" /><ent r="4" t="240" w="1249" /><ent r="4" t="240" w="1249" /><ent r="4" t="240" w="1261" /><ent r="4" t="240" w="1261" /><ent r="4" t="241" w="154" /><ent r="4" t="241" w="208" /><ent r="4" t="241" w="238" /><ent r="4" t="241" w="242" /><ent r="4" t="241" w="279" /><ent r="4" t="241" w="283" /><ent r="4" t="244" w="270" /><ent r="4" t="250" w="85" /><ent r="4" t="250" w="85" /><ent r="4" t="251" w="76" /><ent r="4" t="251" w="81" /><ent r="4" t="251" w="81" /><ent r="4" t="251" w="324" /><ent r="4" t="253" w="75" /><ent r="4" t="253" w="97" /><ent r="4" t="253" w="143" /><ent r="4" t="253" w="143" /><ent r="4" t="253" w="365" /><ent r="4" t="253" w="397" /><ent r="4" t="253" w="397" /><ent r="4" t="254" w="151" /><ent r="4" t="254" w="163" /><ent r="4" t="256" w="142" /><ent r="4" t="256" w="142" /><ent r="4" t="256" w="290" /><ent r="4" t="256" w="290" /><ent r="4" t="257" w="287" /><ent r="4" t="257" w="289" /><ent r="4" t="257" w="318" /><ent r="4" t="257" w="367" /><ent r="4" t="257" w="367" /><ent r="4" t="257" w="451" /><ent r="4" t="257" w="480" /><ent r="4" t="257" w="501" /><ent r="4" t="257" w="546" /><ent r="4" t="257" w="546" /><ent r="4" t="259" w="248" /><ent r="4" t="259" w="265" /><ent r="4" t="259" w="265" /><ent r="4" t="260" w="194" /><ent r="4" t="260" w="295" /><ent r="4" t="260" w="400" /><ent r="4" t="263" w="132" /><ent r="4" t="263" w="137" /><ent r="4" t="263" w="137" /><ent r="4" t="263" w="137" /><ent r="4" t="263" w="284" /><ent r="4" t="263" w="551" /><ent r="4" t="263" w="566" /><ent r="4" t="264" w="51" /><ent r="4" t="264" w="51" /><ent r="4" t="264" w="212" /><ent r="4" t="264" w="217" /><ent r="4" t="264" w="217" /><ent r="4" t="264" w="217" /><ent r="4" t="265" w="184" /><ent r="4" t="265" w="206" /><ent r="4" t="265" w="219" /><ent r="4" t="265" w="224" /><ent r="4" t="265" w="224" /><ent r="4" t="265" w="237" /><ent r="4" t="265" w="242" /><ent r="4" t="265" w="242" /><ent r="4" t="265" w="242" /><ent r="4" t="265" w="292" /><ent r="4" t="265" w="305" /><ent r="4" t="265" w="318" /><ent r="4" t="265" w="323" /><ent r="4" t="265" w="323" /><ent r="4" t="265" w="336" /><ent r="4" t="265" w="341" /><ent r="4" t="265" w="341" /><ent r="4" t="265" w="353" /><ent r="4" t="265" w="358" /><ent r="4" t="265" w="358" /><ent r="4" t="265" w="358" /><ent r="4" t="265" w="502" /><ent r="4" t="265" w="502" /><ent r="4" t="265" w="515" /><ent r="4" t="265" w="515" /><ent r="4" t="265" w="587" /><ent r="4" t="265" w="587" /><ent r="4" t="265" w="717" /><ent r="4" t="265" w="717" /><ent r="4" t="265" w="837" /><ent r="4" t="266" w="272" /><ent r="4" t="266" w="409" /><ent r="4" t="272" w="207" /><ent r="4" t="272" w="207" /><ent r="4" t="272" w="423" /><ent r="4" t="272" w="423" /><ent r="4" t="272" w="423" /><ent r="4" t="275" w="216" /><ent r="4" t="275" w="260" /><ent r="4" t="275" w="260" /><ent r="4" t="281" w="372" /><ent r="4" t="281" w="404" /><ent r="4" t="281" w="404" /><ent r="6" t="300" w="495" /><ent r="6" t="300" w="503" /><ent r="6" t="300" w="559" /><ent r="6" t="300" w="573" /><ent r="6" t="300" w="587" /><ent r="6" t="300" w="600" /><ent r="4" t="302" w="152" /><ent r="4" t="302" w="173" /><ent r="4" t="302" w="179" /><ent r="4" t="302" w="179" /></phr></stem><stem n="db4obas"><phr n="Db4oBasics"><ent r="4" t="8" w="157" /><ent r="4" t="8" w="266" /><ent r="4" t="10" w="97" /><ent r="4" t="10" w="137" /><ent r="4" t="10" w="233" /><ent r="4" t="10" w="279" /><ent r="4" t="10" w="374" /><ent r="4" t="10" w="448" /><ent r="4" t="10" w="542" /><ent r="4" t="10" w="610" /><ent r="4" t="10" w="672" /><ent r="4" t="10" w="730" /></phr></stem><stem n="db4obasics.c"><phr n="Db4oBasics.cs"><ent r="4" t="8" w="158" /><ent r="4" t="8" w="157" /><ent r="4" t="10" w="98" /><ent r="4" t="10" w="97" /><ent r="4" t="10" w="234" /><ent r="4" t="10" w="233" /><ent r="4" t="10" w="375" /><ent r="4" t="10" w="374" /><ent r="4" t="10" w="543" /><ent r="4" t="10" w="542" /><ent r="4" t="10" w="673" /><ent r="4" t="10" w="672" /></phr></stem><stem n="cs"><phr n="cs"><ent r="4" t="8" w="158" /><ent r="4" t="10" w="98" /><ent r="4" t="10" w="234" /><ent r="4" t="10" w="375" /><ent r="4" t="10" w="543" /><ent r="4" t="10" w="673" /><ent r="4" t="12" w="93" /><ent r="4" t="12" w="162" /><ent r="4" t="12" w="313" /><ent r="4" t="13" w="78" /><ent r="4" t="13" w="156" /><ent r="4" t="13" w="248" /><ent r="4" t="13" w="347" /><ent r="4" t="13" w="457" /><ent r="4" t="14" w="205" /><ent r="4" t="14" w="305" /><ent r="4" t="14" w="456" /><ent r="4" t="14" w="584" /><ent r="4" t="14" w="692" /><ent r="4" t="14" w="769" /><ent r="4" t="14" w="858" /><ent r="4" t="14" w="936" /><ent r="4" t="14" w="1115" /><ent r="4" t="14" w="1244" /><ent r="4" t="14" w="1323" /><ent r="4" t="14" w="1455" /><ent r="4" t="14" w="1525" /><ent r="4" t="15" w="153" /><ent r="4" t="15" w="261" /><ent r="4" t="15" w="531" /><ent r="4" t="15" w="695" /><ent r="4" t="17" w="265" /><ent r="4" t="18" w="141" /><ent r="4" t="18" w="257" /><ent r="4" t="18" w="394" /><ent r="4" t="18" w="537" /><ent r="4" t="18" w="716" /><ent r="4" t="18" w="786" /><ent r="4" t="18" w="951" /><ent r="4" t="19" w="100" /><ent r="4" t="20" w="176" /><ent r="4" t="20" w="347" /><ent r="4" t="21" w="151" /><ent r="4" t="21" w="240" /><ent r="4" t="23" w="130" /><ent r="4" t="24" w="109" /><ent r="4" t="24" w="194" /><ent r="4" t="24" w="310" /><ent r="4" t="24" w="402" /><ent r="4" t="24" w="480" /><ent r="4" t="24" w="555" /><ent r="4" t="24" w="662" /><ent r="4" t="24" w="788" /><ent r="4" t="24" w="897" /><ent r="4" t="27" w="132" /><ent r="4" t="27" w="243" /><ent r="4" t="27" w="355" /><ent r="4" t="27" w="439" /><ent r="4" t="27" w="564" /><ent r="4" t="27" w="672" /><ent r="4" t="27" w="916" /><ent r="4" t="27" w="1158" /><ent r="4" t="27" w="1313" /><ent r="4" t="28" w="128" /><ent r="4" t="28" w="277" /><ent r="4" t="28" w="434" /><ent r="4" t="28" w="573" /><ent r="4" t="28" w="773" /><ent r="4" t="28" w="982" /><ent r="4" t="28" w="1134" /><ent r="4" t="29" w="218" /><ent r="4" t="29" w="352" /><ent r="4" t="29" w="473" /><ent r="4" t="29" w="621" /><ent r="4" t="29" w="779" /><ent r="4" t="30" w="115" /><ent r="4" t="30" w="232" /><ent r="4" t="30" w="349" /><ent r="4" t="30" w="450" /><ent r="4" t="31" w="143" /><ent r="4" t="31" w="234" /><ent r="4" t="31" w="387" /><ent r="4" t="31" w="495" /><ent r="4" t="31" w="581" /><ent r="4" t="31" w="653" /><ent r="4" t="31" w="736" /><ent r="4" t="31" w="804" /><ent r="4" t="31" w="1024" /><ent r="4" t="31" w="1156" /><ent r="4" t="31" w="1221" /><ent r="4" t="31" w="1320" /><ent r="4" t="31" w="1387" /><ent r="4" t="31" w="1493" /><ent r="4" t="31" w="1573" /><ent r="4" t="31" w="1663" /><ent r="4" t="34" w="145" /><ent r="4" t="34" w="231" /><ent r="4" t="34" w="365" /><ent r="4" t="34" w="597" /><ent r="4" t="35" w="181" /><ent r="4" t="35" w="353" /><ent r="4" t="36" w="102" /><ent r="4" t="36" w="203" /><ent r="4" t="38" w="143" /><ent r="4" t="38" w="288" /><ent r="4" t="40" w="344" /><ent r="4" t="42" w="133" /><ent r="4" t="42" w="434" /><ent r="4" t="42" w="593" /><ent r="4" t="42" w="846" /><ent r="4" t="45" w="176" /><ent r="4" t="45" w="416" /><ent r="4" t="45" w="546" /><ent r="4" t="46" w="154" /><ent r="4" t="46" w="381" /><ent r="4" t="49" w="90" /><ent r="4" t="49" w="200" /><ent r="4" t="49" w="352" /><ent r="4" t="49" w="552" /><ent r="4" t="49" w="831" /><ent r="4" t="49" w="1127" /><ent r="4" t="50" w="139" /><ent r="4" t="50" w="217" /><ent r="4" t="50" w="539" /><ent r="4" t="50" w="640" /><ent r="4" t="50" w="772" /><ent r="4" t="50" w="916" /><ent r="4" t="50" w="1018" /><ent r="4" t="52" w="161" /><ent r="5" t="53" w="174" /><ent r="5" t="53" w="352" /><ent r="5" t="53" w="564" /><ent r="4" t="54" w="155" /><ent r="4" t="54" w="242" /><ent r="4" t="56" w="88" /><ent r="4" t="56" w="202" /><ent r="4" t="56" w="263" /><ent r="4" t="57" w="95" /><ent r="4" t="57" w="196" /><ent r="4" t="58" w="106" /><ent r="4" t="58" w="257" /><ent r="4" t="59" w="126" /><ent r="4" t="59" w="193" /><ent r="4" t="60" w="239" /><ent r="4" t="60" w="344" /><ent r="4" t="63" w="112" /><ent r="4" t="64" w="118" /><ent r="4" t="64" w="204" /><ent r="4" t="66" w="211" /><ent r="4" t="66" w="478" /><ent r="4" t="66" w="657" /><ent r="4" t="67" w="154" /><ent r="4" t="67" w="282" /><ent r="4" t="68" w="35" /><ent r="4" t="68" w="115" /><ent r="4" t="69" w="147" /><ent r="4" t="69" w="259" /><ent r="4" t="69" w="396" /><ent r="4" t="69" w="499" /><ent r="4" t="69" w="601" /><ent r="4" t="70" w="145" /><ent r="4" t="70" w="438" /><ent r="4" t="70" w="720" /><ent r="4" t="72" w="47" /><ent r="4" t="72" w="184" /><ent r="4" t="72" w="286" /><ent r="4" t="74" w="182" /><ent r="4" t="74" w="332" /><ent r="4" t="74" w="485" /><ent r="4" t="74" w="697" /><ent r="4" t="74" w="836" /><ent r="4" t="74" w="984" /><ent r="4" t="75" w="100" /><ent r="4" t="75" w="279" /><ent r="4" t="75" w="480" /><ent r="4" t="75" w="594" /><ent r="4" t="75" w="728" /><ent r="4" t="75" w="880" /><ent r="4" t="76" w="110" /><ent r="4" t="76" w="249" /><ent r="4" t="76" w="416" /><ent r="4" t="76" w="661" /><ent r="4" t="76" w="833" /><ent r="4" t="78" w="30" /><ent r="4" t="78" w="144" /><ent r="4" t="78" w="213" /><ent r="4" t="80" w="48" /><ent r="4" t="80" w="151" /><ent r="4" t="81" w="96" /><ent r="4" t="82" w="84" /><ent r="4" t="83" w="103" /><ent r="4" t="84" w="66" /><ent r="4" t="85" w="60" /><ent r="4" t="86" w="54" /><ent r="4" t="87" w="100" /><ent r="4" t="88" w="108" /><ent r="4" t="89" w="81" /><ent r="4" t="89" w="163" /><ent r="4" t="96" w="123" /><ent r="4" t="96" w="177" /><ent r="4" t="96" w="237" /><ent r="4" t="96" w="375" /><ent r="4" t="96" w="553" /><ent r="4" t="96" w="775" /><ent r="4" t="99" w="150" /><ent r="4" t="99" w="312" /><ent r="4" t="99" w="503" /><ent r="4" t="99" w="716" /><ent r="4" t="99" w="964" /><ent r="4" t="99" w="1068" /><ent r="4" t="100" w="145" /><ent r="4" t="100" w="292" /><ent r="4" t="101" w="150" /><ent r="4" t="106" w="155" /><ent r="4" t="106" w="225" /><ent r="4" t="106" w="281" /><ent r="4" t="106" w="352" /><ent r="4" t="109" w="148" /><ent r="4" t="109" w="374" /><ent r="4" t="112" w="71" /><ent r="4" t="112" w="619" /><ent r="4" t="112" w="1258" /><ent r="4" t="112" w="1396" /><ent r="4" t="114" w="408" /><ent r="4" t="114" w="749" /><ent r="4" t="114" w="866" /><ent r="4" t="114" w="910" /><ent r="4" t="116" w="173" /><ent r="4" t="117" w="145" /><ent r="4" t="117" w="350" /><ent r="4" t="117" w="490" /><ent r="4" t="117" w="618" /><ent r="4" t="117" w="723" /><ent r="4" t="120" w="94" /><ent r="4" t="120" w="194" /><ent r="4" t="121" w="177" /><ent r="4" t="121" w="365" /><ent r="4" t="122" w="278" /><ent r="4" t="124" w="210" /><ent r="4" t="125" w="218" /><ent r="6" t="128" w="100" /><ent r="6" t="128" w="222" /><ent r="6" t="128" w="363" /><ent r="4" t="129" w="126" /><ent r="4" t="130" w="257" /><ent r="5" t="133" w="278" /><ent r="4" t="134" w="84" /><ent r="4" t="135" w="65" /><ent r="4" t="136" w="60" /><ent r="4" t="137" w="57" /><ent r="4" t="138" w="73" /><ent r="4" t="138" w="131" /><ent r="4" t="139" w="71" /><ent r="4" t="140" w="64" /><ent r="4" t="141" w="196" /><ent r="4" t="141" w="407" /><ent r="4" t="142" w="145" /><ent r="4" t="142" w="249" /><ent r="4" t="142" w="356" /><ent r="4" t="145" w="62" /><ent r="4" t="145" w="191" /><ent r="4" t="146" w="94" /><ent r="4" t="146" w="224" /><ent r="4" t="147" w="323" /><ent r="4" t="148" w="100" /><ent r="4" t="149" w="90" /><ent r="4" t="150" w="193" /><ent r="4" t="151" w="98" /><ent r="4" t="152" w="101" /><ent r="4" t="152" w="178" /><ent r="4" t="153" w="122" /><ent r="4" t="154" w="37" /><ent r="4" t="155" w="61" /><ent r="4" t="156" w="41" /><ent r="4" t="157" w="56" /><ent r="4" t="158" w="63" /><ent r="4" t="159" w="61" /><ent r="4" t="160" w="42" /><ent r="4" t="161" w="72" /><ent r="4" t="163" w="48" /><ent r="4" t="164" w="143" /><ent r="4" t="168" w="116" /><ent r="4" t="169" w="160" /><ent r="4" t="170" w="81" /><ent r="4" t="171" w="55" /><ent r="4" t="172" w="73" /><ent r="4" t="174" w="102" /><ent r="4" t="175" w="64" /><ent r="4" t="176" w="135" /><ent r="4" t="177" w="118" /><ent r="4" t="178" w="156" /><ent r="4" t="179" w="157" /><ent r="4" t="179" w="283" /><ent r="4" t="179" w="403" /><ent r="4" t="179" w="531" /><ent r="4" t="180" w="75" /><ent r="4" t="180" w="153" /><ent r="4" t="181" w="52" /><ent r="4" t="182" w="80" /><ent r="4" t="183" w="57" /><ent r="4" t="184" w="94" /><ent r="4" t="185" w="138" /><ent r="4" t="187" w="56" /><ent r="4" t="187" w="194" /><ent r="4" t="188" w="68" /><ent r="4" t="188" w="309" /><ent r="4" t="188" w="456" /><ent r="4" t="189" w="39" /><ent r="4" t="190" w="103" /><ent r="4" t="190" w="461" /><ent r="4" t="191" w="233" /><ent r="4" t="193" w="50" /><ent r="4" t="194" w="63" /><ent r="4" t="197" w="104" /><ent r="4" t="198" w="103" /><ent r="4" t="199" w="44" /><ent r="4" t="201" w="33" /><ent r="4" t="203" w="40" /><ent r="4" t="204" w="53" /><ent r="4" t="206" w="91" /><ent r="4" t="207" w="49" /><ent r="4" t="208" w="35" /><ent r="4" t="210" w="76" /><ent r="4" t="211" w="37" /><ent r="4" t="212" w="58" /><ent r="4" t="213" w="84" /><ent r="4" t="214" w="59" /><ent r="4" t="215" w="40" /><ent r="4" t="216" w="60" /><ent r="4" t="217" w="60" /><ent r="4" t="218" w="91" /><ent r="4" t="219" w="45" /><ent r="4" t="220" w="55" /><ent r="4" t="221" w="47" /><ent r="4" t="222" w="73" /><ent r="4" t="223" w="156" /><ent r="4" t="223" w="222" /><ent r="4" t="223" w="372" /><ent r="4" t="223" w="495" /><ent r="4" t="223" w="597" /><ent r="4" t="223" w="696" /><ent r="4" t="224" w="143" /><ent r="4" t="224" w="235" /><ent r="4" t="224" w="332" /><ent r="4" t="224" w="456" /><ent r="4" t="224" w="536" /><ent r="4" t="225" w="87" /><ent r="4" t="226" w="183" /><ent r="4" t="226" w="310" /><ent r="4" t="227" w="163" /><ent r="4" t="227" w="460" /><ent r="4" t="228" w="242" /><ent r="4" t="229" w="142" /><ent r="4" t="232" w="228" /><ent r="4" t="233" w="257" /><ent r="4" t="233" w="470" /><ent r="4" t="233" w="652" /><ent r="4" t="235" w="170" /><ent r="4" t="236" w="157" /><ent r="4" t="236" w="306" /><ent r="4" t="236" w="415" /><ent r="4" t="236" w="549" /><ent r="4" t="236" w="626" /><ent r="4" t="236" w="774" /><ent r="5" t="237" w="183" /><ent r="5" t="237" w="291" /><ent r="5" t="237" w="381" /><ent r="4" t="240" w="193" /><ent r="4" t="240" w="407" /><ent r="4" t="240" w="552" /><ent r="4" t="240" w="854" /><ent r="4" t="240" w="1071" /><ent r="4" t="240" w="1263" /><ent r="4" t="241" w="285" /><ent r="4" t="241" w="610" /><ent r="4" t="244" w="272" /><ent r="4" t="248" w="83" /><ent r="4" t="248" w="195" /><ent r="4" t="249" w="60" /><ent r="4" t="249" w="131" /><ent r="4" t="249" w="235" /><ent r="4" t="250" w="87" /><ent r="4" t="250" w="184" /><ent r="4" t="250" w="250" /><ent r="4" t="250" w="334" /><ent r="4" t="251" w="83" /><ent r="4" t="251" w="191" /><ent r="4" t="251" w="340" /><ent r="4" t="251" w="438" /><ent r="4" t="251" w="522" /><ent r="4" t="253" w="145" /><ent r="4" t="253" w="399" /><ent r="4" t="254" w="177" /><ent r="4" t="256" w="144" /><ent r="4" t="256" w="292" /><ent r="4" t="257" w="320" /><ent r="4" t="257" w="369" /><ent r="4" t="257" w="503" /><ent r="4" t="257" w="548" /><ent r="5" t="259" w="161" /><ent r="4" t="259" w="267" /><ent r="4" t="260" w="196" /><ent r="4" t="260" w="402" /><ent r="4" t="262" w="290" /><ent r="4" t="263" w="139" /><ent r="4" t="263" w="286" /><ent r="4" t="263" w="387" /><ent r="4" t="263" w="494" /><ent r="4" t="263" w="568" /><ent r="4" t="264" w="53" /><ent r="4" t="264" w="219" /><ent r="4" t="264" w="399" /><ent r="4" t="265" w="244" /><ent r="4" t="265" w="360" /><ent r="4" t="265" w="589" /><ent r="4" t="265" w="720" /><ent r="4" t="265" w="839" /><ent r="4" t="266" w="130" /><ent r="4" t="266" w="274" /><ent r="4" t="266" w="411" /><ent r="4" t="266" w="592" /><ent r="4" t="272" w="209" /><ent r="4" t="272" w="425" /><ent r="4" t="274" w="157" /><ent r="4" t="275" w="262" /><ent r="4" t="275" w="485" /><ent r="4" t="281" w="406" /><ent r="4" t="284" w="79" /><ent r="6" t="299" w="526" /><ent r="4" t="302" w="181" /><ent r="4" t="305" w="125" /><ent r="4" t="305" w="134" /><ent r="4" t="306" w="121" /><ent r="4" t="306" w="130" /><ent r="7" t="313" w="70" /><ent r="6" t="313" w="131" /><ent r="6" t="313" w="192" /><ent r="6" t="313" w="246" /></phr><phr n="CS"><ent r="4" t="226" w="79" /><ent r="4" t="304" w="118" /><ent r="4" t="304" w="127" /><ent r="93" t="308" w="141" /><ent r="93" t="308" w="244" /><ent r="4" t="308" w="278" /></phr></stem></index>