﻿<?xml version="1.0" encoding="utf-8"?><index><stem n=".ondiagnost"><phr n=".OnDiagnostic"><ent r="4" t="21" w="277" /><ent r="4" t="60" w="276" /><ent r="4" t="141" w="302" /></phr></stem><stem n="idiagnosticlistener.ondiagnost"><phr n="IDiagnosticListener.OnDiagnostic"><ent r="4" t="21" w="277" /><ent r="4" t="21" w="276" /><ent r="4" t="60" w="276" /><ent r="4" t="60" w="275" /><ent r="4" t="141" w="302" /><ent r="4" t="141" w="301" /></phr></stem><stem n="convert.tostr"><phr n="Convert.ToString"><ent r="4" t="21" w="299" /><ent r="4" t="21" w="298" /><ent r="4" t="21" w="324" /><ent r="4" t="21" w="323" /><ent r="4" t="130" w="493" /><ent r="4" t="130" w="492" /></phr></stem><stem n="tostr"><phr n="ToString"><ent r="4" t="21" w="299" /><ent r="4" t="21" w="324" /><ent r="4" t="49" w="808" /><ent r="4" t="49" w="906" /><ent r="4" t="112" w="599" /><ent r="4" t="112" w="1110" /><ent r="4" t="117" w="127" /><ent r="4" t="117" w="206" /><ent r="4" t="130" w="493" /><ent r="4" t="193" w="177" /><ent r="4" t="193" w="208" /><ent r="4" t="193" w="247" /><ent r="4" t="193" w="274" /><ent r="4" t="193" w="434" /><ent r="4" t="193" w="476" /><ent r="4" t="193" w="524" /><ent r="4" t="193" w="554" /><ent r="4" t="236" w="150" /><ent r="4" t="236" w="215" /></phr><phr n="toString"><ent r="3" t="55" w="94" /><ent r="6" t="143" w="276" /></phr></stem><stem n=".tostring(diagnostic))"><phr n=".ToString(diagnostic))"><ent r="4" t="21" w="301" /><ent r="4" t="21" w="326" /></phr></stem><stem n="elseif"><phr n="ElseIf"><ent r="5" t="21" w="302" /><ent r="5" t="99" w="804" /><ent r="5" t="112" w="1310" /></phr></stem><stem n="regist"><phr n="register"><ent r="3" t="21" w="354" /><ent r="3" t="47" w="31" /><ent r="3" t="77" w="134" /><ent r="3" t="94" w="70" /><ent r="3" t="96" w="13" /><ent r="3" t="96" w="100" /><ent r="3" t="96" w="162" /><ent r="4" t="96" w="178" /><ent r="4" t="96" w="200" /><ent r="3" t="96" w="522" /><ent r="3" t="96" w="531" /><ent r="4" t="96" w="554" /><ent r="4" t="96" w="594" /><ent r="4" t="96" w="964" /><ent r="3" t="101" w="91" /><ent r="3" t="101" w="280" /><ent r="3" t="114" w="117" /><ent r="3" t="114" w="682" /><ent r="3" t="114" w="691" /><ent r="3" t="117" w="678" /><ent r="3" t="232" w="73" /><ent r="3" t="232" w="105" /><ent r="3" t="232" w="134" /><ent r="3" t="232" w="205" /><ent r="4" t="232" w="229" /><ent r="4" t="232" w="269" /><ent r="3" t="236" w="249" /><ent r="3" t="257" w="59" /><ent r="3" t="263" w="232" /><ent r="3" t="280" w="28" /><ent r="3" t="294" w="80" /><ent r="3" t="307" w="107" /></phr><phr n="Register"><ent r="92" t="96" w="78" /><ent r="92" t="96" w="512" /><ent r="4" t="100" w="293" /><ent r="4" t="100" w="324" /><ent r="4" t="114" w="750" /><ent r="4" t="114" w="803" /><ent r="4" t="116" w="174" /><ent r="4" t="116" w="211" /><ent r="4" t="117" w="724" /><ent r="4" t="117" w="761" /><ent r="6" t="143" w="348" /><ent r="1000" t="162" w="1" /><ent r="102" t="162" w="5" /><ent r="3" t="205" w="7" /><ent r="3" t="236" w="528" /><ent r="3" t="257" w="409" /><ent r="4" t="263" w="388" /><ent r="4" t="263" w="434" /></phr><phr n="Registering"><ent r="92" t="114" w="674" /></phr></stem><stem n="-message."><phr n="-message."><ent r="3" t="21" w="381" /><ent r="3" t="21" w="381" /><ent r="3" t="21" w="403" /><ent r="3" t="21" w="403" /><ent r="3" t="60" w="160" /><ent r="3" t="60" w="160" /></phr></stem><stem n="tell"><phr n="tells"><ent r="3" t="21" w="382" /><ent r="3" t="21" w="405" /><ent r="3" t="71" w="90" /><ent r="3" t="106" w="328" /><ent r="3" t="281" w="164" /></phr><phr n="Tell"><ent r="5" t="114" w="354" /><ent r="5" t="114" w="564" /></phr><phr n="Tells"><ent r="3" t="134" w="131" /><ent r="3" t="134" w="190" /><ent r="3" t="134" w="208" /><ent r="3" t="134" w="223" /><ent r="3" t="134" w="262" /><ent r="3" t="134" w="278" /><ent r="3" t="135" w="109" /><ent r="3" t="135" w="177" /><ent r="3" t="135" w="191" /><ent r="3" t="135" w="205" /><ent r="3" t="136" w="99" /><ent r="3" t="136" w="116" /><ent r="3" t="137" w="101" /><ent r="3" t="137" w="127" /><ent r="3" t="137" w="208" /><ent r="3" t="137" w="234" /><ent r="3" t="138" w="176" /><ent r="3" t="138" w="195" /><ent r="3" t="138" w="213" /><ent r="3" t="138" w="231" /><ent r="3" t="139" w="113" /></phr></stem><stem n="&quot;enhanc"><phr n="&quot;Enhancement"><ent r="64" t="22" w="72" /><ent r="64" t="22" w="273" /><ent r="64" t="65" w="98" /></phr><phr n="&quot;Enhance"><ent r="64" t="51" w="164" /></phr></stem><stem n="enhanc"><phr n="Enhancement"><ent r="64" t="22" w="72" /><ent r="92" t="22" w="77" /><ent r="64" t="22" w="273" /><ent r="1000" t="50" w="3" /><ent r="100" t="50" w="6" /><ent r="102" t="50" w="11" /><ent r="93" t="50" w="258" /><ent r="92" t="50" w="467" /><ent r="64" t="65" w="98" /><ent r="1000" t="90" w="1" /><ent r="100" t="90" w="4" /><ent r="102" t="90" w="6" /><ent r="3" t="90" w="9" /><ent r="3" t="90" w="28" /><ent r="3" t="90" w="118" /></phr><phr n="enhancement"><ent r="3" t="22" w="84" /><ent r="3" t="22" w="231" /><ent r="3" t="22" w="264" /><ent r="4" t="50" w="269" /><ent r="5" t="50" w="420" /><ent r="3" t="50" w="474" /><ent r="4" t="50" w="542" /><ent r="4" t="50" w="599" /><ent r="3" t="51" w="141" /><ent r="3" t="53" w="26" /><ent r="3" t="53" w="36" /><ent r="4" t="53" w="295" /><ent r="4" t="53" w="685" /><ent r="64" t="55" w="127" /><ent r="3" t="65" w="79" /><ent r="3" t="90" w="383" /><ent r="65" t="308" w="393" /><ent r="65" t="308" w="441" /></phr><phr n="enhance"><ent r="3" t="22" w="95" /><ent r="4" t="22" w="139" /><ent r="4" t="22" w="179" /><ent r="4" t="22" w="183" /><ent r="3" t="22" w="243" /><ent r="3" t="49" w="1403" /><ent r="3" t="50" w="82" /><ent r="5" t="50" w="412" /><ent r="5" t="50" w="449" /><ent r="3" t="91" w="36" /></phr><phr n="Enhanced"><ent r="64" t="48" w="187" /><ent r="64" t="49" w="43" /><ent r="64" t="49" w="980" /><ent r="64" t="53" w="32" /><ent r="93" t="53" w="89" /><ent r="93" t="53" w="458" /></phr><phr n="enhancer"><ent r="64" t="49" w="30" /><ent r="4" t="53" w="476" /><ent r="4" t="304" w="172" /><ent r="4" t="305" w="180" /><ent r="4" t="306" w="176" /></phr><phr n="enhancing"><ent r="3" t="50" w="33" /></phr><phr n="Enhance"><ent r="92" t="50" w="73" /><ent r="64" t="51" w="164" /><ent r="1000" t="53" w="1" /><ent r="102" t="53" w="4" /></phr><phr n="enhanced"><ent r="3" t="50" w="111" /><ent r="5" t="53" w="177" /><ent r="5" t="53" w="274" /><ent r="5" t="53" w="354" /><ent r="5" t="53" w="447" /><ent r="4" t="53" w="493" /><ent r="6" t="53" w="509" /><ent r="5" t="53" w="567" /><ent r="6" t="53" w="587" /><ent r="5" t="53" w="668" /><ent r="6" t="92" w="244" /></phr></stem><stem n="enhancement-task"><phr n="enhancement-task"><ent r="3" t="22" w="84" /></phr></stem><stem n="-task."><phr n="-task."><ent r="3" t="22" w="86" /><ent r="3" t="22" w="86" /></phr></stem><stem n="project-fil"><phr n="project-files"><ent r="3" t="22" w="105" /></phr></stem><stem n="-files."><phr n="-files."><ent r="3" t="22" w="107" /><ent r="3" t="22" w="107" /><ent r="3" t="22" w="115" /><ent r="3" t="22" w="115" /><ent r="4" t="126" w="212" /><ent r="4" t="126" w="212" /></phr></stem><stem n=".csproj"><phr n=".csproj"><ent r="3" t="22" w="108" /></phr></stem><stem n="csproj"><phr n="csproj"><ent r="3" t="22" w="108" /><ent r="4" t="22" w="141" /><ent r="4" t="22" w="181" /><ent r="5" t="50" w="414" /><ent r="5" t="50" w="451" /></phr></stem><stem n=".vbproj"><phr n=".vbproj"><ent r="3" t="22" w="110" /></phr></stem><stem n="vbproj"><phr n="vbproj"><ent r="3" t="22" w="110" /></phr></stem><stem n="msbuild"><phr n="MSBuild"><ent r="3" t="22" w="113" /><ent r="83" t="50" w="378" /><ent r="4" t="50" w="388" /><ent r="5" t="50" w="395" /><ent r="5" t="50" w="399" /><ent r="3" t="268" w="115" /><ent r="3" t="268" w="140" /><ent r="3" t="268" w="143" /><ent r="3" t="268" w="157" /><ent r="3" t="268" w="282" /><ent r="3" t="268" w="290" /><ent r="3" t="268" w="333" /><ent r="3" t="268" w="374" /><ent r="3" t="306" w="386" /><ent r="93" t="308" w="429" /><ent r="4" t="308" w="435" /></phr><phr n="msbuild"><ent r="3" t="306" w="376" /></phr></stem><stem n="msbuild-fil"><phr n="MSBuild-files"><ent r="3" t="22" w="113" /></phr></stem><stem n="-editor"><phr n="-Editor"><ent r="3" t="22" w="119" /><ent r="3" t="22" w="119" /></phr></stem><stem n="xml-editor"><phr n="XML-Editor"><ent r="3" t="22" w="119" /></phr></stem><stem n="editor"><phr n="Editor"><ent r="3" t="22" w="120" /></phr><phr n="editor"><ent r="3" t="315" w="68" /><ent r="3" t="315" w="74" /></phr></stem><stem n="&lt;target"><phr n="&lt;Target"><ent r="4" t="22" w="127" /><ent r="4" t="22" w="165" /><ent r="5" t="50" w="437" /></phr></stem><stem n="afterbuild"><phr n="AfterBuild"><ent r="4" t="22" w="129" /><ent r="4" t="22" w="167" /><ent r="5" t="50" w="439" /></phr></stem><stem n="=&quot;afterbuild&quot;&gt;"><phr n="=&quot;AfterBuild&quot;&gt;"><ent r="4" t="22" w="130" /><ent r="4" t="22" w="168" /><ent r="5" t="50" w="440" /></phr></stem><stem n="&lt;db4oenhancermsbuildtask"><phr n="&lt;Db4oEnhancerMSBuildTask"><ent r="4" t="22" w="131" /><ent r="4" t="22" w="169" /><ent r="5" t="50" w="441" /></phr></stem><stem n="db4oenhanc"><phr n="Db4oEnhance"><ent r="4" t="22" w="133" /><ent r="4" t="22" w="171" /><ent r="5" t="50" w="443" /></phr></stem><stem n="=&quot;@(db4oenhance)&quot;"><phr n="=&quot;@(Db4oEnhance)&quot;"><ent r="4" t="22" w="134" /><ent r="4" t="22" w="172" /><ent r="5" t="50" w="444" /></phr></stem><stem n="/&gt;"><phr n="/&gt;"><ent r="4" t="22" w="134" /><ent r="4" t="22" w="174" /><ent r="5" t="50" w="401" /><ent r="5" t="50" w="407" /><ent r="5" t="50" w="444" /><ent r="4" t="257" w="77" /><ent r="4" t="258" w="202" /><ent r="4" t="258" w="223" /><ent r="4" t="258" w="246" /><ent r="4" t="258" w="269" /><ent r="4" t="258" w="290" /><ent r="3" t="270" w="174" /><ent r="3" t="270" w="195" /><ent r="3" t="270" w="220" /><ent r="3" t="270" w="243" /><ent r="3" t="270" w="264" /><ent r="5" t="297" w="172" /><ent r="5" t="297" w="190" /><ent r="5" t="297" w="294" /><ent r="5" t="297" w="311" /><ent r="5" t="297" w="328" /><ent r="5" t="297" w="345" /><ent r="5" t="297" w="362" /><ent r="5" t="297" w="378" /><ent r="5" t="297" w="395" /><ent r="5" t="297" w="477" /><ent r="5" t="297" w="580" /><ent r="5" t="298" w="134" /><ent r="5" t="298" w="147" /><ent r="5" t="298" w="167" /><ent r="5" t="298" w="257" /><ent r="5" t="298" w="282" /><ent r="5" t="298" w="295" /><ent r="5" t="298" w="308" /><ent r="5" t="298" w="321" /><ent r="5" t="298" w="336" /><ent r="5" t="298" w="349" /><ent r="5" t="298" w="355" /><ent r="5" t="298" w="475" /><ent r="4" t="299" w="64" /><ent r="4" t="299" w="134" /><ent r="4" t="299" w="140" /><ent r="6" t="299" w="198" /><ent r="6" t="299" w="210" /></phr></stem><stem n="/target&gt;"><phr n="/Target&gt;"><ent r="4" t="22" w="136" /><ent r="4" t="22" w="176" /><ent r="5" t="50" w="446" /></phr></stem><stem n="&lt;/target&gt;"><phr n="&lt;/Target&gt;"><ent r="4" t="22" w="136" /><ent r="4" t="22" w="135" /><ent r="4" t="22" w="176" /><ent r="4" t="22" w="175" /><ent r="5" t="50" w="446" /><ent r="5" t="50" w="445" /></phr></stem><stem n="target&gt;"><phr n="Target&gt;"><ent r="4" t="22" w="136" /><ent r="4" t="22" w="176" /><ent r="5" t="50" w="446" /></phr></stem><stem n="simple-enh"><phr n="simple-enhance"><ent r="4" t="22" w="138" /><ent r="4" t="22" w="178" /><ent r="5" t="50" w="411" /><ent r="5" t="50" w="448" /></phr></stem><stem n="simple-enhance-exampl"><phr n="simple-enhance-example"><ent r="4" t="22" w="138" /><ent r="4" t="22" w="178" /><ent r="5" t="50" w="411" /><ent r="5" t="50" w="448" /></phr></stem><stem n="enhance-exampl"><phr n="enhance-example"><ent r="4" t="22" w="139" /><ent r="4" t="22" w="179" /><ent r="5" t="50" w="412" /><ent r="5" t="50" w="449" /></phr></stem><stem n="simple-enhance-example.csproj"><phr n="simple-enhance-example.csproj"><ent r="4" t="22" w="141" /><ent r="4" t="22" w="140" /><ent r="4" t="22" w="181" /><ent r="4" t="22" w="180" /><ent r="5" t="50" w="414" /><ent r="5" t="50" w="413" /><ent r="5" t="50" w="451" /><ent r="5" t="50" w="450" /></phr></stem><stem n="-enhance-example.csproj:"><phr n="-enhance-example.csproj:"><ent r="4" t="22" w="142" /><ent r="4" t="22" w="143" /><ent r="4" t="22" w="182" /><ent r="4" t="22" w="183" /><ent r="5" t="50" w="415" /><ent r="5" t="50" w="416" /><ent r="5" t="50" w="452" /><ent r="5" t="50" w="453" /></phr></stem><stem n="commandlin"><phr n="CommandLine"><ent r="4" t="22" w="172" /></phr></stem><stem n="=&quot;-nq&quot;"><phr n="=&quot;-nq&quot;"><ent r="4" t="22" w="174" /></phr></stem><stem n="anyth"><phr n="anything"><ent r="3" t="22" w="210" /><ent r="3" t="126" w="117" /></phr></stem><stem n="unit"><phr n="unit"><ent r="3" t="22" w="228" /><ent r="3" t="33" w="214" /><ent r="3" t="65" w="22" /><ent r="3" t="66" w="149" /><ent r="3" t="76" w="24" /><ent r="4" t="76" w="422" /><ent r="4" t="76" w="499" /><ent r="3" t="107" w="89" /><ent r="4" t="227" w="332" /><ent r="4" t="227" w="465" /><ent r="4" t="227" w="523" /><ent r="3" t="233" w="85" /><ent r="3" t="243" w="178" /><ent r="3" t="243" w="360" /><ent r="3" t="243" w="367" /><ent r="3" t="243" w="381" /><ent r="3" t="256" w="47" /><ent r="3" t="303" w="138" /><ent r="3" t="303" w="154" /><ent r="4" t="304" w="260" /><ent r="4" t="304" w="272" /><ent r="4" t="305" w="199" /><ent r="4" t="306" w="195" /></phr><phr n="Unit"><ent r="100" t="66" w="10" /><ent r="92" t="73" w="136" /><ent r="64" t="73" w="175" /><ent r="1000" t="76" w="4" /><ent r="102" t="76" w="11" /><ent r="92" t="243" w="162" /><ent r="66" t="295" w="79" /></phr><phr n="units"><ent r="3" t="66" w="137" /><ent r="3" t="73" w="153" /><ent r="3" t="233" w="68" /><ent r="3" t="243" w="189" /><ent r="3" t="243" w="205" /></phr></stem><stem n="script"><phr n="script"><ent r="3" t="22" w="232" /><ent r="4" t="90" w="338" /><ent r="65" t="297" w="750" /><ent r="3" t="299" w="111" /></phr><phr n="scripts"><ent r="3" t="298" w="30" /><ent r="3" t="298" w="576" /><ent r="4" t="305" w="163" /><ent r="4" t="305" w="188" /><ent r="4" t="306" w="159" /><ent r="4" t="306" w="184" /><ent r="3" t="306" w="400" /></phr></stem><stem n="tweak"><phr n="tweak"><ent r="3" t="22" w="258" /></phr></stem><stem n="build-tim"><phr n="build-time"><ent r="3" t="22" w="262" /></phr></stem><stem n="fit"><phr n="fits"><ent r="3" t="22" w="268" /></phr><phr n="fitting"><ent r="3" t="32" w="27" /></phr><phr n="fit"><ent r="3" t="137" w="119" /><ent r="3" t="179" w="82" /></phr></stem><stem n=":queri"><phr n=":Query"><ent r="100" t="23" w="6" /></phr></stem><stem n="special"><phr n="special"><ent r="3" t="23" w="20" /><ent r="3" t="26" w="185" /><ent r="3" t="27" w="64" /><ent r="3" t="27" w="734" /><ent r="3" t="28" w="18" /><ent r="3" t="28" w="51" /><ent r="3" t="30" w="51" /><ent r="3" t="36" w="47" /><ent r="3" t="48" w="209" /><ent r="3" t="51" w="65" /><ent r="3" t="58" w="16" /><ent r="3" t="64" w="34" /><ent r="3" t="90" w="61" /><ent r="4" t="90" w="336" /><ent r="4" t="95" w="159" /><ent r="3" t="103" w="149" /><ent r="3" t="104" w="191" /><ent r="4" t="105" w="140" /><ent r="3" t="107" w="46" /><ent r="3" t="107" w="94" /><ent r="3" t="115" w="36" /><ent r="3" t="116" w="50" /><ent r="3" t="120" w="23" /><ent r="3" t="121" w="147" /><ent r="3" t="126" w="239" /><ent r="4" t="129" w="195" /><ent r="3" t="129" w="228" /><ent r="3" t="140" w="14" /><ent r="3" t="141" w="124" /><ent r="3" t="144" w="16" /><ent r="3" t="153" w="92" /><ent r="3" t="162" w="12" /><ent r="4" t="168" w="74" /><ent r="3" t="191" w="8" /><ent r="3" t="220" w="13" /><ent r="3" t="220" w="22" /><ent r="4" t="236" w="56" /><ent r="3" t="247" w="108" /><ent r="3" t="266" w="501" /><ent r="3" t="267" w="117" /><ent r="3" t="270" w="293" /></phr><phr n="Special"><ent r="64" t="26" w="196" /><ent r="1000" t="28" w="2" /><ent r="102" t="28" w="7" /><ent r="92" t="104" w="178" /><ent r="4" t="105" w="113" /><ent r="4" t="106" w="71" /><ent r="4" t="304" w="109" /></phr></stem><stem n="alik"><phr n="alike"><ent r="3" t="23" w="42" /></phr></stem><stem n="goe"><phr n="goes"><ent r="3" t="23" w="51" /><ent r="3" t="32" w="44" /><ent r="3" t="34" w="93" /><ent r="4" t="238" w="162" /><ent r="3" t="261" w="193" /></phr></stem><stem n="theexampl"><phr n="theExample"><ent r="4" t="23" w="113" /><ent r="4" t="23" w="118" /><ent r="4" t="23" w="127" /><ent r="4" t="23" w="145" /><ent r="4" t="23" w="152" /><ent r="4" t="23" w="166" /><ent r="4" t="24" w="92" /><ent r="4" t="24" w="97" /><ent r="4" t="24" w="106" /><ent r="4" t="24" w="124" /><ent r="4" t="24" w="131" /><ent r="4" t="24" w="145" /><ent r="4" t="24" w="179" /><ent r="4" t="24" w="184" /><ent r="4" t="24" w="191" /><ent r="4" t="24" w="210" /><ent r="4" t="24" w="217" /><ent r="4" t="24" w="230" /><ent r="4" t="24" w="290" /><ent r="4" t="24" w="295" /><ent r="4" t="24" w="300" /><ent r="4" t="24" w="307" /><ent r="4" t="24" w="326" /><ent r="4" t="24" w="333" /><ent r="4" t="24" w="338" /><ent r="4" t="24" w="351" /></phr></stem><stem n="();"><phr n="();"><ent r="4" t="23" w="118" /><ent r="4" t="24" w="97" /><ent r="4" t="24" w="184" /><ent r="4" t="24" w="295" /><ent r="4" t="24" w="395" /><ent r="4" t="24" w="641" /><ent r="4" t="24" w="652" /><ent r="4" t="24" w="776" /><ent r="4" t="24" w="881" /><ent r="4" t="31" w="474" /><ent r="4" t="35" w="155" /><ent r="4" t="36" w="90" /><ent r="4" t="52" w="130" /><ent r="5" t="53" w="143" /><ent r="5" t="53" w="321" /><ent r="5" t="53" w="533" /><ent r="4" t="76" w="635" /><ent r="4" t="88" w="87" /><ent r="4" t="99" w="276" /><ent r="4" t="99" w="473" /><ent r="4" t="99" w="656" /><ent r="4" t="99" w="681" /><ent r="4" t="122" w="261" /><ent r="4" t="130" w="108" /><ent r="4" t="187" w="39" /><ent r="4" t="187" w="170" /><ent r="4" t="188" w="51" /><ent r="4" t="188" w="294" /><ent r="4" t="190" w="77" /><ent r="4" t="191" w="199" /><ent r="4" t="194" w="52" /><ent r="4" t="204" w="51" /><ent r="4" t="208" w="33" /><ent r="4" t="226" w="181" /><ent r="4" t="233" w="418" /><ent r="4" t="236" w="297" /><ent r="4" t="236" w="547" /><ent r="4" t="236" w="772" /><ent r="4" t="240" w="169" /><ent r="4" t="240" w="830" /><ent r="4" t="240" w="1025" /><ent r="4" t="240" w="1205" /><ent r="4" t="241" w="222" /><ent r="4" t="257" w="287" /><ent r="4" t="265" w="288" /><ent r="4" t="266" w="581" /><ent r="6" t="300" w="184" /><ent r="6" t="300" w="208" /><ent r="6" t="300" w="245" /><ent r="6" t="300" w="362" /><ent r="6" t="300" w="495" /><ent r="6" t="300" w="503" /></phr></stem><stem n="theexample.nam"><phr n="theExample.Name"><ent r="4" t="23" w="119" /><ent r="4" t="23" w="118" /><ent r="4" t="23" w="153" /><ent r="4" t="23" w="152" /><ent r="4" t="24" w="98" /><ent r="4" t="24" w="97" /><ent r="4" t="24" w="132" /><ent r="4" t="24" w="131" /><ent r="4" t="24" w="296" /><ent r="4" t="24" w="295" /><ent r="4" t="24" w="334" /><ent r="4" t="24" w="333" /></phr></stem><stem n="container.querybyexampl"><phr n="container.QueryByExample"><ent r="4" t="23" w="126" /><ent r="4" t="23" w="125" /><ent r="4" t="23" w="165" /><ent r="4" t="23" w="164" /><ent r="4" t="24" w="105" /><ent r="4" t="24" w="104" /><ent r="4" t="24" w="144" /><ent r="4" t="24" w="143" /><ent r="4" t="24" w="190" /><ent r="4" t="24" w="189" /><ent r="4" t="24" w="229" /><ent r="4" t="24" w="228" /><ent r="4" t="24" w="306" /><ent r="4" t="24" w="305" /><ent r="4" t="24" w="350" /><ent r="4" t="24" w="349" /><ent r="4" t="24" w="398" /><ent r="4" t="24" w="397" /><ent r="4" t="24" w="438" /><ent r="4" t="24" w="437" /><ent r="4" t="24" w="473" /><ent r="4" t="24" w="472" /><ent r="4" t="24" w="505" /><ent r="4" t="24" w="504" /><ent r="4" t="24" w="549" /><ent r="4" t="24" w="548" /><ent r="4" t="24" w="573" /><ent r="4" t="24" w="572" /><ent r="4" t="24" w="658" /><ent r="4" t="24" w="657" /><ent r="4" t="24" w="708" /><ent r="4" t="24" w="707" /><ent r="4" t="24" w="784" /><ent r="4" t="24" w="783" /><ent r="4" t="24" w="822" /><ent r="4" t="24" w="821" /><ent r="4" t="24" w="893" /><ent r="4" t="24" w="892" /><ent r="4" t="24" w="934" /><ent r="4" t="24" w="933" /><ent r="5" t="277" w="197" /><ent r="5" t="277" w="196" /><ent r="5" t="277" w="252" /><ent r="5" t="277" w="251" /></phr></stem><stem n="querybyexampl"><phr n="QueryByExample"><ent r="4" t="23" w="126" /><ent r="4" t="23" w="165" /><ent r="4" t="24" w="105" /><ent r="4" t="24" w="144" /><ent r="4" t="24" w="190" /><ent r="4" t="24" w="229" /><ent r="4" t="24" w="306" /><ent r="4" t="24" w="350" /><ent r="4" t="24" w="398" /><ent r="4" t="24" w="438" /><ent r="4" t="24" w="473" /><ent r="4" t="24" w="505" /><ent r="4" t="24" w="549" /><ent r="4" t="24" w="573" /><ent r="4" t="24" w="658" /><ent r="4" t="24" w="708" /><ent r="4" t="24" w="784" /><ent r="4" t="24" w="822" /><ent r="4" t="24" w="893" /><ent r="4" t="24" w="934" /><ent r="5" t="277" w="197" /><ent r="5" t="277" w="252" /></phr><phr n="QueryByExamples"><ent r="4" t="23" w="129" /><ent r="4" t="23" w="168" /><ent r="4" t="24" w="108" /><ent r="4" t="24" w="147" /><ent r="4" t="24" w="193" /><ent r="4" t="24" w="232" /><ent r="4" t="24" w="309" /><ent r="4" t="24" w="353" /><ent r="4" t="24" w="401" /><ent r="4" t="24" w="441" /><ent r="4" t="24" w="479" /><ent r="4" t="24" w="511" /><ent r="4" t="24" w="554" /><ent r="4" t="24" w="578" /><ent r="4" t="24" w="661" /><ent r="4" t="24" w="711" /><ent r="4" t="24" w="787" /><ent r="4" t="24" w="825" /><ent r="4" t="24" w="896" /><ent r="4" t="24" w="937" /></phr></stem><stem n=".querybyexample(theexample);"><phr n=".QueryByExample(theExample);"><ent r="4" t="23" w="128" /><ent r="4" t="24" w="107" /><ent r="4" t="24" w="192" /><ent r="4" t="24" w="308" /></phr></stem><stem n="querybyexamples.c"><phr n="QueryByExamples.cs"><ent r="4" t="23" w="130" /><ent r="4" t="23" w="129" /><ent r="4" t="24" w="109" /><ent r="4" t="24" w="108" /><ent r="4" t="24" w="194" /><ent r="4" t="24" w="193" /><ent r="4" t="24" w="310" /><ent r="4" t="24" w="309" /><ent r="4" t="24" w="402" /><ent r="4" t="24" w="401" /><ent r="4" t="24" w="480" /><ent r="4" t="24" w="479" /><ent r="4" t="24" w="555" /><ent r="4" t="24" w="554" /><ent r="4" t="24" w="662" /><ent r="4" t="24" w="661" /><ent r="4" t="24" w="788" /><ent r="4" t="24" w="787" /><ent r="4" t="24" w="897" /><ent r="4" t="24" w="896" /></phr></stem><stem n=".querybyexample(theexample)"><phr n=".QueryByExample(theExample)"><ent r="4" t="23" w="167" /><ent r="4" t="24" w="146" /><ent r="4" t="24" w="231" /><ent r="4" t="24" w="352" /></phr></stem><stem n="querybyexamples.vb"><phr n="QueryByExamples.vb"><ent r="4" t="23" w="169" /><ent r="4" t="23" w="168" /><ent r="4" t="24" w="148" /><ent r="4" t="24" w="147" /><ent r="4" t="24" w="233" /><ent r="4" t="24" w="232" /><ent r="4" t="24" w="354" /><ent r="4" t="24" w="353" /><ent r="4" t="24" w="442" /><ent r="4" t="24" w="441" /><ent r="4" t="24" w="512" /><ent r="4" t="24" w="511" /><ent r="4" t="24" w="579" /><ent r="4" t="24" w="578" /><ent r="4" t="24" w="712" /><ent r="4" t="24" w="711" /><ent r="4" t="24" w="826" /><ent r="4" t="24" w="825" /><ent r="4" t="24" w="938" /><ent r="4" t="24" w="937" /></phr></stem><stem n="exanim"><phr n="exanimate"><ent r="3" t="24" w="29" /></phr></stem><stem n="number-field"><phr n="number-field"><ent r="3" t="24" w="52" /></phr></stem><stem n="null"><phr n="null"><ent r="3" t="24" w="63" /><ent r="3" t="24" w="70" /><ent r="3" t="24" w="535" /><ent r="5" t="24" w="551" /><ent r="5" t="28" w="757" /><ent r="5" t="28" w="973" /><ent r="5" t="28" w="1125" /><ent r="3" t="41" w="144" /><ent r="3" t="42" w="367" /><ent r="5" t="42" w="385" /><ent r="5" t="42" w="474" /><ent r="5" t="42" w="818" /><ent r="5" t="42" w="871" /><ent r="5" t="49" w="502" /><ent r="5" t="49" w="505" /><ent r="5" t="49" w="544" /><ent r="5" t="49" w="1086" /><ent r="5" t="50" w="759" /><ent r="3" t="55" w="214" /><ent r="3" t="56" w="191" /><ent r="5" t="56" w="249" /><ent r="5" t="56" w="257" /><ent r="4" t="56" w="266" /><ent r="5" t="56" w="287" /><ent r="4" t="56" w="309" /><ent r="5" t="70" w="372" /><ent r="5" t="70" w="685" /><ent r="5" t="74" w="167" /><ent r="5" t="74" w="170" /><ent r="5" t="76" w="95" /><ent r="5" t="76" w="98" /><ent r="5" t="96" w="763" /><ent r="5" t="96" w="918" /><ent r="5" t="99" w="493" /><ent r="5" t="99" w="651" /><ent r="3" t="100" w="356" /><ent r="3" t="104" w="153" /><ent r="5" t="112" w="471" /><ent r="5" t="112" w="521" /><ent r="5" t="121" w="321" /><ent r="5" t="121" w="347" /><ent r="3" t="244" w="356" /><ent r="5" t="257" w="276" /><ent r="5" t="257" w="362" /><ent r="5" t="263" w="261" /><ent r="5" t="263" w="264" /><ent r="3" t="273" w="39" /><ent r="3" t="274" w="64" /><ent r="5" t="274" w="108" /><ent r="5" t="274" w="197" /></phr><phr n="nulls"><ent r="4" t="25" w="45" /><ent r="3" t="292" w="159" /></phr><phr n="Null"><ent r="3" t="184" w="53" /></phr></stem><stem n="33"><phr n="33"><ent r="3" t="24" w="167" /><ent r="3" t="24" w="173" /><ent r="4" t="24" w="186" /><ent r="4" t="24" w="197" /><ent r="4" t="24" w="219" /><ent r="4" t="24" w="236" /></phr></stem><stem n="year"><phr n="years"><ent r="3" t="24" w="174" /><ent r="3" t="24" w="283" /><ent r="4" t="24" w="314" /><ent r="4" t="24" w="358" /></phr><phr n="year"><ent r="4" t="24" w="198" /><ent r="4" t="24" w="237" /></phr></stem><stem n="old"><phr n="old"><ent r="3" t="24" w="175" /><ent r="4" t="24" w="199" /><ent r="4" t="24" w="238" /><ent r="4" t="24" w="315" /><ent r="4" t="24" w="359" /><ent r="6" t="37" w="120" /><ent r="6" t="37" w="181" /><ent r="4" t="39" w="323" /><ent r="5" t="54" w="231" /><ent r="5" t="54" w="281" /><ent r="5" t="66" w="625" /><ent r="5" t="66" w="713" /><ent r="3" t="72" w="116" /><ent r="3" t="79" w="111" /><ent r="3" t="79" w="194" /><ent r="3" t="80" w="96" /><ent r="3" t="84" w="17" /><ent r="3" t="84" w="24" /><ent r="3" t="88" w="24" /><ent r="3" t="118" w="81" /><ent r="4" t="119" w="90" /><ent r="3" t="121" w="73" /><ent r="3" t="121" w="87" /><ent r="3" t="121" w="98" /><ent r="3" t="121" w="126" /><ent r="3" t="121" w="229" /><ent r="3" t="121" w="233" /><ent r="5" t="121" w="296" /><ent r="5" t="121" w="327" /><ent r="4" t="121" w="371" /><ent r="5" t="121" w="459" /><ent r="5" t="121" w="498" /><ent r="4" t="121" w="567" /><ent r="3" t="121" w="645" /><ent r="3" t="122" w="23" /><ent r="3" t="122" w="31" /><ent r="3" t="122" w="165" /><ent r="4" t="122" w="225" /><ent r="4" t="122" w="229" /><ent r="4" t="122" w="250" /><ent r="4" t="122" w="268" /><ent r="4" t="122" w="275" /><ent r="4" t="122" w="314" /><ent r="4" t="122" w="340" /><ent r="4" t="122" w="347" /><ent r="3" t="122" w="381" /><ent r="4" t="123" w="120" /><ent r="4" t="124" w="149" /><ent r="3" t="124" w="165" /><ent r="4" t="124" w="216" /><ent r="4" t="124" w="294" /><ent r="3" t="124" w="318" /><ent r="4" t="125" w="157" /><ent r="3" t="125" w="173" /><ent r="4" t="125" w="224" /><ent r="4" t="125" w="304" /><ent r="3" t="125" w="328" /><ent r="3" t="127" w="350" /><ent r="3" t="137" w="143" /><ent r="3" t="188" w="252" /><ent r="5" t="227" w="129" /><ent r="5" t="227" w="218" /><ent r="3" t="228" w="50" /><ent r="3" t="252" w="59" /></phr><phr n="Old"><ent r="5" t="147" w="308" /><ent r="5" t="147" w="386" /></phr></stem></index>