﻿<?xml version="1.0" encoding="utf-8"?><index><stem n="usual"><phr n="usual"><ent r="3" t="18" w="235" /><ent r="3" t="105" w="161" /><ent r="3" t="200" w="103" /><ent r="3" t="231" w="100" /><ent r="5" t="277" w="192" /><ent r="5" t="277" w="245" /></phr><phr n="usually"><ent r="3" t="27" w="94" /><ent r="3" t="62" w="79" /><ent r="3" t="73" w="206" /><ent r="3" t="90" w="62" /><ent r="3" t="145" w="104" /><ent r="3" t="146" w="138" /><ent r="3" t="169" w="74" /><ent r="3" t="179" w="356" /><ent r="3" t="226" w="19" /><ent r="64" t="231" w="173" /><ent r="3" t="240" w="25" /><ent r="3" t="240" w="310" /><ent r="3" t="274" w="61" /><ent r="3" t="277" w="70" /><ent r="3" t="281" w="227" /></phr><phr n="Usually"><ent r="3" t="235" w="286" /><ent r="3" t="303" w="218" /></phr></stem><stem n="pilot.ag"><phr n="pilot.Age"><ent r="4" t="18" w="252" /><ent r="4" t="18" w="251" /><ent r="4" t="18" w="321" /><ent r="4" t="18" w="320" /><ent r="4" t="18" w="385" /><ent r="4" t="18" w="384" /><ent r="4" t="18" w="389" /><ent r="4" t="18" w="388" /><ent r="4" t="18" w="462" /><ent r="4" t="18" w="461" /><ent r="4" t="18" w="469" /><ent r="4" t="18" w="468" /><ent r="4" t="18" w="522" /><ent r="4" t="18" w="521" /><ent r="4" t="18" w="526" /><ent r="4" t="18" w="525" /><ent r="4" t="18" w="605" /><ent r="4" t="18" w="604" /><ent r="4" t="18" w="612" /><ent r="4" t="18" w="611" /><ent r="4" t="18" w="941" /><ent r="4" t="18" w="940" /><ent r="4" t="19" w="170" /><ent r="4" t="19" w="169" /><ent r="4" t="29" w="213" /><ent r="4" t="29" w="212" /><ent r="4" t="29" w="277" /><ent r="4" t="29" w="276" /></phr><phr n="Pilot.Age"><ent r="4" t="18" w="1033" /><ent r="4" t="18" w="1032" /></phr></stem><stem n="queryadult"><phr n="QueryAdults"><ent r="4" t="18" w="286" /><ent r="4" t="18" w="308" /></phr></stem><stem n="greater"><phr n="greater"><ent r="3" t="18" w="359" /><ent r="3" t="27" w="324" /><ent r="4" t="27" w="357" /><ent r="4" t="27" w="404" /><ent r="4" t="27" w="441" /><ent r="4" t="27" w="491" /><ent r="4" t="140" w="379" /><ent r="3" t="185" w="119" /></phr><phr n="Greater"><ent r="4" t="27" w="348" /><ent r="4" t="27" w="389" /><ent r="4" t="27" w="431" /><ent r="4" t="27" w="475" /><ent r="4" t="27" w="548" /><ent r="4" t="27" w="598" /><ent r="4" t="31" w="578" /><ent r="4" t="31" w="610" /><ent r="4" t="31" w="641" /><ent r="4" t="31" w="682" /><ent r="4" t="31" w="801" /><ent r="4" t="31" w="835" /></phr></stem><stem n="rage"><phr n="rage"><ent r="4" t="18" w="399" /><ent r="4" t="18" w="433" /></phr></stem><stem n="queryrang"><phr n="QueryRange"><ent r="4" t="18" w="425" /><ent r="4" t="18" w="449" /></phr></stem><stem n="arbitrari"><phr n="arbitrary"><ent r="3" t="18" w="501" /><ent r="4" t="18" w="1051" /><ent r="3" t="62" w="71" /></phr><phr n="Arbitrary"><ent r="92" t="18" w="829" /><ent r="4" t="18" w="952" /><ent r="4" t="18" w="981" /><ent r="5" t="20" w="497" /></phr></stem><stem n="(pilot.ag"><phr n="(pilot.Age"><ent r="4" t="18" w="522" /><ent r="4" t="18" w="605" /></phr></stem><stem n="||"><phr n="||"><ent r="4" t="18" w="529" /><ent r="4" t="18" w="942" /></phr></stem><stem n="combinecriteria"><phr n="CombineCriterias"><ent r="4" t="18" w="568" /><ent r="4" t="18" w="592" /></phr></stem><stem n="orels"><phr n="OrElse"><ent r="5" t="18" w="616" /><ent r="5" t="18" w="1035" /></phr></stem><stem n="reus"><phr n="reuse"><ent r="3" t="18" w="670" /><ent r="3" t="179" w="76" /><ent r="3" t="188" w="536" /><ent r="3" t="233" w="127" /><ent r="5" t="233" w="646" /><ent r="5" t="233" w="691" /><ent r="3" t="297" w="86" /><ent r="3" t="298" w="72" /></phr><phr n="reused"><ent r="3" t="72" w="132" /><ent r="4" t="137" w="122" /><ent r="3" t="137" w="134" /><ent r="3" t="137" w="150" /><ent r="3" t="137" w="165" /><ent r="3" t="137" w="253" /><ent r="3" t="179" w="469" /></phr><phr n="reusing"><ent r="3" t="233" w="161" /></phr></stem><stem n="multipl"><phr n="multiple"><ent r="3" t="18" w="674" /><ent r="3" t="24" w="253" /><ent r="4" t="27" w="1316" /><ent r="4" t="27" w="1368" /><ent r="3" t="30" w="181" /><ent r="4" t="30" w="235" /><ent r="4" t="30" w="286" /><ent r="3" t="34" w="508" /><ent r="3" t="34" w="515" /><ent r="3" t="38" w="100" /><ent r="3" t="38" w="237" /><ent r="3" t="44" w="232" /><ent r="3" t="65" w="21" /><ent r="3" t="65" w="26" /><ent r="3" t="66" w="23" /><ent r="3" t="66" w="39" /><ent r="3" t="66" w="63" /><ent r="3" t="73" w="148" /><ent r="3" t="74" w="1154" /><ent r="3" t="76" w="518" /><ent r="3" t="122" w="199" /><ent r="4" t="147" w="108" /><ent r="3" t="157" w="25" /><ent r="3" t="160" w="22" /><ent r="3" t="176" w="39" /><ent r="4" t="182" w="63" /><ent r="3" t="188" w="227" /><ent r="3" t="188" w="611" /><ent r="3" t="226" w="144" /><ent r="3" t="226" w="152" /><ent r="3" t="227" w="267" /><ent r="3" t="228" w="10" /><ent r="3" t="233" w="395" /><ent r="3" t="234" w="18" /><ent r="3" t="236" w="104" /><ent r="3" t="240" w="751" /><ent r="3" t="243" w="270" /><ent r="3" t="243" w="307" /><ent r="3" t="243" w="366" /><ent r="3" t="255" w="38" /><ent r="3" t="256" w="19" /><ent r="3" t="274" w="307" /><ent r="3" t="308" w="15" /></phr><phr n="Multiple"><ent r="92" t="30" w="174" /><ent r="92" t="34" w="492" /><ent r="100" t="66" w="7" /><ent r="4" t="106" w="64" /></phr><phr n="multiplication"><ent r="3" t="190" w="52" /></phr><phr n="multiples"><ent r="3" t="284" w="177" /><ent r="3" t="284" w="208" /></phr></stem><stem n="static"><phr n="static"><ent r="5" t="18" w="699" /><ent r="3" t="49" w="475" /><ent r="4" t="90" w="330" /><ent r="5" t="96" w="219" /><ent r="5" t="100" w="84" /><ent r="3" t="110" w="17" /><ent r="3" t="112" w="15" /><ent r="3" t="112" w="22" /><ent r="3" t="112" w="41" /><ent r="4" t="112" w="75" /><ent r="4" t="112" w="107" /><ent r="3" t="112" w="125" /><ent r="3" t="112" w="182" /><ent r="3" t="112" w="209" /><ent r="3" t="112" w="274" /><ent r="5" t="112" w="287" /><ent r="5" t="112" w="303" /><ent r="5" t="112" w="319" /><ent r="5" t="112" w="335" /><ent r="5" t="112" w="351" /><ent r="3" t="112" w="1195" /><ent r="5" t="112" w="1211" /><ent r="5" t="112" w="1224" /><ent r="5" t="112" w="1273" /><ent r="5" t="112" w="1286" /><ent r="3" t="112" w="1346" /><ent r="3" t="112" w="1350" /><ent r="3" t="112" w="1362" /><ent r="4" t="112" w="1399" /><ent r="4" t="112" w="1434" /><ent r="5" t="117" w="469" /><ent r="6" t="209" w="278" /><ent r="3" t="218" w="15" /><ent r="3" t="218" w="30" /><ent r="3" t="218" w="55" /><ent r="4" t="218" w="95" /><ent r="4" t="218" w="127" /><ent r="6" t="237" w="342" /><ent r="5" t="241" w="137" /><ent r="5" t="241" w="157" /><ent r="5" t="241" w="245" /><ent r="3" t="257" w="519" /><ent r="5" t="257" w="531" /><ent r="5" t="263" w="241" /><ent r="5" t="265" w="698" /><ent r="5" t="302" w="138" /></phr><phr n="Static"><ent r="1000" t="110" w="1" /><ent r="102" t="110" w="8" /><ent r="67" t="110" w="41" /><ent r="1000" t="112" w="2" /><ent r="102" t="112" w="6" /><ent r="64" t="112" w="54" /><ent r="1000" t="218" w="2" /><ent r="102" t="218" w="6" /><ent r="64" t="218" w="74" /></phr></stem><stem n="bool"><phr n="bool"><ent r="5" t="18" w="701" /><ent r="6" t="53" w="146" /><ent r="6" t="53" w="324" /><ent r="6" t="53" w="536" /><ent r="5" t="70" w="417" /><ent r="5" t="112" w="461" /><ent r="5" t="112" w="509" /><ent r="5" t="130" w="213" /><ent r="5" t="235" w="112" /><ent r="6" t="237" w="344" /></phr></stem><stem n="alljohn"><phr n="AllJohns"><ent r="4" t="18" w="703" /><ent r="4" t="18" w="733" /><ent r="4" t="18" w="783" /><ent r="4" t="18" w="814" /></phr></stem><stem n="boolean"><phr n="Boolean"><ent r="5" t="18" w="745" /><ent r="5" t="19" w="165" /><ent r="5" t="20" w="494" /><ent r="6" t="53" w="232" /><ent r="6" t="53" w="406" /><ent r="6" t="53" w="626" /><ent r="5" t="70" w="570" /><ent r="5" t="74" w="359" /><ent r="5" t="112" w="912" /><ent r="5" t="112" w="992" /><ent r="5" t="130" w="524" /><ent r="5" t="235" w="199" /><ent r="6" t="237" w="437" /></phr><phr n="booleans"><ent r="3" t="111" w="18" /></phr></stem><stem n="predicate&lt;pilot&gt;"><phr n="Predicate&lt;Pilot&gt;"><ent r="4" t="18" w="782" /></phr></stem><stem n="(alljohns));"><phr n="(AllJohns));"><ent r="4" t="18" w="784" /></phr></stem><stem n="predefin"><phr n="predefined"><ent r="4" t="18" w="789" /><ent r="4" t="18" w="820" /><ent r="64" t="114" w="281" /></phr></stem><stem n="soda-queri"><phr n="SODA-queries"><ent r="64" t="18" w="862" /><ent r="3" t="27" w="82" /><ent r="3" t="29" w="12" /></phr><phr n="SODA-query"><ent r="3" t="20" w="287" /><ent r="3" t="27" w="14" /><ent r="3" t="29" w="26" /><ent r="3" t="29" w="319" /></phr><phr n="SODA-Queries"><ent r="65" t="26" w="136" /><ent r="92" t="283" w="362" /></phr></stem><stem n="query-object"><phr n="query-object"><ent r="3" t="18" w="888" /></phr></stem><stem n="-object."><phr n="-object."><ent r="3" t="18" w="890" /><ent r="3" t="18" w="890" /><ent r="3" t="143" w="44" /><ent r="3" t="143" w="44" /><ent r="3" t="173" w="56" /><ent r="3" t="173" w="56" /><ent r="3" t="202" w="42" /><ent r="3" t="202" w="42" /><ent r="3" t="224" w="48" /><ent r="3" t="224" w="48" /></phr></stem><stem n="ilist&lt;"><phr n="IList&lt;"><ent r="4" t="18" w="910" /><ent r="5" t="53" w="129" /><ent r="5" t="53" w="307" /></phr></stem><stem n="int"><phr n="int"><ent r="5" t="18" w="912" /><ent r="5" t="18" w="921" /><ent r="5" t="30" w="413" /><ent r="5" t="34" w="360" /><ent r="5" t="35" w="333" /><ent r="3" t="62" w="37" /><ent r="5" t="64" w="108" /><ent r="5" t="64" w="191" /><ent r="5" t="66" w="648" /><ent r="5" t="70" w="407" /><ent r="5" t="72" w="166" /><ent r="5" t="76" w="813" /><ent r="5" t="99" w="127" /><ent r="5" t="99" w="133" /><ent r="5" t="99" w="264" /><ent r="5" t="99" w="273" /><ent r="5" t="99" w="279" /><ent r="5" t="99" w="285" /><ent r="5" t="99" w="461" /><ent r="5" t="112" w="369" /><ent r="5" t="112" w="377" /><ent r="5" t="112" w="385" /><ent r="5" t="112" w="393" /><ent r="5" t="112" w="397" /><ent r="5" t="112" w="401" /><ent r="5" t="112" w="422" /><ent r="5" t="112" w="435" /><ent r="5" t="112" w="448" /><ent r="5" t="112" w="567" /><ent r="5" t="112" w="574" /><ent r="5" t="117" w="320" /><ent r="5" t="117" w="477" /><ent r="3" t="121" w="144" /><ent r="5" t="121" w="166" /><ent r="5" t="121" w="170" /><ent r="5" t="121" w="202" /><ent r="5" t="121" w="206" /><ent r="5" t="121" w="301" /><ent r="5" t="121" w="315" /><ent r="5" t="121" w="357" /><ent r="5" t="121" w="464" /><ent r="4" t="122" w="100" /><ent r="4" t="122" w="123" /><ent r="5" t="190" w="403" /><ent r="5" t="190" w="428" /><ent r="5" t="190" w="432" /><ent r="4" t="193" w="185" /><ent r="4" t="193" w="191" /><ent r="4" t="193" w="230" /><ent r="5" t="227" w="145" /><ent r="5" t="228" w="237" /><ent r="5" t="241" w="144" /><ent r="5" t="241" w="164" /><ent r="5" t="241" w="168" /><ent r="5" t="241" w="209" /><ent r="5" t="241" w="226" /><ent r="5" t="241" w="247" /><ent r="5" t="241" w="253" /><ent r="5" t="241" w="257" /><ent r="5" t="241" w="261" /><ent r="5" t="251" w="60" /><ent r="5" t="251" w="66" /><ent r="5" t="251" w="431" /><ent r="5" t="254" w="93" /><ent r="5" t="254" w="219" /><ent r="6" t="300" w="182" /><ent r="6" t="300" w="206" /><ent r="6" t="300" w="360" /></phr><phr n="ints"><ent r="3" t="69" w="82" /><ent r="4" t="103" w="89" /><ent r="3" t="111" w="81" /><ent r="3" t="112" w="235" /><ent r="3" t="218" w="42" /></phr></stem><stem n="allowedag"><phr n="allowedAges"><ent r="4" t="18" w="915" /><ent r="4" t="18" w="938" /><ent r="4" t="18" w="1008" /><ent r="4" t="18" w="1030" /></phr></stem><stem n="array.asreadonli"><phr n="Array.AsReadOnly"><ent r="4" t="18" w="917" /><ent r="4" t="18" w="916" /><ent r="4" t="18" w="1018" /><ent r="4" t="18" w="1017" /></phr></stem><stem n="asreadonli"><phr n="AsReadOnly"><ent r="4" t="18" w="917" /><ent r="4" t="18" w="1018" /></phr></stem><stem n=".asreadonly("><phr n=".AsReadOnly("><ent r="4" t="18" w="918" /><ent r="4" t="18" w="1019" /></phr></stem><stem n="[]"><phr n="[]"><ent r="4" t="18" w="923" /><ent r="4" t="70" w="110" /><ent r="4" t="105" w="85" /><ent r="92" t="105" w="129" /><ent r="3" t="105" w="156" /><ent r="3" t="106" w="24" /><ent r="4" t="117" w="131" /><ent r="4" t="117" w="328" /><ent r="4" t="122" w="268" /><ent r="4" t="141" w="158" /><ent r="4" t="193" w="190" /><ent r="4" t="193" w="229" /><ent r="4" t="272" w="404" /><ent r="4" t="281" w="316" /><ent r="4" t="302" w="146" /></phr></stem><stem n="{18,"><phr n="{18,"><ent r="4" t="18" w="924" /><ent r="4" t="18" w="1025" /></phr></stem><stem n="35"><phr n="35"><ent r="4" t="18" w="925" /><ent r="4" t="18" w="1026" /></phr></stem><stem n="allowedages.contain"><phr n="allowedAges.Contains"><ent r="4" t="18" w="939" /><ent r="4" t="18" w="938" /><ent r="4" t="18" w="1031" /><ent r="4" t="18" w="1030" /></phr></stem><stem n=".contains(pilot.age)"><phr n=".Contains(pilot.Age)"><ent r="4" t="18" w="942" /></phr><phr n=".Contains(Pilot.Age)"><ent r="4" t="18" w="1034" /></phr></stem><stem n="pilot.name.tolowerinvari"><phr n="pilot.Name.ToLowerInvariant"><ent r="4" t="18" w="945" /><ent r="4" t="18" w="943" /></phr><phr n="Pilot.Name.ToLowerInvariant"><ent r="4" t="18" w="1039" /><ent r="4" t="18" w="1037" /></phr></stem><stem n=".name.tolowerinvariant()"><phr n=".Name.ToLowerInvariant()"><ent r="4" t="18" w="946" /><ent r="4" t="18" w="1040" /></phr></stem><stem n="querywithanycod"><phr n="QueryWithAnyCode"><ent r="4" t="18" w="977" /><ent r="4" t="18" w="996" /></phr></stem><stem n="integ"><phr n="Integer"><ent r="5" t="18" w="1015" /><ent r="5" t="18" w="1022" /><ent r="5" t="19" w="204" /><ent r="5" t="30" w="498" /><ent r="5" t="34" w="423" /><ent r="5" t="35" w="405" /><ent r="5" t="64" w="150" /><ent r="5" t="66" w="736" /><ent r="5" t="70" w="554" /><ent r="5" t="72" w="202" /><ent r="5" t="76" w="885" /><ent r="5" t="99" w="167" /><ent r="5" t="99" w="177" /><ent r="5" t="99" w="199" /><ent r="5" t="99" w="341" /><ent r="5" t="99" w="350" /><ent r="5" t="99" w="369" /><ent r="5" t="99" w="377" /><ent r="5" t="99" w="534" /><ent r="3" t="111" w="63" /><ent r="5" t="112" w="732" /><ent r="5" t="112" w="743" /><ent r="5" t="112" w="754" /><ent r="5" t="112" w="769" /><ent r="5" t="112" w="778" /><ent r="5" t="112" w="787" /><ent r="5" t="112" w="822" /><ent r="5" t="112" w="849" /><ent r="5" t="112" w="876" /><ent r="5" t="112" w="1067" /><ent r="5" t="112" w="1075" /><ent r="5" t="117" w="391" /><ent r="5" t="117" w="548" /><ent r="5" t="121" w="483" /><ent r="5" t="190" w="491" /><ent r="5" t="190" w="545" /><ent r="5" t="190" w="554" /><ent r="4" t="193" w="458" /><ent r="4" t="193" w="460" /><ent r="4" t="193" w="508" /><ent r="5" t="227" w="234" /><ent r="5" t="228" w="258" /><ent r="5" t="241" w="322" /><ent r="5" t="241" w="368" /><ent r="5" t="241" w="377" /><ent r="5" t="241" w="434" /><ent r="5" t="241" w="463" /><ent r="5" t="241" w="512" /><ent r="5" t="241" w="521" /><ent r="5" t="241" w="526" /><ent r="5" t="241" w="534" /><ent r="5" t="251" w="100" /><ent r="5" t="251" w="110" /><ent r="5" t="251" w="132" /><ent r="5" t="251" w="468" /></phr><phr n="integers"><ent r="3" t="111" w="16" /><ent r="3" t="285" w="93" /></phr><phr n="integer"><ent r="4" t="269" w="98" /><ent r="4" t="278" w="197" /><ent r="3" t="292" w="112" /></phr></stem><stem n="()"><phr n="()"><ent r="4" t="18" w="1024" /><ent r="4" t="23" w="152" /><ent r="4" t="24" w="131" /><ent r="4" t="24" w="217" /><ent r="4" t="24" w="333" /><ent r="4" t="24" w="429" /><ent r="4" t="24" w="682" /><ent r="4" t="24" w="696" /><ent r="4" t="24" w="808" /><ent r="4" t="24" w="916" /><ent r="4" t="27" w="707" /><ent r="4" t="28" w="1026" /><ent r="4" t="28" w="1198" /><ent r="4" t="31" w="269" /><ent r="4" t="31" w="514" /><ent r="4" t="31" w="1254" /><ent r="4" t="35" w="256" /><ent r="4" t="36" w="130" /><ent r="4" t="42" w="249" /><ent r="4" t="42" w="276" /><ent r="4" t="49" w="809" /><ent r="4" t="49" w="852" /><ent r="4" t="49" w="907" /><ent r="4" t="49" w="1147" /><ent r="4" t="49" w="1173" /><ent r="4" t="52" w="235" /><ent r="4" t="70" w="171" /><ent r="4" t="76" w="736" /><ent r="4" t="88" w="132" /><ent r="3" t="95" w="119" /><ent r="4" t="99" w="174" /><ent r="4" t="99" w="485" /><ent r="4" t="99" w="548" /><ent r="4" t="99" w="568" /><ent r="4" t="99" w="647" /><ent r="4" t="99" w="665" /><ent r="4" t="99" w="735" /><ent r="4" t="99" w="752" /><ent r="4" t="99" w="770" /><ent r="4" t="99" w="803" /><ent r="3" t="100" w="80" /><ent r="4" t="100" w="250" /><ent r="3" t="100" w="340" /><ent r="3" t="100" w="342" /><ent r="4" t="112" w="570" /><ent r="4" t="112" w="600" /><ent r="4" t="112" w="819" /><ent r="4" t="112" w="846" /><ent r="4" t="112" w="873" /><ent r="4" t="112" w="1064" /><ent r="4" t="112" w="1111" /><ent r="4" t="114" w="369" /><ent r="4" t="114" w="580" /><ent r="4" t="117" w="216" /><ent r="4" t="117" w="404" /><ent r="4" t="122" w="333" /><ent r="4" t="122" w="340" /><ent r="4" t="130" w="100" /><ent r="4" t="130" w="135" /><ent r="4" t="130" w="293" /><ent r="4" t="130" w="301" /><ent r="4" t="130" w="361" /><ent r="4" t="141" w="315" /><ent r="6" t="143" w="277" /><ent r="3" t="174" w="252" /><ent r="4" t="187" w="90" /><ent r="4" t="187" w="227" /><ent r="4" t="188" w="98" /><ent r="4" t="188" w="340" /><ent r="4" t="190" w="136" /><ent r="4" t="190" w="453" /><ent r="4" t="190" w="582" /><ent r="4" t="191" w="267" /><ent r="4" t="193" w="83" /><ent r="4" t="193" w="164" /><ent r="4" t="193" w="264" /><ent r="4" t="193" w="306" /><ent r="4" t="193" w="421" /><ent r="4" t="193" w="544" /><ent r="4" t="194" w="93" /><ent r="4" t="204" w="86" /><ent r="4" t="208" w="63" /><ent r="4" t="226" w="224" /><ent r="4" t="233" w="506" /><ent r="4" t="236" w="151" /><ent r="4" t="236" w="216" /><ent r="4" t="236" w="337" /><ent r="4" t="236" w="580" /><ent r="4" t="236" w="826" /><ent r="4" t="240" w="460" /><ent r="4" t="240" w="1375" /><ent r="4" t="250" w="117" /><ent r="4" t="251" w="107" /><ent r="4" t="251" w="564" /><ent r="4" t="253" w="179" /><ent r="4" t="253" w="210" /><ent r="4" t="253" w="226" /><ent r="4" t="253" w="423" /><ent r="4" t="253" w="458" /><ent r="4" t="254" w="194" /><ent r="4" t="257" w="294" /><ent r="4" t="257" w="348" /><ent r="4" t="260" w="184" /><ent r="4" t="263" w="170" /><ent r="4" t="263" w="513" /><ent r="4" t="263" w="589" /><ent r="4" t="264" w="74" /><ent r="4" t="264" w="251" /><ent r="4" t="265" w="184" /><ent r="4" t="265" w="292" /><ent r="3" t="265" w="398" /><ent r="4" t="265" w="582" /><ent r="4" t="266" w="622" /><ent r="4" t="272" w="488" /><ent r="4" t="281" w="428" /><ent r="4" t="286" w="88" /><ent r="4" t="302" w="158" /><ent r="4" t="302" w="226" /><ent r="4" t="302" w="238" /></phr></stem><stem n="})"><phr n="})"><ent r="4" t="18" w="1027" /><ent r="4" t="260" w="260" /></phr></stem><stem n="syntax"><phr n="syntax"><ent r="3" t="19" w="51" /><ent r="3" t="90" w="268" /><ent r="3" t="92" w="15" /><ent r="6" t="92" w="151" /><ent r="6" t="92" w="474" /></phr><phr n="syntaxes"><ent r="3" t="26" w="93" /></phr></stem><stem n="},"><phr n="},"><ent r="4" t="19" w="83" /></phr></stem><stem n="p1"><phr n="p1"><ent r="4" t="19" w="87" /><ent r="4" t="19" w="93" /><ent r="4" t="30" w="425" /><ent r="4" t="30" w="442" /><ent r="4" t="30" w="508" /><ent r="4" t="30" w="541" /></phr></stem><stem n="p2"><phr n="p2"><ent r="4" t="19" w="89" /><ent r="4" t="19" w="96" /><ent r="4" t="30" w="429" /><ent r="4" t="30" w="445" /><ent r="4" t="30" w="521" /><ent r="4" t="30" w="544" /></phr></stem><stem n="p1.name"><phr n="p1.Name"><ent r="4" t="19" w="94" /><ent r="4" t="19" w="93" /><ent r="4" t="30" w="443" /><ent r="4" t="30" w="442" /><ent r="4" t="30" w="542" /><ent r="4" t="30" w="541" /></phr></stem><stem n="p1.name.compareto"><phr n="p1.Name.CompareTo"><ent r="4" t="19" w="95" /><ent r="4" t="19" w="93" /></phr></stem><stem n="compareto"><phr n="CompareTo"><ent r="4" t="19" w="95" /><ent r="4" t="19" w="210" /></phr></stem><stem n="p2.name"><phr n="p2.Name"><ent r="4" t="19" w="97" /><ent r="4" t="19" w="96" /><ent r="4" t="30" w="446" /><ent r="4" t="30" w="445" /><ent r="4" t="30" w="545" /><ent r="4" t="30" w="544" /></phr></stem><stem n=".name.compareto(p2.name);"><phr n=".Name.CompareTo(p2.Name);"><ent r="4" t="19" w="98" /></phr></stem><stem n="nativequeriessort"><phr n="NativeQueriesSorting"><ent r="4" t="19" w="99" /><ent r="4" t="19" w="134" /><ent r="4" t="19" w="218" /></phr></stem><stem n="nativequeriessorting.c"><phr n="NativeQueriesSorting.cs"><ent r="4" t="19" w="100" /><ent r="4" t="19" w="99" /></phr></stem><stem n="queryforadult"><phr n="QueryForAdults"><ent r="4" t="19" w="128" /><ent r="4" t="19" w="153" /></phr></stem><stem n="sortbynam"><phr n="SortByName"><ent r="4" t="19" w="132" /><ent r="4" t="19" w="184" /></phr></stem><stem n="nativequeriessorting.vb"><phr n="NativeQueriesSorting.vb"><ent r="4" t="19" w="135" /><ent r="4" t="19" w="134" /><ent r="4" t="19" w="219" /><ent r="4" t="19" w="218" /></phr></stem><stem n="pilot1"><phr n="pilot1"><ent r="4" t="19" w="188" /><ent r="4" t="19" w="208" /></phr></stem><stem n="pilot2"><phr n="pilot2"><ent r="4" t="19" w="196" /><ent r="4" t="19" w="211" /></phr></stem><stem n="pilot1.nam"><phr n="pilot1.Name"><ent r="4" t="19" w="209" /><ent r="4" t="19" w="208" /></phr></stem><stem n="pilot1.name.compareto"><phr n="pilot1.Name.CompareTo"><ent r="4" t="19" w="210" /><ent r="4" t="19" w="208" /></phr></stem><stem n="pilot2.nam"><phr n="pilot2.Name"><ent r="4" t="19" w="212" /><ent r="4" t="19" w="211" /></phr></stem><stem n=".name.compareto(pilot2.name)"><phr n=".Name.CompareTo(pilot2.Name)"><ent r="4" t="19" w="213" /></phr></stem><stem n=":optim"><phr n=":Optimization"><ent r="100" t="20" w="7" /></phr></stem><stem n="box"><phr n="box"><ent r="3" t="20" w="56" /><ent r="4" t="113" w="70" /></phr></stem><stem n="turn"><phr n="turned"><ent r="3" t="20" w="63" /><ent r="3" t="148" w="61" /><ent r="3" t="174" w="44" /><ent r="3" t="211" w="10" /><ent r="3" t="212" w="10" /><ent r="3" t="213" w="26" /><ent r="3" t="223" w="317" /><ent r="3" t="249" w="97" /></phr><phr n="turn"><ent r="3" t="116" w="20" /></phr><phr n="Turn"><ent r="6" t="143" w="181" /></phr><phr n="Turns"><ent r="3" t="178" w="23" /><ent r="3" t="184" w="21" /></phr></stem><stem n="default"><phr n="default"><ent r="3" t="20" w="66" /><ent r="3" t="23" w="66" /><ent r="3" t="24" w="41" /><ent r="4" t="25" w="36" /><ent r="3" t="27" w="210" /><ent r="3" t="27" w="521" /><ent r="3" t="27" w="740" /><ent r="3" t="28" w="877" /><ent r="3" t="40" w="149" /><ent r="3" t="41" w="147" /><ent r="3" t="42" w="782" /><ent r="3" t="44" w="197" /><ent r="5" t="45" w="116" /><ent r="5" t="45" w="229" /><ent r="3" t="46" w="44" /><ent r="5" t="46" w="80" /><ent r="5" t="46" w="211" /><ent r="3" t="56" w="33" /><ent r="3" t="57" w="8" /><ent r="3" t="69" w="358" /><ent r="3" t="79" w="128" /><ent r="3" t="80" w="99" /><ent r="3" t="86" w="12" /><ent r="3" t="87" w="14" /><ent r="3" t="88" w="47" /><ent r="4" t="95" w="128" /><ent r="3" t="104" w="26" /><ent r="3" t="104" w="143" /><ent r="3" t="104" w="164" /><ent r="3" t="106" w="136" /><ent r="3" t="111" w="69" /><ent r="3" t="112" w="10" /><ent r="4" t="113" w="49" /><ent r="4" t="119" w="48" /><ent r="3" t="121" w="22" /><ent r="4" t="129" w="176" /><ent r="4" t="129" w="209" /><ent r="3" t="130" w="12" /><ent r="3" t="139" w="126" /><ent r="3" t="146" w="8" /><ent r="3" t="148" w="56" /><ent r="3" t="149" w="19" /><ent r="3" t="152" w="8" /><ent r="3" t="152" w="82" /><ent r="3" t="155" w="27" /><ent r="4" t="158" w="27" /><ent r="3" t="158" w="103" /><ent r="3" t="159" w="47" /><ent r="3" t="163" w="21" /><ent r="4" t="164" w="81" /><ent r="3" t="165" w="10" /><ent r="4" t="168" w="55" /><ent r="4" t="168" w="88" /><ent r="3" t="169" w="24" /><ent r="3" t="169" w="46" /><ent r="3" t="171" w="12" /><ent r="3" t="172" w="10" /><ent r="3" t="175" w="46" /><ent r="3" t="176" w="27" /><ent r="3" t="179" w="51" /><ent r="3" t="179" w="267" /><ent r="3" t="188" w="130" /><ent r="3" t="188" w="402" /><ent r="3" t="190" w="14" /><ent r="3" t="190" w="17" /><ent r="3" t="190" w="268" /><ent r="3" t="190" w="296" /><ent r="3" t="200" w="159" /><ent r="3" t="203" w="26" /><ent r="3" t="210" w="8" /><ent r="3" t="214" w="10" /><ent r="3" t="218" w="10" /><ent r="3" t="221" w="10" /><ent r="3" t="222" w="8" /><ent r="3" t="237" w="21" /><ent r="3" t="242" w="23" /><ent r="3" t="263" w="8" /><ent r="5" t="265" w="174" /><ent r="3" t="266" w="489" /><ent r="3" t="266" w="520" /><ent r="3" t="266" w="560" /><ent r="3" t="273" w="176" /><ent r="3" t="274" w="272" /><ent r="3" t="275" w="121" /><ent r="5" t="275" w="188" /><ent r="5" t="275" w="319" /><ent r="3" t="279" w="36" /><ent r="3" t="282" w="263" /><ent r="3" t="282" w="314" /><ent r="3" t="284" w="130" /><ent r="3" t="284" w="151" /><ent r="3" t="285" w="308" /><ent r="3" t="292" w="228" /><ent r="5" t="299" w="536" /></phr><phr n="Default"><ent r="6" t="143" w="396" /></phr></stem><stem n="theori"><phr n="Theory"><ent r="92" t="20" w="118" /></phr><phr n="theory"><ent r="3" t="33" w="30" /></phr></stem><stem n="bytecod"><phr n="bytecode"><ent r="4" t="20" w="125" /><ent r="4" t="20" w="292" /><ent r="4" t="21" w="55" /><ent r="5" t="26" w="116" /><ent r="3" t="55" w="253" /><ent r="4" t="90" w="55" /><ent r="4" t="90" w="67" /><ent r="4" t="90" w="90" /><ent r="4" t="90" w="126" /><ent r="3" t="90" w="195" /><ent r="3" t="90" w="212" /><ent r="3" t="90" w="243" /><ent r="4" t="90" w="371" /><ent r="4" t="270" w="503" /></phr></stem><stem n="ast"><phr n="AST"><ent r="3" t="20" w="132" /></phr></stem><stem n="ast-lik"><phr n="AST-like"><ent r="3" t="20" w="132" /></phr></stem><stem n="flow"><phr n="flow"><ent r="3" t="20" w="138" /><ent r="3" t="36" w="184" /></phr></stem><stem n="graph"><phr n="graph"><ent r="3" t="20" w="139" /><ent r="3" t="20" w="152" /><ent r="3" t="39" w="125" /><ent r="3" t="41" w="157" /><ent r="3" t="41" w="167" /><ent r="3" t="42" w="25" /><ent r="3" t="42" w="50" /><ent r="3" t="42" w="339" /><ent r="3" t="44" w="187" /><ent r="3" t="49" w="994" /><ent r="3" t="50" w="705" /><ent r="3" t="146" w="35" /><ent r="3" t="146" w="82" /><ent r="3" t="159" w="25" /><ent r="6" t="195" w="90" /><ent r="3" t="197" w="61" /><ent r="3" t="197" w="182" /><ent r="3" t="198" w="183" /><ent r="3" t="222" w="35" /><ent r="8" t="228" w="170" /><ent r="3" t="252" w="92" /><ent r="3" t="254" w="31" /><ent r="3" t="274" w="79" /><ent r="4" t="274" w="324" /><ent r="4" t="274" w="458" /></phr><phr n="graphs"><ent r="3" t="26" w="31" /><ent r="3" t="42" w="550" /><ent r="5" t="49" w="1069" /><ent r="5" t="49" w="1210" /><ent r="5" t="50" w="742" /><ent r="5" t="50" w="819" /><ent r="3" t="135" w="130" /><ent r="3" t="274" w="407" /></phr></stem></index>