﻿<?xml version="1.0" encoding="utf-8"?><index><stem n="secondari"><phr n="secondary"><ent r="3" t="150" w="58" /></phr></stem><stem n="read-oper"><phr n="read-operation"><ent r="3" t="150" w="120" /></phr></stem><stem n="-operation."><phr n="-operation."><ent r="3" t="150" w="122" /><ent r="3" t="150" w="122" /></phr></stem><stem n="longer"><phr n="longer"><ent r="3" t="150" w="137" /><ent r="3" t="164" w="41" /><ent r="3" t="190" w="220" /><ent r="3" t="207" w="117" /><ent r="3" t="235" w="88" /><ent r="3" t="238" w="328" /></phr></stem><stem n="accord"><phr n="according"><ent r="3" t="150" w="152" /></phr></stem><stem n="dabas"><phr n="dabases"><ent r="3" t="150" w="175" /></phr></stem><stem n="100'000"><phr n="100'000"><ent r="3" t="150" w="178" /><ent r="3" t="150" w="177" /></phr></stem><stem n=".common.btreenodes"><phr n=".Common.BTreeNodeSize"><ent r="4" t="150" w="189" /><ent r="4" t="150" w="217" /></phr></stem><stem n="configuration.common.btreenodes"><phr n="configuration.Common.BTreeNodeSize"><ent r="4" t="150" w="189" /><ent r="4" t="150" w="187" /><ent r="4" t="150" w="217" /><ent r="4" t="150" w="215" /></phr></stem><stem n="callback-method"><phr n="callback-methods"><ent r="64" t="151" w="10" /></phr><phr n="callback-method"><ent r="3" t="151" w="30" /></phr></stem><stem n=".common.callback"><phr n=".Common.Callbacks"><ent r="4" t="151" w="92" /><ent r="4" t="151" w="119" /></phr></stem><stem n="configuration.common.callback"><phr n="configuration.Common.Callbacks"><ent r="4" t="151" w="92" /><ent r="4" t="151" w="90" /><ent r="4" t="151" w="119" /><ent r="4" t="151" w="117" /></phr></stem><stem n="secur"><phr n="security"><ent r="3" t="152" w="38" /><ent r="3" t="237" w="37" /><ent r="4" t="237" w="65" /><ent r="3" t="255" w="122" /><ent r="3" t="255" w="129" /><ent r="3" t="258" w="19" /><ent r="4" t="258" w="137" /><ent r="3" t="270" w="18" /><ent r="3" t="270" w="41" /><ent r="3" t="270" w="61" /><ent r="3" t="270" w="103" /><ent r="3" t="270" w="294" /></phr><phr n="Security"><ent r="100" t="194" w="6" /><ent r="67" t="245" w="198" /><ent r="64" t="255" w="137" /><ent r="1000" t="258" w="3" /><ent r="102" t="258" w="7" /><ent r="4" t="258" w="177" /><ent r="4" t="258" w="185" /><ent r="4" t="258" w="208" /><ent r="4" t="258" w="229" /><ent r="4" t="258" w="256" /><ent r="4" t="258" w="275" /><ent r="64" t="269" w="105" /><ent r="1000" t="270" w="1" /><ent r="100" t="270" w="7" /><ent r="102" t="270" w="9" /><ent r="3" t="270" w="64" /><ent r="3" t="270" w="149" /><ent r="3" t="270" w="157" /><ent r="3" t="270" w="180" /><ent r="3" t="270" w="201" /><ent r="3" t="270" w="230" /><ent r="3" t="270" w="249" /></phr><phr n="secure"><ent r="3" t="237" w="56" /><ent r="4" t="237" w="70" /></phr></stem><stem n="-argument"><phr n="-arguments"><ent r="3" t="152" w="82" /><ent r="3" t="152" w="82" /></phr></stem><stem n="default-argu"><phr n="default-arguments"><ent r="3" t="152" w="82" /></phr></stem><stem n=".common.callconstructor"><phr n=".Common.CallConstructors"><ent r="4" t="152" w="95" /><ent r="4" t="152" w="122" /></phr></stem><stem n="configuration.common.callconstructor"><phr n="configuration.Common.CallConstructors"><ent r="4" t="152" w="95" /><ent r="4" t="152" w="93" /><ent r="4" t="152" w="122" /><ent r="4" t="152" w="120" /></phr></stem><stem n="(person)).callconstructor("><phr n="(Person)).CallConstructor("><ent r="4" t="152" w="173" /><ent r="4" t="152" w="205" /><ent r="4" t="210" w="71" /><ent r="4" t="210" w="103" /></phr></stem><stem n=".common.detectschemachang"><phr n=".Common.DetectSchemaChanges"><ent r="4" t="153" w="116" /><ent r="4" t="153" w="144" /></phr></stem><stem n="configuration.common.detectschemachang"><phr n="configuration.Common.DetectSchemaChanges"><ent r="4" t="153" w="116" /><ent r="4" t="153" w="114" /><ent r="4" t="153" w="144" /><ent r="4" t="153" w="142" /></phr></stem><stem n="&quot;diagnostics&quot;"><phr n="&quot;Diagnostics&quot;"><ent r="64" t="154" w="22" /><ent r="65" t="280" w="34" /></phr></stem><stem n="silent"><phr n="silently"><ent r="3" t="155" w="36" /></phr></stem><stem n=".common.exceptionsonnotstor"><phr n=".Common.ExceptionsOnNotStorable"><ent r="4" t="155" w="55" /><ent r="4" t="155" w="86" /></phr></stem><stem n="configuration.common.exceptionsonnotstor"><phr n="configuration.Common.ExceptionsOnNotStorable"><ent r="4" t="155" w="55" /><ent r="4" t="155" w="53" /><ent r="4" t="155" w="86" /><ent r="4" t="155" w="84" /></phr></stem><stem n=".common.internstr"><phr n=".Common.InternStrings"><ent r="4" t="156" w="35" /><ent r="4" t="156" w="62" /></phr></stem><stem n="configuration.common.internstr"><phr n="configuration.Common.InternStrings"><ent r="4" t="156" w="35" /><ent r="4" t="156" w="33" /><ent r="4" t="156" w="62" /><ent r="4" t="156" w="60" /></phr></stem><stem n="exact"><phr n="exact"><ent r="3" t="156" w="87" /><ent r="3" t="284" w="207" /><ent r="4" t="286" w="180" /></phr></stem><stem n="disadvantag"><phr n="Disadvantage"><ent r="92" t="156" w="99" /><ent r="92" t="174" w="171" /><ent r="92" t="207" w="103" /><ent r="6" t="228" w="159" /></phr><phr n="Disadvantages"><ent r="92" t="165" w="217" /><ent r="92" t="166" w="219" /><ent r="92" t="167" w="159" /><ent r="92" t="176" w="180" /><ent r="92" t="203" w="161" /><ent r="6" t="247" w="74" /><ent r="6" t="247" w="136" /><ent r="6" t="247" w="231" /><ent r="6" t="247" w="327" /></phr><phr n="disadvantage"><ent r="3" t="230" w="151" /></phr><phr n="disadvantages"><ent r="3" t="244" w="90" /><ent r="3" t="246" w="163" /><ent r="3" t="248" w="32" /><ent r="3" t="249" w="29" /><ent r="3" t="250" w="30" /><ent r="3" t="251" w="30" /></phr></stem><stem n="pool"><phr n="pool"><ent r="3" t="156" w="112" /><ent r="3" t="233" w="95" /><ent r="3" t="233" w="122" /><ent r="3" t="233" w="209" /><ent r="4" t="233" w="229" /><ent r="4" t="233" w="262" /><ent r="4" t="233" w="292" /><ent r="3" t="233" w="313" /><ent r="5" t="233" w="408" /><ent r="5" t="233" w="491" /><ent r="3" t="233" w="590" /><ent r="3" t="233" w="621" /><ent r="4" t="233" w="655" /><ent r="4" t="233" w="700" /></phr><phr n="pooling"><ent r="3" t="229" w="294" /><ent r="3" t="233" w="102" /></phr><phr n="Pooling"><ent r="64" t="229" w="299" /><ent r="1000" t="233" w="3" /><ent r="100" t="233" w="6" /><ent r="100" t="233" w="9" /><ent r="102" t="233" w="13" /></phr><phr n="pooled"><ent r="3" t="233" w="243" /><ent r="4" t="233" w="473" /><ent r="4" t="233" w="566" /></phr></stem><stem n="memory-problem"><phr n="memory-problems"><ent r="3" t="156" w="137" /></phr></stem><stem n="-problems."><phr n="-problems."><ent r="3" t="156" w="139" /><ent r="3" t="156" w="139" /></phr></stem><stem n="configuration.common.marktransi"><phr n="configuration.Common.MarkTransient"><ent r="4" t="157" w="48" /><ent r="4" t="157" w="46" /><ent r="4" t="157" w="80" /><ent r="4" t="157" w="78" /></phr></stem><stem n=".common.marktransient("><phr n=".Common.MarkTransient("><ent r="4" t="157" w="49" /><ent r="4" t="157" w="81" /></phr></stem><stem n="transientmarkerattribut"><phr n="TransientMarkerAttribute"><ent r="4" t="157" w="52" /><ent r="4" t="157" w="84" /></phr></stem><stem n="fullnam"><phr n="FullName"><ent r="4" t="157" w="53" /><ent r="4" t="157" w="85" /></phr></stem><stem n="(transientmarkerattribute).fullname);"><phr n="(TransientMarkerAttribute).FullName);"><ent r="4" t="157" w="54" /></phr></stem><stem n="marker"><phr n="marker"><ent r="4" t="157" w="60" /><ent r="4" t="157" w="92" /></phr></stem><stem n="annotatin"><phr n="annotatin"><ent r="4" t="157" w="61" /><ent r="4" t="157" w="93" /></phr></stem><stem n="(transientmarkerattribute).fullname)"><phr n="(TransientMarkerAttribute).FullName)"><ent r="4" t="157" w="86" /></phr></stem><stem n="debug-messag"><phr n="debug-messages"><ent r="3" t="158" w="12" /></phr></stem><stem n="four"><phr n="four"><ent r="3" t="158" w="17" /><ent r="3" t="297" w="93" /></phr></stem><stem n="level&gt;"><phr n="Level&gt;"><ent r="4" t="158" w="30" /><ent r="4" t="158" w="35" /><ent r="4" t="158" w="45" /></phr></stem><stem n="(new"><phr n="(new"><ent r="4" t="158" w="39" /><ent r="4" t="193" w="84" /><ent r="4" t="193" w="122" /></phr><phr n="(New"><ent r="4" t="193" w="369" /></phr></stem><stem n=".common.messagelevel"><phr n=".Common.MessageLevel"><ent r="4" t="158" w="59" /><ent r="4" t="158" w="86" /></phr></stem><stem n="configuration.common.messagelevel"><phr n="configuration.Common.MessageLevel"><ent r="4" t="158" w="59" /><ent r="4" t="158" w="57" /><ent r="4" t="158" w="86" /><ent r="4" t="158" w="84" /></phr></stem><stem n="-level"><phr n="-level"><ent r="4" t="158" w="66" /><ent r="4" t="158" w="66" /><ent r="4" t="158" w="93" /><ent r="4" t="158" w="93" /><ent r="3" t="275" w="565" /><ent r="3" t="275" w="565" /><ent r="3" t="275" w="573" /><ent r="3" t="275" w="573" /><ent r="3" t="305" w="94" /><ent r="3" t="305" w="94" /></phr></stem><stem n="message-level"><phr n="message-level"><ent r="4" t="158" w="66" /><ent r="4" t="158" w="93" /></phr></stem><stem n="&quot;chang"><phr n="&quot;Changing"><ent r="64" t="158" w="123" /></phr></stem><stem n="max"><phr n="Max"><ent r="1000" t="159" w="1" /><ent r="102" t="159" w="5" /><ent r="65" t="203" w="175" /><ent r="1000" t="206" w="1" /><ent r="102" t="206" w="6" /></phr><phr n="max"><ent r="3" t="261" w="62" /></phr></stem><stem n=".common.maxstackdepth"><phr n=".Common.MaxStackDepth"><ent r="4" t="159" w="57" /><ent r="4" t="159" w="84" /></phr></stem><stem n="configuration.common.maxstackdepth"><phr n="configuration.Common.MaxStackDepth"><ent r="4" t="159" w="57" /><ent r="4" t="159" w="55" /><ent r="4" t="159" w="84" /><ent r="4" t="159" w="82" /></phr></stem><stem n="maxstackdepth"><phr n="MaxStackDepth"><ent r="4" t="159" w="57" /><ent r="4" t="159" w="84" /></phr></stem><stem n="overwrit"><phr n="overwrite"><ent r="3" t="160" w="9" /><ent r="3" t="179" w="500" /><ent r="3" t="190" w="372" /><ent r="3" t="265" w="395" /></phr></stem><stem n="multiple-contain"><phr n="multiple-container"><ent r="3" t="160" w="22" /></phr></stem><stem n="configuration.common.nameprovid"><phr n="configuration.Common.NameProvider"><ent r="4" t="160" w="32" /><ent r="4" t="160" w="30" /><ent r="4" t="160" w="65" /><ent r="4" t="160" w="63" /></phr></stem><stem n=".common.nameprovider("><phr n=".Common.NameProvider("><ent r="4" t="160" w="33" /><ent r="4" t="160" w="66" /></phr></stem><stem n="simplenameprovid"><phr n="SimpleNameProvider"><ent r="4" t="160" w="36" /><ent r="4" t="160" w="69" /></phr></stem><stem n="&quot;database&quot;"><phr n="&quot;Database&quot;"><ent r="5" t="160" w="39" /><ent r="5" t="160" w="72" /></phr></stem><stem n="-provid"><phr n="-provider"><ent r="4" t="160" w="45" /><ent r="4" t="160" w="45" /><ent r="4" t="160" w="78" /><ent r="4" t="160" w="78" /></phr></stem><stem n="name-provid"><phr n="name-provider"><ent r="4" t="160" w="45" /><ent r="4" t="160" w="78" /></phr></stem><stem n="&quot;nativ"><phr n="&quot;Native"><ent r="64" t="161" w="22" /><ent r="64" t="283" w="169" /></phr></stem><stem n="android"><phr n="Android"><ent r="3" t="161" w="34" /><ent r="3" t="170" w="25" /><ent r="66" t="245" w="72" /><ent r="4" t="245" w="144" /></phr></stem><stem n=".common.optimizenativequeri"><phr n=".Common.OptimizeNativeQueries"><ent r="4" t="161" w="66" /><ent r="4" t="161" w="97" /></phr></stem><stem n="configuration.common.optimizenativequeri"><phr n="configuration.Common.OptimizeNativeQueries"><ent r="4" t="161" w="66" /><ent r="4" t="161" w="64" /><ent r="4" t="161" w="97" /><ent r="4" t="161" w="95" /></phr></stem><stem n="type-handl"><phr n="type-handlers"><ent r="3" t="162" w="13" /></phr><phr n="type-handler"><ent r="3" t="162" w="40" /></phr></stem><stem n="datatyp"><phr n="datatypes"><ent r="3" t="162" w="17" /></phr></stem><stem n="serialization-handl"><phr n="serialization-handling"><ent r="3" t="162" w="26" /></phr></stem><stem n="&quot;typehandlers&quot;"><phr n="&quot;TypeHandlers&quot;"><ent r="64" t="162" w="34" /></phr></stem><stem n=".common.outstream"><phr n=".Common.OutStream"><ent r="4" t="163" w="43" /><ent r="4" t="163" w="71" /></phr></stem><stem n="configuration.common.outstream"><phr n="configuration.Common.OutStream"><ent r="4" t="163" w="43" /><ent r="4" t="163" w="41" /><ent r="4" t="163" w="71" /><ent r="4" t="163" w="69" /></phr></stem><stem n=".out;"><phr n=".Out;"><ent r="4" t="163" w="46" /></phr></stem><stem n=".out"><phr n=".Out"><ent r="4" t="163" w="73" /></phr></stem><stem n="optimum"><phr n="optimum"><ent r="3" t="164" w="19" /></phr></stem><stem n="snapshot"><phr n="Snapshot"><ent r="65" t="164" w="108" /><ent r="1000" t="167" w="1" /><ent r="102" t="167" w="7" /><ent r="3" t="167" w="10" /><ent r="3" t="167" w="74" /><ent r="3" t="167" w="209" /></phr><phr n="snapshot"><ent r="4" t="164" w="117" /><ent r="4" t="166" w="404" /><ent r="3" t="167" w="44" /><ent r="3" t="167" w="97" /></phr></stem><stem n="index-process"><phr n="index-processing"><ent r="4" t="164" w="112" /></phr></stem><stem n="configuration.common.queri"><phr n="configuration.Common.Queries"><ent r="4" t="164" w="137" /><ent r="4" t="164" w="135" /><ent r="4" t="164" w="166" /><ent r="4" t="164" w="164" /></phr></stem><stem n="configuration.common.queries.evaluationmod"><phr n="configuration.Common.Queries.EvaluationMode"><ent r="4" t="164" w="138" /><ent r="4" t="164" w="135" /><ent r="4" t="164" w="167" /><ent r="4" t="164" w="164" /></phr></stem><stem n="evaluationmod"><phr n="EvaluationMode"><ent r="4" t="164" w="138" /><ent r="4" t="164" w="167" /></phr></stem><stem n="queryevaluationmod"><phr n="QueryEvaluationMode"><ent r="4" t="164" w="139" /><ent r="4" t="164" w="168" /></phr></stem><stem n="queryevaluationmode.immedi"><phr n="QueryEvaluationMode.Immediate"><ent r="4" t="164" w="140" /><ent r="4" t="164" w="139" /><ent r="4" t="164" w="169" /><ent r="4" t="164" w="168" /></phr></stem><stem n=".common.queries.evaluationmode(queryevaluationmode.immediate);"><phr n=".Common.Queries.EvaluationMode(QueryEvaluationMode.Immediate);"><ent r="4" t="164" w="141" /></phr></stem><stem n=".common.queries.evaluationmode(queryevaluationmode.immediate)"><phr n=".Common.Queries.EvaluationMode(QueryEvaluationMode.Immediate)"><ent r="4" t="164" w="170" /></phr></stem><stem n="unpleas"><phr n="unpleasant"><ent r="3" t="165" w="65" /></phr></stem><stem n="objectset"><phr n="ObjectSet"><ent r="4" t="165" w="187" /><ent r="4" t="165" w="248" /><ent r="6" t="166" w="306" /><ent r="4" t="166" w="364" /><ent r="5" t="166" w="394" /><ent r="5" t="166" w="419" /><ent r="4" t="167" w="66" /><ent r="4" t="167" w="177" /><ent r="6" t="300" w="433" /></phr></stem><stem n="slightli"><phr n="slightly"><ent r="4" t="165" w="192" /><ent r="3" t="185" w="118" /></phr></stem><stem n="intermedi"><phr n="intermediate"><ent r="4" t="165" w="203" /><ent r="3" t="166" w="79" /><ent r="4" t="166" w="212" /></phr></stem><stem n="(by"><phr n="(by"><ent r="4" t="165" w="209" /></phr></stem><stem n="caller"><phr n="caller"><ent r="4" t="165" w="211" /><ent r="5" t="166" w="301" /><ent r="3" t="167" w="116" /><ent r="4" t="167" w="137" /></phr></stem><stem n="longest"><phr n="longest"><ent r="4" t="165" w="239" /></phr></stem><stem n="appear"><phr n="appearing"><ent r="3" t="166" w="128" /></phr><phr n="appears"><ent r="3" t="285" w="246" /></phr></stem><stem n="hardli"><phr n="hardly"><ent r="4" t="166" w="205" /></phr></stem><stem n="'result'."><phr n="'result'."><ent r="4" t="166" w="230" /></phr></stem><stem n="endless"><phr n="endless"><ent r="5" t="166" w="297" /></phr></stem><stem n="loop"><phr n="loop"><ent r="5" t="166" w="298" /></phr></stem><stem n="revisit"><phr n="revisited"><ent r="5" t="166" w="330" /></phr></stem><stem n="objectset.s"><phr n="ObjectSet.size"><ent r="5" t="166" w="420" /><ent r="5" t="166" w="419" /></phr></stem><stem n=".size()"><phr n=".size()"><ent r="5" t="166" w="421" /></phr></stem><stem n="excel"><phr n="excellent"><ent r="3" t="166" w="428" /><ent r="3" t="245" w="90" /></phr></stem><stem n="non-index"><phr n="Non-indexed"><ent r="3" t="167" w="53" /></phr></stem><stem n="lazili"><phr n="lazily"><ent r="3" t="167" w="58" /></phr></stem><stem n="risk"><phr n="risk"><ent r="3" t="167" w="203" /><ent r="3" t="286" w="66" /><ent r="4" t="286" w="158" /></phr><phr n="risks"><ent r="3" t="182" w="48" /><ent r="5" t="191" w="207" /><ent r="5" t="191" w="275" /></phr></stem><stem n="::classload"><phr n="::Classloader"><ent r="100" t="168" w="6" /></phr></stem><stem n="classload"><phr n="Classloader"><ent r="100" t="168" w="6" /><ent r="100" t="168" w="8" /></phr></stem><stem n="unicod"><phr n="Unicode"><ent r="3" t="169" w="36" /><ent r="3" t="169" w="43" /><ent r="3" t="169" w="50" /></phr></stem><stem n="-8"><phr n="-8"><ent r="3" t="169" w="37" /><ent r="3" t="169" w="37" /><ent r="5" t="297" w="252" /><ent r="5" t="297" w="252" /></phr></stem><stem n="utf"><phr n="UTF"><ent r="3" t="169" w="37" /><ent r="3" t="169" w="97" /><ent r="5" t="297" w="252" /></phr></stem><stem n="utf-8"><phr n="UTF-8"><ent r="3" t="169" w="37" /><ent r="3" t="169" w="97" /><ent r="5" t="297" w="252" /></phr></stem><stem n="8"><phr n="8"><ent r="3" t="169" w="38" /><ent r="3" t="169" w="98" /><ent r="3" t="176" w="49" /><ent r="3" t="176" w="80" /><ent r="4" t="176" w="132" /><ent r="4" t="176" w="161" /><ent r="4" t="284" w="76" /><ent r="4" t="284" w="105" /><ent r="3" t="284" w="252" /><ent r="5" t="297" w="253" /><ent r="6" t="313" w="323" /></phr></stem><stem n="iso"><phr n="ISO"><ent r="3" t="169" w="40" /></phr></stem><stem n="8859"><phr n="8859"><ent r="3" t="169" w="41" /></phr></stem><stem n="8859-1"><phr n="8859-1"><ent r="3" t="169" w="41" /></phr></stem><stem n="-1,"><phr n="-1,"><ent r="3" t="169" w="43" /><ent r="3" t="169" w="43" /></phr></stem><stem n="(less"><phr n="(less"><ent r="3" t="169" w="71" /></phr></stem><stem n="-8,"><phr n="-8,"><ent r="3" t="169" w="99" /><ent r="3" t="169" w="99" /></phr></stem><stem n=".common.stringencod"><phr n=".Common.StringEncoding"><ent r="4" t="169" w="155" /><ent r="4" t="169" w="183" /></phr></stem><stem n="configuration.common.stringencod"><phr n="configuration.Common.StringEncoding"><ent r="4" t="169" w="155" /><ent r="4" t="169" w="153" /><ent r="4" t="169" w="183" /><ent r="4" t="169" w="181" /></phr></stem><stem n="stringencodings.utf8"><phr n="StringEncodings.Utf8"><ent r="4" t="169" w="157" /><ent r="4" t="169" w="156" /><ent r="4" t="169" w="185" /><ent r="4" t="169" w="184" /></phr></stem><stem n=".utf8();"><phr n=".Utf8();"><ent r="4" t="169" w="158" /></phr></stem><stem n=".utf8()"><phr n=".Utf8()"><ent r="4" t="169" w="186" /></phr></stem><stem n="relev"><phr n="relevant"><ent r="3" t="170" w="13" /></phr></stem><stem n="startup"><phr n="startup"><ent r="3" t="170" w="29" /><ent r="3" t="265" w="739" /></phr></stem><stem n="callabl"><phr n="callable"><ent r="3" t="170" w="37" /><ent r="4" t="170" w="85" /><ent r="4" t="170" w="114" /></phr></stem><stem n=".common.testconstructor"><phr n=".Common.TestConstructors"><ent r="4" t="170" w="75" /><ent r="4" t="170" w="105" /></phr></stem><stem n="configuration.common.testconstructor"><phr n="configuration.Common.TestConstructors"><ent r="4" t="170" w="75" /><ent r="4" t="170" w="73" /><ent r="4" t="170" w="105" /><ent r="4" t="170" w="103" /></phr></stem><stem n="collection-interv"><phr n="collection-interval"><ent r="3" t="171" w="41" /></phr></stem><stem n="-interval."><phr n="-interval."><ent r="3" t="171" w="43" /><ent r="3" t="171" w="43" /></phr></stem><stem n=".common.weakreferencecollectioninterv"><phr n=".Common.WeakReferenceCollectionInterval"><ent r="4" t="171" w="50" /><ent r="4" t="171" w="79" /></phr></stem><stem n="configuration.common.weakreferencecollectioninterv"><phr n="configuration.Common.WeakReferenceCollectionInterval"><ent r="4" t="171" w="50" /><ent r="4" t="171" w="48" /><ent r="4" t="171" w="79" /><ent r="4" t="171" w="77" /></phr></stem><stem n="(10*1000);"><phr n="(10*1000);"><ent r="4" t="171" w="53" /></phr></stem><stem n="(10"><phr n="(10"><ent r="4" t="171" w="80" /><ent r="4" t="225" w="82" /><ent r="4" t="225" w="110" /></phr></stem><stem n=".common.weakrefer"><phr n=".Common.WeakReferences"><ent r="4" t="172" w="67" /><ent r="4" t="172" w="95" /></phr></stem><stem n="configuration.common.weakrefer"><phr n="configuration.Common.WeakReferences"><ent r="4" t="172" w="67" /><ent r="4" t="172" w="65" /><ent r="4" t="172" w="95" /><ent r="4" t="172" w="93" /></phr></stem><stem n=":file"><phr n=":File"><ent r="100" t="173" w="5" /></phr></stem><stem n="file-configur"><phr n="file-configuration"><ent r="3" t="173" w="12" /></phr></stem><stem n="-embedded-contain"><phr n="-embedded-container"><ent r="3" t="173" w="31" /><ent r="3" t="173" w="32" /></phr></stem><stem n="db4o-embed"><phr n="db4o-embedded"><ent r="3" t="173" w="31" /><ent r="5" t="229" w="103" /><ent r="5" t="229" w="166" /><ent r="5" t="256" w="253" /><ent r="5" t="256" w="316" /></phr></stem><stem n="db4o-embedded-contain"><phr n="db4o-embedded-container"><ent r="3" t="173" w="31" /></phr></stem><stem n="embedded-contain"><phr n="embedded-container"><ent r="3" t="173" w="32" /></phr></stem><stem n="-server."><phr n="-server."><ent r="3" t="173" w="39" /><ent r="3" t="173" w="39" /></phr></stem><stem n="file-"><phr n="file-"><ent r="3" t="173" w="47" /></phr></stem><stem n="asynchronoussync"><phr n="AsynchronousSync"><ent r="68" t="173" w="126" /><ent r="4" t="174" w="96" /><ent r="4" t="174" w="128" /></phr></stem><stem n="blocksiz"><phr n="BlockSize"><ent r="68" t="173" w="144" /><ent r="4" t="176" w="131" /><ent r="4" t="176" w="160" /><ent r="4" t="284" w="75" /><ent r="4" t="284" w="104" /></phr></stem><stem n="databasegrowths"><phr n="DatabaseGrowthSize"><ent r="68" t="173" w="162" /><ent r="4" t="177" w="114" /><ent r="4" t="177" w="141" /></phr></stem><stem n="generateversionnumb"><phr n="GenerateVersionNumbers"><ent r="8" t="173" w="210" /><ent r="8" t="209" w="247" /></phr></stem><stem n="deprec"><phr n="Deprecated"><ent r="6" t="173" w="212" /><ent r="6" t="209" w="224" /><ent r="6" t="209" w="249" /></phr></stem><stem n="timestamp"><phr n="timestamps"><ent r="67" t="173" w="216" /><ent r="64" t="180" w="29" /><ent r="3" t="181" w="15" /><ent r="3" t="181" w="17" /><ent r="3" t="181" w="30" /><ent r="4" t="181" w="56" /><ent r="4" t="181" w="84" /><ent r="67" t="209" w="232" /><ent r="67" t="209" w="253" /></phr><phr n="Timestamps"><ent r="1000" t="181" w="3" /><ent r="100" t="181" w="5" /><ent r="102" t="181" w="9" /></phr></stem><stem n="lockdatabasefil"><phr n="LockDatabaseFile"><ent r="68" t="173" w="222" /><ent r="4" t="182" w="74" /><ent r="4" t="182" w="104" /></phr></stem><stem n="recoverymod"><phr n="RecoveryMode"><ent r="68" t="173" w="245" /><ent r="4" t="184" w="88" /><ent r="4" t="184" w="121" /></phr></stem><stem n="reservestoragespac"><phr n="ReserveStorageSpace"><ent r="68" t="173" w="258" /><ent r="4" t="185" w="133" /><ent r="4" t="185" w="160" /></phr></stem><stem n="reserv"><phr n="Reserve"><ent r="6" t="173" w="260" /><ent r="1000" t="185" w="1" /><ent r="102" t="185" w="5" /><ent r="4" t="185" w="139" /><ent r="4" t="185" w="166" /></phr><phr n="Reserves"><ent r="3" t="185" w="9" /></phr><phr n="reserved"><ent r="3" t="188" w="385" /><ent r="3" t="188" w="414" /><ent r="3" t="190" w="238" /><ent r="4" t="238" w="154" /></phr><phr n="reserves"><ent r="4" t="238" w="200" /></phr></stem><stem n="storage-spac"><phr n="storage-space"><ent r="6" t="173" w="261" /></phr></stem><stem n="front"><phr n="front"><ent r="6" t="173" w="264" /><ent r="3" t="298" w="525" /><ent r="6" t="299" w="248" /></phr><phr n="fronted"><ent r="4" t="308" w="436" /></phr></stem><stem n="-sync"><phr n="-Sync"><ent r="1000" t="174" w="2" /><ent r="1000" t="174" w="2" /><ent r="102" t="174" w="6" /><ent r="102" t="174" w="6" /></phr></stem><stem n="file-sync"><phr n="File-Sync"><ent r="1000" t="174" w="2" /><ent r="102" t="174" w="6" /></phr></stem><stem n="costli"><phr n="costly"><ent r="3" t="174" w="13" /><ent r="65" t="186" w="57" /><ent r="3" t="286" w="39" /></phr></stem><stem n="-by-sid"><phr n="-by-side"><ent r="3" t="174" w="80" /><ent r="3" t="174" w="81" /></phr></stem><stem n="side-bi"><phr n="side-by"><ent r="3" t="174" w="80" /></phr></stem><stem n="side-by-sid"><phr n="side-by-side"><ent r="3" t="174" w="80" /></phr></stem><stem n="by-sid"><phr n="by-side"><ent r="3" t="174" w="81" /></phr></stem><stem n=".file.asynchronoussync"><phr n=".File.AsynchronousSync"><ent r="4" t="174" w="96" /><ent r="4" t="174" w="128" /></phr></stem><stem n="configuration.file.asynchronoussync"><phr n="configuration.File.AsynchronousSync"><ent r="4" t="174" w="96" /><ent r="4" t="174" w="94" /><ent r="4" t="174" w="128" /><ent r="4" t="174" w="126" /></phr></stem><stem n="synchronis"><phr n="synchronisation"><ent r="4" t="174" w="105" /><ent r="4" t="174" w="136" /></phr></stem><stem n="guaranti"><phr n="guaranties"><ent r="3" t="174" w="180" /></phr></stem><stem n="reli"><phr n="rely"><ent r="3" t="174" w="241" /></phr><phr n="relies"><ent r="3" t="210" w="25" /></phr></stem><stem n="'blob'-directory."><phr n="'blob'-directory."><ent r="3" t="175" w="51" /></phr></stem><stem n="127"><phr n="127"><ent r="3" t="176" w="25" /><ent r="3" t="176" w="63" /><ent r="3" t="284" w="187" /></phr></stem><stem n="2gb"><phr n="2GB"><ent r="3" t="176" w="41" /><ent r="3" t="279" w="44" /><ent r="3" t="284" w="160" /><ent r="3" t="284" w="179" /><ent r="3" t="284" w="185" /></phr></stem><stem n="database-s"><phr n="database-size"><ent r="3" t="176" w="52" /></phr></stem><stem n="g"><phr n="G"><ent r="3" t="176" w="57" /></phr></stem><stem n="largest"><phr n="largest"><ent r="3" t="176" w="60" /></phr></stem><stem n="254"><phr n="254"><ent r="3" t="176" w="70" /></phr></stem><stem n="pointer"><phr n="pointers"><ent r="3" t="176" w="83" /><ent r="3" t="224" w="383" /><ent r="3" t="284" w="262" /></phr><phr n="Pointer"><ent r="92" t="224" w="374" /></phr><phr n="pointer"><ent r="3" t="224" w="391" /><ent r="3" t="224" w="407" /><ent r="3" t="273" w="40" /><ent r="3" t="274" w="65" /></phr></stem><stem n=".file.blocks"><phr n=".File.BlockSize"><ent r="4" t="176" w="131" /><ent r="4" t="176" w="160" /><ent r="4" t="284" w="75" /><ent r="4" t="284" w="104" /></phr></stem><stem n="configuration.file.blocks"><phr n="configuration.File.BlockSize"><ent r="4" t="176" w="131" /><ent r="4" t="176" w="129" /><ent r="4" t="176" w="160" /><ent r="4" t="176" w="158" /><ent r="4" t="284" w="75" /><ent r="4" t="284" w="73" /><ent r="4" t="284" w="104" /><ent r="4" t="284" w="102" /></phr></stem><stem n="align"><phr n="aligned"><ent r="3" t="176" w="193" /></phr></stem><stem n="growth"><phr n="Growth"><ent r="1000" t="177" w="2" /><ent r="102" t="177" w="6" /><ent r="92" t="188" w="373" /><ent r="3" t="188" w="378" /></phr><phr n="growth"><ent r="4" t="177" w="121" /><ent r="4" t="177" w="148" /><ent r="3" t="285" w="227" /></phr></stem><stem n="enlarg"><phr n="enlarged"><ent r="3" t="177" w="39" /></phr></stem><stem n=".file.databasegrowths"><phr n=".File.DatabaseGrowthSize"><ent r="4" t="177" w="114" /><ent r="4" t="177" w="141" /></phr></stem><stem n="configuration.file.databasegrowths"><phr n="configuration.File.DatabaseGrowthSize"><ent r="4" t="177" w="114" /><ent r="4" t="177" w="112" /><ent r="4" t="177" w="141" /><ent r="4" t="177" w="139" /></phr></stem><stem n="4096"><phr n="4096"><ent r="4" t="177" w="115" /><ent r="4" t="177" w="142" /></phr></stem><stem n="two-phas"><phr n="two-phase"><ent r="3" t="178" w="30" /></phr></stem><stem n="&quot;transact"><phr n="&quot;transaction"><ent r="3" t="178" w="58" /></phr></stem><stem n="restart"><phr n="restarted"><ent r="3" t="178" w="81" /></phr><phr n="restarting"><ent r="4" t="236" w="33" /></phr></stem><stem n="occas"><phr n="occasions"><ent r="3" t="178" w="95" /></phr></stem></index>