﻿<?xml version="1.0" encoding="utf-8"?><index><stem n="itemhold"><phr n="ItemHolder"><ent r="4" t="14" w="437" /><ent r="4" t="14" w="496" /><ent r="4" t="14" w="566" /><ent r="4" t="14" w="623" /><ent r="4" t="31" w="373" /><ent r="4" t="31" w="427" /><ent r="4" t="31" w="485" /><ent r="4" t="31" w="525" /></phr></stem><stem n="h"><phr n="h"><ent r="4" t="14" w="438" /><ent r="4" t="14" w="446" /><ent r="4" t="14" w="453" /><ent r="4" t="14" w="492" /><ent r="4" t="14" w="504" /><ent r="4" t="14" w="511" /><ent r="4" t="14" w="567" /><ent r="4" t="14" w="575" /><ent r="4" t="14" w="581" /><ent r="4" t="14" w="619" /><ent r="4" t="14" w="631" /><ent r="4" t="14" w="640" /><ent r="4" t="14" w="1226" /><ent r="4" t="14" w="1234" /><ent r="4" t="14" w="1241" /><ent r="4" t="14" w="1261" /><ent r="4" t="14" w="1273" /><ent r="4" t="14" w="1280" /><ent r="4" t="14" w="1301" /><ent r="4" t="14" w="1309" /><ent r="4" t="14" w="1320" /><ent r="4" t="14" w="1340" /><ent r="4" t="14" w="1352" /><ent r="4" t="14" w="1367" /></phr></stem><stem n="h.indexedrefer"><phr n="h.IndexedReference"><ent r="4" t="14" w="447" /><ent r="4" t="14" w="446" /><ent r="4" t="14" w="505" /><ent r="4" t="14" w="504" /><ent r="4" t="14" w="576" /><ent r="4" t="14" w="575" /><ent r="4" t="14" w="632" /><ent r="4" t="14" w="631" /></phr></stem><stem n=".indexedreference.indexedstr"><phr n=".IndexedReference.IndexedString"><ent r="4" t="14" w="448" /><ent r="4" t="14" w="506" /></phr></stem><stem n="h.indexedreference.indexedstr"><phr n="h.IndexedReference.IndexedString"><ent r="4" t="14" w="448" /><ent r="4" t="14" w="446" /><ent r="4" t="14" w="506" /><ent r="4" t="14" w="504" /></phr></stem><stem n="across"><phr n="across"><ent r="4" t="14" w="458" /><ent r="4" t="14" w="516" /><ent r="3" t="14" w="1181" /><ent r="4" t="31" w="389" /><ent r="4" t="31" w="445" /><ent r="82" t="31" w="912" /><ent r="3" t="31" w="922" /><ent r="4" t="31" w="1026" /><ent r="4" t="31" w="1088" /><ent r="3" t="31" w="1283" /><ent r="3" t="35" w="78" /><ent r="3" t="35" w="459" /><ent r="3" t="67" w="24" /><ent r="4" t="73" w="69" /><ent r="3" t="73" w="77" /><ent r="3" t="74" w="26" /><ent r="3" t="74" w="37" /><ent r="3" t="76" w="31" /><ent r="3" t="76" w="939" /><ent r="8" t="97" w="234" /><ent r="3" t="133" w="101" /><ent r="3" t="142" w="523" /><ent r="3" t="233" w="394" /><ent r="3" t="246" w="114" /><ent r="3" t="246" w="126" /><ent r="3" t="246" w="182" /><ent r="3" t="247" w="25" /><ent r="3" t="248" w="24" /><ent r="3" t="249" w="21" /><ent r="3" t="250" w="22" /><ent r="3" t="251" w="22" /><ent r="3" t="255" w="87" /><ent r="3" t="260" w="137" /></phr><phr n="Across"><ent r="92" t="73" w="40" /><ent r="64" t="73" w="289" /><ent r="1000" t="74" w="5" /><ent r="102" t="74" w="16" /></phr></stem><stem n="reference-queri"><phr n="Reference-Queries"><ent r="82" t="14" w="526" /><ent r="82" t="31" w="455" /></phr></stem><stem n="comparison"><phr n="comparisons"><ent r="3" t="14" w="533" /><ent r="4" t="14" w="860" /><ent r="4" t="14" w="900" /><ent r="3" t="18" w="352" /><ent r="4" t="18" w="540" /><ent r="4" t="18" w="574" /><ent r="3" t="18" w="846" /><ent r="5" t="20" w="480" /><ent r="3" t="31" w="462" /><ent r="4" t="31" w="738" /><ent r="4" t="31" w="772" /><ent r="3" t="62" w="228" /><ent r="3" t="283" w="360" /></phr><phr n="Comparison"><ent r="82" t="14" w="654" /><ent r="3" t="14" w="659" /><ent r="92" t="18" w="227" /><ent r="92" t="27" w="730" /><ent r="82" t="31" w="547" /><ent r="3" t="31" w="552" /><ent r="64" t="69" w="68" /><ent r="64" t="246" w="173" /><ent r="1000" t="247" w="1" /><ent r="102" t="247" w="8" /><ent r="64" t="248" w="38" /><ent r="64" t="249" w="35" /><ent r="64" t="250" w="38" /><ent r="64" t="251" w="36" /><ent r="64" t="260" w="160" /></phr><phr n="comparison"><ent r="3" t="18" w="236" /><ent r="3" t="20" w="89" /><ent r="3" t="27" w="216" /><ent r="3" t="27" w="312" /><ent r="3" t="27" w="748" /><ent r="3" t="27" w="757" /><ent r="3" t="27" w="768" /><ent r="3" t="27" w="777" /><ent r="3" t="27" w="800" /><ent r="3" t="27" w="810" /><ent r="4" t="27" w="918" /><ent r="4" t="27" w="1035" /><ent r="3" t="27" w="1080" /><ent r="3" t="27" w="1107" /><ent r="4" t="39" w="269" /><ent r="3" t="62" w="108" /><ent r="3" t="69" w="65" /><ent r="3" t="105" w="98" /><ent r="4" t="165" w="231" /><ent r="3" t="246" w="170" /></phr><phr n="Comparisons"><ent r="92" t="27" w="307" /><ent r="3" t="31" w="709" /><ent r="3" t="62" w="109" /></phr></stem><stem n=".indexedrefer"><phr n=".IndexedReference"><ent r="4" t="14" w="576" /><ent r="4" t="14" w="632" /></phr></stem><stem n=".indexnumb"><phr n=".IndexNumber"><ent r="4" t="14" w="683" /><ent r="4" t="14" w="721" /><ent r="4" t="14" w="756" /><ent r="4" t="14" w="760" /><ent r="4" t="14" w="798" /><ent r="4" t="14" w="805" /></phr></stem><stem n="i.indexnumb"><phr n="i.IndexNumber"><ent r="4" t="14" w="683" /><ent r="4" t="14" w="682" /><ent r="4" t="14" w="721" /><ent r="4" t="14" w="720" /><ent r="4" t="14" w="756" /><ent r="4" t="14" w="755" /><ent r="4" t="14" w="760" /><ent r="4" t="14" w="759" /><ent r="4" t="14" w="798" /><ent r="4" t="14" w="797" /><ent r="4" t="14" w="805" /><ent r="4" t="14" w="804" /></phr></stem><stem n="indexnumb"><phr n="IndexNumber"><ent r="4" t="14" w="683" /><ent r="4" t="14" w="721" /><ent r="4" t="14" w="756" /><ent r="4" t="14" w="760" /><ent r="4" t="14" w="798" /><ent r="4" t="14" w="805" /></phr><phr n="indexNumber"><ent r="5" t="31" w="574" /><ent r="5" t="31" w="606" /><ent r="5" t="31" w="637" /><ent r="5" t="31" w="646" /><ent r="5" t="31" w="678" /><ent r="5" t="31" w="689" /></phr></stem><stem n="bigger"><phr n="Bigger"><ent r="4" t="14" w="693" /><ent r="4" t="14" w="731" /><ent r="4" t="31" w="582" /><ent r="4" t="31" w="614" /><ent r="3" t="190" w="202" /></phr><phr n="bigger"><ent r="3" t="127" w="198" /><ent r="3" t="164" w="31" /><ent r="3" t="177" w="64" /><ent r="3" t="190" w="226" /><ent r="3" t="200" w="143" /><ent r="64" t="282" w="324" /><ent r="3" t="284" w="222" /><ent r="3" t="285" w="220" /></phr></stem><stem n="biggerthanthi"><phr n="biggerThanThis"><ent r="4" t="14" w="758" /><ent r="4" t="14" w="800" /><ent r="4" t="31" w="640" /><ent r="4" t="31" w="681" /></phr></stem><stem n="&amp;&amp;"><phr n="&amp;&amp;"><ent r="4" t="14" w="759" /><ent r="4" t="15" w="138" /><ent r="4" t="15" w="513" /><ent r="4" t="15" w="517" /><ent r="4" t="15" w="657" /><ent r="4" t="18" w="388" /><ent r="4" t="18" w="525" /><ent r="4" t="49" w="504" /><ent r="4" t="112" w="498" /><ent r="4" t="112" w="501" /></phr></stem><stem n="&lt;"><phr n="&lt;"><ent r="4" t="14" w="761" /><ent r="4" t="14" w="806" /><ent r="4" t="15" w="140" /><ent r="4" t="15" w="193" /><ent r="4" t="15" w="515" /><ent r="4" t="15" w="568" /><ent r="4" t="15" w="659" /><ent r="4" t="15" w="734" /><ent r="4" t="18" w="253" /><ent r="4" t="18" w="322" /><ent r="4" t="18" w="390" /><ent r="4" t="18" w="470" /><ent r="4" t="18" w="527" /><ent r="4" t="18" w="613" /><ent r="4" t="22" w="135" /><ent r="4" t="22" w="175" /><ent r="5" t="50" w="408" /><ent r="5" t="50" w="445" /><ent r="4" t="193" w="140" /><ent r="4" t="241" w="231" /><ent r="4" t="257" w="78" /><ent r="4" t="257" w="126" /><ent r="4" t="257" w="225" /><ent r="4" t="258" w="165" /><ent r="4" t="258" w="291" /><ent r="4" t="258" w="293" /><ent r="4" t="260" w="242" /><ent r="4" t="260" w="251" /><ent r="4" t="260" w="262" /><ent r="4" t="260" w="272" /><ent r="4" t="260" w="275" /><ent r="4" t="260" w="281" /><ent r="4" t="260" w="284" /><ent r="4" t="260" w="290" /><ent r="4" t="260" w="292" /><ent r="4" t="260" w="294" /><ent r="3" t="270" w="137" /><ent r="3" t="270" w="265" /><ent r="3" t="270" w="267" /><ent r="5" t="297" w="134" /><ent r="5" t="297" w="148" /><ent r="5" t="297" w="174" /><ent r="5" t="297" w="192" /><ent r="5" t="297" w="258" /><ent r="5" t="297" w="264" /><ent r="5" t="297" w="280" /><ent r="5" t="297" w="296" /><ent r="5" t="297" w="313" /><ent r="5" t="297" w="330" /><ent r="5" t="297" w="347" /><ent r="5" t="297" w="364" /><ent r="5" t="297" w="380" /><ent r="5" t="297" w="397" /><ent r="5" t="297" w="403" /><ent r="5" t="297" w="409" /><ent r="5" t="297" w="415" /><ent r="5" t="297" w="449" /><ent r="5" t="297" w="465" /><ent r="5" t="297" w="479" /><ent r="5" t="297" w="485" /><ent r="5" t="297" w="491" /><ent r="5" t="297" w="521" /><ent r="5" t="297" w="544" /><ent r="5" t="297" w="582" /><ent r="5" t="298" w="110" /><ent r="5" t="298" w="123" /><ent r="5" t="298" w="136" /><ent r="5" t="298" w="149" /><ent r="5" t="298" w="169" /><ent r="5" t="298" w="175" /><ent r="5" t="298" w="220" /><ent r="5" t="298" w="226" /><ent r="5" t="298" w="242" /><ent r="5" t="298" w="259" /><ent r="5" t="298" w="265" /><ent r="5" t="298" w="271" /><ent r="5" t="298" w="284" /><ent r="5" t="298" w="297" /><ent r="5" t="298" w="310" /><ent r="5" t="298" w="323" /><ent r="5" t="298" w="338" /><ent r="5" t="298" w="351" /><ent r="5" t="298" w="357" /><ent r="5" t="298" w="363" /><ent r="5" t="298" w="369" /><ent r="5" t="298" w="421" /><ent r="5" t="298" w="434" /><ent r="5" t="298" w="457" /><ent r="5" t="298" w="463" /><ent r="5" t="298" w="477" /><ent r="5" t="298" w="483" /><ent r="5" t="298" w="489" /><ent r="4" t="299" w="49" /><ent r="4" t="299" w="65" /><ent r="4" t="299" w="67" /><ent r="4" t="299" w="141" /><ent r="4" t="299" w="143" /></phr></stem><stem n="smallerthanthi"><phr n="smallerThanThis"><ent r="4" t="14" w="762" /><ent r="4" t="14" w="807" /><ent r="4" t="31" w="649" /><ent r="4" t="31" w="692" /></phr></stem><stem n="andalso"><phr n="AndAlso"><ent r="5" t="14" w="802" /><ent r="5" t="15" w="189" /><ent r="5" t="15" w="564" /><ent r="5" t="15" w="571" /><ent r="5" t="15" w="730" /><ent r="5" t="18" w="466" /><ent r="5" t="18" w="609" /><ent r="5" t="49" w="611" /><ent r="5" t="112" w="950" /><ent r="5" t="112" w="958" /></phr></stem><stem n="date"><phr n="Date"><ent r="82" t="14" w="824" /><ent r="4" t="14" w="859" /><ent r="4" t="14" w="899" /><ent r="82" t="31" w="706" /><ent r="4" t="31" w="737" /><ent r="4" t="31" w="771" /><ent r="4" t="103" w="100" /><ent r="6" t="299" w="318" /></phr><phr n="dates"><ent r="3" t="14" w="829" /><ent r="3" t="31" w="711" /></phr><phr n="date"><ent r="4" t="14" w="851" /><ent r="4" t="14" w="929" /><ent r="4" t="14" w="940" /><ent r="4" t="14" w="980" /><ent r="4" t="31" w="733" /><ent r="4" t="31" w="800" /><ent r="4" t="31" w="808" /><ent r="4" t="31" w="842" /><ent r="5" t="227" w="152" /><ent r="5" t="227" w="241" /><ent r="3" t="228" w="68" /><ent r="8" t="228" w="143" /><ent r="3" t="305" w="38" /></phr></stem><stem n=".indexd"><phr n=".IndexDate"><ent r="4" t="14" w="850" /><ent r="4" t="14" w="890" /><ent r="4" t="14" w="927" /><ent r="4" t="14" w="967" /></phr></stem><stem n="i.indexd"><phr n="i.IndexDate"><ent r="4" t="14" w="850" /><ent r="4" t="14" w="849" /><ent r="4" t="14" w="890" /><ent r="4" t="14" w="889" /><ent r="4" t="14" w="927" /><ent r="4" t="14" w="926" /><ent r="4" t="14" w="967" /><ent r="4" t="14" w="966" /></phr></stem><stem n="indexd"><phr n="IndexDate"><ent r="4" t="14" w="850" /><ent r="4" t="14" w="890" /><ent r="4" t="14" w="927" /><ent r="4" t="14" w="967" /></phr><phr n="indexDate"><ent r="5" t="31" w="730" /><ent r="5" t="31" w="764" /><ent r="5" t="31" w="797" /><ent r="5" t="31" w="831" /></phr></stem><stem n="datetofind"><phr n="dateToFind"><ent r="4" t="14" w="891" /></phr></stem><stem n="newer"><phr n="newer"><ent r="4" t="14" w="939" /><ent r="4" t="14" w="979" /><ent r="3" t="18" w="84" /><ent r="4" t="31" w="807" /><ent r="4" t="31" w="841" /><ent r="3" t="242" w="19" /><ent r="4" t="245" w="51" /><ent r="4" t="245" w="57" /></phr></stem><stem n="newerthanthi"><phr n="newerThanThis"><ent r="4" t="14" w="969" /></phr></stem><stem n="bad"><phr n="Bad"><ent r="92" t="14" w="988" /><ent r="92" t="31" w="850" /></phr><phr n="bad"><ent r="3" t="14" w="1001" /><ent r="3" t="14" w="1396" /><ent r="3" t="27" w="821" /><ent r="3" t="28" w="947" /><ent r="3" t="31" w="863" /><ent r="3" t="31" w="937" /><ent r="3" t="244" w="481" /></phr></stem><stem n="here'"><phr n="Here's"><ent r="3" t="14" w="993" /><ent r="3" t="14" w="992" /><ent r="3" t="18" w="46" /><ent r="3" t="18" w="45" /><ent r="3" t="23" w="107" /><ent r="3" t="23" w="106" /><ent r="3" t="27" w="10" /><ent r="3" t="27" w="9" /><ent r="3" t="29" w="159" /><ent r="3" t="29" w="158" /><ent r="3" t="31" w="855" /><ent r="3" t="31" w="854" /><ent r="3" t="35" w="83" /><ent r="3" t="35" w="82" /><ent r="3" t="37" w="24" /><ent r="3" t="37" w="23" /><ent r="3" t="76" w="563" /><ent r="3" t="76" w="562" /><ent r="3" t="130" w="59" /><ent r="3" t="130" w="58" /><ent r="3" t="143" w="48" /><ent r="3" t="143" w="47" /><ent r="3" t="144" w="22" /><ent r="3" t="144" w="21" /><ent r="3" t="173" w="60" /><ent r="3" t="173" w="59" /><ent r="3" t="195" w="56" /><ent r="3" t="195" w="55" /><ent r="3" t="202" w="62" /><ent r="3" t="202" w="61" /><ent r="3" t="209" w="151" /><ent r="3" t="209" w="150" /><ent r="3" t="297" w="620" /><ent r="3" t="297" w="619" /><ent r="3" t="306" w="331" /><ent r="3" t="306" w="330" /><ent r="3" t="308" w="37" /><ent r="3" t="308" w="36" /></phr></stem><stem n="reason"><phr n="reason"><ent r="3" t="14" w="1005" /><ent r="3" t="14" w="1190" /><ent r="3" t="31" w="867" /><ent r="3" t="31" w="939" /><ent r="3" t="31" w="1292" /><ent r="3" t="42" w="806" /><ent r="3" t="73" w="87" /><ent r="4" t="114" w="990" /></phr><phr n="reasons"><ent r="3" t="38" w="505" /><ent r="2" t="238" w="39" /><ent r="3" t="238" w="265" /><ent r="3" t="281" w="42" /></phr><phr n="Reason"><ent r="4" t="60" w="233" /><ent r="4" t="60" w="306" /><ent r="92" t="276" w="23" /><ent r="92" t="277" w="43" /></phr><phr n="reasonable"><ent r="3" t="275" w="455" /></phr></stem><stem n="util"><phr n="utilize"><ent r="3" t="14" w="1010" /><ent r="3" t="27" w="813" /><ent r="3" t="28" w="941" /><ent r="3" t="31" w="872" /><ent r="3" t="60" w="143" /><ent r="6" t="270" w="436" /></phr><phr n="utility"><ent r="3" t="49" w="476" /><ent r="3" t="91" w="7" /><ent r="3" t="92" w="12" /><ent r="3" t="241" w="88" /><ent r="3" t="241" w="109" /><ent r="4" t="241" w="287" /><ent r="4" t="241" w="571" /><ent r="3" t="241" w="588" /><ent r="4" t="241" w="614" /><ent r="4" t="241" w="656" /><ent r="3" t="269" w="148" /><ent r="3" t="303" w="78" /></phr><phr n="utilized"><ent r="3" t="190" w="46" /></phr><phr n="utilizing"><ent r="3" t="231" w="45" /></phr><phr n="Utilized"><ent r="6" t="270" w="443" /></phr><phr n="util"><ent r="6" t="299" w="317" /></phr><phr n="Utilities"><ent r="4" t="304" w="266" /></phr></stem><stem n="linearli"><phr n="linearly"><ent r="3" t="14" w="1034" /><ent r="3" t="31" w="884" /></phr></stem><stem n="besid"><phr n="beside"><ent r="3" t="14" w="1052" /><ent r="3" t="31" w="1111" /></phr></stem><stem n="moment"><phr n="moment"><ent r="3" t="14" w="1062" /><ent r="3" t="31" w="1121" /><ent r="3" t="56" w="345" /></phr></stem><stem n="slowli"><phr n="slowly"><ent r="3" t="14" w="1074" /><ent r="3" t="14" w="1088" /><ent r="3" t="14" w="1188" /><ent r="3" t="31" w="1133" /><ent r="3" t="31" w="1290" /><ent r="3" t="31" w="1548" /><ent r="3" t="283" w="205" /><ent r="3" t="283" w="270" /><ent r="3" t="283" w="382" /></phr></stem><stem n="i.indexedstring.contain"><phr n="i.IndexedString.Contains"><ent r="4" t="14" w="1107" /><ent r="4" t="14" w="1105" /><ent r="4" t="14" w="1146" /><ent r="4" t="14" w="1144" /></phr></stem><stem n=".indexedstring.contains(criteria)"><phr n=".IndexedString.Contains(criteria)"><ent r="4" t="14" w="1109" /><ent r="4" t="14" w="1148" /></phr></stem><stem n="badperform"><phr n="BadPerformance"><ent r="4" t="14" w="1114" /><ent r="4" t="14" w="1153" /><ent r="4" t="14" w="1243" /><ent r="4" t="14" w="1282" /><ent r="4" t="14" w="1322" /><ent r="4" t="14" w="1369" /><ent r="4" t="14" w="1454" /><ent r="4" t="14" w="1491" /><ent r="4" t="14" w="1524" /><ent r="4" t="14" w="1561" /><ent r="4" t="31" w="1023" /><ent r="4" t="31" w="1085" /><ent r="4" t="31" w="1155" /><ent r="4" t="31" w="1188" /><ent r="4" t="31" w="1220" /><ent r="4" t="31" w="1255" /><ent r="4" t="31" w="1319" /><ent r="4" t="31" w="1351" /><ent r="4" t="31" w="1386" /><ent r="4" t="31" w="1423" /><ent r="4" t="31" w="1492" /><ent r="4" t="31" w="1525" /><ent r="4" t="31" w="1572" /><ent r="4" t="31" w="1605" /><ent r="4" t="31" w="1662" /><ent r="4" t="31" w="1758" /></phr></stem><stem n="badperformance.c"><phr n="BadPerformance.cs"><ent r="4" t="14" w="1115" /><ent r="4" t="14" w="1114" /><ent r="4" t="14" w="1244" /><ent r="4" t="14" w="1243" /><ent r="4" t="14" w="1323" /><ent r="4" t="14" w="1322" /><ent r="4" t="14" w="1455" /><ent r="4" t="14" w="1454" /><ent r="4" t="14" w="1525" /><ent r="4" t="14" w="1524" /><ent r="4" t="31" w="1024" /><ent r="4" t="31" w="1023" /><ent r="4" t="31" w="1156" /><ent r="4" t="31" w="1155" /><ent r="4" t="31" w="1221" /><ent r="4" t="31" w="1220" /><ent r="4" t="31" w="1320" /><ent r="4" t="31" w="1319" /><ent r="4" t="31" w="1387" /><ent r="4" t="31" w="1386" /><ent r="4" t="31" w="1493" /><ent r="4" t="31" w="1492" /><ent r="4" t="31" w="1573" /><ent r="4" t="31" w="1572" /><ent r="4" t="31" w="1663" /><ent r="4" t="31" w="1662" /></phr></stem><stem n="badperformance.vb"><phr n="BadPerformance.vb"><ent r="4" t="14" w="1154" /><ent r="4" t="14" w="1153" /><ent r="4" t="14" w="1283" /><ent r="4" t="14" w="1282" /><ent r="4" t="14" w="1370" /><ent r="4" t="14" w="1369" /><ent r="4" t="14" w="1492" /><ent r="4" t="14" w="1491" /><ent r="4" t="14" w="1562" /><ent r="4" t="14" w="1561" /><ent r="4" t="31" w="1086" /><ent r="4" t="31" w="1085" /><ent r="4" t="31" w="1189" /><ent r="4" t="31" w="1188" /><ent r="4" t="31" w="1256" /><ent r="4" t="31" w="1255" /><ent r="4" t="31" w="1352" /><ent r="4" t="31" w="1351" /><ent r="4" t="31" w="1424" /><ent r="4" t="31" w="1423" /><ent r="4" t="31" w="1526" /><ent r="4" t="31" w="1525" /><ent r="4" t="31" w="1606" /><ent r="4" t="31" w="1605" /><ent r="4" t="31" w="1759" /><ent r="4" t="31" w="1758" /></phr></stem><stem n="/"><phr n="/"><ent r="82" t="14" w="1168" /><ent r="82" t="14" w="1384" /><ent r="82" t="31" w="1270" /><ent r="64" t="43" w="134" /><ent r="3" t="48" w="214" /><ent r="3" t="49" w="1376" /><ent r="4" t="59" w="337" /><ent r="4" t="103" w="157" /><ent r="3" t="108" w="91" /><ent r="4" t="147" w="108" /><ent r="3" t="149" w="64" /><ent r="3" t="205" w="16" /><ent r="6" t="268" w="213" /><ent r="6" t="268" w="225" /><ent r="6" t="268" w="258" /><ent r="6" t="268" w="272" /><ent r="92" t="285" w="300" /><ent r="5" t="297" w="398" /><ent r="5" t="297" w="404" /><ent r="5" t="297" w="410" /><ent r="5" t="297" w="480" /><ent r="5" t="297" w="486" /><ent r="5" t="297" w="492" /><ent r="5" t="297" w="583" /><ent r="5" t="298" w="260" /><ent r="5" t="298" w="266" /><ent r="5" t="298" w="358" /><ent r="5" t="298" w="364" /><ent r="5" t="298" w="370" /><ent r="5" t="298" w="478" /><ent r="5" t="298" w="484" /><ent r="5" t="298" w="490" /></phr></stem><stem n="/arrai"><phr n="/arrays"><ent r="3" t="14" w="1178" /><ent r="3" t="31" w="1280" /></phr><phr n="/array"><ent r="3" t="14" w="1184" /><ent r="3" t="31" w="1286" /></phr></stem><stem n="collections/arrai"><phr n="collections/arrays"><ent r="3" t="14" w="1178" /><ent r="3" t="14" w="1177" /><ent r="3" t="31" w="1280" /><ent r="3" t="31" w="1279" /></phr></stem><stem n="collection/arrai"><phr n="collection/array"><ent r="3" t="14" w="1184" /><ent r="3" t="14" w="1183" /><ent r="3" t="31" w="1286" /><ent r="3" t="31" w="1285" /></phr></stem><stem n="furthermor"><phr n="Furthermore"><ent r="3" t="14" w="1197" /><ent r="3" t="65" w="259" /><ent r="3" t="96" w="658" /><ent r="3" t="112" w="204" /><ent r="3" t="121" w="610" /><ent r="3" t="147" w="220" /><ent r="3" t="153" w="76" /><ent r="3" t="176" w="209" /><ent r="3" t="232" w="102" /><ent r="3" t="243" w="133" /><ent r="3" t="285" w="181" /></phr></stem><stem n="recogn"><phr n="recognize"><ent r="3" t="14" w="1205" /><ent r="3" t="38" w="384" /><ent r="3" t="40" w="28" /><ent r="3" t="44" w="45" /><ent r="3" t="234" w="23" /><ent r="3" t="252" w="48" /><ent r="3" t="253" w="29" /></phr><phr n="recognizes"><ent r="3" t="95" w="52" /><ent r="3" t="246" w="52" /></phr><phr n="recognized"><ent r="3" t="267" w="55" /><ent r="3" t="283" w="228" /></phr></stem><stem n="collectionhold"><phr n="CollectionHolder"><ent r="4" t="14" w="1225" /><ent r="4" t="14" w="1265" /><ent r="4" t="14" w="1300" /><ent r="4" t="14" w="1344" /><ent r="4" t="31" w="1310" /><ent r="4" t="31" w="1341" /><ent r="4" t="31" w="1373" /><ent r="4" t="31" w="1408" /></phr></stem><stem n="h.item"><phr n="h.Items"><ent r="4" t="14" w="1235" /><ent r="4" t="14" w="1234" /><ent r="4" t="14" w="1274" /><ent r="4" t="14" w="1273" /><ent r="4" t="14" w="1310" /><ent r="4" t="14" w="1309" /><ent r="4" t="14" w="1353" /><ent r="4" t="14" w="1352" /></phr></stem><stem n="h.items.contain"><phr n="h.Items.Contains"><ent r="4" t="14" w="1236" /><ent r="4" t="14" w="1234" /><ent r="4" t="14" w="1275" /><ent r="4" t="14" w="1273" /></phr></stem><stem n="itemtoqueryfor"><phr n="itemToQueryFor"><ent r="4" t="14" w="1237" /><ent r="4" t="14" w="1276" /><ent r="4" t="31" w="1317" /><ent r="4" t="31" w="1349" /></phr></stem><stem n=".items.contains(itemtoqueryfor)"><phr n=".Items.Contains(itemToQueryFor)"><ent r="4" t="14" w="1238" /><ent r="4" t="14" w="1277" /></phr></stem><stem n="h.items.ani"><phr n="h.Items.Any"><ent r="4" t="14" w="1311" /><ent r="4" t="14" w="1309" /></phr></stem><stem n=".items.any(i"><phr n=".Items.Any(i"><ent r="4" t="14" w="1312" /></phr></stem><stem n="=&gt;"><phr n="=&gt;"><ent r="4" t="14" w="1313" /><ent r="4" t="74" w="803" /><ent r="4" t="74" w="939" /><ent r="4" t="75" w="695" /><ent r="4" t="75" w="835" /><ent r="4" t="244" w="229" /></phr></stem><stem n="nagiv"><phr n="Nagivating"><ent r="4" t="14" w="1324" /><ent r="4" t="14" w="1371" /></phr></stem><stem n="h.items."><phr n="h.Items."><ent r="4" t="14" w="1353" /><ent r="4" t="14" w="1352" /></phr></stem><stem n=".items."><phr n=".Items."><ent r="4" t="14" w="1354" /></phr></stem><stem n="(i)"><phr n="(i)"><ent r="4" t="14" w="1361" /></phr></stem><stem n="fire"><phr n="fires"><ent r="3" t="14" w="1403" /></phr><phr n="fired"><ent r="3" t="96" w="66" /><ent r="3" t="232" w="85" /><ent r="3" t="232" w="145" /><ent r="3" t="232" w="194" /><ent r="3" t="232" w="367" /></phr><phr n="Fired"><ent r="6" t="97" w="41" /><ent r="6" t="97" w="55" /><ent r="6" t="97" w="68" /><ent r="6" t="97" w="85" /><ent r="6" t="97" w="101" /><ent r="6" t="97" w="115" /><ent r="6" t="97" w="128" /><ent r="6" t="97" w="142" /><ent r="6" t="97" w="155" /><ent r="6" t="97" w="169" /><ent r="6" t="97" w="183" /><ent r="6" t="97" w="195" /><ent r="6" t="97" w="208" /><ent r="6" t="97" w="219" /><ent r="6" t="97" w="242" /><ent r="6" t="97" w="255" /><ent r="6" t="97" w="270" /><ent r="92" t="232" w="357" /></phr><phr n="Fire"><ent r="5" t="112" w="1253" /><ent r="5" t="112" w="1325" /></phr><phr n="fire"><ent r="3" t="232" w="307" /></phr></stem><stem n="getter"><phr n="getter"><ent r="3" t="14" w="1408" /><ent r="5" t="49" w="812" /><ent r="5" t="49" w="914" /></phr></stem><stem n="won"><phr n="won"><ent r="3" t="14" w="1414" /><ent r="3" t="21" w="83" /><ent r="3" t="28" w="1072" /><ent r="3" t="34" w="281" /><ent r="3" t="42" w="348" /><ent r="3" t="55" w="174" /><ent r="5" t="66" w="446" /><ent r="5" t="66" w="514" /><ent r="3" t="69" w="210" /><ent r="3" t="69" w="557" /><ent r="3" t="90" w="177" /><ent r="6" t="92" w="264" /><ent r="3" t="96" w="323" /><ent r="4" t="106" w="101" /><ent r="3" t="118" w="142" /><ent r="3" t="165" w="113" /><ent r="3" t="183" w="20" /><ent r="3" t="227" w="85" /><ent r="4" t="231" w="130" /><ent r="3" t="232" w="92" /><ent r="3" t="248" w="143" /><ent r="3" t="249" w="189" /><ent r="3" t="259" w="53" /></phr></stem><stem n="won't"><phr n="won't"><ent r="3" t="14" w="1415" /><ent r="3" t="14" w="1414" /><ent r="3" t="21" w="84" /><ent r="3" t="21" w="83" /><ent r="3" t="28" w="1073" /><ent r="3" t="28" w="1072" /><ent r="3" t="34" w="282" /><ent r="3" t="34" w="281" /><ent r="3" t="42" w="349" /><ent r="3" t="42" w="348" /><ent r="3" t="55" w="175" /><ent r="3" t="55" w="174" /><ent r="5" t="66" w="447" /><ent r="5" t="66" w="446" /><ent r="5" t="66" w="515" /><ent r="5" t="66" w="514" /><ent r="3" t="69" w="211" /><ent r="3" t="69" w="210" /><ent r="3" t="69" w="558" /><ent r="3" t="69" w="557" /><ent r="3" t="90" w="178" /><ent r="3" t="90" w="177" /><ent r="6" t="92" w="265" /><ent r="6" t="92" w="264" /><ent r="3" t="96" w="324" /><ent r="3" t="96" w="323" /><ent r="4" t="106" w="102" /><ent r="4" t="106" w="101" /><ent r="3" t="118" w="143" /><ent r="3" t="118" w="142" /><ent r="3" t="165" w="114" /><ent r="3" t="165" w="113" /><ent r="3" t="183" w="21" /><ent r="3" t="183" w="20" /><ent r="3" t="227" w="86" /><ent r="3" t="227" w="85" /><ent r="4" t="231" w="131" /><ent r="4" t="231" w="130" /><ent r="3" t="232" w="93" /><ent r="3" t="232" w="92" /><ent r="3" t="248" w="144" /><ent r="3" t="248" w="143" /><ent r="3" t="249" w="190" /><ent r="3" t="249" w="189" /><ent r="3" t="259" w="54" /><ent r="3" t="259" w="53" /></phr></stem><stem n=".propertywhichfiresev"><phr n=".PropertyWhichFiresEvent"><ent r="4" t="14" w="1447" /><ent r="4" t="14" w="1484" /></phr></stem><stem n="i.propertywhichfiresev"><phr n="i.PropertyWhichFiresEvent"><ent r="4" t="14" w="1447" /><ent r="4" t="14" w="1446" /><ent r="4" t="14" w="1484" /><ent r="4" t="14" w="1483" /></phr></stem><stem n="propertywhichfiresev"><phr n="PropertyWhichFiresEvent"><ent r="4" t="14" w="1447" /><ent r="4" t="14" w="1484" /></phr></stem><stem n="i.complexmethod"><phr n="i.ComplexMethod"><ent r="4" t="14" w="1518" /><ent r="4" t="14" w="1517" /><ent r="4" t="14" w="1555" /><ent r="4" t="14" w="1554" /></phr></stem><stem n="complexmethod"><phr n="ComplexMethod"><ent r="4" t="14" w="1518" /><ent r="4" t="14" w="1555" /></phr></stem><stem n=".complexmethod()"><phr n=".ComplexMethod()"><ent r="4" t="14" w="1519" /><ent r="4" t="14" w="1556" /></phr></stem><stem n="detect"><phr n="Detect"><ent r="92" t="14" w="1573" /><ent r="92" t="15" w="328" /><ent r="92" t="31" w="1769" /></phr><phr n="detected"><ent r="3" t="127" w="354" /><ent r="3" t="235" w="89" /></phr><phr n="detection"><ent r="6" t="143" w="209" /></phr><phr n="Detection"><ent r="1000" t="153" w="4" /><ent r="102" t="153" w="9" /></phr><phr n="detect"><ent r="4" t="238" w="172" /></phr></stem><stem n="indic"><phr n="indication"><ent r="3" t="14" w="1579" /><ent r="3" t="31" w="1775" /><ent r="3" t="72" w="251" /></phr><phr n="indicates"><ent r="3" t="14" w="1607" /><ent r="3" t="31" w="1803" /><ent r="3" t="137" w="256" /></phr></stem></index>