﻿<?xml version="1.0" encoding="utf-8"?><index><stem n="server"><phr n="server"><ent r="65" t="0" w="207" /><ent r="3" t="4" w="274" /><ent r="6" t="5" w="263" /><ent r="3" t="7" w="425" /><ent r="64" t="38" w="251" /><ent r="3" t="67" w="353" /><ent r="3" t="67" w="364" /><ent r="3" t="68" w="19" /><ent r="3" t="95" w="103" /><ent r="3" t="96" w="528" /><ent r="3" t="96" w="535" /><ent r="4" t="96" w="539" /><ent r="4" t="96" w="548" /><ent r="4" t="96" w="559" /><ent r="4" t="96" w="569" /><ent r="4" t="96" w="588" /><ent r="4" t="96" w="599" /><ent r="4" t="96" w="1004" /><ent r="3" t="97" w="26" /><ent r="3" t="100" w="362" /><ent r="3" t="100" w="371" /><ent r="3" t="105" w="198" /><ent r="3" t="109" w="103" /><ent r="3" t="127" w="319" /><ent r="7" t="128" w="207" /><ent r="6" t="128" w="227" /><ent r="7" t="128" w="270" /><ent r="6" t="128" w="293" /><ent r="4" t="131" w="158" /><ent r="3" t="138" w="17" /><ent r="3" t="138" w="55" /><ent r="3" t="138" w="116" /><ent r="3" t="138" w="184" /><ent r="3" t="138" w="203" /><ent r="3" t="138" w="221" /><ent r="3" t="138" w="240" /><ent r="3" t="142" w="204" /><ent r="64" t="142" w="219" /><ent r="4" t="142" w="238" /><ent r="4" t="142" w="253" /><ent r="4" t="142" w="277" /><ent r="4" t="142" w="296" /><ent r="3" t="142" w="461" /><ent r="3" t="142" w="473" /><ent r="3" t="142" w="507" /><ent r="3" t="142" w="528" /><ent r="3" t="143" w="23" /><ent r="8" t="143" w="79" /><ent r="3" t="149" w="64" /><ent r="3" t="162" w="46" /><ent r="3" t="165" w="69" /><ent r="3" t="165" w="77" /><ent r="4" t="165" w="224" /><ent r="4" t="167" w="149" /><ent r="4" t="167" w="195" /><ent r="3" t="169" w="119" /><ent r="3" t="173" w="38" /><ent r="6" t="195" w="81" /><ent r="6" t="195" w="95" /><ent r="6" t="195" w="111" /><ent r="6" t="195" w="123" /><ent r="3" t="196" w="23" /><ent r="3" t="197" w="14" /><ent r="3" t="197" w="66" /><ent r="3" t="197" w="79" /><ent r="2" t="198" w="16" /><ent r="3" t="198" w="69" /><ent r="3" t="198" w="78" /><ent r="3" t="200" w="59" /><ent r="3" t="200" w="80" /><ent r="3" t="200" w="92" /><ent r="3" t="200" w="129" /><ent r="3" t="202" w="21" /><ent r="3" t="202" w="54" /><ent r="6" t="202" w="94" /><ent r="3" t="203" w="20" /><ent r="3" t="203" w="86" /><ent r="4" t="203" w="172" /><ent r="3" t="204" w="20" /><ent r="3" t="204" w="35" /><ent r="4" t="204" w="60" /><ent r="4" t="204" w="95" /><ent r="3" t="205" w="16" /><ent r="3" t="206" w="19" /><ent r="3" t="207" w="34" /><ent r="3" t="208" w="14" /><ent r="64" t="209" w="60" /><ent r="3" t="209" w="83" /><ent r="3" t="223" w="33" /><ent r="3" t="223" w="53" /><ent r="3" t="224" w="18" /><ent r="3" t="225" w="12" /><ent r="64" t="225" w="19" /><ent r="3" t="225" w="23" /><ent r="3" t="225" w="57" /><ent r="3" t="226" w="29" /><ent r="3" t="226" w="38" /><ent r="3" t="226" w="44" /><ent r="3" t="226" w="60" /><ent r="3" t="226" w="69" /><ent r="3" t="226" w="98" /><ent r="3" t="226" w="103" /><ent r="3" t="226" w="108" /><ent r="3" t="226" w="140" /><ent r="4" t="226" w="158" /><ent r="4" t="226" w="166" /><ent r="5" t="226" w="177" /><ent r="4" t="226" w="187" /><ent r="4" t="226" w="197" /><ent r="4" t="226" w="209" /><ent r="5" t="226" w="220" /><ent r="4" t="226" w="234" /><ent r="3" t="226" w="249" /><ent r="3" t="226" w="270" /><ent r="4" t="226" w="314" /><ent r="4" t="226" w="354" /><ent r="3" t="227" w="34" /><ent r="4" t="227" w="168" /><ent r="4" t="227" w="257" /><ent r="4" t="227" w="320" /><ent r="3" t="229" w="44" /><ent r="3" t="229" w="57" /><ent r="3" t="229" w="66" /><ent r="3" t="229" w="69" /><ent r="4" t="229" w="95" /><ent r="4" t="229" w="120" /><ent r="4" t="229" w="154" /><ent r="4" t="229" w="186" /><ent r="3" t="230" w="25" /><ent r="3" t="230" w="49" /><ent r="4" t="230" w="85" /><ent r="3" t="230" w="127" /><ent r="3" t="231" w="27" /><ent r="3" t="231" w="37" /><ent r="3" t="231" w="117" /><ent r="3" t="231" w="194" /><ent r="3" t="231" w="206" /><ent r="3" t="231" w="222" /><ent r="3" t="232" w="20" /><ent r="3" t="232" w="30" /><ent r="3" t="232" w="34" /><ent r="3" t="232" w="117" /><ent r="3" t="232" w="126" /><ent r="3" t="232" w="140" /><ent r="3" t="232" w="154" /><ent r="3" t="232" w="164" /><ent r="3" t="232" w="172" /><ent r="3" t="232" w="185" /><ent r="3" t="232" w="197" /><ent r="3" t="232" w="201" /><ent r="3" t="232" w="211" /><ent r="4" t="232" w="214" /><ent r="4" t="232" w="223" /><ent r="4" t="232" w="234" /><ent r="4" t="232" w="244" /><ent r="4" t="232" w="263" /><ent r="4" t="232" w="274" /><ent r="3" t="232" w="299" /><ent r="3" t="232" w="305" /><ent r="3" t="232" w="362" /><ent r="3" t="233" w="21" /><ent r="3" t="233" w="40" /><ent r="3" t="235" w="49" /><ent r="3" t="235" w="92" /><ent r="3" t="236" w="12" /><ent r="3" t="236" w="23" /><ent r="4" t="236" w="35" /><ent r="4" t="236" w="38" /><ent r="4" t="236" w="60" /><ent r="3" t="236" w="267" /><ent r="4" t="236" w="298" /><ent r="4" t="236" w="313" /><ent r="4" t="236" w="340" /><ent r="4" t="236" w="359" /><ent r="5" t="236" w="387" /><ent r="4" t="236" w="421" /><ent r="5" t="236" w="470" /><ent r="4" t="236" w="512" /><ent r="3" t="236" w="733" /><ent r="3" t="237" w="25" /><ent r="3" t="237" w="44" /><ent r="4" t="237" w="81" /><ent r="4" t="237" w="97" /><ent r="4" t="237" w="104" /><ent r="4" t="237" w="113" /><ent r="4" t="237" w="127" /><ent r="6" t="237" w="150" /><ent r="5" t="237" w="189" /><ent r="6" t="237" w="209" /><ent r="5" t="237" w="251" /><ent r="6" t="237" w="366" /><ent r="6" t="237" w="447" /><ent r="2" t="238" w="13" /><ent r="2" t="238" w="74" /><ent r="3" t="238" w="95" /><ent r="4" t="238" w="120" /><ent r="4" t="238" w="146" /><ent r="4" t="238" w="161" /><ent r="4" t="238" w="199" /><ent r="3" t="238" w="262" /><ent r="3" t="238" w="281" /><ent r="3" t="238" w="287" /><ent r="3" t="238" w="313" /><ent r="3" t="238" w="325" /><ent r="64" t="238" w="350" /><ent r="4" t="256" w="245" /><ent r="4" t="256" w="270" /><ent r="4" t="256" w="304" /><ent r="4" t="256" w="336" /><ent r="3" t="257" w="204" /><ent r="3" t="257" w="250" /><ent r="3" t="258" w="57" /><ent r="4" t="258" w="300" /><ent r="3" t="266" w="60" /><ent r="4" t="267" w="85" /><ent r="4" t="267" w="97" /><ent r="4" t="269" w="67" /><ent r="3" t="276" w="155" /><ent r="63" t="276" w="246" /><ent r="3" t="282" w="354" /><ent r="4" t="304" w="122" /><ent r="4" t="304" w="134" /><ent r="3" t="305" w="51" /><ent r="4" t="305" w="128" /><ent r="4" t="305" w="138" /><ent r="4" t="306" w="124" /><ent r="4" t="306" w="134" /><ent r="65" t="308" w="150" /><ent r="4" t="308" w="260" /></phr><phr n="Server"><ent r="3" t="1" w="344" /><ent r="92" t="67" w="349" /><ent r="92" t="96" w="516" /><ent r="65" t="96" w="1030" /><ent r="6" t="97" w="37" /><ent r="4" t="105" w="61" /><ent r="92" t="142" w="199" /><ent r="92" t="142" w="453" /><ent r="3" t="167" w="199" /><ent r="1000" t="204" w="2" /><ent r="102" t="204" w="6" /><ent r="126" t="208" w="103" /><ent r="1000" t="225" w="1" /><ent r="100" t="225" w="5" /><ent r="102" t="225" w="8" /><ent r="92" t="225" w="59" /><ent r="1000" t="226" w="2" /><ent r="100" t="226" w="7" /><ent r="102" t="226" w="10" /><ent r="92" t="226" w="93" /><ent r="92" t="226" w="245" /><ent r="1000" t="227" w="5" /><ent r="102" t="227" w="12" /><ent r="1000" t="229" w="3" /><ent r="102" t="229" w="9" /><ent r="1000" t="231" w="1" /><ent r="102" t="231" w="7" /><ent r="3" t="231" w="17" /><ent r="1000" t="232" w="4" /><ent r="102" t="232" w="10" /><ent r="92" t="232" w="121" /><ent r="5" t="236" w="769" /><ent r="5" t="236" w="823" /><ent r="1000" t="237" w="5" /><ent r="102" t="237" w="16" /><ent r="1000" t="238" w="2" /><ent r="102" t="238" w="8" /><ent r="4" t="257" w="309" /><ent r="92" t="282" w="346" /></phr><phr n="servers"><ent r="3" t="7" w="328" /></phr></stem><stem n="mode"><phr n="mode"><ent r="4" t="0" w="209" /><ent r="3" t="34" w="537" /><ent r="64" t="38" w="252" /><ent r="3" t="45" w="664" /><ent r="3" t="49" w="1377" /><ent r="3" t="65" w="30" /><ent r="3" t="67" w="354" /><ent r="3" t="86" w="22" /><ent r="3" t="86" w="29" /><ent r="6" t="92" w="262" /><ent r="6" t="92" w="486" /><ent r="6" t="92" w="518" /><ent r="4" t="96" w="1005" /><ent r="3" t="97" w="27" /><ent r="3" t="99" w="97" /><ent r="3" t="100" w="363" /><ent r="3" t="109" w="98" /><ent r="3" t="109" w="104" /><ent r="3" t="127" w="228" /><ent r="3" t="138" w="18" /><ent r="3" t="142" w="462" /><ent r="3" t="143" w="24" /><ent r="4" t="164" w="82" /><ent r="4" t="164" w="147" /><ent r="4" t="164" w="176" /><ent r="3" t="165" w="12" /><ent r="3" t="165" w="82" /><ent r="4" t="165" w="189" /><ent r="4" t="166" w="337" /><ent r="3" t="166" w="424" /><ent r="3" t="167" w="11" /><ent r="3" t="167" w="212" /><ent r="6" t="173" w="241" /><ent r="6" t="173" w="253" /><ent r="3" t="174" w="27" /><ent r="3" t="183" w="15" /><ent r="3" t="183" w="18" /><ent r="3" t="183" w="30" /><ent r="4" t="183" w="61" /><ent r="4" t="183" w="91" /><ent r="3" t="184" w="23" /><ent r="3" t="184" w="28" /><ent r="3" t="184" w="47" /><ent r="4" t="184" w="97" /><ent r="4" t="184" w="129" /><ent r="3" t="202" w="22" /><ent r="3" t="203" w="11" /><ent r="4" t="203" w="45" /><ent r="4" t="203" w="74" /><ent r="3" t="203" w="93" /><ent r="3" t="203" w="133" /><ent r="3" t="209" w="66" /><ent r="3" t="223" w="36" /><ent r="3" t="224" w="19" /><ent r="3" t="226" w="70" /><ent r="3" t="227" w="35" /><ent r="3" t="229" w="45" /><ent r="3" t="231" w="121" /><ent r="3" t="232" w="21" /><ent r="3" t="232" w="31" /><ent r="3" t="232" w="35" /><ent r="3" t="232" w="50" /><ent r="3" t="232" w="363" /><ent r="3" t="266" w="61" /><ent r="4" t="278" w="75" /><ent r="3" t="282" w="355" /><ent r="4" t="304" w="123" /><ent r="4" t="304" w="135" /></phr><phr n="modes"><ent r="3" t="43" w="32" /><ent r="3" t="164" w="61" /><ent r="4" t="165" w="235" /></phr><phr n="Mode"><ent r="92" t="49" w="1294" /><ent r="64" t="79" w="182" /><ent r="1000" t="86" w="4" /><ent r="102" t="86" w="9" /><ent r="65" t="96" w="1031" /><ent r="92" t="142" w="454" /><ent r="1000" t="184" w="2" /><ent r="102" t="184" w="5" /><ent r="1000" t="203" w="2" /><ent r="100" t="203" w="5" /><ent r="102" t="203" w="8" /><ent r="1000" t="227" w="6" /><ent r="102" t="227" w="13" /><ent r="1000" t="232" w="5" /><ent r="102" t="232" w="11" /><ent r="92" t="282" w="347" /></phr><phr n="Modes"><ent r="1000" t="164" w="2" /><ent r="102" t="164" w="5" /></phr></stem><stem n="advanc"><phr n="advanced"><ent r="65" t="0" w="216" /><ent r="3" t="14" w="1639" /><ent r="4" t="25" w="25" /><ent r="3" t="62" w="227" /><ent r="3" t="65" w="11" /><ent r="5" t="68" w="109" /><ent r="5" t="68" w="136" /><ent r="5" t="189" w="33" /><ent r="5" t="189" w="60" /><ent r="3" t="283" w="349" /></phr><phr n="Advanced"><ent r="3" t="14" w="1075" /><ent r="1000" t="65" w="1" /><ent r="102" t="65" w="4" /></phr></stem><stem n="featur"><phr n="features"><ent r="65" t="0" w="217" /><ent r="3" t="7" w="149" /><ent r="3" t="8" w="21" /><ent r="3" t="14" w="1641" /><ent r="3" t="65" w="12" /><ent r="3" t="105" w="96" /><ent r="3" t="143" w="426" /><ent r="3" t="148" w="26" /><ent r="3" t="245" w="169" /><ent r="3" t="245" w="181" /><ent r="3" t="261" w="101" /><ent r="3" t="265" w="65" /><ent r="3" t="266" w="56" /><ent r="3" t="268" w="32" /><ent r="3" t="293" w="92" /><ent r="4" t="304" w="130" /><ent r="4" t="304" w="219" /><ent r="4" t="305" w="139" /><ent r="4" t="306" w="135" /><ent r="4" t="308" w="228" /><ent r="4" t="308" w="253" /></phr><phr n="feature"><ent r="3" t="55" w="15" /><ent r="3" t="67" w="87" /><ent r="3" t="99" w="15" /><ent r="3" t="99" w="73" /><ent r="3" t="132" w="19" /><ent r="3" t="244" w="450" /></phr><phr n="Feature"><ent r="92" t="266" w="32" /></phr></stem><stem n="session"><phr n="session"><ent r="65" t="0" w="221" /><ent r="3" t="34" w="526" /><ent r="5" t="34" w="559" /><ent r="4" t="34" w="573" /><ent r="5" t="34" w="583" /><ent r="4" t="34" w="586" /><ent r="5" t="34" w="622" /><ent r="4" t="34" w="635" /><ent r="5" t="34" w="649" /><ent r="4" t="34" w="652" /><ent r="64" t="38" w="244" /><ent r="3" t="65" w="37" /><ent r="3" t="66" w="86" /><ent r="3" t="66" w="89" /><ent r="3" t="66" w="122" /><ent r="3" t="66" w="130" /><ent r="3" t="66" w="145" /><ent r="3" t="66" w="159" /><ent r="5" t="66" w="173" /><ent r="4" t="66" w="187" /><ent r="5" t="66" w="197" /><ent r="4" t="66" w="200" /><ent r="5" t="66" w="236" /><ent r="4" t="66" w="249" /><ent r="5" t="66" w="263" /><ent r="4" t="66" w="266" /><ent r="3" t="66" w="303" /><ent r="3" t="66" w="311" /><ent r="3" t="66" w="328" /><ent r="3" t="66" w="363" /><ent r="3" t="66" w="374" /><ent r="3" t="66" w="404" /><ent r="3" t="66" w="421" /><ent r="5" t="66" w="445" /><ent r="5" t="66" w="471" /><ent r="5" t="66" w="513" /><ent r="5" t="66" w="541" /><ent r="5" t="66" w="621" /><ent r="4" t="66" w="659" /><ent r="5" t="66" w="709" /><ent r="4" t="66" w="747" /><ent r="64" t="76" w="50" /><ent r="4" t="96" w="954" /><ent r="3" t="227" w="378" /><ent r="3" t="227" w="405" /><ent r="3" t="229" w="16" /><ent r="5" t="229" w="128" /><ent r="5" t="229" w="194" /><ent r="3" t="229" w="237" /><ent r="64" t="229" w="249" /><ent r="3" t="233" w="179" /><ent r="3" t="233" w="331" /><ent r="3" t="233" w="338" /><ent r="3" t="233" w="340" /><ent r="3" t="233" w="371" /><ent r="3" t="233" w="378" /><ent r="5" t="233" w="435" /><ent r="5" t="233" w="523" /><ent r="3" t="233" w="597" /><ent r="3" t="233" w="615" /><ent r="5" t="233" w="633" /><ent r="4" t="233" w="638" /><ent r="5" t="233" w="673" /><ent r="4" t="233" w="683" /><ent r="3" t="256" w="63" /><ent r="3" t="256" w="71" /><ent r="3" t="256" w="84" /><ent r="5" t="256" w="106" /><ent r="4" t="256" w="120" /><ent r="5" t="256" w="130" /><ent r="4" t="256" w="133" /><ent r="5" t="256" w="169" /><ent r="4" t="256" w="182" /><ent r="5" t="256" w="196" /><ent r="4" t="256" w="199" /><ent r="5" t="256" w="278" /><ent r="5" t="256" w="344" /><ent r="3" t="257" w="38" /><ent r="64" t="257" w="406" /><ent r="3" t="257" w="420" /><ent r="3" t="257" w="426" /><ent r="3" t="257" w="434" /><ent r="4" t="257" w="471" /><ent r="4" t="257" w="479" /><ent r="4" t="257" w="493" /><ent r="4" t="257" w="499" /><ent r="5" t="265" w="523" /><ent r="5" t="265" w="570" /></phr><phr n="Session"><ent r="64" t="34" w="530" /><ent r="4" t="34" w="598" /><ent r="4" t="34" w="672" /><ent r="64" t="40" w="298" /><ent r="64" t="65" w="41" /><ent r="1000" t="66" w="1" /><ent r="102" t="66" w="14" /><ent r="4" t="66" w="212" /><ent r="4" t="66" w="286" /><ent r="4" t="66" w="479" /><ent r="4" t="66" w="551" /><ent r="64" t="229" w="34" /><ent r="4" t="256" w="145" /><ent r="4" t="256" w="219" /></phr><phr n="Sessions"><ent r="100" t="66" w="4" /></phr><phr n="sessions"><ent r="3" t="66" w="567" /><ent r="3" t="229" w="53" /></phr></stem><stem n="contain"><phr n="containers"><ent r="65" t="0" w="222" /><ent r="3" t="34" w="517" /><ent r="3" t="38" w="239" /><ent r="64" t="38" w="245" /><ent r="3" t="40" w="295" /><ent r="4" t="41" w="194" /><ent r="3" t="65" w="38" /><ent r="3" t="66" w="87" /><ent r="3" t="66" w="131" /><ent r="3" t="66" w="304" /><ent r="3" t="66" w="405" /><ent r="3" t="66" w="422" /><ent r="3" t="73" w="150" /><ent r="3" t="76" w="520" /><ent r="4" t="120" w="257" /><ent r="3" t="160" w="13" /><ent r="4" t="182" w="65" /><ent r="3" t="188" w="613" /><ent r="3" t="188" w="615" /><ent r="3" t="228" w="13" /><ent r="3" t="229" w="14" /><ent r="3" t="233" w="98" /><ent r="3" t="233" w="379" /><ent r="3" t="233" w="397" /><ent r="3" t="233" w="593" /><ent r="3" t="243" w="132" /><ent r="64" t="243" w="214" /><ent r="3" t="248" w="26" /><ent r="3" t="249" w="23" /><ent r="3" t="250" w="24" /><ent r="3" t="251" w="24" /><ent r="4" t="253" w="155" /><ent r="4" t="253" w="299" /><ent r="3" t="257" w="40" /><ent r="5" t="265" w="571" /></phr><phr n="contains"><ent r="3" t="2" w="52" /><ent r="3" t="9" w="165" /><ent r="3" t="12" w="46" /><ent r="3" t="14" w="1068" /><ent r="3" t="14" w="1174" /><ent r="3" t="15" w="785" /><ent r="3" t="16" w="16" /><ent r="4" t="24" w="899" /><ent r="4" t="24" w="940" /><ent r="3" t="27" w="756" /><ent r="3" t="27" w="763" /><ent r="3" t="27" w="776" /><ent r="5" t="27" w="841" /><ent r="5" t="27" w="860" /><ent r="5" t="27" w="948" /><ent r="5" t="27" w="956" /><ent r="3" t="28" w="13" /><ent r="3" t="28" w="78" /><ent r="4" t="28" w="130" /><ent r="4" t="28" w="177" /><ent r="3" t="28" w="356" /><ent r="4" t="28" w="436" /><ent r="4" t="28" w="485" /><ent r="3" t="31" w="1127" /><ent r="3" t="31" w="1276" /><ent r="3" t="32" w="86" /><ent r="3" t="38" w="530" /><ent r="3" t="46" w="36" /><ent r="3" t="62" w="111" /><ent r="3" t="62" w="230" /><ent r="3" t="99" w="119" /><ent r="3" t="109" w="60" /><ent r="3" t="109" w="78" /><ent r="5" t="109" w="333" /><ent r="5" t="109" w="359" /><ent r="5" t="109" w="443" /><ent r="3" t="165" w="136" /><ent r="3" t="173" w="14" /><ent r="64" t="240" w="124" /><ent r="64" t="240" w="799" /><ent r="64" t="240" w="986" /><ent r="3" t="241" w="32" /><ent r="3" t="252" w="27" /><ent r="3" t="260" w="147" /><ent r="3" t="260" w="341" /><ent r="3" t="265" w="106" /><ent r="3" t="265" w="112" /><ent r="3" t="270" w="278" /><ent r="3" t="283" w="356" /><ent r="3" t="285" w="57" /><ent r="3" t="289" w="158" /><ent r="3" t="291" w="21" /><ent r="3" t="293" w="128" /><ent r="3" t="298" w="90" /><ent r="3" t="299" w="75" /><ent r="3" t="303" w="90" /><ent r="3" t="305" w="109" /><ent r="4" t="308" w="47" /><ent r="4" t="308" w="72" /><ent r="4" t="308" w="146" /><ent r="4" t="308" w="174" /><ent r="4" t="308" w="225" /><ent r="4" t="308" w="250" /><ent r="4" t="308" w="299" /></phr><phr n="container"><ent r="4" t="8" w="77" /><ent r="4" t="8" w="99" /><ent r="4" t="8" w="118" /><ent r="4" t="8" w="146" /><ent r="4" t="8" w="153" /><ent r="4" t="8" w="171" /><ent r="4" t="8" w="200" /><ent r="4" t="8" w="222" /><ent r="4" t="8" w="251" /><ent r="4" t="8" w="258" /><ent r="3" t="10" w="14" /><ent r="3" t="10" w="38" /><ent r="3" t="10" w="58" /><ent r="3" t="10" w="66" /><ent r="4" t="10" w="83" /><ent r="5" t="10" w="94" /><ent r="4" t="10" w="102" /><ent r="5" t="10" w="117" /><ent r="4" t="10" w="121" /><ent r="4" t="10" w="142" /><ent r="3" t="10" w="171" /><ent r="4" t="10" w="213" /><ent r="4" t="10" w="229" /><ent r="4" t="10" w="247" /><ent r="4" t="10" w="271" /><ent r="4" t="10" w="326" /><ent r="4" t="10" w="345" /><ent r="4" t="10" w="388" /><ent r="4" t="10" w="414" /><ent r="4" t="10" w="495" /><ent r="4" t="10" w="514" /><ent r="4" t="10" w="538" /><ent r="4" t="10" w="556" /><ent r="4" t="10" w="582" /><ent r="4" t="10" w="602" /><ent r="4" t="10" w="636" /><ent r="4" t="10" w="655" /><ent r="4" t="10" w="668" /><ent r="4" t="10" w="686" /><ent r="4" t="10" w="712" /><ent r="4" t="10" w="722" /><ent r="3" t="12" w="71" /><ent r="3" t="12" w="142" /><ent r="4" t="12" w="155" /><ent r="4" t="12" w="182" /><ent r="4" t="12" w="281" /><ent r="4" t="12" w="334" /><ent r="4" t="13" w="71" /><ent r="4" t="13" w="98" /><ent r="4" t="13" w="140" /><ent r="4" t="13" w="181" /><ent r="4" t="13" w="234" /><ent r="4" t="13" w="274" /><ent r="4" t="13" w="328" /><ent r="4" t="13" w="374" /><ent r="4" t="13" w="425" /><ent r="4" t="13" w="478" /><ent r="4" t="14" w="192" /><ent r="4" t="14" w="231" /><ent r="4" t="14" w="292" /><ent r="4" t="14" w="329" /><ent r="4" t="14" w="442" /><ent r="4" t="14" w="500" /><ent r="4" t="14" w="571" /><ent r="4" t="14" w="627" /><ent r="4" t="14" w="678" /><ent r="4" t="14" w="716" /><ent r="4" t="14" w="751" /><ent r="4" t="14" w="793" /><ent r="4" t="14" w="845" /><ent r="4" t="14" w="885" /><ent r="4" t="14" w="922" /><ent r="4" t="14" w="962" /><ent r="4" t="14" w="1101" /><ent r="4" t="14" w="1140" /><ent r="4" t="14" w="1230" /><ent r="4" t="14" w="1269" /><ent r="4" t="14" w="1305" /><ent r="4" t="14" w="1348" /><ent r="4" t="14" w="1442" /><ent r="4" t="14" w="1479" /><ent r="4" t="14" w="1513" /><ent r="4" t="14" w="1550" /><ent r="4" t="15" w="130" /><ent r="4" t="15" w="180" /><ent r="4" t="15" w="244" /><ent r="4" t="15" w="292" /><ent r="4" t="15" w="505" /><ent r="4" t="15" w="555" /><ent r="4" t="15" w="649" /><ent r="4" t="15" w="721" /><ent r="4" t="17" w="248" /><ent r="4" t="17" w="288" /><ent r="4" t="18" w="124" /><ent r="4" t="18" w="164" /><ent r="4" t="18" w="241" /><ent r="4" t="18" w="279" /><ent r="4" t="18" w="374" /><ent r="4" t="18" w="418" /><ent r="4" t="18" w="511" /><ent r="4" t="18" w="561" /><ent r="4" t="18" w="777" /><ent r="4" t="18" w="807" /><ent r="4" t="18" w="928" /><ent r="4" t="18" w="970" /><ent r="4" t="19" w="69" /><ent r="4" t="19" w="121" /><ent r="4" t="20" w="159" /><ent r="4" t="20" w="199" /><ent r="4" t="20" w="324" /><ent r="4" t="20" w="368" /><ent r="4" t="23" w="125" /><ent r="4" t="23" w="164" /><ent r="4" t="24" w="104" /><ent r="4" t="24" w="143" /><ent r="4" t="24" w="189" /><ent r="4" t="24" w="228" /><ent r="4" t="24" w="305" /><ent r="4" t="24" w="349" /><ent r="4" t="24" w="397" /><ent r="4" t="24" w="437" /><ent r="4" t="24" w="472" /><ent r="4" t="24" w="504" /><ent r="4" t="24" w="548" /><ent r="4" t="24" w="572" /><ent r="4" t="24" w="657" /><ent r="4" t="24" w="707" /><ent r="4" t="24" w="783" /><ent r="4" t="24" w="821" /><ent r="4" t="24" w="892" /><ent r="4" t="24" w="933" /><ent r="4" t="27" w="118" /><ent r="4" t="27" w="152" /><ent r="4" t="27" w="220" /><ent r="4" t="27" w="264" /><ent r="4" t="27" w="333" /><ent r="4" t="27" w="374" /><ent r="4" t="27" w="416" /><ent r="4" t="27" w="460" /><ent r="4" t="27" w="533" /><ent r="4" t="27" w="583" /><ent r="4" t="27" w="650" /><ent r="4" t="27" w="689" /><ent r="4" t="27" w="826" /><ent r="4" t="27" w="933" /><ent r="4" t="27" w="1120" /><ent r="4" t="27" w="1125" /><ent r="4" t="27" w="1177" /><ent r="4" t="27" w="1190" /><ent r="4" t="27" w="1286" /><ent r="4" t="27" w="1332" /><ent r="4" t="28" w="105" /><ent r="4" t="28" w="146" /><ent r="4" t="28" w="250" /><ent r="4" t="28" w="296" /><ent r="4" t="28" w="411" /><ent r="4" t="28" w="454" /><ent r="4" t="28" w="538" /><ent r="4" t="28" w="594" /><ent r="4" t="28" w="721" /><ent r="4" t="28" w="793" /><ent r="4" t="28" w="952" /><ent r="4" t="28" w="1000" /><ent r="4" t="28" w="1087" /><ent r="4" t="28" w="1155" /><ent r="3" t="29" w="91" /><ent r="4" t="29" w="332" /><ent r="4" t="29" w="369" /><ent r="4" t="29" w="449" /><ent r="4" t="29" w="491" /><ent r="4" t="29" w="751" /><ent r="4" t="29" w="799" /><ent r="4" t="30" w="95" /><ent r="4" t="30" w="134" /><ent r="4" t="30" w="206" /><ent r="4" t="30" w="251" /><ent r="4" t="30" w="329" /><ent r="4" t="30" w="368" /><ent r="4" t="31" w="126" /><ent r="4" t="31" w="158" /><ent r="4" t="31" w="216" /><ent r="4" t="31" w="250" /><ent r="4" t="31" w="366" /><ent r="4" t="31" w="420" /><ent r="4" t="31" w="478" /><ent r="4" t="31" w="518" /><ent r="4" t="31" w="563" /><ent r="4" t="31" w="594" /><ent r="4" t="31" w="626" /><ent r="4" t="31" w="666" /><ent r="4" t="31" w="719" /><ent r="4" t="31" w="752" /><ent r="4" t="31" w="786" /><ent r="4" t="31" w="819" /><ent r="4" t="31" w="1003" /><ent r="4" t="31" w="1063" /><ent r="4" t="31" w="1138" /><ent r="4" t="31" w="1170" /><ent r="4" t="31" w="1203" /><ent r="4" t="31" w="1235" /><ent r="4" t="31" w="1303" /><ent r="4" t="31" w="1334" /><ent r="4" t="31" w="1366" /><ent r="4" t="31" w="1401" /><ent r="4" t="31" w="1477" /><ent r="4" t="31" w="1509" /><ent r="4" t="31" w="1553" /><ent r="4" t="31" w="1585" /><ent r="64" t="33" w="204" /><ent r="3" t="34" w="23" /><ent r="4" t="34" w="123" /><ent r="4" t="34" w="132" /><ent r="4" t="34" w="141" /><ent r="4" t="34" w="155" /><ent r="4" t="34" w="164" /><ent r="4" t="34" w="173" /><ent r="3" t="34" w="207" /><ent r="4" t="34" w="209" /><ent r="4" t="34" w="218" /><ent r="4" t="34" w="227" /><ent r="4" t="34" w="241" /><ent r="4" t="34" w="250" /><ent r="4" t="34" w="259" /><ent r="4" t="34" w="323" /><ent r="4" t="34" w="332" /><ent r="4" t="34" w="335" /><ent r="4" t="34" w="355" /><ent r="4" t="34" w="384" /><ent r="4" t="34" w="395" /><ent r="4" t="34" w="398" /><ent r="4" t="34" w="418" /><ent r="3" t="34" w="451" /><ent r="3" t="34" w="469" /><ent r="3" t="34" w="490" /><ent r="3" t="34" w="504" /><ent r="5" t="34" w="584" /><ent r="4" t="34" w="600" /><ent r="5" t="34" w="650" /><ent r="4" t="34" w="674" /><ent r="4" t="35" w="126" /><ent r="4" t="35" w="223" /><ent r="4" t="35" w="313" /><ent r="4" t="35" w="343" /><ent r="4" t="35" w="346" /><ent r="4" t="35" w="349" /><ent r="4" t="35" w="379" /><ent r="4" t="35" w="414" /><ent r="4" t="35" w="417" /><ent r="3" t="38" w="66" /><ent r="4" t="38" w="126" /><ent r="4" t="38" w="131" /><ent r="4" t="38" w="162" /><ent r="4" t="38" w="175" /><ent r="3" t="38" w="216" /><ent r="3" t="38" w="271" /><ent r="4" t="38" w="293" /><ent r="4" t="38" w="341" /><ent r="3" t="38" w="367" /><ent r="3" t="38" w="375" /><ent r="3" t="38" w="381" /><ent r="3" t="38" w="403" /><ent r="3" t="38" w="428" /><ent r="3" t="38" w="432" /><ent r="4" t="40" w="335" /><ent r="4" t="40" w="338" /><ent r="4" t="40" w="369" /><ent r="4" t="42" w="372" /><ent r="4" t="42" w="455" /><ent r="4" t="42" w="573" /><ent r="4" t="42" w="618" /><ent r="4" t="42" w="836" /><ent r="4" t="42" w="861" /><ent r="4" t="45" w="91" /><ent r="4" t="45" w="98" /><ent r="4" t="45" w="140" /><ent r="4" t="45" w="147" /><ent r="4" t="45" w="154" /><ent r="4" t="45" w="195" /><ent r="4" t="45" w="212" /><ent r="4" t="45" w="253" /><ent r="4" t="45" w="263" /><ent r="4" t="45" w="280" /><ent r="4" t="45" w="376" /><ent r="4" t="45" w="407" /><ent r="4" t="45" w="410" /><ent r="4" t="45" w="438" /><ent r="4" t="45" w="468" /><ent r="3" t="45" w="502" /><ent r="4" t="45" w="517" /><ent r="4" t="45" w="539" /><ent r="4" t="45" w="567" /><ent r="4" t="46" w="49" /><ent r="4" t="46" w="56" /><ent r="4" t="46" w="105" /><ent r="4" t="46" w="112" /><ent r="4" t="46" w="119" /><ent r="4" t="46" w="170" /><ent r="4" t="46" w="187" /><ent r="4" t="46" w="236" /><ent r="4" t="46" w="246" /><ent r="4" t="46" w="263" /><ent r="4" t="46" w="375" /><ent r="4" t="46" w="412" /><ent r="4" t="49" w="83" /><ent r="4" t="49" w="120" /><ent r="4" t="49" w="193" /><ent r="4" t="49" w="234" /><ent r="4" t="49" w="1029" /><ent r="4" t="49" w="1035" /><ent r="4" t="49" w="1042" /><ent r="4" t="49" w="1047" /><ent r="4" t="49" w="1123" /><ent r="4" t="49" w="1141" /><ent r="4" t="49" w="1157" /><ent r="4" t="49" w="1167" /><ent r="4" t="49" w="1182" /><ent r="4" t="49" w="1271" /><ent r="4" t="50" w="633" /><ent r="4" t="50" w="670" /><ent r="4" t="50" w="720" /><ent r="4" t="50" w="791" /><ent r="4" t="50" w="909" /><ent r="4" t="50" w="950" /><ent r="4" t="50" w="987" /><ent r="4" t="50" w="1014" /><ent r="4" t="50" w="1043" /><ent r="4" t="50" w="1075" /><ent r="4" t="54" w="212" /><ent r="4" t="54" w="223" /><ent r="4" t="54" w="261" /><ent r="4" t="54" w="273" /><ent r="3" t="55" w="160" /><ent r="3" t="55" w="171" /><ent r="3" t="56" w="28" /><ent r="4" t="56" w="55" /><ent r="4" t="56" w="56" /><ent r="4" t="56" w="72" /><ent r="4" t="56" w="84" /><ent r="4" t="56" w="111" /><ent r="4" t="56" w="112" /><ent r="4" t="56" w="128" /><ent r="4" t="56" w="142" /><ent r="4" t="56" w="196" /><ent r="4" t="56" w="197" /><ent r="4" t="56" w="221" /><ent r="4" t="56" w="222" /><ent r="4" t="56" w="254" /><ent r="4" t="56" w="297" /><ent r="4" t="57" w="88" /><ent r="4" t="57" w="135" /><ent r="4" t="57" w="177" /><ent r="4" t="57" w="178" /><ent r="4" t="57" w="192" /><ent r="4" t="57" w="214" /><ent r="4" t="57" w="215" /><ent r="4" t="57" w="229" /><ent r="4" t="58" w="72" /><ent r="4" t="58" w="86" /><ent r="4" t="58" w="95" /><ent r="4" t="58" w="132" /><ent r="4" t="58" w="152" /><ent r="4" t="58" w="161" /><ent r="4" t="58" w="220" /><ent r="4" t="58" w="234" /><ent r="4" t="58" w="240" /><ent r="4" t="58" w="246" /><ent r="4" t="58" w="276" /><ent r="4" t="58" w="296" /><ent r="4" t="58" w="302" /><ent r="4" t="58" w="308" /><ent r="4" t="63" w="45" /><ent r="4" t="63" w="131" /><ent r="4" t="64" w="93" /><ent r="4" t="64" w="135" /><ent r="3" t="66" w="90" /><ent r="3" t="66" w="95" /><ent r="3" t="66" w="110" /><ent r="3" t="66" w="123" /><ent r="3" t="66" w="146" /><ent r="3" t="66" w="155" /><ent r="5" t="66" w="198" /><ent r="4" t="66" w="214" /><ent r="5" t="66" w="264" /><ent r="4" t="66" w="288" /><ent r="3" t="66" w="312" /><ent r="3" t="66" w="329" /><ent r="3" t="66" w="364" /><ent r="3" t="66" w="375" /><ent r="4" t="67" w="251" /><ent r="4" t="67" w="258" /><ent r="4" t="67" w="268" /><ent r="4" t="67" w="296" /><ent r="4" t="67" w="303" /><ent r="4" t="67" w="313" /><ent r="4" t="68" w="26" /><ent r="4" t="68" w="50" /><ent r="4" t="68" w="101" /><ent r="4" t="68" w="128" /><ent r="3" t="68" w="163" /><ent r="3" t="69" w="136" /><ent r="4" t="69" w="141" /><ent r="4" t="69" w="168" /><ent r="4" t="69" w="231" /><ent r="4" t="69" w="253" /><ent r="4" t="69" w="292" /><ent r="4" t="69" w="314" /><ent r="3" t="69" w="466" /><ent r="3" t="69" w="488" /><ent r="4" t="69" w="492" /><ent r="4" t="69" w="518" /><ent r="4" t="69" w="573" /><ent r="4" t="69" w="595" /><ent r="4" t="69" w="624" /><ent r="4" t="69" w="646" /><ent r="3" t="70" w="44" /><ent r="3" t="70" w="50" /><ent r="4" t="70" w="111" /><ent r="4" t="70" w="136" /><ent r="4" t="70" w="171" /><ent r="4" t="70" w="208" /><ent r="4" t="70" w="325" /><ent r="4" t="70" w="456" /><ent r="4" t="70" w="670" /><ent r="4" t="70" w="689" /><ent r="4" t="70" w="739" /><ent r="4" t="70" w="772" /><ent r="3" t="72" w="15" /><ent r="4" t="72" w="32" /><ent r="4" t="72" w="66" /><ent r="4" t="72" w="169" /><ent r="4" t="72" w="204" /><ent r="4" t="72" w="272" /><ent r="4" t="72" w="305" /><ent r="4" t="73" w="67" /><ent r="3" t="73" w="191" /><ent r="3" t="73" w="226" /><ent r="3" t="74" w="25" /><ent r="4" t="74" w="89" /><ent r="4" t="74" w="165" /><ent r="4" t="74" w="179" /><ent r="4" t="74" w="218" /><ent r="4" t="74" w="232" /><ent r="4" t="74" w="281" /><ent r="4" t="74" w="298" /><ent r="4" t="74" w="327" /><ent r="4" t="74" w="351" /><ent r="4" t="74" w="379" /><ent r="4" t="74" w="415" /><ent r="4" t="74" w="454" /><ent r="4" t="74" w="474" /><ent r="4" t="74" w="505" /><ent r="4" t="74" w="534" /><ent r="4" t="74" w="802" /><ent r="4" t="74" w="816" /><ent r="4" t="74" w="864" /><ent r="4" t="74" w="880" /><ent r="4" t="74" w="938" /><ent r="4" t="74" w="952" /><ent r="4" t="74" w="979" /><ent r="4" t="74" w="1012" /><ent r="4" t="74" w="1028" /><ent r="4" t="74" w="1061" /><ent r="3" t="74" w="1156" /><ent r="64" t="75" w="22" /><ent r="4" t="75" w="63" /><ent r="4" t="75" w="84" /><ent r="4" t="75" w="121" /><ent r="4" t="75" w="150" /><ent r="4" t="75" w="222" /><ent r="4" t="75" w="240" /><ent r="4" t="75" w="269" /><ent r="4" t="75" w="300" /><ent r="4" t="75" w="324" /><ent r="4" t="75" w="360" /><ent r="4" t="75" w="694" /><ent r="4" t="75" w="708" /><ent r="4" t="75" w="758" /><ent r="4" t="75" w="774" /><ent r="4" t="75" w="834" /><ent r="4" t="75" w="848" /><ent r="4" t="75" w="875" /><ent r="4" t="75" w="910" /><ent r="4" t="75" w="926" /><ent r="4" t="75" w="959" /><ent r="3" t="76" w="22" /><ent r="3" t="76" w="41" /><ent r="64" t="76" w="52" /><ent r="4" t="76" w="93" /><ent r="4" t="76" w="107" /><ent r="4" t="76" w="146" /><ent r="4" t="76" w="160" /><ent r="3" t="76" w="182" /><ent r="4" t="76" w="199" /><ent r="4" t="76" w="215" /><ent r="4" t="76" w="244" /><ent r="4" t="76" w="252" /><ent r="4" t="76" w="277" /><ent r="4" t="76" w="300" /><ent r="4" t="76" w="336" /><ent r="4" t="76" w="354" /><ent r="3" t="76" w="369" /><ent r="4" t="76" w="386" /><ent r="4" t="76" w="405" /><ent r="4" t="76" w="419" /><ent r="4" t="76" w="445" /><ent r="4" t="76" w="472" /><ent r="4" t="76" w="496" /><ent r="4" t="76" w="606" /><ent r="4" t="76" w="703" /><ent r="4" t="76" w="793" /><ent r="4" t="76" w="823" /><ent r="4" t="76" w="826" /><ent r="4" t="76" w="829" /><ent r="4" t="76" w="859" /><ent r="4" t="76" w="894" /><ent r="4" t="76" w="897" /><ent r="3" t="94" w="76" /><ent r="3" t="96" w="114" /><ent r="4" t="96" w="120" /><ent r="4" t="96" w="144" /><ent r="4" t="96" w="334" /><ent r="4" t="96" w="395" /><ent r="3" t="96" w="536" /><ent r="4" t="96" w="689" /><ent r="4" t="96" w="794" /><ent r="4" t="99" w="496" /><ent r="4" t="99" w="583" /><ent r="4" t="99" w="667" /><ent r="4" t="99" w="784" /><ent r="4" t="99" w="911" /><ent r="4" t="99" w="916" /><ent r="4" t="99" w="987" /><ent r="4" t="99" w="998" /><ent r="4" t="100" w="110" /><ent r="4" t="100" w="123" /><ent r="4" t="100" w="205" /><ent r="4" t="100" w="233" /><ent r="4" t="100" w="285" /><ent r="4" t="100" w="311" /><ent r="4" t="101" w="113" /><ent r="4" t="101" w="175" /><ent r="4" t="102" w="90" /><ent r="4" t="102" w="110" /><ent r="4" t="102" w="145" /><ent r="4" t="102" w="159" /><ent r="4" t="109" w="121" /><ent r="4" t="109" w="172" /><ent r="4" t="114" w="739" /><ent r="4" t="114" w="788" /><ent r="4" t="114" w="855" /><ent r="4" t="114" w="879" /><ent r="4" t="114" w="905" /><ent r="4" t="114" w="930" /><ent r="4" t="120" w="292" /><ent r="4" t="121" w="247" /><ent r="4" t="121" w="266" /><ent r="4" t="121" w="289" /><ent r="4" t="121" w="360" /><ent r="4" t="121" w="387" /><ent r="4" t="121" w="417" /><ent r="4" t="121" w="452" /><ent r="4" t="121" w="542" /><ent r="4" t="122" w="244" /><ent r="4" t="122" w="270" /><ent r="4" t="122" w="273" /><ent r="4" t="122" w="305" /><ent r="4" t="122" w="342" /><ent r="4" t="122" w="345" /><ent r="4" t="124" w="171" /><ent r="4" t="124" w="202" /><ent r="4" t="124" w="205" /><ent r="4" t="124" w="238" /><ent r="4" t="124" w="280" /><ent r="4" t="124" w="283" /><ent r="4" t="125" w="179" /><ent r="4" t="125" w="210" /><ent r="4" t="125" w="213" /><ent r="4" t="125" w="246" /><ent r="4" t="125" w="288" /><ent r="4" t="125" w="291" /><ent r="3" t="126" w="76" /><ent r="4" t="126" w="93" /><ent r="3" t="126" w="114" /><ent r="2" t="127" w="247" /><ent r="6" t="128" w="70" /><ent r="6" t="128" w="118" /><ent r="6" t="128" w="183" /><ent r="6" t="128" w="239" /><ent r="6" t="128" w="319" /><ent r="6" t="128" w="326" /><ent r="6" t="128" w="336" /><ent r="6" t="128" w="359" /><ent r="6" t="128" w="376" /><ent r="6" t="128" w="383" /><ent r="6" t="128" w="393" /><ent r="6" t="128" w="419" /><ent r="3" t="131" w="74" /><ent r="3" t="142" w="58" /><ent r="3" t="142" w="72" /><ent r="3" t="142" w="107" /><ent r="4" t="142" w="135" /><ent r="4" t="142" w="149" /><ent r="4" t="142" w="173" /><ent r="4" t="142" w="191" /><ent r="4" t="142" w="340" /><ent r="4" t="142" w="361" /><ent r="4" t="142" w="385" /><ent r="4" t="142" w="410" /><ent r="3" t="142" w="447" /><ent r="6" t="143" w="281" /><ent r="4" t="148" w="91" /><ent r="4" t="148" w="96" /><ent r="4" t="148" w="139" /><ent r="4" t="148" w="148" /><ent r="3" t="149" w="63" /><ent r="3" t="160" w="23" /><ent r="3" t="173" w="33" /><ent r="4" t="187" w="46" /><ent r="4" t="187" w="97" /><ent r="4" t="187" w="184" /><ent r="4" t="187" w="249" /><ent r="4" t="188" w="58" /><ent r="4" t="188" w="299" /><ent r="4" t="188" w="347" /><ent r="3" t="188" w="555" /><ent r="3" t="188" w="589" /><ent r="3" t="189" w="20" /><ent r="4" t="189" w="25" /><ent r="4" t="189" w="52" /><ent r="4" t="190" w="93" /><ent r="4" t="190" w="158" /><ent r="4" t="191" w="223" /><ent r="4" t="191" w="298" /><ent r="4" t="194" w="53" /><ent r="4" t="194" w="96" /><ent r="3" t="205" w="15" /><ent r="3" t="226" w="278" /><ent r="3" t="226" w="282" /><ent r="4" t="226" w="291" /><ent r="4" t="226" w="327" /><ent r="3" t="227" w="383" /><ent r="3" t="227" w="396" /><ent r="4" t="227" w="432" /><ent r="4" t="227" w="450" /><ent r="4" t="227" w="477" /><ent r="4" t="227" w="501" /><ent r="3" t="228" w="15" /><ent r="3" t="228" w="217" /><ent r="3" t="229" w="17" /><ent r="3" t="229" w="23" /><ent r="4" t="229" w="119" /><ent r="5" t="229" w="129" /><ent r="4" t="229" w="131" /><ent r="4" t="229" w="181" /><ent r="5" t="229" w="195" /><ent r="4" t="229" w="197" /><ent r="3" t="229" w="243" /><ent r="64" t="229" w="250" /><ent r="3" t="229" w="273" /><ent r="3" t="232" w="203" /><ent r="3" t="233" w="106" /><ent r="3" t="233" w="113" /><ent r="3" t="233" w="125" /><ent r="3" t="233" w="164" /><ent r="3" t="233" w="176" /><ent r="3" t="233" w="185" /><ent r="3" t="233" w="208" /><ent r="4" t="233" w="228" /><ent r="3" t="233" w="306" /><ent r="3" t="233" w="310" /><ent r="3" t="233" w="332" /><ent r="3" t="233" w="341" /><ent r="3" t="233" w="354" /><ent r="3" t="233" w="372" /><ent r="3" t="233" w="376" /><ent r="5" t="233" w="402" /><ent r="5" t="233" w="439" /><ent r="5" t="233" w="450" /><ent r="4" t="233" w="474" /><ent r="5" t="233" w="485" /><ent r="5" t="233" w="527" /><ent r="5" t="233" w="538" /><ent r="4" t="233" w="567" /><ent r="3" t="233" w="598" /><ent r="3" t="233" w="612" /><ent r="3" t="235" w="20" /><ent r="4" t="235" w="115" /><ent r="4" t="235" w="162" /><ent r="4" t="235" w="201" /><ent r="4" t="235" w="253" /><ent r="4" t="236" w="751" /><ent r="4" t="236" w="801" /><ent r="3" t="239" w="63" /><ent r="4" t="240" w="523" /><ent r="4" t="240" w="539" /><ent r="4" t="240" w="571" /><ent r="4" t="240" w="590" /><ent r="4" t="241" w="599" /><ent r="4" t="241" w="631" /><ent r="64" t="243" w="23" /><ent r="3" t="243" w="33" /><ent r="3" t="243" w="43" /><ent r="3" t="243" w="52" /><ent r="3" t="243" w="60" /><ent r="3" t="243" w="74" /><ent r="3" t="243" w="85" /><ent r="3" t="243" w="101" /><ent r="3" t="243" w="105" /><ent r="3" t="243" w="127" /><ent r="3" t="243" w="136" /><ent r="3" t="243" w="149" /><ent r="3" t="243" w="176" /><ent r="3" t="243" w="186" /><ent r="3" t="243" w="200" /><ent r="3" t="243" w="244" /><ent r="3" t="243" w="261" /><ent r="3" t="243" w="272" /><ent r="3" t="243" w="281" /><ent r="3" t="243" w="293" /><ent r="3" t="243" w="314" /><ent r="64" t="243" w="352" /><ent r="4" t="244" w="223" /><ent r="4" t="244" w="291" /><ent r="3" t="246" w="131" /><ent r="3" t="246" w="184" /><ent r="3" t="247" w="28" /><ent r="3" t="248" w="72" /><ent r="4" t="248" w="77" /><ent r="4" t="248" w="104" /><ent r="3" t="248" w="139" /><ent r="4" t="248" w="167" /><ent r="4" t="248" w="189" /><ent r="4" t="248" w="228" /><ent r="4" t="248" w="250" /><ent r="3" t="249" w="120" /><ent r="4" t="249" w="124" /><ent r="4" t="249" w="150" /><ent r="3" t="249" w="185" /><ent r="4" t="249" w="207" /><ent r="4" t="249" w="229" /><ent r="4" t="249" w="258" /><ent r="4" t="249" w="280" /><ent r="4" t="250" w="319" /><ent r="4" t="250" w="354" /><ent r="4" t="251" w="287" /><ent r="4" t="251" w="292" /><ent r="4" t="251" w="363" /><ent r="4" t="251" w="374" /><ent r="4" t="251" w="508" /><ent r="4" t="251" w="550" /><ent r="3" t="253" w="40" /><ent r="4" t="253" w="67" /><ent r="4" t="253" w="71" /><ent r="4" t="253" w="101" /><ent r="4" t="253" w="119" /><ent r="4" t="253" w="173" /><ent r="4" t="253" w="181" /><ent r="4" t="253" w="220" /><ent r="4" t="253" w="249" /><ent r="3" t="253" w="325" /><ent r="4" t="253" w="347" /><ent r="4" t="253" w="352" /><ent r="4" t="253" w="362" /><ent r="4" t="253" w="369" /><ent r="4" t="253" w="373" /><ent r="4" t="253" w="407" /><ent r="4" t="253" w="417" /><ent r="4" t="253" w="432" /><ent r="4" t="253" w="442" /><ent r="4" t="253" w="452" /><ent r="4" t="253" w="468" /><ent r="4" t="253" w="516" /><ent r="4" t="254" w="71" /><ent r="4" t="254" w="85" /><ent r="4" t="254" w="169" /><ent r="4" t="254" w="172" /><ent r="4" t="254" w="188" /><ent r="4" t="254" w="211" /><ent r="4" t="254" w="313" /><ent r="3" t="255" w="147" /><ent r="3" t="256" w="65" /><ent r="3" t="256" w="72" /><ent r="3" t="256" w="85" /><ent r="5" t="256" w="131" /><ent r="4" t="256" w="147" /><ent r="5" t="256" w="197" /><ent r="4" t="256" w="221" /><ent r="4" t="256" w="269" /><ent r="5" t="256" w="279" /><ent r="4" t="256" w="281" /><ent r="4" t="256" w="331" /><ent r="5" t="256" w="345" /><ent r="4" t="256" w="347" /><ent r="3" t="257" w="20" /><ent r="3" t="257" w="398" /><ent r="4" t="257" w="464" /><ent r="4" t="257" w="472" /><ent r="4" t="257" w="506" /><ent r="3" t="260" w="93" /><ent r="3" t="260" w="103" /><ent r="3" t="260" w="113" /><ent r="3" t="260" w="119" /><ent r="3" t="260" w="178" /><ent r="4" t="262" w="173" /><ent r="4" t="263" w="376" /><ent r="4" t="263" w="412" /><ent r="4" t="263" w="489" /><ent r="4" t="263" w="518" /><ent r="4" t="263" w="548" /><ent r="4" t="263" w="595" /><ent r="3" t="265" w="403" /><ent r="3" t="265" w="412" /><ent r="3" t="265" w="428" /><ent r="3" t="265" w="441" /><ent r="5" t="265" w="528" /><ent r="5" t="265" w="540" /><ent r="4" t="266" w="120" /><ent r="4" t="266" w="159" /><ent r="4" t="266" w="379" /><ent r="4" t="266" w="436" /><ent r="4" t="266" w="582" /><ent r="4" t="266" w="625" /><ent r="4" t="272" w="153" /><ent r="4" t="272" w="197" /><ent r="4" t="272" w="222" /><ent r="4" t="272" w="274" /><ent r="4" t="272" w="371" /><ent r="4" t="272" w="420" /><ent r="4" t="272" w="439" /><ent r="4" t="272" w="509" /><ent r="4" t="274" w="95" /><ent r="4" t="274" w="178" /><ent r="4" t="275" w="157" /><ent r="4" t="275" w="164" /><ent r="4" t="275" w="213" /><ent r="4" t="275" w="220" /><ent r="4" t="275" w="227" /><ent r="4" t="275" w="278" /><ent r="4" t="275" w="295" /><ent r="4" t="275" w="344" /><ent r="4" t="275" w="354" /><ent r="4" t="275" w="371" /><ent r="4" t="275" w="479" /><ent r="4" t="275" w="516" /><ent r="5" t="277" w="181" /><ent r="5" t="277" w="196" /><ent r="5" t="277" w="232" /><ent r="5" t="277" w="251" /><ent r="4" t="281" w="317" /><ent r="4" t="281" w="344" /><ent r="4" t="281" w="348" /><ent r="4" t="281" w="428" /><ent r="4" t="281" w="459" /><ent r="4" t="281" w="464" /><ent r="4" t="286" w="221" /><ent r="3" t="303" w="127" /></phr><phr n="Contains"><ent r="3" t="9" w="154" /><ent r="3" t="9" w="186" /><ent r="3" t="9" w="230" /><ent r="3" t="9" w="247" /><ent r="82" t="14" w="1044" /><ent r="4" t="14" w="1107" /><ent r="4" t="14" w="1116" /><ent r="4" t="14" w="1146" /><ent r="4" t="14" w="1155" /><ent r="4" t="14" w="1236" /><ent r="4" t="14" w="1245" /><ent r="4" t="14" w="1275" /><ent r="4" t="14" w="1284" /><ent r="4" t="15" w="521" /><ent r="4" t="15" w="577" /><ent r="4" t="15" w="685" /><ent r="4" t="15" w="760" /><ent r="4" t="18" w="939" /><ent r="4" t="18" w="1031" /><ent r="5" t="20" w="485" /><ent r="92" t="24" w="723" /><ent r="4" t="24" w="789" /><ent r="4" t="24" w="827" /><ent r="92" t="24" w="838" /><ent r="4" t="27" w="853" /><ent r="4" t="27" w="989" /><ent r="92" t="28" w="40" /><ent r="92" t="28" w="341" /><ent r="82" t="31" w="1103" /><ent r="4" t="31" w="1153" /><ent r="4" t="31" w="1157" /><ent r="4" t="31" w="1186" /><ent r="4" t="31" w="1190" /><ent r="4" t="31" w="1321" /><ent r="4" t="31" w="1353" /><ent r="5" t="53" w="157" /><ent r="5" t="53" w="237" /><ent r="5" t="53" w="335" /><ent r="5" t="53" w="411" /><ent r="5" t="53" w="547" /><ent r="5" t="53" w="631" /><ent r="4" t="109" w="344" /><ent r="4" t="109" w="370" /><ent r="4" t="109" w="453" /><ent r="4" t="141" w="189" /><ent r="4" t="141" w="319" /><ent r="4" t="240" w="1037" /><ent r="4" t="240" w="1059" /><ent r="4" t="240" w="1119" /><ent r="4" t="240" w="1159" /><ent r="4" t="240" w="1217" /><ent r="4" t="240" w="1239" /><ent r="4" t="240" w="1310" /><ent r="4" t="240" w="1346" /><ent r="4" t="262" w="179" /><ent r="4" t="266" w="385" /><ent r="4" t="266" w="442" /><ent r="3" t="290" w="128" /></phr><phr n="Container"><ent r="100" t="10" w="6" /><ent r="64" t="73" w="173" /><ent r="92" t="73" w="198" /><ent r="64" t="73" w="288" /><ent r="1000" t="74" w="4" /><ent r="100" t="74" w="10" /><ent r="102" t="74" w="15" /><ent r="1000" t="76" w="2" /><ent r="102" t="76" w="9" /><ent r="64" t="229" w="298" /><ent r="1000" t="233" w="2" /><ent r="100" t="233" w="5" /><ent r="102" t="233" w="12" /><ent r="64" t="239" w="74" /><ent r="1000" t="243" w="5" /><ent r="102" t="243" w="11" /><ent r="92" t="243" w="160" /><ent r="4" t="265" w="500" /><ent r="4" t="265" w="513" /></phr><phr n="contain"><ent r="3" t="16" w="26" /><ent r="3" t="18" w="837" /><ent r="4" t="93" w="149" /><ent r="3" t="96" w="636" /><ent r="5" t="96" w="755" /><ent r="5" t="96" w="910" /><ent r="3" t="147" w="180" /><ent r="3" t="156" w="84" /><ent r="3" t="188" w="521" /><ent r="3" t="263" w="472" /><ent r="3" t="292" w="256" /></phr><phr n="Containers"><ent r="64" t="34" w="531" /><ent r="64" t="40" w="299" /><ent r="64" t="65" w="42" /><ent r="1000" t="66" w="2" /><ent r="102" t="66" w="15" /><ent r="92" t="73" w="39" /><ent r="92" t="73" w="134" /><ent r="64" t="229" w="35" /><ent r="92" t="243" w="78" /><ent r="92" t="260" w="75" /></phr><phr n="containing"><ent r="3" t="111" w="90" /><ent r="3" t="111" w="101" /><ent r="4" t="258" w="70" /><ent r="3" t="289" w="16" /><ent r="3" t="290" w="88" /><ent r="3" t="291" w="100" /><ent r="3" t="292" w="282" /></phr><phr n="Contain"><ent r="92" t="294" w="118" /></phr></stem></index>