﻿<?xml version="1.0" encoding="utf-8"?><index><stem n="light"><phr n="light"><ent r="3" t="2" w="620" /></phr></stem><stem n="weight"><phr n="weight"><ent r="3" t="2" w="621" /></phr></stem><stem n="-"><phr n="-"><ent r="3" t="2" w="623" /><ent r="3" t="2" w="623" /><ent r="3" t="3" w="13" /><ent r="3" t="3" w="13" /><ent r="3" t="3" w="28" /><ent r="3" t="3" w="28" /><ent r="3" t="4" w="238" /><ent r="3" t="4" w="238" /><ent r="3" t="4" w="510" /><ent r="3" t="4" w="510" /><ent r="3" t="9" w="288" /><ent r="3" t="9" w="288" /><ent r="5" t="20" w="486" /><ent r="5" t="20" w="486" /><ent r="4" t="30" w="445" /><ent r="4" t="30" w="445" /><ent r="4" t="30" w="544" /><ent r="4" t="30" w="544" /><ent r="3" t="32" w="37" /><ent r="3" t="32" w="37" /><ent r="4" t="52" w="54" /><ent r="4" t="52" w="54" /><ent r="3" t="90" w="219" /><ent r="3" t="90" w="219" /><ent r="3" t="96" w="631" /><ent r="3" t="96" w="631" /><ent r="4" t="106" w="64" /><ent r="4" t="106" w="64" /><ent r="4" t="106" w="80" /><ent r="4" t="106" w="80" /><ent r="3" t="117" w="74" /><ent r="3" t="117" w="74" /><ent r="4" t="117" w="410" /><ent r="4" t="117" w="410" /><ent r="3" t="117" w="444" /><ent r="3" t="117" w="444" /><ent r="3" t="127" w="81" /><ent r="3" t="127" w="81" /><ent r="3" t="127" w="107" /><ent r="3" t="127" w="107" /><ent r="3" t="127" w="124" /><ent r="3" t="127" w="124" /><ent r="3" t="127" w="133" /><ent r="3" t="127" w="133" /><ent r="3" t="127" w="150" /><ent r="3" t="127" w="150" /><ent r="3" t="127" w="167" /><ent r="3" t="127" w="167" /><ent r="3" t="127" w="189" /><ent r="3" t="127" w="189" /><ent r="3" t="127" w="212" /><ent r="3" t="127" w="212" /><ent r="2" t="127" w="232" /><ent r="2" t="127" w="232" /><ent r="3" t="127" w="259" /><ent r="3" t="127" w="259" /><ent r="3" t="127" w="287" /><ent r="3" t="127" w="287" /><ent r="3" t="127" w="307" /><ent r="3" t="127" w="307" /><ent r="3" t="127" w="327" /><ent r="3" t="127" w="327" /><ent r="3" t="127" w="343" /><ent r="3" t="127" w="343" /><ent r="3" t="127" w="365" /><ent r="3" t="127" w="365" /><ent r="3" t="127" w="386" /><ent r="3" t="127" w="386" /><ent r="64" t="133" w="67" /><ent r="64" t="133" w="67" /><ent r="3" t="142" w="118" /><ent r="3" t="142" w="118" /><ent r="3" t="142" w="221" /><ent r="3" t="142" w="221" /><ent r="3" t="142" w="323" /><ent r="3" t="142" w="323" /><ent r="3" t="143" w="19" /><ent r="3" t="143" w="19" /><ent r="3" t="143" w="35" /><ent r="3" t="143" w="35" /><ent r="3" t="165" w="166" /><ent r="3" t="165" w="166" /><ent r="3" t="173" w="47" /><ent r="3" t="173" w="47" /><ent r="3" t="188" w="402" /><ent r="3" t="188" w="402" /><ent r="3" t="188" w="421" /><ent r="3" t="188" w="421" /><ent r="4" t="193" w="54" /><ent r="4" t="193" w="54" /><ent r="4" t="193" w="283" /><ent r="4" t="193" w="283" /><ent r="3" t="202" w="17" /><ent r="3" t="202" w="17" /><ent r="3" t="202" w="33" /><ent r="3" t="202" w="33" /><ent r="3" t="224" w="14" /><ent r="3" t="224" w="14" /><ent r="3" t="225" w="49" /><ent r="3" t="225" w="49" /><ent r="4" t="241" w="470" /><ent r="4" t="241" w="470" /><ent r="3" t="246" w="127" /><ent r="3" t="246" w="127" /><ent r="6" t="268" w="228" /><ent r="6" t="268" w="228" /><ent r="3" t="289" w="30" /><ent r="3" t="289" w="30" /><ent r="3" t="292" w="153" /><ent r="3" t="292" w="153" /><ent r="6" t="299" w="239" /><ent r="6" t="299" w="239" /><ent r="6" t="299" w="521" /><ent r="6" t="299" w="521" /><ent r="4" t="309" w="118" /><ent r="4" t="309" w="118" /><ent r="6" t="313" w="15" /><ent r="6" t="313" w="15" /><ent r="6" t="313" w="40" /><ent r="6" t="313" w="40" /></phr></stem><stem n="now"><phr n="Now"><ent r="3" t="2" w="633" /><ent r="3" t="22" w="193" /><ent r="3" t="35" w="434" /><ent r="4" t="39" w="271" /><ent r="5" t="42" w="813" /><ent r="5" t="42" w="866" /><ent r="3" t="49" w="707" /><ent r="5" t="54" w="226" /><ent r="5" t="54" w="276" /><ent r="5" t="56" w="238" /><ent r="5" t="56" w="276" /><ent r="5" t="57" w="182" /><ent r="5" t="57" w="219" /><ent r="3" t="73" w="112" /><ent r="3" t="76" w="914" /><ent r="3" t="96" w="159" /><ent r="3" t="99" w="860" /><ent r="3" t="114" w="47" /><ent r="3" t="117" w="666" /><ent r="3" t="122" w="187" /><ent r="3" t="124" w="40" /><ent r="3" t="124" w="153" /><ent r="3" t="125" w="42" /><ent r="3" t="125" w="161" /><ent r="4" t="193" w="176" /><ent r="4" t="193" w="207" /><ent r="4" t="193" w="246" /><ent r="4" t="193" w="273" /><ent r="4" t="193" w="433" /><ent r="4" t="193" w="475" /><ent r="4" t="193" w="523" /><ent r="4" t="193" w="553" /><ent r="3" t="229" w="37" /><ent r="3" t="233" w="100" /><ent r="3" t="233" w="575" /><ent r="3" t="236" w="245" /><ent r="3" t="236" w="712" /><ent r="3" t="243" w="35" /><ent r="3" t="257" w="385" /><ent r="3" t="260" w="213" /><ent r="3" t="263" w="224" /><ent r="3" t="265" w="736" /><ent r="4" t="265" w="840" /><ent r="3" t="272" w="352" /><ent r="3" t="291" w="104" /><ent r="3" t="292" w="286" /><ent r="3" t="298" w="388" /><ent r="3" t="306" w="610" /></phr><phr n="now"><ent r="3" t="4" w="310" /><ent r="3" t="7" w="164" /><ent r="3" t="7" w="432" /><ent r="3" t="9" w="402" /><ent r="3" t="57" w="161" /><ent r="5" t="109" w="124" /><ent r="5" t="109" w="177" /><ent r="5" t="233" w="452" /><ent r="5" t="233" w="540" /><ent r="5" t="277" w="188" /><ent r="5" t="277" w="241" /></phr></stem><stem n="grow"><phr n="growing"><ent r="3" t="2" w="636" /><ent r="2" t="4" w="93" /><ent r="4" t="6" w="136" /></phr><phr n="grow"><ent r="3" t="6" w="33" /><ent r="3" t="6" w="113" /><ent r="3" t="105" w="181" /><ent r="6" t="173" w="166" /><ent r="3" t="176" w="67" /><ent r="3" t="188" w="391" /><ent r="4" t="188" w="462" /><ent r="4" t="188" w="506" /><ent r="3" t="282" w="268" /><ent r="3" t="285" w="71" /></phr><phr n="grows"><ent r="3" t="14" w="1033" /><ent r="3" t="31" w="883" /><ent r="3" t="177" w="15" /><ent r="3" t="224" w="426" /></phr></stem><stem n="popular"><phr n="popularity"><ent r="3" t="2" w="637" /></phr><phr n="popular"><ent r="3" t="4" w="328" /><ent r="3" t="4" w="641" /></phr></stem><stem n="prolifer"><phr n="proliferation"><ent r="3" t="2" w="644" /></phr><phr n="proliferated"><ent r="3" t="127" w="91" /></phr><phr n="proliferate"><ent r="3" t="309" w="241" /></phr></stem><stem n="tool"><phr n="tools"><ent r="3" t="2" w="647" /><ent r="3" t="5" w="550" /><ent r="3" t="51" w="142" /><ent r="3" t="53" w="27" /><ent r="3" t="53" w="37" /><ent r="5" t="53" w="181" /><ent r="5" t="53" w="278" /><ent r="4" t="53" w="296" /><ent r="4" t="53" w="477" /><ent r="5" t="53" w="571" /><ent r="5" t="53" w="672" /><ent r="4" t="53" w="686" /><ent r="64" t="55" w="128" /><ent r="3" t="65" w="80" /><ent r="3" t="90" w="10" /><ent r="3" t="90" w="29" /><ent r="3" t="90" w="49" /><ent r="3" t="90" w="384" /><ent r="3" t="234" w="82" /><ent r="4" t="305" w="185" /><ent r="4" t="306" w="181" /><ent r="3" t="306" w="427" /><ent r="6" t="313" w="427" /><ent r="3" t="315" w="44" /></phr><phr n="tool"><ent r="6" t="5" w="85" /><ent r="3" t="91" w="68" /><ent r="3" t="92" w="538" /><ent r="3" t="178" w="107" /><ent r="4" t="258" w="148" /><ent r="3" t="268" w="158" /><ent r="3" t="268" w="283" /><ent r="3" t="270" w="77" /><ent r="3" t="270" w="299" /><ent r="3" t="272" w="141" /><ent r="3" t="281" w="176" /><ent r="3" t="281" w="207" /><ent r="6" t="287" w="18" /><ent r="5" t="288" w="37" /><ent r="5" t="290" w="254" /><ent r="5" t="291" w="31" /><ent r="5" t="292" w="52" /><ent r="5" t="296" w="12" /><ent r="3" t="296" w="25" /><ent r="5" t="297" w="60" /><ent r="5" t="298" w="39" /><ent r="5" t="299" w="16" /><ent r="5" t="300" w="12" /><ent r="4" t="304" w="248" /><ent r="4" t="306" w="255" /><ent r="65" t="308" w="389" /><ent r="6" t="309" w="395" /></phr><phr n="Tools"><ent r="64" t="22" w="73" /><ent r="64" t="22" w="274" /><ent r="64" t="65" w="99" /><ent r="1000" t="90" w="2" /><ent r="102" t="90" w="7" /><ent r="3" t="90" w="119" /><ent r="3" t="288" w="21" /><ent r="3" t="289" w="46" /><ent r="3" t="290" w="270" /><ent r="3" t="291" w="81" /><ent r="3" t="292" w="263" /></phr><phr n="tooling"><ent r="3" t="132" w="138" /><ent r="3" t="133" w="32" /></phr></stem><stem n="thousand"><phr n="thousands"><ent r="3" t="2" w="648" /><ent r="3" t="5" w="448" /></phr><phr n="thousand"><ent r="4" t="286" w="138" /></phr></stem><stem n="api"><phr n="API"><ent r="3" t="2" w="658" /><ent r="6" t="5" w="373" /><ent r="3" t="7" w="219" /><ent r="3" t="9" w="195" /><ent r="3" t="11" w="28" /><ent r="3" t="11" w="78" /><ent r="64" t="12" w="403" /><ent r="3" t="26" w="16" /><ent r="3" t="26" w="23" /><ent r="3" t="26" w="174" /><ent r="3" t="31" w="898" /><ent r="3" t="31" w="902" /><ent r="64" t="60" w="151" /><ent r="64" t="65" w="286" /><ent r="3" t="70" w="15" /><ent r="3" t="77" w="50" /><ent r="64" t="94" w="88" /><ent r="1000" t="96" w="3" /><ent r="102" t="96" w="9" /><ent r="67" t="110" w="43" /><ent r="5" t="116" w="112" /><ent r="3" t="116" w="229" /><ent r="3" t="118" w="123" /><ent r="64" t="118" w="127" /><ent r="65" t="119" w="100" /><ent r="1000" t="120" w="2" /><ent r="102" t="120" w="18" /><ent r="3" t="120" w="24" /><ent r="64" t="120" w="45" /><ent r="64" t="120" w="146" /><ent r="3" t="121" w="119" /><ent r="1000" t="129" w="3" /><ent r="102" t="129" w="10" /><ent r="3" t="131" w="40" /><ent r="3" t="142" w="13" /><ent r="64" t="168" w="43" /><ent r="64" t="232" w="55" /><ent r="3" t="245" w="159" /><ent r="65" t="259" w="112" /><ent r="3" t="268" w="58" /><ent r="3" t="272" w="35" /><ent r="4" t="272" w="80" /><ent r="3" t="303" w="13" /><ent r="3" t="303" w="29" /></phr><phr n="APIs"><ent r="3" t="7" w="251" /><ent r="3" t="64" w="28" /><ent r="5" t="116" w="123" /></phr><phr n="api"><ent r="3" t="9" w="200" /><ent r="3" t="9" w="222" /></phr></stem><stem n="oodbm"><phr n="OODBMS"><ent r="1000" t="3" w="1" /><ent r="100" t="3" w="3" /><ent r="102" t="3" w="5" /><ent r="64" t="3" w="110" /><ent r="3" t="3" w="112" /><ent r="3" t="3" w="140" /><ent r="3" t="3" w="174" /><ent r="65" t="7" w="706" /></phr></stem><stem n="emerg"><phr n="emergence"><ent r="3" t="3" w="8" /></phr><phr n="emergency"><ent r="3" t="36" w="176" /><ent r="3" t="178" w="140" /></phr></stem><stem n="network"><phr n="networks"><ent r="3" t="3" w="14" /></phr><phr n="network"><ent r="3" t="101" w="303" /><ent r="4" t="132" w="197" /><ent r="4" t="133" w="161" /><ent r="3" t="138" w="11" /><ent r="3" t="138" w="39" /><ent r="3" t="138" w="61" /><ent r="4" t="138" w="76" /><ent r="4" t="138" w="98" /><ent r="4" t="138" w="171" /><ent r="4" t="138" w="190" /><ent r="4" t="138" w="208" /><ent r="3" t="144" w="118" /><ent r="64" t="195" w="46" /><ent r="3" t="197" w="16" /><ent r="2" t="198" w="18" /><ent r="3" t="203" w="126" /><ent r="4" t="203" w="152" /><ent r="3" t="206" w="14" /><ent r="3" t="206" w="70" /><ent r="64" t="225" w="52" /><ent r="8" t="228" w="115" /><ent r="8" t="228" w="134" /><ent r="8" t="228" w="187" /><ent r="2" t="238" w="21" /><ent r="4" t="238" w="381" /><ent r="3" t="282" w="361" /></phr><phr n="Network"><ent r="65" t="132" w="192" /><ent r="65" t="133" w="156" /><ent r="1000" t="138" w="2" /><ent r="102" t="138" w="5" /><ent r="92" t="138" w="22" /><ent r="92" t="138" w="168" /><ent r="100" t="202" w="5" /><ent r="100" t="226" w="4" /><ent r="100" t="236" w="3" /></phr><phr n="networking"><ent r="64" t="142" w="216" /><ent r="64" t="142" w="318" /><ent r="3" t="202" w="12" /><ent r="3" t="202" w="27" /><ent r="3" t="202" w="33" /><ent r="3" t="202" w="46" /><ent r="3" t="202" w="67" /></phr><phr n="Networking"><ent r="1000" t="202" w="1" /><ent r="102" t="202" w="8" /><ent r="4" t="203" w="33" /><ent r="4" t="203" w="63" /><ent r="4" t="204" w="45" /><ent r="4" t="204" w="80" /><ent r="4" t="206" w="86" /><ent r="4" t="206" w="115" /><ent r="4" t="207" w="42" /><ent r="4" t="207" w="70" /><ent r="4" t="208" w="27" /><ent r="4" t="208" w="57" /><ent r="4" t="236" w="291" /><ent r="4" t="236" w="331" /><ent r="4" t="236" w="541" /><ent r="4" t="236" w="574" /></phr><phr n="networked"><ent r="3" t="232" w="28" /></phr></stem><stem n="smart"><phr n="smart"><ent r="3" t="3" w="20" /><ent r="3" t="7" w="336" /><ent r="3" t="7" w="387" /><ent r="3" t="7" w="460" /></phr></stem><stem n="&quot;smart&quot;"><phr n="&quot;smart&quot;"><ent r="3" t="3" w="21" /><ent r="3" t="7" w="337" /><ent r="3" t="7" w="388" /></phr></stem><stem n="car"><phr n="cars"><ent r="3" t="3" w="24" /><ent r="3" t="5" w="36" /><ent r="3" t="24" w="628" /><ent r="5" t="28" w="561" /><ent r="5" t="28" w="617" /><ent r="4" t="39" w="315" /><ent r="3" t="45" w="24" /><ent r="4" t="100" w="114" /><ent r="4" t="100" w="137" /><ent r="4" t="100" w="215" /><ent r="4" t="100" w="246" /><ent r="5" t="112" w="1237" /><ent r="5" t="112" w="1305" /></phr><phr n="Car"><ent r="3" t="18" w="69" /><ent r="4" t="24" w="646" /><ent r="4" t="24" w="651" /><ent r="4" t="24" w="695" /><ent r="3" t="27" w="32" /><ent r="4" t="27" w="1132" /><ent r="4" t="27" w="1197" /><ent r="4" t="27" w="1293" /><ent r="4" t="27" w="1339" /><ent r="4" t="28" w="545" /><ent r="4" t="28" w="601" /><ent r="4" t="28" w="728" /><ent r="4" t="28" w="800" /><ent r="4" t="29" w="456" /><ent r="4" t="29" w="498" /><ent r="4" t="38" w="124" /><ent r="4" t="38" w="161" /><ent r="4" t="38" w="165" /><ent r="4" t="38" w="273" /><ent r="4" t="38" w="278" /><ent r="4" t="38" w="311" /><ent r="4" t="38" w="315" /><ent r="4" t="38" w="324" /><ent r="4" t="38" w="328" /><ent r="3" t="39" w="202" /><ent r="4" t="40" w="333" /><ent r="4" t="40" w="368" /><ent r="4" t="40" w="372" /><ent r="4" t="45" w="95" /><ent r="4" t="45" w="151" /><ent r="5" t="45" w="158" /><ent r="4" t="45" w="210" /><ent r="4" t="45" w="278" /><ent r="5" t="45" w="284" /><ent r="4" t="45" w="373" /><ent r="4" t="45" w="436" /><ent r="4" t="45" w="514" /><ent r="4" t="45" w="565" /><ent r="4" t="56" w="52" /><ent r="4" t="56" w="109" /><ent r="4" t="56" w="251" /><ent r="4" t="56" w="295" /><ent r="4" t="57" w="75" /><ent r="4" t="57" w="123" /><ent r="4" t="57" w="174" /><ent r="4" t="57" w="212" /><ent r="3" t="100" w="59" /><ent r="4" t="100" w="118" /><ent r="4" t="100" w="221" /><ent r="4" t="100" w="229" /><ent r="3" t="100" w="345" /><ent r="4" t="254" w="82" /><ent r="4" t="254" w="209" /><ent r="3" t="289" w="19" /><ent r="6" t="299" w="356" /></phr><phr n="car"><ent r="3" t="24" w="605" /><ent r="3" t="24" w="614" /><ent r="4" t="39" w="224" /><ent r="4" t="39" w="338" /><ent r="3" t="45" w="35" /><ent r="3" t="45" w="42" /><ent r="3" t="45" w="58" /><ent r="4" t="45" w="96" /><ent r="4" t="45" w="99" /><ent r="4" t="45" w="105" /><ent r="5" t="45" w="127" /><ent r="4" t="45" w="142" /><ent r="4" t="45" w="152" /><ent r="4" t="45" w="162" /><ent r="4" t="45" w="171" /><ent r="4" t="45" w="206" /><ent r="4" t="45" w="213" /><ent r="4" t="45" w="219" /><ent r="5" t="45" w="240" /><ent r="4" t="45" w="255" /><ent r="4" t="45" w="274" /><ent r="4" t="45" w="287" /><ent r="4" t="45" w="295" /><ent r="3" t="45" w="348" /><ent r="4" t="45" w="374" /><ent r="4" t="45" w="377" /><ent r="4" t="45" w="383" /><ent r="4" t="45" w="409" /><ent r="4" t="45" w="412" /><ent r="4" t="45" w="432" /><ent r="4" t="45" w="439" /><ent r="4" t="45" w="445" /><ent r="4" t="45" w="470" /><ent r="4" t="45" w="515" /><ent r="4" t="45" w="518" /><ent r="4" t="45" w="524" /><ent r="4" t="45" w="542" /><ent r="4" t="45" w="561" /><ent r="4" t="45" w="568" /><ent r="4" t="45" w="574" /><ent r="4" t="56" w="53" /><ent r="4" t="56" w="58" /><ent r="4" t="56" w="105" /><ent r="4" t="56" w="114" /><ent r="5" t="56" w="240" /><ent r="5" t="56" w="245" /><ent r="4" t="56" w="252" /><ent r="4" t="56" w="259" /><ent r="5" t="56" w="278" /><ent r="5" t="56" w="283" /><ent r="4" t="56" w="291" /><ent r="4" t="56" w="302" /><ent r="3" t="57" w="164" /><ent r="3" t="57" w="169" /><ent r="4" t="57" w="175" /><ent r="4" t="57" w="180" /><ent r="4" t="57" w="208" /><ent r="4" t="57" w="217" /><ent r="4" t="112" w="1229" /><ent r="4" t="112" w="1246" /><ent r="4" t="112" w="1291" /><ent r="4" t="112" w="1312" /><ent r="3" t="245" w="98" /><ent r="3" t="272" w="310" /></phr></stem><stem n="arrai"><phr n="array"><ent r="3" t="3" w="33" /><ent r="3" t="14" w="1184" /><ent r="3" t="24" w="747" /><ent r="3" t="28" w="197" /><ent r="3" t="31" w="1286" /><ent r="92" t="105" w="129" /><ent r="3" t="105" w="156" /><ent r="3" t="106" w="24" /><ent r="4" t="117" w="272" /><ent r="4" t="117" w="285" /><ent r="4" t="117" w="290" /><ent r="3" t="122" w="59" /><ent r="3" t="122" w="72" /><ent r="4" t="122" w="86" /><ent r="4" t="122" w="105" /><ent r="4" t="122" w="113" /><ent r="4" t="122" w="120" /><ent r="3" t="122" w="154" /><ent r="3" t="122" w="196" /><ent r="4" t="122" w="287" /><ent r="4" t="122" w="361" /><ent r="3" t="131" w="142" /><ent r="3" t="177" w="78" /><ent r="3" t="177" w="106" /><ent r="3" t="188" w="151" /><ent r="3" t="188" w="162" /><ent r="3" t="188" w="167" /><ent r="3" t="231" w="71" /><ent r="3" t="272" w="324" /><ent r="4" t="278" w="152" /><ent r="4" t="278" w="176" /><ent r="4" t="278" w="186" /><ent r="4" t="278" w="195" /><ent r="3" t="283" w="333" /><ent r="6" t="300" w="554" /><ent r="6" t="300" w="558" /><ent r="6" t="300" w="582" /><ent r="6" t="300" w="586" /></phr><phr n="Arrays"><ent r="82" t="14" w="1168" /><ent r="92" t="28" w="44" /><ent r="82" t="31" w="1270" /><ent r="64" t="56" w="396" /><ent r="1000" t="58" w="3" /><ent r="102" t="58" w="7" /><ent r="3" t="62" w="185" /><ent r="4" t="103" w="98" /><ent r="64" t="107" w="127" /><ent r="1000" t="108" w="3" /><ent r="102" t="108" w="7" /><ent r="6" t="300" w="556" /><ent r="6" t="300" w="584" /></phr><phr n="arrays"><ent r="3" t="14" w="1178" /><ent r="3" t="24" w="728" /><ent r="3" t="28" w="48" /><ent r="3" t="31" w="1280" /><ent r="3" t="58" w="11" /><ent r="3" t="62" w="145" /><ent r="3" t="62" w="212" /><ent r="4" t="105" w="85" /><ent r="3" t="107" w="115" /><ent r="3" t="108" w="29" /><ent r="3" t="108" w="77" /><ent r="3" t="108" w="103" /><ent r="3" t="169" w="22" /><ent r="3" t="188" w="197" /><ent r="3" t="188" w="229" /><ent r="3" t="188" w="246" /><ent r="3" t="188" w="258" /><ent r="3" t="188" w="267" /><ent r="4" t="231" w="160" /><ent r="3" t="283" w="322" /><ent r="3" t="285" w="94" /></phr><phr n="Array"><ent r="4" t="18" w="916" /><ent r="4" t="18" w="1017" /><ent r="92" t="122" w="138" /><ent r="4" t="130" w="134" /><ent r="4" t="130" w="139" /><ent r="4" t="130" w="360" /><ent r="4" t="130" w="369" /><ent r="4" t="130" w="374" /></phr></stem><stem n="beyond"><phr n="beyond"><ent r="3" t="3" w="38" /><ent r="3" t="6" w="34" /><ent r="3" t="26" w="210" /><ent r="3" t="41" w="137" /><ent r="3" t="274" w="75" /></phr></stem><stem n="deal"><phr n="deal"><ent r="3" t="3" w="56" /><ent r="3" t="6" w="67" /><ent r="3" t="39" w="110" /><ent r="3" t="39" w="114" /><ent r="3" t="42" w="729" /><ent r="3" t="62" w="197" /><ent r="3" t="73" w="14" /><ent r="3" t="73" w="116" /><ent r="3" t="105" w="11" /><ent r="3" t="110" w="15" /><ent r="3" t="127" w="18" /><ent r="3" t="129" w="253" /><ent r="3" t="227" w="270" /><ent r="4" t="278" w="109" /><ent r="3" t="280" w="62" /><ent r="3" t="282" w="90" /></phr><phr n="dealing"><ent r="3" t="73" w="30" /><ent r="4" t="276" w="86" /></phr><phr n="Deal"><ent r="64" t="280" w="69" /><ent r="1000" t="281" w="1" /><ent r="102" t="281" w="7" /></phr></stem><stem n="search"><phr n="searching"><ent r="3" t="3" w="63" /></phr><phr n="searches"><ent r="3" t="13" w="122" /><ent r="3" t="23" w="34" /><ent r="3" t="107" w="19" /><ent r="3" t="289" w="220" /></phr><phr n="search"><ent r="3" t="53" w="39" /><ent r="3" t="270" w="58" /><ent r="3" t="289" w="225" /></phr><phr n="Search"><ent r="3" t="291" w="92" /><ent r="3" t="292" w="274" /></phr></stem><stem n="number"><phr n="number"><ent r="3" t="3" w="72" /><ent r="3" t="24" w="52" /><ent r="3" t="29" w="180" /><ent r="3" t="41" w="125" /><ent r="3" t="72" w="233" /><ent r="3" t="72" w="245" /><ent r="3" t="82" w="53" /><ent r="4" t="99" w="287" /><ent r="4" t="99" w="297" /><ent r="4" t="99" w="298" /><ent r="4" t="99" w="300" /><ent r="4" t="99" w="305" /><ent r="4" t="99" w="309" /><ent r="4" t="99" w="373" /><ent r="4" t="99" w="386" /><ent r="4" t="99" w="390" /><ent r="4" t="99" w="397" /><ent r="4" t="99" w="402" /><ent r="4" t="99" w="406" /><ent r="3" t="104" w="155" /><ent r="3" t="134" w="134" /><ent r="3" t="134" w="174" /><ent r="3" t="134" w="247" /><ent r="3" t="137" w="175" /><ent r="4" t="137" w="203" /><ent r="3" t="137" w="249" /><ent r="3" t="137" w="255" /><ent r="4" t="138" w="226" /><ent r="4" t="139" w="108" /><ent r="3" t="150" w="75" /><ent r="3" t="185" w="11" /><ent r="3" t="185" w="34" /><ent r="3" t="200" w="15" /><ent r="3" t="224" w="130" /><ent r="3" t="224" w="222" /><ent r="4" t="236" w="49" /><ent r="3" t="285" w="108" /></phr><phr n="numbers"><ent r="4" t="25" w="41" /><ent r="3" t="28" w="534" /><ent r="3" t="30" w="91" /><ent r="3" t="99" w="236" /><ent r="3" t="111" w="17" /></phr></stem><stem n="offer"><phr n="offer"><ent r="3" t="3" w="77" /><ent r="3" t="71" w="84" /><ent r="3" t="281" w="158" /><ent r="3" t="309" w="407" /></phr><phr n="offers"><ent r="3" t="4" w="574" /><ent r="3" t="309" w="18" /></phr></stem><stem n="reduc"><phr n="reduce"><ent r="3" t="3" w="83" /><ent r="3" t="135" w="146" /><ent r="3" t="141" w="101" /><ent r="3" t="177" w="58" /><ent r="3" t="190" w="26" /><ent r="3" t="200" w="90" /><ent r="3" t="274" w="426" /><ent r="3" t="282" w="366" /></phr><phr n="reducing"><ent r="3" t="3" w="125" /><ent r="4" t="140" w="390" /><ent r="3" t="203" w="18" /><ent r="3" t="207" w="94" /></phr><phr n="reduces"><ent r="3" t="4" w="665" /><ent r="8" t="228" w="114" /></phr><phr n="reduced"><ent r="3" t="150" w="21" /></phr><phr n="Reduced"><ent r="4" t="203" w="151" /></phr></stem><stem n="minimum"><phr n="minimum"><ent r="3" t="3" w="90" /><ent r="6" t="5" w="173" /><ent r="3" t="17" w="393" /><ent r="3" t="135" w="161" /><ent r="4" t="145" w="193" /><ent r="4" t="145" w="225" /><ent r="6" t="209" w="269" /><ent r="3" t="217" w="11" /><ent r="4" t="217" w="62" /><ent r="4" t="217" w="94" /><ent r="3" t="245" w="84" /><ent r="4" t="258" w="136" /><ent r="3" t="270" w="102" /><ent r="3" t="282" w="156" /><ent r="3" t="285" w="291" /></phr><phr n="Minimum"><ent r="1000" t="217" w="1" /><ent r="102" t="217" w="5" /></phr></stem><stem n="fulfil"><phr n="fulfilled"><ent r="3" t="3" w="100" /><ent r="3" t="59" w="287" /></phr><phr n="fulfills"><ent r="3" t="24" w="850" /><ent r="3" t="33" w="195" /></phr><phr n="fulfill"><ent r="3" t="301" w="25" /></phr></stem><stem n="("><phr n="("><ent r="3" t="3" w="109" /><ent r="3" t="5" w="397" /><ent r="3" t="5" w="403" /><ent r="3" t="5" w="445" /><ent r="3" t="7" w="189" /><ent r="4" t="8" w="96" /><ent r="4" t="8" w="197" /><ent r="3" t="8" w="391" /><ent r="3" t="8" w="399" /><ent r="4" t="10" w="226" /><ent r="4" t="10" w="268" /><ent r="4" t="10" w="360" /><ent r="4" t="10" w="506" /><ent r="4" t="10" w="571" /><ent r="4" t="10" w="647" /><ent r="4" t="10" w="701" /><ent r="4" t="13" w="190" /><ent r="4" t="14" w="1357" /><ent r="4" t="15" w="302" /><ent r="4" t="18" w="195" /><ent r="4" t="18" w="309" /><ent r="4" t="18" w="450" /><ent r="4" t="18" w="593" /><ent r="4" t="18" w="734" /><ent r="4" t="18" w="997" /><ent r="4" t="19" w="154" /><ent r="4" t="19" w="185" /><ent r="4" t="20" w="230" /><ent r="4" t="21" w="265" /><ent r="4" t="24" w="887" /><ent r="4" t="24" w="922" /><ent r="4" t="25" w="28" /><ent r="4" t="28" w="756" /><ent r="4" t="28" w="831" /><ent r="4" t="29" w="247" /><ent r="4" t="29" w="609" /><ent r="4" t="29" w="655" /><ent r="4" t="29" w="683" /><ent r="4" t="29" w="769" /><ent r="4" t="29" w="817" /><ent r="4" t="30" w="416" /><ent r="4" t="30" w="477" /><ent r="4" t="31" w="1643" /><ent r="4" t="31" w="1730" /><ent r="4" t="34" w="129" /><ent r="4" t="34" w="138" /><ent r="4" t="34" w="161" /><ent r="4" t="34" w="170" /><ent r="4" t="34" w="215" /><ent r="4" t="34" w="224" /><ent r="4" t="34" w="247" /><ent r="4" t="34" w="256" /><ent r="4" t="34" w="592" /><ent r="4" t="34" w="658" /><ent r="4" t="42" w="77" /><ent r="4" t="42" w="178" /><ent r="4" t="42" w="208" /><ent r="3" t="43" w="78" /><ent r="4" t="46" w="63" /><ent r="4" t="46" w="194" /><ent r="4" t="49" w="188" /><ent r="4" t="49" w="227" /><ent r="4" t="49" w="489" /><ent r="4" t="49" w="517" /><ent r="4" t="49" w="543" /><ent r="4" t="49" w="570" /><ent r="4" t="49" w="627" /><ent r="4" t="49" w="655" /><ent r="4" t="49" w="874" /><ent r="4" t="49" w="1085" /><ent r="4" t="50" w="517" /><ent r="4" t="50" w="570" /><ent r="4" t="50" w="758" /><ent r="4" t="50" w="904" /><ent r="4" t="50" w="943" /><ent r="4" t="52" w="208" /><ent r="5" t="53" w="149" /><ent r="5" t="53" w="165" /><ent r="5" t="53" w="220" /><ent r="5" t="53" w="249" /><ent r="5" t="53" w="327" /><ent r="5" t="53" w="343" /><ent r="5" t="53" w="394" /><ent r="5" t="53" w="423" /><ent r="5" t="53" w="539" /><ent r="5" t="53" w="555" /><ent r="5" t="53" w="614" /><ent r="5" t="53" w="643" /><ent r="4" t="54" w="149" /><ent r="4" t="54" w="182" /><ent r="4" t="56" w="256" /><ent r="4" t="56" w="299" /><ent r="4" t="60" w="264" /><ent r="4" t="64" w="107" /><ent r="4" t="64" w="149" /><ent r="4" t="64" w="182" /><ent r="4" t="64" w="190" /><ent r="4" t="66" w="206" /><ent r="4" t="66" w="272" /><ent r="4" t="66" w="430" /><ent r="4" t="66" w="439" /><ent r="4" t="66" w="498" /><ent r="4" t="66" w="507" /><ent r="4" t="67" w="145" /><ent r="4" t="67" w="194" /><ent r="4" t="70" w="406" /><ent r="4" t="70" w="553" /><ent r="4" t="70" w="704" /><ent r="4" t="74" w="388" /><ent r="4" t="74" w="523" /><ent r="4" t="75" w="139" /><ent r="4" t="75" w="333" /><ent r="4" t="76" w="309" /><ent r="4" t="78" w="204" /><ent r="4" t="78" w="233" /><ent r="4" t="80" w="39" /><ent r="4" t="80" w="68" /><ent r="4" t="80" w="137" /><ent r="4" t="80" w="174" /><ent r="4" t="81" w="63" /><ent r="4" t="81" w="117" /><ent r="4" t="82" w="72" /><ent r="4" t="82" w="105" /><ent r="4" t="83" w="88" /><ent r="4" t="83" w="123" /><ent r="4" t="84" w="52" /><ent r="4" t="84" w="90" /><ent r="4" t="85" w="44" /><ent r="4" t="85" w="80" /><ent r="4" t="86" w="40" /><ent r="4" t="86" w="75" /><ent r="4" t="86" w="83" /><ent r="4" t="87" w="85" /><ent r="4" t="87" w="124" /><ent r="4" t="88" w="93" /><ent r="4" t="88" w="142" /><ent r="4" t="89" w="107" /><ent r="4" t="89" w="150" /><ent r="4" t="89" w="184" /><ent r="4" t="96" w="224" /><ent r="4" t="96" w="256" /><ent r="4" t="96" w="341" /><ent r="4" t="96" w="425" /><ent r="4" t="96" w="477" /><ent r="4" t="96" w="696" /><ent r="4" t="96" w="823" /><ent r="4" t="99" w="192" /><ent r="4" t="99" w="358" /><ent r="4" t="99" w="492" /><ent r="4" t="99" w="523" /><ent r="4" t="99" w="650" /><ent r="4" t="99" w="703" /><ent r="4" t="99" w="825" /><ent r="4" t="99" w="922" /><ent r="4" t="99" w="954" /><ent r="4" t="100" w="89" /><ent r="4" t="100" w="162" /><ent r="4" t="101" w="120" /><ent r="4" t="101" w="210" /><ent r="3" t="106" w="404" /><ent r="4" t="109" w="142" /><ent r="4" t="109" w="195" /><ent r="4" t="112" w="392" /><ent r="4" t="112" w="512" /><ent r="4" t="112" w="762" /><ent r="4" t="112" w="901" /><ent r="4" t="112" w="917" /><ent r="4" t="112" w="931" /><ent r="4" t="112" w="980" /><ent r="4" t="112" w="997" /><ent r="4" t="112" w="1011" /><ent r="4" t="112" w="1047" /><ent r="4" t="114" w="404" /><ent r="4" t="114" w="442" /><ent r="4" t="114" w="506" /><ent r="4" t="114" w="594" /><ent r="4" t="114" w="618" /><ent r="4" t="114" w="651" /><ent r="4" t="114" w="861" /><ent r="4" t="114" w="885" /><ent r="4" t="116" w="163" /><ent r="4" t="116" w="200" /><ent r="4" t="117" w="161" /><ent r="4" t="117" w="366" /><ent r="4" t="117" w="506" /><ent r="4" t="117" w="533" /><ent r="4" t="117" w="634" /><ent r="4" t="117" w="713" /><ent r="4" t="117" w="750" /><ent r="4" t="121" w="314" /><ent r="4" t="121" w="320" /><ent r="4" t="121" w="346" /><ent r="4" t="121" w="482" /><ent r="4" t="121" w="538" /><ent r="4" t="124" w="188" /><ent r="4" t="124" w="266" /><ent r="4" t="125" w="196" /><ent r="4" t="125" w="274" /><ent r="4" t="130" w="166" /><ent r="4" t="130" w="189" /><ent r="4" t="130" w="241" /><ent r="4" t="130" w="312" /><ent r="4" t="130" w="335" /><ent r="4" t="130" w="385" /><ent r="4" t="130" w="426" /><ent r="4" t="130" w="468" /><ent r="4" t="130" w="513" /><ent r="4" t="130" w="547" /><ent r="4" t="130" w="573" /><ent r="4" t="130" w="598" /><ent r="4" t="141" w="246" /><ent r="4" t="141" w="290" /><ent r="4" t="141" w="397" /><ent r="4" t="141" w="436" /><ent r="4" t="147" w="270" /><ent r="4" t="147" w="303" /><ent r="4" t="147" w="348" /><ent r="4" t="147" w="381" /><ent r="4" t="160" w="37" /><ent r="4" t="160" w="70" /><ent r="4" t="190" w="499" /><ent r="4" t="190" w="530" /><ent r="4" t="227" w="113" /><ent r="4" t="227" w="202" /><ent r="4" t="229" w="137" /><ent r="4" t="229" w="203" /><ent r="5" t="233" w="213" /><ent r="4" t="236" w="134" /><ent r="4" t="236" w="190" /><ent r="4" t="236" w="409" /><ent r="4" t="236" w="444" /><ent r="4" t="236" w="492" /><ent r="4" t="236" w="655" /><ent r="4" t="236" w="767" /><ent r="4" t="236" w="821" /><ent r="5" t="237" w="170" /><ent r="5" t="237" w="232" /><ent r="5" t="237" w="320" /><ent r="5" t="237" w="347" /><ent r="5" t="237" w="401" /><ent r="4" t="240" w="1132" /><ent r="4" t="241" w="184" /><ent r="4" t="241" w="225" /><ent r="4" t="241" w="401" /><ent r="4" t="244" w="128" /><ent r="4" t="250" w="311" /><ent r="4" t="251" w="125" /><ent r="4" t="251" w="298" /><ent r="4" t="251" w="330" /><ent r="4" t="251" w="500" /><ent r="4" t="251" w="539" /><ent r="4" t="256" w="139" /><ent r="4" t="256" w="205" /><ent r="4" t="256" w="287" /><ent r="4" t="256" w="353" /><ent r="4" t="257" w="275" /><ent r="4" t="257" w="361" /><ent r="4" t="257" w="457" /><ent r="4" t="257" w="486" /><ent r="4" t="259" w="237" /><ent r="4" t="259" w="254" /><ent r="4" t="260" w="397" /><ent r="4" t="262" w="227" /><ent r="4" t="263" w="188" /><ent r="4" t="263" w="246" /><ent r="4" t="263" w="303" /><ent r="4" t="264" w="268" /><ent r="4" t="265" w="188" /><ent r="4" t="265" w="296" /><ent r="4" t="265" w="799" /><ent r="4" t="265" w="824" /><ent r="4" t="272" w="166" /><ent r="4" t="272" w="179" /><ent r="4" t="272" w="189" /><ent r="4" t="272" w="243" /><ent r="4" t="272" w="257" /><ent r="4" t="272" w="267" /><ent r="4" t="272" w="384" /><ent r="4" t="272" w="397" /><ent r="4" t="272" w="412" /><ent r="4" t="272" w="460" /><ent r="4" t="272" w="474" /><ent r="4" t="275" w="171" /><ent r="4" t="275" w="302" /><ent r="4" t="281" w="328" /><ent r="4" t="287" w="12" /><ent r="6" t="300" w="254" /><ent r="4" t="302" w="143" /><ent r="4" t="302" w="209" /><ent r="3" t="306" w="84" /></phr></stem></index>