﻿<?xml version="1.0" encoding="utf-8"?><index><stem n="dim"><phr n="Dim"><ent r="5" t="8" w="188" /><ent r="5" t="8" w="208" /><ent r="5" t="8" w="236" /><ent r="5" t="10" w="259" /><ent r="5" t="10" w="400" /><ent r="5" t="10" w="568" /><ent r="5" t="10" w="698" /><ent r="5" t="12" w="172" /><ent r="5" t="12" w="325" /><ent r="5" t="12" w="339" /><ent r="5" t="13" w="88" /><ent r="5" t="13" w="167" /><ent r="5" t="13" w="260" /><ent r="5" t="13" w="360" /><ent r="5" t="13" w="469" /><ent r="5" t="13" w="483" /><ent r="5" t="14" w="217" /><ent r="5" t="14" w="315" /><ent r="5" t="14" w="486" /><ent r="5" t="14" w="613" /><ent r="5" t="14" w="702" /><ent r="5" t="14" w="779" /><ent r="5" t="14" w="871" /><ent r="5" t="14" w="948" /><ent r="5" t="14" w="1126" /><ent r="5" t="14" w="1255" /><ent r="5" t="14" w="1334" /><ent r="5" t="14" w="1465" /><ent r="5" t="14" w="1536" /><ent r="5" t="15" w="166" /><ent r="5" t="15" w="278" /><ent r="5" t="15" w="541" /><ent r="5" t="15" w="707" /><ent r="5" t="15" w="741" /><ent r="5" t="17" w="279" /><ent r="5" t="18" w="155" /><ent r="5" t="18" w="270" /><ent r="5" t="18" w="409" /><ent r="5" t="18" w="552" /><ent r="5" t="18" w="798" /><ent r="5" t="18" w="961" /><ent r="5" t="18" w="1006" /><ent r="5" t="19" w="112" /><ent r="5" t="20" w="190" /><ent r="5" t="20" w="361" /><ent r="5" t="20" w="386" /><ent r="5" t="23" w="143" /><ent r="5" t="23" w="157" /><ent r="5" t="24" w="122" /><ent r="5" t="24" w="136" /><ent r="5" t="24" w="208" /><ent r="5" t="24" w="221" /><ent r="5" t="24" w="324" /><ent r="5" t="24" w="342" /><ent r="5" t="24" w="420" /><ent r="5" t="24" w="430" /><ent r="5" t="24" w="497" /><ent r="5" t="24" w="565" /><ent r="5" t="24" w="673" /><ent r="5" t="24" w="687" /><ent r="5" t="24" w="700" /><ent r="5" t="24" w="799" /><ent r="5" t="24" w="814" /><ent r="5" t="24" w="907" /><ent r="5" t="24" w="926" /><ent r="5" t="27" w="145" /><ent r="5" t="27" w="161" /><ent r="5" t="27" w="257" /><ent r="5" t="27" w="282" /><ent r="5" t="27" w="367" /><ent r="5" t="27" w="391" /><ent r="5" t="27" w="453" /><ent r="5" t="27" w="478" /><ent r="5" t="27" w="576" /><ent r="5" t="27" w="611" /><ent r="5" t="27" w="682" /><ent r="5" t="27" w="708" /><ent r="5" t="27" w="926" /><ent r="5" t="27" w="1022" /><ent r="5" t="27" w="1170" /><ent r="5" t="27" w="1183" /><ent r="5" t="27" w="1218" /><ent r="5" t="27" w="1325" /><ent r="5" t="27" w="1354" /><ent r="5" t="28" w="139" /><ent r="5" t="28" w="164" /><ent r="5" t="28" w="289" /><ent r="5" t="28" w="318" /><ent r="5" t="28" w="447" /><ent r="5" t="28" w="472" /><ent r="5" t="28" w="587" /><ent r="5" t="28" w="619" /><ent r="5" t="28" w="786" /><ent r="5" t="28" w="822" /><ent r="5" t="28" w="843" /><ent r="5" t="28" w="993" /><ent r="5" t="28" w="1027" /><ent r="5" t="28" w="1148" /><ent r="5" t="28" w="1199" /><ent r="5" t="29" w="261" /><ent r="5" t="29" w="362" /><ent r="5" t="29" w="384" /><ent r="5" t="29" w="484" /><ent r="5" t="29" w="510" /><ent r="5" t="29" w="697" /><ent r="5" t="29" w="792" /><ent r="5" t="29" w="822" /><ent r="5" t="30" w="127" /><ent r="5" t="30" w="149" /><ent r="5" t="30" w="244" /><ent r="5" t="30" w="272" /><ent r="5" t="30" w="361" /><ent r="5" t="30" w="383" /><ent r="5" t="30" w="506" /><ent r="5" t="30" w="519" /><ent r="5" t="31" w="155" /><ent r="5" t="31" w="247" /><ent r="5" t="31" w="417" /><ent r="5" t="31" w="506" /><ent r="5" t="31" w="515" /><ent r="5" t="31" w="591" /><ent r="5" t="31" w="663" /><ent r="5" t="31" w="749" /><ent r="5" t="31" w="816" /><ent r="5" t="31" w="1060" /><ent r="5" t="31" w="1167" /><ent r="5" t="31" w="1232" /><ent r="5" t="31" w="1331" /><ent r="5" t="31" w="1398" /><ent r="5" t="31" w="1506" /><ent r="5" t="31" w="1582" /><ent r="5" t="31" w="1712" /><ent r="5" t="34" w="377" /><ent r="5" t="35" w="199" /><ent r="5" t="35" w="209" /><ent r="5" t="35" w="365" /><ent r="5" t="35" w="385" /><ent r="5" t="35" w="392" /><ent r="5" t="35" w="399" /><ent r="5" t="36" w="119" /><ent r="5" t="38" w="155" /><ent r="5" t="38" w="168" /><ent r="5" t="38" w="181" /><ent r="5" t="38" w="305" /><ent r="5" t="38" w="318" /><ent r="5" t="40" w="362" /><ent r="5" t="42" w="447" /><ent r="5" t="42" w="457" /><ent r="5" t="42" w="515" /><ent r="5" t="42" w="605" /><ent r="5" t="42" w="627" /><ent r="5" t="45" w="204" /><ent r="5" t="45" w="272" /><ent r="5" t="45" w="430" /><ent r="5" t="45" w="559" /><ent r="5" t="46" w="179" /><ent r="5" t="46" w="255" /><ent r="5" t="46" w="396" /><ent r="5" t="49" w="101" /><ent r="5" t="49" w="118" /><ent r="5" t="49" w="211" /><ent r="5" t="49" w="232" /><ent r="5" t="49" w="1148" /><ent r="5" t="49" w="1174" /><ent r="5" t="49" w="1189" /><ent r="5" t="50" w="651" /><ent r="5" t="50" w="668" /><ent r="5" t="50" w="783" /><ent r="5" t="50" w="798" /><ent r="5" t="50" w="927" /><ent r="5" t="50" w="948" /><ent r="5" t="50" w="1035" /><ent r="5" t="50" w="1050" /><ent r="5" t="54" w="166" /><ent r="5" t="54" w="254" /><ent r="5" t="56" w="103" /><ent r="5" t="56" w="213" /><ent r="5" t="56" w="289" /><ent r="5" t="57" w="108" /><ent r="5" t="57" w="206" /><ent r="5" t="58" w="124" /><ent r="5" t="58" w="134" /><ent r="5" t="58" w="268" /><ent r="5" t="58" w="278" /><ent r="5" t="59" w="205" /><ent r="5" t="63" w="124" /><ent r="5" t="64" w="128" /><ent r="5" t="64" w="242" /><ent r="5" t="66" w="671" /><ent r="5" t="66" w="684" /><ent r="5" t="69" w="160" /><ent r="5" t="69" w="274" /><ent r="5" t="69" w="284" /><ent r="5" t="69" w="408" /><ent r="5" t="69" w="511" /><ent r="5" t="69" w="616" /><ent r="5" t="70" w="164" /><ent r="5" t="70" w="201" /><ent r="5" t="70" w="449" /><ent r="5" t="70" w="501" /><ent r="5" t="70" w="538" /><ent r="5" t="70" w="564" /><ent r="5" t="70" w="582" /><ent r="5" t="70" w="732" /><ent r="5" t="70" w="747" /><ent r="5" t="70" w="763" /><ent r="5" t="70" w="791" /><ent r="5" t="72" w="58" /><ent r="5" t="72" w="196" /><ent r="5" t="72" w="297" /><ent r="5" t="74" w="199" /><ent r="5" t="74" w="213" /><ent r="5" t="74" w="365" /><ent r="5" t="74" w="866" /><ent r="5" t="74" w="1014" /><ent r="5" t="75" w="310" /><ent r="5" t="75" w="760" /><ent r="5" t="75" w="912" /><ent r="5" t="76" w="127" /><ent r="5" t="76" w="141" /><ent r="5" t="76" w="286" /><ent r="5" t="76" w="679" /><ent r="5" t="76" w="689" /><ent r="5" t="76" w="845" /><ent r="5" t="76" w="865" /><ent r="5" t="76" w="872" /><ent r="5" t="76" w="879" /><ent r="5" t="78" w="224" /><ent r="5" t="80" w="59" /><ent r="5" t="80" w="165" /><ent r="5" t="81" w="108" /><ent r="5" t="81" w="138" /><ent r="5" t="82" w="96" /><ent r="5" t="83" w="114" /><ent r="5" t="84" w="81" /><ent r="5" t="85" w="71" /><ent r="5" t="86" w="66" /><ent r="5" t="87" w="115" /><ent r="5" t="88" w="121" /><ent r="5" t="88" w="133" /><ent r="5" t="89" w="175" /><ent r="5" t="96" w="135" /><ent r="5" t="96" w="386" /><ent r="5" t="96" w="456" /><ent r="5" t="96" w="567" /><ent r="5" t="96" w="579" /><ent r="5" t="96" w="785" /><ent r="5" t="99" w="371" /><ent r="5" t="99" w="540" /><ent r="5" t="99" w="775" /><ent r="5" t="99" w="978" /><ent r="5" t="99" w="989" /><ent r="5" t="100" w="180" /><ent r="5" t="100" w="203" /><ent r="5" t="100" w="213" /><ent r="5" t="100" w="302" /><ent r="5" t="101" w="166" /><ent r="5" t="101" w="243" /><ent r="5" t="106" w="167" /><ent r="5" t="109" w="161" /><ent r="5" t="109" w="393" /><ent r="5" t="109" w="456" /><ent r="5" t="112" w="84" /><ent r="5" t="112" w="1069" /><ent r="5" t="112" w="1412" /><ent r="5" t="114" w="470" /><ent r="5" t="114" w="538" /><ent r="5" t="114" w="764" /><ent r="5" t="114" w="786" /><ent r="5" t="114" w="923" /><ent r="5" t="116" w="184" /><ent r="5" t="117" w="184" /><ent r="5" t="117" w="197" /><ent r="5" t="117" w="208" /><ent r="5" t="117" w="385" /><ent r="5" t="117" w="396" /><ent r="5" t="117" w="542" /><ent r="5" t="117" w="734" /><ent r="5" t="121" w="408" /><ent r="5" t="121" w="445" /><ent r="5" t="121" w="467" /><ent r="5" t="121" w="508" /><ent r="5" t="122" w="296" /><ent r="5" t="122" w="324" /><ent r="5" t="124" w="229" /><ent r="5" t="124" w="257" /><ent r="5" t="125" w="237" /><ent r="5" t="125" w="265" /><ent r="7" t="128" w="116" /><ent r="7" t="128" w="237" /><ent r="5" t="129" w="137" /><ent r="5" t="140" w="76" /><ent r="5" t="141" w="304" /><ent r="5" t="141" w="419" /><ent r="5" t="142" w="157" /><ent r="5" t="142" w="171" /><ent r="5" t="142" w="261" /><ent r="5" t="142" w="275" /><ent r="5" t="142" w="369" /><ent r="5" t="142" w="383" /><ent r="5" t="145" w="73" /><ent r="5" t="145" w="203" /><ent r="5" t="146" w="106" /><ent r="5" t="146" w="236" /><ent r="5" t="148" w="112" /><ent r="5" t="148" w="137" /><ent r="5" t="149" w="101" /><ent r="5" t="150" w="206" /><ent r="5" t="151" w="108" /><ent r="5" t="152" w="111" /><ent r="5" t="152" w="188" /><ent r="5" t="153" w="133" /><ent r="5" t="154" w="49" /><ent r="5" t="155" w="75" /><ent r="5" t="156" w="51" /><ent r="5" t="157" w="69" /><ent r="5" t="158" w="75" /><ent r="5" t="159" w="73" /><ent r="5" t="160" w="54" /><ent r="5" t="161" w="86" /><ent r="5" t="163" w="60" /><ent r="5" t="164" w="155" /><ent r="5" t="168" w="127" /><ent r="5" t="169" w="172" /><ent r="5" t="170" w="94" /><ent r="5" t="171" w="68" /><ent r="5" t="172" w="84" /><ent r="5" t="174" w="117" /><ent r="5" t="175" w="76" /><ent r="5" t="176" w="149" /><ent r="5" t="177" w="130" /><ent r="5" t="178" w="167" /><ent r="5" t="179" w="167" /><ent r="5" t="179" w="296" /><ent r="5" t="179" w="414" /><ent r="5" t="179" w="543" /><ent r="5" t="180" w="87" /><ent r="5" t="180" w="167" /><ent r="5" t="181" w="64" /><ent r="5" t="182" w="93" /><ent r="5" t="183" w="69" /><ent r="5" t="184" w="110" /><ent r="5" t="185" w="149" /><ent r="5" t="187" w="69" /><ent r="5" t="187" w="79" /><ent r="5" t="187" w="95" /><ent r="5" t="187" w="206" /><ent r="5" t="187" w="216" /><ent r="5" t="187" w="228" /><ent r="5" t="187" w="247" /><ent r="5" t="188" w="79" /><ent r="5" t="188" w="89" /><ent r="5" t="188" w="321" /><ent r="5" t="188" w="331" /><ent r="5" t="188" w="345" /><ent r="5" t="188" w="471" /><ent r="5" t="188" w="484" /><ent r="5" t="190" w="115" /><ent r="5" t="190" w="125" /><ent r="5" t="190" w="137" /><ent r="5" t="190" w="156" /><ent r="5" t="191" w="246" /><ent r="5" t="191" w="256" /><ent r="5" t="191" w="279" /><ent r="5" t="191" w="296" /><ent r="4" t="193" w="355" /><ent r="5" t="194" w="77" /><ent r="5" t="194" w="94" /><ent r="5" t="197" w="116" /><ent r="5" t="198" w="116" /><ent r="5" t="199" w="56" /><ent r="5" t="201" w="44" /><ent r="5" t="203" w="53" /><ent r="5" t="204" w="70" /><ent r="5" t="206" w="105" /><ent r="5" t="207" w="60" /><ent r="5" t="208" w="47" /><ent r="5" t="210" w="86" /><ent r="5" t="211" w="51" /><ent r="5" t="212" w="72" /><ent r="5" t="213" w="98" /><ent r="5" t="214" w="70" /><ent r="5" t="215" w="53" /><ent r="5" t="216" w="72" /><ent r="5" t="217" w="72" /><ent r="5" t="218" w="104" /><ent r="5" t="219" w="56" /><ent r="5" t="220" w="69" /><ent r="5" t="221" w="59" /><ent r="5" t="222" w="85" /><ent r="5" t="223" w="234" /><ent r="5" t="223" w="390" /><ent r="5" t="223" w="513" /><ent r="5" t="223" w="615" /><ent r="5" t="223" w="707" /><ent r="5" t="224" w="159" /><ent r="5" t="224" w="252" /><ent r="5" t="224" w="346" /><ent r="5" t="224" w="470" /><ent r="5" t="224" w="549" /><ent r="5" t="225" w="99" /><ent r="5" t="227" w="176" /><ent r="5" t="227" w="186" /><ent r="5" t="232" w="242" /><ent r="5" t="232" w="254" /><ent r="5" t="233" w="270" /><ent r="5" t="233" w="498" /><ent r="5" t="233" w="551" /><ent r="5" t="233" w="675" /><ent r="5" t="235" w="193" /><ent r="5" t="236" w="321" /><ent r="5" t="236" w="338" /><ent r="5" t="236" w="564" /><ent r="5" t="236" w="789" /><ent r="6" t="237" w="197" /><ent r="6" t="237" w="223" /><ent r="6" t="237" w="305" /><ent r="5" t="240" w="567" /><ent r="5" t="240" w="576" /><ent r="5" t="241" w="428" /><ent r="5" t="241" w="441" /><ent r="5" t="241" w="528" /><ent r="5" t="241" w="622" /><ent r="5" t="241" w="636" /><ent r="5" t="244" w="146" /><ent r="5" t="244" w="282" /><ent r="5" t="248" w="96" /><ent r="5" t="248" w="210" /><ent r="5" t="248" w="220" /><ent r="5" t="249" w="143" /><ent r="5" t="249" w="250" /><ent r="5" t="250" w="261" /><ent r="5" t="250" w="274" /><ent r="5" t="250" w="347" /><ent r="5" t="251" w="354" /><ent r="5" t="251" w="365" /><ent r="5" t="251" w="449" /><ent r="5" t="251" w="462" /><ent r="5" t="251" w="536" /><ent r="5" t="253" w="163" /><ent r="5" t="253" w="240" /><ent r="5" t="253" w="424" /><ent r="5" t="253" w="459" /><ent r="5" t="254" w="203" /><ent r="5" t="254" w="235" /><ent r="5" t="254" w="245" /><ent r="6" t="259" w="174" /><ent r="5" t="263" w="321" /><ent r="5" t="263" w="403" /><ent r="5" t="263" w="506" /><ent r="5" t="263" w="582" /><ent r="5" t="263" w="607" /><ent r="5" t="264" w="410" /><ent r="5" t="266" w="141" /><ent r="5" t="266" w="157" /><ent r="5" t="266" w="422" /><ent r="5" t="266" w="606" /><ent r="5" t="266" w="623" /><ent r="5" t="272" w="234" /><ent r="5" t="272" w="264" /><ent r="5" t="272" w="451" /><ent r="5" t="272" w="481" /><ent r="5" t="274" w="170" /><ent r="5" t="274" w="180" /><ent r="5" t="274" w="238" /><ent r="5" t="275" w="287" /><ent r="5" t="275" w="363" /><ent r="5" t="275" w="500" /><ent r="5" t="277" w="212" /><ent r="5" t="277" w="231" /><ent r="5" t="277" w="247" /><ent r="5" t="281" w="420" /><ent r="5" t="281" w="453" /><ent r="5" t="284" w="93" /><ent r="5" t="302" w="219" /><ent r="5" t="302" w="245" /></phr></stem><stem n=".store(pilot)"><phr n=".Store(pilot)"><ent r="4" t="8" w="203" /><ent r="4" t="10" w="274" /><ent r="4" t="10" w="605" /><ent r="4" t="34" w="398" /><ent r="4" t="263" w="521" /><ent r="4" t="272" w="512" /></phr></stem><stem n=".first()"><phr n=".First()"><ent r="4" t="8" w="245" /></phr></stem><stem n=".store(toupdate)"><phr n=".Store(toUpdate)"><ent r="4" t="8" w="254" /></phr></stem><stem n=".delete(toupdate)"><phr n=".Delete(toUpdate)"><ent r="4" t="8" w="261" /></phr></stem><stem n="db4obasics.vb"><phr n="Db4oBasics.vb"><ent r="4" t="8" w="267" /><ent r="4" t="8" w="266" /><ent r="4" t="10" w="138" /><ent r="4" t="10" w="137" /><ent r="4" t="10" w="280" /><ent r="4" t="10" w="279" /><ent r="4" t="10" w="449" /><ent r="4" t="10" w="448" /><ent r="4" t="10" w="611" /><ent r="4" t="10" w="610" /><ent r="4" t="10" w="731" /><ent r="4" t="10" w="730" /></phr></stem><stem n="vb"><phr n="vb"><ent r="4" t="8" w="267" /><ent r="4" t="10" w="138" /><ent r="4" t="10" w="280" /><ent r="4" t="10" w="449" /><ent r="4" t="10" w="611" /><ent r="4" t="10" w="731" /><ent r="4" t="12" w="117" /><ent r="4" t="12" w="189" /><ent r="4" t="12" w="370" /><ent r="4" t="13" w="105" /><ent r="4" t="13" w="199" /><ent r="4" t="13" w="288" /><ent r="4" t="13" w="395" /><ent r="4" t="13" w="514" /><ent r="4" t="14" w="244" /><ent r="4" t="14" w="343" /><ent r="4" t="14" w="514" /><ent r="4" t="14" w="643" /><ent r="4" t="14" w="730" /><ent r="4" t="14" w="814" /><ent r="4" t="14" w="898" /><ent r="4" t="14" w="976" /><ent r="4" t="14" w="1154" /><ent r="4" t="14" w="1283" /><ent r="4" t="14" w="1370" /><ent r="4" t="14" w="1492" /><ent r="4" t="14" w="1562" /><ent r="4" t="15" w="208" /><ent r="4" t="15" w="311" /><ent r="4" t="15" w="587" /><ent r="4" t="15" w="770" /><ent r="4" t="17" w="298" /><ent r="4" t="18" w="174" /><ent r="4" t="18" w="216" /><ent r="4" t="18" w="289" /><ent r="4" t="18" w="330" /><ent r="4" t="18" w="428" /><ent r="4" t="18" w="478" /><ent r="4" t="18" w="571" /><ent r="4" t="18" w="628" /><ent r="4" t="18" w="759" /><ent r="4" t="18" w="817" /><ent r="4" t="18" w="980" /><ent r="4" t="18" w="1048" /><ent r="4" t="19" w="135" /><ent r="4" t="19" w="219" /><ent r="4" t="20" w="209" /><ent r="4" t="20" w="251" /><ent r="4" t="20" w="397" /><ent r="4" t="21" w="175" /><ent r="4" t="21" w="340" /><ent r="4" t="23" w="169" /><ent r="4" t="24" w="148" /><ent r="4" t="24" w="233" /><ent r="4" t="24" w="354" /><ent r="4" t="24" w="442" /><ent r="4" t="24" w="512" /><ent r="4" t="24" w="579" /><ent r="4" t="24" w="712" /><ent r="4" t="24" w="826" /><ent r="4" t="24" w="938" /><ent r="4" t="27" w="172" /><ent r="4" t="27" w="293" /><ent r="4" t="27" w="402" /><ent r="4" t="27" w="489" /><ent r="4" t="27" w="622" /><ent r="4" t="27" w="719" /><ent r="4" t="27" w="1033" /><ent r="4" t="27" w="1229" /><ent r="4" t="27" w="1365" /><ent r="4" t="28" w="175" /><ent r="4" t="28" w="329" /><ent r="4" t="28" w="483" /><ent r="4" t="28" w="634" /><ent r="4" t="28" w="854" /><ent r="4" t="28" w="1038" /><ent r="4" t="28" w="1210" /><ent r="4" t="29" w="294" /><ent r="4" t="29" w="395" /><ent r="4" t="29" w="521" /><ent r="4" t="29" w="728" /><ent r="4" t="29" w="833" /><ent r="4" t="30" w="160" /><ent r="4" t="30" w="283" /><ent r="4" t="30" w="394" /><ent r="4" t="30" w="557" /><ent r="4" t="31" w="176" /><ent r="4" t="31" w="271" /><ent r="4" t="31" w="443" /><ent r="4" t="31" w="536" /><ent r="4" t="31" w="613" /><ent r="4" t="31" w="696" /><ent r="4" t="31" w="770" /><ent r="4" t="31" w="838" /><ent r="4" t="31" w="1086" /><ent r="4" t="31" w="1189" /><ent r="4" t="31" w="1256" /><ent r="4" t="31" w="1352" /><ent r="4" t="31" w="1424" /><ent r="4" t="31" w="1526" /><ent r="4" t="31" w="1606" /><ent r="4" t="31" w="1759" /><ent r="4" t="34" w="177" /><ent r="4" t="34" w="263" /><ent r="4" t="34" w="428" /><ent r="4" t="34" w="671" /><ent r="4" t="35" w="267" /><ent r="4" t="35" w="422" /><ent r="4" t="36" w="140" /><ent r="4" t="36" w="223" /><ent r="4" t="38" w="196" /><ent r="4" t="38" w="336" /><ent r="4" t="40" w="376" /><ent r="4" t="42" w="301" /><ent r="4" t="42" w="528" /><ent r="4" t="42" w="640" /><ent r="4" t="42" w="895" /><ent r="4" t="45" w="304" /><ent r="4" t="45" w="473" /><ent r="4" t="45" w="589" /><ent r="4" t="46" w="308" /><ent r="4" t="46" w="422" /><ent r="4" t="49" w="131" /><ent r="4" t="49" w="245" /><ent r="4" t="49" w="390" /><ent r="4" t="49" w="694" /><ent r="4" t="49" w="937" /><ent r="4" t="49" w="1279" /><ent r="4" t="50" w="182" /><ent r="4" t="50" w="242" /><ent r="4" t="50" w="596" /><ent r="4" t="50" w="681" /><ent r="4" t="50" w="856" /><ent r="4" t="50" w="961" /><ent r="4" t="50" w="1079" /><ent r="4" t="52" w="266" /><ent r="5" t="53" w="271" /><ent r="5" t="53" w="445" /><ent r="5" t="53" w="665" /><ent r="4" t="54" w="188" /><ent r="4" t="54" w="292" /><ent r="4" t="56" w="148" /><ent r="4" t="56" w="227" /><ent r="4" t="56" w="306" /><ent r="4" t="57" w="146" /><ent r="4" t="57" w="235" /><ent r="4" t="58" w="176" /><ent r="4" t="58" w="323" /><ent r="4" t="59" w="150" /><ent r="4" t="59" w="231" /><ent r="4" t="60" w="324" /><ent r="4" t="60" w="368" /><ent r="4" t="63" w="206" /><ent r="4" t="64" w="160" /><ent r="4" t="64" w="267" /><ent r="4" t="66" w="285" /><ent r="4" t="66" w="550" /><ent r="4" t="66" w="745" /><ent r="4" t="67" w="203" /><ent r="4" t="67" w="334" /><ent r="4" t="68" w="59" /><ent r="4" t="68" w="142" /><ent r="4" t="69" w="174" /><ent r="4" t="69" w="320" /><ent r="4" t="69" w="424" /><ent r="4" t="69" w="525" /><ent r="4" t="69" w="652" /><ent r="4" t="70" w="217" /><ent r="4" t="70" w="595" /><ent r="4" t="70" w="819" /><ent r="4" t="72" w="81" /><ent r="4" t="72" w="219" /><ent r="4" t="72" w="311" /><ent r="4" t="74" w="235" /><ent r="4" t="74" w="434" /><ent r="4" t="74" w="555" /><ent r="4" t="74" w="768" /><ent r="4" t="74" w="916" /><ent r="4" t="74" w="1077" /><ent r="4" t="75" w="176" /><ent r="4" t="75" w="380" /><ent r="4" t="75" w="548" /><ent r="4" t="75" w="662" /><ent r="4" t="75" w="810" /><ent r="4" t="75" w="975" /><ent r="4" t="76" w="163" /><ent r="4" t="76" w="351" /><ent r="4" t="76" w="493" /><ent r="4" t="76" w="747" /><ent r="4" t="76" w="902" /><ent r="4" t="78" w="51" /><ent r="4" t="78" w="169" /><ent r="4" t="78" w="242" /><ent r="4" t="80" w="77" /><ent r="4" t="80" w="188" /><ent r="4" t="81" w="155" /><ent r="4" t="82" w="117" /><ent r="4" t="83" w="138" /><ent r="4" t="84" w="104" /><ent r="4" t="85" w="96" /><ent r="4" t="86" w="91" /><ent r="4" t="87" w="139" /><ent r="4" t="88" w="157" /><ent r="4" t="89" w="133" /><ent r="4" t="89" w="197" /><ent r="4" t="96" w="147" /><ent r="4" t="96" w="199" /><ent r="4" t="96" w="283" /><ent r="4" t="96" w="407" /><ent r="4" t="96" w="500" /><ent r="4" t="96" w="593" /><ent r="4" t="96" w="806" /><ent r="4" t="96" w="935" /><ent r="4" t="99" w="214" /><ent r="4" t="99" w="417" /><ent r="4" t="99" w="602" /><ent r="4" t="99" w="846" /><ent r="4" t="99" w="1021" /><ent r="4" t="99" w="1097" /><ent r="4" t="100" w="271" /><ent r="4" t="100" w="323" /><ent r="4" t="101" w="187" /><ent r="4" t="101" w="267" /><ent r="4" t="106" w="183" /><ent r="4" t="106" w="245" /><ent r="4" t="106" w="301" /><ent r="4" t="106" w="382" /><ent r="4" t="109" w="201" /><ent r="4" t="109" w="469" /><ent r="4" t="112" w="103" /><ent r="4" t="112" w="1145" /><ent r="4" t="112" w="1330" /><ent r="4" t="112" w="1431" /><ent r="4" t="114" w="663" /><ent r="4" t="114" w="802" /><ent r="4" t="114" w="890" /><ent r="4" t="114" w="937" /><ent r="4" t="116" w="210" /><ent r="4" t="117" w="233" /><ent r="4" t="117" w="430" /><ent r="4" t="117" w="564" /><ent r="4" t="117" w="655" /><ent r="4" t="117" w="760" /><ent r="4" t="120" w="127" /><ent r="4" t="120" w="225" /><ent r="4" t="121" w="213" /><ent r="4" t="121" w="561" /><ent r="4" t="122" w="352" /><ent r="4" t="124" w="288" /><ent r="4" t="125" w="298" /><ent r="6" t="128" w="158" /><ent r="6" t="128" w="288" /><ent r="6" t="128" w="427" /><ent r="4" t="129" w="155" /><ent r="4" t="130" w="615" /><ent r="5" t="133" w="294" /><ent r="4" t="134" w="111" /><ent r="4" t="135" w="87" /><ent r="4" t="136" w="80" /><ent r="4" t="137" w="79" /><ent r="4" t="138" w="95" /><ent r="4" t="138" w="153" /><ent r="4" t="139" w="92" /><ent r="4" t="140" w="95" /><ent r="4" t="141" w="341" /><ent r="4" t="141" w="446" /><ent r="4" t="142" w="187" /><ent r="4" t="142" w="292" /><ent r="4" t="142" w="405" /><ent r="4" t="145" w="88" /><ent r="4" t="145" w="223" /><ent r="4" t="146" w="121" /><ent r="4" t="146" w="256" /><ent r="4" t="147" w="401" /><ent r="4" t="148" w="152" /><ent r="4" t="149" w="117" /><ent r="4" t="150" w="221" /><ent r="4" t="151" w="124" /><ent r="4" t="152" w="127" /><ent r="4" t="152" w="210" /><ent r="4" t="153" w="149" /><ent r="4" t="154" w="68" /><ent r="4" t="155" w="91" /><ent r="4" t="156" w="67" /><ent r="4" t="157" w="88" /><ent r="4" t="158" w="90" /><ent r="4" t="159" w="88" /><ent r="4" t="160" w="75" /><ent r="4" t="161" w="102" /><ent r="4" t="163" w="76" /><ent r="4" t="164" w="172" /><ent r="4" t="168" w="145" /><ent r="4" t="169" w="188" /><ent r="4" t="170" w="110" /><ent r="4" t="171" w="84" /><ent r="4" t="172" w="100" /><ent r="4" t="174" w="133" /><ent r="4" t="175" w="92" /><ent r="4" t="176" w="164" /><ent r="4" t="177" w="145" /><ent r="4" t="178" w="181" /><ent r="4" t="179" w="190" /><ent r="4" t="179" w="311" /><ent r="4" t="179" w="429" /><ent r="4" t="179" w="562" /><ent r="4" t="180" w="103" /><ent r="4" t="180" w="194" /><ent r="4" t="181" w="80" /><ent r="4" t="182" w="109" /><ent r="4" t="183" w="87" /><ent r="4" t="184" w="126" /><ent r="4" t="185" w="165" /><ent r="4" t="187" w="111" /><ent r="4" t="187" w="263" /><ent r="4" t="188" w="104" /><ent r="4" t="188" w="361" /><ent r="4" t="188" w="500" /><ent r="4" t="189" w="66" /><ent r="4" t="190" w="172" /><ent r="4" t="190" w="602" /><ent r="4" t="191" w="312" /><ent r="4" t="193" w="279" /><ent r="4" t="194" w="110" /><ent r="4" t="197" w="130" /><ent r="4" t="198" w="130" /><ent r="4" t="199" w="70" /><ent r="4" t="201" w="60" /><ent r="4" t="203" w="69" /><ent r="4" t="204" w="88" /><ent r="4" t="206" w="120" /><ent r="4" t="207" w="76" /><ent r="4" t="208" w="65" /><ent r="4" t="210" w="108" /><ent r="4" t="211" w="73" /><ent r="4" t="212" w="94" /><ent r="4" t="213" w="120" /><ent r="4" t="214" w="92" /><ent r="4" t="215" w="75" /><ent r="4" t="216" w="92" /><ent r="4" t="217" w="92" /><ent r="4" t="218" w="123" /><ent r="4" t="219" w="80" /><ent r="4" t="220" w="92" /><ent r="4" t="221" w="81" /><ent r="4" t="222" w="105" /><ent r="4" t="223" w="180" /><ent r="4" t="223" w="260" /><ent r="4" t="223" w="416" /><ent r="4" t="223" w="539" /><ent r="4" t="223" w="641" /><ent r="4" t="223" w="733" /><ent r="4" t="224" w="173" /><ent r="4" t="224" w="266" /><ent r="4" t="224" w="360" /><ent r="4" t="224" w="484" /><ent r="4" t="224" w="567" /><ent r="4" t="225" w="115" /><ent r="4" t="226" w="230" /><ent r="4" t="226" w="350" /><ent r="4" t="227" w="252" /><ent r="4" t="227" w="518" /><ent r="4" t="228" w="263" /><ent r="4" t="229" w="216" /><ent r="4" t="232" w="268" /><ent r="4" t="233" w="287" /><ent r="4" t="233" w="563" /><ent r="4" t="233" w="697" /><ent r="4" t="235" w="265" /><ent r="4" t="236" w="234" /><ent r="4" t="236" w="352" /><ent r="4" t="236" w="506" /><ent r="4" t="236" w="582" /><ent r="4" t="236" w="698" /><ent r="4" t="236" w="832" /><ent r="5" t="237" w="245" /><ent r="5" t="237" w="326" /><ent r="5" t="237" w="465" /><ent r="4" t="240" w="267" /><ent r="4" t="240" w="481" /><ent r="4" t="240" w="606" /><ent r="4" t="240" w="922" /><ent r="4" t="240" w="1183" /><ent r="4" t="240" w="1397" /><ent r="4" t="241" w="569" /><ent r="4" t="241" w="652" /><ent r="4" t="244" w="207" /><ent r="4" t="244" w="303" /><ent r="4" t="248" w="110" /><ent r="4" t="248" w="256" /><ent r="4" t="249" w="81" /><ent r="4" t="249" w="157" /><ent r="4" t="249" w="286" /><ent r="4" t="250" w="137" /><ent r="4" t="250" w="213" /><ent r="4" t="250" w="285" /><ent r="4" t="250" w="373" /><ent r="4" t="251" w="147" /><ent r="4" t="251" w="220" /><ent r="4" t="251" w="397" /><ent r="4" t="251" w="474" /><ent r="4" t="251" w="566" /><ent r="4" t="253" w="289" /><ent r="4" t="253" w="508" /><ent r="4" t="254" w="318" /><ent r="4" t="256" w="218" /><ent r="4" t="256" w="366" /><ent r="5" t="259" w="188" /><ent r="4" t="259" w="396" /><ent r="4" t="263" w="214" /><ent r="4" t="263" w="362" /><ent r="4" t="263" w="433" /><ent r="4" t="263" w="523" /><ent r="4" t="263" w="631" /><ent r="4" t="264" w="84" /><ent r="4" t="264" w="293" /><ent r="4" t="264" w="436" /><ent r="4" t="266" w="173" /><ent r="4" t="266" w="317" /><ent r="4" t="266" w="474" /><ent r="4" t="266" w="639" /><ent r="4" t="272" w="294" /><ent r="4" t="272" w="524" /><ent r="4" t="274" w="251" /><ent r="4" t="275" w="416" /><ent r="4" t="275" w="526" /><ent r="4" t="281" w="530" /><ent r="4" t="284" w="108" /><ent r="4" t="302" w="285" /></phr><phr n="VB"><ent r="4" t="50" w="321" /><ent r="65" t="106" w="408" /><ent r="3" t="111" w="64" /><ent r="4" t="127" w="51" /><ent r="4" t="193" w="594" /><ent r="115" t="193" w="607" /><ent r="66" t="233" w="217" /><ent r="64" t="264" w="144" /><ent r="4" t="277" w="201" /><ent r="4" t="304" w="192" /></phr></stem></index>