﻿<?xml version="1.0" encoding="utf-8"?><index><stem n="container.stor"><phr n="container.Store"><ent r="4" t="8" w="100" /><ent r="4" t="8" w="99" /><ent r="4" t="8" w="147" /><ent r="4" t="8" w="146" /><ent r="4" t="8" w="201" /><ent r="4" t="8" w="200" /><ent r="4" t="8" w="252" /><ent r="4" t="8" w="251" /><ent r="4" t="10" w="230" /><ent r="4" t="10" w="229" /><ent r="4" t="10" w="272" /><ent r="4" t="10" w="271" /><ent r="4" t="10" w="539" /><ent r="4" t="10" w="538" /><ent r="4" t="10" w="603" /><ent r="4" t="10" w="602" /><ent r="4" t="34" w="124" /><ent r="4" t="34" w="123" /><ent r="4" t="34" w="133" /><ent r="4" t="34" w="132" /><ent r="4" t="34" w="156" /><ent r="4" t="34" w="155" /><ent r="4" t="34" w="165" /><ent r="4" t="34" w="164" /><ent r="4" t="34" w="210" /><ent r="4" t="34" w="209" /><ent r="4" t="34" w="219" /><ent r="4" t="34" w="218" /><ent r="4" t="34" w="242" /><ent r="4" t="34" w="241" /><ent r="4" t="34" w="251" /><ent r="4" t="34" w="250" /><ent r="4" t="34" w="333" /><ent r="4" t="34" w="332" /><ent r="4" t="34" w="396" /><ent r="4" t="34" w="395" /><ent r="4" t="35" w="344" /><ent r="4" t="35" w="343" /><ent r="4" t="35" w="347" /><ent r="4" t="35" w="346" /><ent r="4" t="35" w="415" /><ent r="4" t="35" w="414" /><ent r="4" t="35" w="418" /><ent r="4" t="35" w="417" /><ent r="4" t="45" w="141" /><ent r="4" t="45" w="140" /><ent r="4" t="45" w="254" /><ent r="4" t="45" w="253" /><ent r="4" t="45" w="408" /><ent r="4" t="45" w="407" /><ent r="4" t="45" w="411" /><ent r="4" t="45" w="410" /><ent r="4" t="45" w="469" /><ent r="4" t="45" w="468" /><ent r="4" t="46" w="106" /><ent r="4" t="46" w="105" /><ent r="4" t="46" w="237" /><ent r="4" t="46" w="236" /><ent r="4" t="49" w="1036" /><ent r="4" t="49" w="1035" /><ent r="4" t="49" w="1158" /><ent r="4" t="49" w="1157" /><ent r="4" t="58" w="87" /><ent r="4" t="58" w="86" /><ent r="4" t="58" w="153" /><ent r="4" t="58" w="152" /><ent r="4" t="58" w="235" /><ent r="4" t="58" w="234" /><ent r="4" t="58" w="297" /><ent r="4" t="58" w="296" /><ent r="4" t="67" w="252" /><ent r="4" t="67" w="251" /><ent r="4" t="67" w="259" /><ent r="4" t="67" w="258" /><ent r="4" t="67" w="297" /><ent r="4" t="67" w="296" /><ent r="4" t="67" w="304" /><ent r="4" t="67" w="303" /><ent r="4" t="74" w="328" /><ent r="4" t="74" w="327" /><ent r="4" t="74" w="416" /><ent r="4" t="74" w="415" /><ent r="4" t="74" w="980" /><ent r="4" t="74" w="979" /><ent r="4" t="74" w="1062" /><ent r="4" t="74" w="1061" /><ent r="4" t="75" w="270" /><ent r="4" t="75" w="269" /><ent r="4" t="75" w="361" /><ent r="4" t="75" w="360" /><ent r="4" t="75" w="876" /><ent r="4" t="75" w="875" /><ent r="4" t="75" w="960" /><ent r="4" t="75" w="959" /><ent r="4" t="76" w="245" /><ent r="4" t="76" w="244" /><ent r="4" t="76" w="337" /><ent r="4" t="76" w="336" /><ent r="4" t="76" w="824" /><ent r="4" t="76" w="823" /><ent r="4" t="76" w="827" /><ent r="4" t="76" w="826" /><ent r="4" t="76" w="895" /><ent r="4" t="76" w="894" /><ent r="4" t="76" w="898" /><ent r="4" t="76" w="897" /><ent r="4" t="114" w="856" /><ent r="4" t="114" w="855" /><ent r="4" t="114" w="880" /><ent r="4" t="114" w="879" /><ent r="4" t="121" w="361" /><ent r="4" t="121" w="360" /><ent r="4" t="121" w="543" /><ent r="4" t="121" w="542" /><ent r="4" t="122" w="271" /><ent r="4" t="122" w="270" /><ent r="4" t="122" w="343" /><ent r="4" t="122" w="342" /><ent r="4" t="124" w="203" /><ent r="4" t="124" w="202" /><ent r="4" t="124" w="281" /><ent r="4" t="124" w="280" /><ent r="4" t="125" w="211" /><ent r="4" t="125" w="210" /><ent r="4" t="125" w="289" /><ent r="4" t="125" w="288" /><ent r="6" t="128" w="320" /><ent r="6" t="128" w="319" /><ent r="6" t="128" w="327" /><ent r="6" t="128" w="326" /><ent r="6" t="128" w="377" /><ent r="6" t="128" w="376" /><ent r="6" t="128" w="384" /><ent r="6" t="128" w="383" /><ent r="4" t="229" w="132" /><ent r="4" t="229" w="131" /><ent r="4" t="229" w="198" /><ent r="4" t="229" w="197" /><ent r="4" t="253" w="363" /><ent r="4" t="253" w="362" /><ent r="4" t="253" w="443" /><ent r="4" t="253" w="442" /><ent r="4" t="254" w="170" /><ent r="4" t="254" w="169" /><ent r="4" t="254" w="173" /><ent r="4" t="254" w="172" /><ent r="4" t="254" w="314" /><ent r="4" t="254" w="313" /><ent r="4" t="256" w="282" /><ent r="4" t="256" w="281" /><ent r="4" t="256" w="348" /><ent r="4" t="256" w="347" /><ent r="4" t="263" w="490" /><ent r="4" t="263" w="489" /><ent r="4" t="263" w="519" /><ent r="4" t="263" w="518" /><ent r="4" t="263" w="549" /><ent r="4" t="263" w="548" /><ent r="4" t="263" w="596" /><ent r="4" t="263" w="595" /><ent r="4" t="272" w="421" /><ent r="4" t="272" w="420" /><ent r="4" t="272" w="510" /><ent r="4" t="272" w="509" /><ent r="4" t="275" w="214" /><ent r="4" t="275" w="213" /><ent r="4" t="275" w="345" /><ent r="4" t="275" w="344" /></phr></stem><stem n=".store(pilot);"><phr n=".Store(pilot);"><ent r="4" t="8" w="102" /><ent r="4" t="10" w="232" /><ent r="4" t="10" w="541" /><ent r="4" t="34" w="335" /><ent r="4" t="263" w="492" /><ent r="4" t="272" w="423" /></phr></stem><stem n="var"><phr n="var"><ent r="5" t="8" w="107" /><ent r="5" t="10" w="334" /><ent r="5" t="10" w="361" /><ent r="5" t="10" w="503" /><ent r="5" t="10" w="644" /><ent r="5" t="12" w="144" /><ent r="5" t="12" w="284" /><ent r="5" t="13" w="60" /><ent r="5" t="13" w="129" /><ent r="5" t="13" w="223" /><ent r="5" t="13" w="317" /><ent r="5" t="13" w="428" /><ent r="5" t="14" w="181" /><ent r="5" t="14" w="281" /><ent r="5" t="14" w="431" /><ent r="5" t="14" w="560" /><ent r="5" t="14" w="667" /><ent r="5" t="14" w="740" /><ent r="5" t="14" w="834" /><ent r="5" t="14" w="911" /><ent r="5" t="14" w="1090" /><ent r="5" t="14" w="1219" /><ent r="5" t="14" w="1294" /><ent r="5" t="14" w="1431" /><ent r="5" t="14" w="1502" /><ent r="5" t="15" w="119" /><ent r="5" t="15" w="233" /><ent r="5" t="15" w="494" /><ent r="5" t="15" w="638" /><ent r="5" t="15" w="666" /><ent r="5" t="31" w="123" /><ent r="5" t="31" w="213" /><ent r="5" t="31" w="363" /><ent r="5" t="31" w="475" /><ent r="5" t="31" w="560" /><ent r="5" t="31" w="623" /><ent r="5" t="31" w="716" /><ent r="5" t="31" w="783" /><ent r="5" t="31" w="1000" /><ent r="5" t="31" w="1135" /><ent r="5" t="31" w="1200" /><ent r="5" t="31" w="1300" /><ent r="5" t="31" w="1363" /><ent r="5" t="31" w="1474" /><ent r="5" t="31" w="1550" /><ent r="5" t="31" w="1640" /><ent r="5" t="35" w="115" /><ent r="5" t="35" w="302" /><ent r="5" t="35" w="319" /><ent r="5" t="35" w="326" /><ent r="5" t="64" w="187" /><ent r="5" t="74" w="160" /><ent r="5" t="74" w="287" /><ent r="5" t="74" w="805" /><ent r="5" t="74" w="941" /><ent r="5" t="75" w="229" /><ent r="5" t="75" w="697" /><ent r="5" t="75" w="837" /><ent r="5" t="76" w="88" /><ent r="5" t="76" w="204" /><ent r="5" t="76" w="595" /><ent r="5" t="76" w="782" /><ent r="5" t="76" w="799" /><ent r="5" t="76" w="806" /><ent r="5" t="240" w="519" /><ent r="5" t="240" w="528" /><ent r="5" t="250" w="308" /><ent r="5" t="251" w="497" /><ent r="6" t="259" w="147" /><ent r="4" t="260" w="244" /><ent r="5" t="262" w="162" /><ent r="5" t="262" w="188" /><ent r="5" t="263" w="478" /><ent r="5" t="263" w="535" /><ent r="5" t="265" w="792" /><ent r="5" t="265" w="807" /><ent r="5" t="265" w="816" /><ent r="5" t="265" w="825" /><ent r="5" t="266" w="368" /><ent r="5" t="272" w="186" /><ent r="5" t="272" w="413" /><ent r="5" t="281" w="340" /></phr></stem><stem n="p"><phr n="p"><ent r="4" t="8" w="114" /><ent r="4" t="8" w="122" /><ent r="4" t="8" w="131" /><ent r="4" t="8" w="214" /><ent r="4" t="8" w="226" /><ent r="4" t="10" w="341" /><ent r="4" t="10" w="349" /><ent r="4" t="10" w="356" /><ent r="4" t="10" w="406" /><ent r="4" t="10" w="418" /><ent r="4" t="10" w="510" /><ent r="4" t="10" w="518" /><ent r="4" t="10" w="525" /><ent r="4" t="10" w="574" /><ent r="4" t="10" w="586" /><ent r="4" t="10" w="651" /><ent r="4" t="10" w="659" /><ent r="4" t="10" w="666" /><ent r="4" t="10" w="704" /><ent r="4" t="10" w="716" /><ent r="4" t="12" w="151" /><ent r="4" t="12" w="159" /><ent r="4" t="12" w="178" /><ent r="4" t="12" w="186" /><ent r="4" t="12" w="290" /><ent r="4" t="12" w="298" /><ent r="4" t="12" w="305" /><ent r="4" t="12" w="310" /><ent r="4" t="12" w="345" /><ent r="4" t="12" w="353" /><ent r="4" t="12" w="362" /><ent r="4" t="12" w="367" /><ent r="4" t="13" w="67" /><ent r="4" t="13" w="75" /><ent r="4" t="13" w="94" /><ent r="4" t="13" w="102" /><ent r="4" t="13" w="136" /><ent r="4" t="13" w="144" /><ent r="4" t="13" w="153" /><ent r="4" t="13" w="173" /><ent r="4" t="13" w="185" /><ent r="4" t="13" w="196" /><ent r="4" t="13" w="230" /><ent r="4" t="13" w="238" /><ent r="4" t="13" w="245" /><ent r="4" t="13" w="266" /><ent r="4" t="13" w="278" /><ent r="4" t="13" w="285" /><ent r="4" t="13" w="324" /><ent r="4" t="13" w="332" /><ent r="4" t="13" w="339" /><ent r="4" t="13" w="344" /><ent r="4" t="13" w="366" /><ent r="4" t="13" w="378" /><ent r="4" t="13" w="387" /><ent r="4" t="13" w="392" /><ent r="4" t="13" w="434" /><ent r="4" t="13" w="442" /><ent r="4" t="13" w="449" /><ent r="4" t="13" w="454" /><ent r="4" t="13" w="489" /><ent r="4" t="13" w="497" /><ent r="4" t="13" w="506" /><ent r="4" t="13" w="511" /><ent r="4" t="15" w="126" /><ent r="4" t="15" w="134" /><ent r="4" t="15" w="138" /><ent r="4" t="15" w="145" /><ent r="4" t="15" w="150" /><ent r="4" t="15" w="172" /><ent r="4" t="15" w="184" /><ent r="4" t="15" w="191" /><ent r="4" t="15" w="200" /><ent r="4" t="15" w="205" /><ent r="4" t="15" w="240" /><ent r="4" t="15" w="248" /><ent r="4" t="15" w="258" /><ent r="4" t="15" w="284" /><ent r="4" t="15" w="296" /><ent r="4" t="15" w="308" /><ent r="4" t="15" w="501" /><ent r="4" t="15" w="509" /><ent r="4" t="15" w="513" /><ent r="4" t="15" w="517" /><ent r="4" t="15" w="528" /><ent r="4" t="15" w="547" /><ent r="4" t="15" w="559" /><ent r="4" t="15" w="566" /><ent r="4" t="15" w="573" /><ent r="4" t="15" w="584" /><ent r="4" t="15" w="645" /><ent r="4" t="15" w="653" /><ent r="4" t="15" w="657" /><ent r="4" t="15" w="664" /><ent r="4" t="15" w="672" /><ent r="4" t="15" w="681" /><ent r="4" t="15" w="692" /><ent r="4" t="15" w="713" /><ent r="4" t="15" w="725" /><ent r="4" t="15" w="732" /><ent r="4" t="15" w="739" /><ent r="4" t="15" w="747" /><ent r="4" t="15" w="756" /><ent r="4" t="15" w="767" /><ent r="4" t="19" w="75" /><ent r="4" t="19" w="79" /><ent r="4" t="74" w="294" /><ent r="4" t="74" w="302" /><ent r="4" t="74" w="311" /><ent r="4" t="74" w="371" /><ent r="4" t="74" w="383" /><ent r="4" t="74" w="394" /><ent r="4" t="74" w="470" /><ent r="4" t="74" w="478" /><ent r="4" t="74" w="526" /><ent r="4" t="74" w="538" /><ent r="4" t="74" w="812" /><ent r="4" t="74" w="820" /><ent r="4" t="74" w="872" /><ent r="4" t="74" w="884" /><ent r="4" t="74" w="948" /><ent r="4" t="74" w="956" /><ent r="4" t="74" w="963" /><ent r="4" t="74" w="1020" /><ent r="4" t="74" w="1032" /><ent r="4" t="74" w="1040" /><ent r="4" t="75" w="80" /><ent r="4" t="75" w="88" /><ent r="4" t="75" w="142" /><ent r="4" t="75" w="154" /><ent r="4" t="75" w="236" /><ent r="4" t="75" w="244" /><ent r="4" t="75" w="253" /><ent r="4" t="75" w="316" /><ent r="4" t="75" w="328" /><ent r="4" t="75" w="339" /><ent r="4" t="75" w="704" /><ent r="4" t="75" w="712" /><ent r="4" t="75" w="766" /><ent r="4" t="75" w="778" /><ent r="4" t="75" w="844" /><ent r="4" t="75" w="852" /><ent r="4" t="75" w="859" /><ent r="4" t="75" w="918" /><ent r="4" t="75" w="930" /><ent r="4" t="75" w="938" /><ent r="4" t="76" w="211" /><ent r="4" t="76" w="219" /><ent r="4" t="76" w="228" /><ent r="4" t="76" w="292" /><ent r="4" t="76" w="304" /><ent r="4" t="76" w="315" /><ent r="4" t="76" w="401" /><ent r="4" t="76" w="409" /><ent r="4" t="76" w="468" /><ent r="4" t="76" w="476" /><ent r="4" t="96" w="357" /><ent r="4" t="96" w="364" /><ent r="4" t="96" w="458" /><ent r="4" t="96" w="472" /><ent r="4" t="240" w="535" /><ent r="4" t="240" w="543" /><ent r="4" t="240" w="549" /><ent r="4" t="240" w="582" /><ent r="4" t="240" w="594" /><ent r="4" t="240" w="603" /><ent r="4" t="262" w="169" /><ent r="4" t="262" w="177" /><ent r="4" t="262" w="186" /><ent r="4" t="266" w="375" /><ent r="4" t="266" w="383" /><ent r="4" t="266" w="392" /><ent r="4" t="266" w="428" /><ent r="4" t="266" w="440" /><ent r="4" t="266" w="449" /><ent r="4" t="266" w="455" /></phr></stem><stem n="p.name"><phr n="p.Name"><ent r="4" t="8" w="123" /><ent r="4" t="8" w="122" /><ent r="4" t="8" w="227" /><ent r="4" t="8" w="226" /><ent r="4" t="10" w="350" /><ent r="4" t="10" w="349" /><ent r="4" t="10" w="419" /><ent r="4" t="10" w="418" /><ent r="4" t="10" w="519" /><ent r="4" t="10" w="518" /><ent r="4" t="10" w="587" /><ent r="4" t="10" w="586" /><ent r="4" t="10" w="660" /><ent r="4" t="10" w="659" /><ent r="4" t="10" w="717" /><ent r="4" t="10" w="716" /><ent r="4" t="12" w="306" /><ent r="4" t="12" w="305" /><ent r="4" t="12" w="363" /><ent r="4" t="12" w="362" /><ent r="4" t="13" w="145" /><ent r="4" t="13" w="144" /><ent r="4" t="13" w="186" /><ent r="4" t="13" w="185" /><ent r="4" t="13" w="340" /><ent r="4" t="13" w="339" /><ent r="4" t="13" w="388" /><ent r="4" t="13" w="387" /><ent r="4" t="13" w="450" /><ent r="4" t="13" w="449" /><ent r="4" t="13" w="507" /><ent r="4" t="13" w="506" /><ent r="4" t="15" w="146" /><ent r="4" t="15" w="145" /><ent r="4" t="15" w="201" /><ent r="4" t="15" w="200" /><ent r="4" t="15" w="249" /><ent r="4" t="15" w="248" /><ent r="4" t="15" w="297" /><ent r="4" t="15" w="296" /><ent r="4" t="15" w="518" /><ent r="4" t="15" w="517" /><ent r="4" t="15" w="574" /><ent r="4" t="15" w="573" /><ent r="4" t="15" w="682" /><ent r="4" t="15" w="681" /><ent r="4" t="15" w="757" /><ent r="4" t="15" w="756" /><ent r="4" t="74" w="303" /><ent r="4" t="74" w="302" /><ent r="4" t="74" w="384" /><ent r="4" t="74" w="383" /><ent r="4" t="74" w="957" /><ent r="4" t="74" w="956" /><ent r="4" t="74" w="1033" /><ent r="4" t="74" w="1032" /><ent r="4" t="75" w="245" /><ent r="4" t="75" w="244" /><ent r="4" t="75" w="329" /><ent r="4" t="75" w="328" /><ent r="4" t="75" w="853" /><ent r="4" t="75" w="852" /><ent r="4" t="75" w="931" /><ent r="4" t="75" w="930" /><ent r="4" t="76" w="220" /><ent r="4" t="76" w="219" /><ent r="4" t="76" w="305" /><ent r="4" t="76" w="304" /><ent r="4" t="96" w="365" /><ent r="4" t="96" w="364" /><ent r="4" t="96" w="473" /><ent r="4" t="96" w="472" /></phr></stem><stem n="name"><phr n="Name"><ent r="4" t="8" w="123" /><ent r="4" t="8" w="141" /><ent r="5" t="8" w="144" /><ent r="4" t="8" w="227" /><ent r="4" t="8" w="246" /><ent r="5" t="8" w="249" /><ent r="4" t="10" w="350" /><ent r="4" t="10" w="372" /><ent r="4" t="10" w="419" /><ent r="4" t="10" w="440" /><ent r="4" t="10" w="519" /><ent r="4" t="10" w="528" /><ent r="5" t="10" w="531" /><ent r="4" t="10" w="587" /><ent r="4" t="10" w="593" /><ent r="5" t="10" w="596" /><ent r="4" t="10" w="660" /><ent r="4" t="10" w="717" /><ent r="4" t="12" w="306" /><ent r="4" t="12" w="363" /><ent r="92" t="13" w="118" /><ent r="4" t="13" w="145" /><ent r="4" t="13" w="186" /><ent r="4" t="13" w="340" /><ent r="4" t="13" w="388" /><ent r="4" t="13" w="450" /><ent r="4" t="13" w="507" /><ent r="4" t="15" w="146" /><ent r="4" t="15" w="201" /><ent r="4" t="15" w="249" /><ent r="4" t="15" w="297" /><ent r="4" t="15" w="518" /><ent r="4" t="15" w="574" /><ent r="4" t="15" w="682" /><ent r="4" t="15" w="757" /><ent r="4" t="17" w="259" /><ent r="4" t="18" w="135" /><ent r="4" t="18" w="207" /><ent r="4" t="18" w="531" /><ent r="4" t="18" w="619" /><ent r="4" t="18" w="710" /><ent r="4" t="18" w="750" /><ent r="4" t="18" w="944" /><ent r="4" t="18" w="1038" /><ent r="4" t="19" w="94" /><ent r="4" t="19" w="97" /><ent r="4" t="19" w="209" /><ent r="4" t="19" w="212" /><ent r="4" t="20" w="170" /><ent r="4" t="20" w="242" /><ent r="4" t="22" w="128" /><ent r="4" t="22" w="166" /><ent r="4" t="23" w="119" /><ent r="4" t="23" w="153" /><ent r="4" t="24" w="98" /><ent r="4" t="24" w="132" /><ent r="4" t="24" w="296" /><ent r="4" t="24" w="334" /><ent r="4" t="24" w="642" /><ent r="4" t="24" w="683" /><ent r="4" t="30" w="443" /><ent r="4" t="30" w="446" /><ent r="4" t="30" w="542" /><ent r="4" t="30" w="545" /><ent r="4" t="34" w="327" /><ent r="5" t="34" w="330" /><ent r="4" t="34" w="390" /><ent r="5" t="34" w="393" /><ent r="4" t="42" w="123" /><ent r="4" t="42" w="275" /><ent r="4" t="42" w="404" /><ent r="4" t="42" w="431" /><ent r="4" t="42" w="493" /><ent r="4" t="42" w="525" /><ent r="4" t="42" w="580" /><ent r="4" t="42" w="587" /><ent r="4" t="42" w="625" /><ent r="4" t="42" w="637" /><ent r="4" t="42" w="811" /><ent r="4" t="42" w="843" /><ent r="4" t="42" w="860" /><ent r="4" t="42" w="892" /><ent r="4" t="45" w="107" /><ent r="5" t="45" w="111" /><ent r="5" t="45" w="159" /><ent r="5" t="45" w="168" /><ent r="4" t="45" w="173" /><ent r="4" t="45" w="221" /><ent r="5" t="45" w="225" /><ent r="5" t="45" w="285" /><ent r="5" t="45" w="293" /><ent r="4" t="45" w="297" /><ent r="4" t="45" w="385" /><ent r="5" t="45" w="389" /><ent r="4" t="45" w="447" /><ent r="5" t="45" w="451" /><ent r="4" t="45" w="526" /><ent r="5" t="45" w="530" /><ent r="4" t="45" w="576" /><ent r="5" t="45" w="580" /><ent r="4" t="46" w="151" /><ent r="4" t="46" w="299" /><ent r="4" t="49" w="782" /><ent r="4" t="49" w="828" /><ent r="4" t="49" w="851" /><ent r="4" t="49" w="930" /><ent r="4" t="49" w="1096" /><ent r="4" t="49" w="1118" /><ent r="5" t="49" w="1121" /><ent r="4" t="49" w="1244" /><ent r="4" t="49" w="1266" /><ent r="5" t="49" w="1269" /><ent r="5" t="50" w="438" /><ent r="4" t="50" w="769" /><ent r="4" t="50" w="853" /><ent r="4" t="50" w="998" /><ent r="5" t="50" w="1001" /><ent r="4" t="50" w="1060" /><ent r="5" t="50" w="1063" /><ent r="4" t="54" w="216" /><ent r="4" t="54" w="239" /><ent r="4" t="54" w="267" /><ent r="4" t="54" w="289" /><ent r="4" t="66" w="609" /><ent r="4" t="66" w="635" /><ent r="4" t="66" w="654" /><ent r="4" t="66" w="697" /><ent r="4" t="66" w="723" /><ent r="4" t="66" w="742" /><ent r="5" t="70" w="713" /><ent r="5" t="70" w="813" /><ent r="4" t="74" w="303" /><ent r="4" t="74" w="322" /><ent r="4" t="74" w="384" /><ent r="4" t="74" w="410" /><ent r="4" t="74" w="482" /><ent r="4" t="74" w="542" /><ent r="4" t="74" w="833" /><ent r="4" t="74" w="902" /><ent r="4" t="74" w="957" /><ent r="4" t="74" w="974" /><ent r="4" t="74" w="1033" /><ent r="4" t="74" w="1056" /><ent r="4" t="75" w="92" /><ent r="4" t="75" w="158" /><ent r="4" t="75" w="245" /><ent r="4" t="75" w="264" /><ent r="4" t="75" w="329" /><ent r="4" t="75" w="355" /><ent r="4" t="75" w="725" /><ent r="4" t="75" w="796" /><ent r="4" t="75" w="853" /><ent r="4" t="75" w="870" /><ent r="4" t="75" w="931" /><ent r="4" t="75" w="954" /><ent r="4" t="76" w="220" /><ent r="4" t="76" w="239" /><ent r="4" t="76" w="305" /><ent r="4" t="76" w="331" /><ent r="4" t="76" w="413" /><ent r="4" t="76" w="480" /><ent r="4" t="96" w="365" /><ent r="4" t="96" w="473" /><ent r="4" t="109" w="353" /><ent r="4" t="109" w="466" /><ent r="4" t="122" w="262" /><ent r="4" t="122" w="269" /><ent r="4" t="122" w="334" /><ent r="4" t="122" w="341" /><ent r="4" t="124" w="199" /><ent r="4" t="124" w="201" /><ent r="4" t="124" w="277" /><ent r="4" t="124" w="279" /><ent r="4" t="125" w="207" /><ent r="4" t="125" w="209" /><ent r="4" t="125" w="285" /><ent r="4" t="125" w="287" /><ent r="1000" t="160" w="1" /><ent r="102" t="160" w="4" /><ent r="4" t="227" w="110" /><ent r="4" t="227" w="112" /><ent r="5" t="227" w="115" /><ent r="4" t="227" w="139" /><ent r="4" t="227" w="160" /><ent r="4" t="227" w="199" /><ent r="4" t="227" w="201" /><ent r="5" t="227" w="204" /><ent r="4" t="227" w="228" /><ent r="4" t="227" w="249" /><ent r="4" t="253" w="83" /><ent r="4" t="253" w="197" /><ent r="4" t="253" w="357" /><ent r="4" t="253" w="437" /><ent r="4" t="254" w="100" /><ent r="4" t="254" w="102" /><ent r="4" t="254" w="144" /><ent r="4" t="254" w="146" /><ent r="4" t="254" w="226" /><ent r="4" t="254" w="228" /><ent r="4" t="254" w="285" /><ent r="4" t="254" w="287" /><ent r="4" t="259" w="230" /><ent r="4" t="259" w="323" /><ent r="4" t="260" w="279" /><ent r="4" t="260" w="382" /><ent r="4" t="260" w="384" /><ent r="4" t="263" w="124" /><ent r="4" t="263" w="169" /><ent r="4" t="263" w="485" /><ent r="4" t="263" w="514" /><ent r="4" t="263" w="542" /><ent r="4" t="263" w="590" /><ent r="4" t="264" w="44" /><ent r="4" t="264" w="73" /><ent r="4" t="264" w="204" /><ent r="4" t="264" w="240" /><ent r="4" t="264" w="250" /><ent r="4" t="264" w="260" /><ent r="4" t="264" w="277" /><ent r="3" t="264" w="375" /><ent r="5" t="264" w="428" /><ent r="4" t="265" w="211" /><ent r="1000" t="267" w="2" /><ent r="102" t="267" w="8" /><ent r="4" t="274" w="127" /><ent r="4" t="274" w="154" /><ent r="4" t="274" w="216" /><ent r="4" t="274" w="248" /><ent r="4" t="275" w="259" /><ent r="4" t="275" w="407" /><ent r="64" t="277" w="262" /><ent r="6" t="299" w="362" /></phr><phr n="name"><ent r="3" t="10" w="54" /><ent r="3" t="13" w="127" /><ent r="4" t="13" w="159" /><ent r="4" t="13" w="202" /><ent r="4" t="17" w="271" /><ent r="4" t="17" w="304" /><ent r="3" t="18" w="64" /><ent r="3" t="18" w="75" /><ent r="3" t="18" w="117" /><ent r="4" t="18" w="147" /><ent r="4" t="18" w="180" /><ent r="3" t="18" w="685" /><ent r="4" t="20" w="182" /><ent r="4" t="20" w="215" /><ent r="5" t="20" w="335" /><ent r="5" t="20" w="379" /><ent r="3" t="24" w="77" /><ent r="3" t="24" w="88" /><ent r="3" t="24" w="267" /><ent r="3" t="24" w="286" /><ent r="3" t="24" w="868" /><ent r="3" t="27" w="28" /><ent r="3" t="27" w="38" /><ent r="5" t="27" w="231" /><ent r="5" t="27" w="275" /><ent r="5" t="27" w="847" /><ent r="5" t="27" w="869" /><ent r="5" t="27" w="900" /><ent r="5" t="27" w="983" /><ent r="5" t="27" w="996" /><ent r="5" t="27" w="1011" /><ent r="5" t="27" w="1301" /><ent r="5" t="27" w="1347" /><ent r="5" t="28" w="265" /><ent r="5" t="28" w="311" /><ent r="5" t="28" w="549" /><ent r="5" t="28" w="605" /><ent r="5" t="28" w="969" /><ent r="5" t="28" w="1017" /><ent r="5" t="29" w="762" /><ent r="5" t="29" w="810" /><ent r="5" t="30" w="106" /><ent r="5" t="30" w="145" /><ent r="5" t="30" w="223" /><ent r="5" t="30" w="268" /><ent r="4" t="39" w="220" /><ent r="4" t="39" w="239" /><ent r="4" t="39" w="287" /><ent r="4" t="39" w="310" /><ent r="4" t="39" w="320" /><ent r="4" t="39" w="331" /><ent r="4" t="42" w="72" /><ent r="4" t="42" w="80" /><ent r="4" t="42" w="84" /><ent r="4" t="42" w="85" /><ent r="4" t="42" w="95" /><ent r="4" t="42" w="104" /><ent r="4" t="42" w="105" /><ent r="4" t="42" w="130" /><ent r="4" t="42" w="166" /><ent r="4" t="42" w="181" /><ent r="4" t="42" w="195" /><ent r="4" t="42" w="196" /><ent r="4" t="42" w="219" /><ent r="4" t="42" w="235" /><ent r="4" t="42" w="236" /><ent r="4" t="42" w="286" /><ent r="3" t="45" w="59" /><ent r="4" t="49" w="792" /><ent r="4" t="49" w="799" /><ent r="4" t="49" w="866" /><ent r="4" t="49" w="887" /><ent r="5" t="54" w="232" /><ent r="5" t="54" w="282" /><ent r="5" t="59" w="185" /><ent r="5" t="59" w="223" /><ent r="3" t="70" w="74" /><ent r="3" t="70" w="243" /><ent r="5" t="70" w="359" /><ent r="5" t="70" w="369" /><ent r="5" t="70" w="379" /><ent r="5" t="70" w="496" /><ent r="5" t="70" w="511" /><ent r="5" t="70" w="521" /><ent r="3" t="70" w="617" /><ent r="5" t="70" w="682" /><ent r="4" t="70" w="703" /><ent r="4" t="70" w="717" /><ent r="5" t="70" w="757" /><ent r="4" t="70" w="793" /><ent r="4" t="70" w="816" /><ent r="3" t="80" w="106" /><ent r="3" t="80" w="124" /><ent r="6" t="92" w="141" /><ent r="6" t="92" w="147" /><ent r="64" t="120" w="69" /><ent r="64" t="120" w="170" /><ent r="5" t="120" w="186" /><ent r="5" t="120" w="217" /><ent r="3" t="121" w="60" /><ent r="3" t="122" w="182" /><ent r="4" t="122" w="212" /><ent r="3" t="131" w="35" /><ent r="3" t="147" w="41" /><ent r="3" t="147" w="48" /><ent r="4" t="147" w="119" /><ent r="3" t="147" w="142" /><ent r="3" t="147" w="188" /><ent r="3" t="147" w="210" /><ent r="4" t="160" w="45" /><ent r="4" t="160" w="78" /><ent r="3" t="188" w="630" /><ent r="3" t="209" w="115" /><ent r="3" t="223" w="84" /><ent r="3" t="223" w="98" /><ent r="3" t="223" w="110" /><ent r="3" t="223" w="115" /><ent r="5" t="223" w="214" /><ent r="5" t="223" w="252" /><ent r="5" t="223" w="688" /><ent r="5" t="223" w="725" /><ent r="3" t="226" w="129" /><ent r="3" t="226" w="264" /><ent r="5" t="235" w="105" /><ent r="5" t="235" w="186" /><ent r="4" t="257" w="70" /><ent r="4" t="257" w="85" /><ent r="4" t="257" w="106" /><ent r="3" t="259" w="41" /><ent r="3" t="259" w="49" /><ent r="4" t="259" w="122" /><ent r="4" t="259" w="144" /><ent r="4" t="259" w="272" /><ent r="4" t="259" w="401" /><ent r="3" t="262" w="87" /><ent r="4" t="263" w="117" /><ent r="4" t="263" w="131" /><ent r="4" t="263" w="135" /><ent r="4" t="263" w="156" /><ent r="4" t="263" w="180" /><ent r="4" t="263" w="198" /><ent r="3" t="264" w="109" /><ent r="3" t="264" w="118" /><ent r="64" t="264" w="148" /><ent r="5" t="264" w="179" /><ent r="4" t="264" w="198" /><ent r="4" t="264" w="211" /><ent r="4" t="264" w="215" /><ent r="3" t="264" w="318" /><ent r="3" t="264" w="334" /><ent r="3" t="264" w="343" /><ent r="4" t="265" w="163" /><ent r="4" t="265" w="195" /><ent r="4" t="265" w="204" /><ent r="4" t="265" w="205" /><ent r="4" t="265" w="218" /><ent r="4" t="265" w="222" /><ent r="3" t="267" w="17" /><ent r="3" t="267" w="29" /><ent r="4" t="269" w="53" /><ent r="7" t="270" w="317" /><ent r="64" t="273" w="119" /><ent r="3" t="277" w="47" /><ent r="3" t="277" w="56" /><ent r="3" t="277" w="59" /><ent r="3" t="277" w="85" /><ent r="3" t="277" w="94" /><ent r="3" t="289" w="161" /><ent r="3" t="290" w="114" /><ent r="3" t="290" w="158" /><ent r="5" t="297" w="138" /><ent r="5" t="297" w="152" /><ent r="5" t="297" w="284" /><ent r="5" t="297" w="300" /><ent r="5" t="297" w="317" /><ent r="5" t="297" w="334" /><ent r="5" t="297" w="351" /><ent r="5" t="297" w="368" /><ent r="5" t="297" w="384" /><ent r="5" t="297" w="469" /><ent r="5" t="297" w="525" /><ent r="5" t="298" w="114" /><ent r="5" t="298" w="127" /><ent r="5" t="298" w="140" /><ent r="5" t="298" w="153" /><ent r="5" t="298" w="246" /><ent r="5" t="298" w="425" /><ent r="3" t="298" w="519" /><ent r="3" t="298" w="529" /><ent r="6" t="299" w="252" /><ent r="6" t="299" w="270" /><ent r="6" t="299" w="281" /><ent r="6" t="299" w="301" /><ent r="6" t="300" w="111" /><ent r="6" t="300" w="119" /><ent r="4" t="307" w="79" /></phr><phr n="names"><ent r="5" t="53" w="134" /><ent r="5" t="53" w="156" /><ent r="5" t="53" w="169" /><ent r="5" t="53" w="197" /><ent r="5" t="53" w="236" /><ent r="5" t="53" w="258" /><ent r="5" t="53" w="312" /><ent r="5" t="53" w="334" /><ent r="5" t="53" w="347" /><ent r="5" t="53" w="371" /><ent r="5" t="53" w="410" /><ent r="5" t="53" w="432" /><ent r="5" t="53" w="524" /><ent r="5" t="53" w="546" /><ent r="5" t="53" w="559" /><ent r="5" t="53" w="597" /><ent r="5" t="53" w="630" /><ent r="5" t="53" w="652" /><ent r="3" t="122" w="200" /><ent r="4" t="123" w="108" /><ent r="6" t="143" w="131" /><ent r="3" t="147" w="11" /><ent r="64" t="147" w="178" /><ent r="3" t="188" w="531" /><ent r="3" t="259" w="29" /><ent r="5" t="259" w="166" /><ent r="5" t="259" w="193" /><ent r="4" t="269" w="23" /><ent r="4" t="269" w="40" /><ent r="64" t="273" w="123" /><ent r="3" t="277" w="74" /><ent r="6" t="299" w="180" /><ent r="3" t="315" w="96" /></phr><phr n="named"><ent r="3" t="147" w="206" /><ent r="3" t="160" w="15" /><ent r="3" t="235" w="10" /><ent r="5" t="262" w="216" /></phr><phr n="naming"><ent r="3" t="235" w="57" /><ent r="4" t="255" w="168" /><ent r="3" t="267" w="118" /><ent r="3" t="296" w="54" /></phr><phr n="Naming"><ent r="65" t="255" w="175" /><ent r="1000" t="259" w="4" /><ent r="102" t="259" w="9" /></phr></stem></index>