﻿<?xml version="1.0" encoding="utf-8"?><index><stem n="findpilot"><phr n="FindPilot"><ent r="4" t="56" w="195" /><ent r="4" t="56" w="220" /></phr></stem><stem n="car'"><phr n="car's"><ent r="5" t="56" w="241" /><ent r="5" t="56" w="240" /><ent r="5" t="56" w="279" /><ent r="5" t="56" w="278" /></phr></stem><stem n="car.pilot"><phr n="car.Pilot"><ent r="4" t="56" w="260" /><ent r="4" t="56" w="259" /><ent r="4" t="56" w="303" /><ent r="4" t="56" w="302" /></phr></stem><stem n=".pilot);"><phr n=".Pilot);"><ent r="4" t="56" w="261" /></phr></stem><stem n=".pilot)"><phr n=".Pilot)"><ent r="4" t="56" w="304" /></phr></stem><stem n="referenti"><phr n="referential"><ent r="3" t="56" w="338" /><ent r="3" t="100" w="14" /><ent r="3" t="244" w="335" /><ent r="3" t="244" w="435" /></phr><phr n="Referential"><ent r="4" t="98" w="21" /><ent r="66" t="98" w="76" /><ent r="1000" t="100" w="1" /><ent r="102" t="100" w="4" /><ent r="4" t="100" w="146" /><ent r="4" t="100" w="272" /></phr></stem><stem n="&quot;cascad"><phr n="&quot;Cascading"><ent r="64" t="56" w="376" /></phr></stem><stem n="treat"><phr n="treated"><ent r="3" t="56" w="382" /><ent r="3" t="188" w="207" /><ent r="4" t="269" w="90" /><ent r="4" t="269" w="96" /></phr></stem><stem n="&quot;collect"><phr n="&quot;Collections"><ent r="64" t="56" w="394" /><ent r="64" t="107" w="125" /></phr></stem><stem n="'pilot'-field"><phr n="'pilot'-field"><ent r="3" t="57" w="60" /></phr></stem><stem n="config.common.objectclass"><phr n="config.Common.ObjectClass"><ent r="4" t="57" w="71" /><ent r="4" t="57" w="69" /><ent r="4" t="57" w="119" /><ent r="4" t="57" w="117" /></phr></stem><stem n="objectclass"><phr n="ObjectClass"><ent r="4" t="57" w="71" /><ent r="4" t="57" w="119" /><ent r="4" t="59" w="178" /><ent r="4" t="59" w="216" /><ent r="4" t="67" w="125" /><ent r="4" t="67" w="174" /><ent r="4" t="99" w="1053" /><ent r="4" t="99" w="1082" /><ent r="4" t="112" w="63" /><ent r="4" t="112" w="95" /><ent r="4" t="112" w="1388" /><ent r="4" t="112" w="1423" /><ent r="4" t="114" w="728" /><ent r="4" t="114" w="775" /><ent r="4" t="120" w="74" /><ent r="4" t="120" w="107" /><ent r="4" t="120" w="175" /><ent r="4" t="120" w="206" /><ent r="68" t="143" w="301" /><ent r="64" t="145" w="173" /><ent r="4" t="145" w="182" /><ent r="4" t="145" w="214" /><ent r="64" t="146" w="206" /><ent r="4" t="146" w="215" /><ent r="4" t="146" w="247" /><ent r="4" t="152" w="167" /><ent r="4" t="152" w="199" /><ent r="4" t="180" w="142" /><ent r="4" t="180" w="183" /><ent r="4" t="210" w="65" /><ent r="4" t="210" w="97" /><ent r="4" t="211" w="26" /><ent r="4" t="211" w="62" /><ent r="4" t="212" w="47" /><ent r="4" t="212" w="83" /><ent r="4" t="213" w="73" /><ent r="4" t="213" w="109" /><ent r="4" t="214" w="48" /><ent r="4" t="214" w="81" /><ent r="4" t="215" w="29" /><ent r="4" t="215" w="64" /><ent r="4" t="216" w="51" /><ent r="4" t="216" w="83" /><ent r="4" t="217" w="51" /><ent r="4" t="217" w="83" /><ent r="4" t="218" w="83" /><ent r="4" t="218" w="115" /><ent r="4" t="219" w="32" /><ent r="4" t="219" w="67" /><ent r="4" t="220" w="43" /><ent r="4" t="220" w="80" /><ent r="4" t="221" w="36" /><ent r="4" t="221" w="70" /><ent r="4" t="222" w="64" /><ent r="4" t="222" w="96" /><ent r="4" t="223" w="207" /><ent r="4" t="223" w="245" /><ent r="4" t="223" w="357" /><ent r="4" t="223" w="401" /><ent r="4" t="223" w="480" /><ent r="4" t="223" w="524" /><ent r="4" t="223" w="582" /><ent r="4" t="223" w="626" /><ent r="4" t="223" w="681" /><ent r="4" t="223" w="718" /><ent r="4" t="250" w="169" /><ent r="4" t="250" w="198" /><ent r="4" t="251" w="176" /><ent r="4" t="251" w="205" /><ent r="4" t="264" w="383" /><ent r="4" t="264" w="421" /><ent r="3" t="276" w="176" /><ent r="3" t="276" w="187" /></phr></stem><stem n=".common.objectclass("><phr n=".Common.ObjectClass("><ent r="4" t="57" w="72" /><ent r="4" t="57" w="120" /><ent r="4" t="59" w="179" /><ent r="4" t="59" w="217" /><ent r="4" t="67" w="126" /><ent r="4" t="67" w="175" /><ent r="4" t="99" w="1054" /><ent r="4" t="99" w="1083" /><ent r="4" t="112" w="64" /><ent r="4" t="112" w="96" /><ent r="4" t="112" w="1389" /><ent r="4" t="112" w="1424" /><ent r="4" t="114" w="729" /><ent r="4" t="114" w="776" /><ent r="4" t="120" w="75" /><ent r="4" t="120" w="108" /><ent r="4" t="120" w="176" /><ent r="4" t="120" w="207" /><ent r="4" t="145" w="183" /><ent r="4" t="145" w="215" /><ent r="4" t="146" w="216" /><ent r="4" t="146" w="248" /><ent r="4" t="152" w="168" /><ent r="4" t="152" w="200" /><ent r="4" t="180" w="143" /><ent r="4" t="180" w="184" /><ent r="4" t="210" w="66" /><ent r="4" t="210" w="98" /><ent r="4" t="211" w="27" /><ent r="4" t="211" w="63" /><ent r="4" t="212" w="48" /><ent r="4" t="212" w="84" /><ent r="4" t="213" w="74" /><ent r="4" t="213" w="110" /><ent r="4" t="214" w="49" /><ent r="4" t="214" w="82" /><ent r="4" t="215" w="30" /><ent r="4" t="215" w="65" /><ent r="4" t="216" w="52" /><ent r="4" t="216" w="84" /><ent r="4" t="217" w="52" /><ent r="4" t="217" w="84" /><ent r="4" t="218" w="84" /><ent r="4" t="218" w="116" /><ent r="4" t="219" w="33" /><ent r="4" t="219" w="68" /><ent r="4" t="220" w="44" /><ent r="4" t="220" w="81" /><ent r="4" t="221" w="37" /><ent r="4" t="221" w="71" /><ent r="4" t="222" w="65" /><ent r="4" t="222" w="97" /><ent r="4" t="223" w="208" /><ent r="4" t="223" w="246" /><ent r="4" t="223" w="358" /><ent r="4" t="223" w="402" /><ent r="4" t="223" w="481" /><ent r="4" t="223" w="525" /><ent r="4" t="223" w="583" /><ent r="4" t="223" w="627" /><ent r="4" t="223" w="682" /><ent r="4" t="223" w="719" /><ent r="4" t="250" w="170" /><ent r="4" t="250" w="199" /><ent r="4" t="251" w="177" /><ent r="4" t="251" w="206" /><ent r="4" t="264" w="384" /><ent r="4" t="264" w="422" /></phr></stem><stem n="objectfield"><phr n="ObjectField"><ent r="4" t="57" w="76" /><ent r="4" t="57" w="124" /><ent r="4" t="59" w="183" /><ent r="4" t="59" w="221" /><ent r="4" t="67" w="130" /><ent r="4" t="67" w="179" /><ent r="4" t="99" w="1058" /><ent r="4" t="99" w="1087" /><ent r="4" t="120" w="184" /><ent r="4" t="120" w="215" /><ent r="4" t="223" w="212" /><ent r="4" t="223" w="250" /><ent r="4" t="223" w="362" /><ent r="4" t="223" w="406" /><ent r="4" t="223" w="485" /><ent r="4" t="223" w="529" /><ent r="4" t="223" w="587" /><ent r="4" t="223" w="631" /><ent r="4" t="223" w="686" /><ent r="4" t="223" w="723" /><ent r="4" t="250" w="174" /><ent r="4" t="250" w="203" /><ent r="4" t="251" w="181" /><ent r="4" t="251" w="210" /><ent r="4" t="264" w="388" /><ent r="4" t="264" w="426" /></phr></stem><stem n="(car)).objectfield("><phr n="(Car)).ObjectField("><ent r="4" t="57" w="77" /><ent r="4" t="57" w="125" /></phr></stem><stem n="cascadeondelet"><phr n="CascadeOnDelete"><ent r="4" t="57" w="80" /><ent r="4" t="57" w="128" /><ent r="68" t="209" w="175" /><ent r="4" t="211" w="31" /><ent r="4" t="211" w="67" /><ent r="4" t="223" w="591" /><ent r="4" t="223" w="635" /></phr></stem><stem n=").cascadeondelete("><phr n=").CascadeOnDelete("><ent r="4" t="57" w="81" /><ent r="4" t="57" w="129" /><ent r="4" t="223" w="592" /><ent r="4" t="223" w="636" /></phr></stem><stem n=".openfile(config,"><phr n=".OpenFile(config,"><ent r="4" t="57" w="92" /><ent r="4" t="57" w="143" /></phr></stem><stem n="independ"><phr n="independent"><ent r="3" t="58" w="37" /><ent r="3" t="243" w="204" /><ent r="3" t="272" w="20" /></phr></stem><stem n="collection-oper"><phr n="collection-operations"><ent r="3" t="58" w="59" /></phr></stem><stem n="pilotgroup"><phr n="PilotGroup"><ent r="4" t="58" w="67" /><ent r="4" t="58" w="130" /><ent r="4" t="58" w="215" /><ent r="4" t="58" w="274" /></phr></stem><stem n="group"><phr n="group"><ent r="5" t="58" w="69" /><ent r="5" t="58" w="76" /><ent r="5" t="58" w="81" /><ent r="5" t="58" w="89" /><ent r="5" t="58" w="100" /><ent r="5" t="58" w="126" /><ent r="5" t="58" w="142" /><ent r="5" t="58" w="147" /><ent r="5" t="58" w="155" /><ent r="5" t="58" w="168" /><ent r="5" t="58" w="217" /><ent r="5" t="58" w="224" /><ent r="5" t="58" w="229" /><ent r="5" t="58" w="237" /><ent r="5" t="58" w="251" /><ent r="5" t="58" w="270" /><ent r="5" t="58" w="286" /><ent r="5" t="58" w="291" /><ent r="5" t="58" w="299" /><ent r="5" t="58" w="315" /></phr><phr n="grouping"><ent r="3" t="261" w="76" /></phr><phr n="grouped"><ent r="3" t="290" w="232" /></phr><phr n="Group"><ent r="3" t="290" w="236" /></phr></stem><stem n="findgroup"><phr n="FindGroup"><ent r="4" t="58" w="71" /><ent r="4" t="58" w="131" /><ent r="4" t="58" w="219" /><ent r="4" t="58" w="275" /></phr></stem><stem n=".pilots[0];"><phr n=".Pilots[0];"><ent r="4" t="58" w="80" /><ent r="4" t="58" w="228" /></phr></stem><stem n="pilots.remov"><phr n="Pilots.Remove"><ent r="4" t="58" w="84" /><ent r="4" t="58" w="83" /><ent r="4" t="58" w="150" /><ent r="4" t="58" w="149" /><ent r="4" t="58" w="232" /><ent r="4" t="58" w="231" /><ent r="4" t="58" w="294" /><ent r="4" t="58" w="293" /></phr></stem><stem n=".pilots.remove(pilot);"><phr n=".Pilots.Remove(pilot);"><ent r="4" t="58" w="86" /><ent r="4" t="58" w="234" /></phr></stem><stem n=".pilots);"><phr n=".Pilots);"><ent r="4" t="58" w="92" /><ent r="4" t="58" w="240" /></phr></stem><stem n="(3,"><phr n="(3,"><ent r="4" t="58" w="94" /><ent r="4" t="58" w="160" /></phr></stem><stem n="(2,"><phr n="(2,"><ent r="4" t="58" w="99" /><ent r="4" t="58" w="167" /><ent r="4" t="58" w="245" /><ent r="4" t="58" w="250" /><ent r="4" t="58" w="307" /><ent r="4" t="58" w="314" /></phr></stem><stem n="pilots.count"><phr n="Pilots.Count"><ent r="4" t="58" w="103" /><ent r="4" t="58" w="102" /><ent r="4" t="58" w="254" /><ent r="4" t="58" w="253" /></phr><phr n="pilots.Count"><ent r="4" t="253" w="130" /><ent r="4" t="253" w="129" /><ent r="4" t="253" w="384" /><ent r="4" t="253" w="383" /></phr></stem><stem n=".pilots.count);"><phr n=".Pilots.Count);"><ent r="4" t="58" w="104" /><ent r="4" t="58" w="255" /></phr></stem><stem n=".pilots(0)"><phr n=".Pilots(0)"><ent r="4" t="58" w="146" /><ent r="4" t="58" w="290" /></phr></stem><stem n=".pilots.remove(pilot)"><phr n=".Pilots.Remove(pilot)"><ent r="4" t="58" w="152" /><ent r="4" t="58" w="296" /></phr></stem><stem n=".pilots)"><phr n=".Pilots)"><ent r="4" t="58" w="158" /><ent r="4" t="58" w="302" /></phr></stem><stem n=".pilots."><phr n=".Pilots."><ent r="4" t="58" w="171" /><ent r="4" t="58" w="318" /></phr></stem><stem n="-member,"><phr n="-member,"><ent r="3" t="58" w="208" /><ent r="3" t="58" w="208" /></phr></stem><stem n="entri"><phr n="entry"><ent r="3" t="59" w="33" /><ent r="3" t="61" w="48" /><ent r="4" t="72" w="186" /><ent r="4" t="72" w="221" /><ent r="6" t="299" w="191" /></phr><phr n="Entry"><ent r="92" t="72" w="163" /></phr><phr n="entries"><ent r="5" t="72" w="177" /><ent r="5" t="72" w="212" /><ent r="3" t="72" w="235" /><ent r="3" t="72" w="248" /><ent r="64" t="262" w="42" /></phr><phr n="Entries"><ent r="4" t="306" w="589" /></phr></stem><stem n="insert"><phr n="insert"><ent r="3" t="59" w="42" /><ent r="3" t="75" w="193" /><ent r="4" t="286" w="121" /></phr><phr n="inserts"><ent r="3" t="90" w="60" /><ent r="3" t="203" w="122" /><ent r="4" t="286" w="139" /><ent r="4" t="286" w="183" /></phr><phr n="Inserting"><ent r="4" t="123" w="19" /><ent r="64" t="123" w="155" /><ent r="1000" t="125" w="1" /><ent r="102" t="125" w="22" /></phr><phr n="Insert"><ent r="100" t="125" w="8" /><ent r="100" t="125" w="16" /></phr></stem><stem n="&quot;ad"><phr n="&quot;Adding"><ent r="64" t="59" w="90" /></phr><phr n="&quot;Added"><ent r="5" t="96" w="715" /><ent r="5" t="96" w="858" /></phr></stem><stem n="auto"><phr n="auto"><ent r="3" t="59" w="114" /><ent r="3" t="99" w="13" /><ent r="3" t="99" w="63" /><ent r="3" t="99" w="108" /><ent r="3" t="99" w="121" /><ent r="3" t="99" w="234" /><ent r="3" t="99" w="245" /><ent r="4" t="99" w="314" /><ent r="4" t="99" w="419" /><ent r="3" t="99" w="441" /><ent r="3" t="99" w="456" /><ent r="3" t="99" w="626" /><ent r="3" t="99" w="892" /><ent r="64" t="223" w="119" /><ent r="64" t="251" w="249" /><ent r="3" t="264" w="120" /><ent r="64" t="264" w="150" /><ent r="3" t="264" w="326" /><ent r="3" t="264" w="373" /><ent r="4" t="264" w="401" /><ent r="4" t="264" w="438" /><ent r="3" t="266" w="221" /><ent r="3" t="266" w="252" /></phr><phr n="Auto"><ent r="4" t="98" w="28" /><ent r="100" t="264" w="4" /><ent r="4" t="264" w="54" /><ent r="4" t="264" w="85" /><ent r="4" t="264" w="220" /><ent r="4" t="264" w="294" /><ent r="92" t="264" w="308" /><ent r="3" t="266" w="226" /></phr></stem><stem n="auto-properti"><phr n="auto-properties"><ent r="3" t="59" w="114" /><ent r="64" t="223" w="119" /><ent r="3" t="264" w="326" /><ent r="3" t="266" w="221" /><ent r="3" t="266" w="252" /></phr><phr n="auto-property"><ent r="3" t="264" w="120" /><ent r="64" t="264" w="150" /></phr></stem><stem n="-properties."><phr n="-properties."><ent r="3" t="59" w="116" /><ent r="3" t="59" w="116" /><ent r="3" t="264" w="328" /><ent r="3" t="264" w="328" /><ent r="3" t="266" w="254" /><ent r="3" t="266" w="254" /></phr></stem><stem n="[indexed]"><phr n="[Indexed]"><ent r="4" t="59" w="118" /><ent r="4" t="223" w="148" /></phr></stem><stem n="zipcod"><phr n="zipCode"><ent r="4" t="59" w="123" /><ent r="4" t="59" w="143" /><ent r="4" t="223" w="153" /><ent r="4" t="223" w="173" /></phr></stem><stem n="city.c"><phr n="City.cs"><ent r="4" t="59" w="126" /><ent r="4" t="59" w="125" /><ent r="4" t="223" w="156" /><ent r="4" t="223" w="155" /></phr></stem><stem n="&lt;index"><phr n="&lt;Indexed"><ent r="4" t="59" w="137" /><ent r="4" t="223" w="167" /></phr></stem><stem n="_zipcod"><phr n="_zipCode"><ent r="4" t="59" w="143" /><ent r="4" t="223" w="173" /></phr></stem><stem n="m_zipcod"><phr n="m_zipCode"><ent r="4" t="59" w="143" /><ent r="4" t="59" w="142" /><ent r="4" t="223" w="173" /><ent r="4" t="223" w="172" /></phr></stem><stem n="city.vb"><phr n="City.vb"><ent r="4" t="59" w="150" /><ent r="4" t="59" w="149" /><ent r="4" t="223" w="180" /><ent r="4" t="223" w="179" /></phr></stem><stem n="extern"><phr n="externally"><ent r="3" t="59" w="170" /><ent r="3" t="223" w="195" /></phr><phr n="external"><ent r="3" t="98" w="13" /><ent r="4" t="98" w="37" /><ent r="3" t="99" w="79" /><ent r="3" t="178" w="106" /><ent r="3" t="252" w="115" /><ent r="3" t="281" w="41" /></phr><phr n="External"><ent r="4" t="306" w="593" /></phr></stem><stem n="configuration.common.objectclass"><phr n="configuration.Common.ObjectClass"><ent r="4" t="59" w="178" /><ent r="4" t="59" w="176" /><ent r="4" t="59" w="216" /><ent r="4" t="59" w="214" /><ent r="4" t="67" w="125" /><ent r="4" t="67" w="123" /><ent r="4" t="67" w="174" /><ent r="4" t="67" w="172" /><ent r="4" t="99" w="1053" /><ent r="4" t="99" w="1051" /><ent r="4" t="99" w="1082" /><ent r="4" t="99" w="1080" /><ent r="4" t="112" w="63" /><ent r="4" t="112" w="61" /><ent r="4" t="112" w="95" /><ent r="4" t="112" w="93" /><ent r="4" t="112" w="1388" /><ent r="4" t="112" w="1386" /><ent r="4" t="112" w="1423" /><ent r="4" t="112" w="1421" /><ent r="4" t="114" w="728" /><ent r="4" t="114" w="726" /><ent r="4" t="114" w="775" /><ent r="4" t="114" w="773" /><ent r="4" t="120" w="74" /><ent r="4" t="120" w="72" /><ent r="4" t="120" w="107" /><ent r="4" t="120" w="105" /><ent r="4" t="120" w="175" /><ent r="4" t="120" w="173" /><ent r="4" t="120" w="206" /><ent r="4" t="120" w="204" /><ent r="4" t="145" w="182" /><ent r="4" t="145" w="180" /><ent r="4" t="145" w="214" /><ent r="4" t="145" w="212" /><ent r="4" t="146" w="215" /><ent r="4" t="146" w="213" /><ent r="4" t="146" w="247" /><ent r="4" t="146" w="245" /><ent r="4" t="152" w="167" /><ent r="4" t="152" w="165" /><ent r="4" t="152" w="199" /><ent r="4" t="152" w="197" /><ent r="4" t="180" w="142" /><ent r="4" t="180" w="140" /><ent r="4" t="180" w="183" /><ent r="4" t="180" w="181" /><ent r="4" t="210" w="65" /><ent r="4" t="210" w="63" /><ent r="4" t="210" w="97" /><ent r="4" t="210" w="95" /><ent r="4" t="211" w="26" /><ent r="4" t="211" w="24" /><ent r="4" t="211" w="62" /><ent r="4" t="211" w="60" /><ent r="4" t="212" w="47" /><ent r="4" t="212" w="45" /><ent r="4" t="212" w="83" /><ent r="4" t="212" w="81" /><ent r="4" t="213" w="73" /><ent r="4" t="213" w="71" /><ent r="4" t="213" w="109" /><ent r="4" t="213" w="107" /><ent r="4" t="214" w="48" /><ent r="4" t="214" w="46" /><ent r="4" t="214" w="81" /><ent r="4" t="214" w="79" /><ent r="4" t="215" w="29" /><ent r="4" t="215" w="27" /><ent r="4" t="215" w="64" /><ent r="4" t="215" w="62" /><ent r="4" t="216" w="51" /><ent r="4" t="216" w="49" /><ent r="4" t="216" w="83" /><ent r="4" t="216" w="81" /><ent r="4" t="217" w="51" /><ent r="4" t="217" w="49" /><ent r="4" t="217" w="83" /><ent r="4" t="217" w="81" /><ent r="4" t="218" w="83" /><ent r="4" t="218" w="81" /><ent r="4" t="218" w="115" /><ent r="4" t="218" w="113" /><ent r="4" t="219" w="32" /><ent r="4" t="219" w="30" /><ent r="4" t="219" w="67" /><ent r="4" t="219" w="65" /><ent r="4" t="220" w="43" /><ent r="4" t="220" w="41" /><ent r="4" t="220" w="80" /><ent r="4" t="220" w="78" /><ent r="4" t="221" w="36" /><ent r="4" t="221" w="34" /><ent r="4" t="221" w="70" /><ent r="4" t="221" w="68" /><ent r="4" t="222" w="64" /><ent r="4" t="222" w="62" /><ent r="4" t="222" w="96" /><ent r="4" t="222" w="94" /><ent r="4" t="223" w="207" /><ent r="4" t="223" w="205" /><ent r="4" t="223" w="245" /><ent r="4" t="223" w="243" /><ent r="4" t="223" w="357" /><ent r="4" t="223" w="355" /><ent r="4" t="223" w="401" /><ent r="4" t="223" w="399" /><ent r="4" t="223" w="480" /><ent r="4" t="223" w="478" /><ent r="4" t="223" w="524" /><ent r="4" t="223" w="522" /><ent r="4" t="223" w="582" /><ent r="4" t="223" w="580" /><ent r="4" t="223" w="626" /><ent r="4" t="223" w="624" /><ent r="4" t="223" w="681" /><ent r="4" t="223" w="679" /><ent r="4" t="223" w="718" /><ent r="4" t="223" w="716" /><ent r="4" t="250" w="169" /><ent r="4" t="250" w="167" /><ent r="4" t="250" w="198" /><ent r="4" t="250" w="196" /><ent r="4" t="251" w="176" /><ent r="4" t="251" w="174" /><ent r="4" t="251" w="205" /><ent r="4" t="251" w="203" /><ent r="4" t="264" w="383" /><ent r="4" t="264" w="381" /><ent r="4" t="264" w="421" /><ent r="4" t="264" w="419" /></phr></stem><stem n="(person)).objectfield("><phr n="(Person)).ObjectField("><ent r="4" t="59" w="184" /><ent r="4" t="59" w="222" /><ent r="4" t="223" w="213" /><ent r="4" t="223" w="251" /><ent r="4" t="223" w="363" /><ent r="4" t="223" w="407" /><ent r="4" t="223" w="486" /><ent r="4" t="223" w="530" /><ent r="4" t="223" w="588" /><ent r="4" t="223" w="632" /><ent r="4" t="223" w="687" /><ent r="4" t="223" w="724" /><ent r="4" t="264" w="389" /><ent r="4" t="264" w="427" /></phr></stem><stem n=").indexed("><phr n=").Indexed("><ent r="4" t="59" w="188" /><ent r="4" t="59" w="226" /><ent r="4" t="67" w="135" /><ent r="4" t="67" w="184" /><ent r="4" t="99" w="1063" /><ent r="4" t="99" w="1092" /><ent r="4" t="223" w="217" /><ent r="4" t="223" w="255" /><ent r="4" t="250" w="179" /><ent r="4" t="250" w="208" /><ent r="4" t="251" w="186" /><ent r="4" t="251" w="215" /><ent r="4" t="264" w="394" /><ent r="4" t="264" w="431" /></phr></stem><stem n="objectfieldconfigur"><phr n="ObjectFieldConfigurations"><ent r="4" t="59" w="192" /><ent r="4" t="59" w="230" /><ent r="4" t="223" w="221" /><ent r="4" t="223" w="259" /><ent r="4" t="223" w="371" /><ent r="4" t="223" w="415" /><ent r="4" t="223" w="494" /><ent r="4" t="223" w="538" /><ent r="4" t="223" w="596" /><ent r="4" t="223" w="640" /><ent r="4" t="223" w="695" /><ent r="4" t="223" w="732" /></phr></stem><stem n="objectfieldconfigurations.c"><phr n="ObjectFieldConfigurations.cs"><ent r="4" t="59" w="193" /><ent r="4" t="59" w="192" /><ent r="4" t="223" w="222" /><ent r="4" t="223" w="221" /><ent r="4" t="223" w="372" /><ent r="4" t="223" w="371" /><ent r="4" t="223" w="495" /><ent r="4" t="223" w="494" /><ent r="4" t="223" w="597" /><ent r="4" t="223" w="596" /><ent r="4" t="223" w="696" /><ent r="4" t="223" w="695" /></phr></stem><stem n="objectfieldconfigurations.vb"><phr n="ObjectFieldConfigurations.vb"><ent r="4" t="59" w="231" /><ent r="4" t="59" w="230" /><ent r="4" t="223" w="260" /><ent r="4" t="223" w="259" /><ent r="4" t="223" w="416" /><ent r="4" t="223" w="415" /><ent r="4" t="223" w="539" /><ent r="4" t="223" w="538" /><ent r="4" t="223" w="641" /><ent r="4" t="223" w="640" /><ent r="4" t="223" w="733" /><ent r="4" t="223" w="732" /></phr></stem><stem n="&quot;when"><phr n="&quot;When"><ent r="64" t="59" w="275" /></phr></stem><stem n="update-oper"><phr n="update-operations"><ent r="4" t="59" w="374" /></phr></stem><stem n="-operations."><phr n="-operations."><ent r="4" t="59" w="376" /><ent r="4" t="59" w="376" /></phr></stem><stem n="substanti"><phr n="substantial"><ent r="4" t="59" w="381" /></phr></stem><stem n="neglig"><phr n="negligible"><ent r="4" t="59" w="392" /></phr></stem><stem n="'000"><phr n="'000"><ent r="4" t="59" w="403" /><ent r="3" t="150" w="178" /></phr></stem><stem n="10'000"><phr n="10'000"><ent r="4" t="59" w="403" /><ent r="4" t="59" w="402" /><ent r="3" t="61" w="148" /><ent r="3" t="61" w="147" /></phr></stem><stem n="&quot;cost"><phr n="&quot;Costs"><ent r="64" t="60" w="33" /></phr></stem><stem n="speed"><phr n="speed"><ent r="3" t="60" w="56" /><ent r="3" t="64" w="19" /><ent r="3" t="79" w="90" /><ent r="3" t="164" w="69" /><ent r="3" t="223" w="130" /><ent r="3" t="282" w="19" /></phr></stem><stem n="alreadi"><phr n="already"><ent r="3" t="60" w="90" /><ent r="3" t="66" w="579" /><ent r="3" t="78" w="108" /><ent r="3" t="109" w="59" /><ent r="3" t="109" w="276" /><ent r="3" t="127" w="116" /><ent r="7" t="128" w="85" /><ent r="6" t="128" w="105" /><ent r="7" t="128" w="140" /><ent r="6" t="128" w="163" /><ent r="3" t="153" w="59" /><ent r="3" t="153" w="72" /><ent r="3" t="174" w="245" /><ent r="3" t="241" w="116" /><ent r="3" t="306" w="507" /></phr></stem><stem n="-api"><phr n="-API"><ent r="64" t="60" w="150" /><ent r="64" t="60" w="150" /><ent r="5" t="116" w="111" /><ent r="5" t="116" w="111" /></phr></stem><stem n="diagnostic-api"><phr n="diagnostic-API"><ent r="64" t="60" w="150" /></phr></stem><stem n="loadedfromclassindex-messag"><phr n="LoadedFromClassIndex-message"><ent r="3" t="60" w="158" /></phr></stem><stem n="arriv"><phr n="arrives"><ent r="3" t="60" w="164" /></phr><phr n="arriving"><ent r="3" t="236" w="254" /><ent r="3" t="236" w="274" /></phr></stem><stem n="didn"><phr n="didn"><ent r="3" t="60" w="167" /></phr></stem><stem n="didn't"><phr n="didn't"><ent r="3" t="60" w="168" /><ent r="3" t="60" w="167" /></phr></stem><stem n="-point"><phr n="-point"><ent r="3" t="60" w="177" /><ent r="3" t="60" w="177" /></phr></stem><stem n="break-point"><phr n="break-point"><ent r="3" t="60" w="177" /></phr></stem><stem n="message-output"><phr n="message-output"><ent r="3" t="60" w="181" /></phr></stem><stem n="indexdiagnost"><phr n="IndexDiagnostics"><ent r="4" t="60" w="201" /><ent r="4" t="60" w="253" /><ent r="4" t="60" w="341" /><ent r="4" t="60" w="365" /></phr></stem><stem n="((loadedfromclassindex)"><phr n="((LoadedFromClassIndex)"><ent r="4" t="60" w="232" /></phr></stem><stem n=").reason());"><phr n=").Reason());"><ent r="4" t="60" w="234" /></phr></stem><stem n=".writeline(diagnostic);"><phr n=".WriteLine(diagnostic);"><ent r="4" t="60" w="237" /></phr></stem><stem n="wheretoindexexampl"><phr n="WhereToIndexExample"><ent r="4" t="60" w="238" /><ent r="4" t="60" w="323" /><ent r="4" t="60" w="343" /><ent r="4" t="60" w="367" /></phr></stem><stem n="wheretoindexexample.c"><phr n="WhereToIndexExample.cs"><ent r="4" t="60" w="239" /><ent r="4" t="60" w="238" /><ent r="4" t="60" w="344" /><ent r="4" t="60" w="343" /></phr></stem><stem n="(diagnostic,"><phr n="(diagnostic,"><ent r="4" t="60" w="305" /></phr></stem><stem n=").reason())"><phr n=").Reason())"><ent r="4" t="60" w="307" /></phr></stem><stem n=".writeline(diagnostic)"><phr n=".WriteLine(diagnostic)"><ent r="4" t="60" w="310" /></phr></stem><stem n="wheretoindexexample.vb"><phr n="WhereToIndexExample.vb"><ent r="4" t="60" w="324" /><ent r="4" t="60" w="323" /><ent r="4" t="60" w="368" /><ent r="4" t="60" w="367" /></phr></stem><stem n="paid"><phr n="paid"><ent r="3" t="61" w="53" /></phr></stem><stem n="tradeoff"><phr n="tradeoff"><ent r="3" t="61" w="65" /><ent r="3" t="146" w="172" /></phr></stem><stem n="mostli"><phr n="mostly"><ent r="3" t="61" w="73" /><ent r="5" t="116" w="114" /><ent r="3" t="218" w="66" /></phr></stem><stem n="measur"><phr n="measure"><ent r="3" t="61" w="113" /></phr></stem><stem n="influenc"><phr n="influence"><ent r="3" t="61" w="137" /><ent r="3" t="79" w="66" /><ent r="3" t="123" w="37" /><ent r="3" t="150" w="166" /></phr><phr n="influences"><ent r="3" t="197" w="55" /><ent r="3" t="282" w="394" /></phr></stem><stem n="(10'000"><phr n="(10'000"><ent r="3" t="61" w="148" /></phr></stem><stem n=":limit"><phr n=":Limitations"><ent r="100" t="62" w="6" /></phr></stem><stem n="doubl"><phr n="double"><ent r="3" t="62" w="39" /><ent r="5" t="254" w="95" /><ent r="5" t="254" w="221" /></phr><phr n="doubles"><ent r="4" t="103" w="92" /></phr><phr n="doubled"><ent r="3" t="188" w="418" /></phr></stem><stem n="decim"><phr n="decimals"><ent r="4" t="62" w="41" /></phr></stem><stem n="enum"><phr n="enums"><ent r="4" t="62" w="42" /><ent r="3" t="111" w="74" /><ent r="64" t="292" w="20" /><ent r="3" t="292" w="200" /></phr><phr n="Enums"><ent r="4" t="103" w="106" /><ent r="1000" t="110" w="4" /><ent r="102" t="110" w="11" /><ent r="67" t="287" w="138" /><ent r="100" t="292" w="11" /></phr><phr n="Enum"><ent r="100" t="110" w="6" /><ent r="100" t="111" w="4" /><ent r="92" t="112" w="240" /><ent r="1000" t="292" w="2" /><ent r="102" t="292" w="14" /><ent r="3" t="292" w="156" /><ent r="4" t="292" w="202" /><ent r="4" t="292" w="206" /><ent r="3" t="292" w="241" /></phr><phr n="enum"><ent r="3" t="111" w="58" /><ent r="3" t="292" w="43" /><ent r="3" t="292" w="68" /><ent r="3" t="292" w="96" /><ent r="3" t="292" w="108" /><ent r="3" t="292" w="122" /><ent r="3" t="292" w="133" /><ent r="3" t="292" w="175" /><ent r="3" t="292" w="212" /><ent r="3" t="292" w="222" /><ent r="3" t="292" w="258" /><ent r="3" t="300" w="60" /><ent r="6" t="300" w="92" /><ent r="6" t="300" w="103" /></phr></stem><stem n="datetim"><phr n="DateTime"><ent r="4" t="62" w="123" /><ent r="4" t="193" w="175" /><ent r="4" t="193" w="206" /><ent r="4" t="193" w="245" /><ent r="4" t="193" w="272" /><ent r="4" t="193" w="432" /><ent r="4" t="193" w="474" /><ent r="4" t="193" w="522" /><ent r="4" t="193" w="552" /></phr></stem><stem n="datetimeoffset"><phr n="DateTimeOffset"><ent r="4" t="62" w="124" /></phr></stem><stem n="guid"><phr n="Guid"><ent r="4" t="62" w="126" /><ent r="93" t="247" w="166" /><ent r="4" t="247" w="176" /><ent r="4" t="247" w="193" /><ent r="9" t="247" w="235" /><ent r="9" t="247" w="243" /><ent r="9" t="247" w="261" /><ent r="1000" t="250" w="2" /><ent r="103" t="250" w="6" /><ent r="4" t="250" w="16" /><ent r="4" t="250" w="33" /><ent r="4" t="250" w="59" /><ent r="4" t="250" w="69" /><ent r="4" t="250" w="71" /><ent r="4" t="250" w="76" /><ent r="4" t="250" w="106" /><ent r="4" t="250" w="107" /><ent r="4" t="250" w="120" /><ent r="4" t="250" w="244" /><ent r="4" t="250" w="280" /><ent r="4" t="260" w="373" /></phr><phr n="guided"><ent r="3" t="192" w="41" /></phr><phr n="guide"><ent r="3" t="239" w="66" /><ent r="3" t="280" w="55" /></phr><phr n="guid"><ent r="4" t="250" w="70" /><ent r="4" t="250" w="84" /><ent r="4" t="250" w="102" /><ent r="4" t="250" w="126" /><ent r="5" t="250" w="176" /><ent r="5" t="250" w="205" /></phr><phr n="GUID"><ent r="3" t="260" w="130" /></phr></stem></index>