﻿<?xml version="1.0" encoding="utf-8"?><index><stem n="rollback"><phr n="rollback"><ent r="3" t="33" w="251" /><ent r="3" t="34" w="198" /><ent r="3" t="34" w="203" /><ent r="3" t="34" w="277" /><ent r="3" t="34" w="283" /><ent r="4" t="34" w="369" /><ent r="4" t="34" w="432" /><ent r="3" t="34" w="484" /><ent r="3" t="48" w="224" /><ent r="3" t="48" w="230" /><ent r="64" t="54" w="13" /><ent r="3" t="54" w="35" /><ent r="3" t="54" w="54" /><ent r="3" t="54" w="62" /><ent r="3" t="54" w="86" /><ent r="3" t="54" w="98" /><ent r="3" t="54" w="101" /><ent r="4" t="54" w="157" /><ent r="4" t="54" w="190" /><ent r="3" t="54" w="202" /><ent r="4" t="54" w="245" /><ent r="4" t="54" w="295" /><ent r="3" t="54" w="306" /><ent r="3" t="66" w="117" /></phr><phr n="Rollback"><ent r="100" t="34" w="187" /><ent r="92" t="34" w="189" /><ent r="4" t="34" w="228" /><ent r="4" t="34" w="232" /><ent r="4" t="34" w="260" /><ent r="4" t="34" w="264" /><ent r="4" t="34" w="336" /><ent r="4" t="34" w="399" /><ent r="64" t="48" w="237" /><ent r="1000" t="54" w="2" /><ent r="100" t="54" w="4" /><ent r="102" t="54" w="8" /><ent r="5" t="54" w="221" /><ent r="4" t="54" w="224" /><ent r="4" t="54" w="243" /><ent r="5" t="54" w="271" /><ent r="4" t="54" w="274" /><ent r="4" t="54" w="293" /><ent r="4" t="74" w="686" /><ent r="4" t="74" w="746" /><ent r="4" t="75" w="467" /><ent r="4" t="75" w="528" /><ent r="4" t="75" w="581" /><ent r="4" t="75" w="642" /><ent r="6" t="128" w="360" /><ent r="6" t="128" w="420" /><ent r="3" t="233" w="314" /><ent r="4" t="233" w="430" /><ent r="4" t="233" w="518" /></phr><phr n="rollbacks"><ent r="64" t="49" w="172" /></phr></stem><stem n="kept"><phr n="kept"><ent r="3" t="33" w="259" /><ent r="6" t="37" w="68" /><ent r="3" t="167" w="102" /></phr></stem><stem n="crash"><phr n="crashes"><ent r="3" t="33" w="266" /><ent r="3" t="37" w="256" /><ent r="3" t="285" w="321" /></phr><phr n="crash"><ent r="3" t="34" w="107" /><ent r="3" t="179" w="244" /><ent r="3" t="185" w="84" /><ent r="3" t="185" w="86" /><ent r="2" t="238" w="51" /><ent r="4" t="238" w="144" /><ent r="4" t="238" w="376" /><ent r="4" t="278" w="105" /></phr><phr n="Crash"><ent r="6" t="37" w="41" /><ent r="92" t="285" w="299" /></phr></stem><stem n="&quot;db4o"><phr n="&quot;db4o"><ent r="64" t="33" w="277" /><ent r="64" t="65" w="210" /><ent r="64" t="65" w="284" /><ent r="64" t="261" w="154" /></phr><phr n="&quot;Db4o"><ent r="64" t="168" w="41" /></phr></stem><stem n="implicitli"><phr n="implicitly"><ent r="3" t="34" w="33" /><ent r="3" t="34" w="445" /><ent r="3" t="49" w="160" /><ent r="6" t="92" w="446" /></phr></stem><stem n="-call"><phr n="-call"><ent r="3" t="34" w="45" /><ent r="3" t="34" w="45" /></phr><phr n="-calls"><ent r="8" t="228" w="151" /><ent r="8" t="228" w="151" /><ent r="8" t="228" w="176" /><ent r="8" t="228" w="176" /></phr></stem><stem n="commit-cal"><phr n="commit-call"><ent r="3" t="34" w="45" /><ent r="3" t="34" w="120" /><ent r="3" t="37" w="260" /><ent r="3" t="174" w="175" /></phr></stem><stem n="commit-method"><phr n="commit-method"><ent r="3" t="34" w="69" /></phr></stem><stem n="finish"><phr n="finished"><ent r="3" t="34" w="86" /><ent r="6" t="97" w="200" /><ent r="4" t="102" w="162" /><ent r="3" t="104" w="67" /></phr><phr n="finishes"><ent r="3" t="35" w="290" /><ent r="3" t="76" w="770" /></phr><phr n="Finish"><ent r="4" t="307" w="84" /></phr></stem><stem n="everyth"><phr n="everything"><ent r="3" t="34" w="87" /><ent r="3" t="45" w="51" /><ent r="3" t="50" w="496" /><ent r="3" t="73" w="256" /><ent r="3" t="174" w="165" /><ent r="3" t="174" w="182" /><ent r="4" t="242" w="136" /><ent r="3" t="306" w="611" /></phr><phr n="Everything"><ent r="6" t="92" w="547" /></phr></stem><stem n="wrong"><phr n="wrong"><ent r="3" t="34" w="94" /><ent r="5" t="35" w="159" /><ent r="5" t="35" w="262" /><ent r="3" t="55" w="38" /><ent r="5" t="76" w="639" /><ent r="5" t="76" w="742" /><ent r="3" t="127" w="322" /><ent r="3" t="244" w="16" /><ent r="3" t="244" w="83" /><ent r="3" t="253" w="8" /><ent r="3" t="292" w="151" /></phr><phr n="Wrong"><ent r="64" t="252" w="63" /><ent r="1000" t="253" w="1" /><ent r="102" t="253" w="4" /></phr></stem><stem n="commit-oper"><phr n="commit-operation"><ent r="3" t="34" w="97" /><ent r="3" t="34" w="101" /></phr></stem><stem n="interrupt"><phr n="interrupted"><ent r="3" t="34" w="104" /></phr></stem><stem n="power-off"><phr n="power-off"><ent r="3" t="34" w="105" /></phr></stem><stem n="(power-off,"><phr n="(power-off,"><ent r="3" t="34" w="107" /></phr></stem><stem n="-call."><phr n="-call."><ent r="3" t="34" w="122" /><ent r="3" t="34" w="122" /></phr></stem><stem n=".store("><phr n=".Store("><ent r="4" t="34" w="125" /><ent r="4" t="34" w="134" /><ent r="4" t="34" w="157" /><ent r="4" t="34" w="166" /><ent r="4" t="34" w="211" /><ent r="4" t="34" w="220" /><ent r="4" t="34" w="243" /><ent r="4" t="34" w="252" /><ent r="4" t="34" w="588" /><ent r="4" t="34" w="654" /><ent r="4" t="58" w="88" /><ent r="4" t="58" w="154" /><ent r="4" t="58" w="236" /><ent r="4" t="58" w="298" /><ent r="4" t="66" w="202" /><ent r="4" t="66" w="268" /><ent r="4" t="66" w="426" /><ent r="4" t="66" w="435" /><ent r="4" t="66" w="494" /><ent r="4" t="66" w="503" /><ent r="4" t="67" w="253" /><ent r="4" t="67" w="260" /><ent r="4" t="67" w="298" /><ent r="4" t="67" w="305" /><ent r="4" t="114" w="857" /><ent r="4" t="114" w="881" /><ent r="6" t="128" w="321" /><ent r="6" t="128" w="328" /><ent r="6" t="128" w="378" /><ent r="6" t="128" w="385" /><ent r="4" t="229" w="133" /><ent r="4" t="229" w="199" /><ent r="4" t="256" w="135" /><ent r="4" t="256" w="201" /><ent r="4" t="256" w="283" /><ent r="4" t="256" w="349" /></phr></stem><stem n="joanna"><phr n="Joanna"><ent r="5" t="34" w="139" /><ent r="5" t="34" w="171" /><ent r="5" t="34" w="225" /><ent r="5" t="34" w="257" /><ent r="5" t="49" w="1049" /><ent r="5" t="49" w="1184" /><ent r="5" t="50" w="722" /><ent r="5" t="50" w="793" /><ent r="5" t="50" w="989" /><ent r="5" t="50" w="1045" /><ent r="5" t="66" w="440" /><ent r="5" t="66" w="508" /></phr><phr n="joanna"><ent r="4" t="49" w="1150" /><ent r="4" t="49" w="1159" /><ent r="4" t="49" w="1176" /><ent r="4" t="49" w="1196" /></phr></stem><stem n="&quot;joanna&quot;"><phr n="&quot;Joanna&quot;"><ent r="5" t="34" w="140" /><ent r="5" t="34" w="172" /><ent r="5" t="34" w="226" /><ent r="5" t="34" w="258" /><ent r="5" t="66" w="441" /><ent r="5" t="66" w="509" /></phr></stem><stem n="container.commit"><phr n="container.Commit"><ent r="4" t="34" w="142" /><ent r="4" t="34" w="141" /><ent r="4" t="34" w="174" /><ent r="4" t="34" w="173" /><ent r="4" t="35" w="350" /><ent r="4" t="35" w="349" /><ent r="4" t="49" w="1124" /><ent r="4" t="49" w="1123" /><ent r="4" t="49" w="1272" /><ent r="4" t="49" w="1271" /><ent r="4" t="50" w="1015" /><ent r="4" t="50" w="1014" /><ent r="4" t="50" w="1076" /><ent r="4" t="50" w="1075" /><ent r="4" t="67" w="269" /><ent r="4" t="67" w="268" /><ent r="4" t="67" w="314" /><ent r="4" t="67" w="313" /><ent r="4" t="76" w="830" /><ent r="4" t="76" w="829" /><ent r="6" t="128" w="337" /><ent r="6" t="128" w="336" /><ent r="6" t="128" w="394" /><ent r="6" t="128" w="393" /></phr></stem><stem n=".commit();"><phr n=".Commit();"><ent r="4" t="34" w="143" /><ent r="4" t="35" w="351" /><ent r="4" t="49" w="1125" /><ent r="4" t="50" w="1016" /><ent r="4" t="66" w="462" /><ent r="4" t="66" w="618" /><ent r="4" t="67" w="270" /><ent r="4" t="74" w="695" /><ent r="4" t="75" w="476" /><ent r="4" t="75" w="590" /><ent r="4" t="76" w="831" /><ent r="6" t="128" w="338" /><ent r="4" t="227" w="122" /></phr></stem><stem n="transactions.c"><phr n="Transactions.cs"><ent r="4" t="34" w="145" /><ent r="4" t="34" w="144" /><ent r="4" t="34" w="231" /><ent r="4" t="34" w="230" /><ent r="4" t="34" w="365" /><ent r="4" t="34" w="364" /></phr></stem><stem n=".commit()"><phr n=".Commit()"><ent r="4" t="34" w="175" /><ent r="4" t="49" w="1273" /><ent r="4" t="50" w="1077" /><ent r="4" t="66" w="532" /><ent r="4" t="66" w="706" /><ent r="4" t="67" w="315" /><ent r="4" t="74" w="754" /><ent r="4" t="75" w="536" /><ent r="4" t="75" w="650" /><ent r="6" t="128" w="395" /><ent r="4" t="227" w="211" /></phr></stem><stem n="transactions.vb"><phr n="Transactions.vb"><ent r="4" t="34" w="177" /><ent r="4" t="34" w="176" /><ent r="4" t="34" w="263" /><ent r="4" t="34" w="262" /><ent r="4" t="34" w="428" /><ent r="4" t="34" w="427" /></phr></stem><stem n="container.rollback"><phr n="container.Rollback"><ent r="4" t="34" w="228" /><ent r="4" t="34" w="227" /><ent r="4" t="34" w="260" /><ent r="4" t="34" w="259" /><ent r="4" t="34" w="336" /><ent r="4" t="34" w="335" /><ent r="4" t="34" w="399" /><ent r="4" t="34" w="398" /><ent r="4" t="54" w="224" /><ent r="4" t="54" w="223" /><ent r="4" t="54" w="274" /><ent r="4" t="54" w="273" /><ent r="6" t="128" w="360" /><ent r="6" t="128" w="359" /><ent r="6" t="128" w="420" /><ent r="6" t="128" w="419" /></phr></stem><stem n=".rollback();"><phr n=".Rollback();"><ent r="4" t="34" w="229" /><ent r="4" t="34" w="337" /><ent r="4" t="54" w="225" /><ent r="4" t="74" w="687" /><ent r="4" t="75" w="468" /><ent r="4" t="75" w="582" /><ent r="6" t="128" w="361" /><ent r="4" t="233" w="431" /></phr></stem><stem n=".rollback()"><phr n=".Rollback()"><ent r="4" t="34" w="261" /><ent r="4" t="34" w="400" /><ent r="4" t="54" w="275" /><ent r="4" t="74" w="747" /><ent r="4" t="75" w="529" /><ent r="4" t="75" w="643" /><ent r="6" t="128" w="421" /><ent r="4" t="233" w="519" /></phr></stem><stem n="refresh"><phr n="refresh"><ent r="3" t="34" w="317" /><ent r="5" t="34" w="339" /><ent r="5" t="34" w="402" /><ent r="3" t="66" w="595" /><ent r="5" t="66" w="640" /><ent r="5" t="66" w="728" /><ent r="3" t="101" w="32" /><ent r="3" t="101" w="67" /><ent r="3" t="101" w="88" /><ent r="3" t="101" w="101" /><ent r="4" t="101" w="156" /><ent r="4" t="101" w="193" /><ent r="4" t="101" w="269" /><ent r="4" t="227" w="302" /><ent r="3" t="227" w="357" /><ent r="3" t="228" w="60" /><ent r="3" t="228" w="78" /><ent r="3" t="228" w="90" /><ent r="8" t="228" w="122" /><ent r="8" t="228" w="127" /><ent r="8" t="228" w="151" /><ent r="8" t="228" w="176" /><ent r="3" t="228" w="208" /><ent r="3" t="228" w="212" /><ent r="3" t="228" w="223" /><ent r="3" t="228" w="226" /><ent r="4" t="228" w="243" /><ent r="4" t="228" w="264" /><ent r="3" t="228" w="287" /></phr><phr n="Refresh"><ent r="4" t="34" w="357" /><ent r="4" t="34" w="366" /><ent r="4" t="34" w="420" /><ent r="4" t="34" w="429" /><ent r="4" t="66" w="645" /><ent r="4" t="66" w="733" /><ent r="4" t="101" w="145" /><ent r="4" t="101" w="256" /><ent r="4" t="227" w="142" /><ent r="4" t="227" w="231" /><ent r="4" t="228" w="234" /><ent r="4" t="228" w="255" /></phr><phr n="refreshed"><ent r="3" t="66" w="584" /><ent r="3" t="227" w="93" /><ent r="8" t="228" w="162" /></phr><phr n="refreshing"><ent r="5" t="227" w="150" /><ent r="5" t="227" w="239" /><ent r="8" t="228" w="111" /></phr><phr n="Refreshing"><ent r="65" t="227" w="325" /><ent r="1000" t="228" w="1" /><ent r="102" t="228" w="4" /><ent r="6" t="228" w="103" /><ent r="92" t="228" w="203" /><ent r="92" t="228" w="277" /></phr></stem><stem n="container.ext"><phr n="container.Ext"><ent r="4" t="34" w="356" /><ent r="4" t="34" w="355" /><ent r="4" t="34" w="419" /><ent r="4" t="34" w="418" /><ent r="4" t="40" w="339" /><ent r="4" t="40" w="338" /><ent r="4" t="45" w="540" /><ent r="4" t="45" w="539" /><ent r="4" t="63" w="46" /><ent r="4" t="63" w="45" /><ent r="4" t="63" w="132" /><ent r="4" t="63" w="131" /><ent r="4" t="64" w="94" /><ent r="4" t="64" w="93" /><ent r="4" t="64" w="136" /><ent r="4" t="64" w="135" /><ent r="4" t="68" w="27" /><ent r="4" t="68" w="26" /><ent r="4" t="68" w="51" /><ent r="4" t="68" w="50" /><ent r="4" t="68" w="102" /><ent r="4" t="68" w="101" /><ent r="4" t="68" w="129" /><ent r="4" t="68" w="128" /><ent r="4" t="69" w="142" /><ent r="4" t="69" w="141" /><ent r="4" t="69" w="169" /><ent r="4" t="69" w="168" /><ent r="4" t="69" w="232" /><ent r="4" t="69" w="231" /><ent r="4" t="69" w="254" /><ent r="4" t="69" w="253" /><ent r="4" t="69" w="293" /><ent r="4" t="69" w="292" /><ent r="4" t="69" w="315" /><ent r="4" t="69" w="314" /><ent r="4" t="69" w="493" /><ent r="4" t="69" w="492" /><ent r="4" t="69" w="519" /><ent r="4" t="69" w="518" /><ent r="4" t="69" w="574" /><ent r="4" t="69" w="573" /><ent r="4" t="69" w="596" /><ent r="4" t="69" w="595" /><ent r="4" t="69" w="625" /><ent r="4" t="69" w="624" /><ent r="4" t="69" w="647" /><ent r="4" t="69" w="646" /><ent r="4" t="70" w="112" /><ent r="4" t="70" w="111" /><ent r="4" t="70" w="137" /><ent r="4" t="70" w="136" /><ent r="4" t="70" w="172" /><ent r="4" t="70" w="171" /><ent r="4" t="70" w="209" /><ent r="4" t="70" w="208" /><ent r="4" t="70" w="326" /><ent r="4" t="70" w="325" /><ent r="4" t="70" w="457" /><ent r="4" t="70" w="456" /><ent r="4" t="70" w="671" /><ent r="4" t="70" w="670" /><ent r="4" t="70" w="740" /><ent r="4" t="70" w="739" /><ent r="4" t="72" w="33" /><ent r="4" t="72" w="32" /><ent r="4" t="72" w="67" /><ent r="4" t="72" w="66" /><ent r="4" t="72" w="170" /><ent r="4" t="72" w="169" /><ent r="4" t="72" w="205" /><ent r="4" t="72" w="204" /><ent r="4" t="72" w="273" /><ent r="4" t="72" w="272" /><ent r="4" t="72" w="306" /><ent r="4" t="72" w="305" /><ent r="4" t="99" w="497" /><ent r="4" t="99" w="496" /><ent r="4" t="99" w="584" /><ent r="4" t="99" w="583" /><ent r="4" t="121" w="290" /><ent r="4" t="121" w="289" /><ent r="4" t="121" w="453" /><ent r="4" t="121" w="452" /><ent r="4" t="189" w="26" /><ent r="4" t="189" w="25" /><ent r="4" t="189" w="53" /><ent r="4" t="189" w="52" /><ent r="4" t="235" w="116" /><ent r="4" t="235" w="115" /><ent r="4" t="235" w="163" /><ent r="4" t="235" w="162" /><ent r="4" t="235" w="202" /><ent r="4" t="235" w="201" /><ent r="4" t="235" w="254" /><ent r="4" t="235" w="253" /><ent r="4" t="248" w="78" /><ent r="4" t="248" w="77" /><ent r="4" t="248" w="105" /><ent r="4" t="248" w="104" /><ent r="4" t="248" w="168" /><ent r="4" t="248" w="167" /><ent r="4" t="248" w="190" /><ent r="4" t="248" w="189" /><ent r="4" t="248" w="229" /><ent r="4" t="248" w="228" /><ent r="4" t="248" w="251" /><ent r="4" t="248" w="250" /><ent r="4" t="249" w="125" /><ent r="4" t="249" w="124" /><ent r="4" t="249" w="151" /><ent r="4" t="249" w="150" /><ent r="4" t="249" w="208" /><ent r="4" t="249" w="207" /><ent r="4" t="249" w="230" /><ent r="4" t="249" w="229" /><ent r="4" t="249" w="259" /><ent r="4" t="249" w="258" /><ent r="4" t="249" w="281" /><ent r="4" t="249" w="280" /><ent r="4" t="257" w="473" /><ent r="4" t="257" w="472" /><ent r="4" t="281" w="318" /><ent r="4" t="281" w="317" /><ent r="4" t="281" w="345" /><ent r="4" t="281" w="344" /><ent r="4" t="281" w="349" /><ent r="4" t="281" w="348" /><ent r="4" t="281" w="429" /><ent r="4" t="281" w="428" /><ent r="4" t="281" w="460" /><ent r="4" t="281" w="459" /><ent r="4" t="281" w="465" /><ent r="4" t="281" w="464" /></phr></stem><stem n="ext"><phr n="Ext"><ent r="4" t="34" w="356" /><ent r="4" t="34" w="419" /><ent r="4" t="34" w="575" /><ent r="4" t="34" w="641" /><ent r="4" t="40" w="339" /><ent r="4" t="45" w="540" /><ent r="4" t="63" w="46" /><ent r="4" t="63" w="132" /><ent r="4" t="64" w="94" /><ent r="4" t="64" w="136" /><ent r="4" t="66" w="189" /><ent r="4" t="66" w="255" /><ent r="4" t="66" w="644" /><ent r="4" t="66" w="732" /><ent r="4" t="68" w="27" /><ent r="4" t="68" w="51" /><ent r="4" t="68" w="102" /><ent r="4" t="68" w="129" /><ent r="4" t="69" w="142" /><ent r="4" t="69" w="169" /><ent r="4" t="69" w="232" /><ent r="4" t="69" w="254" /><ent r="4" t="69" w="293" /><ent r="4" t="69" w="315" /><ent r="4" t="69" w="493" /><ent r="4" t="69" w="519" /><ent r="4" t="69" w="574" /><ent r="4" t="69" w="596" /><ent r="4" t="69" w="625" /><ent r="4" t="69" w="647" /><ent r="4" t="70" w="112" /><ent r="4" t="70" w="137" /><ent r="4" t="70" w="172" /><ent r="4" t="70" w="209" /><ent r="4" t="70" w="326" /><ent r="4" t="70" w="457" /><ent r="4" t="70" w="671" /><ent r="4" t="70" w="740" /><ent r="4" t="72" w="33" /><ent r="4" t="72" w="67" /><ent r="4" t="72" w="170" /><ent r="4" t="72" w="205" /><ent r="4" t="72" w="273" /><ent r="4" t="72" w="306" /><ent r="4" t="76" w="201" /><ent r="4" t="76" w="283" /><ent r="4" t="76" w="388" /><ent r="4" t="76" w="451" /><ent r="4" t="96" w="549" /><ent r="4" t="96" w="589" /><ent r="4" t="99" w="497" /><ent r="4" t="99" w="584" /><ent r="4" t="101" w="144" /><ent r="4" t="101" w="255" /><ent r="4" t="121" w="290" /><ent r="4" t="121" w="453" /><ent r="4" t="189" w="26" /><ent r="4" t="189" w="53" /><ent r="4" t="227" w="141" /><ent r="4" t="227" w="230" /><ent r="4" t="227" w="434" /><ent r="4" t="227" w="452" /><ent r="4" t="227" w="483" /><ent r="4" t="227" w="507" /><ent r="4" t="228" w="233" /><ent r="4" t="228" w="254" /><ent r="4" t="232" w="224" /><ent r="4" t="232" w="264" /><ent r="4" t="233" w="466" /><ent r="4" t="233" w="559" /><ent r="4" t="235" w="116" /><ent r="4" t="235" w="163" /><ent r="4" t="235" w="202" /><ent r="4" t="235" w="254" /><ent r="4" t="248" w="78" /><ent r="4" t="248" w="105" /><ent r="4" t="248" w="168" /><ent r="4" t="248" w="190" /><ent r="4" t="248" w="229" /><ent r="4" t="248" w="251" /><ent r="4" t="249" w="125" /><ent r="4" t="249" w="151" /><ent r="4" t="249" w="208" /><ent r="4" t="249" w="230" /><ent r="4" t="249" w="259" /><ent r="4" t="249" w="281" /><ent r="4" t="256" w="122" /><ent r="4" t="256" w="188" /><ent r="4" t="257" w="473" /><ent r="5" t="265" w="559" /><ent r="4" t="281" w="318" /><ent r="4" t="281" w="345" /><ent r="4" t="281" w="349" /><ent r="4" t="281" w="429" /><ent r="4" t="281" w="460" /><ent r="4" t="281" w="465" /></phr><phr n="ext"><ent r="3" t="95" w="39" /></phr></stem><stem n=".ext().refresh(pilot,"><phr n=".Ext().Refresh(pilot,"><ent r="4" t="34" w="359" /><ent r="4" t="34" w="422" /></phr></stem><stem n="maxvalu"><phr n="MaxValue"><ent r="4" t="34" w="362" /><ent r="4" t="34" w="425" /><ent r="4" t="66" w="650" /><ent r="4" t="66" w="738" /><ent r="4" t="227" w="147" /><ent r="4" t="227" w="236" /><ent r="4" t="228" w="239" /><ent r="4" t="228" w="260" /></phr></stem><stem n=".maxvalue);"><phr n=".MaxValue);"><ent r="4" t="34" w="363" /><ent r="4" t="66" w="651" /><ent r="4" t="227" w="148" /><ent r="4" t="228" w="240" /></phr></stem><stem n=".maxvalue)"><phr n=".MaxValue)"><ent r="4" t="34" w="426" /><ent r="4" t="66" w="739" /><ent r="4" t="227" w="237" /><ent r="4" t="228" w="261" /></phr></stem><stem n="implicit"><phr n="Implicit"><ent r="92" t="34" w="440" /></phr><phr n="implicit"><ent r="4" t="286" w="239" /></phr></stem><stem n="assumpt"><phr n="assumption"><ent r="3" t="34" w="453" /></phr><phr n="assumptions"><ent r="4" t="53" w="697" /></phr></stem><stem n="prevent"><phr n="prevent"><ent r="3" t="34" w="480" /><ent r="3" t="39" w="80" /><ent r="3" t="40" w="200" /><ent r="3" t="95" w="92" /><ent r="3" t="148" w="42" /><ent r="3" t="238" w="251" /><ent r="3" t="276" w="200" /></phr><phr n="prevents"><ent r="3" t="40" w="269" /><ent r="4" t="102" w="140" /></phr></stem><stem n="bound"><phr n="bound"><ent r="3" t="34" w="500" /><ent r="5" t="49" w="522" /><ent r="5" t="49" w="632" /><ent r="4" t="113" w="71" /></phr></stem><stem n="&quot;session"><phr n="&quot;Session"><ent r="64" t="34" w="530" /><ent r="64" t="40" w="298" /><ent r="64" t="65" w="41" /><ent r="64" t="229" w="34" /></phr></stem><stem n="rootcontain"><phr n="rootContainer"><ent r="4" t="34" w="551" /><ent r="4" t="34" w="574" /><ent r="4" t="34" w="610" /><ent r="4" t="34" w="640" /><ent r="4" t="66" w="165" /><ent r="4" t="66" w="188" /><ent r="4" t="66" w="224" /><ent r="4" t="66" w="254" /><ent r="4" t="76" w="194" /><ent r="4" t="76" w="200" /><ent r="4" t="76" w="269" /><ent r="4" t="76" w="282" /><ent r="4" t="76" w="381" /><ent r="4" t="76" w="387" /><ent r="4" t="76" w="437" /><ent r="4" t="76" w="450" /><ent r="4" t="256" w="98" /><ent r="4" t="256" w="121" /><ent r="4" t="256" w="157" /><ent r="4" t="256" w="187" /></phr></stem><stem n="databasefilenam"><phr n="DatabaseFileName"><ent r="4" t="34" w="554" /><ent r="4" t="34" w="617" /><ent r="4" t="49" w="87" /><ent r="4" t="49" w="128" /><ent r="4" t="49" w="197" /><ent r="4" t="49" w="242" /><ent r="4" t="50" w="637" /><ent r="4" t="50" w="678" /><ent r="4" t="50" w="913" /><ent r="4" t="50" w="958" /><ent r="4" t="66" w="168" /><ent r="4" t="66" w="231" /><ent r="4" t="96" w="542" /><ent r="4" t="96" w="576" /><ent r="4" t="229" w="98" /><ent r="4" t="229" w="161" /><ent r="4" t="232" w="217" /><ent r="4" t="232" w="251" /><ent r="4" t="256" w="101" /><ent r="4" t="256" w="164" /><ent r="4" t="256" w="248" /><ent r="4" t="256" w="311" /><ent r="4" t="257" w="217" /><ent r="5" t="257" w="301" /></phr></stem><stem n=".openfile(databasefilename))"><phr n=".OpenFile(DatabaseFileName))"><ent r="4" t="34" w="555" /><ent r="4" t="66" w="169" /><ent r="4" t="256" w="102" /></phr></stem><stem n="db4o-sess"><phr n="db4o-session"><ent r="5" t="34" w="558" /><ent r="5" t="34" w="621" /><ent r="5" t="66" w="172" /><ent r="5" t="66" w="235" /><ent r="5" t="256" w="105" /><ent r="5" t="256" w="168" /></phr></stem><stem n="-session."><phr n="-session."><ent r="5" t="34" w="560" /><ent r="5" t="34" w="560" /><ent r="5" t="34" w="623" /><ent r="5" t="34" w="623" /><ent r="5" t="66" w="174" /><ent r="5" t="66" w="174" /><ent r="5" t="66" w="237" /><ent r="5" t="66" w="237" /><ent r="5" t="256" w="107" /><ent r="5" t="256" w="107" /><ent r="5" t="256" w="170" /><ent r="5" t="256" w="170" /></phr></stem><stem n="begin"><phr n="beginning"><ent r="5" t="34" w="564" /><ent r="5" t="34" w="627" /><ent r="5" t="66" w="178" /><ent r="5" t="66" w="241" /><ent r="3" t="117" w="588" /><ent r="5" t="229" w="110" /><ent r="5" t="229" w="173" /><ent r="5" t="256" w="111" /><ent r="5" t="256" w="174" /><ent r="5" t="256" w="260" /><ent r="5" t="256" w="323" /><ent r="3" t="306" w="296" /></phr><phr n="begin"><ent r="3" t="257" w="413" /><ent r="3" t="257" w="419" /></phr></stem><stem n="-request"><phr n="-request"><ent r="5" t="34" w="567" /><ent r="5" t="34" w="567" /><ent r="5" t="34" w="630" /><ent r="5" t="34" w="630" /><ent r="5" t="66" w="181" /><ent r="5" t="66" w="181" /><ent r="5" t="66" w="244" /><ent r="5" t="66" w="244" /><ent r="5" t="229" w="113" /><ent r="5" t="229" w="113" /><ent r="5" t="229" w="176" /><ent r="5" t="229" w="176" /><ent r="5" t="256" w="114" /><ent r="5" t="256" w="114" /><ent r="5" t="256" w="177" /><ent r="5" t="256" w="177" /><ent r="5" t="256" w="263" /><ent r="5" t="256" w="263" /><ent r="5" t="256" w="326" /><ent r="5" t="256" w="326" /></phr></stem><stem n="web-request"><phr n="web-request"><ent r="5" t="34" w="567" /><ent r="5" t="34" w="630" /><ent r="5" t="66" w="181" /><ent r="5" t="66" w="244" /><ent r="5" t="229" w="113" /><ent r="5" t="229" w="176" /><ent r="5" t="256" w="114" /><ent r="5" t="256" w="177" /><ent r="5" t="256" w="263" /><ent r="5" t="256" w="326" /></phr></stem><stem n="rootcontainer.ext"><phr n="rootContainer.Ext"><ent r="4" t="34" w="575" /><ent r="4" t="34" w="574" /><ent r="4" t="34" w="641" /><ent r="4" t="34" w="640" /><ent r="4" t="66" w="189" /><ent r="4" t="66" w="188" /><ent r="4" t="66" w="255" /><ent r="4" t="66" w="254" /><ent r="4" t="76" w="201" /><ent r="4" t="76" w="200" /><ent r="4" t="76" w="283" /><ent r="4" t="76" w="282" /><ent r="4" t="76" w="388" /><ent r="4" t="76" w="387" /><ent r="4" t="76" w="451" /><ent r="4" t="76" w="450" /><ent r="4" t="256" w="122" /><ent r="4" t="256" w="121" /><ent r="4" t="256" w="188" /><ent r="4" t="256" w="187" /></phr></stem><stem n="opensess"><phr n="OpenSession"><ent r="4" t="34" w="576" /><ent r="4" t="34" w="642" /><ent r="4" t="66" w="190" /><ent r="4" t="66" w="256" /><ent r="4" t="76" w="202" /><ent r="4" t="76" w="284" /><ent r="4" t="76" w="389" /><ent r="4" t="76" w="452" /><ent r="4" t="227" w="435" /><ent r="4" t="227" w="453" /><ent r="4" t="227" w="484" /><ent r="4" t="227" w="508" /><ent r="92" t="229" w="226" /><ent r="4" t="233" w="467" /><ent r="4" t="233" w="560" /><ent r="4" t="256" w="123" /><ent r="4" t="256" w="189" /><ent r="4" t="257" w="446" /><ent r="4" t="257" w="456" /><ent r="4" t="257" w="474" /><ent r="3" t="265" w="397" /><ent r="64" t="265" w="422" /><ent r="5" t="265" w="564" /><ent r="4" t="265" w="581" /></phr></stem><stem n=".ext().opensession())"><phr n=".Ext().OpenSession())"><ent r="4" t="34" w="577" /><ent r="4" t="66" w="191" /><ent r="4" t="76" w="203" /><ent r="4" t="76" w="390" /><ent r="4" t="227" w="436" /><ent r="4" t="227" w="454" /><ent r="4" t="256" w="124" /></phr></stem><stem n="-contain"><phr n="-container"><ent r="5" t="34" w="583" /><ent r="5" t="34" w="583" /><ent r="5" t="34" w="649" /><ent r="5" t="34" w="649" /><ent r="3" t="66" w="94" /><ent r="3" t="66" w="94" /><ent r="5" t="66" w="197" /><ent r="5" t="66" w="197" /><ent r="5" t="66" w="263" /><ent r="5" t="66" w="263" /><ent r="3" t="66" w="374" /><ent r="3" t="66" w="374" /><ent r="3" t="69" w="465" /><ent r="3" t="69" w="465" /><ent r="4" t="73" w="66" /><ent r="4" t="73" w="66" /><ent r="3" t="94" w="75" /><ent r="3" t="94" w="75" /><ent r="3" t="142" w="57" /><ent r="3" t="142" w="57" /><ent r="3" t="142" w="71" /><ent r="3" t="142" w="71" /><ent r="3" t="142" w="446" /><ent r="3" t="142" w="446" /><ent r="3" t="149" w="62" /><ent r="3" t="149" w="62" /><ent r="3" t="160" w="22" /><ent r="3" t="160" w="22" /><ent r="3" t="229" w="22" /><ent r="3" t="229" w="22" /><ent r="5" t="229" w="128" /><ent r="5" t="229" w="128" /><ent r="5" t="229" w="194" /><ent r="5" t="229" w="194" /><ent r="64" t="229" w="249" /><ent r="64" t="229" w="249" /><ent r="3" t="233" w="112" /><ent r="3" t="233" w="112" /><ent r="3" t="233" w="124" /><ent r="3" t="233" w="124" /><ent r="3" t="233" w="340" /><ent r="3" t="233" w="340" /><ent r="3" t="233" w="371" /><ent r="3" t="233" w="371" /><ent r="5" t="233" w="449" /><ent r="5" t="233" w="449" /><ent r="5" t="233" w="537" /><ent r="5" t="233" w="537" /><ent r="3" t="233" w="611" /><ent r="3" t="233" w="611" /><ent r="3" t="255" w="146" /><ent r="3" t="255" w="146" /><ent r="3" t="256" w="71" /><ent r="3" t="256" w="71" /><ent r="5" t="256" w="130" /><ent r="5" t="256" w="130" /><ent r="5" t="256" w="196" /><ent r="5" t="256" w="196" /><ent r="5" t="256" w="278" /><ent r="5" t="256" w="278" /><ent r="5" t="256" w="344" /><ent r="5" t="256" w="344" /><ent r="5" t="265" w="539" /><ent r="5" t="265" w="539" /></phr><phr n="-containers"><ent r="3" t="38" w="238" /><ent r="3" t="38" w="238" /><ent r="64" t="38" w="244" /><ent r="64" t="38" w="244" /><ent r="3" t="66" w="303" /><ent r="3" t="66" w="303" /><ent r="3" t="160" w="12" /><ent r="3" t="160" w="12" /><ent r="3" t="228" w="12" /><ent r="3" t="228" w="12" /><ent r="3" t="233" w="378" /><ent r="3" t="233" w="378" /><ent r="5" t="265" w="570" /><ent r="5" t="265" w="570" /></phr><phr n="-Container"><ent r="1000" t="233" w="1" /><ent r="1000" t="233" w="1" /><ent r="102" t="233" w="11" /><ent r="102" t="233" w="11" /></phr></stem></index>