﻿<?xml version="1.0" encoding="utf-8"?><index><stem n="york"><phr n="York"><ent r="4" t="1" w="95" /></phr></stem><stem n="stock"><phr n="Stock"><ent r="4" t="1" w="96" /></phr></stem><stem n="exchang"><phr n="Exchange"><ent r="4" t="1" w="97" /><ent r="4" t="190" w="462" /><ent r="4" t="190" w="603" /><ent r="4" t="208" w="36" /><ent r="4" t="208" w="66" /></phr><phr n="exchange"><ent r="3" t="4" w="507" /><ent r="3" t="51" w="136" /><ent r="3" t="129" w="103" /><ent r="3" t="190" w="362" /><ent r="4" t="204" w="54" /><ent r="4" t="204" w="89" /><ent r="3" t="233" w="43" /><ent r="3" t="272" w="24" /></phr></stem><stem n="dow"><phr n="Dow"><ent r="4" t="1" w="98" /></phr></stem><stem n="jone"><phr n="Jones"><ent r="4" t="1" w="99" /></phr></stem><stem n="reuter"><phr n="Reuters"><ent r="4" t="1" w="100" /></phr></stem><stem n="london"><phr n="London"><ent r="4" t="1" w="101" /></phr></stem><stem n="clear"><phr n="Clearing"><ent r="4" t="1" w="102" /></phr><phr n="clear"><ent r="3" t="18" w="684" /></phr><phr n="cleared"><ent r="3" t="54" w="116" /><ent r="3" t="233" w="137" /></phr></stem><stem n="hous"><phr n="House"><ent r="4" t="1" w="103" /></phr><phr n="house"><ent r="4" t="309" w="56" /></phr></stem><stem n="bank"><phr n="Bank"><ent r="4" t="1" w="104" /></phr><phr n="bank"><ent r="4" t="33" w="79" /><ent r="3" t="35" w="95" /><ent r="3" t="35" w="102" /><ent r="4" t="35" w="185" /><ent r="4" t="35" w="271" /><ent r="3" t="35" w="440" /><ent r="3" t="76" w="575" /><ent r="3" t="76" w="582" /><ent r="4" t="76" w="665" /><ent r="4" t="76" w="751" /><ent r="3" t="76" w="920" /></phr></stem><stem n="america"><phr n="America"><ent r="4" t="1" w="106" /></phr><phr n="Americas"><ent r="3" t="4" w="240" /></phr></stem><stem n="transport"><phr n="Transportation"><ent r="4" t="1" w="110" /></phr><phr n="transportation"><ent r="64" t="4" w="181" /></phr></stem><stem n="sabr"><phr n="Sabre"><ent r="4" t="1" w="111" /></phr></stem><stem n="ge"><phr n="GE"><ent r="4" t="1" w="112" /></phr></stem><stem n="railwai"><phr n="Railways"><ent r="4" t="1" w="113" /><ent r="4" t="1" w="115" /></phr></stem><stem n="bn"><phr n="BNS"><ent r="4" t="1" w="114" /></phr></stem><stem n="galileo"><phr n="Galileo"><ent r="4" t="1" w="116" /></phr></stem><stem n="defens"><phr n="Defense"><ent r="4" t="1" w="120" /></phr></stem><stem n="raytheon"><phr n="Raytheon"><ent r="4" t="1" w="121" /></phr></stem><stem n="northrop"><phr n="Northrop"><ent r="4" t="1" w="122" /></phr></stem><stem n="grumman"><phr n="Grumman"><ent r="4" t="1" w="123" /></phr></stem><stem n="lockhe"><phr n="Lockheed"><ent r="4" t="1" w="124" /></phr></stem><stem n="bioinformat"><phr n="BioInformatics"><ent r="4" t="1" w="128" /></phr></stem><stem n="mayo"><phr n="Mayo"><ent r="4" t="1" w="129" /></phr></stem><stem n="clinic"><phr n="Clinic"><ent r="4" t="1" w="130" /></phr></stem><stem n="st"><phr n="St"><ent r="4" t="1" w="131" /></phr></stem><stem n="jude"><phr n="Jude"><ent r="4" t="1" w="132" /></phr></stem><stem n="medic"><phr n="medical"><ent r="4" t="1" w="133" /><ent r="3" t="3" w="26" /><ent r="64" t="4" w="188" /></phr></stem><stem n="eidogen"><phr n="Eidogen"><ent r="4" t="1" w="134" /></phr></stem><stem n="scienc"><phr n="Science"><ent r="4" t="1" w="135" /></phr><phr n="sciences"><ent r="64" t="4" w="189" /></phr></stem><stem n="factori"><phr n="Factory"><ent r="4" t="1" w="136" /><ent r="1000" t="204" w="3" /><ent r="102" t="204" w="7" /></phr><phr n="factory"><ent r="3" t="10" w="59" /><ent r="4" t="52" w="82" /><ent r="4" t="120" w="293" /><ent r="3" t="142" w="59" /><ent r="6" t="202" w="95" /><ent r="6" t="202" w="122" /><ent r="4" t="208" w="39" /><ent r="4" t="208" w="69" /><ent r="3" t="224" w="515" /><ent r="3" t="226" w="109" /><ent r="3" t="226" w="120" /><ent r="3" t="226" w="271" /></phr></stem><stem n="user"><phr n="users"><ent r="3" t="1" w="142" /><ent r="3" t="1" w="349" /><ent r="3" t="4" w="480" /><ent r="3" t="4" w="498" /><ent r="3" t="5" w="406" /><ent r="3" t="5" w="538" /><ent r="3" t="7" w="658" /><ent r="3" t="11" w="49" /><ent r="3" t="226" w="145" /><ent r="3" t="266" w="538" /><ent r="3" t="309" w="266" /></phr><phr n="user"><ent r="2" t="4" w="39" /><ent r="2" t="4" w="94" /><ent r="3" t="7" w="618" /><ent r="3" t="67" w="16" /><ent r="3" t="68" w="15" /><ent r="3" t="90" w="264" /><ent r="3" t="102" w="14" /><ent r="3" t="105" w="8" /><ent r="3" t="106" w="140" /><ent r="4" t="113" w="32" /><ent r="3" t="131" w="13" /><ent r="3" t="140" w="11" /><ent r="5" t="142" w="349" /><ent r="5" t="142" w="398" /><ent r="3" t="186" w="10" /><ent r="3" t="226" w="128" /><ent r="5" t="226" w="169" /><ent r="5" t="226" w="212" /><ent r="3" t="226" w="263" /><ent r="5" t="226" w="299" /><ent r="5" t="226" w="339" /><ent r="3" t="243" w="249" /><ent r="3" t="244" w="36" /><ent r="3" t="244" w="80" /><ent r="3" t="257" w="174" /><ent r="3" t="257" w="201" /><ent r="4" t="258" w="61" /><ent r="3" t="264" w="15" /></phr><phr n="Users"><ent r="4" t="297" w="655" /><ent r="3" t="306" w="365" /></phr></stem><stem n="custom"><phr n="customers"><ent r="3" t="1" w="144" /><ent r="3" t="1" w="272" /><ent r="3" t="4" w="178" /><ent r="3" t="4" w="205" /><ent r="3" t="5" w="462" /></phr><phr n="Customers"><ent r="3" t="4" w="622" /></phr><phr n="customer"><ent r="3" t="5" w="429" /><ent r="3" t="118" w="30" /></phr><phr n="custom"><ent r="3" t="11" w="127" /><ent r="6" t="92" w="343" /><ent r="6" t="92" w="379" /><ent r="3" t="117" w="11" /><ent r="3" t="186" w="74" /><ent r="3" t="186" w="87" /><ent r="3" t="220" w="28" /><ent r="4" t="224" w="539" /><ent r="4" t="224" w="570" /></phr><phr n="Custom"><ent r="6" t="92" w="129" /><ent r="1000" t="117" w="1" /><ent r="102" t="117" w="5" /><ent r="92" t="224" w="498" /></phr><phr n="Customer"><ent r="4" t="113" w="74" /></phr><phr n="customize"><ent r="3" t="208" w="12" /></phr><phr n="customized"><ent r="4" t="236" w="43" /></phr><phr n="customization"><ent r="3" t="296" w="57" /></phr></stem><stem n="come"><phr n="coming"><ent r="3" t="1" w="145" /></phr><phr n="comes"><ent r="3" t="1" w="209" /><ent r="3" t="7" w="174" /><ent r="3" t="90" w="197" /><ent r="3" t="191" w="118" /><ent r="3" t="261" w="49" /><ent r="4" t="287" w="39" /><ent r="3" t="301" w="121" /></phr></stem><stem n="170"><phr n="170"><ent r="3" t="1" w="147" /></phr></stem><stem n="differ"><phr n="different"><ent r="3" t="1" w="148" /><ent r="3" t="2" w="10" /><ent r="3" t="9" w="40" /><ent r="3" t="9" w="169" /><ent r="3" t="10" w="301" /><ent r="3" t="10" w="306" /><ent r="3" t="11" w="9" /><ent r="3" t="18" w="351" /><ent r="4" t="18" w="539" /><ent r="4" t="18" w="573" /><ent r="3" t="24" w="732" /><ent r="3" t="27" w="512" /><ent r="4" t="33" w="147" /><ent r="4" t="33" w="163" /><ent r="3" t="35" w="79" /><ent r="3" t="38" w="73" /><ent r="3" t="38" w="257" /><ent r="4" t="38" w="291" /><ent r="4" t="38" w="296" /><ent r="4" t="38" w="339" /><ent r="4" t="38" w="344" /><ent r="4" t="39" w="261" /><ent r="3" t="43" w="65" /><ent r="4" t="53" w="77" /><ent r="3" t="59" w="281" /><ent r="3" t="65" w="136" /><ent r="3" t="66" w="327" /><ent r="3" t="73" w="152" /><ent r="3" t="73" w="254" /><ent r="3" t="73" w="274" /><ent r="3" t="74" w="27" /><ent r="3" t="76" w="552" /><ent r="3" t="76" w="558" /><ent r="3" t="79" w="189" /><ent r="3" t="87" w="42" /><ent r="3" t="87" w="49" /><ent r="3" t="90" w="378" /><ent r="3" t="103" w="55" /><ent r="3" t="103" w="59" /><ent r="3" t="105" w="73" /><ent r="3" t="109" w="252" /><ent r="3" t="116" w="41" /><ent r="4" t="123" w="107" /><ent r="3" t="126" w="24" /><ent r="3" t="133" w="102" /><ent r="3" t="140" w="44" /><ent r="3" t="147" w="10" /><ent r="3" t="148" w="47" /><ent r="3" t="151" w="37" /><ent r="3" t="188" w="208" /><ent r="3" t="224" w="25" /><ent r="3" t="227" w="54" /><ent r="3" t="234" w="120" /><ent r="3" t="236" w="108" /><ent r="3" t="238" w="266" /><ent r="3" t="240" w="49" /><ent r="3" t="240" w="754" /><ent r="4" t="253" w="153" /><ent r="4" t="253" w="297" /><ent r="3" t="255" w="102" /><ent r="3" t="267" w="48" /><ent r="3" t="267" w="58" /><ent r="3" t="268" w="186" /><ent r="3" t="268" w="191" /><ent r="3" t="268" w="315" /><ent r="3" t="268" w="381" /><ent r="3" t="268" w="386" /><ent r="3" t="268" w="486" /><ent r="4" t="269" w="85" /><ent r="4" t="269" w="92" /><ent r="3" t="273" w="140" /><ent r="3" t="277" w="66" /><ent r="3" t="277" w="72" /><ent r="3" t="277" w="106" /><ent r="3" t="289" w="214" /><ent r="3" t="293" w="101" /><ent r="6" t="300" w="110" /><ent r="3" t="301" w="99" /><ent r="3" t="303" w="77" /><ent r="3" t="303" w="112" /><ent r="3" t="304" w="46" /><ent r="3" t="308" w="8" /></phr><phr n="Different"><ent r="64" t="69" w="70" /><ent r="64" t="246" w="175" /><ent r="1000" t="247" w="3" /><ent r="102" t="247" w="10" /><ent r="64" t="248" w="40" /><ent r="64" t="249" w="37" /><ent r="64" t="250" w="40" /><ent r="64" t="251" w="38" /><ent r="64" t="260" w="162" /><ent r="64" t="273" w="148" /><ent r="1000" t="277" w="5" /><ent r="102" t="277" w="13" /></phr><phr n="difference"><ent r="3" t="108" w="42" /><ent r="3" t="130" w="68" /><ent r="3" t="296" w="38" /><ent r="3" t="309" w="20" /></phr></stem><stem n="countri"><phr n="countries"><ent r="3" t="1" w="149" /><ent r="4" t="240" w="418" /><ent r="4" t="240" w="492" /><ent r="3" t="240" w="755" /><ent r="3" t="240" w="783" /></phr><phr n="country"><ent r="3" t="240" w="303" /><ent r="3" t="240" w="320" /><ent r="3" t="240" w="334" /><ent r="3" t="240" w="351" /><ent r="3" t="240" w="359" /><ent r="5" t="240" w="387" /><ent r="5" t="240" w="442" /><ent r="3" t="240" w="505" /><ent r="4" t="240" w="521" /><ent r="4" t="240" w="545" /><ent r="4" t="240" w="559" /><ent r="4" t="240" w="569" /><ent r="4" t="240" w="599" /><ent r="4" t="240" w="613" /><ent r="3" t="240" w="776" /><ent r="3" t="240" w="814" /><ent r="4" t="240" w="848" /><ent r="4" t="240" w="851" /><ent r="4" t="240" w="908" /><ent r="4" t="240" w="915" /></phr><phr n="Country"><ent r="4" t="240" w="391" /><ent r="4" t="240" w="396" /><ent r="4" t="240" w="451" /><ent r="4" t="240" w="463" /><ent r="4" t="240" w="836" /><ent r="4" t="240" w="847" /><ent r="4" t="240" w="877" /><ent r="4" t="240" w="883" /><ent r="4" t="240" w="894" /><ent r="4" t="240" w="912" /></phr></stem><stem n="albania"><phr n="Albania"><ent r="3" t="1" w="151" /></phr></stem><stem n="zimbabw"><phr n="Zimbabwe"><ent r="3" t="1" w="153" /></phr></stem><stem n="rang"><phr n="ranging"><ent r="3" t="1" w="155" /></phr><phr n="range"><ent r="3" t="1" w="180" /><ent r="3" t="4" w="206" /><ent r="3" t="4" w="231" /><ent r="3" t="5" w="14" /><ent r="3" t="5" w="434" /><ent r="3" t="14" w="661" /><ent r="3" t="18" w="368" /><ent r="4" t="18" w="481" /><ent r="3" t="31" w="554" /><ent r="3" t="90" w="85" /><ent r="4" t="166" w="267" /><ent r="3" t="241" w="61" /></phr><phr n="Range"><ent r="82" t="14" w="656" /><ent r="92" t="18" w="344" /><ent r="82" t="31" w="549" /></phr></stem><stem n="leader"><phr n="leaders"><ent r="3" t="1" w="159" /><ent r="3" t="4" w="210" /></phr></stem><stem n="boe"><phr n="Boeing"><ent r="64" t="1" w="162" /><ent r="64" t="4" w="213" /></phr></stem><stem n="bosch"><phr n="Bosch"><ent r="64" t="1" w="165" /><ent r="64" t="4" w="216" /></phr></stem><stem n="intel"><phr n="Intel"><ent r="64" t="1" w="168" /><ent r="64" t="4" w="219" /></phr></stem><stem n="ricoh"><phr n="Ricoh"><ent r="64" t="1" w="171" /><ent r="64" t="4" w="222" /></phr></stem><stem n="seagat"><phr n="Seagate"><ent r="64" t="1" w="175" /><ent r="64" t="4" w="226" /></phr></stem><stem n="wide"><phr n="wide"><ent r="3" t="1" w="179" /><ent r="3" t="5" w="13" /><ent r="3" t="5" w="433" /><ent r="4" t="166" w="266" /></phr><phr n="widely"><ent r="6" t="5" w="107" /><ent r="3" t="272" w="17" /></phr></stem><stem n="highli"><phr n="highly"><ent r="3" t="1" w="182" /><ent r="3" t="4" w="233" /><ent r="64" t="4" w="270" /><ent r="3" t="6" w="70" /><ent r="3" t="282" w="93" /></phr></stem><stem n="innov"><phr n="innovative"><ent r="3" t="1" w="183" /><ent r="2" t="4" w="111" /><ent r="3" t="4" w="234" /></phr></stem><stem n="-up"><phr n="-up"><ent r="3" t="1" w="184" /><ent r="3" t="1" w="184" /><ent r="3" t="4" w="235" /><ent r="3" t="4" w="235" /><ent r="3" t="40" w="237" /><ent r="3" t="40" w="237" /><ent r="3" t="80" w="101" /><ent r="3" t="80" w="101" /><ent r="3" t="86" w="14" /><ent r="3" t="86" w="14" /><ent r="3" t="87" w="75" /><ent r="3" t="87" w="75" /></phr><phr n="-ups"><ent r="3" t="62" w="209" /><ent r="3" t="62" w="209" /><ent r="3" t="99" w="1045" /><ent r="3" t="99" w="1045" /></phr></stem><stem n="start-up"><phr n="start-up"><ent r="3" t="1" w="184" /><ent r="3" t="4" w="235" /></phr></stem><stem n="up"><phr n="up"><ent r="3" t="1" w="185" /><ent r="3" t="2" w="186" /><ent r="3" t="4" w="236" /><ent r="3" t="4" w="561" /><ent r="3" t="7" w="277" /><ent r="3" t="32" w="34" /><ent r="3" t="32" w="108" /><ent r="3" t="35" w="106" /><ent r="4" t="35" w="189" /><ent r="4" t="35" w="275" /><ent r="3" t="40" w="238" /><ent r="3" t="41" w="89" /><ent r="5" t="42" w="829" /><ent r="5" t="42" w="882" /><ent r="3" t="44" w="117" /><ent r="3" t="60" w="57" /><ent r="3" t="61" w="37" /><ent r="3" t="62" w="170" /><ent r="3" t="64" w="20" /><ent r="3" t="66" w="384" /><ent r="3" t="76" w="586" /><ent r="4" t="76" w="669" /><ent r="4" t="76" w="755" /><ent r="3" t="79" w="91" /><ent r="3" t="80" w="102" /><ent r="3" t="86" w="15" /><ent r="3" t="87" w="76" /><ent r="3" t="112" w="37" /><ent r="3" t="142" w="481" /><ent r="3" t="142" w="531" /><ent r="3" t="144" w="57" /><ent r="3" t="171" w="32" /><ent r="6" t="173" w="263" /><ent r="3" t="176" w="54" /><ent r="3" t="176" w="68" /><ent r="3" t="206" w="22" /><ent r="3" t="206" w="64" /><ent r="3" t="206" w="75" /><ent r="3" t="223" w="131" /><ent r="3" t="226" w="251" /><ent r="3" t="228" w="66" /><ent r="8" t="228" w="141" /><ent r="3" t="235" w="61" /><ent r="4" t="238" w="149" /><ent r="3" t="250" w="158" /><ent r="3" t="257" w="254" /><ent r="3" t="265" w="48" /><ent r="3" t="274" w="277" /><ent r="3" t="282" w="269" /><ent r="3" t="292" w="217" /><ent r="3" t="297" w="741" /><ent r="3" t="305" w="21" /><ent r="3" t="305" w="36" /></phr><phr n="ups"><ent r="3" t="62" w="210" /><ent r="3" t="99" w="1046" /></phr></stem><stem n="team"><phr n="team"><ent r="3" t="1" w="195" /><ent r="2" t="4" w="85" /><ent r="3" t="16" w="90" /><ent r="3" t="69" w="16" /><ent r="4" t="113" w="41" /><ent r="4" t="265" w="827" /><ent r="4" t="265" w="835" /><ent r="3" t="273" w="9" /></phr><phr n="Team"><ent r="4" t="52" w="117" /><ent r="4" t="52" w="160" /><ent r="4" t="52" w="178" /><ent r="4" t="52" w="265" /><ent r="4" t="265" w="266" /><ent r="4" t="265" w="291" /><ent r="4" t="265" w="295" /><ent r="4" t="265" w="359" /><ent r="4" t="265" w="362" /><ent r="4" t="307" w="66" /></phr><phr n="Teams"><ent r="4" t="265" w="506" /><ent r="4" t="265" w="820" /></phr><phr n="teams"><ent r="4" t="265" w="818" /><ent r="4" t="265" w="831" /></phr></stem><stem n="team'"><phr n="team's"><ent r="3" t="1" w="196" /><ent r="3" t="1" w="195" /></phr></stem><stem n="mission"><phr n="mission"><ent r="3" t="1" w="197" /></phr></stem><stem n="give"><phr n="give"><ent r="3" t="1" w="199" /><ent r="3" t="14" w="31" /><ent r="3" t="18" w="680" /><ent r="3" t="31" w="30" /><ent r="4" t="147" w="90" /><ent r="4" t="147" w="102" /><ent r="3" t="234" w="111" /><ent r="3" t="303" w="36" /></phr><phr n="gives"><ent r="3" t="8" w="11" /><ent r="3" t="73" w="24" /><ent r="3" t="92" w="98" /><ent r="3" t="100" w="20" /><ent r="3" t="121" w="584" /><ent r="3" t="129" w="13" /><ent r="3" t="190" w="57" /><ent r="3" t="190" w="282" /><ent r="3" t="196" w="8" /><ent r="3" t="226" w="50" /><ent r="3" t="234" w="63" /><ent r="3" t="240" w="43" /><ent r="3" t="257" w="522" /><ent r="3" t="280" w="57" /><ent r="3" t="282" w="28" /></phr><phr n="giving"><ent r="3" t="141" w="51" /></phr><phr n="Gives"><ent r="6" t="195" w="70" /></phr></stem><stem n="choic"><phr n="choice"><ent r="3" t="1" w="202" /><ent r="3" t="5" w="426" /><ent r="3" t="7" w="552" /><ent r="3" t="90" w="298" /><ent r="3" t="166" w="429" /><ent r="3" t="188" w="282" /><ent r="3" t="245" w="91" /><ent r="3" t="284" w="247" /></phr><phr n="choices"><ent r="3" t="4" w="642" /><ent r="5" t="9" w="392" /></phr></stem><stem n="differenti"><phr n="differentiated"><ent r="3" t="1" w="203" /><ent r="3" t="7" w="70" /></phr></stem><stem n="relat"><phr n="relational"><ent r="3" t="1" w="205" /><ent r="3" t="1" w="336" /><ent r="3" t="2" w="42" /><ent r="3" t="2" w="56" /><ent r="3" t="2" w="65" /><ent r="3" t="2" w="95" /><ent r="3" t="2" w="116" /><ent r="3" t="2" w="137" /><ent r="3" t="2" w="155" /><ent r="3" t="2" w="248" /><ent r="3" t="2" w="344" /><ent r="3" t="4" w="298" /><ent r="3" t="4" w="329" /><ent r="3" t="4" w="555" /><ent r="3" t="7" w="482" /><ent r="3" t="118" w="42" /><ent r="3" t="261" w="128" /><ent r="3" t="261" w="196" /><ent r="3" t="261" w="226" /><ent r="3" t="261" w="252" /><ent r="3" t="261" w="280" /></phr><phr n="relations"><ent r="3" t="2" w="109" /><ent r="3" t="2" w="359" /><ent r="3" t="2" w="409" /><ent r="3" t="2" w="449" /><ent r="3" t="2" w="468" /><ent r="3" t="240" w="13" /><ent r="3" t="240" w="50" /><ent r="3" t="240" w="736" /><ent r="3" t="240" w="739" /><ent r="3" t="240" w="946" /></phr><phr n="Relational"><ent r="5" t="2" w="350" /><ent r="5" t="3" w="43" /><ent r="5" t="4" w="149" /><ent r="8" t="5" w="133" /><ent r="5" t="7" w="22" /><ent r="5" t="99" w="23" /><ent r="10" t="247" w="342" /></phr><phr n="Relations"><ent r="3" t="2" w="360" /><ent r="1000" t="240" w="2" /><ent r="100" t="240" w="4" /><ent r="102" t="240" w="7" /><ent r="92" t="240" w="728" /><ent r="92" t="240" w="937" /></phr><phr n="related"><ent r="3" t="21" w="367" /><ent r="64" t="81" w="19" /><ent r="4" t="126" w="199" /><ent r="4" t="126" w="207" /><ent r="3" t="126" w="227" /><ent r="3" t="173" w="21" /><ent r="3" t="197" w="156" /><ent r="3" t="198" w="157" /><ent r="3" t="275" w="61" /></phr><phr n="Relation"><ent r="92" t="240" w="54" /><ent r="92" t="240" w="288" /><ent r="92" t="240" w="623" /><ent r="92" t="261" w="239" /></phr><phr n="relation"><ent r="4" t="240" w="197" /><ent r="4" t="240" w="271" /><ent r="4" t="240" w="411" /><ent r="4" t="240" w="485" /><ent r="3" t="240" w="684" /><ent r="4" t="240" w="859" /><ent r="4" t="240" w="927" /><ent r="4" t="240" w="1075" /><ent r="4" t="240" w="1187" /><ent r="4" t="240" w="1267" /><ent r="4" t="240" w="1401" /></phr></stem><stem n="approach"><phr n="approaches"><ent r="3" t="1" w="206" /><ent r="3" t="7" w="171" /></phr><phr n="approach"><ent r="3" t="2" w="177" /><ent r="3" t="7" w="356" /><ent r="3" t="90" w="218" /><ent r="3" t="121" w="583" /><ent r="3" t="166" w="90" /><ent r="3" t="234" w="57" /><ent r="3" t="238" w="231" /><ent r="3" t="238" w="306" /><ent r="3" t="253" w="9" /></phr><phr n="Approach"><ent r="64" t="252" w="64" /><ent r="1000" t="253" w="2" /><ent r="102" t="253" w="5" /></phr></stem><stem n="persist"><phr n="persistence"><ent r="3" t="1" w="212" /><ent r="3" t="2" w="12" /><ent r="3" t="3" w="59" /><ent r="2" t="4" w="25" /><ent r="2" t="4" w="68" /><ent r="3" t="4" w="135" /><ent r="3" t="4" w="576" /><ent r="3" t="4" w="685" /><ent r="6" t="5" w="73" /><ent r="6" t="5" w="166" /><ent r="3" t="7" w="141" /><ent r="3" t="7" w="490" /><ent r="64" t="43" w="134" /><ent r="64" t="44" w="252" /><ent r="3" t="45" w="661" /><ent r="64" t="47" w="128" /><ent r="3" t="48" w="48" /><ent r="3" t="48" w="107" /><ent r="3" t="48" w="140" /><ent r="3" t="48" w="156" /><ent r="3" t="48" w="214" /><ent r="3" t="49" w="11" /><ent r="3" t="49" w="57" /><ent r="3" t="49" w="148" /><ent r="4" t="49" w="203" /><ent r="4" t="49" w="248" /><ent r="64" t="49" w="320" /><ent r="3" t="49" w="986" /><ent r="3" t="49" w="1019" /><ent r="3" t="49" w="1376" /><ent r="3" t="49" w="1395" /><ent r="3" t="50" w="18" /><ent r="3" t="50" w="49" /><ent r="3" t="50" w="872" /><ent r="3" t="50" w="886" /><ent r="4" t="50" w="919" /><ent r="4" t="50" w="964" /><ent r="4" t="50" w="1024" /><ent r="4" t="50" w="1085" /><ent r="3" t="51" w="18" /><ent r="3" t="51" w="67" /><ent r="3" t="54" w="67" /><ent r="3" t="54" w="83" /><ent r="3" t="65" w="75" /><ent r="64" t="90" w="144" /><ent r="6" t="92" w="227" /><ent r="3" t="107" w="56" /><ent r="4" t="113" w="85" /><ent r="3" t="114" w="63" /><ent r="3" t="116" w="68" /><ent r="65" t="140" w="405" /><ent r="3" t="143" w="440" /><ent r="3" t="144" w="48" /><ent r="64" t="145" w="43" /><ent r="63" t="146" w="57" /><ent r="64" t="146" w="181" /><ent r="63" t="212" w="28" /><ent r="63" t="213" w="58" /><ent r="63" t="216" w="36" /><ent r="63" t="217" w="36" /><ent r="63" t="223" w="342" /><ent r="63" t="223" w="461" /><ent r="3" t="272" w="549" /><ent r="64" t="275" w="587" /><ent r="2" t="276" w="257" /><ent r="4" t="305" w="179" /><ent r="4" t="306" w="175" /></phr><phr n="Persistence"><ent r="1000" t="2" w="2" /><ent r="102" t="2" w="5" /><ent r="3" t="39" w="363" /><ent r="64" t="44" w="311" /><ent r="92" t="45" w="646" /><ent r="64" t="45" w="675" /><ent r="1000" t="47" w="2" /><ent r="100" t="47" w="4" /><ent r="102" t="47" w="7" /><ent r="3" t="47" w="50" /><ent r="1000" t="48" w="3" /><ent r="100" t="48" w="13" /><ent r="102" t="48" w="17" /><ent r="64" t="48" w="186" /><ent r="64" t="49" w="42" /><ent r="82" t="49" w="143" /><ent r="64" t="49" w="979" /><ent r="1000" t="50" w="2" /><ent r="102" t="50" w="10" /><ent r="92" t="50" w="869" /><ent r="100" t="51" w="8" /><ent r="64" t="53" w="31" /><ent r="64" t="55" w="10" /><ent r="65" t="90" w="134" /><ent r="64" t="91" w="46" /><ent r="6" t="92" w="440" /><ent r="92" t="103" w="203" /><ent r="64" t="107" w="60" /><ent r="5" t="108" w="95" /><ent r="64" t="144" w="52" /></phr><phr n="persist"><ent r="3" t="7" w="435" /><ent r="3" t="112" w="14" /><ent r="5" t="112" w="1210" /><ent r="5" t="112" w="1272" /><ent r="3" t="112" w="1345" /><ent r="3" t="129" w="88" /><ent r="3" t="290" w="67" /></phr><phr n="persistent"><ent r="3" t="17" w="368" /><ent r="3" t="22" w="220" /><ent r="3" t="22" w="249" /><ent r="3" t="33" w="243" /><ent r="3" t="34" w="52" /><ent r="3" t="34" w="80" /><ent r="3" t="34" w="463" /><ent r="3" t="95" w="15" /><ent r="3" t="95" w="75" /><ent r="4" t="99" w="313" /><ent r="4" t="99" w="418" /><ent r="3" t="99" w="895" /><ent r="3" t="114" w="835" /><ent r="3" t="142" w="428" /><ent r="3" t="147" w="14" /><ent r="3" t="151" w="24" /><ent r="3" t="153" w="35" /><ent r="3" t="174" w="184" /><ent r="3" t="192" w="20" /><ent r="3" t="227" w="27" /><ent r="4" t="230" w="52" /><ent r="3" t="230" w="100" /><ent r="3" t="231" w="19" /><ent r="3" t="231" w="42" /><ent r="3" t="231" w="119" /><ent r="3" t="231" w="224" /><ent r="4" t="259" w="85" /><ent r="3" t="266" w="213" /><ent r="4" t="269" w="74" /><ent r="3" t="271" w="13" /><ent r="3" t="276" w="124" /><ent r="3" t="277" w="103" /></phr><phr n="persisted"><ent r="3" t="28" w="691" /><ent r="6" t="37" w="86" /><ent r="3" t="37" w="250" /><ent r="3" t="40" w="210" /><ent r="3" t="46" w="359" /><ent r="3" t="50" w="22" /><ent r="3" t="50" w="84" /><ent r="3" t="50" w="98" /><ent r="4" t="50" w="143" /><ent r="4" t="50" w="186" /><ent r="3" t="50" w="205" /><ent r="3" t="103" w="215" /><ent r="3" t="117" w="105" /><ent r="3" t="139" w="145" /><ent r="3" t="218" w="47" /><ent r="3" t="231" w="196" /><ent r="3" t="259" w="38" /><ent r="4" t="266" w="282" /><ent r="4" t="266" w="325" /></phr><phr n="persistently"><ent r="4" t="33" w="191" /></phr><phr n="Persistent"><ent r="92" t="50" w="74" /><ent r="92" t="142" w="421" /><ent r="1000" t="231" w="3" /><ent r="102" t="231" w="9" /><ent r="92" t="265" w="118" /><ent r="92" t="266" w="184" /><ent r="64" t="273" w="145" /><ent r="1000" t="277" w="2" /><ent r="102" t="277" w="10" /></phr><phr n="persisting"><ent r="3" t="65" w="229" /><ent r="3" t="131" w="10" /></phr><phr n="Persist"><ent r="64" t="112" w="53" /><ent r="4" t="112" w="72" /><ent r="4" t="112" w="104" /><ent r="6" t="209" w="275" /><ent r="1000" t="218" w="1" /><ent r="102" t="218" w="5" /><ent r="4" t="218" w="92" /><ent r="4" t="218" w="124" /></phr><phr n="Persisted"><ent r="3" t="260" w="139" /></phr></stem><stem n="thu"><phr n="thus"><ent r="3" t="1" w="214" /><ent r="3" t="2" w="196" /><ent r="3" t="237" w="31" /><ent r="3" t="245" w="87" /></phr></stem><stem n="make"><phr n="make"><ent r="3" t="1" w="215" /><ent r="6" t="5" w="80" /><ent r="3" t="6" w="107" /><ent r="3" t="7" w="463" /><ent r="3" t="28" w="56" /><ent r="3" t="34" w="73" /><ent r="3" t="34" w="300" /><ent r="3" t="34" w="460" /><ent r="3" t="37" w="14" /><ent r="3" t="39" w="361" /><ent r="3" t="43" w="68" /><ent r="3" t="43" w="92" /><ent r="3" t="47" w="16" /><ent r="3" t="55" w="18" /><ent r="3" t="65" w="228" /><ent r="6" t="92" w="374" /><ent r="3" t="99" w="890" /><ent r="3" t="100" w="348" /><ent r="3" t="108" w="39" /><ent r="3" t="116" w="54" /><ent r="3" t="116" w="240" /><ent r="3" t="118" w="85" /><ent r="4" t="148" w="250" /><ent r="4" t="166" w="340" /><ent r="3" t="230" w="115" /><ent r="3" t="230" w="145" /><ent r="3" t="243" w="300" /><ent r="3" t="257" w="190" /><ent r="3" t="258" w="42" /><ent r="4" t="259" w="134" /><ent r="3" t="261" w="172" /><ent r="6" t="270" w="425" /><ent r="3" t="273" w="13" /><ent r="3" t="278" w="19" /><ent r="4" t="286" w="102" /><ent r="4" t="286" w="227" /><ent r="3" t="289" w="228" /><ent r="3" t="293" w="60" /><ent r="3" t="306" w="491" /></phr><phr n="makes"><ent r="3" t="2" w="511" /><ent r="3" t="7" w="548" /><ent r="3" t="22" w="239" /><ent r="3" t="51" w="132" /><ent r="4" t="52" w="102" /><ent r="3" t="59" w="40" /><ent r="3" t="59" w="51" /><ent r="3" t="73" w="219" /><ent r="4" t="115" w="60" /><ent r="3" t="131" w="29" /><ent r="3" t="131" w="148" /><ent r="3" t="142" w="484" /><ent r="3" t="165" w="83" /><ent r="4" t="178" w="12" /><ent r="4" t="184" w="10" /><ent r="3" t="185" w="40" /><ent r="3" t="188" w="36" /><ent r="3" t="224" w="397" /><ent r="3" t="234" w="58" /><ent r="4" t="238" w="190" /><ent r="3" t="244" w="452" /><ent r="3" t="274" w="391" /></phr><phr n="making"><ent r="3" t="4" w="609" /><ent r="3" t="39" w="58" /><ent r="3" t="197" w="27" /><ent r="2" t="198" w="29" /></phr><phr n="Make"><ent r="4" t="55" w="229" /><ent r="4" t="93" w="55" /><ent r="3" t="233" w="349" /><ent r="5" t="233" w="419" /><ent r="5" t="233" w="507" /><ent r="4" t="242" w="124" /><ent r="3" t="257" w="156" /></phr></stem><stem n="life"><phr n="life"><ent r="3" t="1" w="217" /><ent r="3" t="2" w="589" /><ent r="3" t="7" w="637" /></phr></stem><stem n="lot"><phr n="lot"><ent r="3" t="1" w="219" /><ent r="3" t="22" w="254" /><ent r="3" t="25" w="18" /><ent r="3" t="36" w="14" /><ent r="3" t="59" w="54" /><ent r="3" t="61" w="144" /><ent r="3" t="61" w="158" /><ent r="3" t="101" w="301" /><ent r="4" t="106" w="46" /><ent r="4" t="129" w="205" /><ent r="3" t="135" w="124" /><ent r="3" t="135" w="135" /><ent r="3" t="137" w="157" /><ent r="3" t="141" w="17" /><ent r="3" t="151" w="35" /><ent r="3" t="153" w="31" /><ent r="3" t="156" w="81" /><ent r="3" t="156" w="125" /><ent r="4" t="168" w="84" /><ent r="4" t="227" w="315" /><ent r="8" t="228" w="174" /><ent r="8" t="228" w="185" /><ent r="3" t="240" w="27" /><ent r="3" t="246" w="79" /><ent r="3" t="247" w="16" /><ent r="4" t="308" w="377" /></phr><phr n="lots"><ent r="3" t="188" w="274" /><ent r="3" t="197" w="28" /><ent r="2" t="198" w="30" /><ent r="3" t="275" w="445" /><ent r="3" t="289" w="212" /></phr></stem></index>