﻿<?xml version="1.0" encoding="utf-8"?><index><stem n="db4operformancecounters.instal"><phr n="Db4oPerformanceCounters.Install"><ent r="5" t="133" w="275" /><ent r="5" t="133" w="274" /><ent r="5" t="133" w="291" /><ent r="5" t="133" w="290" /></phr></stem><stem n=".install();"><phr n=".Install();"><ent r="5" t="133" w="276" /></phr></stem><stem n="installperformancecount"><phr n="InstallPerformanceCounters"><ent r="5" t="133" w="277" /><ent r="5" t="133" w="293" /></phr></stem><stem n="installperformancecounters.c"><phr n="InstallPerformanceCounters.cs"><ent r="5" t="133" w="278" /><ent r="5" t="133" w="277" /></phr></stem><stem n=".install()"><phr n=".Install()"><ent r="5" t="133" w="292" /></phr></stem><stem n="installperformancecounters.vb"><phr n="InstallPerformanceCounters.vb"><ent r="5" t="133" w="294" /><ent r="5" t="133" w="293" /></phr></stem><stem n="perfom"><phr n="perfom"><ent r="4" t="133" w="359" /></phr></stem><stem n="perfom.ex"><phr n="perfom.exe"><ent r="4" t="133" w="360" /><ent r="4" t="133" w="359" /></phr></stem><stem n="(perfom.exe)."><phr n="(perfom.exe)."><ent r="4" t="133" w="361" /></phr></stem><stem n="-dialog"><phr n="-dialog"><ent r="4" t="133" w="370" /><ent r="4" t="133" w="370" /></phr></stem><stem n="run-dialog"><phr n="Run-dialog"><ent r="4" t="133" w="370" /></phr></stem><stem n="(windows-kei"><phr n="(Windows-Key"><ent r="4" t="133" w="372" /></phr></stem><stem n="windows-kei"><phr n="Windows-Key"><ent r="4" t="133" w="372" /></phr></stem><stem n="r"><phr n="R"><ent r="4" t="133" w="375" /></phr></stem><stem n="perfmon"><phr n="perfmon"><ent r="4" t="133" w="378" /></phr></stem><stem n="'perfmon'"><phr n="'perfmon'"><ent r="4" t="133" w="379" /></phr></stem><stem n="'add'-botton"><phr n="'Add'-Botton"><ent r="4" t="133" w="399" /></phr></stem><stem n="botton"><phr n="Botton"><ent r="4" t="133" w="399" /></phr></stem><stem n="toolbar"><phr n="toolbar"><ent r="4" t="133" w="402" /><ent r="3" t="288" w="46" /><ent r="3" t="289" w="58" /><ent r="3" t="290" w="286" /></phr></stem><stem n="scroll"><phr n="scroll"><ent r="4" t="133" w="404" /></phr></stem><stem n="-categori"><phr n="-category"><ent r="4" t="133" w="407" /><ent r="4" t="133" w="407" /></phr></stem><stem n="db4o-categori"><phr n="db4o-category"><ent r="4" t="133" w="407" /></phr></stem><stem n="categori"><phr n="category"><ent r="4" t="133" w="408" /></phr></stem><stem n="-counter"><phr n="-counter"><ent r="4" t="133" w="412" /><ent r="4" t="133" w="412" /></phr></stem><stem n="watch"><phr n="watch"><ent r="4" t="133" w="426" /></phr></stem><stem n="-counters."><phr n="-counters."><ent r="4" t="133" w="430" /><ent r="4" t="133" w="430" /></phr></stem><stem n="querymonitoringsupport"><phr n="QueryMonitoringSupport"><ent r="3" t="134" w="47" /><ent r="4" t="134" w="74" /><ent r="4" t="134" w="101" /><ent r="92" t="144" w="141" /></phr></stem><stem n="nativequerymonitoringsupport"><phr n="NativeQueryMonitoringSupport"><ent r="3" t="134" w="56" /><ent r="4" t="134" w="81" /><ent r="4" t="134" w="108" /><ent r="92" t="144" w="97" /></phr></stem><stem n="querymonitor"><phr n="QueryMonitoring"><ent r="4" t="134" w="83" /><ent r="4" t="134" w="110" /></phr></stem><stem n="querymonitoring.c"><phr n="QueryMonitoring.cs"><ent r="4" t="134" w="84" /><ent r="4" t="134" w="83" /></phr></stem><stem n="querymonitoring.vb"><phr n="QueryMonitoring.vb"><ent r="4" t="134" w="111" /><ent r="4" t="134" w="110" /></phr></stem><stem n="/sec"><phr n="/sec"><ent r="4" t="134" w="129" /><ent r="4" t="134" w="188" /><ent r="4" t="134" w="206" /><ent r="4" t="134" w="221" /><ent r="4" t="134" w="260" /><ent r="4" t="134" w="276" /><ent r="4" t="135" w="107" /><ent r="4" t="135" w="175" /><ent r="4" t="135" w="189" /><ent r="4" t="135" w="203" /><ent r="4" t="136" w="97" /><ent r="4" t="136" w="114" /><ent r="4" t="137" w="125" /><ent r="4" t="138" w="174" /><ent r="4" t="138" w="193" /><ent r="4" t="138" w="211" /></phr></stem><stem n="scans/sec"><phr n="scans/sec"><ent r="4" t="134" w="129" /><ent r="4" t="134" w="128" /></phr></stem><stem n="sec"><phr n="sec"><ent r="4" t="134" w="129" /><ent r="4" t="134" w="188" /><ent r="4" t="134" w="206" /><ent r="4" t="134" w="221" /><ent r="4" t="134" w="260" /><ent r="4" t="134" w="276" /><ent r="4" t="135" w="107" /><ent r="4" t="135" w="175" /><ent r="4" t="135" w="189" /><ent r="4" t="135" w="203" /><ent r="4" t="136" w="97" /><ent r="4" t="136" w="114" /><ent r="4" t="137" w="125" /><ent r="4" t="138" w="174" /><ent r="4" t="138" w="193" /><ent r="4" t="138" w="211" /></phr></stem><stem n="&quot;indexing&quot;"><phr n="&quot;Indexing&quot;"><ent r="64" t="134" w="186" /><ent r="64" t="223" w="146" /></phr></stem><stem n="queries/sec"><phr n="queries/sec"><ent r="4" t="134" w="188" /><ent r="4" t="134" w="187" /><ent r="4" t="134" w="206" /><ent r="4" t="134" w="205" /><ent r="4" t="134" w="221" /><ent r="4" t="134" w="220" /><ent r="4" t="134" w="260" /><ent r="4" t="134" w="259" /><ent r="4" t="134" w="276" /><ent r="4" t="134" w="275" /></phr></stem><stem n="-linq"><phr n="-LINQ"><ent r="3" t="134" w="266" /><ent r="3" t="134" w="266" /></phr></stem><stem n="db4o-linq"><phr n="db4o-LINQ"><ent r="3" t="134" w="266" /></phr></stem><stem n="-queries,"><phr n="-queries,"><ent r="3" t="134" w="293" /><ent r="3" t="134" w="293" /></phr></stem><stem n="allobject"><phr n="allobjects"><ent r="3" t="134" w="297" /></phr></stem><stem n="&quot;linq&quot;"><phr n="&quot;LINQ&quot;"><ent r="64" t="134" w="317" /></phr></stem><stem n="objectlifecyclemonitoringsupport"><phr n="ObjectLifecycleMonitoringSupport"><ent r="4" t="135" w="62" /><ent r="4" t="135" w="84" /><ent r="92" t="144" w="127" /></phr></stem><stem n="objectlifecyclemonitor"><phr n="ObjectLifecycleMonitoring"><ent r="4" t="135" w="64" /><ent r="4" t="135" w="86" /></phr></stem><stem n="objectlifecyclemonitoring.c"><phr n="ObjectLifecycleMonitoring.cs"><ent r="4" t="135" w="65" /><ent r="4" t="135" w="64" /></phr></stem><stem n="objectlifecyclemonitoring.vb"><phr n="ObjectLifecycleMonitoring.vb"><ent r="4" t="135" w="87" /><ent r="4" t="135" w="86" /></phr></stem><stem n="activated/sec"><phr n="activated/sec"><ent r="4" t="135" w="107" /><ent r="4" t="135" w="106" /></phr></stem><stem n="spend"><phr n="spend"><ent r="3" t="135" w="138" /><ent r="3" t="274" w="429" /></phr></stem><stem n="deactivated/sec"><phr n="deactivated/sec"><ent r="4" t="135" w="175" /><ent r="4" t="135" w="174" /></phr></stem><stem n="deleted/sec"><phr n="deleted/sec"><ent r="4" t="135" w="189" /><ent r="4" t="135" w="188" /></phr></stem><stem n="stored/sec"><phr n="stored/sec"><ent r="4" t="135" w="203" /><ent r="4" t="135" w="202" /></phr></stem><stem n="iomonitoringsupport"><phr n="IOMonitoringSupport"><ent r="4" t="136" w="57" /><ent r="4" t="136" w="77" /><ent r="92" t="144" w="81" /></phr></stem><stem n="iomonitor"><phr n="IOMonitoring"><ent r="4" t="136" w="59" /><ent r="4" t="136" w="79" /></phr></stem><stem n="iomonitoring.c"><phr n="IOMonitoring.cs"><ent r="4" t="136" w="60" /><ent r="4" t="136" w="59" /></phr></stem><stem n="-monitor"><phr n="-Monitoring"><ent r="4" t="136" w="62" /><ent r="4" t="136" w="62" /><ent r="4" t="136" w="82" /><ent r="4" t="136" w="82" /></phr></stem><stem n="io-monitor"><phr n="IO-Monitoring"><ent r="4" t="136" w="62" /><ent r="4" t="136" w="82" /></phr></stem><stem n="iomonitoring.vb"><phr n="IOMonitoring.vb"><ent r="4" t="136" w="80" /><ent r="4" t="136" w="79" /></phr></stem><stem n="read/sec"><phr n="read/sec"><ent r="4" t="136" w="97" /><ent r="4" t="136" w="96" /></phr></stem><stem n="written/sec"><phr n="written/sec"><ent r="4" t="136" w="114" /><ent r="4" t="136" w="113" /></phr></stem><stem n="-manag"><phr n="-manager"><ent r="3" t="137" w="11" /><ent r="3" t="137" w="11" /></phr></stem><stem n="freespace-manag"><phr n="freespace-manager"><ent r="3" t="137" w="11" /></phr></stem><stem n="freespacemonitoringsupport"><phr n="FreespaceMonitoringSupport"><ent r="4" t="137" w="54" /><ent r="4" t="137" w="76" /><ent r="92" t="144" w="66" /></phr></stem><stem n="freespacemonitor"><phr n="FreespaceMonitoring"><ent r="4" t="137" w="56" /><ent r="4" t="137" w="78" /></phr></stem><stem n="freespacemonitoring.c"><phr n="FreespaceMonitoring.cs"><ent r="4" t="137" w="57" /><ent r="4" t="137" w="56" /></phr></stem><stem n="freespacemonitoring.vb"><phr n="FreespaceMonitoring.vb"><ent r="4" t="137" w="79" /><ent r="4" t="137" w="78" /></phr></stem><stem n="averag"><phr n="average"><ent r="4" t="137" w="96" /><ent r="3" t="137" w="106" /><ent r="3" t="261" w="60" /></phr></stem><stem n="slots/sec"><phr n="slots/sec"><ent r="4" t="137" w="125" /><ent r="4" t="137" w="124" /></phr></stem><stem n="btree"><phr n="btree"><ent r="64" t="137" w="199" /><ent r="64" t="137" w="267" /></phr><phr n="BTree"><ent r="92" t="179" w="324" /><ent r="4" t="179" w="405" /><ent r="4" t="179" w="431" /><ent r="92" t="224" w="105" /><ent r="3" t="224" w="116" /><ent r="92" t="224" w="190" /><ent r="3" t="224" w="199" /></phr></stem><stem n="btree-id"><phr n="btree-id"><ent r="64" t="137" w="199" /><ent r="64" t="137" w="267" /></phr></stem><stem n="btree-id-system"><phr n="btree-id-system"><ent r="64" t="137" w="199" /><ent r="64" t="137" w="267" /></phr></stem><stem n="id-system"><phr n="id-system"><ent r="64" t="137" w="200" /><ent r="64" t="137" w="268" /><ent r="64" t="142" w="120" /><ent r="64" t="142" w="223" /><ent r="64" t="142" w="325" /><ent r="64" t="150" w="41" /><ent r="3" t="224" w="8" /><ent r="3" t="224" w="38" /><ent r="3" t="224" w="55" /><ent r="3" t="224" w="74" /><ent r="3" t="224" w="78" /><ent r="3" t="224" w="289" /><ent r="3" t="224" w="519" /><ent r="64" t="225" w="46" /></phr><phr n="id-systems"><ent r="3" t="224" w="26" /></phr><phr n="Id-System"><ent r="92" t="224" w="106" /><ent r="92" t="224" w="191" /><ent r="92" t="224" w="285" /><ent r="92" t="224" w="376" /><ent r="92" t="224" w="499" /></phr></stem><stem n="-id-system."><phr n="-id-system."><ent r="64" t="137" w="202" /><ent r="64" t="137" w="203" /><ent r="64" t="137" w="270" /><ent r="64" t="137" w="271" /></phr></stem><stem n="-file.a"><phr n="-file.A"><ent r="3" t="137" w="245" /><ent r="3" t="137" w="245" /></phr></stem><stem n="database-file.a"><phr n="database-file.A"><ent r="3" t="137" w="245" /><ent r="3" t="137" w="244" /></phr></stem><stem n="hight"><phr n="hight"><ent r="3" t="137" w="246" /></phr></stem><stem n="network-oper"><phr n="network-operations"><ent r="3" t="138" w="11" /></phr></stem><stem n="configuration-item"><phr n="configuration-items"><ent r="3" t="138" w="46" /></phr></stem><stem n="-items."><phr n="-items."><ent r="3" t="138" w="48" /><ent r="3" t="138" w="48" /><ent r="3" t="291" w="47" /><ent r="3" t="291" w="47" /></phr></stem><stem n="networkingmonitoringsupport"><phr n="NetworkingMonitoringSupport"><ent r="3" t="138" w="49" /><ent r="4" t="138" w="70" /><ent r="4" t="138" w="92" /><ent r="92" t="144" w="111" /></phr></stem><stem n="csmonitor"><phr n="CSMonitoring"><ent r="4" t="138" w="72" /><ent r="4" t="138" w="94" /><ent r="4" t="138" w="130" /><ent r="4" t="138" w="152" /></phr></stem><stem n="csmonitoring.c"><phr n="CSMonitoring.cs"><ent r="4" t="138" w="73" /><ent r="4" t="138" w="72" /><ent r="4" t="138" w="131" /><ent r="4" t="138" w="130" /></phr></stem><stem n="csmonitoring.vb"><phr n="CSMonitoring.vb"><ent r="4" t="138" w="95" /><ent r="4" t="138" w="94" /><ent r="4" t="138" w="153" /><ent r="4" t="138" w="152" /></phr></stem><stem n="clientconnectionsmonitoringsupport"><phr n="ClientConnectionsMonitoringSupport"><ent r="3" t="138" w="109" /><ent r="4" t="138" w="128" /><ent r="4" t="138" w="150" /></phr></stem><stem n="configuration.addconfigurationitem"><phr n="configuration.AddConfigurationItem"><ent r="4" t="138" w="124" /><ent r="4" t="138" w="123" /><ent r="4" t="138" w="146" /><ent r="4" t="138" w="145" /><ent r="5" t="237" w="175" /><ent r="5" t="237" w="174" /><ent r="5" t="237" w="237" /><ent r="5" t="237" w="236" /><ent r="5" t="237" w="283" /><ent r="5" t="237" w="282" /><ent r="5" t="237" w="315" /><ent r="5" t="237" w="314" /><ent r="4" t="266" w="114" /><ent r="4" t="266" w="113" /><ent r="4" t="266" w="151" /><ent r="4" t="266" w="150" /></phr></stem><stem n="addconfigurationitem"><phr n="AddConfigurationItem"><ent r="4" t="138" w="124" /><ent r="4" t="138" w="146" /><ent r="5" t="237" w="175" /><ent r="5" t="237" w="237" /><ent r="5" t="237" w="283" /><ent r="5" t="237" w="315" /><ent r="4" t="266" w="114" /><ent r="4" t="266" w="151" /></phr></stem><stem n=".addconfigurationitem("><phr n=".AddConfigurationItem("><ent r="4" t="138" w="125" /><ent r="4" t="138" w="147" /><ent r="5" t="237" w="176" /><ent r="5" t="237" w="238" /><ent r="5" t="237" w="284" /><ent r="5" t="237" w="316" /><ent r="4" t="266" w="115" /><ent r="4" t="266" w="152" /></phr></stem><stem n="sent"><phr n="sent"><ent r="4" t="138" w="173" /><ent r="4" t="138" w="210" /><ent r="3" t="197" w="90" /><ent r="3" t="198" w="89" /><ent r="3" t="203" w="119" /></phr></stem><stem n="sent/sec"><phr n="sent/sec"><ent r="4" t="138" w="174" /><ent r="4" t="138" w="173" /><ent r="4" t="138" w="211" /><ent r="4" t="138" w="210" /></phr></stem><stem n="received/sec"><phr n="received/sec"><ent r="4" t="138" w="193" /><ent r="4" t="138" w="192" /></phr></stem><stem n="send"><phr n="sends"><ent r="3" t="138" w="204" /><ent r="3" t="138" w="222" /><ent r="3" t="203" w="95" /></phr><phr n="send"><ent r="3" t="158" w="107" /><ent r="3" t="163" w="29" /><ent r="3" t="196" w="19" /><ent r="3" t="206" w="40" /><ent r="3" t="206" w="45" /><ent r="8" t="228" w="192" /><ent r="3" t="232" w="334" /><ent r="3" t="236" w="16" /><ent r="3" t="236" w="728" /><ent r="3" t="236" w="738" /><ent r="3" t="238" w="277" /></phr><phr n="sending"><ent r="6" t="195" w="77" /><ent r="3" t="203" w="142" /></phr><phr n="Sending"><ent r="92" t="236" w="66" /></phr><phr n="Send"><ent r="4" t="236" w="404" /><ent r="4" t="236" w="487" /><ent r="4" t="236" w="762" /><ent r="4" t="236" w="816" /></phr></stem><stem n="-system"><phr n="-system"><ent r="64" t="139" w="14" /><ent r="64" t="139" w="14" /><ent r="3" t="139" w="29" /><ent r="3" t="139" w="29" /><ent r="64" t="142" w="120" /><ent r="64" t="142" w="120" /><ent r="64" t="142" w="223" /><ent r="64" t="142" w="223" /><ent r="64" t="142" w="325" /><ent r="64" t="142" w="325" /><ent r="64" t="150" w="41" /><ent r="64" t="150" w="41" /><ent r="3" t="224" w="8" /><ent r="3" t="224" w="8" /><ent r="3" t="224" w="55" /><ent r="3" t="224" w="55" /><ent r="3" t="224" w="78" /><ent r="3" t="224" w="78" /><ent r="3" t="224" w="289" /><ent r="3" t="224" w="289" /><ent r="3" t="224" w="519" /><ent r="3" t="224" w="519" /><ent r="64" t="225" w="46" /><ent r="64" t="225" w="46" /></phr><phr n="-System"><ent r="92" t="224" w="106" /><ent r="92" t="224" w="106" /><ent r="92" t="224" w="191" /><ent r="92" t="224" w="191" /><ent r="92" t="224" w="285" /><ent r="92" t="224" w="285" /><ent r="92" t="224" w="376" /><ent r="92" t="224" w="376" /><ent r="92" t="224" w="499" /><ent r="92" t="224" w="499" /></phr></stem><stem n="reference-system"><phr n="reference-system"><ent r="64" t="139" w="14" /><ent r="3" t="139" w="29" /><ent r="3" t="139" w="123" /><ent r="3" t="256" w="78" /></phr></stem><stem n="referencesystemmonitoringsupport"><phr n="ReferenceSystemMonitoringSupport"><ent r="4" t="139" w="68" /><ent r="4" t="139" w="89" /><ent r="92" t="144" w="154" /></phr></stem><stem n="referencesystemmonitor"><phr n="ReferenceSystemMonitoring"><ent r="4" t="139" w="70" /><ent r="4" t="139" w="91" /></phr></stem><stem n="referencesystemmonitoring.c"><phr n="ReferenceSystemMonitoring.cs"><ent r="4" t="139" w="71" /><ent r="4" t="139" w="70" /></phr></stem><stem n="referencesystemmonitoring.vb"><phr n="ReferenceSystemMonitoring.vb"><ent r="4" t="139" w="92" /><ent r="4" t="139" w="91" /></phr></stem><stem n="-system."><phr n="-system."><ent r="3" t="139" w="125" /><ent r="3" t="139" w="125" /><ent r="3" t="224" w="76" /><ent r="3" t="224" w="76" /><ent r="3" t="256" w="80" /><ent r="3" t="256" w="80" /></phr></stem><stem n="switch"><phr n="switched"><ent r="3" t="140" w="23" /></phr><phr n="switch"><ent r="3" t="148" w="67" /><ent r="4" t="148" w="234" /><ent r="3" t="190" w="216" /></phr></stem><stem n="diagnosticlisten"><phr n="DiagnosticListener"><ent r="3" t="140" w="35" /><ent r="3" t="141" w="24" /></phr></stem><stem n="diagnostictoconsol"><phr n="DiagnosticToConsole"><ent r="4" t="140" w="61" /><ent r="4" t="140" w="92" /><ent r="4" t="140" w="125" /><ent r="4" t="141" w="400" /><ent r="4" t="141" w="439" /><ent r="4" t="154" w="34" /><ent r="4" t="154" w="65" /></phr></stem><stem n=":print"><phr n=":Prints"><ent r="4" t="140" w="126" /></phr></stem><stem n="diagnostictotrac"><phr n="DiagnosticToTrace"><ent r="4" t="140" w="133" /></phr></stem><stem n="messages-typ"><phr n="Messages-Types"><ent r="92" t="140" w="146" /></phr></stem><stem n="missingclass"><phr n="MissingClass"><ent r="5" t="140" w="181" /></phr></stem><stem n="alia"><phr n="alias"><ent r="65" t="140" w="221" /><ent r="3" t="147" w="32" /><ent r="3" t="147" w="40" /><ent r="4" t="147" w="92" /><ent r="4" t="147" w="104" /><ent r="3" t="147" w="133" /><ent r="3" t="147" w="163" /><ent r="3" t="147" w="235" /><ent r="3" t="147" w="243" /><ent r="5" t="147" w="257" /><ent r="5" t="147" w="290" /><ent r="5" t="147" w="335" /><ent r="5" t="147" w="368" /><ent r="3" t="306" w="453" /><ent r="3" t="306" w="460" /><ent r="3" t="306" w="525" /></phr><phr n="Alias"><ent r="64" t="147" w="63" /><ent r="4" t="147" w="129" /><ent r="5" t="147" w="274" /><ent r="5" t="147" w="282" /><ent r="5" t="147" w="307" /><ent r="5" t="147" w="316" /><ent r="5" t="147" w="352" /><ent r="5" t="147" w="360" /><ent r="5" t="147" w="385" /><ent r="5" t="147" w="394" /><ent r="64" t="277" w="116" /><ent r="67" t="277" w="155" /><ent r="5" t="277" w="205" /></phr></stem><stem n="defragmentrecommend"><phr n="DefragmentRecommendation"><ent r="5" t="140" w="224" /></phr></stem><stem n="-index"><phr n="-index"><ent r="4" t="140" w="249" /><ent r="4" t="140" w="249" /><ent r="65" t="140" w="271" /><ent r="65" t="140" w="271" /><ent r="64" t="150" w="30" /><ent r="64" t="150" w="30" /><ent r="64" t="150" w="34" /><ent r="64" t="150" w="34" /><ent r="64" t="285" w="189" /><ent r="64" t="285" w="189" /></phr><phr n="-indexed"><ent r="3" t="141" w="59" /><ent r="3" t="141" w="59" /><ent r="3" t="167" w="53" /><ent r="3" t="167" w="53" /></phr></stem><stem n="descendintotransl"><phr n="DescendIntoTranslator"><ent r="5" t="140" w="275" /></phr></stem><stem n="classhasnofield"><phr n="ClassHasNoFields"><ent r="5" t="140" w="314" /></phr></stem><stem n="'empty'"><phr n="'empty'"><ent r="4" t="140" w="350" /></phr></stem><stem n="deletionfail"><phr n="DeletionFailed"><ent r="5" t="140" w="359" /></phr></stem><stem n="updatedepthgreateron"><phr n="UpdateDepthGreaterOne"><ent r="5" t="140" w="371" /></phr></stem><stem n="nottransparentactivationen"><phr n="NotTransparentActivationEnabled"><ent r="5" t="140" w="456" /></phr></stem><stem n="objectfielddoesnotexist"><phr n="ObjectFieldDoesNotExist"><ent r="5" t="140" w="482" /></phr></stem><stem n="object-field"><phr n="object-field"><ent r="4" t="140" w="488" /></phr></stem><stem n="exis"><phr n="exising"><ent r="4" t="140" w="501" /></phr></stem><stem n="un"><phr n="un"><ent r="3" t="141" w="59" /></phr></stem><stem n="un-index"><phr n="un-indexed"><ent r="3" t="141" w="59" /></phr></stem><stem n="have"><phr n="having"><ent r="3" t="141" w="63" /><ent r="3" t="174" w="246" /></phr><phr n="Having"><ent r="3" t="274" w="386" /></phr></stem><stem n="frequent"><phr n="frequent"><ent r="3" t="141" w="72" /></phr><phr n="frequently"><ent r="4" t="238" w="377" /><ent r="3" t="289" w="246" /><ent r="65" t="309" w="119" /></phr></stem><stem n="heavi"><phr n="heavy"><ent r="3" t="141" w="74" /><ent r="4" t="238" w="133" /></phr></stem><stem n="dramat"><phr n="dramatically"><ent r="3" t="141" w="93" /><ent r="3" t="223" w="129" /></phr></stem><stem n="consider"><phr n="considerably"><ent r="3" t="141" w="100" /><ent r="3" t="191" w="110" /></phr><phr n="considerate"><ent r="4" t="165" w="252" /></phr><phr n="consideration"><ent r="3" t="245" w="175" /><ent r="3" t="259" w="25" /><ent r="3" t="270" w="466" /></phr></stem><stem n="concentr"><phr n="concentrate"><ent r="3" t="141" w="118" /></phr></stem><stem n="diagnosticfilt"><phr n="DiagnosticFilter"><ent r="4" t="141" w="132" /><ent r="4" t="141" w="151" /><ent r="4" t="141" w="212" /><ent r="4" t="141" w="396" /><ent r="4" t="141" w="435" /></phr></stem><stem n="icollection&lt;type&gt;"><phr n="ICollection&lt;Type&gt;"><ent r="4" t="141" w="139" /></phr></stem><stem n="filterfor"><phr n="filterFor"><ent r="4" t="141" w="140" /><ent r="4" t="141" w="158" /><ent r="4" t="141" w="167" /><ent r="4" t="141" w="172" /><ent r="4" t="141" w="188" /><ent r="4" t="141" w="222" /><ent r="4" t="141" w="259" /><ent r="4" t="141" w="272" /><ent r="4" t="141" w="279" /><ent r="4" t="141" w="318" /></phr></stem><stem n="(idiagnosticlisten"><phr n="(IDiagnosticListener"><ent r="4" t="141" w="152" /></phr></stem><stem n=".target"><phr n=".target"><ent r="4" t="141" w="162" /><ent r="4" t="141" w="267" /></phr></stem><stem n=".filterfor"><phr n=".filterFor"><ent r="4" t="141" w="167" /><ent r="4" t="141" w="272" /></phr></stem><stem n="list&lt;type&gt;"><phr n="List&lt;Type&gt;"><ent r="4" t="141" w="171" /></phr></stem><stem n="(filterfor);"><phr n="(filterFor);"><ent r="4" t="141" w="173" /></phr></stem><stem n="diagnostic.gettyp"><phr n="diagnostic.GetType"><ent r="4" t="141" w="184" /><ent r="4" t="141" w="183" /></phr></stem><stem n=".gettype();"><phr n=".GetType();"><ent r="4" t="141" w="185" /></phr></stem><stem n="filterfor.contain"><phr n="filterFor.Contains"><ent r="4" t="141" w="189" /><ent r="4" t="141" w="188" /><ent r="4" t="141" w="319" /><ent r="4" t="141" w="318" /></phr></stem><stem n="(filterfor.contains(type))"><phr n="(filterFor.Contains(type))"><ent r="4" t="141" w="191" /></phr></stem><stem n="target.ondiagnost"><phr n="target.OnDiagnostic"><ent r="4" t="141" w="192" /><ent r="4" t="141" w="191" /><ent r="4" t="141" w="325" /><ent r="4" t="141" w="324" /></phr></stem><stem n=".ondiagnostic(diagnostic);"><phr n=".OnDiagnostic(diagnostic);"><ent r="4" t="141" w="194" /></phr></stem><stem n="diagnosticsexampl"><phr n="DiagnosticsExamples"><ent r="4" t="141" w="195" /><ent r="4" t="141" w="340" /><ent r="4" t="141" w="406" /><ent r="4" t="141" w="445" /></phr></stem><stem n="diagnosticsexamples.c"><phr n="DiagnosticsExamples.cs"><ent r="4" t="141" w="196" /><ent r="4" t="141" w="195" /><ent r="4" t="141" w="407" /><ent r="4" t="141" w="406" /></phr></stem><stem n="paramarrai"><phr n="ParamArray"><ent r="5" t="141" w="257" /></phr></stem><stem n=")(filterfor)"><phr n=")(filterFor)"><ent r="4" t="141" w="280" /></phr></stem><stem n=".contains(type)"><phr n=".Contains(type)"><ent r="4" t="141" w="321" /></phr></stem><stem n=".ondiagnostic(diagnostic)"><phr n=".OnDiagnostic(diagnostic)"><ent r="4" t="141" w="327" /></phr></stem><stem n="diagnosticsexamples.vb"><phr n="DiagnosticsExamples.vb"><ent r="4" t="141" w="341" /><ent r="4" t="141" w="340" /><ent r="4" t="141" w="446" /><ent r="4" t="141" w="445" /></phr></stem><stem n="filter-listen"><phr n="filter-listener"><ent r="3" t="141" w="359" /></phr></stem><stem n="-listener."><phr n="-listener."><ent r="3" t="141" w="361" /><ent r="3" t="141" w="361" /></phr></stem><stem n=".common.diagnost"><phr n=".Common.Diagnostic"><ent r="4" t="141" w="391" /><ent r="4" t="141" w="430" /></phr></stem><stem n=".addlistener("><phr n=".AddListener("><ent r="4" t="141" w="393" /><ent r="4" t="141" w="432" /></phr></stem><stem n="(loadedfromclassindex)));"><phr n="(LoadedFromClassIndex)));"><ent r="4" t="141" w="405" /></phr></stem><stem n="unindex"><phr n="unindexed"><ent r="4" t="141" w="410" /><ent r="4" t="141" w="449" /></phr></stem><stem n="(loadedfromclassindex)))"><phr n="(LoadedFromClassIndex)))"><ent r="4" t="141" w="444" /></phr></stem><stem n="adjust"><phr n="adjust"><ent r="3" t="142" w="19" /></phr></stem><stem n="configuration-inst"><phr n="configuration-instance"><ent r="3" t="142" w="39" /><ent r="3" t="142" w="53" /><ent r="3" t="142" w="67" /><ent r="3" t="142" w="82" /></phr></stem><stem n="-instance."><phr n="-instance."><ent r="3" t="142" w="69" /><ent r="3" t="142" w="69" /><ent r="3" t="142" w="84" /><ent r="3" t="142" w="84" /></phr></stem><stem n="embedded-configur"><phr n="Embedded-Configuration"><ent r="92" t="142" w="101" /></phr></stem><stem n="-configuration."><phr n="-configuration."><ent r="3" t="142" w="124" /><ent r="3" t="142" w="124" /><ent r="3" t="142" w="227" /><ent r="3" t="142" w="227" /><ent r="3" t="142" w="329" /><ent r="3" t="142" w="329" /><ent r="3" t="143" w="435" /><ent r="3" t="143" w="435" /></phr></stem><stem n="..."><phr n="..."><ent r="5" t="142" w="133" /><ent r="5" t="142" w="170" /><ent r="5" t="142" w="236" /><ent r="5" t="142" w="274" /><ent r="5" t="142" w="338" /><ent r="5" t="142" w="382" /></phr></stem><stem n="configurationbas"><phr n="ConfigurationBasics"><ent r="4" t="142" w="144" /><ent r="4" t="142" w="186" /><ent r="4" t="142" w="248" /><ent r="4" t="142" w="291" /><ent r="4" t="142" w="355" /><ent r="4" t="142" w="404" /></phr></stem><stem n="configurationbasics.c"><phr n="ConfigurationBasics.cs"><ent r="4" t="142" w="145" /><ent r="4" t="142" w="144" /><ent r="4" t="142" w="249" /><ent r="4" t="142" w="248" /><ent r="4" t="142" w="356" /><ent r="4" t="142" w="355" /></phr></stem><stem n="configurationbasics.vb"><phr n="ConfigurationBasics.vb"><ent r="4" t="142" w="187" /><ent r="4" t="142" w="186" /><ent r="4" t="142" w="292" /><ent r="4" t="142" w="291" /><ent r="4" t="142" w="405" /><ent r="4" t="142" w="404" /></phr></stem><stem n="server-configur"><phr n="Server-Configuration"><ent r="92" t="142" w="199" /></phr><phr n="server-configuration"><ent r="3" t="225" w="12" /></phr></stem><stem n="iserverconfigur"><phr n="IServerConfiguration"><ent r="4" t="142" w="228" /><ent r="4" t="142" w="267" /><ent r="4" t="225" w="76" /><ent r="4" t="225" w="105" /><ent r="4" t="236" w="286" /><ent r="4" t="236" w="327" /><ent r="5" t="237" w="143" /><ent r="5" t="237" w="203" /></phr></stem><stem n="db4oclientserver.newserverconfigur"><phr n="Db4oClientServer.NewServerConfiguration"><ent r="4" t="142" w="231" /><ent r="4" t="142" w="230" /><ent r="4" t="142" w="269" /><ent r="4" t="142" w="268" /><ent r="4" t="225" w="79" /><ent r="4" t="225" w="78" /><ent r="4" t="225" w="107" /><ent r="4" t="225" w="106" /><ent r="4" t="236" w="289" /><ent r="4" t="236" w="288" /><ent r="4" t="236" w="329" /><ent r="4" t="236" w="328" /><ent r="5" t="237" w="146" /><ent r="5" t="237" w="145" /><ent r="5" t="237" w="205" /><ent r="5" t="237" w="204" /></phr></stem><stem n="newserverconfigur"><phr n="NewServerConfiguration"><ent r="4" t="142" w="231" /><ent r="4" t="142" w="269" /><ent r="4" t="225" w="79" /><ent r="4" t="225" w="107" /><ent r="4" t="236" w="289" /><ent r="4" t="236" w="329" /><ent r="5" t="237" w="146" /><ent r="5" t="237" w="205" /></phr></stem><stem n=".newserverconfiguration();"><phr n=".NewServerConfiguration();"><ent r="4" t="142" w="232" /><ent r="4" t="225" w="80" /><ent r="4" t="236" w="290" /><ent r="5" t="237" w="147" /></phr></stem><stem n=".openserver(configuration,"><phr n=".OpenServer(configuration,"><ent r="4" t="142" w="242" /><ent r="4" t="142" w="285" /><ent r="4" t="236" w="302" /><ent r="4" t="236" w="348" /></phr></stem><stem n="db4o-serv"><phr n="db4o-server"><ent r="4" t="142" w="252" /><ent r="4" t="142" w="295" /><ent r="3" t="142" w="527" /><ent r="3" t="173" w="37" /><ent r="64" t="225" w="18" /></phr></stem></index>