﻿<?xml version="1.0" encoding="utf-8"?><index><stem n="string-bas"><phr n="string-based"><ent r="3" t="7" w="247" /></phr></stem><stem n="-based,"><phr n="-based,"><ent r="3" t="7" w="249" /><ent r="3" t="7" w="249" /></phr></stem><stem n="-nativ"><phr n="-native"><ent r="3" t="7" w="249" /><ent r="3" t="7" w="249" /><ent r="3" t="7" w="484" /><ent r="3" t="7" w="484" /><ent r="3" t="7" w="603" /><ent r="3" t="7" w="603" /><ent r="3" t="7" w="703" /><ent r="3" t="7" w="703" /></phr></stem><stem n="non-n"><phr n="non-native"><ent r="3" t="7" w="249" /><ent r="3" t="7" w="484" /><ent r="3" t="7" w="603" /><ent r="3" t="7" w="703" /></phr></stem><stem n="(such"><phr n="(such"><ent r="3" t="7" w="252" /></phr></stem><stem n="oql"><phr n="OQL"><ent r="3" t="7" w="255" /></phr></stem><stem n="jdoql"><phr n="JDOQL"><ent r="3" t="7" w="256" /></phr></stem><stem n="type-saf"><phr n="type-safe"><ent r="3" t="7" w="265" /></phr></stem><stem n="safe"><phr n="safe"><ent r="3" t="7" w="266" /><ent r="3" t="37" w="16" /><ent r="4" t="102" w="133" /><ent r="3" t="120" w="241" /><ent r="3" t="156" w="95" /><ent r="3" t="243" w="121" /><ent r="3" t="243" w="296" /><ent r="3" t="243" w="305" /><ent r="3" t="270" w="111" /></phr><phr n="safely"><ent r="3" t="34" w="89" /><ent r="3" t="214" w="37" /><ent r="3" t="242" w="21" /><ent r="4" t="276" w="94" /><ent r="4" t="278" w="58" /><ent r="4" t="286" w="188" /></phr></stem><stem n="-safe,"><phr n="-safe,"><ent r="3" t="7" w="267" /><ent r="3" t="7" w="267" /></phr></stem><stem n="-oriented,"><phr n="-oriented,"><ent r="3" t="7" w="273" /><ent r="3" t="7" w="273" /></phr></stem><stem n="boost"><phr n="boosting"><ent r="3" t="7" w="273" /></phr></stem><stem n="30"><phr n="30"><ent r="3" t="7" w="279" /><ent r="4" t="18" w="391" /><ent r="4" t="18" w="471" /><ent r="4" t="18" w="528" /><ent r="4" t="18" w="614" /><ent r="4" t="27" w="556" /><ent r="4" t="27" w="608" /></phr></stem><stem n="%."><phr n="%."><ent r="3" t="7" w="280" /></phr></stem><stem n="even"><phr n="even"><ent r="3" t="7" w="298" /><ent r="3" t="14" w="1086" /><ent r="3" t="24" w="842" /><ent r="3" t="33" w="261" /><ent r="3" t="35" w="20" /><ent r="3" t="36" w="20" /><ent r="3" t="40" w="248" /><ent r="3" t="49" w="758" /><ent r="3" t="55" w="117" /><ent r="3" t="88" w="41" /><ent r="3" t="90" w="176" /><ent r="3" t="121" w="639" /><ent r="3" t="149" w="71" /><ent r="3" t="151" w="80" /><ent r="5" t="166" w="290" /><ent r="3" t="169" w="78" /><ent r="3" t="179" w="64" /><ent r="3" t="227" w="75" /><ent r="4" t="238" w="124" /></phr><phr n="Even"><ent r="3" t="83" w="18" /><ent r="4" t="140" w="324" /></phr></stem><stem n="fourth"><phr n="Fourth"><ent r="3" t="7" w="301" /></phr></stem><stem n="-break"><phr n="-breaking"><ent r="3" t="7" w="304" /><ent r="3" t="7" w="304" /></phr></stem><stem n="ground"><phr n="ground"><ent r="3" t="7" w="304" /><ent r="3" t="74" w="107" /><ent r="5" t="74" w="153" /><ent r="4" t="74" w="185" /><ent r="5" t="74" w="196" /><ent r="4" t="74" w="238" /><ent r="5" t="76" w="81" /><ent r="4" t="76" w="113" /><ent r="5" t="76" w="124" /><ent r="4" t="76" w="166" /></phr></stem><stem n="ground-break"><phr n="ground-breaking"><ent r="3" t="7" w="304" /></phr></stem><stem n="break"><phr n="breaking"><ent r="3" t="7" w="305" /><ent r="3" t="7" w="608" /></phr><phr n="break"><ent r="3" t="15" w="397" /><ent r="3" t="60" w="177" /><ent r="3" t="73" w="52" /><ent r="3" t="244" w="73" /><ent r="3" t="244" w="366" /></phr><phr n="breaks"><ent r="3" t="178" w="73" /></phr></stem><stem n="solv"><phr n="solves"><ent r="3" t="7" w="310" /><ent r="3" t="48" w="50" /><ent r="3" t="145" w="152" /><ent r="3" t="203" w="134" /></phr><phr n="solved"><ent r="3" t="39" w="148" /></phr></stem><stem n="aris"><phr n="arising"><ent r="3" t="7" w="312" /></phr></stem><stem n="partial"><phr n="Partially"><ent r="3" t="7" w="317" /></phr><phr n="partially"><ent r="3" t="7" w="439" /><ent r="3" t="191" w="86" /><ent r="4" t="259" w="101" /><ent r="3" t="273" w="33" /></phr><phr n="Partial"><ent r="8" t="228" w="161" /></phr><phr n="partial"><ent r="6" t="300" w="446" /><ent r="6" t="300" w="453" /></phr></stem><stem n="connect"><phr n="connected"><ent r="3" t="7" w="318" /><ent r="3" t="7" w="440" /><ent r="4" t="95" w="145" /><ent r="3" t="138" w="120" /><ent r="4" t="138" w="228" /><ent r="3" t="138" w="237" /><ent r="4" t="238" w="184" /><ent r="3" t="289" w="70" /></phr><phr n="connections"><ent r="4" t="95" w="150" /><ent r="4" t="138" w="135" /><ent r="4" t="138" w="157" /><ent r="3" t="233" w="64" /><ent r="3" t="233" w="237" /><ent r="3" t="234" w="20" /><ent r="3" t="235" w="98" /><ent r="4" t="236" w="53" /><ent r="3" t="238" w="253" /></phr><phr n="connect"><ent r="3" t="127" w="316" /><ent r="7" t="128" w="204" /><ent r="6" t="128" w="224" /><ent r="7" t="128" w="267" /><ent r="6" t="128" w="290" /><ent r="3" t="200" w="126" /><ent r="3" t="226" w="256" /><ent r="3" t="229" w="80" /></phr><phr n="connection"><ent r="5" t="128" w="175" /><ent r="7" t="128" w="212" /><ent r="7" t="128" w="275" /><ent r="6" t="195" w="137" /><ent r="3" t="201" w="17" /><ent r="3" t="225" w="71" /><ent r="3" t="229" w="293" /><ent r="3" t="233" w="28" /><ent r="3" t="233" w="33" /><ent r="3" t="233" w="49" /><ent r="3" t="233" w="82" /><ent r="2" t="238" w="79" /><ent r="3" t="238" w="100" /><ent r="4" t="238" w="111" /><ent r="3" t="238" w="241" /><ent r="3" t="238" w="268" /><ent r="3" t="238" w="333" /><ent r="3" t="290" w="267" /></phr><phr n="Connect"><ent r="92" t="226" w="242" /><ent r="4" t="226" w="311" /><ent r="4" t="226" w="351" /></phr><phr n="Connection"><ent r="100" t="233" w="8" /></phr><phr n="connects"><ent r="3" t="233" w="18" /></phr></stem><stem n="challeng"><phr n="challenge"><ent r="3" t="7" w="330" /><ent r="3" t="48" w="44" /><ent r="3" t="118" w="76" /></phr><phr n="challenges"><ent r="3" t="48" w="22" /><ent r="3" t="105" w="37" /></phr><phr n="challenging"><ent r="3" t="252" w="13" /></phr></stem><stem n="li"><phr n="lies"><ent r="3" t="7" w="331" /></phr></stem><stem n="creation"><phr n="creation"><ent r="3" t="7" w="334" /><ent r="6" t="92" w="376" /></phr></stem><stem n="conflict"><phr n="conflict"><ent r="3" t="7" w="337" /><ent r="3" t="7" w="364" /><ent r="3" t="127" w="393" /></phr><phr n="conflicts"><ent r="3" t="7" w="409" /></phr></stem><stem n="resolut"><phr n="resolution"><ent r="3" t="7" w="338" /><ent r="3" t="7" w="365" /></phr></stem><stem n="algorithm"><phr n="algorithms"><ent r="3" t="7" w="339" /><ent r="3" t="20" w="90" /></phr><phr n="algorithm"><ent r="3" t="178" w="33" /><ent r="3" t="190" w="341" /></phr></stem><stem n="redund"><phr n="redundant"><ent r="3" t="7" w="341" /></phr></stem><stem n="simultan"><phr n="simultaneously"><ent r="3" t="7" w="345" /></phr></stem><stem n="modifi"><phr n="modified"><ent r="3" t="7" w="346" /><ent r="4" t="33" w="151" /><ent r="3" t="47" w="62" /><ent r="4" t="47" w="102" /><ent r="5" t="50" w="1009" /><ent r="5" t="50" w="1070" /><ent r="3" t="54" w="94" /><ent r="3" t="54" w="107" /><ent r="3" t="72" w="104" /><ent r="3" t="101" w="107" /><ent r="3" t="137" w="141" /></phr><phr n="modify"><ent r="3" t="7" w="631" /><ent r="3" t="137" w="153" /><ent r="3" t="231" w="96" /><ent r="3" t="243" w="322" /><ent r="3" t="257" w="182" /><ent r="3" t="290" w="146" /></phr><phr n="modifying"><ent r="3" t="50" w="25" /><ent r="3" t="295" w="26" /><ent r="3" t="303" w="84" /></phr><phr n="Modify"><ent r="3" t="190" w="249" /><ent r="3" t="306" w="300" /></phr><phr n="modifier"><ent r="5" t="300" w="216" /></phr></stem><stem n="merg"><phr n="merged"><ent r="3" t="7" w="351" /><ent r="3" t="254" w="15" /></phr><phr n="Merging"><ent r="64" t="246" w="212" /><ent r="1000" t="252" w="1" /><ent r="102" t="252" w="4" /><ent r="3" t="252" w="7" /><ent r="64" t="260" w="362" /></phr><phr n="Merge"><ent r="64" t="252" w="102" /><ent r="64" t="253" w="341" /><ent r="1000" t="254" w="2" /><ent r="102" t="254" w="6" /></phr><phr n="merge"><ent r="3" t="252" w="110" /><ent r="3" t="252" w="122" /><ent r="3" t="253" w="334" /></phr><phr n="merging"><ent r="4" t="254" w="178" /><ent r="4" t="254" w="319" /></phr></stem><stem n="smarter"><phr n="smarter"><ent r="3" t="7" w="360" /></phr></stem><stem n="necessari"><phr n="necessary"><ent r="3" t="7" w="369" /><ent r="3" t="41" w="21" /><ent r="3" t="69" w="27" /><ent r="3" t="100" w="26" /><ent r="4" t="105" w="116" /><ent r="4" t="105" w="149" /><ent r="4" t="106" w="74" /><ent r="3" t="112" w="20" /><ent r="4" t="113" w="103" /><ent r="3" t="185" w="27" /><ent r="3" t="188" w="434" /><ent r="3" t="191" w="40" /><ent r="3" t="232" w="350" /><ent r="4" t="258" w="76" /><ent r="5" t="258" w="96" /><ent r="3" t="292" w="196" /></phr></stem><stem n="logic"><phr n="logic"><ent r="3" t="7" w="371" /><ent r="3" t="47" w="23" /><ent r="3" t="55" w="173" /><ent r="3" t="65" w="134" /><ent r="3" t="99" w="70" /><ent r="3" t="105" w="200" /><ent r="4" t="259" w="83" /></phr><phr n="Logical"><ent r="92" t="18" w="492" /><ent r="4" t="27" w="565" /><ent r="4" t="27" w="623" /></phr><phr n="logical"><ent r="3" t="18" w="506" /><ent r="4" t="18" w="543" /><ent r="4" t="18" w="577" /><ent r="4" t="286" w="93" /></phr></stem><stem n="rather"><phr n="rather"><ent r="3" t="7" w="376" /><ent r="5" t="28" w="1107" /><ent r="5" t="28" w="1175" /><ent r="3" t="74" w="1152" /><ent r="3" t="233" w="66" /></phr></stem><stem n="-tier"><phr n="-tier"><ent r="3" t="7" w="380" /><ent r="3" t="7" w="380" /></phr></stem><stem n="middl"><phr n="middle"><ent r="3" t="7" w="380" /></phr></stem><stem n="middle-ti"><phr n="middle-tier"><ent r="3" t="7" w="380" /></phr></stem><stem n="tier"><phr n="tier"><ent r="3" t="7" w="381" /></phr></stem><stem n="consolid"><phr n="consolidated"><ent r="3" t="7" w="399" /></phr></stem><stem n="itself"><phr n="itself"><ent r="3" t="7" w="403" /><ent r="3" t="49" w="297" /><ent r="3" t="55" w="121" /><ent r="3" t="70" w="77" /><ent r="4" t="90" w="359" /><ent r="3" t="117" w="700" /><ent r="3" t="126" w="126" /><ent r="3" t="164" w="56" /><ent r="3" t="232" w="155" /><ent r="3" t="232" w="317" /><ent r="3" t="234" w="33" /><ent r="3" t="250" w="232" /><ent r="3" t="251" w="418" /><ent r="3" t="301" w="75" /><ent r="4" t="308" w="454" /></phr></stem><stem n="know"><phr n="knows"><ent r="3" t="7" w="404" /><ent r="3" t="44" w="51" /><ent r="3" t="70" w="237" /><ent r="3" t="153" w="60" /></phr><phr n="know"><ent r="5" t="31" w="992" /><ent r="5" t="31" w="1052" /><ent r="3" t="40" w="17" /><ent r="3" t="40" w="33" /><ent r="3" t="44" w="90" /><ent r="3" t="63" w="16" /><ent r="3" t="240" w="77" /><ent r="3" t="240" w="149" /><ent r="3" t="240" w="344" /><ent r="3" t="240" w="764" /><ent r="3" t="270" w="30" /><ent r="3" t="284" w="56" /><ent r="3" t="301" w="66" /></phr></stem><stem n="enabl"><phr n="enables"><ent r="3" t="7" w="412" /><ent r="3" t="7" w="656" /></phr><phr n="enabled"><ent r="3" t="36" w="191" /><ent r="3" t="43" w="112" /><ent r="3" t="49" w="988" /><ent r="3" t="49" w="1017" /><ent r="5" t="49" w="1061" /><ent r="5" t="49" w="1202" /><ent r="5" t="50" w="734" /><ent r="5" t="50" w="811" /><ent r="3" t="112" w="120" /><ent r="3" t="149" w="76" /></phr><phr n="enable"><ent r="3" t="45" w="632" /><ent r="3" t="48" w="171" /><ent r="3" t="59" w="26" /><ent r="3" t="69" w="353" /><ent r="3" t="69" w="371" /><ent r="3" t="93" w="30" /><ent r="3" t="93" w="48" /><ent r="5" t="112" w="1209" /><ent r="5" t="112" w="1271" /><ent r="3" t="112" w="1343" /><ent r="3" t="143" w="438" /><ent r="3" t="152" w="69" /><ent r="3" t="152" w="143" /><ent r="3" t="158" w="11" /><ent r="3" t="180" w="50" /><ent r="3" t="180" w="124" /><ent r="4" t="203" w="41" /><ent r="4" t="203" w="70" /><ent r="3" t="207" w="20" /><ent r="6" t="209" w="235" /><ent r="3" t="210" w="40" /><ent r="3" t="247" w="112" /><ent r="3" t="249" w="44" /></phr><phr n="enabling"><ent r="3" t="59" w="83" /></phr><phr n="Enable"><ent r="4" t="69" w="397" /><ent r="4" t="69" w="425" /><ent r="4" t="112" w="1397" /><ent r="4" t="112" w="1432" /><ent r="6" t="143" w="206" /><ent r="6" t="143" w="223" /><ent r="6" t="143" w="312" /><ent r="6" t="143" w="406" /><ent r="6" t="173" w="224" /><ent r="92" t="180" w="42" /><ent r="4" t="180" w="76" /><ent r="4" t="180" w="104" /><ent r="92" t="180" w="115" /><ent r="4" t="180" w="154" /><ent r="4" t="180" w="195" /><ent r="4" t="181" w="53" /><ent r="4" t="181" w="81" /><ent r="4" t="184" w="95" /><ent r="4" t="184" w="127" /><ent r="6" t="202" w="77" /></phr><phr n="Enables"><ent r="6" t="92" w="325" /><ent r="3" t="144" w="68" /><ent r="3" t="144" w="83" /><ent r="3" t="144" w="99" /><ent r="3" t="144" w="113" /><ent r="3" t="144" w="129" /><ent r="3" t="144" w="143" /><ent r="3" t="144" w="156" /><ent r="3" t="154" w="5" /><ent r="6" t="173" w="128" /></phr></stem><stem n="backend"><phr n="backend"><ent r="3" t="7" w="424" /></phr></stem><stem n="befor"><phr n="before"><ent r="3" t="7" w="444" /><ent r="3" t="15" w="398" /><ent r="3" t="34" w="116" /><ent r="3" t="34" w="487" /><ent r="3" t="37" w="257" /><ent r="3" t="49" w="445" /><ent r="3" t="55" w="202" /><ent r="3" t="56" w="331" /><ent r="3" t="79" w="155" /><ent r="4" t="90" w="346" /><ent r="6" t="92" w="275" /><ent r="4" t="95" w="136" /><ent r="3" t="96" w="67" /><ent r="6" t="97" w="42" /><ent r="6" t="97" w="69" /><ent r="6" t="97" w="102" /><ent r="6" t="97" w="129" /><ent r="6" t="97" w="156" /><ent r="6" t="97" w="209" /><ent r="3" t="102" w="21" /><ent r="4" t="102" w="42" /><ent r="4" t="102" w="49" /><ent r="4" t="102" w="88" /><ent r="3" t="120" w="57" /><ent r="3" t="120" w="158" /><ent r="4" t="120" w="277" /><ent r="3" t="140" w="28" /><ent r="3" t="165" w="55" /><ent r="4" t="166" w="194" /><ent r="3" t="166" w="377" /><ent r="3" t="174" w="225" /><ent r="3" t="185" w="105" /><ent r="3" t="201" w="14" /><ent r="3" t="225" w="68" /><ent r="3" t="227" w="94" /><ent r="3" t="258" w="37" /><ent r="4" t="259" w="129" /><ent r="4" t="286" w="222" /><ent r="3" t="303" w="198" /><ent r="3" t="306" w="512" /><ent r="3" t="306" w="519" /></phr><phr n="Before"><ent r="92" t="55" w="64" /><ent r="3" t="55" w="68" /><ent r="3" t="66" w="410" /><ent r="3" t="147" w="23" /><ent r="3" t="307" w="16" /></phr></stem><stem n="decreas"><phr n="decreasing"><ent r="3" t="7" w="446" /></phr><phr n="decrease"><ent r="3" t="176" w="214" /><ent r="3" t="284" w="241" /><ent r="3" t="286" w="53" /></phr><phr n="decreased"><ent r="3" t="187" w="25" /></phr></stem><stem n="bandwidth"><phr n="bandwidth"><ent r="3" t="7" w="447" /></phr></stem><stem n="reach"><phr n="reach"><ent r="3" t="7" w="454" /><ent r="3" t="7" w="687" /></phr></stem><stem n="marketplac"><phr n="marketplace"><ent r="3" t="7" w="469" /></phr></stem><stem n="fifth"><phr n="Fifth"><ent r="3" t="7" w="471" /></phr></stem><stem n="counterpart"><phr n="counterparts"><ent r="3" t="7" w="486" /></phr></stem><stem n="(or"><phr n="(or"><ent r="3" t="7" w="501" /><ent r="3" t="289" w="51" /><ent r="3" t="309" w="222" /></phr></stem><stem n="absorb"><phr n="absorbs"><ent r="3" t="7" w="502" /></phr></stem><stem n="never"><phr n="never"><ent r="3" t="7" w="517" /><ent r="3" t="40" w="199" /><ent r="3" t="49" w="1366" /><ent r="3" t="60" w="110" /><ent r="3" t="73" w="51" /><ent r="3" t="114" w="32" /><ent r="3" t="121" w="26" /><ent r="3" t="214" w="25" /><ent r="3" t="243" w="195" /><ent r="3" t="281" w="32" /><ent r="3" t="285" w="194" /></phr><phr n="Never"><ent r="4" t="73" w="63" /><ent r="4" t="182" w="53" /></phr></stem><stem n="introduc"><phr n="introduced"><ent r="3" t="7" w="518" /></phr><phr n="introduce"><ent r="3" t="50" w="90" /><ent r="3" t="75" w="431" /><ent r="3" t="123" w="64" /><ent r="3" t="125" w="46" /></phr><phr n="introducing"><ent r="3" t="264" w="21" /></phr></stem><stem n="taller"><phr n="taller"><ent r="3" t="7" w="523" /></phr></stem><stem n="tree"><phr n="trees"><ent r="3" t="7" w="525" /><ent r="3" t="16" w="82" /><ent r="3" t="109" w="30" /><ent r="3" t="150" w="25" /><ent r="3" t="150" w="45" /><ent r="3" t="150" w="72" /><ent r="64" t="150" w="87" /><ent r="3" t="150" w="98" /><ent r="3" t="150" w="169" /><ent r="4" t="224" w="147" /><ent r="4" t="224" w="177" /></phr><phr n="tree"><ent r="3" t="20" w="135" /><ent r="3" t="20" w="143" /><ent r="3" t="41" w="31" /><ent r="3" t="41" w="82" /><ent r="6" t="143" w="168" /><ent r="3" t="150" w="14" /><ent r="3" t="150" w="149" /><ent r="4" t="150" w="196" /><ent r="4" t="150" w="224" /><ent r="3" t="179" w="330" /><ent r="3" t="179" w="339" /><ent r="3" t="179" w="378" /><ent r="3" t="224" w="24" /><ent r="4" t="224" w="240" /><ent r="4" t="224" w="271" /><ent r="3" t="282" w="404" /></phr><phr n="Tree"><ent r="1000" t="150" w="2" /><ent r="102" t="150" w="7" /><ent r="92" t="282" w="386" /></phr></stem><stem n="extens"><phr n="extensive"><ent r="3" t="7" w="527" /></phr><phr n="extension"><ent r="4" t="53" w="71" /><ent r="3" t="75" w="416" /></phr><phr n="Extensions"><ent r="4" t="257" w="94" /><ent r="3" t="302" w="71" /><ent r="4" t="304" w="265" /></phr><phr n="extensions"><ent r="3" t="301" w="86" /><ent r="3" t="301" w="106" /><ent r="4" t="304" w="268" /><ent r="4" t="305" w="197" /><ent r="4" t="306" w="193" /><ent r="6" t="313" w="85" /><ent r="6" t="313" w="137" /><ent r="6" t="313" w="152" /><ent r="6" t="313" w="167" /><ent r="5" t="313" w="180" /><ent r="7" t="313" w="188" /><ent r="6" t="313" w="348" /></phr></stem><stem n="inherit"><phr n="inheritance"><ent r="3" t="7" w="530" /><ent r="3" t="118" w="188" /><ent r="4" t="123" w="23" /><ent r="4" t="123" w="29" /><ent r="3" t="123" w="39" /><ent r="3" t="123" w="88" /><ent r="3" t="123" w="171" /><ent r="4" t="124" w="115" /><ent r="3" t="124" w="159" /><ent r="3" t="125" w="167" /></phr><phr n="Inherited"><ent r="4" t="50" w="126" /><ent r="4" t="50" w="161" /></phr><phr n="Inherits"><ent r="5" t="50" w="173" /><ent r="5" t="52" w="180" /><ent r="5" t="190" w="479" /><ent r="4" t="193" w="301" /><ent r="4" t="193" w="393" /><ent r="5" t="302" w="198" /></phr><phr n="inherits"><ent r="3" t="124" w="35" /><ent r="3" t="125" w="37" /><ent r="3" t="302" w="99" /></phr><phr n="inherit"><ent r="3" t="124" w="53" /><ent r="4" t="124" w="121" /><ent r="3" t="125" w="56" /><ent r="4" t="125" w="124" /><ent r="3" t="260" w="141" /><ent r="3" t="265" w="388" /></phr><phr n="Inheritance"><ent r="3" t="124" w="88" /><ent r="3" t="125" w="88" /></phr><phr n="Inherit"><ent r="3" t="190" w="366" /></phr></stem><stem n="dynam"><phr n="dynamically"><ent r="3" t="7" w="533" /><ent r="3" t="28" w="873" /><ent r="3" t="121" w="629" /></phr><phr n="dynamic"><ent r="3" t="11" w="91" /><ent r="3" t="26" w="75" /><ent r="4" t="259" w="270" /><ent r="4" t="259" w="399" /><ent r="4" t="267" w="104" /></phr><phr n="Dynamically"><ent r="92" t="28" w="867" /></phr></stem><stem n="evolv"><phr n="evolving"><ent r="3" t="7" w="534" /></phr></stem><stem n="place"><phr n="place"><ent r="3" t="7" w="543" /><ent r="4" t="52" w="91" /><ent r="3" t="61" w="41" /><ent r="3" t="148" w="204" /><ent r="3" t="178" w="52" /><ent r="3" t="293" w="52" /><ent r="4" t="309" w="66" /></phr><phr n="places"><ent r="3" t="128" w="40" /><ent r="3" t="179" w="40" /><ent r="3" t="244" w="477" /></phr><phr n="placed"><ent r="5" t="166" w="318" /><ent r="4" t="309" w="73" /><ent r="3" t="309" w="164" /></phr></stem><stem n="condit"><phr n="conditions"><ent r="3" t="7" w="546" /><ent r="3" t="18" w="504" /><ent r="3" t="73" w="85" /><ent r="3" t="74" w="263" /><ent r="4" t="102" w="48" /><ent r="3" t="303" w="254" /></phr><phr n="condition"><ent r="3" t="27" w="519" /><ent r="3" t="27" w="529" /><ent r="3" t="73" w="59" /><ent r="3" t="231" w="31" /><ent r="3" t="290" w="127" /><ent r="6" t="299" w="513" /></phr><phr n="Condition"><ent r="3" t="290" w="161" /></phr></stem><stem n="(which"><phr n="(which"><ent r="3" t="7" w="547" /></phr></stem><stem n="biotech"><phr n="biotech"><ent r="3" t="7" w="554" /></phr></stem><stem n="simul"><phr n="simulation"><ent r="3" t="7" w="555" /></phr><phr n="simulated"><ent r="3" t="131" w="137" /><ent r="3" t="231" w="66" /></phr></stem><stem n="instanc"><phr n="instance"><ent r="3" t="7" w="558" /><ent r="4" t="12" w="317" /><ent r="4" t="12" w="374" /><ent r="4" t="13" w="461" /><ent r="4" t="13" w="518" /><ent r="3" t="29" w="49" /><ent r="3" t="39" w="376" /><ent r="3" t="70" w="80" /><ent r="3" t="70" w="250" /><ent r="4" t="73" w="68" /><ent r="3" t="78" w="77" /><ent r="3" t="78" w="196" /><ent r="3" t="96" w="110" /><ent r="3" t="96" w="651" /><ent r="3" t="99" w="639" /><ent r="4" t="102" w="111" /><ent r="4" t="109" w="153" /><ent r="4" t="109" w="206" /><ent r="3" t="112" w="133" /><ent r="3" t="112" w="1191" /><ent r="3" t="112" w="1373" /><ent r="3" t="114" w="123" /><ent r="3" t="114" w="153" /><ent r="3" t="114" w="233" /><ent r="3" t="114" w="252" /><ent r="5" t="114" w="383" /><ent r="5" t="114" w="609" /><ent r="3" t="114" w="697" /><ent r="3" t="114" w="713" /><ent r="3" t="114" w="844" /><ent r="4" t="124" w="145" /><ent r="4" t="125" w="153" /><ent r="3" t="130" w="51" /><ent r="4" t="133" w="395" /><ent r="4" t="133" w="416" /><ent r="3" t="142" w="40" /><ent r="3" t="142" w="54" /><ent r="3" t="142" w="68" /><ent r="3" t="142" w="83" /><ent r="3" t="142" w="97" /><ent r="3" t="142" w="448" /><ent r="3" t="147" w="59" /><ent r="3" t="166" w="357" /><ent r="3" t="209" w="121" /><ent r="3" t="213" w="39" /><ent r="3" t="226" w="104" /><ent r="3" t="231" w="211" /><ent r="3" t="243" w="34" /><ent r="4" t="250" w="310" /><ent r="4" t="250" w="349" /><ent r="4" t="251" w="499" /><ent r="4" t="251" w="538" /><ent r="3" t="253" w="41" /><ent r="3" t="253" w="56" /><ent r="5" t="253" w="113" /><ent r="5" t="253" w="236" /><ent r="3" t="257" w="527" /><ent r="4" t="276" w="52" /><ent r="4" t="276" w="74" /><ent r="4" t="276" w="79" /><ent r="4" t="278" w="33" /><ent r="3" t="297" w="519" /><ent r="6" t="299" w="397" /><ent r="3" t="303" w="64" /><ent r="3" t="303" w="100" /></phr><phr n="instances"><ent r="3" t="17" w="136" /><ent r="3" t="17" w="149" /><ent r="3" t="27" w="100" /><ent r="3" t="70" w="95" /><ent r="3" t="112" w="1186" /><ent r="3" t="114" w="145" /><ent r="3" t="114" w="244" /><ent r="4" t="115" w="55" /><ent r="4" t="115" w="62" /><ent r="4" t="119" w="41" /><ent r="4" t="122" w="226" /><ent r="3" t="122" w="382" /><ent r="4" t="124" w="134" /><ent r="4" t="124" w="141" /><ent r="4" t="124" w="151" /><ent r="3" t="124" w="319" /><ent r="4" t="125" w="142" /><ent r="4" t="125" w="149" /><ent r="4" t="125" w="159" /><ent r="3" t="125" w="329" /><ent r="3" t="140" w="168" /><ent r="3" t="214" w="18" /><ent r="3" t="215" w="10" /><ent r="3" t="276" w="36" /><ent r="3" t="276" w="201" /><ent r="3" t="290" w="14" /></phr><phr n="Instances"><ent r="3" t="267" w="109" /></phr></stem><stem n="could"><phr n="could"><ent r="3" t="7" w="560" /><ent r="3" t="15" w="626" /><ent r="3" t="17" w="98" /><ent r="3" t="28" w="1080" /><ent r="3" t="74" w="658" /><ent r="4" t="113" w="56" /><ent r="3" t="126" w="157" /><ent r="3" t="127" w="358" /><ent r="3" t="166" w="359" /><ent r="3" t="236" w="27" /></phr><phr n="Could"><ent r="5" t="235" w="139" /><ent r="5" t="235" w="227" /></phr></stem><stem n="&quot;agnost"><phr n="&quot;agnostic"><ent r="3" t="7" w="565" /></phr></stem><stem n="agnost"><phr n="agnostic"><ent r="3" t="7" w="565" /><ent r="3" t="301" w="78" /></phr></stem><stem n=",&quot;"><phr n=",&quot;"><ent r="3" t="7" w="568" /></phr></stem><stem n="extra"><phr n="extra"><ent r="3" t="7" w="580" /><ent r="3" t="38" w="479" /></phr></stem><stem n="restrain"><phr n="restrain"><ent r="3" t="7" w="593" /></phr></stem><stem n="friendli"><phr n="friendly"><ent r="3" t="7" w="619" /><ent r="3" t="90" w="267" /><ent r="3" t="90" w="283" /></phr></stem><stem n="-appropri"><phr n="-appropriate"><ent r="3" t="7" w="621" /><ent r="3" t="7" w="621" /></phr></stem><stem n="business-appropri"><phr n="business-appropriate"><ent r="3" t="7" w="621" /></phr></stem><stem n="compon"><phr n="components"><ent r="3" t="7" w="624" /></phr></stem><stem n="incur"><phr n="incurring"><ent r="3" t="7" w="626" /></phr></stem><stem n="them"><phr n="them"><ent r="3" t="7" w="632" /><ent r="3" t="8" w="301" /><ent r="3" t="17" w="177" /><ent r="3" t="17" w="334" /><ent r="3" t="22" w="116" /><ent r="3" t="28" w="57" /><ent r="3" t="36" w="44" /><ent r="3" t="38" w="32" /><ent r="3" t="39" w="59" /><ent r="3" t="44" w="19" /><ent r="3" t="45" w="671" /><ent r="3" t="48" w="69" /><ent r="3" t="48" w="172" /><ent r="3" t="49" w="1013" /><ent r="3" t="73" w="98" /><ent r="4" t="90" w="348" /><ent r="3" t="115" w="25" /><ent r="3" t="115" w="104" /><ent r="3" t="116" w="47" /><ent r="3" t="132" w="109" /><ent r="3" t="151" w="62" /><ent r="3" t="156" w="93" /><ent r="3" t="166" w="382" /><ent r="3" t="168" w="36" /><ent r="3" t="169" w="17" /><ent r="3" t="203" w="143" /><ent r="3" t="247" w="53" /><ent r="3" t="247" w="113" /><ent r="3" t="261" w="92" /><ent r="3" t="263" w="84" /><ent r="3" t="269" w="155" /><ent r="3" t="270" w="112" /><ent r="4" t="272" w="72" /><ent r="3" t="274" w="90" /><ent r="4" t="274" w="374" /><ent r="4" t="274" w="481" /><ent r="3" t="275" w="464" /><ent r="3" t="276" w="236" /><ent r="3" t="281" w="235" /><ent r="3" t="293" w="140" /><ent r="3" t="297" w="618" /></phr></stem><stem n="throughout"><phr n="throughout"><ent r="3" t="7" w="635" /><ent r="3" t="73" w="240" /></phr></stem><stem n="sum"><phr n="sum"><ent r="3" t="7" w="649" /><ent r="4" t="35" w="188" /><ent r="4" t="35" w="274" /><ent r="3" t="72" w="141" /><ent r="4" t="76" w="668" /><ent r="4" t="76" w="754" /><ent r="3" t="261" w="64" /></phr><phr n="sums"><ent r="3" t="35" w="105" /><ent r="3" t="76" w="585" /></phr><phr n="summed"><ent r="3" t="142" w="530" /></phr></stem><stem n="natur"><phr n="natural"><ent r="3" t="7" w="669" /><ent r="3" t="10" w="314" /><ent r="3" t="30" w="84" /></phr><phr n="Naturally"><ent r="3" t="20" w="106" /></phr><phr n="nature"><ent r="3" t="192" w="8" /></phr><phr n="naturally"><ent r="3" t="284" w="218" /></phr></stem><stem n="realist"><phr n="realistically"><ent r="3" t="7" w="675" /></phr></stem><stem n="clearli"><phr n="clearly"><ent r="3" t="7" w="692" /><ent r="3" t="39" w="188" /></phr></stem><stem n="db"><phr n="DB"><ent r="3" t="7" w="699" /></phr><phr n="db"><ent r="4" t="228" w="232" /><ent r="4" t="228" w="253" /></phr><phr n="Db"><ent r="4" t="302" w="158" /><ent r="4" t="302" w="166" /><ent r="4" t="302" w="238" /><ent r="4" t="302" w="254" /></phr></stem><stem n="&amp;"><phr n="&amp;"><ent r="1000" t="8" w="3" /><ent r="102" t="8" w="7" /><ent r="4" t="21" w="298" /><ent r="4" t="21" w="323" /><ent r="4" t="35" w="249" /><ent r="4" t="45" w="287" /><ent r="4" t="45" w="295" /><ent r="4" t="46" w="298" /><ent r="4" t="60" w="301" /><ent r="4" t="63" w="178" /><ent r="4" t="63" w="180" /><ent r="4" t="63" w="193" /><ent r="4" t="63" w="195" /><ent r="4" t="70" w="488" /><ent r="4" t="70" w="816" /><ent r="4" t="76" w="729" /><ent r="4" t="96" w="860" /><ent r="4" t="96" w="884" /><ent r="4" t="96" w="925" /><ent r="4" t="109" w="451" /><ent r="4" t="130" w="492" /><ent r="4" t="130" w="495" /><ent r="4" t="241" w="411" /><ent r="4" t="241" w="415" /><ent r="4" t="241" w="419" /><ent r="4" t="241" w="422" /><ent r="4" t="253" w="260" /><ent r="4" t="253" w="479" /><ent r="4" t="275" w="406" /><ent r="4" t="281" w="512" /></phr></stem></index>