﻿<?xml version="1.0" encoding="utf-8"?><index><stem n=")."><phr n=")."><ent r="3" t="3" w="112" /><ent r="3" t="7" w="559" /><ent r="5" t="20" w="509" /><ent r="4" t="27" w="1002" /><ent r="4" t="28" w="1023" /><ent r="4" t="28" w="1195" /><ent r="3" t="39" w="184" /><ent r="3" t="61" w="152" /><ent r="4" t="95" w="151" /><ent r="4" t="98" w="62" /><ent r="3" t="106" w="411" /><ent r="3" t="111" w="50" /><ent r="3" t="112" w="172" /><ent r="4" t="113" w="77" /><ent r="4" t="158" w="52" /><ent r="4" t="165" w="216" /><ent r="3" t="169" w="83" /><ent r="3" t="170" w="27" /><ent r="3" t="185" w="87" /><ent r="3" t="193" w="585" /><ent r="3" t="203" w="125" /><ent r="3" t="245" w="108" /><ent r="4" t="245" w="136" /><ent r="4" t="251" w="561" /><ent r="3" t="270" w="274" /><ent r="3" t="270" w="315" /><ent r="4" t="270" w="512" /><ent r="4" t="272" w="95" /><ent r="6" t="299" w="312" /><ent r="3" t="306" w="300" /></phr></stem><stem n="provid"><phr n="provides"><ent r="3" t="3" w="113" /><ent r="3" t="5" w="44" /><ent r="6" t="5" w="93" /><ent r="3" t="16" w="101" /><ent r="4" t="17" w="32" /><ent r="4" t="18" w="27" /><ent r="4" t="19" w="31" /><ent r="4" t="20" w="31" /><ent r="4" t="21" w="29" /><ent r="4" t="22" w="33" /><ent r="3" t="70" w="16" /><ent r="3" t="70" w="232" /><ent r="6" t="92" w="384" /><ent r="3" t="105" w="65" /><ent r="3" t="120" w="21" /><ent r="3" t="140" w="10" /><ent r="3" t="169" w="26" /><ent r="3" t="186" w="22" /><ent r="3" t="192" w="81" /><ent r="3" t="245" w="156" /><ent r="3" t="265" w="84" /><ent r="6" t="299" w="370" /><ent r="3" t="301" w="89" /><ent r="3" t="303" w="76" /><ent r="3" t="303" w="133" /><ent r="3" t="303" w="183" /><ent r="3" t="303" w="246" /></phr><phr n="providing"><ent r="6" t="5" w="236" /><ent r="3" t="39" w="150" /><ent r="3" t="54" w="60" /><ent r="3" t="187" w="11" /><ent r="3" t="309" w="250" /></phr><phr n="provide"><ent r="3" t="7" w="186" /><ent r="3" t="7" w="217" /><ent r="3" t="9" w="301" /><ent r="3" t="17" w="123" /><ent r="3" t="26" w="142" /><ent r="3" t="70" w="71" /><ent r="3" t="90" w="11" /><ent r="3" t="117" w="684" /><ent r="3" t="237" w="55" /><ent r="3" t="241" w="11" /><ent r="3" t="257" w="17" /><ent r="4" t="257" w="549" /><ent r="4" t="263" w="41" /><ent r="3" t="265" w="399" /><ent r="3" t="265" w="438" /><ent r="3" t="272" w="32" /></phr><phr n="provided"><ent r="3" t="11" w="81" /><ent r="64" t="49" w="29" /><ent r="3" t="90" w="52" /><ent r="4" t="287" w="35" /><ent r="4" t="287" w="71" /><ent r="3" t="303" w="231" /><ent r="3" t="307" w="110" /></phr><phr n="Provider"><ent r="92" t="12" w="387" /><ent r="1000" t="160" w="2" /><ent r="102" t="160" w="5" /></phr><phr n="provider"><ent r="3" t="12" w="391" /><ent r="4" t="160" w="46" /><ent r="4" t="160" w="79" /><ent r="3" t="265" w="109" /><ent r="3" t="266" w="51" /><ent r="4" t="304" w="183" /><ent r="4" t="304" w="205" /></phr><phr n="providers"><ent r="3" t="16" w="39" /><ent r="3" t="16" w="60" /></phr><phr n="Provide"><ent r="5" t="265" w="482" /></phr></stem><stem n="ideal"><phr n="ideal"><ent r="3" t="3" w="115" /><ent r="6" t="5" w="83" /></phr></stem><stem n="match"><phr n="match"><ent r="3" t="3" w="116" /><ent r="3" t="7" w="673" /><ent r="3" t="28" w="931" /><ent r="3" t="29" w="63" /><ent r="3" t="29" w="70" /><ent r="3" t="29" w="80" /><ent r="3" t="32" w="202" /><ent r="3" t="200" w="101" /></phr><phr n="matches"><ent r="3" t="29" w="98" /><ent r="3" t="94" w="53" /></phr></stem><stem n=".net"><phr n=".NET"><ent r="3" t="3" w="124" /><ent r="2" t="4" w="119" /><ent r="6" t="5" w="113" /><ent r="6" t="5" w="224" /><ent r="6" t="5" w="351" /><ent r="6" t="5" w="371" /><ent r="3" t="7" w="210" /><ent r="3" t="7" w="227" /><ent r="3" t="9" w="81" /><ent r="3" t="9" w="85" /><ent r="3" t="9" w="93" /><ent r="3" t="9" w="170" /><ent r="3" t="9" w="175" /><ent r="3" t="12" w="14" /><ent r="3" t="12" w="256" /><ent r="3" t="12" w="429" /><ent r="3" t="13" w="417" /><ent r="3" t="15" w="87" /><ent r="3" t="16" w="105" /><ent r="65" t="17" w="16" /><ent r="65" t="18" w="11" /><ent r="3" t="18" w="80" /><ent r="65" t="19" w="15" /><ent r="65" t="20" w="15" /><ent r="4" t="20" w="419" /><ent r="65" t="21" w="13" /><ent r="65" t="22" w="17" /><ent r="4" t="30" w="323" /><ent r="4" t="50" w="322" /><ent r="4" t="51" w="45" /><ent r="4" t="51" w="148" /><ent r="4" t="52" w="33" /><ent r="4" t="53" w="13" /><ent r="4" t="65" w="268" /><ent r="3" t="91" w="13" /><ent r="4" t="103" w="157" /><ent r="65" t="106" w="409" /><ent r="67" t="110" w="45" /><ent r="1000" t="111" w="1" /><ent r="102" t="111" w="6" /><ent r="3" t="111" w="9" /><ent r="3" t="111" w="21" /><ent r="4" t="129" w="181" /><ent r="3" t="132" w="117" /><ent r="3" t="133" w="11" /><ent r="64" t="147" w="175" /><ent r="4" t="168" w="60" /><ent r="115" t="193" w="608" /><ent r="4" t="237" w="64" /><ent r="65" t="237" w="135" /><ent r="3" t="245" w="26" /><ent r="4" t="245" w="53" /><ent r="4" t="245" w="59" /><ent r="67" t="245" w="195" /><ent r="67" t="245" w="201" /><ent r="67" t="245" w="205" /><ent r="100" t="255" w="11" /><ent r="126" t="255" w="135" /><ent r="4" t="255" w="166" /><ent r="4" t="255" w="184" /><ent r="1000" t="257" w="2" /><ent r="102" t="257" w="7" /><ent r="65" t="257" w="172" /><ent r="1000" t="258" w="2" /><ent r="102" t="258" w="6" /><ent r="65" t="258" w="33" /><ent r="4" t="258" w="60" /><ent r="1000" t="259" w="2" /><ent r="102" t="259" w="7" /><ent r="65" t="259" w="18" /><ent r="5" t="259" w="164" /><ent r="5" t="259" w="191" /><ent r="1000" t="260" w="2" /><ent r="102" t="260" w="7" /><ent r="65" t="260" w="27" /><ent r="4" t="260" w="49" /><ent r="65" t="263" w="30" /><ent r="4" t="263" w="38" /><ent r="1000" t="265" w="6" /><ent r="100" t="265" w="15" /><ent r="102" t="265" w="24" /><ent r="1000" t="267" w="5" /><ent r="102" t="267" w="11" /><ent r="3" t="267" w="26" /><ent r="3" t="268" w="17" /><ent r="92" t="268" w="99" /><ent r="3" t="268" w="174" /><ent r="3" t="268" w="181" /><ent r="6" t="268" w="210" /><ent r="6" t="268" w="222" /><ent r="8" t="268" w="233" /><ent r="6" t="268" w="242" /><ent r="1000" t="269" w="3" /><ent r="102" t="269" w="8" /><ent r="92" t="269" w="12" /><ent r="4" t="269" w="14" /><ent r="4" t="269" w="48" /><ent r="64" t="269" w="108" /><ent r="92" t="269" w="115" /><ent r="1000" t="270" w="4" /><ent r="102" t="270" w="12" /><ent r="3" t="270" w="40" /><ent r="6" t="270" w="429" /><ent r="6" t="270" w="453" /><ent r="1000" t="271" w="2" /><ent r="102" t="271" w="5" /><ent r="64" t="271" w="19" /><ent r="1000" t="272" w="5" /><ent r="102" t="272" w="11" /><ent r="3" t="272" w="130" /><ent r="64" t="273" w="149" /><ent r="3" t="276" w="14" /><ent r="3" t="276" w="221" /><ent r="1000" t="277" w="6" /><ent r="102" t="277" w="14" /><ent r="3" t="277" w="28" /><ent r="3" t="277" w="34" /><ent r="3" t="277" w="67" /><ent r="64" t="277" w="265" /><ent r="4" t="287" w="82" /><ent r="5" t="294" w="225" /><ent r="66" t="295" w="110" /><ent r="3" t="296" w="53" /><ent r="4" t="297" w="693" /><ent r="6" t="299" w="228" /><ent r="6" t="299" w="284" /><ent r="6" t="299" w="304" /><ent r="6" t="299" w="331" /><ent r="6" t="299" w="349" /><ent r="6" t="300" w="102" /><ent r="3" t="304" w="69" /><ent r="4" t="305" w="155" /><ent r="4" t="306" w="151" /><ent r="3" t="306" w="640" /><ent r="4" t="308" w="119" /><ent r="4" t="308" w="177" /><ent r="4" t="308" w="211" /><ent r="83" t="309" w="300" /><ent r="8" t="313" w="101" /></phr><phr n=".net"><ent r="3" t="111" w="73" /><ent r="7" t="313" w="90" /></phr><phr n=".Net"><ent r="64" t="264" w="145" /></phr></stem><stem n="net"><phr n="NET"><ent r="3" t="3" w="124" /><ent r="2" t="4" w="52" /><ent r="2" t="4" w="77" /><ent r="2" t="4" w="119" /><ent r="3" t="4" w="534" /><ent r="6" t="5" w="113" /><ent r="6" t="5" w="224" /><ent r="6" t="5" w="344" /><ent r="6" t="5" w="351" /><ent r="6" t="5" w="371" /><ent r="3" t="7" w="210" /><ent r="3" t="7" w="227" /><ent r="3" t="9" w="81" /><ent r="3" t="9" w="85" /><ent r="3" t="9" w="93" /><ent r="3" t="9" w="170" /><ent r="3" t="9" w="175" /><ent r="3" t="11" w="25" /><ent r="3" t="12" w="14" /><ent r="3" t="12" w="256" /><ent r="3" t="12" w="429" /><ent r="3" t="13" w="417" /><ent r="3" t="15" w="87" /><ent r="3" t="16" w="105" /><ent r="65" t="17" w="16" /><ent r="65" t="18" w="11" /><ent r="3" t="18" w="80" /><ent r="65" t="19" w="15" /><ent r="65" t="20" w="15" /><ent r="4" t="20" w="419" /><ent r="65" t="21" w="13" /><ent r="65" t="22" w="17" /><ent r="4" t="30" w="323" /><ent r="4" t="50" w="322" /><ent r="4" t="51" w="45" /><ent r="4" t="51" w="148" /><ent r="4" t="52" w="33" /><ent r="4" t="53" w="13" /><ent r="4" t="65" w="268" /><ent r="3" t="91" w="13" /><ent r="4" t="103" w="157" /><ent r="65" t="106" w="409" /><ent r="67" t="110" w="45" /><ent r="1000" t="111" w="1" /><ent r="102" t="111" w="6" /><ent r="3" t="111" w="9" /><ent r="3" t="111" w="21" /><ent r="3" t="111" w="65" /><ent r="4" t="129" w="181" /><ent r="3" t="132" w="117" /><ent r="3" t="133" w="11" /><ent r="4" t="140" w="136" /><ent r="64" t="147" w="175" /><ent r="4" t="168" w="60" /><ent r="4" t="188" w="560" /><ent r="4" t="192" w="46" /><ent r="4" t="193" w="595" /><ent r="115" t="193" w="608" /><ent r="4" t="237" w="64" /><ent r="65" t="237" w="135" /><ent r="3" t="245" w="26" /><ent r="4" t="245" w="53" /><ent r="4" t="245" w="59" /><ent r="4" t="245" w="151" /><ent r="67" t="245" w="195" /><ent r="67" t="245" w="201" /><ent r="67" t="245" w="205" /><ent r="100" t="255" w="8" /><ent r="100" t="255" w="11" /><ent r="126" t="255" w="135" /><ent r="64" t="255" w="154" /><ent r="4" t="255" w="166" /><ent r="65" t="255" w="173" /><ent r="4" t="255" w="184" /><ent r="65" t="255" w="195" /><ent r="1000" t="257" w="2" /><ent r="102" t="257" w="7" /><ent r="65" t="257" w="172" /><ent r="1000" t="258" w="2" /><ent r="102" t="258" w="6" /><ent r="65" t="258" w="33" /><ent r="4" t="258" w="60" /><ent r="1000" t="259" w="2" /><ent r="102" t="259" w="7" /><ent r="65" t="259" w="18" /><ent r="5" t="259" w="164" /><ent r="5" t="259" w="191" /><ent r="1000" t="260" w="2" /><ent r="102" t="260" w="7" /><ent r="65" t="260" w="27" /><ent r="4" t="260" w="49" /><ent r="65" t="263" w="30" /><ent r="4" t="263" w="38" /><ent r="1000" t="265" w="6" /><ent r="100" t="265" w="15" /><ent r="102" t="265" w="24" /><ent r="3" t="265" w="643" /><ent r="1000" t="267" w="5" /><ent r="102" t="267" w="11" /><ent r="3" t="267" w="26" /><ent r="3" t="268" w="17" /><ent r="3" t="268" w="21" /><ent r="92" t="268" w="99" /><ent r="3" t="268" w="165" /><ent r="3" t="268" w="174" /><ent r="3" t="268" w="181" /><ent r="6" t="268" w="210" /><ent r="6" t="268" w="222" /><ent r="8" t="268" w="233" /><ent r="6" t="268" w="242" /><ent r="1000" t="269" w="3" /><ent r="102" t="269" w="8" /><ent r="92" t="269" w="12" /><ent r="4" t="269" w="14" /><ent r="4" t="269" w="48" /><ent r="64" t="269" w="108" /><ent r="92" t="269" w="115" /><ent r="1000" t="270" w="4" /><ent r="102" t="270" w="12" /><ent r="3" t="270" w="40" /><ent r="3" t="270" w="60" /><ent r="6" t="270" w="429" /><ent r="6" t="270" w="453" /><ent r="1000" t="271" w="2" /><ent r="102" t="271" w="5" /><ent r="64" t="271" w="19" /><ent r="1000" t="272" w="5" /><ent r="102" t="272" w="11" /><ent r="3" t="272" w="130" /><ent r="64" t="273" w="149" /><ent r="3" t="276" w="14" /><ent r="3" t="276" w="221" /><ent r="1000" t="277" w="6" /><ent r="102" t="277" w="14" /><ent r="3" t="277" w="28" /><ent r="3" t="277" w="34" /><ent r="3" t="277" w="67" /><ent r="64" t="277" w="265" /><ent r="4" t="287" w="82" /><ent r="64" t="292" w="19" /><ent r="5" t="294" w="225" /><ent r="66" t="295" w="110" /><ent r="3" t="296" w="53" /><ent r="4" t="297" w="693" /><ent r="6" t="299" w="228" /><ent r="6" t="299" w="284" /><ent r="6" t="299" w="304" /><ent r="6" t="299" w="331" /><ent r="6" t="299" w="349" /><ent r="6" t="300" w="102" /><ent r="4" t="301" w="52" /><ent r="3" t="301" w="117" /><ent r="3" t="304" w="69" /><ent r="4" t="305" w="155" /><ent r="4" t="306" w="151" /><ent r="3" t="306" w="381" /><ent r="3" t="306" w="640" /><ent r="4" t="308" w="119" /><ent r="4" t="308" w="177" /><ent r="4" t="308" w="211" /><ent r="83" t="309" w="300" /><ent r="8" t="313" w="101" /></phr><phr n="net"><ent r="3" t="111" w="73" /><ent r="4" t="305" w="153" /><ent r="4" t="306" w="149" /><ent r="64" t="306" w="550" /><ent r="7" t="313" w="90" /></phr><phr n="Net"><ent r="4" t="245" w="131" /><ent r="64" t="264" w="145" /></phr></stem><stem n="version"><phr n="versioning"><ent r="3" t="3" w="132" /><ent r="5" t="116" w="91" /></phr><phr n="version"><ent r="3" t="4" w="398" /><ent r="6" t="5" w="298" /><ent r="3" t="7" w="211" /><ent r="3" t="9" w="50" /><ent r="3" t="9" w="63" /><ent r="3" t="9" w="82" /><ent r="3" t="9" w="86" /><ent r="3" t="16" w="13" /><ent r="3" t="27" w="773" /><ent r="4" t="51" w="94" /><ent r="4" t="51" w="103" /><ent r="4" t="52" w="288" /><ent r="4" t="52" w="297" /><ent r="3" t="78" w="96" /><ent r="4" t="85" w="63" /><ent r="4" t="85" w="99" /><ent r="3" t="88" w="56" /><ent r="3" t="91" w="14" /><ent r="6" t="92" w="502" /><ent r="6" t="92" w="505" /><ent r="3" t="118" w="25" /><ent r="3" t="118" w="27" /><ent r="3" t="127" w="281" /><ent r="3" t="148" w="171" /><ent r="3" t="148" w="184" /><ent r="3" t="148" w="196" /><ent r="4" t="148" w="246" /><ent r="3" t="239" w="95" /><ent r="3" t="242" w="20" /><ent r="3" t="242" w="29" /><ent r="3" t="242" w="43" /><ent r="4" t="242" w="78" /><ent r="4" t="242" w="92" /><ent r="4" t="242" w="106" /><ent r="4" t="258" w="167" /><ent r="4" t="258" w="173" /><ent r="4" t="258" w="181" /><ent r="4" t="258" w="204" /><ent r="4" t="258" w="225" /><ent r="4" t="258" w="252" /><ent r="4" t="258" w="271" /><ent r="3" t="259" w="64" /><ent r="3" t="266" w="351" /><ent r="3" t="268" w="167" /><ent r="3" t="268" w="171" /><ent r="3" t="268" w="175" /><ent r="3" t="268" w="287" /><ent r="3" t="268" w="293" /><ent r="3" t="268" w="348" /><ent r="4" t="269" w="15" /><ent r="3" t="270" w="139" /><ent r="3" t="270" w="145" /><ent r="3" t="270" w="153" /><ent r="3" t="270" w="176" /><ent r="3" t="270" w="197" /><ent r="3" t="270" w="226" /><ent r="3" t="270" w="245" /><ent r="2" t="276" w="248" /><ent r="3" t="285" w="107" /><ent r="4" t="287" w="116" /><ent r="4" t="294" w="180" /><ent r="5" t="294" w="189" /><ent r="5" t="294" w="209" /><ent r="5" t="294" w="226" /><ent r="3" t="301" w="119" /><ent r="4" t="305" w="156" /><ent r="3" t="306" w="65" /><ent r="4" t="306" w="152" /></phr><phr n="Version"><ent r="3" t="7" w="197" /><ent r="1000" t="148" w="2" /><ent r="102" t="148" w="6" /><ent r="64" t="239" w="110" /><ent r="1000" t="242" w="3" /><ent r="100" t="242" w="7" /><ent r="102" t="242" w="11" /><ent r="4" t="257" w="95" /><ent r="4" t="257" w="116" /><ent r="4" t="258" w="189" /><ent r="4" t="258" w="212" /><ent r="4" t="258" w="233" /><ent r="4" t="258" w="260" /><ent r="4" t="258" w="279" /><ent r="6" t="268" w="202" /><ent r="3" t="270" w="161" /><ent r="3" t="270" w="184" /><ent r="3" t="270" w="205" /><ent r="3" t="270" w="234" /><ent r="3" t="270" w="253" /><ent r="5" t="294" w="214" /><ent r="5" t="295" w="107" /><ent r="66" t="295" w="111" /><ent r="82" t="309" w="35" /></phr><phr n="versions"><ent r="3" t="9" w="52" /><ent r="3" t="9" w="55" /><ent r="5" t="70" w="390" /><ent r="5" t="70" w="532" /><ent r="3" t="117" w="605" /><ent r="3" t="148" w="35" /><ent r="3" t="148" w="49" /><ent r="3" t="268" w="192" /><ent r="3" t="268" w="388" /><ent r="3" t="304" w="47" /><ent r="83" t="309" w="301" /></phr></stem><stem n="henc"><phr n="hence"><ent r="3" t="3" w="134" /></phr></stem><stem n="project"><phr n="projects"><ent r="3" t="3" w="143" /><ent r="4" t="50" w="289" /><ent r="3" t="268" w="427" /><ent r="3" t="297" w="38" /><ent r="3" t="297" w="94" /><ent r="4" t="297" w="650" /><ent r="3" t="302" w="59" /><ent r="3" t="302" w="65" /><ent r="3" t="302" w="81" /><ent r="3" t="304" w="94" /><ent r="3" t="305" w="47" /><ent r="3" t="305" w="73" /><ent r="3" t="305" w="103" /><ent r="4" t="305" w="219" /><ent r="4" t="305" w="227" /><ent r="4" t="305" w="247" /><ent r="4" t="305" w="255" /><ent r="3" t="306" w="109" /><ent r="4" t="306" w="215" /><ent r="4" t="306" w="223" /><ent r="4" t="306" w="243" /><ent r="4" t="306" w="251" /><ent r="64" t="306" w="551" /><ent r="3" t="309" w="211" /><ent r="3" t="309" w="248" /><ent r="3" t="309" w="253" /></phr><phr n="project"><ent r="3" t="8" w="29" /><ent r="3" t="8" w="48" /><ent r="3" t="9" w="315" /><ent r="3" t="9" w="328" /><ent r="5" t="9" w="349" /><ent r="3" t="9" w="414" /><ent r="3" t="12" w="43" /><ent r="3" t="16" w="130" /><ent r="3" t="17" w="202" /><ent r="4" t="20" w="456" /><ent r="3" t="22" w="105" /><ent r="3" t="22" w="225" /><ent r="3" t="22" w="237" /><ent r="3" t="43" w="55" /><ent r="3" t="43" w="84" /><ent r="4" t="50" w="298" /><ent r="4" t="50" w="304" /><ent r="4" t="50" w="309" /><ent r="4" t="50" w="331" /><ent r="4" t="50" w="337" /><ent r="3" t="90" w="387" /><ent r="3" t="93" w="53" /><ent r="4" t="93" w="76" /><ent r="5" t="93" w="117" /><ent r="3" t="226" w="85" /><ent r="4" t="260" w="56" /><ent r="4" t="260" w="68" /><ent r="3" t="262" w="68" /><ent r="4" t="263" w="75" /><ent r="3" t="265" w="767" /><ent r="3" t="283" w="69" /><ent r="3" t="295" w="19" /><ent r="3" t="296" w="34" /><ent r="3" t="297" w="102" /><ent r="3" t="298" w="92" /><ent r="3" t="298" w="100" /><ent r="3" t="298" w="397" /><ent r="3" t="298" w="402" /><ent r="3" t="298" w="419" /><ent r="4" t="298" w="501" /><ent r="3" t="299" w="84" /><ent r="3" t="302" w="76" /><ent r="3" t="305" w="112" /><ent r="4" t="305" w="194" /><ent r="3" t="306" w="33" /><ent r="4" t="306" w="190" /><ent r="3" t="306" w="486" /><ent r="4" t="307" w="57" /><ent r="6" t="309" w="305" /><ent r="6" t="309" w="338" /><ent r="6" t="309" w="370" /><ent r="3" t="311" w="16" /></phr><phr n="Project"><ent r="92" t="9" w="260" /><ent r="4" t="93" w="79" /><ent r="3" t="147" w="202" /><ent r="3" t="147" w="216" /><ent r="3" t="265" w="624" /><ent r="1000" t="313" w="1" /><ent r="102" t="313" w="4" /><ent r="7" t="313" w="7" /></phr><phr n="projection"><ent r="3" t="261" w="70" /></phr><phr n="Projects"><ent r="4" t="268" w="441" /><ent r="3" t="305" w="78" /><ent r="92" t="306" w="93" /></phr></stem><stem n="better"><phr n="better"><ent r="3" t="3" w="145" /><ent r="6" t="5" w="237" /><ent r="3" t="5" w="502" /><ent r="3" t="26" w="66" /><ent r="3" t="26" w="146" /><ent r="3" t="36" w="66" /><ent r="3" t="61" w="141" /><ent r="3" t="77" w="101" /><ent r="3" t="107" w="110" /><ent r="3" t="108" w="24" /><ent r="3" t="167" w="77" /><ent r="3" t="188" w="281" /><ent r="3" t="243" w="47" /><ent r="3" t="244" w="43" /><ent r="3" t="269" w="137" /><ent r="2" t="276" w="252" /></phr></stem><stem n="modern"><phr n="modern"><ent r="3" t="3" w="147" /><ent r="3" t="7" w="284" /><ent r="2" t="238" w="24" /></phr></stem><stem n="agil"><phr n="Agile"><ent r="3" t="3" w="148" /><ent r="4" t="3" w="157" /></phr></stem><stem n="engin"><phr n="engineering"><ent r="3" t="3" w="150" /></phr><phr n="engine"><ent r="3" t="9" w="158" /><ent r="3" t="31" w="944" /><ent r="5" t="31" w="990" /><ent r="5" t="31" w="1050" /><ent r="5" t="112" w="1254" /><ent r="5" t="112" w="1326" /><ent r="3" t="140" w="9" /><ent r="3" t="185" w="82" /><ent r="3" t="192" w="25" /><ent r="3" t="231" w="80" /><ent r="3" t="309" w="28" /></phr><phr n="Engine"><ent r="92" t="309" w="13" /></phr></stem><stem n="regress"><phr n="regression"><ent r="4" t="3" w="161" /></phr></stem><stem n="test"><phr n="testing"><ent r="4" t="3" w="162" /><ent r="3" t="4" w="492" /><ent r="6" t="92" w="274" /><ent r="3" t="132" w="52" /><ent r="4" t="170" w="83" /><ent r="4" t="170" w="112" /><ent r="3" t="301" w="17" /></phr><phr n="tests"><ent r="4" t="6" w="128" /><ent r="3" t="190" w="255" /><ent r="4" t="297" w="51" /><ent r="4" t="301" w="32" /><ent r="3" t="301" w="137" /><ent r="3" t="303" w="73" /><ent r="3" t="303" w="169" /><ent r="3" t="303" w="213" /><ent r="4" t="304" w="110" /><ent r="3" t="306" w="50" /><ent r="6" t="313" w="62" /><ent r="6" t="313" w="65" /><ent r="7" t="313" w="124" /><ent r="6" t="313" w="149" /><ent r="6" t="313" w="164" /><ent r="7" t="313" w="212" /><ent r="7" t="313" w="217" /><ent r="6" t="313" w="345" /><ent r="7" t="313" w="409" /></phr><phr n="test"><ent r="3" t="50" w="491" /><ent r="4" t="59" w="399" /><ent r="3" t="61" w="134" /><ent r="3" t="293" w="219" /><ent r="3" t="293" w="230" /><ent r="4" t="294" w="169" /><ent r="4" t="301" w="47" /><ent r="3" t="301" w="96" /><ent r="3" t="301" w="154" /><ent r="3" t="301" w="187" /><ent r="3" t="301" w="191" /><ent r="3" t="301" w="201" /><ent r="3" t="302" w="18" /><ent r="3" t="302" w="58" /><ent r="3" t="302" w="93" /><ent r="3" t="302" w="105" /><ent r="3" t="302" w="114" /><ent r="3" t="302" w="117" /><ent r="3" t="302" w="127" /><ent r="4" t="302" w="183" /><ent r="4" t="302" w="287" /><ent r="3" t="303" w="22" /><ent r="3" t="303" w="57" /><ent r="3" t="303" w="95" /><ent r="3" t="303" w="110" /><ent r="3" t="303" w="122" /><ent r="3" t="303" w="139" /><ent r="3" t="303" w="155" /><ent r="3" t="303" w="160" /><ent r="3" t="303" w="165" /><ent r="3" t="303" w="185" /><ent r="3" t="303" w="202" /><ent r="3" t="303" w="208" /><ent r="3" t="303" w="238" /><ent r="4" t="304" w="200" /><ent r="4" t="304" w="234" /><ent r="4" t="304" w="242" /><ent r="4" t="304" w="261" /><ent r="4" t="305" w="193" /><ent r="4" t="305" w="200" /><ent r="4" t="306" w="189" /><ent r="4" t="306" w="196" /><ent r="64" t="307" w="128" /><ent r="7" t="313" w="37" /></phr><phr n="Test"><ent r="1000" t="170" w="1" /><ent r="102" t="170" w="5" /><ent r="4" t="268" w="440" /><ent r="4" t="268" w="444" /><ent r="5" t="277" w="199" /><ent r="5" t="277" w="254" /><ent r="66" t="301" w="216" /><ent r="1000" t="302" w="4" /><ent r="102" t="302" w="9" /><ent r="4" t="304" w="154" /></phr><phr n="tested"><ent r="3" t="268" w="19" /><ent r="4" t="286" w="196" /></phr><phr n="Tests"><ent r="66" t="295" w="80" /><ent r="4" t="304" w="153" /><ent r="4" t="304" w="188" /><ent r="4" t="304" w="193" /><ent r="4" t="304" w="198" /><ent r="4" t="304" w="239" /></phr><phr n="Testing"><ent r="1000" t="301" w="2" /><ent r="102" t="301" w="6" /></phr></stem><stem n="sandbox"><phr n="sandboxes"><ent r="4" t="3" w="168" /></phr><phr n="Sandbox"><ent r="5" t="258" w="157" /><ent r="3" t="270" w="116" /></phr><phr n="sandbox"><ent r="4" t="258" w="162" /><ent r="3" t="266" w="195" /><ent r="4" t="270" w="123" /></phr></stem><stem n="&quot;sandboxes&quot;."><phr n="&quot;sandboxes&quot;."><ent r="4" t="3" w="169" /></phr></stem><stem n="odbm"><phr n="ODBMS"><ent r="64" t="3" w="180" /></phr></stem><stem n=".org"><phr n=".ORG"><ent r="64" t="3" w="181" /></phr></stem><stem n="odbms.org"><phr n="ODBMS.ORG"><ent r="64" t="3" w="181" /><ent r="64" t="3" w="180" /></phr></stem><stem n="org"><phr n="ORG"><ent r="64" t="3" w="181" /></phr><phr n="org"><ent r="5" t="297" w="288" /><ent r="5" t="297" w="304" /><ent r="5" t="297" w="321" /><ent r="5" t="297" w="338" /><ent r="5" t="297" w="355" /><ent r="5" t="297" w="372" /><ent r="5" t="297" w="388" /><ent r="5" t="298" w="197" /><ent r="5" t="298" w="250" /><ent r="6" t="313" w="25" /><ent r="6" t="313" w="50" /></phr></stem><stem n="websit"><phr n="website"><ent r="64" t="3" w="182" /><ent r="3" t="293" w="20" /><ent r="64" t="309" w="185" /><ent r="3" t="310" w="94" /><ent r="64" t="311" w="29" /><ent r="64" t="315" w="38" /></phr></stem><stem n="posit"><phr n="Position"><ent r="1000" t="4" w="2" /><ent r="102" t="4" w="7" /></phr><phr n="positive"><ent r="3" t="4" w="510" /></phr><phr n="position"><ent r="3" t="78" w="103" /><ent r="4" t="193" w="205" /><ent r="4" t="193" w="244" /><ent r="4" t="193" w="473" /><ent r="4" t="193" w="521" /></phr></stem><stem n="came"><phr n="came"><ent r="2" t="4" w="12" /></phr></stem><stem n="2004"><phr n="2004"><ent r="2" t="4" w="17" /><ent r="4" t="193" w="53" /><ent r="4" t="193" w="282" /></phr></stem><stem n="goal"><phr n="goal"><ent r="2" t="4" w="20" /><ent r="4" t="33" w="178" /></phr><phr n="goals"><ent r="3" t="47" w="13" /></phr></stem><stem n="mainstream"><phr n="mainstream"><ent r="2" t="4" w="24" /><ent r="2" t="4" w="88" /></phr></stem><stem n="(in"><phr n="(in"><ent r="2" t="4" w="30" /></phr></stem><stem n="invis"><phr n="invisible"><ent r="2" t="4" w="35" /><ent r="6" t="37" w="91" /></phr></stem><stem n="end"><phr n="end"><ent r="2" t="4" w="38" /><ent r="3" t="40" w="209" /><ent r="3" t="66" w="383" /><ent r="3" t="74" w="598" /><ent r="3" t="117" w="452" /><ent r="5" t="166" w="321" /><ent r="3" t="177" w="85" /><ent r="2" t="238" w="28" /><ent r="2" t="238" w="58" /><ent r="4" t="241" w="211" /><ent r="4" t="241" w="232" /><ent r="4" t="241" w="263" /><ent r="4" t="241" w="270" /><ent r="4" t="241" w="282" /><ent r="3" t="244" w="35" /><ent r="3" t="257" w="416" /><ent r="3" t="257" w="429" /><ent r="3" t="283" w="354" /><ent r="4" t="286" w="90" /></phr><phr n="End"><ent r="5" t="8" w="262" /><ent r="5" t="10" w="133" /><ent r="5" t="10" w="275" /><ent r="5" t="10" w="444" /><ent r="5" t="10" w="606" /><ent r="5" t="10" w="726" /><ent r="5" t="18" w="211" /><ent r="5" t="18" w="325" /><ent r="5" t="18" w="473" /><ent r="5" t="18" w="623" /><ent r="5" t="18" w="754" /><ent r="5" t="18" w="1043" /><ent r="5" t="19" w="174" /><ent r="5" t="19" w="214" /><ent r="5" t="20" w="246" /><ent r="5" t="21" w="327" /><ent r="5" t="21" w="331" /><ent r="5" t="21" w="335" /><ent r="5" t="29" w="285" /><ent r="5" t="29" w="289" /><ent r="5" t="29" w="674" /><ent r="5" t="29" w="719" /><ent r="5" t="29" w="723" /><ent r="5" t="30" w="548" /><ent r="5" t="30" w="552" /><ent r="5" t="31" w="1742" /><ent r="5" t="31" w="1746" /><ent r="5" t="31" w="1750" /><ent r="5" t="31" w="1754" /><ent r="5" t="34" w="662" /><ent r="5" t="34" w="666" /><ent r="5" t="42" w="198" /><ent r="5" t="42" w="238" /><ent r="5" t="42" w="261" /><ent r="5" t="42" w="265" /><ent r="5" t="42" w="288" /><ent r="5" t="42" w="292" /><ent r="5" t="42" w="296" /><ent r="5" t="45" w="257" /><ent r="5" t="45" w="299" /><ent r="5" t="46" w="240" /><ent r="5" t="46" w="303" /><ent r="5" t="49" w="599" /><ent r="5" t="49" w="638" /><ent r="5" t="49" w="646" /><ent r="5" t="49" w="685" /><ent r="5" t="49" w="689" /><ent r="5" t="49" w="868" /><ent r="5" t="49" w="890" /><ent r="5" t="49" w="894" /><ent r="5" t="49" w="932" /><ent r="5" t="49" w="1161" /><ent r="5" t="49" w="1237" /><ent r="5" t="49" w="1274" /><ent r="5" t="50" w="177" /><ent r="5" t="50" w="591" /><ent r="5" t="50" w="846" /><ent r="5" t="52" w="224" /><ent r="5" t="52" w="253" /><ent r="5" t="52" w="257" /><ent r="5" t="52" w="261" /><ent r="6" t="53" w="240" /><ent r="6" t="53" w="262" /><ent r="6" t="53" w="266" /><ent r="6" t="53" w="414" /><ent r="6" t="53" w="436" /><ent r="6" t="53" w="440" /><ent r="6" t="53" w="634" /><ent r="6" t="53" w="656" /><ent r="6" t="53" w="660" /><ent r="5" t="60" w="311" /><ent r="5" t="60" w="315" /><ent r="5" t="60" w="319" /><ent r="5" t="63" w="201" /><ent r="5" t="64" w="258" /><ent r="5" t="64" w="262" /><ent r="5" t="66" w="276" /><ent r="5" t="66" w="280" /><ent r="5" t="67" w="329" /><ent r="5" t="74" w="421" /><ent r="5" t="74" w="429" /><ent r="5" t="74" w="546" /><ent r="5" t="74" w="550" /><ent r="5" t="74" w="755" /><ent r="5" t="74" w="759" /><ent r="5" t="74" w="763" /><ent r="5" t="74" w="906" /><ent r="5" t="74" w="911" /><ent r="5" t="74" w="1067" /><ent r="5" t="74" w="1072" /><ent r="5" t="75" w="167" /><ent r="5" t="75" w="171" /><ent r="5" t="75" w="371" /><ent r="5" t="75" w="375" /><ent r="5" t="75" w="539" /><ent r="5" t="75" w="543" /><ent r="5" t="75" w="653" /><ent r="5" t="75" w="657" /><ent r="5" t="75" w="800" /><ent r="5" t="75" w="805" /><ent r="5" t="75" w="965" /><ent r="5" t="75" w="970" /><ent r="5" t="76" w="342" /><ent r="5" t="76" w="346" /><ent r="5" t="76" w="484" /><ent r="5" t="76" w="488" /><ent r="5" t="89" w="124" /><ent r="5" t="89" w="128" /><ent r="5" t="96" w="278" /><ent r="5" t="96" w="487" /><ent r="5" t="96" w="491" /><ent r="5" t="96" w="495" /><ent r="5" t="96" w="930" /><ent r="5" t="99" w="186" /><ent r="5" t="99" w="205" /><ent r="5" t="99" w="209" /><ent r="5" t="99" w="393" /><ent r="5" t="99" w="408" /><ent r="5" t="99" w="412" /><ent r="5" t="99" w="555" /><ent r="5" t="99" w="559" /><ent r="5" t="99" w="589" /><ent r="5" t="99" w="593" /><ent r="5" t="99" w="597" /><ent r="5" t="99" w="753" /><ent r="5" t="99" w="761" /><ent r="5" t="99" w="837" /><ent r="5" t="99" w="841" /><ent r="5" t="100" w="258" /><ent r="5" t="100" w="262" /><ent r="5" t="100" w="266" /><ent r="5" t="101" w="262" /><ent r="5" t="106" w="377" /><ent r="5" t="109" w="419" /><ent r="5" t="112" w="808" /><ent r="5" t="112" w="831" /><ent r="5" t="112" w="835" /><ent r="5" t="112" w="858" /><ent r="5" t="112" w="862" /><ent r="5" t="112" w="885" /><ent r="5" t="112" w="889" /><ent r="5" t="112" w="966" /><ent r="5" t="112" w="1053" /><ent r="5" t="112" w="1100" /><ent r="5" t="112" w="1136" /><ent r="5" t="112" w="1140" /><ent r="5" t="114" w="488" /><ent r="5" t="114" w="560" /><ent r="5" t="114" w="598" /><ent r="5" t="114" w="654" /><ent r="5" t="114" w="658" /><ent r="5" t="117" w="228" /><ent r="5" t="117" w="425" /><ent r="5" t="117" w="522" /><ent r="5" t="117" w="559" /><ent r="5" t="117" w="650" /><ent r="5" t="121" w="546" /><ent r="5" t="121" w="550" /><ent r="5" t="121" w="556" /><ent r="7" t="128" w="153" /><ent r="7" t="128" w="283" /><ent r="7" t="128" w="422" /><ent r="5" t="130" w="302" /><ent r="5" t="130" w="326" /><ent r="5" t="130" w="352" /><ent r="5" t="130" w="376" /><ent r="5" t="130" w="417" /><ent r="5" t="130" w="459" /><ent r="5" t="130" w="504" /><ent r="5" t="130" w="538" /><ent r="5" t="130" w="564" /><ent r="5" t="130" w="606" /><ent r="5" t="130" w="610" /><ent r="5" t="141" w="281" /><ent r="5" t="141" w="328" /><ent r="5" t="141" w="332" /><ent r="5" t="141" w="336" /><ent r="5" t="190" w="520" /><ent r="5" t="190" w="571" /><ent r="5" t="190" w="593" /><ent r="5" t="190" w="597" /><ent r="4" t="193" w="316" /><ent r="4" t="193" w="334" /><ent r="4" t="193" w="372" /><ent r="4" t="193" w="378" /><ent r="4" t="193" w="405" /><ent r="4" t="193" w="435" /><ent r="4" t="193" w="485" /><ent r="4" t="193" w="532" /><ent r="4" t="193" w="557" /><ent r="4" t="193" w="559" /><ent r="4" t="193" w="561" /><ent r="4" t="193" w="563" /><ent r="5" t="226" w="225" /><ent r="5" t="226" w="345" /><ent r="5" t="227" w="489" /><ent r="5" t="227" w="513" /><ent r="5" t="229" w="207" /><ent r="5" t="229" w="211" /><ent r="5" t="235" w="243" /><ent r="5" t="235" w="260" /><ent r="5" t="236" w="205" /><ent r="5" t="236" w="225" /><ent r="5" t="236" w="229" /><ent r="5" t="236" w="497" /><ent r="5" t="236" w="501" /><ent r="5" t="236" w="689" /><ent r="5" t="236" w="693" /><ent r="5" t="236" w="827" /><ent r="6" t="237" w="460" /><ent r="5" t="240" w="244" /><ent r="5" t="240" w="262" /><ent r="5" t="240" w="472" /><ent r="5" t="240" w="476" /><ent r="5" t="240" w="899" /><ent r="5" t="240" w="917" /><ent r="5" t="240" w="1136" /><ent r="5" t="240" w="1140" /><ent r="5" t="240" w="1174" /><ent r="5" t="240" w="1178" /><ent r="5" t="240" w="1324" /><ent r="5" t="240" w="1328" /><ent r="5" t="240" w="1360" /><ent r="5" t="240" w="1364" /><ent r="5" t="240" w="1388" /><ent r="5" t="240" w="1392" /><ent r="5" t="241" w="338" /><ent r="5" t="241" w="424" /><ent r="5" t="241" w="482" /><ent r="5" t="241" w="556" /><ent r="5" t="241" w="564" /><ent r="5" t="244" w="198" /><ent r="5" t="244" w="202" /><ent r="5" t="250" w="128" /><ent r="5" t="250" w="132" /><ent r="5" t="251" w="119" /><ent r="5" t="251" w="138" /><ent r="5" t="251" w="142" /><ent r="5" t="253" w="186" /><ent r="5" t="253" w="214" /><ent r="5" t="253" w="284" /><ent r="5" t="253" w="446" /><ent r="5" t="253" w="503" /><ent r="5" t="254" w="304" /><ent r="5" t="256" w="209" /><ent r="5" t="256" w="213" /><ent r="5" t="256" w="357" /><ent r="5" t="256" w="361" /><ent r="5" t="259" w="354" /><ent r="5" t="259" w="387" /><ent r="5" t="259" w="391" /><ent r="5" t="263" w="182" /><ent r="5" t="263" w="201" /><ent r="5" t="263" w="205" /><ent r="5" t="263" w="209" /><ent r="5" t="263" w="357" /><ent r="5" t="263" w="626" /><ent r="5" t="264" w="79" /><ent r="5" t="264" w="262" /><ent r="5" t="264" w="280" /><ent r="5" t="264" w="284" /><ent r="5" t="264" w="288" /><ent r="5" t="266" w="312" /><ent r="5" t="272" w="285" /><ent r="5" t="272" w="289" /><ent r="5" t="272" w="515" /><ent r="5" t="272" w="519" /><ent r="5" t="275" w="348" /><ent r="5" t="275" w="411" /><ent r="5" t="281" w="523" /><ent r="5" t="302" w="229" /><ent r="5" t="302" w="266" /><ent r="5" t="302" w="276" /><ent r="5" t="302" w="280" /></phr><phr n="Ends"><ent r="82" t="14" w="1046" /><ent r="82" t="31" w="1105" /></phr><phr n="ends"><ent r="3" t="27" w="786" /><ent r="3" t="96" w="76" /><ent r="3" t="260" w="117" /></phr></stem></index>