﻿<?xml version="1.0" encoding="utf-8"?><index><stem n="easier"><phr n="easier"><ent r="3" t="1" w="220" /><ent r="3" t="7" w="103" /><ent r="3" t="7" w="362" /><ent r="3" t="28" w="58" /><ent r="3" t="55" w="23" /><ent r="6" t="92" w="382" /><ent r="3" t="274" w="396" /><ent r="3" t="289" w="206" /><ent r="3" t="297" w="113" /></phr><phr n="Easier"><ent r="4" t="131" w="164" /></phr></stem><stem n="map"><phr n="mapping"><ent r="3" t="1" w="224" /><ent r="3" t="1" w="226" /><ent r="3" t="1" w="230" /><ent r="3" t="1" w="370" /><ent r="3" t="2" w="330" /><ent r="3" t="10" w="189" /><ent r="6" t="37" w="63" /><ent r="6" t="37" w="80" /><ent r="6" t="37" w="130" /><ent r="3" t="38" w="219" /><ent r="3" t="79" w="224" /><ent r="3" t="88" w="71" /><ent r="4" t="88" w="82" /><ent r="4" t="88" w="102" /><ent r="4" t="88" w="112" /><ent r="4" t="88" w="123" /><ent r="4" t="88" w="151" /><ent r="4" t="88" w="161" /><ent r="3" t="103" w="33" /><ent r="3" t="224" w="83" /><ent r="3" t="224" w="95" /><ent r="3" t="224" w="400" /><ent r="3" t="273" w="88" /><ent r="3" t="273" w="93" /><ent r="6" t="299" w="380" /></phr><phr n="map"><ent r="6" t="5" w="157" /><ent r="3" t="99" w="240" /><ent r="6" t="299" w="386" /><ent r="3" t="305" w="100" /></phr><phr n="maps"><ent r="3" t="40" w="54" /><ent r="4" t="41" w="219" /><ent r="3" t="88" w="26" /></phr><phr n="Map"><ent r="6" t="299" w="224" /></phr><phr n="Maps"><ent r="6" t="299" w="277" /><ent r="6" t="299" w="297" /><ent r="6" t="299" w="326" /><ent r="6" t="299" w="344" /></phr><phr n="mapped"><ent r="6" t="299" w="417" /></phr></stem><stem n="!"><phr n="!"><ent r="3" t="1" w="225" /><ent r="3" t="41" w="80" /><ent r="5" t="121" w="336" /><ent r="5" t="121" w="507" /><ent r="4" t="124" w="112" /><ent r="4" t="125" w="118" /><ent r="7" t="128" w="87" /><ent r="7" t="128" w="142" /><ent r="3" t="153" w="109" /><ent r="4" t="182" w="66" /><ent r="3" t="266" w="219" /></phr></stem><stem n="annot"><phr n="annotations"><ent r="3" t="1" w="227" /><ent r="4" t="50" w="224" /><ent r="4" t="50" w="249" /><ent r="3" t="74" w="1103" /><ent r="65" t="263" w="32" /><ent r="4" t="263" w="40" /><ent r="64" t="298" w="569" /><ent r="3" t="300" w="23" /><ent r="3" t="300" w="81" /><ent r="6" t="313" w="114" /><ent r="6" t="313" w="204" /><ent r="7" t="313" w="207" /></phr><phr n="Annotation"><ent r="4" t="50" w="140" /><ent r="4" t="50" w="183" /><ent r="7" t="300" w="87" /></phr><phr n="Annotations"><ent r="67" t="296" w="79" /><ent r="1000" t="300" w="2" /><ent r="102" t="300" w="5" /><ent r="3" t="300" w="43" /></phr><phr n="annotation"><ent r="6" t="300" w="526" /></phr></stem><stem n="xml"><phr n="XML"><ent r="3" t="1" w="229" /><ent r="3" t="22" w="119" /><ent r="3" t="272" w="40" /><ent r="3" t="272" w="48" /><ent r="4" t="272" w="74" /><ent r="4" t="272" w="84" /><ent r="4" t="272" w="105" /><ent r="4" t="272" w="112" /><ent r="3" t="272" w="139" /><ent r="4" t="272" w="212" /><ent r="4" t="272" w="297" /><ent r="3" t="272" w="343" /><ent r="3" t="272" w="365" /><ent r="4" t="272" w="429" /><ent r="4" t="272" w="528" /><ent r="3" t="272" w="542" /><ent r="3" t="315" w="60" /></phr><phr n="Xml"><ent r="67" t="245" w="207" /><ent r="3" t="270" w="136" /><ent r="1000" t="272" w="1" /><ent r="102" t="272" w="7" /></phr><phr n="xml"><ent r="4" t="258" w="164" /><ent r="4" t="258" w="166" /><ent r="65" t="258" w="308" /><ent r="3" t="270" w="114" /><ent r="3" t="270" w="118" /><ent r="3" t="270" w="138" /><ent r="64" t="270" w="552" /><ent r="3" t="272" w="27" /><ent r="5" t="272" w="181" /><ent r="5" t="272" w="259" /><ent r="5" t="272" w="399" /><ent r="5" t="272" w="476" /><ent r="5" t="297" w="474" /><ent r="4" t="297" w="499" /><ent r="4" t="297" w="590" /><ent r="4" t="297" w="694" /><ent r="4" t="298" w="377" /><ent r="4" t="298" w="497" /><ent r="4" t="299" w="133" /><ent r="6" t="299" w="450" /><ent r="6" t="299" w="465" /><ent r="3" t="306" w="290" /><ent r="3" t="306" w="322" /><ent r="3" t="306" w="420" /><ent r="3" t="306" w="621" /></phr></stem><stem n="data"><phr n="data"><ent r="3" t="1" w="232" /><ent r="3" t="1" w="366" /><ent r="3" t="2" w="11" /><ent r="3" t="2" w="384" /><ent r="3" t="2" w="421" /><ent r="3" t="2" w="523" /><ent r="3" t="2" w="528" /><ent r="3" t="3" w="11" /><ent r="6" t="5" w="149" /><ent r="3" t="5" w="396" /><ent r="3" t="5" w="487" /><ent r="3" t="5" w="511" /><ent r="4" t="6" w="155" /><ent r="3" t="7" w="99" /><ent r="3" t="7" w="240" /><ent r="3" t="7" w="315" /><ent r="3" t="7" w="324" /><ent r="3" t="7" w="342" /><ent r="3" t="7" w="374" /><ent r="3" t="7" w="420" /><ent r="3" t="7" w="436" /><ent r="3" t="7" w="576" /><ent r="3" t="7" w="682" /><ent r="3" t="10" w="197" /><ent r="3" t="10" w="208" /><ent r="3" t="14" w="153" /><ent r="3" t="14" w="1039" /><ent r="3" t="15" w="618" /><ent r="3" t="18" w="907" /><ent r="3" t="27" w="55" /><ent r="3" t="28" w="100" /><ent r="3" t="28" w="245" /><ent r="3" t="28" w="406" /><ent r="3" t="31" w="95" /><ent r="3" t="31" w="889" /><ent r="4" t="33" w="152" /><ent r="4" t="33" w="181" /><ent r="4" t="33" w="188" /><ent r="3" t="40" w="117" /><ent r="3" t="59" w="16" /><ent r="3" t="59" w="23" /><ent r="4" t="59" w="384" /><ent r="4" t="59" w="395" /><ent r="3" t="61" w="135" /><ent r="64" t="64" w="58" /><ent r="5" t="64" w="102" /><ent r="5" t="64" w="144" /><ent r="3" t="65" w="152" /><ent r="3" t="65" w="164" /><ent r="4" t="70" w="724" /><ent r="4" t="70" w="823" /><ent r="3" t="73" w="75" /><ent r="3" t="73" w="109" /><ent r="3" t="73" w="215" /><ent r="3" t="73" w="271" /><ent r="4" t="74" w="73" /><ent r="4" t="74" w="80" /><ent r="3" t="74" w="133" /><ent r="3" t="74" w="256" /><ent r="3" t="74" w="268" /><ent r="4" t="74" w="338" /><ent r="4" t="74" w="440" /><ent r="4" t="74" w="492" /><ent r="4" t="74" w="562" /><ent r="3" t="74" w="635" /><ent r="3" t="74" w="790" /><ent r="3" t="74" w="1139" /><ent r="3" t="74" w="1149" /><ent r="3" t="74" w="1160" /><ent r="4" t="75" w="108" /><ent r="4" t="75" w="184" /><ent r="3" t="75" w="214" /><ent r="4" t="75" w="287" /><ent r="4" t="75" w="388" /><ent r="3" t="79" w="113" /><ent r="3" t="82" w="18" /><ent r="3" t="83" w="10" /><ent r="3" t="83" w="28" /><ent r="3" t="83" w="43" /><ent r="3" t="83" w="73" /><ent r="3" t="84" w="14" /><ent r="3" t="85" w="31" /><ent r="3" t="101" w="54" /><ent r="3" t="105" w="152" /><ent r="3" t="105" w="191" /><ent r="3" t="114" w="266" /><ent r="5" t="114" w="363" /><ent r="5" t="114" w="573" /><ent r="4" t="114" w="904" /><ent r="4" t="114" w="925" /><ent r="3" t="116" w="249" /><ent r="4" t="117" w="328" /><ent r="4" t="117" w="337" /><ent r="4" t="117" w="347" /><ent r="4" t="117" w="398" /><ent r="4" t="117" w="413" /><ent r="4" t="117" w="423" /><ent r="3" t="117" w="592" /><ent r="3" t="118" w="146" /><ent r="4" t="119" w="39" /><ent r="3" t="121" w="32" /><ent r="3" t="121" w="46" /><ent r="3" t="121" w="88" /><ent r="3" t="121" w="123" /><ent r="5" t="121" w="328" /><ent r="4" t="121" w="368" /><ent r="5" t="121" w="499" /><ent r="4" t="121" w="564" /><ent r="3" t="122" w="166" /><ent r="3" t="124" w="95" /><ent r="4" t="124" w="213" /><ent r="4" t="124" w="291" /><ent r="3" t="125" w="95" /><ent r="4" t="125" w="221" /><ent r="4" t="125" w="301" /><ent r="3" t="132" w="26" /><ent r="3" t="132" w="28" /><ent r="3" t="132" w="67" /><ent r="3" t="132" w="86" /><ent r="4" t="140" w="265" /><ent r="3" t="145" w="20" /><ent r="3" t="145" w="126" /><ent r="3" t="150" w="55" /><ent r="3" t="150" w="163" /><ent r="3" t="184" w="75" /><ent r="3" t="191" w="57" /><ent r="3" t="191" w="90" /><ent r="3" t="191" w="128" /><ent r="3" t="191" w="155" /><ent r="3" t="197" w="83" /><ent r="3" t="197" w="86" /><ent r="3" t="198" w="82" /><ent r="3" t="198" w="85" /><ent r="3" t="199" w="22" /><ent r="3" t="213" w="22" /><ent r="3" t="223" w="310" /><ent r="5" t="227" w="130" /><ent r="5" t="227" w="219" /><ent r="8" t="228" w="155" /><ent r="3" t="231" w="214" /><ent r="3" t="232" w="390" /><ent r="3" t="233" w="45" /><ent r="2" t="238" w="86" /><ent r="4" t="242" w="131" /><ent r="3" t="244" w="54" /><ent r="3" t="257" w="162" /><ent r="3" t="257" w="194" /><ent r="3" t="261" w="177" /><ent r="3" t="261" w="181" /><ent r="3" t="261" w="192" /><ent r="3" t="261" w="234" /><ent r="3" t="261" w="249" /><ent r="3" t="261" w="267" /><ent r="3" t="262" w="89" /><ent r="3" t="262" w="126" /><ent r="5" t="262" w="201" /><ent r="65" t="263" w="31" /><ent r="4" t="263" w="39" /><ent r="3" t="265" w="38" /><ent r="3" t="265" w="73" /><ent r="3" t="265" w="384" /><ent r="5" t="265" w="486" /><ent r="64" t="265" w="684" /><ent r="3" t="266" w="238" /><ent r="3" t="266" w="250" /><ent r="3" t="266" w="529" /><ent r="64" t="268" w="40" /><ent r="6" t="270" w="375" /><ent r="3" t="272" w="23" /><ent r="3" t="279" w="27" /><ent r="3" t="281" w="103" /><ent r="3" t="282" w="310" /><ent r="3" t="284" w="142" /><ent r="3" t="285" w="136" /><ent r="3" t="286" w="70" /><ent r="5" t="298" w="292" /><ent r="4" t="304" w="146" /><ent r="4" t="304" w="159" /><ent r="3" t="315" w="78" /><ent r="3" t="315" w="109" /><ent r="3" t="315" w="139" /><ent r="3" t="315" w="170" /></phr><phr n="Data"><ent r="1000" t="2" w="1" /><ent r="102" t="2" w="4" /><ent r="4" t="105" w="131" /><ent r="4" t="114" w="319" /><ent r="4" t="114" w="350" /><ent r="4" t="114" w="486" /><ent r="4" t="114" w="551" /><ent r="67" t="188" w="637" /><ent r="1000" t="189" w="3" /><ent r="102" t="189" w="7" /><ent r="4" t="257" w="221" /><ent r="92" t="261" w="162" /><ent r="92" t="261" w="165" /><ent r="1000" t="265" w="2" /><ent r="1000" t="265" w="7" /><ent r="100" t="265" w="11" /><ent r="100" t="265" w="16" /><ent r="102" t="265" w="20" /><ent r="102" t="265" w="25" /><ent r="3" t="265" w="30" /><ent r="64" t="265" w="55" /><ent r="3" t="265" w="100" /><ent r="3" t="265" w="634" /><ent r="3" t="265" w="644" /><ent r="4" t="268" w="430" /><ent r="64" t="273" w="192" /><ent r="1000" t="279" w="6" /><ent r="102" t="279" w="13" /><ent r="92" t="285" w="121" /><ent r="4" t="304" w="139" /><ent r="4" t="304" w="151" /><ent r="93" t="308" w="168" /><ent r="4" t="308" w="178" /><ent r="4" t="308" w="212" /></phr></stem><stem n="design"><phr n="designed"><ent r="3" t="1" w="237" /><ent r="3" t="2" w="80" /><ent r="4" t="53" w="69" /><ent r="3" t="309" w="206" /></phr><phr n="design"><ent r="3" t="1" w="368" /><ent r="3" t="2" w="453" /><ent r="3" t="2" w="479" /><ent r="3" t="2" w="641" /><ent r="3" t="7" w="498" /><ent r="3" t="25" w="16" /><ent r="3" t="108" w="52" /><ent r="3" t="118" w="17" /><ent r="3" t="118" w="92" /><ent r="3" t="262" w="60" /><ent r="3" t="301" w="55" /></phr><phr n="designated"><ent r="3" t="90" w="70" /></phr><phr n="Designing"><ent r="92" t="262" w="51" /><ent r="92" t="315" w="49" /></phr></stem><stem n="univers"><phr n="universal"><ent r="3" t="1" w="241" /></phr><phr n="Universal"><ent r="64" t="247" w="119" /></phr></stem><stem n="afford"><phr n="affordable"><ent r="3" t="1" w="242" /><ent r="3" t="1" w="333" /><ent r="2" t="4" w="64" /><ent r="3" t="4" w="413" /></phr></stem><stem n="easi"><phr n="easy"><ent r="3" t="1" w="247" /><ent r="3" t="1" w="305" /><ent r="6" t="5" w="88" /><ent r="6" t="5" w="219" /><ent r="3" t="10" w="167" /><ent r="3" t="10" w="298" /><ent r="3" t="10" w="467" /><ent r="3" t="20" w="310" /><ent r="3" t="21" w="70" /><ent r="3" t="22" w="241" /><ent r="4" t="25" w="73" /><ent r="3" t="44" w="16" /><ent r="3" t="51" w="37" /><ent r="3" t="51" w="134" /><ent r="4" t="52" w="104" /><ent r="3" t="65" w="232" /><ent r="3" t="103" w="16" /><ent r="3" t="128" w="23" /><ent r="3" t="227" w="24" /><ent r="3" t="230" w="117" /><ent r="3" t="238" w="354" /><ent r="8" t="247" w="246" /><ent r="3" t="248" w="131" /><ent r="3" t="249" w="177" /><ent r="3" t="273" w="17" /><ent r="3" t="290" w="7" /><ent r="3" t="301" w="182" /></phr></stem><stem n="-licens"><phr n="-license"><ent r="3" t="1" w="256" /><ent r="3" t="1" w="256" /></phr></stem><stem n="dual-licens"><phr n="dual-license"><ent r="3" t="1" w="256" /></phr></stem><stem n="busi"><phr n="business"><ent r="3" t="1" w="258" /><ent r="2" t="4" w="126" /><ent r="3" t="4" w="316" /><ent r="3" t="7" w="370" /><ent r="3" t="7" w="621" /></phr><phr n="busy"><ent r="3" t="127" w="117" /></phr></stem><stem n="model"><phr n="model"><ent r="3" t="1" w="259" /><ent r="3" t="2" w="96" /><ent r="3" t="2" w="404" /><ent r="3" t="2" w="481" /><ent r="2" t="4" w="127" /><ent r="3" t="4" w="317" /><ent r="3" t="4" w="333" /><ent r="6" t="5" w="76" /><ent r="6" t="5" w="150" /><ent r="6" t="5" w="160" /><ent r="6" t="5" w="301" /><ent r="3" t="5" w="488" /><ent r="3" t="5" w="528" /><ent r="4" t="6" w="147" /><ent r="4" t="6" w="156" /><ent r="3" t="7" w="100" /><ent r="3" t="7" w="577" /><ent r="3" t="42" w="723" /><ent r="3" t="45" w="361" /><ent r="4" t="50" w="221" /><ent r="4" t="50" w="246" /><ent r="3" t="65" w="153" /><ent r="5" t="70" w="394" /><ent r="5" t="70" w="536" /><ent r="3" t="70" w="659" /><ent r="3" t="73" w="110" /><ent r="3" t="73" w="216" /><ent r="3" t="73" w="272" /><ent r="3" t="74" w="56" /><ent r="4" t="74" w="74" /><ent r="4" t="74" w="81" /><ent r="3" t="74" w="134" /><ent r="3" t="74" w="257" /><ent r="3" t="74" w="269" /><ent r="3" t="74" w="616" /><ent r="3" t="74" w="636" /><ent r="3" t="74" w="791" /><ent r="4" t="113" w="89" /><ent r="3" t="231" w="215" /><ent r="3" t="243" w="303" /><ent r="3" t="243" w="333" /><ent r="3" t="244" w="75" /><ent r="3" t="244" w="373" /><ent r="3" t="246" w="64" /><ent r="8" t="247" w="336" /><ent r="3" t="270" w="42" /></phr><phr n="models"><ent r="3" t="2" w="306" /><ent r="3" t="2" w="318" /><ent r="3" t="4" w="570" /><ent r="3" t="5" w="412" /><ent r="3" t="5" w="496" /><ent r="3" t="7" w="106" /><ent r="3" t="7" w="479" /><ent r="3" t="7" w="536" /><ent r="3" t="7" w="671" /><ent r="4" t="33" w="165" /><ent r="3" t="45" w="357" /><ent r="4" t="113" w="37" /></phr><phr n="modeling"><ent r="3" t="2" w="461" /><ent r="4" t="3" w="158" /></phr><phr n="Model"><ent r="92" t="74" w="613" /><ent r="4" t="260" w="247" /><ent r="65" t="309" w="133" /></phr></stem><stem n="combin"><phr n="combines"><ent r="3" t="1" w="260" /></phr><phr n="combine"><ent r="3" t="18" w="350" /><ent r="3" t="18" w="357" /><ent r="3" t="18" w="499" /><ent r="3" t="27" w="511" /></phr><phr n="Combine"><ent r="92" t="18" w="489" /><ent r="4" t="18" w="538" /><ent r="4" t="18" w="572" /><ent r="4" t="18" w="629" /><ent r="92" t="24" w="247" /></phr><phr n="combinations"><ent r="5" t="20" w="518" /></phr><phr n="combined"><ent r="3" t="23" w="105" /><ent r="3" t="27" w="525" /><ent r="6" t="92" w="489" /></phr><phr n="Combination"><ent r="92" t="27" w="503" /></phr><phr n="combination"><ent r="4" t="27" w="566" /><ent r="4" t="27" w="624" /><ent r="3" t="190" w="263" /></phr></stem><stem n="servic"><phr n="servicing"><ent r="3" t="1" w="270" /></phr><phr n="services"><ent r="3" t="246" w="106" /><ent r="64" t="268" w="41" /><ent r="6" t="270" w="438" /><ent r="4" t="304" w="147" /><ent r="4" t="304" w="160" /></phr><phr n="Services"><ent r="1000" t="265" w="3" /><ent r="1000" t="265" w="8" /><ent r="102" t="265" w="21" /><ent r="102" t="265" w="26" /><ent r="3" t="265" w="31" /><ent r="3" t="265" w="101" /><ent r="4" t="268" w="431" /><ent r="4" t="304" w="140" /><ent r="4" t="304" w="152" /><ent r="93" t="308" w="169" /><ent r="4" t="308" w="179" /><ent r="4" t="308" w="213" /></phr><phr n="Service"><ent r="100" t="265" w="12" /><ent r="100" t="265" w="17" /><ent r="64" t="265" w="56" /><ent r="92" t="265" w="602" /><ent r="3" t="265" w="635" /><ent r="3" t="265" w="645" /><ent r="92" t="265" w="734" /><ent r="3" t="265" w="770" /></phr><phr n="service"><ent r="3" t="265" w="42" /><ent r="3" t="265" w="74" /><ent r="3" t="265" w="612" /><ent r="64" t="265" w="685" /><ent r="4" t="265" w="724" /><ent r="3" t="265" w="741" /><ent r="3" t="265" w="762" /><ent r="3" t="265" w="783" /><ent r="3" t="265" w="790" /><ent r="4" t="265" w="842" /></phr></stem><stem n="'"><phr n="'"><ent r="3" t="1" w="273" /><ent r="5" t="8" w="183" /><ent r="5" t="8" w="204" /><ent r="5" t="8" w="233" /><ent r="5" t="8" w="255" /><ent r="5" t="10" w="114" /><ent r="5" t="10" w="598" /><ent r="3" t="14" w="267" /><ent r="5" t="14" w="468" /><ent r="5" t="14" w="481" /><ent r="5" t="14" w="595" /><ent r="5" t="14" w="608" /><ent r="5" t="27" w="942" /><ent r="5" t="27" w="951" /><ent r="5" t="27" w="961" /><ent r="5" t="27" w="970" /><ent r="5" t="27" w="1199" /><ent r="5" t="28" w="612" /><ent r="5" t="28" w="802" /><ent r="5" t="28" w="810" /><ent r="5" t="28" w="1003" /><ent r="5" t="28" w="1164" /><ent r="5" t="28" w="1174" /><ent r="5" t="30" w="532" /><ent r="3" t="31" w="199" /><ent r="5" t="31" w="399" /><ent r="5" t="31" w="412" /><ent r="5" t="31" w="1038" /><ent r="5" t="31" w="1047" /><ent r="5" t="34" w="401" /><ent r="5" t="34" w="411" /><ent r="5" t="34" w="619" /><ent r="5" t="34" w="644" /><ent r="5" t="35" w="259" /><ent r="5" t="42" w="471" /><ent r="5" t="42" w="476" /><ent r="5" t="42" w="482" /><ent r="5" t="42" w="495" /><ent r="5" t="42" w="501" /><ent r="5" t="42" w="507" /><ent r="5" t="42" w="866" /><ent r="5" t="42" w="875" /><ent r="5" t="45" w="227" /><ent r="5" t="45" w="238" /><ent r="5" t="45" w="250" /><ent r="5" t="45" w="453" /><ent r="5" t="45" w="582" /><ent r="5" t="46" w="198" /><ent r="5" t="46" w="208" /><ent r="5" t="46" w="220" /><ent r="5" t="46" w="232" /><ent r="5" t="46" w="280" /><ent r="5" t="49" w="912" /><ent r="5" t="49" w="920" /><ent r="5" t="49" w="1199" /><ent r="5" t="49" w="1208" /><ent r="5" t="49" w="1218" /><ent r="5" t="49" w="1246" /><ent r="5" t="49" w="1256" /><ent r="5" t="50" w="808" /><ent r="5" t="50" w="817" /><ent r="5" t="50" w="827" /><ent r="5" t="50" w="1065" /><ent r="6" t="53" w="585" /><ent r="5" t="54" w="271" /><ent r="5" t="54" w="276" /><ent r="5" t="56" w="116" /><ent r="5" t="56" w="133" /><ent r="5" t="56" w="276" /><ent r="5" t="57" w="219" /><ent r="5" t="63" w="139" /><ent r="5" t="66" w="233" /><ent r="5" t="66" w="258" /><ent r="5" t="66" w="511" /><ent r="5" t="66" w="533" /><ent r="5" t="66" w="707" /><ent r="5" t="66" w="725" /><ent r="5" t="69" w="297" /><ent r="5" t="69" w="306" /><ent r="5" t="69" w="629" /><ent r="5" t="69" w="638" /><ent r="5" t="70" w="156" /><ent r="5" t="70" w="195" /><ent r="5" t="70" w="464" /><ent r="5" t="70" w="493" /><ent r="5" t="70" w="517" /><ent r="5" t="70" w="532" /><ent r="5" t="70" w="557" /><ent r="5" t="70" w="575" /><ent r="5" t="74" w="194" /><ent r="5" t="74" w="226" /><ent r="5" t="76" w="122" /><ent r="5" t="76" w="154" /><ent r="5" t="76" w="739" /><ent r="5" t="81" w="122" /><ent r="5" t="96" w="274" /><ent r="4" t="105" w="55" /><ent r="3" t="105" w="95" /><ent r="5" t="109" w="177" /><ent r="5" t="112" w="1269" /><ent r="5" t="112" w="1282" /><ent r="5" t="114" w="429" /><ent r="5" t="114" w="492" /><ent r="5" t="114" w="564" /><ent r="5" t="114" w="602" /><ent r="3" t="118" w="92" /><ent r="5" t="121" w="200" /><ent r="5" t="121" w="205" /><ent r="5" t="121" w="399" /><ent r="5" t="121" w="436" /><ent r="5" t="121" w="457" /><ent r="5" t="121" w="496" /><ent r="7" t="128" w="138" /><ent r="7" t="128" w="143" /><ent r="7" t="128" w="265" /><ent r="7" t="128" w="272" /><ent r="7" t="128" w="404" /><ent r="7" t="128" w="409" /><ent r="5" t="142" w="167" /><ent r="5" t="142" w="271" /><ent r="5" t="142" w="379" /><ent r="3" t="147" w="219" /><ent r="5" t="147" w="333" /><ent r="5" t="147" w="365" /><ent r="5" t="148" w="127" /><ent r="5" t="179" w="177" /><ent r="5" t="191" w="268" /><ent r="4" t="193" w="280" /><ent r="4" t="193" w="306" /><ent r="4" t="193" w="325" /><ent r="4" t="193" w="336" /><ent r="4" t="193" w="336" /><ent r="4" t="193" w="344" /><ent r="4" t="193" w="380" /><ent r="4" t="193" w="386" /><ent r="4" t="193" w="407" /><ent r="4" t="193" w="437" /><ent r="4" t="193" w="487" /><ent r="4" t="193" w="534" /><ent r="5" t="226" w="218" /><ent r="5" t="226" w="322" /><ent r="5" t="227" w="212" /><ent r="5" t="227" w="238" /><ent r="5" t="227" w="486" /><ent r="5" t="227" w="493" /><ent r="5" t="227" w="510" /><ent r="5" t="229" w="164" /><ent r="5" t="229" w="189" /><ent r="5" t="233" w="482" /><ent r="5" t="233" w="507" /><ent r="5" t="233" w="520" /><ent r="5" t="233" w="536" /><ent r="5" t="233" w="663" /><ent r="5" t="233" w="685" /><ent r="5" t="235" w="181" /><ent r="5" t="235" w="211" /><ent r="5" t="235" w="249" /><ent r="5" t="236" w="478" /><ent r="6" t="237" w="207" /><ent r="6" t="237" w="439" /><ent r="5" t="240" w="426" /><ent r="5" t="244" w="157" /><ent r="5" t="244" w="165" /><ent r="5" t="248" w="233" /><ent r="5" t="248" w="242" /><ent r="5" t="249" w="263" /><ent r="5" t="249" w="272" /><ent r="5" t="253" w="190" /><ent r="5" t="253" w="227" /><ent r="5" t="253" w="234" /><ent r="5" t="254" w="195" /><ent r="5" t="254" w="215" /><ent r="5" t="254" w="230" /><ent r="5" t="254" w="255" /><ent r="5" t="254" w="276" /><ent r="5" t="254" w="295" /><ent r="5" t="254" w="308" /><ent r="5" t="256" w="166" /><ent r="5" t="256" w="191" /><ent r="5" t="256" w="314" /><ent r="5" t="256" w="339" /><ent r="5" t="266" w="465" /><ent r="5" t="274" w="194" /><ent r="5" t="274" w="199" /><ent r="5" t="274" w="205" /><ent r="5" t="274" w="218" /><ent r="5" t="274" w="224" /><ent r="5" t="274" w="230" /><ent r="5" t="275" w="306" /><ent r="5" t="275" w="316" /><ent r="5" t="275" w="328" /><ent r="5" t="275" w="340" /><ent r="5" t="275" w="388" /><ent r="5" t="281" w="470" /><ent r="5" t="294" w="215" /></phr></stem><stem n="need"><phr n="needs"><ent r="3" t="1" w="273" /><ent r="3" t="14" w="135" /><ent r="3" t="15" w="76" /><ent r="3" t="31" w="77" /><ent r="3" t="40" w="36" /><ent r="3" t="44" w="93" /><ent r="3" t="44" w="180" /><ent r="3" t="49" w="303" /><ent r="3" t="49" w="441" /><ent r="3" t="49" w="733" /><ent r="3" t="51" w="22" /><ent r="3" t="61" w="34" /><ent r="3" t="77" w="44" /><ent r="3" t="79" w="18" /><ent r="3" t="80" w="15" /><ent r="3" t="101" w="332" /><ent r="3" t="107" w="32" /><ent r="4" t="133" w="195" /><ent r="4" t="133" w="261" /><ent r="4" t="133" w="321" /><ent r="4" t="140" w="339" /><ent r="8" t="143" w="72" /><ent r="3" t="152" w="155" /><ent r="3" t="164" w="24" /><ent r="3" t="188" w="247" /><ent r="3" t="197" w="87" /><ent r="3" t="198" w="86" /><ent r="3" t="231" w="207" /><ent r="3" t="233" w="34" /><ent r="3" t="234" w="77" /><ent r="4" t="237" w="82" /><ent r="3" t="246" w="110" /><ent r="4" t="258" w="142" /><ent r="3" t="291" w="62" /><ent r="3" t="295" w="29" /></phr><phr n="need"><ent r="6" t="5" w="145" /><ent r="6" t="5" w="155" /><ent r="3" t="5" w="535" /><ent r="4" t="6" w="166" /><ent r="3" t="7" w="320" /><ent r="3" t="7" w="348" /><ent r="3" t="8" w="33" /><ent r="3" t="8" w="344" /><ent r="3" t="9" w="318" /><ent r="3" t="12" w="23" /><ent r="3" t="12" w="74" /><ent r="3" t="12" w="410" /><ent r="3" t="15" w="91" /><ent r="3" t="17" w="195" /><ent r="3" t="18" w="662" /><ent r="64" t="21" w="432" /><ent r="3" t="22" w="207" /><ent r="4" t="25" w="57" /><ent r="3" t="26" w="225" /><ent r="3" t="27" w="107" /><ent r="3" t="29" w="45" /><ent r="3" t="29" w="127" /><ent r="3" t="29" w="186" /><ent r="3" t="30" w="23" /><ent r="3" t="34" w="65" /><ent r="3" t="34" w="315" /><ent r="3" t="34" w="512" /><ent r="3" t="37" w="223" /><ent r="3" t="38" w="20" /><ent r="3" t="38" w="398" /><ent r="3" t="38" w="462" /><ent r="3" t="38" w="475" /><ent r="3" t="40" w="280" /><ent r="3" t="42" w="21" /><ent r="3" t="44" w="235" /><ent r="3" t="48" w="96" /><ent r="3" t="48" w="144" /><ent r="3" t="48" w="166" /><ent r="3" t="48" w="208" /><ent r="3" t="49" w="51" /><ent r="3" t="49" w="275" /><ent r="3" t="49" w="723" /><ent r="3" t="49" w="1012" /><ent r="3" t="50" w="51" /><ent r="3" t="54" w="71" /><ent r="3" t="55" w="73" /><ent r="3" t="56" w="347" /><ent r="3" t="56" w="387" /><ent r="3" t="59" w="98" /><ent r="3" t="59" w="255" /><ent r="3" t="59" w="284" /><ent r="4" t="59" w="379" /><ent r="3" t="60" w="12" /><ent r="3" t="60" w="21" /><ent r="3" t="60" w="68" /><ent r="3" t="65" w="119" /><ent r="3" t="65" w="157" /><ent r="3" t="66" w="352" /><ent r="3" t="66" w="593" /><ent r="3" t="67" w="97" /><ent r="3" t="67" w="356" /><ent r="3" t="69" w="52" /><ent r="5" t="69" w="247" /><ent r="5" t="69" w="308" /><ent r="5" t="69" w="589" /><ent r="5" t="69" w="640" /><ent r="3" t="73" w="122" /><ent r="3" t="73" w="158" /><ent r="3" t="73" w="277" /><ent r="3" t="74" w="48" /><ent r="3" t="74" w="126" /><ent r="3" t="74" w="600" /><ent r="3" t="75" w="205" /><ent r="3" t="76" w="522" /><ent r="3" t="79" w="29" /><ent r="3" t="81" w="48" /><ent r="3" t="85" w="23" /><ent r="3" t="96" w="663" /><ent r="3" t="96" w="670" /><ent r="4" t="96" w="962" /><ent r="3" t="99" w="32" /><ent r="3" t="99" w="53" /><ent r="3" t="99" w="106" /><ent r="3" t="100" w="34" /><ent r="3" t="103" w="207" /><ent r="4" t="106" w="66" /><ent r="3" t="107" w="68" /><ent r="3" t="108" w="66" /><ent r="3" t="109" w="9" /><ent r="3" t="109" w="42" /><ent r="3" t="112" w="198" /><ent r="3" t="114" w="148" /><ent r="3" t="114" w="166" /><ent r="3" t="114" w="222" /><ent r="4" t="114" w="996" /><ent r="5" t="116" w="95" /><ent r="5" t="116" w="128" /><ent r="3" t="117" w="673" /><ent r="3" t="118" w="152" /><ent r="3" t="120" w="52" /><ent r="3" t="120" w="153" /><ent r="3" t="122" w="388" /><ent r="3" t="124" w="70" /><ent r="3" t="124" w="325" /><ent r="3" t="125" w="70" /><ent r="3" t="125" w="335" /><ent r="3" t="129" w="226" /><ent r="3" t="130" w="38" /><ent r="3" t="133" w="47" /><ent r="3" t="133" w="76" /><ent r="3" t="133" w="114" /><ent r="4" t="133" w="187" /><ent r="3" t="134" w="31" /><ent r="3" t="134" w="235" /><ent r="3" t="135" w="46" /><ent r="3" t="136" w="43" /><ent r="3" t="137" w="37" /><ent r="3" t="137" w="115" /><ent r="3" t="138" w="28" /><ent r="3" t="139" w="51" /><ent r="4" t="140" w="332" /><ent r="4" t="140" w="470" /><ent r="3" t="141" w="88" /><ent r="3" t="142" w="34" /><ent r="3" t="142" w="76" /><ent r="3" t="142" w="437" /><ent r="3" t="145" w="137" /><ent r="3" t="146" w="145" /><ent r="3" t="150" w="144" /><ent r="3" t="151" w="61" /><ent r="3" t="152" w="74" /><ent r="3" t="162" w="38" /><ent r="3" t="166" w="77" /><ent r="3" t="169" w="112" /><ent r="3" t="169" w="141" /><ent r="3" t="169" w="212" /><ent r="3" t="170" w="19" /><ent r="3" t="171" w="28" /><ent r="3" t="172" w="52" /><ent r="3" t="176" w="117" /><ent r="3" t="190" w="214" /><ent r="3" t="206" w="27" /><ent r="3" t="206" w="37" /><ent r="3" t="223" w="105" /><ent r="3" t="224" w="62" /><ent r="3" t="226" w="72" /><ent r="3" t="226" w="124" /><ent r="4" t="227" w="294" /><ent r="4" t="227" w="313" /><ent r="3" t="228" w="58" /><ent r="8" t="228" w="148" /><ent r="4" t="230" w="62" /><ent r="3" t="232" w="382" /><ent r="3" t="233" w="56" /><ent r="3" t="233" w="233" /><ent r="5" t="233" w="625" /><ent r="5" t="233" w="665" /><ent r="5" t="235" w="127" /><ent r="5" t="235" w="212" /><ent r="3" t="235" w="299" /><ent r="3" t="236" w="73" /><ent r="3" t="236" w="247" /><ent r="4" t="237" w="99" /><ent r="4" t="237" w="109" /><ent r="6" t="237" w="152" /><ent r="6" t="237" w="211" /><ent r="4" t="237" w="263" /><ent r="3" t="240" w="75" /><ent r="3" t="240" w="676" /><ent r="3" t="243" w="328" /><ent r="3" t="244" w="92" /><ent r="3" t="244" w="315" /><ent r="3" t="244" w="380" /><ent r="4" t="245" w="66" /><ent r="3" t="246" w="120" /><ent r="3" t="246" w="192" /><ent r="8" t="247" w="253" /><ent r="8" t="247" w="350" /><ent r="8" t="247" w="359" /><ent r="5" t="248" w="183" /><ent r="5" t="248" w="244" /><ent r="3" t="249" w="42" /><ent r="4" t="249" w="63" /><ent r="4" t="249" w="84" /><ent r="5" t="249" w="223" /><ent r="5" t="249" w="274" /><ent r="3" t="252" w="68" /><ent r="3" t="253" w="315" /><ent r="3" t="253" w="332" /><ent r="3" t="255" w="91" /><ent r="4" t="259" w="93" /><ent r="3" t="260" w="331" /><ent r="3" t="264" w="329" /><ent r="3" t="265" w="75" /><ent r="3" t="265" w="89" /><ent r="3" t="265" w="125" /><ent r="3" t="265" w="138" /><ent r="3" t="265" w="393" /><ent r="5" t="265" w="518" /><ent r="3" t="265" w="665" /><ent r="3" t="266" w="76" /><ent r="3" t="266" w="90" /><ent r="3" t="266" w="215" /><ent r="4" t="266" w="276" /><ent r="4" t="266" w="319" /><ent r="3" t="266" w="506" /><ent r="3" t="268" w="70" /><ent r="3" t="268" w="358" /><ent r="3" t="271" w="36" /><ent r="3" t="272" w="56" /><ent r="3" t="273" w="130" /><ent r="3" t="274" w="434" /><ent r="3" t="275" w="56" /><ent r="3" t="275" w="139" /><ent r="3" t="276" w="232" /><ent r="3" t="277" w="111" /><ent r="3" t="279" w="85" /><ent r="3" t="282" w="249" /><ent r="3" t="283" w="50" /><ent r="3" t="283" w="80" /><ent r="3" t="284" w="21" /><ent r="3" t="291" w="68" /><ent r="3" t="292" w="116" /><ent r="3" t="292" w="171" /><ent r="3" t="292" w="250" /><ent r="4" t="305" w="214" /><ent r="4" t="305" w="242" /><ent r="3" t="306" w="103" /><ent r="4" t="306" w="210" /><ent r="4" t="306" w="238" /><ent r="3" t="306" w="271" /><ent r="3" t="306" w="395" /><ent r="3" t="306" w="436" /><ent r="3" t="306" w="515" /><ent r="3" t="306" w="530" /><ent r="3" t="306" w="631" /><ent r="3" t="308" w="21" /><ent r="4" t="308" w="99" /><ent r="4" t="308" w="205" /><ent r="4" t="308" w="330" /><ent r="3" t="315" w="166" /></phr><phr n="needed"><ent r="3" t="7" w="634" /><ent r="3" t="11" w="145" /><ent r="3" t="21" w="414" /><ent r="3" t="22" w="124" /><ent r="4" t="47" w="95" /><ent r="5" t="114" w="385" /><ent r="5" t="114" w="611" /><ent r="3" t="121" w="609" /><ent r="2" t="146" w="68" /><ent r="3" t="190" w="248" /><ent r="2" t="212" w="39" /><ent r="2" t="223" w="472" /><ent r="3" t="285" w="132" /><ent r="3" t="299" w="80" /></phr><phr n="Need"><ent r="92" t="59" w="248" /></phr></stem></index>