﻿<?xml version="1.0" encoding="utf-8"?><index><stem n="pioneer"><phr n="pioneered"><ent r="3" t="4" w="319" /></phr></stem><stem n="on"><phr n="one"><ent r="3" t="4" w="322" /><ent r="3" t="4" w="460" /><ent r="3" t="4" w="633" /><ent r="3" t="5" w="544" /><ent r="5" t="9" w="354" /><ent r="3" t="17" w="128" /><ent r="3" t="17" w="318" /><ent r="3" t="23" w="93" /><ent r="3" t="33" w="20" /><ent r="4" t="33" w="133" /><ent r="3" t="35" w="295" /><ent r="3" t="35" w="439" /><ent r="3" t="38" w="60" /><ent r="3" t="38" w="374" /><ent r="3" t="39" w="95" /><ent r="4" t="39" w="324" /><ent r="4" t="39" w="337" /><ent r="3" t="39" w="380" /><ent r="3" t="40" w="164" /><ent r="3" t="41" w="35" /><ent r="3" t="44" w="202" /><ent r="5" t="45" w="120" /><ent r="5" t="45" w="233" /><ent r="5" t="46" w="84" /><ent r="5" t="46" w="215" /><ent r="5" t="49" w="524" /><ent r="5" t="49" w="634" /><ent r="4" t="52" w="90" /><ent r="3" t="55" w="169" /><ent r="3" t="55" w="179" /><ent r="3" t="60" w="42" /><ent r="3" t="66" w="373" /><ent r="3" t="73" w="210" /><ent r="3" t="76" w="775" /><ent r="3" t="76" w="919" /><ent r="3" t="95" w="67" /><ent r="4" t="96" w="969" /><ent r="5" t="99" w="708" /><ent r="5" t="99" w="830" /><ent r="3" t="106" w="211" /><ent r="3" t="117" w="581" /><ent r="3" t="118" w="29" /><ent r="4" t="121" w="377" /><ent r="4" t="121" w="573" /><ent r="3" t="121" w="625" /><ent r="3" t="122" w="44" /><ent r="4" t="124" w="221" /><ent r="4" t="124" w="299" /><ent r="4" t="125" w="229" /><ent r="4" t="125" w="309" /><ent r="3" t="139" w="37" /><ent r="4" t="140" w="380" /><ent r="3" t="141" w="367" /><ent r="3" t="142" w="488" /><ent r="3" t="142" w="492" /><ent r="3" t="150" w="119" /><ent r="3" t="166" w="358" /><ent r="3" t="169" w="47" /><ent r="3" t="169" w="102" /><ent r="3" t="177" w="90" /><ent r="3" t="185" w="38" /><ent r="3" t="185" w="51" /><ent r="3" t="197" w="19" /><ent r="2" t="198" w="21" /><ent r="3" t="200" w="109" /><ent r="3" t="200" w="120" /><ent r="3" t="227" w="30" /><ent r="3" t="233" w="370" /><ent r="5" t="233" w="405" /><ent r="5" t="233" w="413" /><ent r="5" t="233" w="488" /><ent r="5" t="233" w="496" /><ent r="3" t="235" w="18" /><ent r="3" t="235" w="22" /><ent r="3" t="235" w="45" /><ent r="4" t="237" w="74" /><ent r="3" t="240" w="743" /><ent r="3" t="243" w="174" /><ent r="3" t="243" w="242" /><ent r="3" t="243" w="248" /><ent r="3" t="252" w="60" /><ent r="4" t="259" w="276" /><ent r="4" t="259" w="405" /><ent r="3" t="265" w="105" /><ent r="3" t="265" w="142" /><ent r="4" t="265" w="248" /><ent r="3" t="275" w="125" /><ent r="5" t="275" w="192" /><ent r="5" t="275" w="323" /><ent r="3" t="284" w="132" /><ent r="3" t="286" w="12" /><ent r="4" t="286" w="192" /><ent r="3" t="289" w="32" /><ent r="3" t="306" w="79" /></phr><phr n="One"><ent r="6" t="5" w="71" /><ent r="3" t="35" w="97" /><ent r="3" t="36" w="50" /><ent r="3" t="39" w="9" /><ent r="3" t="45" w="326" /><ent r="3" t="47" w="9" /><ent r="3" t="48" w="19" /><ent r="3" t="50" w="86" /><ent r="3" t="74" w="615" /><ent r="3" t="76" w="15" /><ent r="3" t="76" w="577" /><ent r="3" t="96" w="64" /><ent r="3" t="99" w="56" /><ent r="3" t="99" w="81" /><ent r="3" t="99" w="436" /><ent r="3" t="112" w="245" /><ent r="3" t="131" w="186" /><ent r="3" t="135" w="152" /><ent r="3" t="174" w="9" /><ent r="3" t="208" w="77" /><ent r="92" t="240" w="729" /><ent r="4" t="240" w="855" /><ent r="4" t="240" w="923" /><ent r="92" t="243" w="158" /><ent r="3" t="272" w="13" /><ent r="3" t="274" w="52" /><ent r="3" t="282" w="132" /></phr><phr n="ones"><ent r="3" t="29" w="560" /><ent r="3" t="122" w="386" /><ent r="3" t="124" w="323" /><ent r="3" t="125" w="333" /><ent r="3" t="179" w="67" /><ent r="3" t="283" w="269" /><ent r="3" t="283" w="381" /></phr></stem><stem n="gpl"><phr n="GPL"><ent r="64" t="4" w="343" /><ent r="3" t="4" w="375" /><ent r="3" t="4" w="433" /><ent r="6" t="5" w="335" /><ent r="82" t="309" w="34" /><ent r="64" t="309" w="44" /><ent r="4" t="309" w="76" /><ent r="3" t="309" w="85" /><ent r="3" t="309" w="104" /><ent r="4" t="309" w="117" /><ent r="65" t="309" w="137" /><ent r="3" t="309" w="167" /><ent r="3" t="309" w="233" /></phr></stem><stem n="docl"><phr n="dOCL"><ent r="64" t="4" w="348" /><ent r="64" t="4" w="390" /><ent r="82" t="309" w="197" /><ent r="3" t="309" w="204" /><ent r="63" t="309" w="277" /></phr></stem><stem n="wish"><phr n="wishing"><ent r="3" t="4" w="361" /><ent r="3" t="4" w="401" /></phr></stem><stem n="fall"><phr n="falls"><ent r="3" t="4" w="372" /><ent r="3" t="15" w="38" /><ent r="3" t="21" w="91" /><ent r="3" t="32" w="79" /></phr><phr n="fall"><ent r="3" t="281" w="189" /></phr></stem><stem n="apach"><phr n="Apache"><ent r="3" t="4" w="381" /><ent r="3" t="297" w="131" /><ent r="3" t="309" w="256" /></phr></stem><stem n="(apache,"><phr n="(Apache,"><ent r="3" t="4" w="382" /></phr></stem><stem n="lgpl"><phr n="LGPL"><ent r="3" t="4" w="382" /><ent r="3" t="309" w="257" /></phr></stem><stem n="bsd"><phr n="BSD"><ent r="3" t="4" w="383" /><ent r="3" t="309" w="258" /></phr></stem><stem n="epl"><phr n="EPL"><ent r="3" t="4" w="384" /><ent r="3" t="309" w="259" /></phr></stem><stem n="specifi"><phr n="specified"><ent r="3" t="4" w="386" /><ent r="3" t="80" w="20" /><ent r="3" t="111" w="55" /><ent r="3" t="127" w="399" /><ent r="3" t="264" w="350" /><ent r="3" t="299" w="106" /></phr><phr n="specify"><ent r="3" t="19" w="55" /><ent r="3" t="27" w="797" /><ent r="3" t="29" w="437" /><ent r="3" t="30" w="12" /><ent r="3" t="30" w="312" /><ent r="3" t="49" w="169" /><ent r="3" t="68" w="92" /><ent r="3" t="78" w="125" /><ent r="3" t="80" w="120" /><ent r="3" t="85" w="25" /><ent r="3" t="87" w="47" /><ent r="3" t="92" w="29" /><ent r="3" t="175" w="12" /><ent r="3" t="179" w="490" /><ent r="3" t="200" w="70" /><ent r="3" t="209" w="103" /><ent r="3" t="220" w="11" /><ent r="3" t="222" w="52" /><ent r="3" t="223" w="71" /><ent r="3" t="223" w="107" /><ent r="3" t="226" w="126" /><ent r="3" t="257" w="149" /><ent r="3" t="264" w="336" /><ent r="3" t="265" w="139" /><ent r="3" t="265" w="667" /><ent r="3" t="291" w="70" /><ent r="3" t="298" w="411" /><ent r="3" t="300" w="48" /></phr><phr n="Specify"><ent r="4" t="78" w="145" /><ent r="4" t="78" w="170" /><ent r="6" t="173" w="136" /><ent r="5" t="235" w="103" /><ent r="5" t="235" w="184" /></phr><phr n="Specifies"><ent r="6" t="92" w="181" /><ent r="6" t="299" w="448" /><ent r="6" t="300" w="108" /><ent r="6" t="300" w="131" /><ent r="6" t="300" w="164" /><ent r="6" t="300" w="188" /></phr></stem><stem n="free"><phr n="free"><ent r="3" t="4" w="395" /><ent r="3" t="4" w="430" /><ent r="6" t="37" w="108" /><ent r="6" t="37" w="154" /><ent r="6" t="37" w="194" /><ent r="3" t="72" w="147" /><ent r="3" t="77" w="16" /><ent r="4" t="137" w="60" /><ent r="4" t="137" w="82" /><ent r="3" t="137" w="180" /><ent r="3" t="137" w="247" /><ent r="3" t="144" w="73" /><ent r="6" t="173" w="193" /><ent r="3" t="177" w="23" /><ent r="3" t="178" w="51" /><ent r="3" t="179" w="27" /><ent r="3" t="179" w="45" /><ent r="3" t="179" w="53" /><ent r="3" t="179" w="62" /><ent r="3" t="179" w="92" /><ent r="3" t="179" w="99" /><ent r="3" t="179" w="109" /><ent r="3" t="179" w="123" /><ent r="3" t="179" w="209" /><ent r="3" t="179" w="216" /><ent r="3" t="179" w="230" /><ent r="3" t="179" w="249" /><ent r="3" t="179" w="331" /><ent r="3" t="179" w="347" /><ent r="3" t="179" w="362" /><ent r="3" t="179" w="379" /><ent r="3" t="179" w="389" /><ent r="3" t="179" w="465" /><ent r="3" t="179" w="492" /><ent r="3" t="179" w="502" /><ent r="64" t="285" w="313" /><ent r="3" t="309" w="40" /><ent r="4" t="309" w="125" /><ent r="3" t="309" w="208" /></phr><phr n="Free"><ent r="3" t="72" w="120" /></phr></stem><stem n="emb"><phr n="embed"><ent r="3" t="4" w="403" /><ent r="3" t="7" w="367" /><ent r="3" t="309" w="215" /></phr></stem><stem n="-profit"><phr n="-profit"><ent r="3" t="4" w="407" /><ent r="3" t="4" w="407" /></phr></stem><stem n="for-profit"><phr n="for-profit"><ent r="3" t="4" w="407" /></phr></stem><stem n="profit"><phr n="profit"><ent r="3" t="4" w="408" /><ent r="3" t="59" w="289" /></phr></stem><stem n="choos"><phr n="choose"><ent r="3" t="4" w="411" /><ent r="3" t="9" w="99" /><ent r="5" t="9" w="383" /><ent r="4" t="50" w="305" /><ent r="4" t="50" w="312" /><ent r="4" t="50" w="338" /><ent r="4" t="237" w="119" /><ent r="3" t="262" w="77" /><ent r="3" t="262" w="84" /><ent r="3" t="265" w="625" /><ent r="3" t="265" w="768" /><ent r="4" t="307" w="76" /></phr><phr n="Choose"><ent r="1000" t="7" w="2" /><ent r="102" t="7" w="6" /><ent r="3" t="9" w="83" /><ent r="5" t="9" w="365" /><ent r="4" t="88" w="109" /><ent r="4" t="88" w="158" /><ent r="3" t="265" w="631" /></phr><phr n="chooses"><ent r="3" t="32" w="50" /><ent r="3" t="167" w="33" /></phr><phr n="choosing"><ent r="3" t="282" w="333" /></phr></stem><stem n="evalu"><phr n="evaluation"><ent r="3" t="4" w="424" /><ent r="3" t="29" w="29" /><ent r="3" t="29" w="43" /><ent r="3" t="29" w="124" /><ent r="3" t="29" w="165" /><ent r="3" t="29" w="167" /><ent r="3" t="29" w="190" /><ent r="4" t="29" w="220" /><ent r="4" t="29" w="296" /><ent r="3" t="29" w="316" /><ent r="3" t="29" w="322" /><ent r="4" t="29" w="354" /><ent r="4" t="29" w="397" /><ent r="3" t="29" w="416" /><ent r="3" t="29" w="431" /><ent r="3" t="29" w="439" /><ent r="3" t="29" w="569" /><ent r="4" t="29" w="781" /><ent r="4" t="29" w="835" /><ent r="3" t="32" w="185" /><ent r="3" t="165" w="34" /></phr><phr n="evaluations"><ent r="64" t="20" w="104" /><ent r="3" t="26" w="202" /><ent r="3" t="29" w="23" /><ent r="3" t="29" w="111" /><ent r="3" t="29" w="146" /><ent r="64" t="32" w="170" /></phr><phr n="Evaluations"><ent r="64" t="26" w="220" /><ent r="1000" t="29" w="2" /><ent r="102" t="29" w="5" /><ent r="82" t="31" w="1539" /><ent r="3" t="31" w="1541" /><ent r="4" t="31" w="1574" /><ent r="4" t="31" w="1607" /></phr><phr n="evaluator"><ent r="3" t="29" w="139" /></phr><phr n="Evaluation"><ent r="92" t="29" w="156" /><ent r="92" t="29" w="405" /><ent r="4" t="29" w="474" /><ent r="4" t="29" w="522" /><ent r="3" t="29" w="544" /><ent r="4" t="31" w="1664" /><ent r="4" t="31" w="1760" /><ent r="92" t="32" w="126" /><ent r="4" t="231" w="128" /></phr><phr n="Evaluate"><ent r="4" t="29" w="202" /><ent r="4" t="29" w="246" /><ent r="4" t="29" w="259" /><ent r="4" t="29" w="602" /><ent r="4" t="29" w="682" /><ent r="4" t="29" w="695" /><ent r="4" t="31" w="1626" /><ent r="4" t="31" w="1687" /><ent r="4" t="31" w="1697" /></phr><phr n="Evaluator"><ent r="4" t="29" w="623" /><ent r="4" t="29" w="730" /></phr><phr n="evaluated"><ent r="4" t="164" w="101" /><ent r="3" t="165" w="18" /><ent r="3" t="166" w="16" /><ent r="3" t="166" w="138" /><ent r="3" t="167" w="57" /></phr><phr n="evaluate"><ent r="4" t="166" w="407" /></phr></stem><stem n="academ"><phr n="academic"><ent r="3" t="4" w="427" /></phr></stem><stem n="remain"><phr n="remain"><ent r="3" t="4" w="429" /><ent r="4" t="33" w="108" /></phr></stem><stem n="live"><phr n="lively"><ent r="3" t="4" w="438" /></phr><phr n="living"><ent r="3" t="40" w="293" /></phr><phr n="live"><ent r="3" t="131" w="189" /><ent r="3" t="276" w="38" /></phr></stem><stem n="around"><phr n="around"><ent r="3" t="4" w="440" /><ent r="3" t="6" w="14" /><ent r="3" t="55" w="251" /><ent r="3" t="122" w="25" /><ent r="3" t="124" w="75" /><ent r="3" t="125" w="75" /><ent r="3" t="131" w="63" /><ent r="3" t="315" w="45" /></phr></stem><stem n="vendor"><phr n="vendor"><ent r="3" t="4" w="450" /></phr></stem><stem n="success"><phr n="Success"><ent r="92" t="4" w="452" /></phr><phr n="success"><ent r="3" t="4" w="467" /><ent r="3" t="4" w="518" /></phr><phr n="successful"><ent r="4" t="20" w="458" /><ent r="4" t="33" w="94" /><ent r="3" t="79" w="137" /><ent r="3" t="84" w="43" /><ent r="3" t="93" w="40" /><ent r="4" t="93" w="139" /><ent r="4" t="102" w="66" /><ent r="3" t="270" w="24" /></phr><phr n="successively"><ent r="3" t="243" w="370" /></phr></stem><stem n="driver"><phr n="Drivers"><ent r="92" t="4" w="453" /></phr><phr n="driver"><ent r="3" t="45" w="38" /><ent r="3" t="45" w="64" /><ent r="5" t="45" w="395" /><ent r="4" t="45" w="422" /><ent r="5" t="45" w="456" /><ent r="4" t="45" w="479" /></phr><phr n="Driver"><ent r="4" t="45" w="106" /><ent r="5" t="45" w="110" /><ent r="5" t="45" w="167" /><ent r="4" t="45" w="172" /><ent r="4" t="45" w="220" /><ent r="5" t="45" w="224" /><ent r="5" t="45" w="292" /><ent r="4" t="45" w="296" /><ent r="92" t="45" w="324" /><ent r="4" t="45" w="384" /><ent r="5" t="45" w="388" /><ent r="4" t="45" w="413" /><ent r="4" t="45" w="446" /><ent r="5" t="45" w="450" /><ent r="4" t="45" w="525" /><ent r="5" t="45" w="529" /><ent r="4" t="45" w="575" /><ent r="5" t="45" w="579" /></phr></stem><stem n="usag"><phr n="usage"><ent r="3" t="4" w="458" /><ent r="3" t="5" w="26" /><ent r="3" t="71" w="126" /><ent r="3" t="92" w="63" /><ent r="4" t="92" w="91" /><ent r="5" t="92" w="292" /><ent r="6" t="92" w="470" /><ent r="6" t="92" w="473" /><ent r="7" t="92" w="479" /><ent r="3" t="132" w="37" /><ent r="3" t="176" w="208" /><ent r="3" t="275" w="32" /><ent r="3" t="299" w="158" /><ent r="3" t="303" w="44" /></phr><phr n="Usage"><ent r="64" t="91" w="61" /><ent r="1000" t="92" w="2" /><ent r="102" t="92" w="5" /><ent r="4" t="92" w="20" /><ent r="64" t="93" w="166" /><ent r="1000" t="273" w="1" /><ent r="102" t="273" w="4" /><ent r="7" t="299" w="162" /></phr></stem><stem n="factor"><phr n="factors"><ent r="3" t="4" w="464" /><ent r="3" t="59" w="282" /></phr><phr n="factor"><ent r="3" t="4" w="515" /><ent r="6" t="5" w="284" /></phr></stem><stem n="attract"><phr n="attracted"><ent r="3" t="4" w="471" /></phr><phr n="attractive"><ent r="3" t="39" w="42" /><ent r="3" t="39" w="101" /></phr></stem><stem n="vast"><phr n="vast"><ent r="3" t="4" w="473" /></phr></stem><stem n="(60,000"><phr n="(60,000"><ent r="3" t="4" w="475" /></phr></stem><stem n="count"><phr n="counting"><ent r="3" t="4" w="477" /></phr><phr n="Count"><ent r="4" t="35" w="178" /><ent r="4" t="56" w="73" /><ent r="4" t="56" w="85" /><ent r="5" t="56" w="130" /><ent r="5" t="56" w="144" /><ent r="4" t="57" w="193" /><ent r="5" t="57" w="231" /><ent r="4" t="58" w="96" /><ent r="4" t="58" w="103" /><ent r="5" t="58" w="163" /><ent r="5" t="58" w="172" /><ent r="4" t="58" w="247" /><ent r="4" t="58" w="254" /><ent r="5" t="58" w="310" /><ent r="5" t="58" w="319" /><ent r="92" t="72" w="164" /><ent r="4" t="76" w="658" /><ent r="4" t="99" w="674" /><ent r="4" t="99" w="688" /><ent r="5" t="99" w="794" /><ent r="5" t="99" w="809" /><ent r="4" t="100" w="138" /><ent r="5" t="100" w="248" /><ent r="92" t="190" w="185" /><ent r="1000" t="198" w="3" /><ent r="100" t="198" w="7" /><ent r="102" t="198" w="11" /><ent r="4" t="241" w="177" /><ent r="4" t="241" w="201" /><ent r="4" t="241" w="273" /><ent r="4" t="241" w="278" /><ent r="5" t="241" w="392" /><ent r="5" t="241" w="417" /><ent r="5" t="241" w="546" /><ent r="5" t="241" w="554" /><ent r="4" t="253" w="130" /><ent r="5" t="253" w="262" /><ent r="4" t="253" w="384" /><ent r="5" t="253" w="481" /><ent r="4" t="302" w="172" /><ent r="5" t="302" w="263" /></phr><phr n="count"><ent r="3" t="70" w="251" /><ent r="5" t="72" w="178" /><ent r="4" t="72" w="187" /><ent r="5" t="72" w="213" /><ent r="4" t="72" w="222" /><ent r="4" t="102" w="128" /><ent r="3" t="137" w="227" /><ent r="3" t="139" w="135" /><ent r="3" t="190" w="197" /><ent r="3" t="190" w="275" /><ent r="64" t="197" w="152" /><ent r="3" t="197" w="163" /><ent r="3" t="198" w="56" /><ent r="4" t="198" w="108" /><ent r="4" t="198" w="135" /><ent r="64" t="198" w="153" /><ent r="3" t="198" w="164" /></phr></stem><stem n="contributor"><phr n="contributors"><ent r="3" t="4" w="482" /></phr></stem><stem n="receiv"><phr n="receives"><ent r="3" t="4" w="493" /><ent r="3" t="138" w="186" /></phr><phr n="received"><ent r="4" t="138" w="192" /><ent r="5" t="236" w="388" /><ent r="5" t="236" w="471" /><ent r="3" t="236" w="533" /><ent r="5" t="236" w="618" /><ent r="5" t="236" w="682" /></phr><phr n="receiver"><ent r="6" t="202" w="87" /><ent r="4" t="236" w="310" /><ent r="4" t="236" w="356" /><ent r="4" t="236" w="418" /><ent r="4" t="236" w="509" /><ent r="4" t="236" w="553" /><ent r="4" t="236" w="586" /><ent r="4" t="236" w="629" /><ent r="4" t="236" w="701" /></phr><phr n="receive"><ent r="3" t="207" w="121" /><ent r="3" t="232" w="94" /><ent r="3" t="309" w="80" /><ent r="3" t="309" w="292" /><ent r="3" t="309" w="413" /></phr><phr n="Receiving"><ent r="92" t="236" w="68" /></phr></stem><stem n="construct"><phr n="constructive"><ent r="3" t="4" w="494" /></phr><phr n="constructs"><ent r="4" t="20" w="468" /></phr><phr n="Construction"><ent r="1000" t="104" w="2" /><ent r="102" t="104" w="5" /><ent r="92" t="104" w="179" /></phr><phr n="construct"><ent r="3" t="104" w="10" /><ent r="3" t="104" w="187" /></phr></stem><stem n="suggest"><phr n="suggestions"><ent r="3" t="4" w="495" /><ent r="3" t="240" w="156" /><ent r="3" t="293" w="61" /></phr></stem><stem n="(from"><phr n="(from"><ent r="3" t="4" w="496" /></phr></stem><stem n="actual"><phr n="actually"><ent r="3" t="4" w="499" /><ent r="3" t="17" w="371" /><ent r="3" t="22" w="112" /><ent r="3" t="51" w="82" /><ent r="4" t="59" w="378" /><ent r="3" t="60" w="45" /><ent r="3" t="188" w="529" /><ent r="3" t="244" w="51" /><ent r="3" t="246" w="191" /><ent r="5" t="264" w="181" /><ent r="3" t="264" w="362" /><ent r="3" t="265" w="609" /><ent r="3" t="268" w="110" /><ent r="4" t="276" w="85" /><ent r="3" t="285" w="177" /></phr><phr n="actual"><ent r="3" t="17" w="183" /><ent r="3" t="70" w="21" /><ent r="6" t="92" w="277" /><ent r="3" t="165" w="159" /><ent r="3" t="178" w="66" /><ent r="3" t="192" w="69" /><ent r="4" t="230" w="89" /><ent r="3" t="271" w="23" /><ent r="3" t="292" w="211" /></phr></stem><stem n="code"><phr n="code"><ent r="3" t="4" w="503" /><ent r="3" t="9" w="251" /><ent r="3" t="11" w="129" /><ent r="3" t="17" w="75" /><ent r="3" t="17" w="133" /><ent r="3" t="17" w="376" /><ent r="3" t="18" w="839" /><ent r="4" t="18" w="953" /><ent r="4" t="18" w="982" /><ent r="4" t="18" w="1052" /><ent r="3" t="29" w="34" /><ent r="3" t="39" w="26" /><ent r="4" t="47" w="76" /><ent r="4" t="47" w="78" /><ent r="3" t="50" w="28" /><ent r="3" t="51" w="176" /><ent r="3" t="52" w="24" /><ent r="4" t="52" w="85" /><ent r="4" t="52" w="94" /><ent r="3" t="53" w="18" /><ent r="4" t="53" w="289" /><ent r="4" t="53" w="694" /><ent r="3" t="75" w="683" /><ent r="3" t="90" w="74" /><ent r="3" t="90" w="284" /><ent r="3" t="100" w="375" /><ent r="4" t="105" w="114" /><ent r="4" t="106" w="72" /><ent r="3" t="106" w="403" /><ent r="3" t="110" w="27" /><ent r="3" t="117" w="250" /><ent r="3" t="121" w="600" /><ent r="3" t="127" w="96" /><ent r="3" t="129" w="15" /><ent r="4" t="129" w="197" /><ent r="4" t="129" w="222" /><ent r="4" t="168" w="76" /><ent r="4" t="168" w="101" /><ent r="3" t="190" w="326" /><ent r="3" t="193" w="573" /><ent r="3" t="193" w="605" /><ent r="3" t="219" w="18" /><ent r="8" t="228" w="181" /><ent r="4" t="230" w="70" /><ent r="3" t="230" w="157" /><ent r="4" t="233" w="222" /><ent r="3" t="235" w="36" /><ent r="4" t="236" w="57" /><ent r="3" t="245" w="33" /><ent r="3" t="257" w="341" /><ent r="3" t="259" w="13" /><ent r="65" t="260" w="36" /><ent r="3" t="260" w="81" /><ent r="3" t="264" w="106" /><ent r="5" t="264" w="192" /><ent r="6" t="270" w="390" /><ent r="6" t="270" w="406" /><ent r="6" t="270" w="413" /><ent r="3" t="275" w="76" /><ent r="3" t="289" w="37" /><ent r="4" t="294" w="170" /><ent r="64" t="295" w="40" /><ent r="5" t="296" w="17" /><ent r="5" t="296" w="21" /><ent r="5" t="297" w="65" /><ent r="5" t="297" w="69" /><ent r="5" t="298" w="44" /><ent r="5" t="298" w="48" /><ent r="3" t="298" w="54" /><ent r="5" t="299" w="21" /><ent r="5" t="299" w="25" /><ent r="6" t="299" w="519" /><ent r="5" t="300" w="17" /><ent r="5" t="300" w="21" /><ent r="3" t="300" w="27" /><ent r="3" t="300" w="37" /><ent r="3" t="300" w="51" /><ent r="3" t="300" w="66" /><ent r="5" t="300" w="220" /><ent r="6" t="300" w="610" /><ent r="5" t="300" w="639" /><ent r="3" t="301" w="112" /><ent r="3" t="301" w="172" /><ent r="3" t="301" w="203" /><ent r="3" t="302" w="44" /><ent r="3" t="302" w="54" /><ent r="3" t="304" w="71" /><ent r="3" t="304" w="78" /><ent r="3" t="304" w="81" /><ent r="4" t="304" w="168" /><ent r="4" t="304" w="171" /><ent r="4" t="304" w="250" /><ent r="3" t="305" w="41" /><ent r="3" t="305" w="85" /><ent r="4" t="305" w="118" /><ent r="4" t="306" w="114" /><ent r="6" t="309" w="330" /><ent r="6" t="309" w="362" /></phr><phr n="coding"><ent r="3" t="7" w="135" /></phr><phr n="Code"><ent r="66" t="8" w="164" /><ent r="66" t="8" w="167" /><ent r="66" t="8" w="273" /><ent r="66" t="8" w="276" /><ent r="66" t="10" w="109" /><ent r="66" t="10" w="112" /><ent r="66" t="10" w="149" /><ent r="66" t="10" w="152" /><ent r="66" t="10" w="240" /><ent r="66" t="10" w="243" /><ent r="66" t="10" w="286" /><ent r="66" t="10" w="289" /><ent r="66" t="10" w="381" /><ent r="66" t="10" w="384" /><ent r="66" t="10" w="455" /><ent r="66" t="10" w="458" /><ent r="66" t="10" w="549" /><ent r="66" t="10" w="552" /><ent r="66" t="10" w="617" /><ent r="66" t="10" w="620" /><ent r="66" t="10" w="679" /><ent r="66" t="10" w="682" /><ent r="66" t="10" w="737" /><ent r="66" t="10" w="740" /><ent r="66" t="12" w="100" /><ent r="66" t="12" w="103" /><ent r="66" t="12" w="124" /><ent r="66" t="12" w="127" /><ent r="66" t="12" w="167" /><ent r="66" t="12" w="170" /><ent r="66" t="12" w="194" /><ent r="66" t="12" w="197" /><ent r="66" t="12" w="320" /><ent r="66" t="12" w="323" /><ent r="66" t="12" w="377" /><ent r="66" t="12" w="380" /><ent r="66" t="13" w="83" /><ent r="66" t="13" w="86" /><ent r="66" t="13" w="110" /><ent r="66" t="13" w="113" /><ent r="66" t="13" w="162" /><ent r="66" t="13" w="165" /><ent r="66" t="13" w="205" /><ent r="66" t="13" w="208" /><ent r="66" t="13" w="255" /><ent r="66" t="13" w="258" /><ent r="66" t="13" w="295" /><ent r="66" t="13" w="298" /><ent r="66" t="13" w="355" /><ent r="66" t="13" w="358" /><ent r="66" t="13" w="403" /><ent r="66" t="13" w="406" /><ent r="66" t="13" w="464" /><ent r="66" t="13" w="467" /><ent r="66" t="13" w="521" /><ent r="66" t="13" w="524" /><ent r="66" t="14" w="212" /><ent r="66" t="14" w="215" /><ent r="66" t="14" w="251" /><ent r="66" t="14" w="254" /><ent r="66" t="14" w="310" /><ent r="66" t="14" w="313" /><ent r="66" t="14" w="348" /><ent r="66" t="14" w="351" /><ent r="66" t="14" w="463" /><ent r="66" t="14" w="466" /><ent r="66" t="14" w="521" /><ent r="66" t="14" w="524" /><ent r="66" t="14" w="590" /><ent r="66" t="14" w="593" /><ent r="66" t="14" w="649" /><ent r="66" t="14" w="652" /><ent r="66" t="14" w="697" /><ent r="66" t="14" w="700" /><ent r="66" t="14" w="735" /><ent r="66" t="14" w="738" /><ent r="66" t="14" w="774" /><ent r="66" t="14" w="777" /><ent r="66" t="14" w="819" /><ent r="66" t="14" w="822" /><ent r="66" t="14" w="866" /><ent r="66" t="14" w="869" /><ent r="66" t="14" w="906" /><ent r="66" t="14" w="909" /><ent r="66" t="14" w="943" /><ent r="66" t="14" w="946" /><ent r="66" t="14" w="983" /><ent r="66" t="14" w="986" /><ent r="66" t="14" w="1121" /><ent r="66" t="14" w="1124" /><ent r="66" t="14" w="1160" /><ent r="66" t="14" w="1163" /><ent r="66" t="14" w="1250" /><ent r="66" t="14" w="1253" /><ent r="66" t="14" w="1289" /><ent r="66" t="14" w="1292" /><ent r="66" t="14" w="1329" /><ent r="66" t="14" w="1332" /><ent r="66" t="14" w="1376" /><ent r="66" t="14" w="1379" /><ent r="66" t="14" w="1460" /><ent r="66" t="14" w="1463" /><ent r="66" t="14" w="1497" /><ent r="66" t="14" w="1500" /><ent r="66" t="14" w="1531" /><ent r="66" t="14" w="1534" /><ent r="66" t="14" w="1568" /><ent r="66" t="14" w="1571" /><ent r="66" t="15" w="161" /><ent r="66" t="15" w="164" /><ent r="66" t="15" w="216" /><ent r="66" t="15" w="219" /><ent r="66" t="15" w="273" /><ent r="66" t="15" w="276" /><ent r="66" t="15" w="323" /><ent r="66" t="15" w="326" /><ent r="66" t="15" w="536" /><ent r="66" t="15" w="539" /><ent r="66" t="15" w="592" /><ent r="66" t="15" w="595" /><ent r="66" t="15" w="702" /><ent r="66" t="15" w="705" /><ent r="66" t="15" w="777" /><ent r="66" t="15" w="780" /><ent r="66" t="17" w="274" /><ent r="66" t="17" w="277" /><ent r="66" t="17" w="307" /><ent r="66" t="17" w="310" /><ent r="66" t="18" w="150" /><ent r="66" t="18" w="153" /><ent r="66" t="18" w="183" /><ent r="66" t="18" w="186" /><ent r="66" t="18" w="222" /><ent r="66" t="18" w="225" /><ent r="66" t="18" w="265" /><ent r="66" t="18" w="268" /><ent r="66" t="18" w="297" /><ent r="66" t="18" w="300" /><ent r="66" t="18" w="336" /><ent r="66" t="18" w="339" /><ent r="66" t="18" w="404" /><ent r="66" t="18" w="407" /><ent r="66" t="18" w="438" /><ent r="66" t="18" w="441" /><ent r="66" t="18" w="484" /><ent r="66" t="18" w="487" /><ent r="66" t="18" w="547" /><ent r="66" t="18" w="550" /><ent r="66" t="18" w="581" /><ent r="66" t="18" w="584" /><ent r="66" t="18" w="633" /><ent r="66" t="18" w="636" /><ent r="66" t="18" w="722" /><ent r="66" t="18" w="725" /><ent r="66" t="18" w="765" /><ent r="66" t="18" w="768" /><ent r="66" t="18" w="793" /><ent r="66" t="18" w="796" /><ent r="66" t="18" w="824" /><ent r="66" t="18" w="827" /><ent r="92" t="18" w="830" /><ent r="66" t="18" w="956" /><ent r="66" t="18" w="959" /><ent r="66" t="18" w="985" /><ent r="66" t="18" w="988" /><ent r="66" t="18" w="1055" /><ent r="66" t="18" w="1058" /><ent r="66" t="19" w="107" /><ent r="66" t="19" w="110" /><ent r="66" t="19" w="142" /><ent r="66" t="19" w="145" /><ent r="66" t="19" w="226" /><ent r="66" t="19" w="229" /><ent r="66" t="20" w="185" /><ent r="66" t="20" w="188" /><ent r="66" t="20" w="218" /><ent r="66" t="20" w="221" /><ent r="66" t="20" w="257" /><ent r="66" t="20" w="260" /><ent r="66" t="20" w="356" /><ent r="66" t="20" w="359" /><ent r="66" t="20" w="406" /><ent r="66" t="20" w="409" /><ent r="66" t="21" w="160" /><ent r="66" t="21" w="163" /><ent r="66" t="21" w="184" /><ent r="66" t="21" w="187" /><ent r="66" t="21" w="247" /><ent r="66" t="21" w="250" /><ent r="66" t="21" w="347" /><ent r="66" t="21" w="350" /><ent r="66" t="22" w="151" /><ent r="66" t="22" w="154" /><ent r="66" t="22" w="188" /><ent r="66" t="22" w="191" /><ent r="66" t="23" w="138" /><ent r="66" t="23" w="141" /><ent r="66" t="23" w="177" /><ent r="66" t="23" w="180" /><ent r="66" t="24" w="117" /><ent r="66" t="24" w="120" /><ent r="66" t="24" w="156" /><ent r="66" t="24" w="159" /><ent r="66" t="24" w="203" /><ent r="66" t="24" w="206" /><ent r="66" t="24" w="242" /><ent r="66" t="24" w="245" /><ent r="66" t="24" w="319" /><ent r="66" t="24" w="322" /><ent r="66" t="24" w="363" /><ent r="66" t="24" w="366" /><ent r="66" t="24" w="415" /><ent r="66" t="24" w="418" /><ent r="66" t="24" w="455" /><ent r="66" t="24" w="458" /><ent r="66" t="24" w="492" /><ent r="66" t="24" w="495" /><ent r="66" t="24" w="524" /><ent r="66" t="24" w="527" /><ent r="66" t="24" w="560" /><ent r="66" t="24" w="563" /><ent r="66" t="24" w="584" /><ent r="66" t="24" w="587" /><ent r="66" t="24" w="668" /><ent r="66" t="24" w="671" /><ent r="66" t="24" w="718" /><ent r="66" t="24" w="721" /><ent r="66" t="24" w="794" /><ent r="66" t="24" w="797" /><ent r="66" t="24" w="832" /><ent r="66" t="24" w="835" /><ent r="66" t="24" w="902" /><ent r="66" t="24" w="905" /><ent r="66" t="24" w="943" /><ent r="66" t="24" w="946" /><ent r="66" t="27" w="140" /><ent r="66" t="27" w="143" /><ent r="66" t="27" w="180" /><ent r="66" t="27" w="183" /><ent r="66" t="27" w="252" /><ent r="66" t="27" w="255" /><ent r="66" t="27" w="302" /><ent r="66" t="27" w="305" /><ent r="66" t="27" w="362" /><ent r="66" t="27" w="365" /><ent r="66" t="27" w="409" /><ent r="66" t="27" w="412" /><ent r="66" t="27" w="448" /><ent r="66" t="27" w="451" /><ent r="66" t="27" w="498" /><ent r="66" t="27" w="501" /><ent r="66" t="27" w="571" /><ent r="66" t="27" w="574" /><ent r="66" t="27" w="629" /><ent r="66" t="27" w="632" /><ent r="66" t="27" w="677" /><ent r="66" t="27" w="680" /><ent r="66" t="27" w="724" /><ent r="66" t="27" w="727" /><ent r="66" t="27" w="921" /><ent r="66" t="27" w="924" /><ent r="66" t="27" w="1038" /><ent r="66" t="27" w="1041" /><ent r="66" t="27" w="1165" /><ent r="66" t="27" w="1168" /><ent r="66" t="27" w="1236" /><ent r="66" t="27" w="1239" /><ent r="66" t="27" w="1320" /><ent r="66" t="27" w="1323" /><ent r="66" t="27" w="1372" /><ent r="66" t="27" w="1375" /><ent r="66" t="28" w="134" /><ent r="66" t="28" w="137" /><ent r="66" t="28" w="181" /><ent r="66" t="28" w="184" /><ent r="66" t="28" w="284" /><ent r="66" t="28" w="287" /><ent r="66" t="28" w="336" /><ent r="66" t="28" w="339" /><ent r="66" t="28" w="442" /><ent r="66" t="28" w="445" /><ent r="66" t="28" w="491" /><ent r="66" t="28" w="494" /><ent r="66" t="28" w="582" /><ent r="66" t="28" w="585" /><ent r="66" t="28" w="643" /><ent r="66" t="28" w="646" /><ent r="66" t="28" w="781" /><ent r="66" t="28" w="784" /><ent r="66" t="28" w="862" /><ent r="66" t="28" w="865" /><ent r="66" t="28" w="988" /><ent r="66" t="28" w="991" /><ent r="66" t="28" w="1044" /><ent r="66" t="28" w="1047" /><ent r="66" t="28" w="1143" /><ent r="66" t="28" w="1146" /><ent r="66" t="28" w="1219" /><ent r="66" t="28" w="1222" /><ent r="66" t="29" w="229" /><ent r="66" t="29" w="232" /><ent r="66" t="29" w="305" /><ent r="66" t="29" w="308" /><ent r="66" t="29" w="357" /><ent r="66" t="29" w="360" /><ent r="66" t="29" w="400" /><ent r="66" t="29" w="403" /><ent r="66" t="29" w="479" /><ent r="66" t="29" w="482" /><ent r="66" t="29" w="527" /><ent r="66" t="29" w="530" /><ent r="66" t="29" w="626" /><ent r="66" t="29" w="629" /><ent r="66" t="29" w="733" /><ent r="66" t="29" w="736" /><ent r="66" t="29" w="787" /><ent r="66" t="29" w="790" /><ent r="66" t="29" w="841" /><ent r="66" t="29" w="844" /><ent r="66" t="30" w="122" /><ent r="66" t="30" w="125" /><ent r="66" t="30" w="167" /><ent r="66" t="30" w="170" /><ent r="66" t="30" w="239" /><ent r="66" t="30" w="242" /><ent r="66" t="30" w="290" /><ent r="66" t="30" w="293" /><ent r="66" t="30" w="356" /><ent r="66" t="30" w="359" /><ent r="66" t="30" w="401" /><ent r="66" t="30" w="404" /><ent r="66" t="30" w="457" /><ent r="66" t="30" w="460" /><ent r="66" t="30" w="564" /><ent r="66" t="30" w="567" /><ent r="66" t="31" w="150" /><ent r="66" t="31" w="153" /><ent r="66" t="31" w="183" /><ent r="66" t="31" w="186" /><ent r="66" t="31" w="242" /><ent r="66" t="31" w="245" /><ent r="66" t="31" w="279" /><ent r="66" t="31" w="282" /><ent r="66" t="31" w="394" /><ent r="66" t="31" w="397" /><ent r="66" t="31" w="450" /><ent r="66" t="31" w="453" /><ent r="66" t="31" w="501" /><ent r="66" t="31" w="504" /><ent r="66" t="31" w="542" /><ent r="66" t="31" w="545" /><ent r="66" t="31" w="586" /><ent r="66" t="31" w="589" /><ent r="66" t="31" w="618" /><ent r="66" t="31" w="621" /><ent r="66" t="31" w="658" /><ent r="66" t="31" w="661" /><ent r="66" t="31" w="701" /><ent r="66" t="31" w="704" /><ent r="66" t="31" w="744" /><ent r="66" t="31" w="747" /><ent r="66" t="31" w="778" /><ent r="66" t="31" w="781" /><ent r="66" t="31" w="811" /><ent r="66" t="31" w="814" /><ent r="66" t="31" w="845" /><ent r="66" t="31" w="848" /><ent r="66" t="31" w="1033" /><ent r="66" t="31" w="1036" /><ent r="66" t="31" w="1095" /><ent r="66" t="31" w="1098" /><ent r="66" t="31" w="1162" /><ent r="66" t="31" w="1165" /><ent r="66" t="31" w="1195" /><ent r="66" t="31" w="1198" /><ent r="66" t="31" w="1227" /><ent r="66" t="31" w="1230" /><ent r="66" t="31" w="1262" /><ent r="66" t="31" w="1265" /><ent r="66" t="31" w="1326" /><ent r="66" t="31" w="1329" /><ent r="66" t="31" w="1358" /><ent r="66" t="31" w="1361" /><ent r="66" t="31" w="1393" /><ent r="66" t="31" w="1396" /><ent r="66" t="31" w="1430" /><ent r="66" t="31" w="1433" /><ent r="66" t="31" w="1501" /><ent r="66" t="31" w="1504" /><ent r="66" t="31" w="1534" /><ent r="66" t="31" w="1537" /><ent r="66" t="31" w="1577" /><ent r="66" t="31" w="1580" /><ent r="66" t="31" w="1610" /><ent r="66" t="31" w="1613" /><ent r="66" t="31" w="1668" /><ent r="66" t="31" w="1671" /><ent r="66" t="31" w="1764" /><ent r="66" t="31" w="1767" /><ent r="66" t="34" w="150" /><ent r="66" t="34" w="153" /><ent r="66" t="34" w="182" /><ent r="66" t="34" w="185" /><ent r="66" t="34" w="236" /><ent r="66" t="34" w="239" /><ent r="66" t="34" w="268" /><ent r="66" t="34" w="271" /><ent r="66" t="34" w="372" /><ent r="66" t="34" w="375" /><ent r="66" t="34" w="435" /><ent r="66" t="34" w="438" /><ent r="66" t="34" w="603" /><ent r="66" t="34" w="606" /><ent r="66" t="34" w="677" /><ent r="66" t="34" w="680" /><ent r="66" t="35" w="194" /><ent r="66" t="35" w="197" /><ent r="66" t="35" w="280" /><ent r="66" t="35" w="283" /><ent r="66" t="35" w="360" /><ent r="66" t="35" w="363" /><ent r="66" t="35" w="429" /><ent r="66" t="35" w="432" /><ent r="66" t="36" w="114" /><ent r="66" t="36" w="117" /><ent r="66" t="36" w="152" /><ent r="66" t="36" w="155" /><ent r="66" t="36" w="213" /><ent r="66" t="36" w="216" /><ent r="66" t="36" w="233" /><ent r="66" t="36" w="236" /><ent r="66" t="38" w="150" /><ent r="66" t="38" w="153" /><ent r="66" t="38" w="203" /><ent r="66" t="38" w="206" /><ent r="66" t="38" w="300" /><ent r="66" t="38" w="303" /><ent r="66" t="38" w="348" /><ent r="66" t="38" w="351" /><ent r="66" t="40" w="357" /><ent r="66" t="40" w="360" /><ent r="66" t="40" w="389" /><ent r="66" t="40" w="392" /><ent r="66" t="42" w="143" /><ent r="66" t="42" w="146" /><ent r="66" t="42" w="311" /><ent r="66" t="42" w="314" /><ent r="66" t="42" w="442" /><ent r="66" t="42" w="445" /><ent r="66" t="42" w="536" /><ent r="66" t="42" w="539" /><ent r="66" t="42" w="600" /><ent r="66" t="42" w="603" /><ent r="66" t="42" w="647" /><ent r="66" t="42" w="650" /><ent r="66" t="42" w="852" /><ent r="66" t="42" w="855" /><ent r="66" t="42" w="901" /><ent r="66" t="42" w="904" /><ent r="66" t="45" w="188" /><ent r="66" t="45" w="191" /><ent r="66" t="45" w="316" /><ent r="66" t="45" w="319" /><ent r="66" t="45" w="425" /><ent r="66" t="45" w="428" /><ent r="66" t="45" w="482" /><ent r="66" t="45" w="485" /><ent r="66" t="45" w="554" /><ent r="66" t="45" w="557" /><ent r="66" t="45" w="597" /><ent r="66" t="45" w="600" /><ent r="66" t="46" w="163" /><ent r="66" t="46" w="166" /><ent r="66" t="46" w="317" /><ent r="66" t="46" w="320" /><ent r="66" t="46" w="391" /><ent r="66" t="46" w="394" /><ent r="66" t="46" w="432" /><ent r="66" t="46" w="435" /><ent r="66" t="49" w="96" /><ent r="66" t="49" w="99" /><ent r="66" t="49" w="137" /><ent r="66" t="49" w="140" /><ent r="66" t="49" w="206" /><ent r="66" t="49" w="209" /><ent r="66" t="49" w="251" /><ent r="66" t="49" w="254" /><ent r="66" t="49" w="363" /><ent r="66" t="49" w="366" /><ent r="66" t="49" w="401" /><ent r="66" t="49" w="404" /><ent r="66" t="49" w="560" /><ent r="66" t="49" w="563" /><ent r="66" t="49" w="702" /><ent r="66" t="49" w="705" /><ent r="66" t="49" w="842" /><ent r="66" t="49" w="845" /><ent r="66" t="49" w="948" /><ent r="66" t="49" w="951" /><ent r="66" t="49" w="1134" /><ent r="66" t="49" w="1137" /><ent r="66" t="49" w="1286" /><ent r="66" t="49" w="1289" /><ent r="66" t="50" w="147" /><ent r="66" t="50" w="150" /><ent r="66" t="50" w="190" /><ent r="66" t="50" w="193" /><ent r="66" t="50" w="227" /><ent r="66" t="50" w="230" /><ent r="66" t="50" w="252" /><ent r="66" t="50" w="255" /><ent r="67" t="50" w="423" /><ent r="67" t="50" w="426" /><ent r="67" t="50" w="461" /><ent r="67" t="50" w="464" /><ent r="66" t="50" w="545" /><ent r="66" t="50" w="548" /><ent r="66" t="50" w="602" /><ent r="66" t="50" w="605" /><ent r="66" t="50" w="646" /><ent r="66" t="50" w="649" /><ent r="66" t="50" w="687" /><ent r="66" t="50" w="690" /><ent r="66" t="50" w="778" /><ent r="66" t="50" w="781" /><ent r="66" t="50" w="862" /><ent r="66" t="50" w="865" /><ent r="66" t="50" w="922" /><ent r="66" t="50" w="925" /><ent r="66" t="50" w="967" /><ent r="66" t="50" w="970" /><ent r="66" t="50" w="1030" /><ent r="66" t="50" w="1033" /><ent r="66" t="50" w="1091" /><ent r="66" t="50" w="1094" /><ent r="66" t="52" w="169" /><ent r="66" t="52" w="172" /><ent r="66" t="52" w="274" /><ent r="66" t="52" w="277" /><ent r="67" t="53" w="184" /><ent r="67" t="53" w="187" /><ent r="67" t="53" w="281" /><ent r="67" t="53" w="284" /><ent r="67" t="53" w="358" /><ent r="67" t="53" w="361" /><ent r="67" t="53" w="451" /><ent r="67" t="53" w="454" /><ent r="67" t="53" w="574" /><ent r="67" t="53" w="577" /><ent r="67" t="53" w="675" /><ent r="67" t="53" w="678" /><ent r="66" t="54" w="161" /><ent r="66" t="54" w="164" /><ent r="66" t="54" w="194" /><ent r="66" t="54" w="197" /><ent r="66" t="54" w="249" /><ent r="66" t="54" w="252" /><ent r="66" t="54" w="299" /><ent r="66" t="54" w="302" /><ent r="66" t="56" w="98" /><ent r="66" t="56" w="101" /><ent r="66" t="56" w="158" /><ent r="66" t="56" w="161" /><ent r="66" t="56" w="208" /><ent r="66" t="56" w="211" /><ent r="66" t="56" w="233" /><ent r="66" t="56" w="236" /><ent r="66" t="56" w="271" /><ent r="66" t="56" w="274" /><ent r="66" t="56" w="314" /><ent r="66" t="56" w="317" /><ent r="66" t="57" w="103" /><ent r="66" t="57" w="106" /><ent r="66" t="57" w="154" /><ent r="66" t="57" w="157" /><ent r="66" t="57" w="201" /><ent r="66" t="57" w="204" /><ent r="66" t="57" w="240" /><ent r="66" t="57" w="243" /><ent r="66" t="58" w="119" /><ent r="66" t="58" w="122" /><ent r="66" t="58" w="189" /><ent r="66" t="58" w="192" /><ent r="66" t="58" w="263" /><ent r="66" t="58" w="266" /><ent r="66" t="58" w="329" /><ent r="66" t="58" w="332" /><ent r="66" t="59" w="132" /><ent r="66" t="59" w="135" /><ent r="66" t="59" w="156" /><ent r="66" t="59" w="159" /><ent r="66" t="59" w="200" /><ent r="66" t="59" w="203" /><ent r="66" t="59" w="238" /><ent r="66" t="59" w="241" /><ent r="66" t="60" w="244" /><ent r="66" t="60" w="247" /><ent r="66" t="60" w="329" /><ent r="66" t="60" w="332" /><ent r="66" t="60" w="353" /><ent r="66" t="60" w="356" /><ent r="66" t="60" w="377" /><ent r="66" t="60" w="380" /><ent r="66" t="63" w="119" /><ent r="66" t="63" w="122" /><ent r="66" t="63" w="213" /><ent r="66" t="63" w="216" /><ent r="66" t="64" w="123" /><ent r="66" t="64" w="126" /><ent r="66" t="64" w="165" /><ent r="66" t="64" w="168" /><ent r="66" t="64" w="210" /><ent r="66" t="64" w="213" /><ent r="66" t="64" w="273" /><ent r="66" t="64" w="276" /><ent r="66" t="66" w="217" /><ent r="66" t="66" w="220" /><ent r="66" t="66" w="291" /><ent r="66" t="66" w="294" /><ent r="66" t="66" w="487" /><ent r="66" t="66" w="490" /><ent r="66" t="66" w="559" /><ent r="66" t="66" w="562" /><ent r="66" t="66" w="666" /><ent r="66" t="66" w="669" /><ent r="66" t="66" w="754" /><ent r="66" t="66" w="757" /><ent r="66" t="67" w="167" /><ent r="66" t="67" w="170" /><ent r="66" t="67" w="216" /><ent r="66" t="67" w="219" /><ent r="66" t="67" w="291" /><ent r="66" t="67" w="294" /><ent r="66" t="67" w="343" /><ent r="66" t="67" w="346" /><ent r="66" t="68" w="45" /><ent r="66" t="68" w="48" /><ent r="66" t="68" w="69" /><ent r="66" t="68" w="72" /><ent r="66" t="68" w="123" /><ent r="66" t="68" w="126" /><ent r="66" t="68" w="150" /><ent r="66" t="68" w="153" /><ent r="66" t="69" w="155" /><ent r="66" t="69" w="158" /><ent r="66" t="69" w="182" /><ent r="66" t="69" w="185" /><ent r="66" t="69" w="269" /><ent r="66" t="69" w="272" /><ent r="66" t="69" w="330" /><ent r="66" t="69" w="333" /><ent r="66" t="69" w="403" /><ent r="66" t="69" w="406" /><ent r="66" t="69" w="431" /><ent r="66" t="69" w="434" /><ent r="66" t="69" w="506" /><ent r="66" t="69" w="509" /><ent r="66" t="69" w="532" /><ent r="66" t="69" w="535" /><ent r="66" t="69" w="611" /><ent r="66" t="69" w="614" /><ent r="66" t="69" w="662" /><ent r="66" t="69" w="665" /><ent r="66" t="70" w="151" /><ent r="66" t="70" w="154" /><ent r="66" t="70" w="223" /><ent r="66" t="70" w="226" /><ent r="66" t="70" w="444" /><ent r="66" t="70" w="447" /><ent r="66" t="70" w="601" /><ent r="66" t="70" w="604" /><ent r="66" t="70" w="727" /><ent r="66" t="70" w="730" /><ent r="66" t="70" w="826" /><ent r="66" t="70" w="829" /><ent r="66" t="72" w="53" /><ent r="66" t="72" w="56" /><ent r="66" t="72" w="87" /><ent r="66" t="72" w="90" /><ent r="66" t="72" w="191" /><ent r="66" t="72" w="194" /><ent r="66" t="72" w="226" /><ent r="66" t="72" w="229" /><ent r="66" t="72" w="292" /><ent r="66" t="72" w="295" /><ent r="66" t="72" w="317" /><ent r="66" t="72" w="320" /><ent r="66" t="74" w="189" /><ent r="66" t="74" w="192" /><ent r="66" t="74" w="242" /><ent r="66" t="74" w="245" /><ent r="66" t="74" w="341" /><ent r="66" t="74" w="344" /><ent r="66" t="74" w="443" /><ent r="66" t="74" w="446" /><ent r="66" t="74" w="495" /><ent r="66" t="74" w="498" /><ent r="66" t="74" w="565" /><ent r="66" t="74" w="568" /><ent r="66" t="74" w="703" /><ent r="66" t="74" w="706" /><ent r="66" t="74" w="774" /><ent r="66" t="74" w="777" /><ent r="66" t="74" w="844" /><ent r="66" t="74" w="847" /><ent r="66" t="74" w="924" /><ent r="66" t="74" w="927" /><ent r="66" t="74" w="992" /><ent r="66" t="74" w="995" /><ent r="66" t="74" w="1085" /><ent r="66" t="74" w="1088" /><ent r="66" t="75" w="111" /><ent r="66" t="75" w="114" /><ent r="66" t="75" w="187" /><ent r="66" t="75" w="190" /><ent r="66" t="75" w="290" /><ent r="66" t="75" w="293" /><ent r="66" t="75" w="391" /><ent r="66" t="75" w="394" /><ent r="66" t="75" w="487" /><ent r="66" t="75" w="490" /><ent r="66" t="75" w="555" /><ent r="66" t="75" w="558" /><ent r="66" t="75" w="601" /><ent r="66" t="75" w="604" /><ent r="66" t="75" w="669" /><ent r="66" t="75" w="672" /><ent r="66" t="75" w="738" /><ent r="66" t="75" w="741" /><ent r="66" t="75" w="820" /><ent r="66" t="75" w="823" /><ent r="66" t="75" w="890" /><ent r="66" t="75" w="893" /><ent r="66" t="75" w="985" /><ent r="66" t="75" w="988" /><ent r="66" t="76" w="117" /><ent r="66" t="76" w="120" /><ent r="66" t="76" w="170" /><ent r="66" t="76" w="173" /><ent r="66" t="76" w="259" /><ent r="66" t="76" w="262" /><ent r="66" t="76" w="361" /><ent r="66" t="76" w="364" /><ent r="66" t="76" w="427" /><ent r="66" t="76" w="430" /><ent r="66" t="76" w="504" /><ent r="66" t="76" w="507" /><ent r="66" t="76" w="674" /><ent r="66" t="76" w="677" /><ent r="66" t="76" w="760" /><ent r="66" t="76" w="763" /><ent r="66" t="76" w="840" /><ent r="66" t="76" w="843" /><ent r="66" t="76" w="909" /><ent r="66" t="76" w="912" /><ent r="66" t="78" w="38" /><ent r="66" t="78" w="41" /><ent r="66" t="78" w="59" /><ent r="66" t="78" w="62" /><ent r="66" t="78" w="151" /><ent r="66" t="78" w="154" /><ent r="66" t="78" w="176" /><ent r="66" t="78" w="179" /><ent r="66" t="78" w="219" /><ent r="66" t="78" w="222" /><ent r="66" t="78" w="248" /><ent r="66" t="78" w="251" /><ent r="66" t="80" w="54" /><ent r="66" t="80" w="57" /><ent r="66" t="80" w="83" /><ent r="66" t="80" w="86" /><ent r="66" t="80" w="160" /><ent r="66" t="80" w="163" /><ent r="66" t="80" w="197" /><ent r="66" t="80" w="200" /><ent r="66" t="81" w="103" /><ent r="66" t="81" w="106" /><ent r="66" t="81" w="162" /><ent r="66" t="81" w="165" /><ent r="66" t="82" w="91" /><ent r="66" t="82" w="94" /><ent r="66" t="82" w="124" /><ent r="66" t="82" w="127" /><ent r="66" t="83" w="109" /><ent r="66" t="83" w="112" /><ent r="66" t="83" w="144" /><ent r="66" t="83" w="147" /><ent r="66" t="84" w="76" /><ent r="66" t="84" w="79" /><ent r="66" t="84" w="114" /><ent r="66" t="84" w="117" /><ent r="66" t="85" w="66" /><ent r="66" t="85" w="69" /><ent r="66" t="85" w="102" /><ent r="66" t="85" w="105" /><ent r="66" t="86" w="61" /><ent r="66" t="86" w="64" /><ent r="66" t="86" w="98" /><ent r="66" t="86" w="101" /><ent r="66" t="87" w="110" /><ent r="66" t="87" w="113" /><ent r="66" t="87" w="149" /><ent r="66" t="87" w="152" /><ent r="66" t="88" w="116" /><ent r="66" t="88" w="119" /><ent r="66" t="88" w="165" /><ent r="66" t="88" w="168" /><ent r="66" t="89" w="87" /><ent r="66" t="89" w="90" /><ent r="66" t="89" w="139" /><ent r="66" t="89" w="142" /><ent r="66" t="89" w="170" /><ent r="66" t="89" w="173" /><ent r="66" t="89" w="204" /><ent r="66" t="89" w="207" /><ent r="6" t="92" w="541" /><ent r="66" t="96" w="130" /><ent r="66" t="96" w="133" /><ent r="66" t="96" w="154" /><ent r="66" t="96" w="157" /><ent r="66" t="96" w="184" /><ent r="66" t="96" w="187" /><ent r="66" t="96" w="206" /><ent r="66" t="96" w="209" /><ent r="66" t="96" w="244" /><ent r="66" t="96" w="247" /><ent r="66" t="96" w="290" /><ent r="66" t="96" w="293" /><ent r="66" t="96" w="381" /><ent r="66" t="96" w="384" /><ent r="66" t="96" w="413" /><ent r="66" t="96" w="416" /><ent r="66" t="96" w="507" /><ent r="66" t="96" w="510" /><ent r="66" t="96" w="562" /><ent r="66" t="96" w="565" /><ent r="66" t="96" w="602" /><ent r="66" t="96" w="605" /><ent r="66" t="96" w="780" /><ent r="66" t="96" w="783" /><ent r="66" t="96" w="811" /><ent r="66" t="96" w="814" /><ent r="66" t="96" w="941" /><ent r="66" t="96" w="944" /><ent r="66" t="99" w="155" /><ent r="66" t="99" w="158" /><ent r="66" t="99" w="219" /><ent r="66" t="99" w="222" /><ent r="66" t="99" w="318" /><ent r="66" t="99" w="321" /><ent r="66" t="99" w="423" /><ent r="66" t="99" w="426" /><ent r="66" t="99" w="513" /><ent r="66" t="99" w="516" /><ent r="66" t="99" w="612" /><ent r="66" t="99" w="615" /><ent r="66" t="99" w="725" /><ent r="66" t="99" w="728" /><ent r="66" t="99" w="855" /><ent r="66" t="99" w="858" /><ent r="66" t="99" w="973" /><ent r="66" t="99" w="976" /><ent r="66" t="99" w="1030" /><ent r="66" t="99" w="1033" /><ent r="66" t="99" w="1075" /><ent r="66" t="99" w="1078" /><ent r="66" t="99" w="1104" /><ent r="66" t="99" w="1107" /><ent r="66" t="100" w="150" /><ent r="66" t="100" w="153" /><ent r="66" t="100" w="276" /><ent r="66" t="100" w="279" /><ent r="66" t="100" w="297" /><ent r="66" t="100" w="300" /><ent r="66" t="100" w="328" /><ent r="66" t="100" w="331" /><ent r="66" t="101" w="161" /><ent r="66" t="101" w="164" /><ent r="66" t="101" w="198" /><ent r="66" t="101" w="201" /><ent r="66" t="101" w="273" /><ent r="66" t="101" w="276" /><ent r="66" t="106" w="162" /><ent r="66" t="106" w="165" /><ent r="66" t="106" w="190" /><ent r="66" t="106" w="193" /><ent r="66" t="106" w="235" /><ent r="66" t="106" w="238" /><ent r="66" t="106" w="255" /><ent r="66" t="106" w="258" /><ent r="66" t="106" w="291" /><ent r="66" t="106" w="294" /><ent r="66" t="106" w="311" /><ent r="66" t="106" w="314" /><ent r="66" t="106" w="361" /><ent r="66" t="106" w="364" /><ent r="66" t="106" w="391" /><ent r="66" t="106" w="394" /><ent r="66" t="109" w="156" /><ent r="66" t="109" w="159" /><ent r="66" t="109" w="209" /><ent r="66" t="109" w="212" /><ent r="66" t="109" w="388" /><ent r="66" t="109" w="391" /><ent r="66" t="109" w="483" /><ent r="66" t="109" w="486" /><ent r="66" t="112" w="79" /><ent r="66" t="112" w="82" /><ent r="66" t="112" w="111" /><ent r="66" t="112" w="114" /><ent r="66" t="112" w="625" /><ent r="66" t="112" w="628" /><ent r="66" t="112" w="1151" /><ent r="66" t="112" w="1154" /><ent r="66" t="112" w="1264" /><ent r="66" t="112" w="1267" /><ent r="66" t="112" w="1336" /><ent r="66" t="112" w="1339" /><ent r="66" t="112" w="1407" /><ent r="66" t="112" w="1410" /><ent r="66" t="112" w="1442" /><ent r="66" t="112" w="1445" /><ent r="66" t="114" w="414" /><ent r="66" t="114" w="417" /><ent r="66" t="114" w="669" /><ent r="66" t="114" w="672" /><ent r="66" t="114" w="759" /><ent r="66" t="114" w="762" /><ent r="66" t="114" w="812" /><ent r="66" t="114" w="815" /><ent r="66" t="114" w="874" /><ent r="66" t="114" w="877" /><ent r="66" t="114" w="898" /><ent r="66" t="114" w="901" /><ent r="66" t="114" w="918" /><ent r="66" t="114" w="921" /><ent r="66" t="114" w="945" /><ent r="66" t="114" w="948" /><ent r="66" t="116" w="179" /><ent r="66" t="116" w="182" /><ent r="66" t="116" w="216" /><ent r="66" t="116" w="219" /><ent r="66" t="117" w="151" /><ent r="66" t="117" w="154" /><ent r="66" t="117" w="239" /><ent r="66" t="117" w="242" /><ent r="66" t="117" w="356" /><ent r="66" t="117" w="359" /><ent r="66" t="117" w="436" /><ent r="66" t="117" w="439" /><ent r="66" t="117" w="496" /><ent r="66" t="117" w="499" /><ent r="66" t="117" w="570" /><ent r="66" t="117" w="573" /><ent r="66" t="117" w="624" /><ent r="66" t="117" w="627" /><ent r="66" t="117" w="661" /><ent r="66" t="117" w="664" /><ent r="66" t="117" w="729" /><ent r="66" t="117" w="732" /><ent r="66" t="117" w="766" /><ent r="66" t="117" w="769" /><ent r="5" t="120" w="77" /><ent r="5" t="120" w="86" /><ent r="66" t="120" w="100" /><ent r="66" t="120" w="103" /><ent r="5" t="120" w="110" /><ent r="5" t="120" w="119" /><ent r="66" t="120" w="133" /><ent r="66" t="120" w="136" /><ent r="5" t="120" w="178" /><ent r="66" t="120" w="199" /><ent r="66" t="120" w="202" /><ent r="5" t="120" w="209" /><ent r="66" t="120" w="230" /><ent r="66" t="120" w="233" /><ent r="66" t="121" w="184" /><ent r="66" t="121" w="187" /><ent r="66" t="121" w="220" /><ent r="66" t="121" w="223" /><ent r="66" t="121" w="380" /><ent r="66" t="121" w="383" /><ent r="66" t="121" w="576" /><ent r="66" t="121" w="579" /><ent r="66" t="122" w="291" /><ent r="66" t="122" w="294" /><ent r="66" t="122" w="365" /><ent r="66" t="122" w="368" /><ent r="66" t="124" w="224" /><ent r="66" t="124" w="227" /><ent r="66" t="124" w="302" /><ent r="66" t="124" w="305" /><ent r="66" t="125" w="232" /><ent r="66" t="125" w="235" /><ent r="66" t="125" w="312" /><ent r="66" t="125" w="315" /><ent r="68" t="128" w="109" /><ent r="68" t="128" w="112" /><ent r="68" t="128" w="167" /><ent r="68" t="128" w="170" /><ent r="68" t="128" w="230" /><ent r="68" t="128" w="233" /><ent r="68" t="128" w="296" /><ent r="68" t="128" w="299" /><ent r="68" t="128" w="371" /><ent r="68" t="128" w="374" /><ent r="68" t="128" w="435" /><ent r="68" t="128" w="438" /><ent r="66" t="129" w="132" /><ent r="66" t="129" w="135" /><ent r="66" t="129" w="161" /><ent r="66" t="129" w="164" /><ent r="66" t="130" w="262" /><ent r="66" t="130" w="265" /><ent r="66" t="130" w="620" /><ent r="66" t="130" w="623" /><ent r="67" t="133" w="285" /><ent r="67" t="133" w="288" /><ent r="67" t="133" w="301" /><ent r="67" t="133" w="304" /><ent r="66" t="134" w="90" /><ent r="66" t="134" w="93" /><ent r="66" t="134" w="117" /><ent r="66" t="134" w="120" /><ent r="66" t="135" w="73" /><ent r="66" t="135" w="76" /><ent r="66" t="135" w="95" /><ent r="66" t="135" w="98" /><ent r="66" t="136" w="66" /><ent r="66" t="136" w="69" /><ent r="66" t="136" w="86" /><ent r="66" t="136" w="89" /><ent r="66" t="137" w="65" /><ent r="66" t="137" w="68" /><ent r="66" t="137" w="87" /><ent r="66" t="137" w="90" /><ent r="66" t="138" w="81" /><ent r="66" t="138" w="84" /><ent r="66" t="138" w="103" /><ent r="66" t="138" w="106" /><ent r="66" t="138" w="140" /><ent r="66" t="138" w="143" /><ent r="66" t="138" w="162" /><ent r="66" t="138" w="165" /><ent r="66" t="139" w="78" /><ent r="66" t="139" w="81" /><ent r="66" t="139" w="99" /><ent r="66" t="139" w="102" /><ent r="66" t="140" w="71" /><ent r="66" t="140" w="74" /><ent r="66" t="140" w="102" /><ent r="66" t="140" w="105" /><ent r="66" t="141" w="203" /><ent r="66" t="141" w="206" /><ent r="66" t="141" w="348" /><ent r="66" t="141" w="351" /><ent r="66" t="141" w="414" /><ent r="66" t="141" w="417" /><ent r="66" t="141" w="453" /><ent r="66" t="141" w="456" /><ent r="66" t="142" w="152" /><ent r="66" t="142" w="155" /><ent r="66" t="142" w="194" /><ent r="66" t="142" w="197" /><ent r="66" t="142" w="256" /><ent r="66" t="142" w="259" /><ent r="66" t="142" w="299" /><ent r="66" t="142" w="302" /><ent r="66" t="142" w="364" /><ent r="66" t="142" w="367" /><ent r="66" t="142" w="413" /><ent r="66" t="142" w="416" /><ent r="66" t="145" w="68" /><ent r="66" t="145" w="71" /><ent r="66" t="145" w="94" /><ent r="66" t="145" w="97" /><ent r="66" t="145" w="198" /><ent r="66" t="145" w="201" /><ent r="66" t="145" w="230" /><ent r="66" t="145" w="233" /><ent r="66" t="146" w="101" /><ent r="66" t="146" w="104" /><ent r="66" t="146" w="128" /><ent r="66" t="146" w="131" /><ent r="66" t="146" w="231" /><ent r="66" t="146" w="234" /><ent r="66" t="146" w="263" /><ent r="66" t="146" w="266" /><ent r="5" t="147" w="272" /><ent r="5" t="147" w="280" /><ent r="5" t="147" w="305" /><ent r="5" t="147" w="314" /><ent r="66" t="147" w="328" /><ent r="66" t="147" w="331" /><ent r="5" t="147" w="350" /><ent r="5" t="147" w="358" /><ent r="5" t="147" w="383" /><ent r="5" t="147" w="392" /><ent r="66" t="147" w="406" /><ent r="66" t="147" w="409" /><ent r="66" t="148" w="107" /><ent r="66" t="148" w="110" /><ent r="66" t="148" w="159" /><ent r="66" t="148" w="162" /><ent r="66" t="149" w="96" /><ent r="66" t="149" w="99" /><ent r="66" t="149" w="123" /><ent r="66" t="149" w="126" /><ent r="66" t="150" w="201" /><ent r="66" t="150" w="204" /><ent r="66" t="150" w="229" /><ent r="66" t="150" w="232" /><ent r="66" t="151" w="103" /><ent r="66" t="151" w="106" /><ent r="66" t="151" w="129" /><ent r="66" t="151" w="132" /><ent r="66" t="152" w="106" /><ent r="66" t="152" w="109" /><ent r="66" t="152" w="132" /><ent r="66" t="152" w="135" /><ent r="66" t="152" w="183" /><ent r="66" t="152" w="186" /><ent r="66" t="152" w="215" /><ent r="66" t="152" w="218" /><ent r="66" t="153" w="128" /><ent r="66" t="153" w="131" /><ent r="66" t="153" w="155" /><ent r="66" t="153" w="158" /><ent r="66" t="154" w="44" /><ent r="66" t="154" w="47" /><ent r="66" t="154" w="75" /><ent r="66" t="154" w="78" /><ent r="66" t="155" w="70" /><ent r="66" t="155" w="73" /><ent r="66" t="155" w="100" /><ent r="66" t="155" w="103" /><ent r="66" t="156" w="46" /><ent r="66" t="156" w="49" /><ent r="66" t="156" w="72" /><ent r="66" t="156" w="75" /><ent r="66" t="157" w="64" /><ent r="66" t="157" w="67" /><ent r="66" t="157" w="96" /><ent r="66" t="157" w="99" /><ent r="66" t="158" w="70" /><ent r="66" t="158" w="73" /><ent r="66" t="158" w="97" /><ent r="66" t="158" w="100" /><ent r="66" t="159" w="68" /><ent r="66" t="159" w="71" /><ent r="66" t="159" w="95" /><ent r="66" t="159" w="98" /><ent r="66" t="160" w="49" /><ent r="66" t="160" w="52" /><ent r="66" t="160" w="82" /><ent r="66" t="160" w="85" /><ent r="66" t="161" w="81" /><ent r="66" t="161" w="84" /><ent r="66" t="161" w="111" /><ent r="66" t="161" w="114" /><ent r="66" t="163" w="55" /><ent r="66" t="163" w="58" /><ent r="66" t="163" w="83" /><ent r="66" t="163" w="86" /><ent r="66" t="164" w="150" /><ent r="66" t="164" w="153" /><ent r="66" t="164" w="179" /><ent r="66" t="164" w="182" /><ent r="66" t="168" w="122" /><ent r="66" t="168" w="125" /><ent r="66" t="168" w="151" /><ent r="66" t="168" w="154" /><ent r="66" t="169" w="167" /><ent r="66" t="169" w="170" /><ent r="66" t="169" w="195" /><ent r="66" t="169" w="198" /><ent r="66" t="170" w="89" /><ent r="66" t="170" w="92" /><ent r="66" t="170" w="118" /><ent r="66" t="170" w="121" /><ent r="66" t="171" w="63" /><ent r="66" t="171" w="66" /><ent r="66" t="171" w="92" /><ent r="66" t="171" w="95" /><ent r="66" t="172" w="79" /><ent r="66" t="172" w="82" /><ent r="66" t="172" w="106" /><ent r="66" t="172" w="109" /><ent r="66" t="174" w="112" /><ent r="66" t="174" w="115" /><ent r="66" t="174" w="143" /><ent r="66" t="174" w="146" /><ent r="66" t="175" w="71" /><ent r="66" t="175" w="74" /><ent r="66" t="175" w="99" /><ent r="66" t="175" w="102" /><ent r="66" t="176" w="144" /><ent r="66" t="176" w="147" /><ent r="66" t="176" w="173" /><ent r="66" t="176" w="176" /><ent r="66" t="177" w="125" /><ent r="66" t="177" w="128" /><ent r="66" t="177" w="152" /><ent r="66" t="177" w="155" /><ent r="66" t="178" w="162" /><ent r="66" t="178" w="165" /><ent r="66" t="178" w="187" /><ent r="66" t="178" w="190" /><ent r="66" t="179" w="162" /><ent r="66" t="179" w="165" /><ent r="66" t="179" w="195" /><ent r="66" t="179" w="198" /><ent r="66" t="179" w="291" /><ent r="66" t="179" w="294" /><ent r="66" t="179" w="319" /><ent r="66" t="179" w="322" /><ent r="66" t="179" w="409" /><ent r="66" t="179" w="412" /><ent r="66" t="179" w="435" /><ent r="66" t="179" w="438" /><ent r="66" t="179" w="538" /><ent r="66" t="179" w="541" /><ent r="66" t="179" w="569" /><ent r="66" t="179" w="572" /><ent r="66" t="180" w="82" /><ent r="66" t="180" w="85" /><ent r="66" t="180" w="110" /><ent r="66" t="180" w="113" /><ent r="66" t="180" w="162" /><ent r="66" t="180" w="165" /><ent r="66" t="180" w="203" /><ent r="66" t="180" w="206" /><ent r="66" t="181" w="59" /><ent r="66" t="181" w="62" /><ent r="66" t="181" w="87" /><ent r="66" t="181" w="90" /><ent r="66" t="182" w="88" /><ent r="66" t="182" w="91" /><ent r="66" t="182" w="117" /><ent r="66" t="182" w="120" /><ent r="66" t="183" w="64" /><ent r="66" t="183" w="67" /><ent r="66" t="183" w="94" /><ent r="66" t="183" w="97" /><ent r="66" t="184" w="105" /><ent r="66" t="184" w="108" /><ent r="66" t="184" w="137" /><ent r="66" t="184" w="140" /><ent r="66" t="185" w="144" /><ent r="66" t="185" w="147" /><ent r="66" t="185" w="171" /><ent r="66" t="185" w="174" /><ent r="66" t="187" w="64" /><ent r="66" t="187" w="67" /><ent r="66" t="187" w="119" /><ent r="66" t="187" w="122" /><ent r="66" t="187" w="201" /><ent r="66" t="187" w="204" /><ent r="66" t="187" w="270" /><ent r="66" t="187" w="273" /><ent r="66" t="188" w="74" /><ent r="66" t="188" w="77" /><ent r="66" t="188" w="110" /><ent r="66" t="188" w="113" /><ent r="66" t="188" w="316" /><ent r="66" t="188" w="319" /><ent r="66" t="188" w="368" /><ent r="66" t="188" w="371" /><ent r="66" t="188" w="466" /><ent r="66" t="188" w="469" /><ent r="66" t="188" w="510" /><ent r="66" t="188" w="513" /><ent r="66" t="189" w="47" /><ent r="66" t="189" w="50" /><ent r="66" t="189" w="74" /><ent r="66" t="189" w="77" /><ent r="66" t="190" w="110" /><ent r="66" t="190" w="113" /><ent r="66" t="190" w="179" /><ent r="66" t="190" w="182" /><ent r="66" t="190" w="468" /><ent r="66" t="190" w="471" /><ent r="66" t="190" w="609" /><ent r="66" t="190" w="612" /><ent r="66" t="191" w="241" /><ent r="66" t="191" w="244" /><ent r="66" t="191" w="320" /><ent r="66" t="191" w="323" /><ent r="66" t="194" w="72" /><ent r="66" t="194" w="75" /><ent r="66" t="194" w="119" /><ent r="66" t="194" w="122" /><ent r="66" t="197" w="111" /><ent r="66" t="197" w="114" /><ent r="66" t="197" w="137" /><ent r="66" t="197" w="140" /><ent r="66" t="198" w="111" /><ent r="66" t="198" w="114" /><ent r="66" t="198" w="138" /><ent r="66" t="198" w="141" /><ent r="66" t="199" w="51" /><ent r="66" t="199" w="54" /><ent r="66" t="199" w="77" /><ent r="66" t="199" w="80" /><ent r="66" t="201" w="39" /><ent r="66" t="201" w="42" /><ent r="66" t="201" w="66" /><ent r="66" t="201" w="69" /><ent r="66" t="203" w="48" /><ent r="66" t="203" w="51" /><ent r="66" t="203" w="77" /><ent r="66" t="203" w="80" /><ent r="66" t="204" w="65" /><ent r="66" t="204" w="68" /><ent r="66" t="204" w="100" /><ent r="66" t="204" w="103" /><ent r="66" t="206" w="100" /><ent r="66" t="206" w="103" /><ent r="66" t="206" w="129" /><ent r="66" t="206" w="132" /><ent r="66" t="207" w="55" /><ent r="66" t="207" w="58" /><ent r="66" t="207" w="82" /><ent r="66" t="207" w="85" /><ent r="66" t="208" w="42" /><ent r="66" t="208" w="45" /><ent r="66" t="208" w="72" /><ent r="66" t="208" w="75" /><ent r="66" t="210" w="81" /><ent r="66" t="210" w="84" /><ent r="66" t="210" w="113" /><ent r="66" t="210" w="116" /><ent r="66" t="211" w="46" /><ent r="66" t="211" w="49" /><ent r="66" t="211" w="82" /><ent r="66" t="211" w="85" /><ent r="66" t="212" w="67" /><ent r="66" t="212" w="70" /><ent r="66" t="212" w="103" /><ent r="66" t="212" w="106" /><ent r="66" t="213" w="93" /><ent r="66" t="213" w="96" /><ent r="66" t="213" w="129" /><ent r="66" t="213" w="132" /><ent r="66" t="214" w="65" /><ent r="66" t="214" w="68" /><ent r="66" t="214" w="98" /><ent r="66" t="214" w="101" /><ent r="66" t="215" w="48" /><ent r="66" t="215" w="51" /><ent r="66" t="215" w="83" /><ent r="66" t="215" w="86" /><ent r="66" t="216" w="67" /><ent r="66" t="216" w="70" /><ent r="66" t="216" w="99" /><ent r="66" t="216" w="102" /><ent r="66" t="217" w="67" /><ent r="66" t="217" w="70" /><ent r="66" t="217" w="99" /><ent r="66" t="217" w="102" /><ent r="66" t="218" w="99" /><ent r="66" t="218" w="102" /><ent r="66" t="218" w="131" /><ent r="66" t="218" w="134" /><ent r="66" t="219" w="51" /><ent r="66" t="219" w="54" /><ent r="66" t="219" w="86" /><ent r="66" t="219" w="89" /><ent r="66" t="220" w="64" /><ent r="66" t="220" w="67" /><ent r="66" t="220" w="101" /><ent r="66" t="220" w="104" /><ent r="66" t="221" w="54" /><ent r="66" t="221" w="57" /><ent r="66" t="221" w="88" /><ent r="66" t="221" w="91" /><ent r="66" t="222" w="80" /><ent r="66" t="222" w="83" /><ent r="66" t="222" w="112" /><ent r="66" t="222" w="115" /><ent r="66" t="223" w="162" /><ent r="66" t="223" w="165" /><ent r="66" t="223" w="186" /><ent r="66" t="223" w="189" /><ent r="66" t="223" w="229" /><ent r="66" t="223" w="232" /><ent r="66" t="223" w="267" /><ent r="66" t="223" w="270" /><ent r="66" t="223" w="385" /><ent r="66" t="223" w="388" /><ent r="66" t="223" w="429" /><ent r="66" t="223" w="432" /><ent r="66" t="223" w="508" /><ent r="66" t="223" w="511" /><ent r="66" t="223" w="552" /><ent r="66" t="223" w="555" /><ent r="66" t="223" w="610" /><ent r="66" t="223" w="613" /><ent r="66" t="223" w="654" /><ent r="66" t="223" w="657" /><ent r="66" t="223" w="702" /><ent r="66" t="223" w="705" /><ent r="66" t="223" w="739" /><ent r="66" t="223" w="742" /><ent r="66" t="224" w="154" /><ent r="66" t="224" w="157" /><ent r="66" t="224" w="184" /><ent r="66" t="224" w="187" /><ent r="66" t="224" w="247" /><ent r="66" t="224" w="250" /><ent r="66" t="224" w="278" /><ent r="66" t="224" w="281" /><ent r="66" t="224" w="341" /><ent r="66" t="224" w="344" /><ent r="66" t="224" w="369" /><ent r="66" t="224" w="372" /><ent r="66" t="224" w="465" /><ent r="66" t="224" w="468" /><ent r="66" t="224" w="493" /><ent r="66" t="224" w="496" /><ent r="66" t="224" w="544" /><ent r="66" t="224" w="547" /><ent r="66" t="224" w="575" /><ent r="66" t="224" w="578" /><ent r="66" t="225" w="94" /><ent r="66" t="225" w="97" /><ent r="66" t="225" w="122" /><ent r="66" t="225" w="125" /><ent r="66" t="226" w="190" /><ent r="66" t="226" w="193" /><ent r="66" t="226" w="237" /><ent r="66" t="226" w="240" /><ent r="66" t="226" w="317" /><ent r="66" t="226" w="320" /><ent r="66" t="226" w="357" /><ent r="66" t="226" w="360" /><ent r="66" t="227" w="171" /><ent r="66" t="227" w="174" /><ent r="66" t="227" w="260" /><ent r="66" t="227" w="263" /><ent r="66" t="227" w="470" /><ent r="66" t="227" w="473" /><ent r="66" t="227" w="528" /><ent r="66" t="227" w="531" /><ent r="66" t="228" w="248" /><ent r="66" t="228" w="251" /><ent r="66" t="228" w="269" /><ent r="66" t="228" w="272" /><ent r="66" t="229" w="147" /><ent r="66" t="229" w="150" /><ent r="66" t="229" w="221" /><ent r="66" t="229" w="224" /><ent r="66" t="232" w="237" /><ent r="66" t="232" w="240" /><ent r="66" t="232" w="277" /><ent r="66" t="232" w="280" /><ent r="66" t="233" w="265" /><ent r="66" t="233" w="268" /><ent r="66" t="233" w="295" /><ent r="66" t="233" w="298" /><ent r="66" t="233" w="477" /><ent r="66" t="233" w="480" /><ent r="66" t="233" w="570" /><ent r="66" t="233" w="573" /><ent r="66" t="233" w="658" /><ent r="66" t="233" w="661" /><ent r="66" t="233" w="703" /><ent r="66" t="233" w="706" /><ent r="66" t="235" w="176" /><ent r="66" t="235" w="179" /><ent r="66" t="235" w="271" /><ent r="66" t="235" w="274" /><ent r="66" t="236" w="163" /><ent r="66" t="236" w="166" /><ent r="66" t="236" w="240" /><ent r="66" t="236" w="243" /><ent r="66" t="236" w="316" /><ent r="66" t="236" w="319" /><ent r="66" t="236" w="362" /><ent r="66" t="236" w="365" /><ent r="66" t="236" w="424" /><ent r="66" t="236" w="427" /><ent r="66" t="236" w="515" /><ent r="66" t="236" w="518" /><ent r="66" t="236" w="559" /><ent r="66" t="236" w="562" /><ent r="66" t="236" w="592" /><ent r="66" t="236" w="595" /><ent r="66" t="236" w="635" /><ent r="66" t="236" w="638" /><ent r="66" t="236" w="707" /><ent r="66" t="236" w="710" /><ent r="66" t="236" w="784" /><ent r="66" t="236" w="787" /><ent r="66" t="236" w="842" /><ent r="66" t="236" w="845" /><ent r="67" t="237" w="192" /><ent r="67" t="237" w="195" /><ent r="67" t="237" w="254" /><ent r="67" t="237" w="257" /><ent r="67" t="237" w="300" /><ent r="67" t="237" w="303" /><ent r="67" t="237" w="335" /><ent r="67" t="237" w="338" /><ent r="67" t="237" w="389" /><ent r="67" t="237" w="392" /><ent r="67" t="237" w="473" /><ent r="67" t="237" w="476" /><ent r="66" t="240" w="207" /><ent r="66" t="240" w="210" /><ent r="66" t="240" w="281" /><ent r="66" t="240" w="284" /><ent r="66" t="240" w="421" /><ent r="66" t="240" w="424" /><ent r="66" t="240" w="495" /><ent r="66" t="240" w="498" /><ent r="66" t="240" w="562" /><ent r="66" t="240" w="565" /><ent r="66" t="240" w="616" /><ent r="66" t="240" w="619" /><ent r="66" t="240" w="862" /><ent r="66" t="240" w="865" /><ent r="66" t="240" w="930" /><ent r="66" t="240" w="933" /><ent r="66" t="240" w="1078" /><ent r="66" t="240" w="1081" /><ent r="66" t="240" w="1190" /><ent r="66" t="240" w="1193" /><ent r="66" t="240" w="1270" /><ent r="66" t="240" w="1273" /><ent r="66" t="240" w="1404" /><ent r="66" t="240" w="1407" /><ent r="66" t="241" w="291" /><ent r="66" t="241" w="294" /><ent r="66" t="241" w="575" /><ent r="66" t="241" w="578" /><ent r="66" t="241" w="617" /><ent r="66" t="241" w="620" /><ent r="66" t="241" w="659" /><ent r="66" t="241" w="662" /><ent r="66" t="244" w="214" /><ent r="66" t="244" w="217" /><ent r="66" t="244" w="277" /><ent r="66" t="244" w="280" /><ent r="66" t="244" w="308" /><ent r="66" t="244" w="311" /><ent r="66" t="248" w="91" /><ent r="66" t="248" w="94" /><ent r="66" t="248" w="118" /><ent r="66" t="248" w="121" /><ent r="66" t="248" w="205" /><ent r="66" t="248" w="208" /><ent r="66" t="248" w="266" /><ent r="66" t="248" w="269" /><ent r="66" t="249" w="69" /><ent r="66" t="249" w="72" /><ent r="66" t="249" w="90" /><ent r="66" t="249" w="93" /><ent r="66" t="249" w="138" /><ent r="66" t="249" w="141" /><ent r="66" t="249" w="164" /><ent r="66" t="249" w="167" /><ent r="66" t="249" w="245" /><ent r="66" t="249" w="248" /><ent r="66" t="249" w="296" /><ent r="66" t="249" w="299" /><ent r="66" t="250" w="93" /><ent r="66" t="250" w="96" /><ent r="66" t="250" w="143" /><ent r="66" t="250" w="146" /><ent r="66" t="250" w="191" /><ent r="66" t="250" w="194" /><ent r="66" t="250" w="220" /><ent r="66" t="250" w="223" /><ent r="66" t="250" w="256" /><ent r="66" t="250" w="259" /><ent r="66" t="250" w="291" /><ent r="66" t="250" w="294" /><ent r="66" t="250" w="342" /><ent r="66" t="250" w="345" /><ent r="66" t="250" w="381" /><ent r="66" t="250" w="384" /><ent r="66" t="251" w="88" /><ent r="66" t="251" w="91" /><ent r="66" t="251" w="152" /><ent r="66" t="251" w="155" /><ent r="66" t="251" w="198" /><ent r="66" t="251" w="201" /><ent r="66" t="251" w="227" /><ent r="66" t="251" w="230" /><ent r="66" t="251" w="349" /><ent r="66" t="251" w="352" /><ent r="66" t="251" w="406" /><ent r="66" t="251" w="409" /><ent r="66" t="251" w="444" /><ent r="66" t="251" w="447" /><ent r="66" t="251" w="480" /><ent r="66" t="251" w="483" /><ent r="66" t="251" w="531" /><ent r="66" t="251" w="534" /><ent r="66" t="251" w="575" /><ent r="66" t="251" w="578" /><ent r="66" t="253" w="158" /><ent r="66" t="253" w="161" /><ent r="66" t="253" w="302" /><ent r="66" t="253" w="305" /><ent r="66" t="253" w="410" /><ent r="66" t="253" w="413" /><ent r="66" t="253" w="519" /><ent r="66" t="253" w="522" /><ent r="66" t="254" w="181" /><ent r="66" t="254" w="184" /><ent r="66" t="254" w="322" /><ent r="66" t="254" w="325" /><ent r="66" t="256" w="150" /><ent r="66" t="256" w="153" /><ent r="66" t="256" w="224" /><ent r="66" t="256" w="227" /><ent r="66" t="256" w="297" /><ent r="66" t="256" w="300" /><ent r="66" t="256" w="371" /><ent r="66" t="256" w="374" /><ent r="66" t="257" w="138" /><ent r="66" t="257" w="141" /><ent r="66" t="257" w="237" /><ent r="66" t="257" w="240" /><ent r="66" t="257" w="329" /><ent r="66" t="257" w="332" /><ent r="66" t="257" w="380" /><ent r="66" t="257" w="383" /><ent r="66" t="257" w="511" /><ent r="66" t="257" w="514" /><ent r="66" t="257" w="556" /><ent r="66" t="257" w="559" /><ent r="67" t="259" w="169" /><ent r="67" t="259" w="172" /><ent r="67" t="259" w="196" /><ent r="67" t="259" w="199" /><ent r="66" t="259" w="279" /><ent r="66" t="259" w="282" /><ent r="66" t="259" w="408" /><ent r="66" t="259" w="411" /><ent r="66" t="260" w="205" /><ent r="66" t="260" w="208" /><ent r="66" t="260" w="311" /><ent r="66" t="260" w="314" /><ent r="66" t="260" w="408" /><ent r="66" t="260" w="411" /><ent r="5" t="262" w="249" /><ent r="66" t="262" w="298" /><ent r="66" t="262" w="301" /><ent r="66" t="263" w="144" /><ent r="66" t="263" w="147" /><ent r="66" t="263" w="219" /><ent r="66" t="263" w="222" /><ent r="66" t="263" w="291" /><ent r="66" t="263" w="294" /><ent r="66" t="263" w="367" /><ent r="66" t="263" w="370" /><ent r="66" t="263" w="398" /><ent r="66" t="263" w="401" /><ent r="66" t="263" w="444" /><ent r="66" t="263" w="447" /><ent r="66" t="263" w="501" /><ent r="66" t="263" w="504" /><ent r="66" t="263" w="530" /><ent r="66" t="263" w="533" /><ent r="66" t="263" w="577" /><ent r="66" t="263" w="580" /><ent r="66" t="263" w="640" /><ent r="66" t="263" w="643" /><ent r="66" t="264" w="58" /><ent r="66" t="264" w="61" /><ent r="66" t="264" w="89" /><ent r="66" t="264" w="92" /><ent r="66" t="264" w="227" /><ent r="66" t="264" w="230" /><ent r="66" t="264" w="301" /><ent r="66" t="264" w="304" /><ent r="66" t="264" w="405" /><ent r="66" t="264" w="408" /><ent r="66" t="264" w="442" /><ent r="66" t="264" w="445" /><ent r="66" t="265" w="252" /><ent r="66" t="265" w="255" /><ent r="66" t="265" w="369" /><ent r="66" t="265" w="372" /><ent r="66" t="265" w="595" /><ent r="66" t="265" w="598" /><ent r="66" t="265" w="727" /><ent r="66" t="265" w="730" /><ent r="66" t="265" w="848" /><ent r="66" t="265" w="851" /><ent r="66" t="266" w="136" /><ent r="66" t="266" w="139" /><ent r="66" t="266" w="179" /><ent r="66" t="266" w="182" /><ent r="66" t="266" w="285" /><ent r="66" t="266" w="288" /><ent r="66" t="266" w="328" /><ent r="66" t="266" w="331" /><ent r="66" t="266" w="417" /><ent r="66" t="266" w="420" /><ent r="66" t="266" w="480" /><ent r="66" t="266" w="483" /><ent r="66" t="266" w="601" /><ent r="66" t="266" w="604" /><ent r="66" t="266" w="648" /><ent r="66" t="266" w="651" /><ent r="66" t="272" w="215" /><ent r="66" t="272" w="218" /><ent r="66" t="272" w="300" /><ent r="66" t="272" w="303" /><ent r="66" t="272" w="432" /><ent r="66" t="272" w="435" /><ent r="66" t="272" w="531" /><ent r="66" t="272" w="534" /><ent r="66" t="274" w="165" /><ent r="66" t="274" w="168" /><ent r="66" t="274" w="259" /><ent r="66" t="274" w="262" /><ent r="66" t="275" w="271" /><ent r="66" t="275" w="274" /><ent r="66" t="275" w="425" /><ent r="66" t="275" w="428" /><ent r="66" t="275" w="495" /><ent r="66" t="275" w="498" /><ent r="66" t="275" w="536" /><ent r="66" t="275" w="539" /><ent r="66" t="281" w="415" /><ent r="66" t="281" w="418" /><ent r="66" t="281" w="539" /><ent r="66" t="281" w="542" /><ent r="66" t="284" w="88" /><ent r="66" t="284" w="91" /><ent r="66" t="284" w="117" /><ent r="66" t="284" w="120" /><ent r="92" t="293" w="245" /><ent r="64" t="293" w="251" /><ent r="1000" t="295" w="4" /><ent r="100" t="295" w="7" /><ent r="102" t="295" w="12" /><ent r="66" t="297" w="504" /><ent r="66" t="297" w="507" /><ent r="66" t="297" w="597" /><ent r="66" t="297" w="600" /><ent r="66" t="297" w="731" /><ent r="66" t="297" w="734" /><ent r="66" t="298" w="383" /><ent r="66" t="298" w="386" /><ent r="66" t="298" w="504" /><ent r="66" t="298" w="507" /><ent r="66" t="302" w="187" /><ent r="66" t="302" w="190" /><ent r="66" t="302" w="291" /><ent r="66" t="302" w="294" /><ent r="100" t="304" w="9" /><ent r="100" t="304" w="10" /><ent r="100" t="309" w="6" /></phr><phr n="Codes"><ent r="92" t="92" w="528" /></phr><phr n="codes"><ent r="3" t="92" w="532" /></phr><phr n="Coding"><ent r="3" t="307" w="25" /></phr></stem></index>