﻿<?xml version="1.0" encoding="utf-8"?><index><stem n=".openfile(databasefile)"><phr n=".OpenFile(DatabaseFile)"><ent r="4" t="45" w="203" /><ent r="4" t="45" w="271" /><ent r="4" t="46" w="178" /><ent r="4" t="46" w="254" /><ent r="4" t="46" w="420" /><ent r="4" t="275" w="286" /><ent r="4" t="275" w="362" /><ent r="4" t="275" w="524" /></phr></stem><stem n=".store(car)"><phr n=".Store(car)"><ent r="4" t="45" w="256" /><ent r="4" t="45" w="471" /></phr></stem><stem n=".carname)"><phr n=".CarName)"><ent r="4" t="45" w="289" /></phr></stem><stem n=".driver.name)"><phr n=".Driver.Name)"><ent r="4" t="45" w="298" /></phr></stem><stem n="updatedepthpitfall.vb"><phr n="UpdateDepthPitfall.vb"><ent r="4" t="45" w="304" /><ent r="4" t="45" w="303" /><ent r="4" t="45" w="473" /><ent r="4" t="45" w="472" /><ent r="4" t="45" w="589" /><ent r="4" t="45" w="588" /><ent r="4" t="46" w="308" /><ent r="4" t="46" w="307" /><ent r="4" t="46" w="422" /><ent r="4" t="46" w="421" /><ent r="4" t="275" w="416" /><ent r="4" t="275" w="415" /><ent r="4" t="275" w="526" /><ent r="4" t="275" w="525" /></phr></stem><stem n="fine"><phr n="fine"><ent r="3" t="45" w="354" /><ent r="3" t="73" w="258" /><ent r="3" t="78" w="260" /><ent r="3" t="132" w="91" /><ent r="3" t="164" w="64" /><ent r="3" t="231" w="191" /><ent r="4" t="278" w="199" /></phr></stem><stem n=".store(car.driver);"><phr n=".Store(car.Driver);"><ent r="4" t="45" w="414" /></phr></stem><stem n="variat"><phr n="variation"><ent r="3" t="45" w="490" /></phr></stem><stem n="extend"><phr n="extended"><ent r="3" t="45" w="501" /><ent r="3" t="69" w="134" /><ent r="3" t="69" w="486" /><ent r="3" t="70" w="42" /><ent r="3" t="177" w="49" /><ent r="3" t="192" w="93" /><ent r="3" t="248" w="70" /></phr><phr n="extend"><ent r="3" t="177" w="71" /><ent r="3" t="303" w="224" /></phr><phr n="extends"><ent r="6" t="300" w="385" /><ent r="6" t="300" w="389" /><ent r="6" t="300" w="410" /><ent r="6" t="300" w="414" /><ent r="6" t="300" w="427" /><ent r="3" t="303" w="105" /></phr></stem><stem n=".ext().store(car,"><phr n=".Ext().Store(car,"><ent r="4" t="45" w="543" /></phr></stem><stem n="rid"><phr n="rid"><ent r="3" t="45" w="651" /><ent r="3" t="106" w="18" /><ent r="3" t="141" w="111" /><ent r="3" t="285" w="271" /></phr></stem><stem n="troubl"><phr n="troubles"><ent r="3" t="45" w="657" /></phr><phr n="trouble"><ent r="3" t="55" w="33" /><ent r="3" t="164" w="54" /><ent r="4" t="255" w="162" /><ent r="3" t="282" w="225" /></phr></stem><stem n="track"><phr n="tracks"><ent r="3" t="45" w="666" /></phr><phr n="track"><ent r="3" t="47" w="56" /><ent r="3" t="69" w="30" /><ent r="3" t="88" w="22" /><ent r="3" t="171" w="21" /></phr><phr n="Tracking"><ent r="64" t="77" w="146" /><ent r="1000" t="89" w="1" /><ent r="102" t="89" w="5" /></phr><phr n="tracking"><ent r="3" t="140" w="40" /><ent r="64" t="293" w="188" /><ent r="64" t="294" w="49" /><ent r="64" t="307" w="115" /></phr></stem><stem n="perspect"><phr n="perspective"><ent r="3" t="46" w="10" /></phr></stem><stem n="ordinari"><phr n="ordinary"><ent r="3" t="46" w="14" /><ent r="3" t="109" w="223" /><ent r="3" t="231" w="15" /></phr></stem><stem n="jodie.add"><phr n="jodie.Add"><ent r="4" t="46" w="58" /><ent r="4" t="46" w="57" /><ent r="4" t="46" w="189" /><ent r="4" t="46" w="188" /><ent r="4" t="275" w="166" /><ent r="4" t="275" w="165" /><ent r="4" t="275" w="297" /><ent r="4" t="275" w="296" /></phr></stem><stem n=".add("><phr n=".Add("><ent r="4" t="46" w="59" /><ent r="4" t="46" w="190" /><ent r="4" t="54" w="145" /><ent r="4" t="109" w="138" /><ent r="4" t="109" w="191" /><ent r="4" t="275" w="167" /><ent r="4" t="275" w="298" /></phr></stem><stem n="jami"><phr n="Jamie"><ent r="5" t="46" w="64" /><ent r="5" t="46" w="195" /><ent r="5" t="275" w="172" /><ent r="5" t="275" w="303" /></phr></stem><stem n="&quot;jamie&quot;"><phr n="&quot;Jamie&quot;"><ent r="5" t="46" w="65" /><ent r="5" t="46" w="196" /><ent r="5" t="275" w="173" /><ent r="5" t="275" w="304" /></phr></stem><stem n="person-object"><phr n="person-object"><ent r="5" t="46" w="91" /><ent r="5" t="46" w="222" /><ent r="5" t="109" w="337" /><ent r="5" t="109" w="363" /><ent r="5" t="109" w="447" /><ent r="3" t="275" w="110" /><ent r="5" t="275" w="199" /><ent r="5" t="275" w="330" /></phr></stem><stem n="friend-list"><phr n="friend-list"><ent r="5" t="46" w="102" /><ent r="5" t="46" w="233" /><ent r="3" t="275" w="150" /><ent r="5" t="275" w="210" /><ent r="5" t="275" w="341" /></phr></stem><stem n="-list."><phr n="-list."><ent r="5" t="46" w="104" /><ent r="5" t="46" w="104" /><ent r="5" t="46" w="235" /><ent r="5" t="46" w="235" /><ent r="5" t="275" w="212" /><ent r="5" t="275" w="212" /><ent r="5" t="275" w="343" /><ent r="5" t="275" w="343" /></phr></stem><stem n=".store(jodie);"><phr n=".Store(jodie);"><ent r="4" t="46" w="108" /><ent r="4" t="275" w="216" /></phr></stem><stem n="jodie.friend"><phr n="jodie.Friends"><ent r="4" t="46" w="129" /><ent r="4" t="46" w="128" /><ent r="4" t="46" w="278" /><ent r="4" t="46" w="277" /><ent r="4" t="275" w="237" /><ent r="4" t="275" w="236" /><ent r="4" t="275" w="386" /><ent r="4" t="275" w="385" /></phr></stem><stem n=".friends)"><phr n=".Friends)"><ent r="4" t="46" w="130" /><ent r="4" t="275" w="238" /></phr></stem><stem n="gone"><phr n="gone"><ent r="5" t="46" w="135" /><ent r="5" t="46" w="284" /><ent r="5" t="57" w="187" /><ent r="5" t="57" w="224" /><ent r="5" t="275" w="243" /><ent r="5" t="275" w="392" /></phr></stem><stem n="&quot;friend=&quot;"><phr n="&quot;Friend=&quot;"><ent r="5" t="46" w="148" /><ent r="5" t="46" w="297" /><ent r="5" t="275" w="256" /><ent r="5" t="275" w="405" /></phr></stem><stem n="person.nam"><phr n="person.Name"><ent r="4" t="46" w="151" /><ent r="4" t="46" w="150" /><ent r="4" t="46" w="299" /><ent r="4" t="46" w="298" /><ent r="4" t="74" w="482" /><ent r="4" t="74" w="481" /><ent r="4" t="74" w="542" /><ent r="4" t="74" w="541" /><ent r="4" t="74" w="833" /><ent r="4" t="74" w="832" /><ent r="4" t="74" w="902" /><ent r="4" t="74" w="901" /><ent r="4" t="75" w="92" /><ent r="4" t="75" w="91" /><ent r="4" t="75" w="158" /><ent r="4" t="75" w="157" /><ent r="4" t="75" w="725" /><ent r="4" t="75" w="724" /><ent r="4" t="75" w="796" /><ent r="4" t="75" w="795" /><ent r="4" t="76" w="413" /><ent r="4" t="76" w="412" /><ent r="4" t="76" w="480" /><ent r="4" t="76" w="479" /><ent r="4" t="275" w="259" /><ent r="4" t="275" w="258" /><ent r="4" t="275" w="407" /><ent r="4" t="275" w="406" /></phr></stem><stem n=".name);"><phr n=".Name);"><ent r="4" t="46" w="152" /><ent r="4" t="275" w="260" /></phr></stem><stem n=".store(jodie)"><phr n=".Store(jodie)"><ent r="4" t="46" w="239" /><ent r="4" t="275" w="347" /></phr></stem><stem n=".friend"><phr n=".Friends"><ent r="4" t="46" w="278" /><ent r="4" t="275" w="386" /></phr></stem><stem n=".name)"><phr n=".Name)"><ent r="4" t="46" w="300" /><ent r="4" t="275" w="408" /></phr></stem><stem n="parent"><phr n="parent"><ent r="3" t="46" w="350" /><ent r="3" t="66" w="109" /><ent r="3" t="292" w="34" /></phr></stem><stem n="iembeddedconfigur"><phr n="IEmbeddedConfiguration"><ent r="4" t="46" w="363" /><ent r="4" t="46" w="402" /><ent r="4" t="49" w="71" /><ent r="4" t="49" w="107" /><ent r="4" t="49" w="177" /><ent r="4" t="49" w="217" /><ent r="4" t="50" w="621" /><ent r="4" t="50" w="657" /><ent r="4" t="50" w="893" /><ent r="4" t="50" w="933" /><ent r="4" t="54" w="138" /><ent r="4" t="54" w="172" /><ent r="4" t="57" w="65" /><ent r="4" t="57" w="114" /><ent r="4" t="59" w="172" /><ent r="4" t="59" w="211" /><ent r="4" t="69" w="385" /><ent r="4" t="69" w="414" /><ent r="4" t="81" w="84" /><ent r="4" t="81" w="144" /><ent r="4" t="106" w="143" /><ent r="4" t="106" w="173" /><ent r="4" t="112" w="57" /><ent r="4" t="112" w="90" /><ent r="4" t="112" w="1382" /><ent r="4" t="112" w="1418" /><ent r="4" t="114" w="722" /><ent r="4" t="114" w="770" /><ent r="4" t="116" w="152" /><ent r="4" t="116" w="190" /><ent r="4" t="117" w="702" /><ent r="4" t="117" w="740" /><ent r="4" t="129" w="113" /><ent r="4" t="129" w="143" /><ent r="4" t="140" w="50" /><ent r="4" t="140" w="82" /><ent r="4" t="141" w="385" /><ent r="4" t="141" w="425" /><ent r="4" t="142" w="125" /><ent r="4" t="142" w="163" /><ent r="4" t="145" w="52" /><ent r="4" t="145" w="79" /><ent r="4" t="145" w="176" /><ent r="4" t="145" w="209" /><ent r="4" t="146" w="84" /><ent r="4" t="146" w="112" /><ent r="4" t="146" w="209" /><ent r="4" t="146" w="242" /><ent r="4" t="148" w="69" /><ent r="4" t="148" w="118" /><ent r="4" t="149" w="78" /><ent r="4" t="149" w="107" /><ent r="4" t="150" w="183" /><ent r="4" t="150" w="212" /><ent r="4" t="151" w="86" /><ent r="4" t="151" w="114" /><ent r="4" t="152" w="89" /><ent r="4" t="152" w="117" /><ent r="4" t="152" w="161" /><ent r="4" t="152" w="194" /><ent r="4" t="153" w="110" /><ent r="4" t="153" w="139" /><ent r="4" t="154" w="23" /><ent r="4" t="154" w="55" /><ent r="4" t="155" w="49" /><ent r="4" t="155" w="81" /><ent r="4" t="156" w="29" /><ent r="4" t="156" w="57" /><ent r="4" t="157" w="42" /><ent r="4" t="157" w="75" /><ent r="4" t="158" w="53" /><ent r="4" t="158" w="81" /><ent r="4" t="159" w="51" /><ent r="4" t="159" w="79" /><ent r="4" t="160" w="26" /><ent r="4" t="160" w="60" /><ent r="4" t="161" w="60" /><ent r="4" t="161" w="92" /><ent r="4" t="163" w="37" /><ent r="4" t="163" w="66" /><ent r="4" t="164" w="131" /><ent r="4" t="164" w="161" /><ent r="4" t="168" w="103" /><ent r="4" t="168" w="133" /><ent r="4" t="169" w="149" /><ent r="4" t="169" w="178" /><ent r="4" t="170" w="69" /><ent r="4" t="170" w="100" /><ent r="4" t="171" w="44" /><ent r="4" t="171" w="74" /><ent r="4" t="172" w="61" /><ent r="4" t="172" w="90" /><ent r="4" t="174" w="90" /><ent r="4" t="174" w="123" /><ent r="4" t="175" w="52" /><ent r="4" t="175" w="82" /><ent r="4" t="176" w="125" /><ent r="4" t="176" w="155" /><ent r="4" t="177" w="108" /><ent r="4" t="177" w="136" /><ent r="4" t="178" w="147" /><ent r="4" t="178" w="173" /><ent r="4" t="179" w="139" /><ent r="4" t="179" w="173" /><ent r="4" t="179" w="273" /><ent r="4" t="179" w="302" /><ent r="4" t="179" w="393" /><ent r="4" t="179" w="420" /><ent r="4" t="179" w="517" /><ent r="4" t="179" w="549" /><ent r="4" t="180" w="64" /><ent r="4" t="180" w="93" /><ent r="4" t="180" w="131" /><ent r="4" t="180" w="173" /><ent r="4" t="181" w="40" /><ent r="4" t="181" w="70" /><ent r="4" t="182" w="68" /><ent r="4" t="182" w="99" /><ent r="4" t="183" w="45" /><ent r="4" t="183" w="75" /><ent r="4" t="184" w="82" /><ent r="4" t="184" w="116" /><ent r="4" t="185" w="127" /><ent r="4" t="185" w="155" /><ent r="4" t="187" w="29" /><ent r="4" t="187" w="75" /><ent r="4" t="187" w="160" /><ent r="4" t="187" w="212" /><ent r="4" t="188" w="41" /><ent r="4" t="188" w="85" /><ent r="4" t="188" w="284" /><ent r="4" t="188" w="327" /><ent r="4" t="190" w="67" /><ent r="4" t="190" w="121" /><ent r="4" t="191" w="189" /><ent r="4" t="191" w="252" /><ent r="4" t="194" w="41" /><ent r="4" t="194" w="83" /><ent r="4" t="210" w="59" /><ent r="4" t="210" w="92" /><ent r="4" t="211" w="20" /><ent r="4" t="211" w="57" /><ent r="4" t="212" w="41" /><ent r="4" t="212" w="78" /><ent r="4" t="213" w="67" /><ent r="4" t="213" w="104" /><ent r="4" t="214" w="42" /><ent r="4" t="214" w="76" /><ent r="4" t="215" w="23" /><ent r="4" t="215" w="59" /><ent r="4" t="216" w="45" /><ent r="4" t="216" w="78" /><ent r="4" t="217" w="45" /><ent r="4" t="217" w="78" /><ent r="4" t="218" w="77" /><ent r="4" t="218" w="110" /><ent r="4" t="219" w="26" /><ent r="4" t="219" w="62" /><ent r="4" t="220" w="37" /><ent r="4" t="220" w="75" /><ent r="4" t="221" w="30" /><ent r="4" t="221" w="65" /><ent r="4" t="222" w="58" /><ent r="4" t="222" w="91" /><ent r="4" t="223" w="201" /><ent r="4" t="223" w="240" /><ent r="4" t="223" w="351" /><ent r="4" t="223" w="396" /><ent r="4" t="223" w="474" /><ent r="4" t="223" w="519" /><ent r="4" t="223" w="576" /><ent r="4" t="223" w="621" /><ent r="4" t="223" w="675" /><ent r="4" t="223" w="713" /><ent r="4" t="224" w="134" /><ent r="4" t="224" w="165" /><ent r="4" t="224" w="226" /><ent r="4" t="224" w="258" /><ent r="4" t="224" w="323" /><ent r="4" t="224" w="352" /><ent r="4" t="224" w="447" /><ent r="4" t="224" w="476" /><ent r="4" t="224" w="523" /><ent r="4" t="224" w="555" /><ent r="4" t="264" w="377" /><ent r="4" t="264" w="416" /><ent r="4" t="266" w="109" /><ent r="4" t="266" w="147" /><ent r="4" t="266" w="568" /><ent r="4" t="266" w="612" /><ent r="4" t="275" w="467" /><ent r="4" t="275" w="506" /><ent r="5" t="277" w="163" /><ent r="5" t="277" w="215" /><ent r="4" t="284" w="69" /><ent r="4" t="284" w="99" /></phr></stem><stem n="config"><phr n="config"><ent r="4" t="46" w="364" /><ent r="4" t="46" w="367" /><ent r="4" t="46" w="398" /><ent r="4" t="46" w="405" /><ent r="4" t="57" w="66" /><ent r="4" t="57" w="69" /><ent r="4" t="57" w="91" /><ent r="4" t="57" w="110" /><ent r="4" t="57" w="117" /><ent r="4" t="57" w="142" /><ent r="4" t="78" w="199" /><ent r="4" t="78" w="210" /><ent r="4" t="78" w="226" /><ent r="4" t="78" w="239" /><ent r="4" t="80" w="34" /><ent r="4" t="80" w="45" /><ent r="4" t="80" w="61" /><ent r="4" t="80" w="74" /><ent r="4" t="80" w="132" /><ent r="4" t="80" w="148" /><ent r="4" t="80" w="167" /><ent r="4" t="80" w="185" /><ent r="4" t="81" w="58" /><ent r="4" t="81" w="88" /><ent r="4" t="81" w="93" /><ent r="4" t="81" w="110" /><ent r="4" t="81" w="147" /><ent r="4" t="81" w="152" /><ent r="4" t="82" w="67" /><ent r="4" t="82" w="76" /><ent r="4" t="82" w="81" /><ent r="4" t="82" w="98" /><ent r="4" t="82" w="109" /><ent r="4" t="82" w="114" /><ent r="4" t="83" w="83" /><ent r="4" t="83" w="92" /><ent r="4" t="83" w="100" /><ent r="4" t="83" w="116" /><ent r="4" t="83" w="127" /><ent r="4" t="83" w="135" /><ent r="4" t="84" w="47" /><ent r="4" t="84" w="56" /><ent r="4" t="84" w="63" /><ent r="4" t="84" w="83" /><ent r="4" t="84" w="94" /><ent r="4" t="84" w="101" /><ent r="4" t="85" w="39" /><ent r="4" t="85" w="48" /><ent r="4" t="85" w="57" /><ent r="4" t="85" w="73" /><ent r="4" t="85" w="84" /><ent r="4" t="85" w="93" /><ent r="4" t="86" w="35" /><ent r="4" t="86" w="44" /><ent r="4" t="86" w="51" /><ent r="4" t="86" w="68" /><ent r="4" t="86" w="79" /><ent r="4" t="86" w="88" /><ent r="4" t="87" w="80" /><ent r="4" t="87" w="89" /><ent r="4" t="87" w="97" /><ent r="4" t="87" w="117" /><ent r="4" t="87" w="128" /><ent r="4" t="87" w="136" /><ent r="4" t="88" w="88" /><ent r="4" t="88" w="105" /><ent r="4" t="88" w="135" /><ent r="4" t="88" w="154" /><ent r="4" t="89" w="145" /><ent r="4" t="89" w="156" /><ent r="4" t="89" w="177" /><ent r="4" t="89" w="190" /><ent r="4" t="193" w="110" /><ent r="4" t="193" w="115" /><ent r="4" t="193" w="117" /><ent r="4" t="193" w="350" /><ent r="4" t="193" w="361" /><ent r="4" t="193" w="363" /><ent r="5" t="193" w="588" /><ent r="5" t="193" w="597" /><ent r="3" t="257" w="65" /><ent r="4" t="257" w="130" /><ent r="4" t="257" w="229" /><ent r="5" t="259" w="149" /><ent r="5" t="259" w="152" /><ent r="5" t="259" w="176" /><ent r="5" t="259" w="179" /><ent r="4" t="265" w="704" /><ent r="4" t="265" w="705" /><ent r="4" t="265" w="711" /><ent r="4" t="275" w="468" /><ent r="4" t="275" w="471" /><ent r="4" t="275" w="502" /><ent r="4" t="275" w="509" /><ent r="5" t="298" w="472" /><ent r="4" t="299" w="130" /><ent r="6" t="299" w="441" /><ent r="6" t="299" w="462" /><ent r="3" t="306" w="465" /><ent r="3" t="306" w="501" /></phr></stem><stem n="db4oembedded.newconfigur"><phr n="Db4oEmbedded.NewConfiguration"><ent r="4" t="46" w="366" /><ent r="4" t="46" w="365" /><ent r="4" t="46" w="404" /><ent r="4" t="46" w="403" /><ent r="4" t="49" w="74" /><ent r="4" t="49" w="73" /><ent r="4" t="49" w="109" /><ent r="4" t="49" w="108" /><ent r="4" t="49" w="180" /><ent r="4" t="49" w="179" /><ent r="4" t="49" w="219" /><ent r="4" t="49" w="218" /><ent r="4" t="50" w="624" /><ent r="4" t="50" w="623" /><ent r="4" t="50" w="659" /><ent r="4" t="50" w="658" /><ent r="4" t="50" w="896" /><ent r="4" t="50" w="895" /><ent r="4" t="50" w="935" /><ent r="4" t="50" w="934" /><ent r="4" t="54" w="141" /><ent r="4" t="54" w="140" /><ent r="4" t="54" w="174" /><ent r="4" t="54" w="173" /><ent r="4" t="57" w="68" /><ent r="4" t="57" w="67" /><ent r="4" t="57" w="116" /><ent r="4" t="57" w="115" /><ent r="4" t="59" w="175" /><ent r="4" t="59" w="174" /><ent r="4" t="59" w="213" /><ent r="4" t="59" w="212" /><ent r="4" t="69" w="388" /><ent r="4" t="69" w="387" /><ent r="4" t="69" w="416" /><ent r="4" t="69" w="415" /><ent r="4" t="81" w="87" /><ent r="4" t="81" w="86" /><ent r="4" t="81" w="146" /><ent r="4" t="81" w="145" /><ent r="4" t="106" w="146" /><ent r="4" t="106" w="145" /><ent r="4" t="106" w="175" /><ent r="4" t="106" w="174" /><ent r="4" t="112" w="60" /><ent r="4" t="112" w="59" /><ent r="4" t="112" w="92" /><ent r="4" t="112" w="91" /><ent r="4" t="112" w="1385" /><ent r="4" t="112" w="1384" /><ent r="4" t="112" w="1420" /><ent r="4" t="112" w="1419" /><ent r="4" t="114" w="725" /><ent r="4" t="114" w="724" /><ent r="4" t="114" w="772" /><ent r="4" t="114" w="771" /><ent r="4" t="116" w="155" /><ent r="4" t="116" w="154" /><ent r="4" t="116" w="192" /><ent r="4" t="116" w="191" /><ent r="4" t="117" w="705" /><ent r="4" t="117" w="704" /><ent r="4" t="117" w="742" /><ent r="4" t="117" w="741" /><ent r="4" t="129" w="116" /><ent r="4" t="129" w="115" /><ent r="4" t="129" w="145" /><ent r="4" t="129" w="144" /><ent r="4" t="140" w="53" /><ent r="4" t="140" w="52" /><ent r="4" t="140" w="84" /><ent r="4" t="140" w="83" /><ent r="4" t="141" w="388" /><ent r="4" t="141" w="387" /><ent r="4" t="141" w="427" /><ent r="4" t="141" w="426" /><ent r="4" t="142" w="128" /><ent r="4" t="142" w="127" /><ent r="4" t="142" w="165" /><ent r="4" t="142" w="164" /><ent r="4" t="145" w="55" /><ent r="4" t="145" w="54" /><ent r="4" t="145" w="81" /><ent r="4" t="145" w="80" /><ent r="4" t="145" w="179" /><ent r="4" t="145" w="178" /><ent r="4" t="145" w="211" /><ent r="4" t="145" w="210" /><ent r="4" t="146" w="87" /><ent r="4" t="146" w="86" /><ent r="4" t="146" w="114" /><ent r="4" t="146" w="113" /><ent r="4" t="146" w="212" /><ent r="4" t="146" w="211" /><ent r="4" t="146" w="244" /><ent r="4" t="146" w="243" /><ent r="4" t="148" w="72" /><ent r="4" t="148" w="71" /><ent r="4" t="148" w="120" /><ent r="4" t="148" w="119" /><ent r="4" t="149" w="81" /><ent r="4" t="149" w="80" /><ent r="4" t="149" w="109" /><ent r="4" t="149" w="108" /><ent r="4" t="150" w="186" /><ent r="4" t="150" w="185" /><ent r="4" t="150" w="214" /><ent r="4" t="150" w="213" /><ent r="4" t="151" w="89" /><ent r="4" t="151" w="88" /><ent r="4" t="151" w="116" /><ent r="4" t="151" w="115" /><ent r="4" t="152" w="92" /><ent r="4" t="152" w="91" /><ent r="4" t="152" w="119" /><ent r="4" t="152" w="118" /><ent r="4" t="152" w="164" /><ent r="4" t="152" w="163" /><ent r="4" t="152" w="196" /><ent r="4" t="152" w="195" /><ent r="4" t="153" w="113" /><ent r="4" t="153" w="112" /><ent r="4" t="153" w="141" /><ent r="4" t="153" w="140" /><ent r="4" t="154" w="26" /><ent r="4" t="154" w="25" /><ent r="4" t="154" w="57" /><ent r="4" t="154" w="56" /><ent r="4" t="155" w="52" /><ent r="4" t="155" w="51" /><ent r="4" t="155" w="83" /><ent r="4" t="155" w="82" /><ent r="4" t="156" w="32" /><ent r="4" t="156" w="31" /><ent r="4" t="156" w="59" /><ent r="4" t="156" w="58" /><ent r="4" t="157" w="45" /><ent r="4" t="157" w="44" /><ent r="4" t="157" w="77" /><ent r="4" t="157" w="76" /><ent r="4" t="158" w="56" /><ent r="4" t="158" w="55" /><ent r="4" t="158" w="83" /><ent r="4" t="158" w="82" /><ent r="4" t="159" w="54" /><ent r="4" t="159" w="53" /><ent r="4" t="159" w="81" /><ent r="4" t="159" w="80" /><ent r="4" t="160" w="29" /><ent r="4" t="160" w="28" /><ent r="4" t="160" w="62" /><ent r="4" t="160" w="61" /><ent r="4" t="161" w="63" /><ent r="4" t="161" w="62" /><ent r="4" t="161" w="94" /><ent r="4" t="161" w="93" /><ent r="4" t="163" w="40" /><ent r="4" t="163" w="39" /><ent r="4" t="163" w="68" /><ent r="4" t="163" w="67" /><ent r="4" t="164" w="134" /><ent r="4" t="164" w="133" /><ent r="4" t="164" w="163" /><ent r="4" t="164" w="162" /><ent r="4" t="168" w="106" /><ent r="4" t="168" w="105" /><ent r="4" t="168" w="135" /><ent r="4" t="168" w="134" /><ent r="4" t="169" w="152" /><ent r="4" t="169" w="151" /><ent r="4" t="169" w="180" /><ent r="4" t="169" w="179" /><ent r="4" t="170" w="72" /><ent r="4" t="170" w="71" /><ent r="4" t="170" w="102" /><ent r="4" t="170" w="101" /><ent r="4" t="171" w="47" /><ent r="4" t="171" w="46" /><ent r="4" t="171" w="76" /><ent r="4" t="171" w="75" /><ent r="4" t="172" w="64" /><ent r="4" t="172" w="63" /><ent r="4" t="172" w="92" /><ent r="4" t="172" w="91" /><ent r="4" t="174" w="93" /><ent r="4" t="174" w="92" /><ent r="4" t="174" w="125" /><ent r="4" t="174" w="124" /><ent r="4" t="175" w="55" /><ent r="4" t="175" w="54" /><ent r="4" t="175" w="84" /><ent r="4" t="175" w="83" /><ent r="4" t="176" w="128" /><ent r="4" t="176" w="127" /><ent r="4" t="176" w="157" /><ent r="4" t="176" w="156" /><ent r="4" t="177" w="111" /><ent r="4" t="177" w="110" /><ent r="4" t="177" w="138" /><ent r="4" t="177" w="137" /><ent r="4" t="178" w="150" /><ent r="4" t="178" w="149" /><ent r="4" t="178" w="175" /><ent r="4" t="178" w="174" /><ent r="4" t="179" w="142" /><ent r="4" t="179" w="141" /><ent r="4" t="179" w="175" /><ent r="4" t="179" w="174" /><ent r="4" t="179" w="276" /><ent r="4" t="179" w="275" /><ent r="4" t="179" w="304" /><ent r="4" t="179" w="303" /><ent r="4" t="179" w="396" /><ent r="4" t="179" w="395" /><ent r="4" t="179" w="422" /><ent r="4" t="179" w="421" /><ent r="4" t="179" w="520" /><ent r="4" t="179" w="519" /><ent r="4" t="179" w="551" /><ent r="4" t="179" w="550" /><ent r="4" t="180" w="67" /><ent r="4" t="180" w="66" /><ent r="4" t="180" w="95" /><ent r="4" t="180" w="94" /><ent r="4" t="180" w="134" /><ent r="4" t="180" w="133" /><ent r="4" t="180" w="175" /><ent r="4" t="180" w="174" /><ent r="4" t="181" w="43" /><ent r="4" t="181" w="42" /><ent r="4" t="181" w="72" /><ent r="4" t="181" w="71" /><ent r="4" t="182" w="71" /><ent r="4" t="182" w="70" /><ent r="4" t="182" w="101" /><ent r="4" t="182" w="100" /><ent r="4" t="183" w="48" /><ent r="4" t="183" w="47" /><ent r="4" t="183" w="77" /><ent r="4" t="183" w="76" /><ent r="4" t="184" w="85" /><ent r="4" t="184" w="84" /><ent r="4" t="184" w="118" /><ent r="4" t="184" w="117" /><ent r="4" t="185" w="130" /><ent r="4" t="185" w="129" /><ent r="4" t="185" w="157" /><ent r="4" t="185" w="156" /><ent r="4" t="187" w="32" /><ent r="4" t="187" w="31" /><ent r="4" t="187" w="77" /><ent r="4" t="187" w="76" /><ent r="4" t="187" w="163" /><ent r="4" t="187" w="162" /><ent r="4" t="187" w="214" /><ent r="4" t="187" w="213" /><ent r="4" t="188" w="44" /><ent r="4" t="188" w="43" /><ent r="4" t="188" w="87" /><ent r="4" t="188" w="86" /><ent r="4" t="188" w="287" /><ent r="4" t="188" w="286" /><ent r="4" t="188" w="329" /><ent r="4" t="188" w="328" /><ent r="4" t="190" w="70" /><ent r="4" t="190" w="69" /><ent r="4" t="190" w="123" /><ent r="4" t="190" w="122" /><ent r="4" t="191" w="192" /><ent r="4" t="191" w="191" /><ent r="4" t="191" w="254" /><ent r="4" t="191" w="253" /><ent r="4" t="194" w="44" /><ent r="4" t="194" w="43" /><ent r="4" t="194" w="85" /><ent r="4" t="194" w="84" /><ent r="4" t="210" w="62" /><ent r="4" t="210" w="61" /><ent r="4" t="210" w="94" /><ent r="4" t="210" w="93" /><ent r="4" t="211" w="23" /><ent r="4" t="211" w="22" /><ent r="4" t="211" w="59" /><ent r="4" t="211" w="58" /><ent r="4" t="212" w="44" /><ent r="4" t="212" w="43" /><ent r="4" t="212" w="80" /><ent r="4" t="212" w="79" /><ent r="4" t="213" w="70" /><ent r="4" t="213" w="69" /><ent r="4" t="213" w="106" /><ent r="4" t="213" w="105" /><ent r="4" t="214" w="45" /><ent r="4" t="214" w="44" /><ent r="4" t="214" w="78" /><ent r="4" t="214" w="77" /><ent r="4" t="215" w="26" /><ent r="4" t="215" w="25" /><ent r="4" t="215" w="61" /><ent r="4" t="215" w="60" /><ent r="4" t="216" w="48" /><ent r="4" t="216" w="47" /><ent r="4" t="216" w="80" /><ent r="4" t="216" w="79" /><ent r="4" t="217" w="48" /><ent r="4" t="217" w="47" /><ent r="4" t="217" w="80" /><ent r="4" t="217" w="79" /><ent r="4" t="218" w="80" /><ent r="4" t="218" w="79" /><ent r="4" t="218" w="112" /><ent r="4" t="218" w="111" /><ent r="4" t="219" w="29" /><ent r="4" t="219" w="28" /><ent r="4" t="219" w="64" /><ent r="4" t="219" w="63" /><ent r="4" t="220" w="40" /><ent r="4" t="220" w="39" /><ent r="4" t="220" w="77" /><ent r="4" t="220" w="76" /><ent r="4" t="221" w="33" /><ent r="4" t="221" w="32" /><ent r="4" t="221" w="67" /><ent r="4" t="221" w="66" /><ent r="4" t="222" w="61" /><ent r="4" t="222" w="60" /><ent r="4" t="222" w="93" /><ent r="4" t="222" w="92" /><ent r="4" t="223" w="204" /><ent r="4" t="223" w="203" /><ent r="4" t="223" w="242" /><ent r="4" t="223" w="241" /><ent r="4" t="223" w="354" /><ent r="4" t="223" w="353" /><ent r="4" t="223" w="398" /><ent r="4" t="223" w="397" /><ent r="4" t="223" w="477" /><ent r="4" t="223" w="476" /><ent r="4" t="223" w="521" /><ent r="4" t="223" w="520" /><ent r="4" t="223" w="579" /><ent r="4" t="223" w="578" /><ent r="4" t="223" w="623" /><ent r="4" t="223" w="622" /><ent r="4" t="223" w="678" /><ent r="4" t="223" w="677" /><ent r="4" t="223" w="715" /><ent r="4" t="223" w="714" /><ent r="4" t="224" w="137" /><ent r="4" t="224" w="136" /><ent r="4" t="224" w="167" /><ent r="4" t="224" w="166" /><ent r="4" t="224" w="229" /><ent r="4" t="224" w="228" /><ent r="4" t="224" w="260" /><ent r="4" t="224" w="259" /><ent r="4" t="224" w="326" /><ent r="4" t="224" w="325" /><ent r="4" t="224" w="354" /><ent r="4" t="224" w="353" /><ent r="4" t="224" w="450" /><ent r="4" t="224" w="449" /><ent r="4" t="224" w="478" /><ent r="4" t="224" w="477" /><ent r="4" t="224" w="526" /><ent r="4" t="224" w="525" /><ent r="4" t="224" w="557" /><ent r="4" t="224" w="556" /><ent r="5" t="259" w="151" /><ent r="5" t="259" w="150" /><ent r="5" t="259" w="178" /><ent r="5" t="259" w="177" /><ent r="4" t="264" w="380" /><ent r="4" t="264" w="379" /><ent r="4" t="264" w="418" /><ent r="4" t="264" w="417" /><ent r="4" t="266" w="112" /><ent r="4" t="266" w="111" /><ent r="4" t="266" w="149" /><ent r="4" t="266" w="148" /><ent r="4" t="266" w="571" /><ent r="4" t="266" w="570" /><ent r="4" t="266" w="614" /><ent r="4" t="266" w="613" /><ent r="4" t="275" w="470" /><ent r="4" t="275" w="469" /><ent r="4" t="275" w="508" /><ent r="4" t="275" w="507" /><ent r="5" t="277" w="166" /><ent r="5" t="277" w="165" /><ent r="5" t="277" w="217" /><ent r="5" t="277" w="216" /><ent r="4" t="284" w="72" /><ent r="4" t="284" w="71" /><ent r="4" t="284" w="101" /><ent r="4" t="284" w="100" /></phr></stem></index>