﻿<?xml version="1.0" encoding="utf-8"?><index><stem n="predict"><phr n="predictable"><ent r="3" t="1" w="276" /></phr><phr n="predicting"><ent r="3" t="132" w="39" /></phr></stem><stem n="roadmap"><phr n="roadmap"><ent r="3" t="1" w="278" /></phr></stem><stem n="indemnif"><phr n="indemnification"><ent r="3" t="1" w="279" /></phr></stem><stem n="singl"><phr n="single"><ent r="3" t="1" w="280" /><ent r="3" t="4" w="592" /><ent r="3" t="6" w="51" /><ent r="3" t="9" w="282" /><ent r="3" t="38" w="269" /><ent r="3" t="38" w="426" /><ent r="3" t="47" w="36" /><ent r="3" t="68" w="14" /><ent r="3" t="166" w="98" /><ent r="3" t="166" w="431" /><ent r="3" t="177" w="76" /><ent r="3" t="188" w="149" /><ent r="6" t="202" w="114" /><ent r="3" t="207" w="16" /><ent r="4" t="207" w="50" /><ent r="4" t="207" w="77" /><ent r="3" t="207" w="111" /><ent r="3" t="207" w="134" /><ent r="3" t="224" w="198" /><ent r="4" t="224" w="238" /><ent r="4" t="224" w="269" /><ent r="3" t="233" w="58" /><ent r="4" t="238" w="226" /><ent r="3" t="281" w="290" /><ent r="3" t="282" w="74" /><ent r="6" t="300" w="118" /></phr><phr n="Single"><ent r="1000" t="207" w="1" /><ent r="102" t="207" w="5" /><ent r="92" t="224" w="189" /><ent r="4" t="250" w="331" /><ent r="4" t="251" w="519" /><ent r="5" t="251" w="562" /></phr></stem><stem n="point"><phr n="point"><ent r="3" t="1" w="281" /><ent r="3" t="10" w="26" /><ent r="4" t="39" w="255" /><ent r="3" t="55" w="47" /><ent r="3" t="60" w="178" /><ent r="3" t="65" w="145" /><ent r="3" t="108" w="33" /><ent r="3" t="114" w="269" /><ent r="3" t="167" w="50" /><ent r="3" t="265" w="773" /><ent r="3" t="282" w="304" /><ent r="4" t="286" w="97" /></phr><phr n="points"><ent r="3" t="90" w="71" /><ent r="3" t="289" w="163" /></phr><phr n="Points"><ent r="4" t="254" w="148" /><ent r="4" t="254" w="150" /><ent r="4" t="254" w="289" /><ent r="4" t="254" w="291" /><ent r="4" t="260" w="288" /><ent r="4" t="260" w="386" /><ent r="4" t="260" w="388" /></phr></stem><stem n="contact"><phr n="contact"><ent r="3" t="1" w="283" /><ent r="3" t="200" w="57" /><ent r="64" t="310" w="88" /></phr><phr n="Contacts"><ent r="1000" t="310" w="1" /><ent r="102" t="310" w="3" /></phr><phr n="Contact"><ent r="92" t="310" w="48" /></phr></stem><stem n="full"><phr n="full"><ent r="3" t="1" w="285" /><ent r="3" t="9" w="249" /><ent r="3" t="16" w="79" /><ent r="3" t="16" w="115" /><ent r="3" t="17" w="93" /><ent r="3" t="70" w="73" /><ent r="6" t="92" w="353" /><ent r="3" t="147" w="182" /><ent r="3" t="226" w="52" /><ent r="5" t="258" w="113" /><ent r="4" t="258" w="124" /><ent r="3" t="261" w="222" /><ent r="3" t="267" w="15" /><ent r="3" t="267" w="27" /><ent r="3" t="277" w="54" /><ent r="3" t="306" w="8" /><ent r="3" t="306" w="61" /></phr><phr n="Full"><ent r="5" t="258" w="92" /><ent r="66" t="295" w="102" /></phr></stem><stem n="tech"><phr n="tech"><ent r="3" t="1" w="286" /></phr></stem><stem n="fast"><phr n="fast"><ent r="3" t="1" w="289" /><ent r="2" t="4" w="92" /><ent r="3" t="4" w="676" /><ent r="3" t="14" w="109" /><ent r="3" t="14" w="832" /><ent r="4" t="14" w="863" /><ent r="4" t="14" w="903" /><ent r="3" t="31" w="714" /><ent r="4" t="31" w="741" /><ent r="4" t="31" w="775" /><ent r="3" t="31" w="1450" /><ent r="4" t="59" w="330" /><ent r="3" t="60" w="91" /><ent r="3" t="62" w="92" /><ent r="3" t="62" w="208" /><ent r="3" t="166" w="62" /><ent r="4" t="166" w="184" /><ent r="4" t="167" w="147" /><ent r="3" t="224" w="301" /><ent r="3" t="240" w="369" /><ent r="3" t="240" w="511" /><ent r="3" t="240" w="646" /><ent r="8" t="247" w="79" /><ent r="3" t="283" w="266" /><ent r="3" t="283" w="378" /></phr><phr n="Fast"><ent r="82" t="283" w="248" /></phr></stem><stem n="respons"><phr n="response"><ent r="3" t="1" w="290" /><ent r="3" t="203" w="105" /></phr><phr n="responsiveness"><ent r="3" t="7" w="452" /></phr><phr n="responsible"><ent r="3" t="49" w="294" /><ent r="3" t="116" w="18" /><ent r="3" t="168" w="27" /><ent r="3" t="179" w="498" /><ent r="3" t="224" w="81" /><ent r="3" t="282" w="200" /></phr><phr n="responsibility"><ent r="2" t="238" w="70" /></phr></stem><stem n="requir"><phr n="requiring"><ent r="3" t="1" w="294" /><ent r="3" t="4" w="267" /><ent r="3" t="7" w="579" /><ent r="3" t="270" w="292" /></phr><phr n="required"><ent r="3" t="2" w="227" /><ent r="3" t="7" w="137" /><ent r="3" t="9" w="322" /><ent r="3" t="10" w="190" /><ent r="3" t="26" w="80" /><ent r="3" t="40" w="322" /><ent r="3" t="49" w="19" /><ent r="4" t="49" w="355" /><ent r="4" t="49" w="393" /><ent r="3" t="90" w="149" /><ent r="3" t="90" w="315" /><ent r="4" t="93" w="97" /><ent r="3" t="114" w="846" /><ent r="3" t="117" w="71" /><ent r="3" t="134" w="138" /><ent r="3" t="134" w="157" /><ent r="4" t="140" w="446" /><ent r="3" t="142" w="497" /><ent r="3" t="150" w="79" /><ent r="3" t="169" w="101" /><ent r="3" t="188" w="262" /><ent r="3" t="197" w="49" /><ent r="2" t="198" w="51" /><ent r="3" t="203" w="146" /><ent r="8" t="228" w="124" /><ent r="8" t="228" w="129" /><ent r="8" t="228" w="190" /><ent r="3" t="230" w="46" /><ent r="4" t="230" w="57" /><ent r="4" t="230" w="80" /><ent r="8" t="247" w="87" /><ent r="8" t="247" w="92" /><ent r="8" t="247" w="152" /><ent r="8" t="247" w="270" /><ent r="8" t="247" w="372" /><ent r="3" t="248" w="52" /><ent r="3" t="258" w="46" /><ent r="5" t="265" w="177" /><ent r="3" t="270" w="273" /><ent r="6" t="270" w="330" /><ent r="6" t="270" w="356" /><ent r="6" t="270" w="422" /><ent r="4" t="270" w="506" /><ent r="3" t="283" w="40" /><ent r="3" t="297" w="111" /><ent r="6" t="300" w="544" /><ent r="3" t="301" w="197" /><ent r="3" t="305" w="62" /><ent r="3" t="308" w="31" /><ent r="3" t="309" w="263" /></phr><phr n="requires"><ent r="3" t="2" w="414" /><ent r="6" t="5" w="172" /><ent r="6" t="5" w="256" /><ent r="4" t="20" w="420" /><ent r="5" t="49" w="1103" /><ent r="5" t="49" w="1251" /><ent r="3" t="99" w="71" /><ent r="3" t="101" w="299" /><ent r="3" t="191" w="27" /><ent r="3" t="245" w="83" /><ent r="4" t="260" w="41" /><ent r="3" t="270" w="16" /><ent r="3" t="297" w="71" /></phr><phr n="require"><ent r="3" t="3" w="89" /><ent r="4" t="133" w="212" /><ent r="3" t="150" w="109" /><ent r="4" t="165" w="250" /><ent r="4" t="166" w="397" /><ent r="3" t="177" w="100" /><ent r="3" t="231" w="84" /></phr><phr n="requirements"><ent r="3" t="3" w="97" /><ent r="4" t="6" w="133" /><ent r="3" t="7" w="110" /><ent r="3" t="7" w="448" /><ent r="3" t="7" w="491" /><ent r="3" t="22" w="270" /><ent r="3" t="30" w="309" /><ent r="3" t="33" w="35" /><ent r="3" t="132" w="73" /><ent r="3" t="150" w="156" /><ent r="3" t="230" w="95" /><ent r="3" t="238" w="104" /><ent r="3" t="255" w="130" /><ent r="3" t="270" w="33" /><ent r="3" t="270" w="519" /><ent r="7" t="270" w="528" /><ent r="3" t="301" w="28" /></phr><phr n="Required"><ent r="92" t="50" w="42" /><ent r="6" t="143" w="353" /><ent r="6" t="143" w="363" /><ent r="4" t="263" w="118" /><ent r="82" t="283" w="15" /><ent r="92" t="306" w="94" /></phr><phr n="Requirements"><ent r="67" t="245" w="199" /><ent r="64" t="269" w="106" /><ent r="1000" t="270" w="2" /><ent r="102" t="270" w="10" /></phr><phr n="requirement"><ent r="3" t="270" w="284" /></phr></stem><stem n="super"><phr n="super"><ent r="3" t="1" w="296" /><ent r="3" t="49" w="470" /><ent r="3" t="70" w="265" /><ent r="3" t="250" w="52" /><ent r="3" t="251" w="50" /></phr></stem><stem n="capabl"><phr n="capabilities"><ent r="3" t="1" w="299" /><ent r="3" t="3" w="82" /><ent r="3" t="4" w="586" /><ent r="3" t="7" w="595" /><ent r="3" t="26" w="186" /><ent r="3" t="26" w="212" /><ent r="3" t="29" w="9" /><ent r="3" t="29" w="554" /><ent r="3" t="152" w="23" /><ent r="3" t="261" w="18" /><ent r="64" t="282" w="178" /><ent r="65" t="308" w="236" /><ent r="4" t="308" w="268" /></phr><phr n="capability"><ent r="3" t="144" w="17" /></phr></stem><stem n="find"><phr n="find"><ent r="3" t="1" w="302" /><ent r="3" t="15" w="390" /><ent r="3" t="20" w="274" /><ent r="3" t="20" w="299" /><ent r="4" t="21" w="155" /><ent r="4" t="21" w="179" /><ent r="3" t="21" w="411" /><ent r="3" t="32" w="24" /><ent r="3" t="40" w="68" /><ent r="3" t="44" w="189" /><ent r="4" t="50" w="291" /><ent r="4" t="50" w="324" /><ent r="3" t="60" w="127" /><ent r="3" t="60" w="138" /><ent r="3" t="60" w="153" /><ent r="3" t="60" w="184" /><ent r="3" t="63" w="35" /><ent r="3" t="70" w="61" /><ent r="3" t="70" w="614" /><ent r="3" t="104" w="98" /><ent r="3" t="132" w="94" /><ent r="3" t="134" w="12" /><ent r="3" t="135" w="19" /><ent r="3" t="136" w="16" /><ent r="3" t="137" w="14" /><ent r="3" t="139" w="18" /><ent r="3" t="150" w="81" /><ent r="3" t="153" w="17" /><ent r="3" t="190" w="257" /><ent r="3" t="193" w="576" /><ent r="5" t="240" w="381" /><ent r="5" t="240" w="436" /><ent r="3" t="247" w="201" /><ent r="3" t="266" w="18" /><ent r="3" t="270" w="51" /><ent r="3" t="272" w="556" /><ent r="3" t="280" w="130" /><ent r="3" t="283" w="238" /><ent r="3" t="283" w="310" /><ent r="4" t="287" w="90" /><ent r="3" t="293" w="33" /><ent r="3" t="293" w="68" /><ent r="3" t="293" w="136" /><ent r="3" t="298" w="551" /><ent r="3" t="306" w="324" /></phr><phr n="Find"><ent r="4" t="14" w="937" /><ent r="4" t="14" w="977" /><ent r="4" t="31" w="805" /><ent r="4" t="31" w="839" /><ent r="4" t="60" w="345" /><ent r="4" t="60" w="369" /></phr><phr n="Finding"><ent r="3" t="240" w="132" /><ent r="3" t="240" w="808" /></phr><phr n="finding"><ent r="3" t="251" w="166" /></phr></stem><stem n="same"><phr n="same"><ent r="3" t="1" w="304" /><ent r="3" t="4" w="603" /><ent r="6" t="5" w="312" /><ent r="3" t="7" w="96" /><ent r="3" t="7" w="644" /><ent r="3" t="8" w="384" /><ent r="3" t="14" w="65" /><ent r="3" t="14" w="1419" /><ent r="3" t="18" w="672" /><ent r="3" t="34" w="308" /><ent r="3" t="35" w="27" /><ent r="3" t="38" w="80" /><ent r="3" t="38" w="109" /><ent r="3" t="38" w="119" /><ent r="3" t="38" w="234" /><ent r="3" t="38" w="264" /><ent r="3" t="38" w="365" /><ent r="3" t="38" w="402" /><ent r="4" t="39" w="250" /><ent r="5" t="42" w="823" /><ent r="5" t="42" w="876" /><ent r="3" t="43" w="97" /><ent r="3" t="46" w="325" /><ent r="3" t="48" w="164" /><ent r="3" t="49" w="461" /><ent r="3" t="52" w="29" /><ent r="3" t="66" w="28" /><ent r="3" t="66" w="43" /><ent r="3" t="66" w="67" /><ent r="3" t="66" w="362" /><ent r="3" t="67" w="50" /><ent r="3" t="73" w="224" /><ent r="3" t="73" w="238" /><ent r="3" t="74" w="255" /><ent r="3" t="75" w="15" /><ent r="5" t="81" w="75" /><ent r="5" t="81" w="129" /><ent r="4" t="96" w="957" /><ent r="4" t="98" w="69" /><ent r="3" t="101" w="47" /><ent r="4" t="105" w="134" /><ent r="5" t="109" w="336" /><ent r="5" t="109" w="446" /><ent r="3" t="112" w="1190" /><ent r="3" t="112" w="1372" /><ent r="3" t="121" w="59" /><ent r="3" t="122" w="71" /><ent r="3" t="142" w="469" /><ent r="8" t="143" w="76" /><ent r="3" t="156" w="88" /><ent r="3" t="166" w="159" /><ent r="5" t="166" w="326" /><ent r="4" t="166" w="345" /><ent r="3" t="169" w="116" /><ent r="3" t="182" w="33" /><ent r="4" t="182" w="60" /><ent r="3" t="188" w="607" /><ent r="3" t="188" w="620" /><ent r="3" t="188" w="629" /><ent r="3" t="202" w="51" /><ent r="3" t="204" w="31" /><ent r="3" t="209" w="76" /><ent r="3" t="209" w="99" /><ent r="3" t="223" w="46" /><ent r="3" t="223" w="67" /><ent r="3" t="227" w="59" /><ent r="4" t="227" w="282" /><ent r="3" t="227" w="427" /><ent r="3" t="232" w="44" /><ent r="3" t="236" w="521" /><ent r="4" t="238" w="187" /><ent r="3" t="243" w="198" /><ent r="3" t="243" w="259" /><ent r="3" t="243" w="312" /><ent r="3" t="243" w="319" /><ent r="3" t="243" w="324" /><ent r="3" t="245" w="158" /><ent r="3" t="246" w="36" /><ent r="3" t="253" w="323" /><ent r="4" t="253" w="405" /><ent r="4" t="253" w="514" /><ent r="5" t="254" w="125" /><ent r="5" t="254" w="262" /><ent r="3" t="257" w="573" /><ent r="3" t="267" w="44" /><ent r="4" t="267" w="80" /><ent r="3" t="268" w="371" /><ent r="3" t="268" w="377" /><ent r="3" t="273" w="137" /><ent r="3" t="274" w="415" /><ent r="4" t="278" w="37" /><ent r="4" t="278" w="42" /><ent r="4" t="278" w="159" /><ent r="4" t="278" w="175" /><ent r="3" t="293" w="195" /><ent r="3" t="294" w="60" /><ent r="3" t="297" w="97" /><ent r="4" t="305" w="222" /><ent r="4" t="305" w="250" /><ent r="3" t="306" w="16" /><ent r="4" t="306" w="218" /><ent r="4" t="306" w="246" /><ent r="4" t="308" w="446" /></phr><phr n="Same"><ent r="6" t="143" w="62" /></phr></stem><stem n="implement"><phr n="implement"><ent r="3" t="1" w="309" /><ent r="3" t="18" w="646" /><ent r="3" t="38" w="211" /><ent r="3" t="48" w="161" /><ent r="3" t="49" w="17" /><ent r="3" t="49" w="277" /><ent r="3" t="49" w="1304" /><ent r="4" t="49" w="1330" /><ent r="4" t="49" w="1350" /><ent r="3" t="49" w="1384" /><ent r="3" t="51" w="24" /><ent r="3" t="51" w="183" /><ent r="3" t="56" w="349" /><ent r="3" t="66" w="136" /><ent r="3" t="74" w="1107" /><ent r="3" t="75" w="439" /><ent r="3" t="88" w="42" /><ent r="3" t="90" w="151" /><ent r="6" t="92" w="367" /><ent r="3" t="95" w="48" /><ent r="3" t="96" w="26" /><ent r="3" t="96" w="212" /><ent r="4" t="96" w="238" /><ent r="4" t="96" w="284" /><ent r="3" t="99" w="76" /><ent r="3" t="100" w="29" /><ent r="3" t="112" w="47" /><ent r="3" t="115" w="113" /><ent r="3" t="117" w="39" /><ent r="3" t="130" w="40" /><ent r="3" t="169" w="205" /><ent r="3" t="169" w="214" /><ent r="3" t="192" w="18" /><ent r="3" t="193" w="12" /><ent r="3" t="224" w="506" /><ent r="3" t="229" w="292" /><ent r="3" t="234" w="107" /><ent r="4" t="237" w="68" /><ent r="3" t="244" w="382" /><ent r="8" t="247" w="361" /><ent r="3" t="257" w="244" /><ent r="3" t="261" w="28" /><ent r="5" t="265" w="520" /><ent r="3" t="303" w="146" /></phr><phr n="implemented"><ent r="3" t="2" w="28" /><ent r="6" t="5" w="303" /><ent r="3" t="51" w="89" /><ent r="3" t="54" w="133" /><ent r="3" t="55" w="145" /><ent r="3" t="90" w="205" /><ent r="3" t="308" w="13" /></phr><phr n="implementation"><ent r="3" t="2" w="50" /><ent r="3" t="15" w="46" /><ent r="3" t="16" w="18" /><ent r="3" t="16" w="49" /><ent r="4" t="20" w="527" /><ent r="3" t="48" w="194" /><ent r="3" t="48" w="202" /><ent r="3" t="49" w="407" /><ent r="3" t="49" w="466" /><ent r="4" t="52" w="98" /><ent r="4" t="53" w="78" /><ent r="4" t="53" w="487" /><ent r="4" t="53" w="689" /><ent r="3" t="54" w="79" /><ent r="3" t="62" w="195" /><ent r="3" t="74" w="657" /><ent r="3" t="79" w="191" /><ent r="3" t="79" w="225" /><ent r="3" t="83" w="53" /><ent r="4" t="89" w="84" /><ent r="4" t="89" w="136" /><ent r="6" t="92" w="400" /><ent r="4" t="103" w="172" /><ent r="3" t="107" w="13" /><ent r="3" t="109" w="93" /><ent r="3" t="115" w="107" /><ent r="5" t="116" w="134" /><ent r="3" t="118" w="31" /><ent r="3" t="129" w="237" /><ent r="3" t="130" w="54" /><ent r="4" t="147" w="125" /><ent r="3" t="188" w="142" /><ent r="3" t="190" w="18" /><ent r="3" t="190" w="322" /><ent r="3" t="190" w="336" /><ent r="3" t="190" w="383" /><ent r="4" t="190" w="465" /><ent r="4" t="190" w="606" /><ent r="3" t="192" w="39" /><ent r="3" t="192" w="64" /><ent r="3" t="192" w="79" /><ent r="3" t="192" w="103" /><ent r="3" t="193" w="28" /><ent r="4" t="193" w="131" /><ent r="4" t="193" w="381" /><ent r="3" t="193" w="569" /><ent r="3" t="208" w="84" /><ent r="3" t="224" w="521" /><ent r="3" t="237" w="47" /><ent r="3" t="264" w="354" /><ent r="3" t="265" w="78" /><ent r="3" t="265" w="82" /><ent r="3" t="266" w="366" /><ent r="6" t="299" w="371" /><ent r="4" t="304" w="213" /><ent r="4" t="305" w="129" /><ent r="4" t="306" w="125" /><ent r="4" t="308" w="180" /><ent r="3" t="312" w="15" /></phr><phr n="implementations"><ent r="3" t="5" w="50" /><ent r="3" t="51" w="130" /><ent r="3" t="51" w="138" /><ent r="4" t="52" w="108" /><ent r="3" t="53" w="23" /><ent r="3" t="87" w="44" /><ent r="3" t="208" w="20" /></phr><phr n="Implementation"><ent r="3" t="12" w="49" /><ent r="64" t="48" w="205" /><ent r="1000" t="49" w="1" /><ent r="102" t="49" w="3" /><ent r="1000" t="106" w="3" /><ent r="102" t="106" w="7" /><ent r="1000" t="312" w="1" /><ent r="102" t="312" w="4" /></phr><phr n="Implements"><ent r="5" t="21" w="256" /><ent r="5" t="21" w="274" /><ent r="5" t="29" w="238" /><ent r="5" t="29" w="256" /><ent r="5" t="29" w="635" /><ent r="5" t="29" w="692" /><ent r="5" t="30" w="468" /><ent r="5" t="30" w="501" /><ent r="5" t="31" w="1679" /><ent r="5" t="31" w="1694" /><ent r="5" t="49" w="374" /><ent r="5" t="49" w="579" /><ent r="5" t="49" w="664" /><ent r="5" t="60" w="255" /><ent r="5" t="60" w="273" /><ent r="5" t="64" w="221" /><ent r="5" t="64" w="237" /><ent r="5" t="89" w="98" /><ent r="5" t="89" w="116" /><ent r="5" t="114" w="425" /><ent r="5" t="114" w="465" /><ent r="5" t="114" w="533" /><ent r="5" t="114" w="585" /><ent r="5" t="114" w="641" /><ent r="5" t="117" w="179" /><ent r="5" t="117" w="380" /><ent r="5" t="117" w="515" /><ent r="5" t="117" w="643" /><ent r="5" t="130" w="273" /><ent r="5" t="130" w="344" /><ent r="5" t="130" w="366" /><ent r="5" t="130" w="398" /><ent r="5" t="130" w="440" /><ent r="5" t="130" w="482" /><ent r="5" t="130" w="527" /><ent r="5" t="130" w="556" /><ent r="5" t="130" w="588" /><ent r="5" t="141" w="214" /><ent r="5" t="141" w="299" /><ent r="5" t="236" w="435" /><ent r="5" t="236" w="462" /><ent r="5" t="236" w="646" /><ent r="5" t="236" w="673" /><ent r="5" t="259" w="288" /><ent r="5" t="259" w="342" /><ent r="5" t="259" w="375" /></phr><phr n="implementing"><ent r="3" t="26" w="206" /><ent r="3" t="49" w="35" /><ent r="4" t="147" w="127" /><ent r="64" t="186" w="78" /><ent r="3" t="234" w="27" /><ent r="3" t="241" w="130" /></phr><phr n="Implement"><ent r="3" t="29" w="68" /><ent r="4" t="49" w="353" /><ent r="4" t="49" w="391" /><ent r="4" t="49" w="553" /><ent r="4" t="49" w="695" /></phr><phr n="Implementing"><ent r="92" t="49" w="256" /><ent r="3" t="49" w="953" /><ent r="3" t="65" w="69" /></phr><phr n="implements"><ent r="3" t="49" w="287" /><ent r="5" t="50" w="526" /><ent r="5" t="50" w="579" /><ent r="3" t="192" w="68" /><ent r="3" t="257" w="54" /><ent r="3" t="276" w="131" /><ent r="6" t="300" w="398" /><ent r="6" t="300" w="402" /></phr></stem><stem n="solut"><phr n="solution"><ent r="3" t="1" w="310" /><ent r="3" t="2" w="148" /><ent r="3" t="2" w="206" /><ent r="3" t="3" w="66" /><ent r="2" t="4" w="69" /><ent r="3" t="4" w="276" /><ent r="3" t="4" w="285" /><ent r="3" t="4" w="686" /><ent r="3" t="7" w="414" /><ent r="3" t="16" w="44" /><ent r="3" t="45" w="327" /><ent r="3" t="45" w="371" /><ent r="3" t="61" w="117" /><ent r="4" t="90" w="364" /><ent r="3" t="108" w="47" /><ent r="3" t="123" w="95" /><ent r="4" t="258" w="130" /><ent r="3" t="268" w="187" /><ent r="3" t="268" w="382" /><ent r="4" t="274" w="356" /><ent r="4" t="274" w="463" /><ent r="3" t="304" w="42" /><ent r="3" t="304" w="53" /></phr><phr n="solutions"><ent r="3" t="4" w="300" /><ent r="3" t="7" w="458" /><ent r="3" t="99" w="85" /><ent r="3" t="105" w="74" /><ent r="3" t="105" w="94" /><ent r="3" t="274" w="308" /></phr><phr n="Solution"><ent r="5" t="9" w="362" /><ent r="82" t="55" w="186" /><ent r="6" t="268" w="198" /><ent r="3" t="268" w="300" /><ent r="92" t="276" w="114" /><ent r="92" t="277" w="96" /></phr></stem><stem n="decad"><phr n="decade"><ent r="3" t="1" w="326" /></phr></stem><stem n="far"><phr n="far"><ent r="3" t="1" w="331" /><ent r="3" t="4" w="687" /></phr></stem><stem n="tradit"><phr n="traditional"><ent r="3" t="1" w="335" /><ent r="3" t="3" w="39" /><ent r="3" t="4" w="538" /></phr></stem><stem n="oracl"><phr n="Oracle"><ent r="3" t="1" w="341" /><ent r="3" t="2" w="46" /></phr></stem><stem n="sybas"><phr n="Sybase"><ent r="3" t="1" w="342" /></phr></stem><stem n="sql"><phr n="SQL"><ent r="3" t="1" w="343" /><ent r="3" t="7" w="254" /><ent r="3" t="261" w="74" /></phr></stem><stem n="etc"><phr n="etc"><ent r="3" t="1" w="345" /><ent r="3" t="2" w="39" /><ent r="3" t="2" w="48" /><ent r="3" t="5" w="40" /><ent r="3" t="9" w="180" /><ent r="3" t="14" w="1072" /><ent r="4" t="25" w="30" /><ent r="3" t="26" w="192" /><ent r="3" t="31" w="1131" /><ent r="3" t="34" w="108" /><ent r="3" t="62" w="44" /><ent r="3" t="62" w="114" /><ent r="3" t="62" w="233" /><ent r="3" t="71" w="130" /><ent r="4" t="98" w="71" /><ent r="4" t="103" w="93" /><ent r="3" t="111" w="19" /><ent r="3" t="111" w="83" /><ent r="3" t="112" w="238" /><ent r="4" t="122" w="104" /><ent r="4" t="122" w="126" /><ent r="3" t="132" w="42" /><ent r="3" t="192" w="36" /><ent r="3" t="218" w="44" /><ent r="3" t="235" w="311" /><ent r="2" t="238" w="62" /><ent r="3" t="243" w="286" /><ent r="5" t="254" w="97" /><ent r="5" t="254" w="223" /><ent r="3" t="262" w="103" /><ent r="3" t="264" w="338" /><ent r="3" t="272" w="550" /><ent r="6" t="299" w="404" /><ent r="3" t="300" w="74" /><ent r="3" t="301" w="101" /><ent r="3" t="306" w="51" /></phr></stem><stem n="boot"><phr n="boot"><ent r="3" t="1" w="348" /></phr></stem><stem n="enjoi"><phr n="enjoy"><ent r="3" t="1" w="351" /><ent r="6" t="5" w="310" /><ent r="3" t="16" w="132" /><ent r="3" t="305" w="11" /></phr></stem><stem n="overal"><phr n="overall"><ent r="3" t="1" w="352" /><ent r="3" t="2" w="268" /><ent r="3" t="3" w="135" /><ent r="3" t="71" w="71" /><ent r="3" t="108" w="50" /><ent r="3" t="281" w="145" /></phr></stem><stem n="reduct"><phr n="reductions"><ent r="3" t="1" w="353" /></phr></stem><stem n="footprint"><phr n="footprints"><ent r="3" t="1" w="356" /><ent r="3" t="2" w="258" /><ent r="6" t="5" w="320" /></phr><phr n="footprint"><ent r="3" t="4" w="590" /><ent r="6" t="5" w="217" /><ent r="3" t="245" w="81" /></phr></stem><stem n="much"><phr n="much"><ent r="3" t="1" w="359" /><ent r="3" t="2" w="429" /><ent r="3" t="2" w="515" /><ent r="6" t="5" w="125" /><ent r="3" t="31" w="1471" /><ent r="3" t="55" w="21" /><ent r="3" t="109" w="80" /><ent r="3" t="137" w="237" /><ent r="3" t="145" w="19" /><ent r="3" t="174" w="155" /><ent r="3" t="177" w="11" /><ent r="3" t="177" w="45" /><ent r="3" t="184" w="37" /><ent r="3" t="188" w="38" /><ent r="3" t="213" w="21" /><ent r="3" t="223" w="309" /><ent r="3" t="272" w="539" /><ent r="3" t="274" w="395" /></phr></stem><stem n="50"><phr n="50"><ent r="3" t="1" w="361" /><ent r="4" t="106" w="349" /><ent r="4" t="106" w="375" /></phr></stem><stem n="%"><phr n="%"><ent r="3" t="1" w="362" /><ent r="3" t="7" w="265" /><ent r="3" t="7" w="268" /><ent r="3" t="7" w="271" /><ent r="3" t="17" w="78" /><ent r="3" t="17" w="80" /><ent r="3" t="17" w="85" /><ent r="4" t="29" w="214" /><ent r="3" t="55" w="227" /><ent r="4" t="260" w="243" /><ent r="4" t="260" w="295" /></phr></stem><stem n="due"><phr n="due"><ent r="3" t="1" w="362" /><ent r="3" t="2" w="273" /><ent r="3" t="36" w="69" /><ent r="4" t="47" w="112" /><ent r="3" t="73" w="56" /><ent r="3" t="74" w="39" /><ent r="3" t="105" w="187" /><ent r="4" t="129" w="218" /><ent r="3" t="166" w="129" /><ent r="4" t="168" w="97" /><ent r="3" t="238" w="263" /><ent r="3" t="281" w="37" /></phr><phr n="Due"><ent r="3" t="266" w="188" /><ent r="3" t="269" w="119" /></phr></stem><stem n="less"><phr n="less"><ent r="3" t="1" w="364" /><ent r="3" t="2" w="519" /><ent r="3" t="88" w="78" /><ent r="3" t="150" w="110" /><ent r="3" t="169" w="71" /><ent r="3" t="176" w="204" /><ent r="3" t="177" w="68" /><ent r="3" t="179" w="383" /><ent r="3" t="185" w="61" /><ent r="3" t="188" w="215" /><ent r="3" t="230" w="153" /></phr></stem><stem n="simpler"><phr n="simpler"><ent r="3" t="1" w="367" /><ent r="3" t="2" w="516" /><ent r="6" t="299" w="384" /><ent r="3" t="315" w="144" /></phr></stem><stem n="zero"><phr n="zero"><ent r="3" t="1" w="369" /><ent r="3" t="2" w="221" /><ent r="3" t="3" w="92" /><ent r="3" t="4" w="578" /><ent r="6" t="5" w="257" /><ent r="3" t="24" w="57" /><ent r="3" t="104" w="156" /><ent r="3" t="166" w="110" /></phr></stem><stem n="softwar"><phr n="Software"><ent r="3" t="2" w="7" /></phr><phr n="software"><ent r="3" t="2" w="163" /><ent r="3" t="2" w="187" /><ent r="3" t="2" w="194" /><ent r="3" t="2" w="233" /><ent r="3" t="2" w="565" /><ent r="3" t="3" w="142" /><ent r="3" t="3" w="149" /><ent r="3" t="4" w="263" /><ent r="3" t="4" w="365" /><ent r="3" t="5" w="19" /><ent r="6" t="5" w="333" /><ent r="3" t="7" w="556" /><ent r="3" t="7" w="623" /><ent r="3" t="245" w="102" /><ent r="3" t="245" w="177" /><ent r="3" t="293" w="127" /><ent r="3" t="309" w="160" /></phr></stem><stem n="program"><phr n="programs"><ent r="3" t="2" w="8" /></phr><phr n="programming"><ent r="3" t="2" w="35" /><ent r="6" t="5" w="78" /><ent r="6" t="5" w="225" /><ent r="3" t="7" w="223" /><ent r="3" t="7" w="285" /><ent r="3" t="17" w="60" /><ent r="4" t="131" w="183" /></phr><phr n="program"><ent r="3" t="293" w="220" /></phr></stem><stem n="us"><phr n="using"><ent r="3" t="2" w="9" /><ent r="3" t="3" w="102" /><ent r="6" t="5" w="128" /><ent r="6" t="5" w="325" /><ent r="3" t="5" w="525" /><ent r="3" t="7" w="14" /><ent r="5" t="8" w="74" /><ent r="3" t="9" w="13" /><ent r="3" t="9" w="90" /><ent r="3" t="9" w="274" /><ent r="5" t="10" w="80" /><ent r="5" t="10" w="210" /><ent r="3" t="10" w="318" /><ent r="5" t="10" w="323" /><ent r="5" t="10" w="492" /><ent r="5" t="10" w="633" /><ent r="5" t="12" w="81" /><ent r="5" t="12" w="86" /><ent r="65" t="17" w="42" /><ent r="3" t="17" w="65" /><ent r="65" t="18" w="37" /><ent r="65" t="19" w="41" /><ent r="65" t="20" w="41" /><ent r="3" t="20" w="101" /><ent r="65" t="21" w="39" /><ent r="65" t="22" w="43" /><ent r="5" t="28" w="1096" /><ent r="5" t="28" w="1164" /><ent r="5" t="34" w="548" /><ent r="5" t="34" w="570" /><ent r="4" t="41" w="208" /><ent r="5" t="45" w="88" /><ent r="5" t="45" w="144" /><ent r="3" t="45" w="659" /><ent r="5" t="46" w="46" /><ent r="5" t="46" w="109" /><ent r="5" t="46" w="372" /><ent r="5" t="49" w="1026" /><ent r="5" t="49" w="1039" /><ent r="4" t="55" w="234" /><ent r="5" t="57" w="85" /><ent r="4" t="59" w="334" /><ent r="3" t="61" w="105" /><ent r="3" t="66" w="143" /><ent r="5" t="66" w="162" /><ent r="5" t="66" w="184" /><ent r="4" t="68" w="40" /><ent r="4" t="68" w="64" /><ent r="3" t="73" w="147" /><ent r="3" t="75" w="29" /><ent r="5" t="76" w="196" /><ent r="5" t="76" w="383" /><ent r="3" t="76" w="517" /><ent r="3" t="81" w="10" /><ent r="3" t="95" w="61" /><ent r="3" t="99" w="78" /><ent r="3" t="104" w="39" /><ent r="3" t="104" w="89" /><ent r="3" t="105" w="71" /><ent r="3" t="108" w="99" /><ent r="5" t="109" w="301" /><ent r="4" t="113" w="107" /><ent r="4" t="117" w="273" /><ent r="5" t="121" w="244" /><ent r="3" t="127" w="44" /><ent r="3" t="129" w="258" /><ent r="3" t="131" w="33" /><ent r="3" t="142" w="457" /><ent r="3" t="148" w="46" /><ent r="3" t="187" w="20" /><ent r="3" t="188" w="627" /><ent r="3" t="191" w="346" /><ent r="4" t="193" w="61" /><ent r="4" t="193" w="63" /><ent r="3" t="208" w="17" /><ent r="5" t="226" w="155" /><ent r="5" t="226" w="288" /><ent r="3" t="227" w="375" /><ent r="5" t="227" w="429" /><ent r="5" t="227" w="447" /><ent r="3" t="229" w="41" /><ent r="5" t="229" w="92" /><ent r="5" t="229" w="116" /><ent r="3" t="234" w="15" /><ent r="5" t="236" w="748" /><ent r="6" t="237" w="157" /><ent r="6" t="237" w="216" /><ent r="3" t="243" w="310" /><ent r="3" t="248" w="44" /><ent r="3" t="252" w="16" /><ent r="5" t="253" w="64" /><ent r="5" t="253" w="89" /><ent r="5" t="253" w="98" /><ent r="4" t="253" w="151" /><ent r="4" t="253" w="295" /><ent r="5" t="253" w="344" /><ent r="5" t="253" w="366" /><ent r="4" t="253" w="403" /><ent r="4" t="253" w="512" /><ent r="5" t="254" w="68" /><ent r="5" t="256" w="95" /><ent r="5" t="256" w="117" /><ent r="5" t="256" w="242" /><ent r="5" t="256" w="266" /><ent r="4" t="258" w="145" /><ent r="5" t="262" w="208" /><ent r="64" t="263" w="90" /><ent r="3" t="268" w="345" /><ent r="4" t="272" w="76" /><ent r="5" t="272" w="150" /><ent r="5" t="272" w="171" /><ent r="5" t="272" w="368" /><ent r="5" t="272" w="389" /><ent r="3" t="274" w="418" /><ent r="5" t="275" w="154" /><ent r="5" t="275" w="217" /><ent r="5" t="275" w="476" /><ent r="3" t="276" w="156" /><ent r="3" t="276" w="162" /><ent r="2" t="276" w="242" /><ent r="4" t="278" w="66" /><ent r="3" t="279" w="23" /><ent r="3" t="282" w="174" /><ent r="3" t="283" w="21" /><ent r="3" t="283" w="290" /><ent r="3" t="285" w="156" /><ent r="3" t="285" w="306" /><ent r="3" t="289" w="33" /><ent r="4" t="289" w="126" /><ent r="3" t="290" w="108" /><ent r="3" t="290" w="234" /><ent r="3" t="290" w="269" /><ent r="3" t="290" w="280" /><ent r="3" t="292" w="221" /><ent r="3" t="292" w="233" /><ent r="6" t="299" w="257" /><ent r="3" t="301" w="207" /><ent r="3" t="306" w="63" /><ent r="3" t="307" w="34" /><ent r="3" t="307" w="43" /></phr><phr n="Using"><ent r="3" t="2" w="463" /><ent r="3" t="3" w="139" /><ent r="6" t="5" w="117" /><ent r="6" t="5" w="195" /><ent r="5" t="8" w="169" /><ent r="5" t="8" w="264" /><ent r="5" t="10" w="119" /><ent r="5" t="10" w="135" /><ent r="5" t="10" w="245" /><ent r="5" t="10" w="277" /><ent r="5" t="10" w="386" /><ent r="5" t="10" w="446" /><ent r="5" t="10" w="554" /><ent r="5" t="10" w="608" /><ent r="5" t="10" w="684" /><ent r="5" t="10" w="728" /><ent r="4" t="28" w="1135" /><ent r="4" t="28" w="1211" /><ent r="5" t="34" w="608" /><ent r="5" t="34" w="633" /><ent r="5" t="34" w="664" /><ent r="5" t="34" w="668" /><ent r="4" t="36" w="103" /><ent r="4" t="36" w="141" /><ent r="3" t="43" w="51" /><ent r="5" t="45" w="193" /><ent r="5" t="45" w="259" /><ent r="5" t="45" w="261" /><ent r="5" t="45" w="301" /><ent r="5" t="46" w="168" /><ent r="5" t="46" w="242" /><ent r="5" t="46" w="244" /><ent r="5" t="46" w="305" /><ent r="5" t="46" w="410" /><ent r="5" t="49" w="1139" /><ent r="5" t="49" w="1163" /><ent r="5" t="49" w="1165" /><ent r="5" t="49" w="1276" /><ent r="92" t="50" w="607" /><ent r="92" t="50" w="867" /><ent r="64" t="51" w="196" /><ent r="1000" t="52" w="1" /><ent r="102" t="52" w="7" /><ent r="4" t="52" w="162" /><ent r="4" t="52" w="267" /><ent r="93" t="53" w="91" /><ent r="93" t="53" w="460" /><ent r="5" t="57" w="133" /><ent r="5" t="66" w="222" /><ent r="5" t="66" w="247" /><ent r="5" t="66" w="278" /><ent r="5" t="66" w="282" /><ent r="5" t="76" w="275" /><ent r="5" t="76" w="344" /><ent r="5" t="76" w="443" /><ent r="5" t="76" w="486" /><ent r="92" t="104" w="77" /><ent r="92" t="106" w="195" /><ent r="5" t="109" w="401" /><ent r="5" t="109" w="421" /><ent r="92" t="114" w="817" /><ent r="5" t="121" w="385" /><ent r="5" t="121" w="558" /><ent r="3" t="127" w="12" /><ent r="4" t="179" w="532" /><ent r="4" t="179" w="563" /><ent r="4" t="187" w="57" /><ent r="4" t="187" w="112" /><ent r="4" t="187" w="195" /><ent r="4" t="187" w="264" /><ent r="4" t="188" w="69" /><ent r="4" t="188" w="105" /><ent r="4" t="188" w="310" /><ent r="4" t="188" w="362" /><ent r="4" t="188" w="457" /><ent r="4" t="188" w="501" /><ent r="4" t="190" w="104" /><ent r="4" t="190" w="173" /><ent r="4" t="191" w="234" /><ent r="4" t="191" w="313" /><ent r="64" t="208" w="98" /><ent r="5" t="226" w="195" /><ent r="5" t="226" w="227" /><ent r="5" t="226" w="325" /><ent r="5" t="226" w="347" /><ent r="5" t="227" w="475" /><ent r="5" t="227" w="491" /><ent r="5" t="227" w="499" /><ent r="5" t="227" w="515" /><ent r="6" t="228" w="105" /><ent r="92" t="228" w="274" /><ent r="5" t="229" w="152" /><ent r="5" t="229" w="179" /><ent r="5" t="229" w="209" /><ent r="5" t="229" w="213" /><ent r="4" t="236" w="41" /><ent r="5" t="236" w="799" /><ent r="5" t="236" w="829" /><ent r="1000" t="237" w="1" /><ent r="102" t="237" w="12" /><ent r="5" t="253" w="171" /><ent r="5" t="253" w="188" /><ent r="5" t="253" w="202" /><ent r="5" t="253" w="216" /><ent r="5" t="253" w="218" /><ent r="5" t="253" w="286" /><ent r="5" t="253" w="415" /><ent r="5" t="253" w="448" /><ent r="5" t="253" w="450" /><ent r="5" t="253" w="505" /><ent r="5" t="254" w="186" /><ent r="5" t="256" w="155" /><ent r="5" t="256" w="180" /><ent r="5" t="256" w="211" /><ent r="5" t="256" w="215" /><ent r="5" t="256" w="302" /><ent r="5" t="256" w="329" /><ent r="5" t="256" w="359" /><ent r="5" t="256" w="363" /><ent r="92" t="260" w="165" /><ent r="92" t="260" w="210" /><ent r="5" t="272" w="220" /><ent r="5" t="272" w="248" /><ent r="5" t="272" w="287" /><ent r="5" t="272" w="291" /><ent r="5" t="272" w="437" /><ent r="5" t="272" w="465" /><ent r="5" t="272" w="517" /><ent r="5" t="272" w="521" /><ent r="5" t="275" w="276" /><ent r="5" t="275" w="350" /><ent r="5" t="275" w="352" /><ent r="5" t="275" w="413" /><ent r="5" t="275" w="514" /><ent r="4" t="278" w="77" /><ent r="3" t="285" w="219" /><ent r="66" t="295" w="90" /><ent r="66" t="295" w="97" /><ent r="1000" t="304" w="1" /><ent r="102" t="304" w="15" /><ent r="1000" t="305" w="1" /><ent r="102" t="305" w="5" /></phr><phr n="uses"><ent r="3" t="4" w="308" /><ent r="3" t="4" w="418" /><ent r="3" t="7" w="221" /><ent r="3" t="26" w="34" /><ent r="3" t="32" w="67" /><ent r="3" t="32" w="131" /><ent r="3" t="32" w="158" /><ent r="3" t="34" w="539" /><ent r="3" t="35" w="40" /><ent r="3" t="37" w="33" /><ent r="3" t="38" w="42" /><ent r="3" t="40" w="151" /><ent r="3" t="44" w="109" /><ent r="4" t="53" w="496" /><ent r="6" t="53" w="512" /><ent r="6" t="53" w="590" /><ent r="3" t="59" w="59" /><ent r="3" t="64" w="15" /><ent r="3" t="65" w="261" /><ent r="3" t="69" w="101" /><ent r="3" t="82" w="10" /><ent r="3" t="87" w="18" /><ent r="3" t="87" w="62" /><ent r="3" t="87" w="73" /><ent r="3" t="88" w="34" /><ent r="3" t="88" w="51" /><ent r="3" t="88" w="77" /><ent r="3" t="104" w="49" /><ent r="5" t="109" w="319" /><ent r="5" t="109" w="429" /><ent r="3" t="129" w="91" /><ent r="4" t="129" w="179" /><ent r="3" t="130" w="14" /><ent r="3" t="131" w="6" /><ent r="3" t="131" w="56" /><ent r="3" t="131" w="196" /><ent r="3" t="139" w="128" /><ent r="4" t="140" w="486" /><ent r="3" t="145" w="8" /><ent r="3" t="150" w="12" /><ent r="3" t="152" w="20" /><ent r="4" t="168" w="58" /><ent r="64" t="171" w="15" /><ent r="3" t="172" w="12" /><ent r="3" t="172" w="46" /><ent r="3" t="178" w="28" /><ent r="3" t="179" w="382" /><ent r="3" t="188" w="226" /><ent r="3" t="190" w="19" /><ent r="3" t="190" w="298" /><ent r="3" t="194" w="26" /><ent r="3" t="208" w="93" /><ent r="3" t="213" w="10" /><ent r="3" t="223" w="298" /><ent r="3" t="224" w="111" /><ent r="3" t="224" w="196" /><ent r="3" t="224" w="382" /><ent r="3" t="227" w="16" /><ent r="3" t="237" w="48" /><ent r="4" t="237" w="62" /><ent r="3" t="242" w="57" /><ent r="4" t="242" w="117" /><ent r="3" t="260" w="79" /><ent r="3" t="260" w="128" /><ent r="3" t="264" w="315" /><ent r="3" t="266" w="352" /><ent r="3" t="267" w="14" /><ent r="3" t="268" w="56" /><ent r="4" t="269" w="18" /><ent r="3" t="282" w="316" /><ent r="3" t="284" w="269" /><ent r="4" t="305" w="122" /><ent r="4" t="306" w="118" /></phr><phr n="used"><ent r="3" t="4" w="522" /><ent r="3" t="5" w="10" /><ent r="6" t="5" w="108" /><ent r="3" t="5" w="490" /><ent r="3" t="7" w="290" /><ent r="3" t="8" w="297" /><ent r="3" t="11" w="117" /><ent r="3" t="14" w="39" /><ent r="3" t="14" w="123" /><ent r="3" t="16" w="34" /><ent r="3" t="16" w="55" /><ent r="3" t="16" w="76" /><ent r="3" t="16" w="87" /><ent r="3" t="17" w="100" /><ent r="3" t="19" w="61" /><ent r="3" t="20" w="280" /><ent r="3" t="23" w="70" /><ent r="3" t="23" w="101" /><ent r="3" t="24" w="258" /><ent r="3" t="27" w="79" /><ent r="3" t="30" w="318" /><ent r="3" t="31" w="38" /><ent r="3" t="31" w="65" /><ent r="3" t="36" w="174" /><ent r="6" t="37" w="184" /><ent r="3" t="40" w="66" /><ent r="3" t="43" w="123" /><ent r="3" t="49" w="314" /><ent r="4" t="49" w="1341" /><ent r="3" t="50" w="201" /><ent r="3" t="51" w="83" /><ent r="4" t="52" w="100" /><ent r="4" t="53" w="80" /><ent r="4" t="53" w="104" /><ent r="3" t="55" w="35" /><ent r="3" t="59" w="270" /><ent r="3" t="60" w="102" /><ent r="3" t="60" w="111" /><ent r="3" t="62" w="105" /><ent r="3" t="62" w="225" /><ent r="3" t="73" w="182" /><ent r="3" t="75" w="17" /><ent r="3" t="79" w="72" /><ent r="3" t="83" w="14" /><ent r="3" t="90" w="78" /><ent r="3" t="90" w="246" /><ent r="3" t="91" w="18" /><ent r="6" t="92" w="193" /><ent r="6" t="92" w="272" /><ent r="6" t="92" w="393" /><ent r="3" t="96" w="22" /><ent r="3" t="99" w="902" /><ent r="3" t="100" w="380" /><ent r="3" t="101" w="13" /><ent r="3" t="104" w="75" /><ent r="3" t="104" w="133" /><ent r="3" t="109" w="34" /><ent r="3" t="109" w="230" /><ent r="3" t="111" w="67" /><ent r="4" t="113" w="29" /><ent r="3" t="115" w="18" /><ent r="3" t="115" w="91" /><ent r="3" t="115" w="96" /><ent r="3" t="118" w="57" /><ent r="3" t="131" w="212" /><ent r="3" t="132" w="89" /><ent r="3" t="137" w="214" /><ent r="3" t="138" w="52" /><ent r="6" t="143" w="172" /><ent r="3" t="147" w="43" /><ent r="3" t="147" w="159" /><ent r="3" t="150" w="27" /><ent r="3" t="151" w="79" /><ent r="4" t="167" w="192" /><ent r="3" t="178" w="122" /><ent r="3" t="178" w="138" /><ent r="3" t="179" w="269" /><ent r="3" t="180" w="19" /><ent r="3" t="180" w="36" /><ent r="3" t="181" w="33" /><ent r="3" t="184" w="31" /><ent r="3" t="186" w="19" /><ent r="65" t="186" w="36" /><ent r="3" t="187" w="140" /><ent r="3" t="187" w="150" /><ent r="3" t="188" w="135" /><ent r="3" t="188" w="576" /><ent r="3" t="190" w="65" /><ent r="3" t="191" w="16" /><ent r="6" t="209" w="243" /><ent r="3" t="215" w="17" /><ent r="3" t="224" w="317" /><ent r="3" t="227" w="68" /><ent r="3" t="230" w="21" /><ent r="3" t="233" w="357" /><ent r="3" t="235" w="29" /><ent r="3" t="235" w="69" /><ent r="3" t="235" w="290" /><ent r="3" t="236" w="96" /><ent r="3" t="251" w="254" /><ent r="3" t="255" w="27" /><ent r="3" t="260" w="218" /><ent r="3" t="260" w="322" /><ent r="3" t="261" w="201" /><ent r="4" t="265" w="845" /><ent r="3" t="266" w="566" /><ent r="6" t="270" w="392" /><ent r="6" t="270" w="451" /><ent r="3" t="272" w="18" /><ent r="3" t="272" w="38" /><ent r="3" t="289" w="247" /><ent r="4" t="297" w="688" /><ent r="6" t="299" w="261" /><ent r="3" t="300" w="30" /><ent r="3" t="300" w="46" /><ent r="4" t="304" w="169" /><ent r="3" t="306" w="428" /><ent r="3" t="309" w="50" /><ent r="6" t="309" w="325" /><ent r="6" t="309" w="357" /><ent r="6" t="309" w="385" /><ent r="3" t="315" w="86" /></phr><phr n="useful"><ent r="3" t="11" w="89" /><ent r="3" t="12" w="261" /><ent r="3" t="18" w="667" /><ent r="3" t="29" w="559" /><ent r="3" t="42" w="791" /><ent r="4" t="52" w="77" /><ent r="64" t="70" w="318" /><ent r="64" t="70" w="663" /><ent r="3" t="94" w="27" /><ent r="3" t="153" w="89" /><ent r="6" t="173" w="104" /><ent r="8" t="173" w="115" /><ent r="3" t="182" w="17" /><ent r="3" t="218" w="67" /><ent r="6" t="300" w="535" /></phr><phr n="us"><ent r="3" t="18" w="658" /><ent r="3" t="42" w="42" /><ent r="3" t="293" w="114" /><ent r="3" t="293" w="142" /></phr><phr n="Uses"><ent r="4" t="115" w="69" /></phr><phr n="Used"><ent r="6" t="209" w="289" /><ent r="6" t="270" w="434" /><ent r="6" t="309" w="313" /><ent r="6" t="309" w="345" /><ent r="6" t="309" w="377" /></phr><phr n="Useful"><ent r="3" t="216" w="19" /><ent r="3" t="217" w="19" /><ent r="3" t="219" w="12" /></phr></stem></index>