﻿<?xml version="1.0" encoding="utf-8"?><index><stem n="integr"><phr n="integral"><ent r="3" t="2" w="16" /></phr><phr n="integrated"><ent r="3" t="4" w="613" /></phr><phr n="integration"><ent r="6" t="5" w="220" /><ent r="3" t="271" w="24" /><ent r="3" t="301" w="183" /><ent r="4" t="304" w="142" /><ent r="4" t="304" w="161" /></phr><phr n="integrates"><ent r="6" t="5" w="346" /></phr><phr n="integrate"><ent r="3" t="12" w="273" /><ent r="3" t="90" w="381" /></phr><phr n="integrity"><ent r="3" t="36" w="32" /><ent r="3" t="36" w="35" /><ent r="3" t="56" w="339" /><ent r="3" t="56" w="351" /><ent r="4" t="95" w="135" /><ent r="4" t="98" w="22" /><ent r="3" t="100" w="15" /><ent r="3" t="100" w="49" /><ent r="4" t="100" w="147" /><ent r="4" t="100" w="273" /><ent r="3" t="182" w="51" /><ent r="3" t="244" w="336" /><ent r="3" t="244" w="436" /><ent r="3" t="263" w="16" /></phr><phr n="Integrity"><ent r="66" t="98" w="77" /><ent r="1000" t="100" w="2" /><ent r="102" t="100" w="5" /></phr></stem><stem n="part"><phr n="part"><ent r="3" t="2" w="17" /><ent r="3" t="2" w="400" /><ent r="3" t="2" w="472" /><ent r="3" t="11" w="131" /><ent r="3" t="15" w="467" /><ent r="3" t="15" w="601" /><ent r="3" t="17" w="151" /><ent r="3" t="49" w="712" /><ent r="3" t="50" w="488" /><ent r="3" t="69" w="445" /><ent r="3" t="69" w="459" /><ent r="3" t="71" w="23" /><ent r="3" t="99" w="619" /><ent r="3" t="103" w="21" /><ent r="4" t="106" w="108" /><ent r="3" t="126" w="11" /><ent r="3" t="150" w="52" /><ent r="3" t="209" w="44" /><ent r="3" t="223" w="20" /><ent r="3" t="240" w="93" /><ent r="3" t="240" w="99" /><ent r="3" t="240" w="317" /><ent r="3" t="240" w="323" /><ent r="3" t="251" w="234" /><ent r="3" t="252" w="14" /><ent r="3" t="268" w="337" /><ent r="4" t="287" w="49" /><ent r="3" t="309" w="401" /></phr><phr n="parts"><ent r="3" t="15" w="464" /><ent r="3" t="15" w="636" /><ent r="4" t="15" w="699" /><ent r="4" t="15" w="774" /><ent r="3" t="15" w="788" /><ent r="3" t="15" w="820" /><ent r="3" t="17" w="382" /><ent r="3" t="22" w="125" /><ent r="3" t="41" w="163" /><ent r="3" t="69" w="442" /><ent r="3" t="69" w="471" /><ent r="3" t="114" w="26" /><ent r="3" t="116" w="24" /><ent r="3" t="140" w="45" /><ent r="3" t="281" w="199" /><ent r="3" t="304" w="66" /><ent r="3" t="306" w="40" /></phr><phr n="Part"><ent r="4" t="304" w="230" /></phr></stem><stem n="contemporari"><phr n="contemporary"><ent r="3" t="2" w="19" /></phr></stem><stem n="space"><phr n="space"><ent r="3" t="2" w="21" /><ent r="6" t="37" w="109" /><ent r="6" t="37" w="155" /><ent r="6" t="37" w="195" /><ent r="3" t="61" w="86" /><ent r="3" t="65" w="114" /><ent r="3" t="71" w="125" /><ent r="4" t="137" w="61" /><ent r="4" t="137" w="83" /><ent r="3" t="137" w="181" /><ent r="3" t="137" w="248" /><ent r="3" t="144" w="74" /><ent r="6" t="173" w="194" /><ent r="6" t="173" w="262" /><ent r="3" t="176" w="207" /><ent r="3" t="177" w="20" /><ent r="3" t="177" w="24" /><ent r="3" t="179" w="17" /><ent r="3" t="179" w="36" /><ent r="3" t="179" w="54" /><ent r="3" t="179" w="63" /><ent r="3" t="179" w="93" /><ent r="3" t="179" w="110" /><ent r="3" t="179" w="124" /><ent r="3" t="179" w="129" /><ent r="3" t="179" w="210" /><ent r="3" t="179" w="217" /><ent r="3" t="179" w="231" /><ent r="3" t="179" w="250" /><ent r="3" t="179" w="255" /><ent r="3" t="179" w="332" /><ent r="3" t="179" w="348" /><ent r="3" t="179" w="363" /><ent r="3" t="179" w="380" /><ent r="3" t="179" w="390" /><ent r="3" t="179" w="461" /><ent r="3" t="179" w="493" /><ent r="3" t="179" w="503" /><ent r="3" t="185" w="21" /><ent r="3" t="185" w="72" /><ent r="3" t="185" w="94" /><ent r="3" t="185" w="115" /><ent r="4" t="185" w="141" /><ent r="4" t="185" w="168" /><ent r="3" t="188" w="389" /><ent r="3" t="188" w="395" /><ent r="3" t="285" w="129" /><ent r="3" t="285" w="140" /><ent r="3" t="285" w="168" /><ent r="64" t="285" w="314" /><ent r="3" t="292" w="186" /></phr><phr n="spaces"><ent r="3" t="179" w="100" /></phr><phr n="Space"><ent r="1000" t="185" w="3" /><ent r="102" t="185" w="7" /><ent r="92" t="285" w="297" /></phr></stem><stem n="often"><phr n="often"><ent r="3" t="2" w="24" /><ent r="3" t="2" w="62" /><ent r="3" t="3" w="74" /><ent r="3" t="15" w="456" /><ent r="3" t="66" w="22" /><ent r="3" t="73" w="181" /><ent r="3" t="188" w="216" /><ent r="3" t="244" w="42" /><ent r="3" t="246" w="187" /><ent r="3" t="255" w="119" /><ent r="3" t="282" w="199" /></phr><phr n="Often"><ent r="3" t="22" w="213" /><ent r="3" t="56" w="319" /><ent r="3" t="227" w="351" /></phr></stem><stem n="-orient"><phr n="-oriented"><ent r="3" t="2" w="33" /><ent r="3" t="2" w="33" /><ent r="3" t="4" w="580" /><ent r="3" t="4" w="580" /><ent r="6" t="5" w="74" /><ent r="6" t="5" w="74" /><ent r="6" t="5" w="98" /><ent r="6" t="5" w="98" /><ent r="3" t="7" w="166" /><ent r="3" t="7" w="166" /><ent r="3" t="7" w="306" /><ent r="3" t="7" w="306" /></phr><phr n="-orientation"><ent r="3" t="17" w="96" /><ent r="3" t="17" w="96" /></phr></stem><stem n="object-ori"><phr n="object-oriented"><ent r="3" t="2" w="33" /><ent r="3" t="4" w="580" /><ent r="6" t="5" w="98" /><ent r="3" t="7" w="166" /><ent r="3" t="7" w="271" /><ent r="3" t="7" w="306" /></phr><phr n="Object-oriented"><ent r="6" t="5" w="74" /></phr></stem><stem n="orient"><phr n="oriented"><ent r="3" t="2" w="34" /><ent r="3" t="3" w="119" /><ent r="2" t="4" w="72" /><ent r="3" t="4" w="581" /><ent r="6" t="5" w="75" /><ent r="6" t="5" w="99" /><ent r="3" t="7" w="167" /><ent r="3" t="7" w="272" /><ent r="3" t="7" w="307" /><ent r="3" t="7" w="654" /></phr><phr n="Oriented"><ent r="3" t="3" w="105" /></phr><phr n="orientation"><ent r="3" t="4" w="545" /><ent r="3" t="7" w="84" /><ent r="3" t="17" w="97" /></phr></stem><stem n="languag"><phr n="language"><ent r="3" t="2" w="36" /><ent r="3" t="7" w="244" /><ent r="4" t="17" w="37" /><ent r="3" t="17" w="61" /><ent r="4" t="18" w="32" /><ent r="4" t="19" w="36" /><ent r="4" t="20" w="36" /><ent r="4" t="21" w="34" /><ent r="4" t="22" w="38" /><ent r="3" t="28" w="875" /><ent r="4" t="131" w="184" /><ent r="6" t="299" w="389" /></phr><phr n="languages"><ent r="6" t="5" w="110" /><ent r="6" t="5" w="226" /><ent r="3" t="7" w="224" /></phr></stem><stem n="java"><phr n="Java"><ent r="3" t="2" w="37" /><ent r="3" t="3" w="122" /><ent r="2" t="4" w="50" /><ent r="2" t="4" w="75" /><ent r="2" t="4" w="117" /><ent r="3" t="4" w="532" /><ent r="6" t="5" w="111" /><ent r="6" t="5" w="222" /><ent r="6" t="5" w="342" /><ent r="6" t="5" w="349" /><ent r="6" t="5" w="365" /><ent r="3" t="7" w="225" /><ent r="3" t="131" w="205" /><ent r="3" t="245" w="22" /><ent r="4" t="245" w="47" /><ent r="4" t="245" w="130" /><ent r="4" t="245" w="134" /><ent r="3" t="261" w="123" /><ent r="66" t="295" w="86" /><ent r="5" t="295" w="106" /><ent r="5" t="296" w="15" /><ent r="3" t="296" w="32" /><ent r="5" t="297" w="63" /><ent r="4" t="297" w="660" /><ent r="5" t="298" w="42" /><ent r="3" t="298" w="53" /><ent r="5" t="299" w="19" /><ent r="6" t="299" w="167" /><ent r="6" t="299" w="176" /><ent r="6" t="299" w="518" /><ent r="5" t="300" w="15" /><ent r="6" t="300" w="234" /><ent r="6" t="300" w="392" /><ent r="6" t="300" w="405" /><ent r="6" t="300" w="424" /><ent r="6" t="300" w="493" /><ent r="4" t="301" w="50" /><ent r="3" t="301" w="118" /><ent r="3" t="304" w="76" /><ent r="4" t="305" w="205" /><ent r="4" t="305" w="209" /><ent r="4" t="305" w="237" /><ent r="4" t="306" w="201" /><ent r="4" t="306" w="205" /><ent r="4" t="306" w="233" /><ent r="4" t="308" w="239" /><ent r="3" t="315" w="157" /></phr><phr n="java"><ent r="3" t="296" w="43" /><ent r="3" t="297" w="101" /><ent r="4" t="297" w="670" /><ent r="4" t="297" w="675" /><ent r="5" t="298" w="177" /><ent r="5" t="298" w="359" /><ent r="6" t="299" w="225" /><ent r="6" t="299" w="236" /><ent r="6" t="299" w="279" /><ent r="6" t="299" w="299" /><ent r="6" t="299" w="316" /><ent r="6" t="299" w="328" /><ent r="6" t="299" w="346" /><ent r="3" t="300" w="25" /><ent r="6" t="300" w="95" /><ent r="6" t="300" w="151" /><ent r="6" t="300" w="349" /><ent r="3" t="301" w="115" /><ent r="3" t="301" w="175" /><ent r="3" t="306" w="45" /><ent r="3" t="306" w="360" /><ent r="3" t="306" w="638" /><ent r="6" t="313" w="314" /></phr><phr n="JAVA"><ent r="4" t="297" w="666" /><ent r="3" t="306" w="339" /><ent r="3" t="306" w="357" /></phr></stem><stem n="(java,"><phr n="(Java,"><ent r="3" t="2" w="38" /><ent r="4" t="245" w="131" /><ent r="4" t="245" w="135" /></phr></stem><stem n="c"><phr n="C"><ent r="3" t="2" w="38" /><ent r="4" t="50" w="288" /><ent r="65" t="106" w="405" /><ent r="3" t="131" w="202" /><ent r="68" t="143" w="65" /><ent r="66" t="167" w="184" /><ent r="4" t="193" w="52" /><ent r="4" t="193" w="281" /><ent r="4" t="193" w="586" /><ent r="66" t="233" w="214" /><ent r="3" t="264" w="115" /><ent r="5" t="264" w="191" /><ent r="3" t="264" w="341" /><ent r="3" t="268" w="162" /><ent r="66" t="295" w="88" /><ent r="5" t="296" w="19" /><ent r="3" t="296" w="36" /><ent r="3" t="296" w="45" /><ent r="5" t="297" w="67" /><ent r="4" t="297" w="654" /><ent r="4" t="297" w="682" /><ent r="5" t="298" w="46" /><ent r="3" t="298" w="56" /><ent r="5" t="298" w="442" /><ent r="5" t="299" w="23" /><ent r="5" t="300" w="19" /><ent r="5" t="300" w="214" /><ent r="6" t="300" w="482" /><ent r="6" t="300" w="546" /><ent r="4" t="305" w="239" /><ent r="4" t="306" w="235" /><ent r="3" t="306" w="364" /><ent r="3" t="306" w="373" /><ent r="3" t="306" w="378" /></phr><phr n="c"><ent r="4" t="100" w="119" /><ent r="4" t="100" w="127" /><ent r="4" t="100" w="133" /><ent r="4" t="100" w="225" /><ent r="4" t="100" w="237" /><ent r="3" t="111" w="61" /><ent r="4" t="127" w="46" /><ent r="115" t="193" w="610" /><ent r="4" t="272" w="193" /><ent r="4" t="272" w="201" /><ent r="4" t="272" w="270" /><ent r="4" t="272" w="278" /><ent r="4" t="277" w="150" /><ent r="5" t="299" w="501" /><ent r="6" t="300" w="295" /><ent r="6" t="300" w="513" /></phr></stem><stem n="#,"><phr n="#,"><ent r="3" t="2" w="39" /></phr></stem><stem n=".)"><phr n=".)"><ent r="3" t="2" w="40" /><ent r="4" t="25" w="31" /><ent r="6" t="237" w="374" /></phr></stem><stem n="(oracle,"><phr n="(Oracle,"><ent r="3" t="2" w="47" /></phr></stem><stem n="mysql"><phr n="MySQL"><ent r="3" t="2" w="47" /><ent r="3" t="4" w="321" /></phr><phr n="mysql"><ent r="6" t="313" w="312" /></phr></stem><stem n=".)."><phr n=".)."><ent r="3" t="2" w="49" /></phr></stem><stem n="origin"><phr n="originally"><ent r="3" t="2" w="51" /></phr><phr n="original"><ent r="3" t="36" w="195" /><ent r="4" t="39" w="286" /><ent r="3" t="41" w="132" /><ent r="3" t="50" w="27" /><ent r="4" t="53" w="61" /><ent r="3" t="78" w="102" /><ent r="3" t="80" w="109" /><ent r="3" t="114" w="236" /><ent r="3" t="114" w="255" /><ent r="3" t="129" w="260" /><ent r="3" t="147" w="47" /><ent r="3" t="270" w="476" /><ent r="3" t="283" w="124" /><ent r="3" t="291" w="64" /></phr><phr n="Original"><ent r="64" t="79" w="39" /><ent r="1000" t="80" w="1" /><ent r="102" t="80" w="6" /></phr></stem><stem n="mismatch"><phr n="mismatch"><ent r="3" t="2" w="54" /><ent r="3" t="2" w="67" /><ent r="3" t="2" w="117" /><ent r="3" t="2" w="156" /><ent r="3" t="2" w="249" /><ent r="3" t="7" w="61" /></phr></stem><stem n="call"><phr n="called"><ent r="3" t="2" w="63" /><ent r="3" t="2" w="342" /><ent r="3" t="24" w="632" /><ent r="3" t="40" w="93" /><ent r="3" t="49" w="432" /><ent r="3" t="49" w="444" /><ent r="3" t="49" w="776" /><ent r="5" t="49" w="824" /><ent r="5" t="49" w="926" /><ent r="3" t="54" w="91" /><ent r="3" t="68" w="159" /><ent r="3" t="94" w="59" /><ent r="3" t="94" w="80" /><ent r="3" t="95" w="13" /><ent r="3" t="95" w="81" /><ent r="3" t="95" w="109" /><ent r="3" t="97" w="23" /><ent r="4" t="98" w="51" /><ent r="3" t="99" w="434" /><ent r="3" t="101" w="326" /><ent r="3" t="104" w="126" /><ent r="5" t="114" w="294" /><ent r="5" t="114" w="323" /><ent r="5" t="114" w="379" /><ent r="5" t="114" w="431" /><ent r="5" t="114" w="494" /><ent r="5" t="114" w="605" /><ent r="3" t="118" w="47" /><ent r="3" t="131" w="102" /><ent r="3" t="147" w="197" /><ent r="3" t="152" w="80" /><ent r="3" t="185" w="104" /><ent r="3" t="210" w="31" /><ent r="4" t="259" w="128" /><ent r="3" t="265" w="641" /><ent r="3" t="302" w="67" /><ent r="3" t="303" w="197" /></phr><phr n="Calling"><ent r="82" t="14" w="1381" /><ent r="3" t="14" w="1386" /><ent r="4" t="14" w="1526" /><ent r="4" t="14" w="1563" /><ent r="1000" t="152" w="1" /><ent r="102" t="152" w="4" /><ent r="3" t="156" w="101" /><ent r="64" t="210" w="56" /><ent r="82" t="283" w="174" /></phr><phr n="call"><ent r="3" t="14" w="1424" /><ent r="3" t="27" w="1116" /><ent r="3" t="29" w="61" /><ent r="3" t="30" w="68" /><ent r="3" t="34" w="46" /><ent r="3" t="34" w="67" /><ent r="3" t="34" w="84" /><ent r="3" t="34" w="121" /><ent r="3" t="34" w="202" /><ent r="3" t="37" w="241" /><ent r="3" t="37" w="245" /><ent r="3" t="37" w="261" /><ent r="3" t="44" w="22" /><ent r="3" t="47" w="38" /><ent r="3" t="49" w="725" /><ent r="5" t="49" w="1106" /><ent r="5" t="49" w="1114" /><ent r="5" t="49" w="1254" /><ent r="5" t="49" w="1262" /><ent r="3" t="55" w="75" /><ent r="3" t="55" w="101" /><ent r="3" t="56" w="22" /><ent r="3" t="66" w="160" /><ent r="3" t="66" w="413" /><ent r="3" t="91" w="65" /><ent r="4" t="96" w="973" /><ent r="4" t="96" w="991" /><ent r="4" t="96" w="999" /><ent r="3" t="114" w="839" /><ent r="4" t="120" w="272" /><ent r="3" t="129" w="76" /><ent r="4" t="133" w="230" /><ent r="6" t="143" w="236" /><ent r="3" t="156" w="12" /><ent r="4" t="166" w="175" /><ent r="4" t="166" w="248" /><ent r="4" t="166" w="416" /><ent r="3" t="174" w="30" /><ent r="3" t="174" w="86" /><ent r="3" t="174" w="152" /><ent r="3" t="174" w="176" /><ent r="3" t="174" w="252" /><ent r="6" t="209" w="169" /><ent r="3" t="283" w="189" /><ent r="3" t="283" w="210" /><ent r="4" t="286" w="86" /><ent r="6" t="299" w="425" /></phr><phr n="calls"><ent r="3" t="15" w="603" /><ent r="5" t="20" w="499" /><ent r="4" t="90" w="339" /><ent r="3" t="104" w="140" /><ent r="3" t="127" w="176" /><ent r="3" t="131" w="80" /><ent r="3" t="152" w="62" /><ent r="4" t="166" w="389" /><ent r="8" t="228" w="152" /><ent r="8" t="228" w="177" /><ent r="3" t="270" w="291" /><ent r="6" t="300" w="530" /></phr><phr n="calling"><ent r="3" t="17" w="102" /><ent r="3" t="27" w="643" /><ent r="3" t="127" w="95" /><ent r="4" t="133" w="249" /><ent r="3" t="152" w="52" /><ent r="3" t="156" w="90" /><ent r="3" t="157" w="32" /><ent r="5" t="166" w="260" /><ent r="3" t="226" w="147" /><ent r="3" t="283" w="218" /></phr><phr n="Call"><ent r="4" t="49" w="832" /><ent r="4" t="49" w="938" /><ent r="92" t="55" w="63" /><ent r="4" t="152" w="102" /><ent r="4" t="152" w="128" /><ent r="4" t="152" w="179" /><ent r="4" t="152" w="211" /><ent r="1000" t="210" w="1" /><ent r="102" t="210" w="4" /><ent r="4" t="210" w="77" /><ent r="4" t="210" w="109" /></phr></stem><stem n="/relat"><phr n="/relational"><ent r="3" t="2" w="65" /></phr></stem><stem n="object/rel"><phr n="object/relational"><ent r="3" t="2" w="65" /><ent r="3" t="2" w="64" /></phr></stem><stem n="imped"><phr n="impedance"><ent r="3" t="2" w="66" /></phr></stem><stem n="essenc"><phr n="essence"><ent r="3" t="2" w="69" /></phr></stem><stem n="problem"><phr n="problem"><ent r="3" t="2" w="72" /><ent r="3" t="16" w="47" /><ent r="3" t="43" w="90" /><ent r="3" t="55" w="260" /><ent r="3" t="77" w="55" /><ent r="3" t="203" w="136" /><ent r="2" t="238" w="19" /><ent r="4" t="238" w="177" /><ent r="3" t="280" w="116" /><ent r="3" t="294" w="99" /></phr><phr n="problems"><ent r="3" t="7" w="311" /><ent r="3" t="106" w="21" /><ent r="3" t="116" w="84" /><ent r="3" t="132" w="95" /><ent r="4" t="140" w="201" /><ent r="3" t="149" w="47" /><ent r="3" t="156" w="138" /><ent r="2" t="238" w="33" /><ent r="3" t="238" w="101" /><ent r="3" t="238" w="269" /><ent r="3" t="276" w="142" /><ent r="3" t="282" w="22" /></phr><phr n="Problem"><ent r="82" t="55" w="140" /><ent r="92" t="276" w="9" /><ent r="92" t="277" w="17" /></phr></stem><stem n="wai"><phr n="way"><ent r="3" t="2" w="76" /><ent r="3" t="3" w="54" /><ent r="4" t="17" w="23" /><ent r="4" t="18" w="18" /><ent r="4" t="19" w="22" /><ent r="4" t="20" w="22" /><ent r="4" t="21" w="20" /><ent r="4" t="22" w="24" /><ent r="3" t="26" w="227" /><ent r="3" t="38" w="107" /><ent r="3" t="39" w="372" /><ent r="3" t="39" w="407" /><ent r="3" t="49" w="748" /><ent r="3" t="50" w="103" /><ent r="3" t="50" w="107" /><ent r="3" t="55" w="39" /><ent r="3" t="69" w="37" /><ent r="3" t="78" w="13" /><ent r="3" t="87" w="56" /><ent r="3" t="93" w="15" /><ent r="3" t="105" w="29" /><ent r="3" t="131" w="24" /><ent r="3" t="135" w="156" /><ent r="3" t="148" w="177" /><ent r="3" t="164" w="11" /><ent r="5" t="166" w="314" /><ent r="3" t="174" w="65" /><ent r="3" t="179" w="227" /><ent r="3" t="197" w="41" /><ent r="2" t="198" w="43" /><ent r="4" t="204" w="56" /><ent r="4" t="204" w="91" /><ent r="3" t="220" w="23" /><ent r="3" t="232" w="45" /><ent r="3" t="232" w="312" /><ent r="3" t="233" w="169" /><ent r="4" t="237" w="75" /><ent r="4" t="237" w="116" /><ent r="5" t="258" w="106" /><ent r="3" t="261" w="273" /><ent r="3" t="268" w="103" /><ent r="3" t="285" w="212" /><ent r="3" t="294" w="36" /><ent r="3" t="298" w="59" /><ent r="3" t="302" w="29" /></phr><phr n="ways"><ent r="3" t="38" w="74" /><ent r="4" t="166" w="346" /><ent r="3" t="257" w="569" /></phr><phr n="Way"><ent r="92" t="240" w="730" /></phr></stem><stem n="consist"><phr n="consist"><ent r="3" t="2" w="83" /><ent r="3" t="243" w="106" /></phr><phr n="consists"><ent r="3" t="2" w="97" /><ent r="3" t="69" w="439" /><ent r="3" t="277" w="51" /><ent r="3" t="285" w="87" /></phr><phr n="consistently"><ent r="3" t="7" w="434" /></phr><phr n="Consistency"><ent r="5" t="33" w="114" /><ent r="4" t="33" w="116" /><ent r="1000" t="71" w="1" /><ent r="102" t="71" w="7" /><ent r="92" t="71" w="31" /><ent r="92" t="281" w="105" /></phr><phr n="consistent"><ent r="4" t="33" w="125" /><ent r="4" t="33" w="134" /><ent r="4" t="33" w="139" /><ent r="3" t="33" w="260" /><ent r="3" t="73" w="211" /><ent r="3" t="240" w="724" /><ent r="4" t="278" w="101" /></phr><phr n="consistency"><ent r="3" t="35" w="77" /><ent r="3" t="71" w="15" /><ent r="3" t="71" w="36" /><ent r="3" t="71" w="57" /><ent r="5" t="92" w="213" /><ent r="3" t="126" w="51" /><ent r="3" t="240" w="681" /><ent r="3" t="244" w="368" /><ent r="3" t="244" w="384" /><ent r="3" t="281" w="83" /><ent r="3" t="281" w="110" /><ent r="3" t="281" w="131" /></phr></stem><stem n="character"><phr n="characterized"><ent r="3" t="2" w="88" /><ent r="3" t="190" w="37" /></phr></stem><stem n="state"><phr n="state"><ent r="3" t="2" w="91" /><ent r="3" t="17" w="397" /><ent r="4" t="33" w="65" /><ent r="4" t="33" w="112" /><ent r="4" t="33" w="126" /><ent r="4" t="33" w="135" /><ent r="4" t="33" w="140" /><ent r="3" t="33" w="253" /><ent r="3" t="34" w="113" /><ent r="3" t="34" w="295" /><ent r="3" t="34" w="309" /><ent r="5" t="34" w="350" /><ent r="5" t="34" w="413" /><ent r="3" t="35" w="452" /><ent r="3" t="40" w="126" /><ent r="3" t="42" w="803" /><ent r="3" t="45" w="505" /><ent r="5" t="45" w="534" /><ent r="5" t="45" w="583" /><ent r="3" t="54" w="19" /><ent r="3" t="54" w="24" /><ent r="3" t="54" w="114" /><ent r="3" t="73" w="106" /><ent r="3" t="76" w="932" /><ent r="4" t="95" w="146" /><ent r="3" t="99" w="231" /><ent r="3" t="99" w="453" /><ent r="4" t="99" w="495" /><ent r="4" t="99" w="499" /><ent r="4" t="99" w="510" /><ent r="4" t="99" w="575" /><ent r="4" t="99" w="586" /><ent r="4" t="99" w="609" /><ent r="4" t="99" w="653" /><ent r="4" t="99" w="654" /><ent r="4" t="99" w="659" /><ent r="5" t="99" w="709" /><ent r="4" t="99" w="719" /><ent r="4" t="99" w="742" /><ent r="4" t="99" w="750" /><ent r="4" t="99" w="759" /><ent r="5" t="99" w="831" /><ent r="4" t="99" w="849" /><ent r="3" t="99" w="894" /><ent r="3" t="126" w="161" /><ent r="3" t="165" w="101" /><ent r="3" t="174" w="224" /><ent r="3" t="174" w="230" /><ent r="3" t="210" w="37" /><ent r="3" t="228" w="51" /><ent r="3" t="233" w="327" /><ent r="5" t="233" w="427" /><ent r="5" t="233" w="515" /><ent r="3" t="251" w="275" /><ent r="3" t="252" w="78" /></phr><phr n="states"><ent r="3" t="76" w="554" /><ent r="3" t="76" w="560" /><ent r="3" t="235" w="43" /></phr><phr n="State"><ent r="4" t="158" w="37" /></phr></stem><stem n="behavior"><phr n="behavior"><ent r="3" t="2" w="92" /><ent r="3" t="7" w="591" /><ent r="3" t="28" w="19" /><ent r="3" t="28" w="52" /><ent r="3" t="28" w="710" /><ent r="3" t="28" w="904" /><ent r="3" t="38" w="213" /><ent r="3" t="38" w="444" /><ent r="3" t="38" w="456" /><ent r="3" t="49" w="1318" /><ent r="3" t="49" w="1324" /><ent r="3" t="49" w="1362" /><ent r="3" t="52" w="26" /><ent r="3" t="55" w="191" /><ent r="3" t="56" w="371" /><ent r="3" t="57" w="35" /><ent r="3" t="58" w="17" /><ent r="3" t="74" w="1110" /><ent r="3" t="102" w="19" /><ent r="4" t="103" w="195" /><ent r="3" t="134" w="18" /><ent r="3" t="135" w="25" /><ent r="3" t="136" w="22" /><ent r="3" t="137" w="20" /><ent r="3" t="139" w="24" /><ent r="3" t="152" w="58" /><ent r="3" t="155" w="28" /><ent r="3" t="204" w="14" /><ent r="3" t="275" w="11" /></phr><phr n="behaviors"><ent r="3" t="8" w="310" /><ent r="3" t="8" w="313" /><ent r="6" t="143" w="334" /><ent r="3" t="218" w="63" /></phr><phr n="Behavior"><ent r="64" t="8" w="402" /><ent r="92" t="49" w="1291" /><ent r="1000" t="56" w="2" /><ent r="100" t="56" w="5" /><ent r="102" t="56" w="8" /><ent r="100" t="209" w="6" /><ent r="100" t="209" w="9" /><ent r="100" t="209" w="14" /><ent r="100" t="209" w="19" /></phr></stem><stem n="encapsul"><phr n="encapsulation"><ent r="3" t="2" w="93" /></phr><phr n="encapsulate"><ent r="3" t="65" w="266" /></phr><phr n="encapsulated"><ent r="3" t="127" w="97" /></phr></stem><stem n="tabl"><phr n="tables"><ent r="3" t="2" w="99" /><ent r="3" t="2" w="174" /></phr><phr n="table"><ent r="3" t="5" w="43" /><ent r="3" t="5" w="494" /><ent r="3" t="40" w="52" /><ent r="3" t="40" w="76" /><ent r="3" t="92" w="96" /><ent r="3" t="268" w="392" /><ent r="3" t="270" w="276" /><ent r="3" t="270" w="515" /><ent r="3" t="299" w="148" /><ent r="3" t="300" w="78" /></phr></stem><stem n="column"><phr n="columns"><ent r="3" t="2" w="100" /></phr></stem><stem n="row"><phr n="rows"><ent r="3" t="2" w="101" /></phr><phr n="row"><ent r="3" t="315" w="89" /></phr></stem><stem n="foreign"><phr n="foreign"><ent r="3" t="2" w="103" /><ent r="3" t="2" w="372" /></phr></stem><stem n="kei"><phr n="keys"><ent r="3" t="2" w="104" /><ent r="3" t="28" w="381" /></phr><phr n="key"><ent r="3" t="2" w="373" /><ent r="3" t="4" w="463" /><ent r="3" t="28" w="359" /><ent r="4" t="28" w="438" /><ent r="4" t="28" w="487" /><ent r="3" t="257" w="146" /><ent r="4" t="257" w="216" /><ent r="3" t="265" w="132" /><ent r="3" t="265" w="143" /><ent r="4" t="265" w="249" /><ent r="4" t="265" w="366" /><ent r="3" t="306" w="440" /><ent r="3" t="306" w="510" /></phr><phr n="Key"><ent r="92" t="28" w="342" /><ent r="4" t="133" w="373" /></phr></stem><stem n="describ"><phr n="described"><ent r="3" t="2" w="107" /><ent r="3" t="190" w="342" /></phr></stem><stem n="attribut"><phr n="attributes"><ent r="3" t="2" w="110" /><ent r="4" t="263" w="42" /><ent r="4" t="263" w="141" /><ent r="4" t="263" w="216" /></phr><phr n="Attribute"><ent r="4" t="50" w="93" /><ent r="4" t="50" w="136" /><ent r="4" t="50" w="175" /><ent r="4" t="50" w="197" /><ent r="7" t="143" w="252" /><ent r="4" t="157" w="14" /><ent r="4" t="157" w="28" /><ent r="4" t="157" w="38" /><ent r="4" t="223" w="282" /><ent r="4" t="263" w="98" /><ent r="3" t="290" w="199" /></phr><phr n="attribute"><ent r="4" t="50" w="371" /><ent r="6" t="92" w="107" /><ent r="6" t="92" w="116" /><ent r="5" t="298" w="125" /><ent r="5" t="298" w="138" /><ent r="5" t="300" w="602" /><ent r="6" t="300" w="606" /><ent r="6" t="300" w="613" /></phr></stem><stem n="tupl"><phr n="tuples"><ent r="3" t="2" w="112" /></phr><phr n="tuple"><ent r="3" t="5" w="498" /></phr></stem><stem n="-relat"><phr n="-relational"><ent r="3" t="2" w="115" /><ent r="3" t="2" w="115" /><ent r="3" t="2" w="136" /><ent r="3" t="2" w="136" /><ent r="3" t="4" w="554" /><ent r="3" t="4" w="554" /></phr><phr n="-related"><ent r="64" t="81" w="18" /><ent r="64" t="81" w="18" /></phr></stem><stem n="object-rel"><phr n="object-relational"><ent r="3" t="2" w="115" /><ent r="3" t="2" w="136" /><ent r="3" t="4" w="554" /></phr></stem><stem n="becom"><phr n="become"><ent r="3" t="2" w="119" /><ent r="3" t="2" w="455" /><ent r="3" t="2" w="542" /><ent r="2" t="4" w="22" /><ent r="2" t="4" w="62" /><ent r="3" t="7" w="492" /><ent r="3" t="82" w="32" /><ent r="3" t="274" w="409" /></phr><phr n="becoming"><ent r="3" t="2" w="652" /></phr><phr n="becomes"><ent r="3" t="39" w="134" /><ent r="3" t="203" w="128" /></phr></stem><stem n="enorm"><phr n="enormously"><ent r="3" t="2" w="120" /></phr><phr n="enormous"><ent r="3" t="3" w="71" /></phr></stem><stem n="signific"><phr n="significant"><ent r="3" t="2" w="121" /><ent r="3" t="150" w="172" /><ent r="3" t="224" w="98" /></phr><phr n="Significant"><ent r="3" t="2" w="242" /></phr></stem><stem n="total"><phr n="total"><ent r="3" t="2" w="124" /><ent r="3" t="35" w="108" /><ent r="5" t="35" w="168" /><ent r="3" t="72" w="324" /><ent r="3" t="76" w="588" /><ent r="5" t="76" w="648" /><ent r="4" t="137" w="231" /><ent r="3" t="190" w="284" /></phr><phr n="Total"><ent r="92" t="72" w="266" /></phr></stem><stem n="adopt"><phr n="adoption"><ent r="3" t="2" w="125" /><ent r="2" t="4" w="89" /><ent r="2" t="4" w="103" /></phr></stem><stem n="oo"><phr n="OO"><ent r="3" t="2" w="127" /><ent r="3" t="4" w="682" /><ent r="6" t="5" w="109" /><ent r="3" t="7" w="355" /></phr></stem><stem n="result"><phr n="resulted"><ent r="3" t="2" w="130" /><ent r="4" t="117" w="283" /></phr><phr n="resulting"><ent r="3" t="2" w="197" /><ent r="3" t="2" w="388" /><ent r="3" t="4" w="672" /><ent r="3" t="77" w="35" /><ent r="3" t="77" w="81" /><ent r="4" t="93" w="146" /><ent r="4" t="165" w="186" /><ent r="3" t="176" w="31" /><ent r="3" t="191" w="62" /></phr><phr n="result"><ent r="3" t="2" w="539" /><ent r="3" t="7" w="144" /><ent r="3" t="7" w="429" /><ent r="4" t="14" w="183" /><ent r="4" t="14" w="219" /><ent r="3" t="14" w="273" /><ent r="4" t="14" w="283" /><ent r="4" t="14" w="317" /><ent r="4" t="14" w="433" /><ent r="4" t="14" w="488" /><ent r="4" t="14" w="562" /><ent r="4" t="14" w="615" /><ent r="4" t="14" w="669" /><ent r="4" t="14" w="704" /><ent r="4" t="14" w="742" /><ent r="4" t="14" w="781" /><ent r="4" t="14" w="836" /><ent r="4" t="14" w="873" /><ent r="4" t="14" w="913" /><ent r="4" t="14" w="950" /><ent r="4" t="14" w="1092" /><ent r="4" t="14" w="1128" /><ent r="4" t="14" w="1221" /><ent r="4" t="14" w="1257" /><ent r="4" t="14" w="1296" /><ent r="4" t="14" w="1336" /><ent r="4" t="14" w="1433" /><ent r="4" t="14" w="1467" /><ent r="4" t="14" w="1504" /><ent r="4" t="14" w="1538" /><ent r="3" t="17" w="154" /><ent r="4" t="17" w="247" /><ent r="4" t="17" w="281" /><ent r="4" t="18" w="123" /><ent r="4" t="18" w="157" /><ent r="4" t="18" w="240" /><ent r="4" t="18" w="272" /><ent r="4" t="18" w="373" /><ent r="4" t="18" w="411" /><ent r="4" t="18" w="510" /><ent r="4" t="18" w="554" /><ent r="4" t="18" w="776" /><ent r="4" t="18" w="800" /><ent r="4" t="18" w="927" /><ent r="4" t="18" w="963" /><ent r="4" t="20" w="158" /><ent r="4" t="20" w="192" /><ent r="4" t="20" w="342" /><ent r="4" t="20" w="388" /><ent r="4" t="23" w="124" /><ent r="4" t="23" w="159" /><ent r="4" t="24" w="103" /><ent r="4" t="24" w="138" /><ent r="4" t="24" w="188" /><ent r="4" t="24" w="223" /><ent r="4" t="24" w="304" /><ent r="4" t="24" w="344" /><ent r="4" t="24" w="396" /><ent r="4" t="24" w="432" /><ent r="4" t="24" w="471" /><ent r="4" t="24" w="499" /><ent r="4" t="24" w="547" /><ent r="4" t="24" w="567" /><ent r="4" t="24" w="656" /><ent r="4" t="24" w="702" /><ent r="4" t="24" w="782" /><ent r="4" t="24" w="816" /><ent r="4" t="24" w="891" /><ent r="4" t="24" w="928" /><ent r="3" t="27" w="114" /><ent r="4" t="27" w="127" /><ent r="4" t="27" w="163" /><ent r="4" t="27" w="238" /><ent r="4" t="27" w="284" /><ent r="4" t="27" w="350" /><ent r="4" t="27" w="393" /><ent r="4" t="27" w="434" /><ent r="4" t="27" w="480" /><ent r="4" t="27" w="559" /><ent r="4" t="27" w="613" /><ent r="4" t="27" w="667" /><ent r="4" t="27" w="710" /><ent r="4" t="27" w="911" /><ent r="4" t="27" w="1024" /><ent r="4" t="27" w="1308" /><ent r="4" t="27" w="1356" /><ent r="4" t="28" w="123" /><ent r="4" t="28" w="166" /><ent r="4" t="28" w="272" /><ent r="4" t="28" w="320" /><ent r="4" t="28" w="429" /><ent r="4" t="28" w="474" /><ent r="4" t="28" w="564" /><ent r="4" t="28" w="621" /><ent r="4" t="28" w="977" /><ent r="4" t="28" w="1029" /><ent r="4" t="28" w="1129" /><ent r="4" t="28" w="1201" /><ent r="4" t="29" w="347" /><ent r="4" t="29" w="386" /><ent r="4" t="29" w="468" /><ent r="4" t="29" w="512" /><ent r="4" t="29" w="774" /><ent r="4" t="29" w="824" /><ent r="4" t="30" w="110" /><ent r="4" t="30" w="151" /><ent r="4" t="30" w="227" /><ent r="4" t="30" w="274" /><ent r="4" t="30" w="344" /><ent r="4" t="30" w="385" /><ent r="3" t="31" w="205" /><ent r="3" t="31" w="1458" /><ent r="4" t="31" w="1497" /><ent r="4" t="31" w="1530" /><ent r="3" t="32" w="57" /><ent r="3" t="43" w="27" /><ent r="3" t="45" w="71" /><ent r="4" t="74" w="807" /><ent r="4" t="74" w="829" /><ent r="4" t="74" w="868" /><ent r="4" t="74" w="898" /><ent r="4" t="75" w="699" /><ent r="4" t="75" w="721" /><ent r="4" t="75" w="762" /><ent r="4" t="75" w="792" /><ent r="4" t="112" w="576" /><ent r="4" t="112" w="578" /><ent r="4" t="112" w="579" /><ent r="4" t="112" w="583" /><ent r="4" t="112" w="584" /><ent r="4" t="112" w="591" /><ent r="3" t="164" w="29" /><ent r="4" t="164" w="84" /><ent r="4" t="164" w="106" /><ent r="4" t="164" w="120" /><ent r="4" t="164" w="129" /><ent r="3" t="165" w="16" /><ent r="3" t="165" w="31" /><ent r="3" t="165" w="44" /><ent r="3" t="165" w="58" /><ent r="3" t="165" w="87" /><ent r="3" t="165" w="93" /><ent r="3" t="165" w="109" /><ent r="3" t="165" w="134" /><ent r="3" t="166" w="44" /><ent r="3" t="166" w="116" /><ent r="3" t="166" w="169" /><ent r="4" t="166" w="229" /><ent r="3" t="167" w="68" /><ent r="3" t="167" w="92" /><ent r="3" t="167" w="106" /><ent r="3" t="176" w="202" /><ent r="3" t="185" w="59" /><ent r="3" t="197" w="173" /><ent r="3" t="198" w="64" /><ent r="3" t="198" w="174" /><ent r="3" t="239" w="30" /><ent r="3" t="239" w="37" /><ent r="3" t="241" w="28" /><ent r="3" t="241" w="592" /><ent r="3" t="257" w="574" /><ent r="3" t="262" w="135" /><ent r="3" t="268" w="303" /><ent r="3" t="268" w="474" /><ent r="3" t="274" w="266" /><ent r="5" t="277" w="195" /><ent r="5" t="277" w="248" /><ent r="3" t="285" w="224" /><ent r="3" t="290" w="187" /><ent r="4" t="302" w="165" /><ent r="4" t="302" w="171" /><ent r="4" t="302" w="247" /><ent r="4" t="302" w="261" /></phr><phr n="results"><ent r="3" t="4" w="549" /><ent r="3" t="13" w="312" /><ent r="3" t="19" w="65" /><ent r="3" t="26" w="231" /><ent r="4" t="38" w="294" /><ent r="4" t="38" w="342" /><ent r="4" t="41" w="185" /><ent r="3" t="55" w="59" /><ent r="3" t="164" w="76" /><ent r="4" t="165" w="243" /><ent r="3" t="166" w="53" /><ent r="4" t="166" w="186" /><ent r="3" t="167" w="100" /><ent r="3" t="241" w="21" /><ent r="3" t="272" w="62" /><ent r="3" t="274" w="62" /><ent r="4" t="289" w="137" /></phr><phr n="Result"><ent r="92" t="13" w="305" /><ent r="3" t="290" w="44" /></phr><phr n="Results"><ent r="4" t="289" w="132" /></phr></stem></index>