﻿<?xml version="1.0" encoding="utf-8"?><index><stem n="option"><phr n="options"><ent r="65" t="0" w="167" /><ent r="3" t="77" w="126" /><ent r="3" t="79" w="25" /><ent r="3" t="91" w="54" /><ent r="4" t="92" w="22" /><ent r="3" t="92" w="25" /><ent r="3" t="92" w="33" /><ent r="3" t="92" w="104" /><ent r="6" t="92" w="493" /><ent r="6" t="92" w="554" /><ent r="6" t="93" w="107" /><ent r="3" t="93" w="160" /><ent r="3" t="133" w="104" /><ent r="3" t="133" w="112" /><ent r="3" t="133" w="118" /><ent r="3" t="147" w="82" /><ent r="3" t="265" w="470" /><ent r="64" t="282" w="377" /><ent r="3" t="296" w="58" /><ent r="3" t="299" w="35" /><ent r="4" t="299" w="51" /><ent r="4" t="299" w="63" /><ent r="3" t="299" w="73" /><ent r="3" t="299" w="79" /><ent r="3" t="299" w="91" /><ent r="4" t="299" w="139" /><ent r="3" t="299" w="153" /><ent r="3" t="306" w="327" /><ent r="3" t="309" w="22" /></phr><phr n="option"><ent r="3" t="42" w="741" /><ent r="3" t="85" w="10" /><ent r="6" t="92" w="190" /><ent r="6" t="92" w="199" /><ent r="6" t="92" w="269" /><ent r="3" t="112" w="175" /><ent r="3" t="112" w="179" /><ent r="3" t="112" w="225" /><ent r="3" t="112" w="1348" /><ent r="3" t="145" w="47" /><ent r="2" t="146" w="61" /><ent r="3" t="174" w="208" /><ent r="4" t="178" w="10" /><ent r="4" t="184" w="8" /><ent r="3" t="207" w="22" /><ent r="2" t="212" w="32" /><ent r="2" t="213" w="62" /><ent r="2" t="216" w="40" /><ent r="2" t="217" w="40" /><ent r="2" t="223" w="346" /><ent r="2" t="223" w="465" /><ent r="3" t="230" w="143" /><ent r="3" t="243" w="276" /><ent r="2" t="276" w="253" /><ent r="3" t="285" w="268" /><ent r="3" t="301" w="166" /></phr><phr n="Optionally"><ent r="3" t="49" w="166" /><ent r="64" t="104" w="81" /><ent r="5" t="240" w="371" /><ent r="5" t="240" w="426" /></phr><phr n="optional"><ent r="3" t="92" w="50" /><ent r="64" t="133" w="67" /><ent r="5" t="298" w="160" /><ent r="4" t="305" w="135" /><ent r="4" t="306" w="131" /><ent r="3" t="306" w="349" /><ent r="7" t="313" w="117" /><ent r="6" t="313" w="134" /><ent r="6" t="313" w="147" /><ent r="6" t="313" w="162" /></phr><phr n="Options"><ent r="92" t="282" w="350" /><ent r="3" t="291" w="87" /><ent r="3" t="292" w="269" /></phr><phr n="Optional"><ent r="4" t="304" w="128" /><ent r="4" t="304" w="129" /><ent r="4" t="304" w="217" /><ent r="4" t="304" w="218" /><ent r="4" t="305" w="136" /><ent r="4" t="306" w="132" /><ent r="93" t="308" w="220" /><ent r="93" t="308" w="245" /><ent r="4" t="308" w="282" /><ent r="4" t="308" w="410" /></phr></stem><stem n="how"><phr n="How"><ent r="4" t="0" w="172" /><ent r="3" t="37" w="11" /><ent r="4" t="39" w="325" /><ent r="3" t="40" w="30" /><ent r="3" t="44" w="31" /><ent r="3" t="44" w="87" /><ent r="3" t="60" w="124" /><ent r="3" t="60" w="135" /><ent r="92" t="67" w="89" /><ent r="3" t="73" w="11" /><ent r="64" t="77" w="114" /><ent r="1000" t="78" w="1" /><ent r="102" t="78" w="6" /><ent r="3" t="104" w="7" /><ent r="3" t="110" w="13" /><ent r="64" t="126" w="248" /><ent r="1000" t="128" w="1" /><ent r="102" t="128" w="8" /><ent r="3" t="164" w="15" /><ent r="3" t="231" w="52" /><ent r="3" t="239" w="54" /><ent r="3" t="242" w="13" /><ent r="3" t="261" w="25" /><ent r="67" t="296" w="63" /><ent r="1000" t="297" w="1" /><ent r="102" t="297" w="6" /></phr><phr n="how"><ent r="4" t="0" w="191" /><ent r="3" t="7" w="405" /><ent r="3" t="8" w="306" /><ent r="4" t="9" w="339" /><ent r="3" t="12" w="423" /><ent r="3" t="14" w="1628" /><ent r="3" t="17" w="230" /><ent r="3" t="18" w="103" /><ent r="3" t="38" w="36" /><ent r="3" t="40" w="25" /><ent r="3" t="44" w="42" /><ent r="3" t="44" w="264" /><ent r="3" t="49" w="8" /><ent r="3" t="49" w="14" /><ent r="3" t="49" w="170" /><ent r="3" t="65" w="276" /><ent r="3" t="73" w="113" /><ent r="3" t="77" w="107" /><ent r="3" t="91" w="50" /><ent r="3" t="96" w="98" /><ent r="3" t="101" w="30" /><ent r="4" t="103" w="180" /><ent r="3" t="103" w="211" /><ent r="3" t="117" w="86" /><ent r="3" t="117" w="101" /><ent r="3" t="123" w="145" /><ent r="3" t="123" w="163" /><ent r="3" t="132" w="102" /><ent r="4" t="132" w="162" /><ent r="4" t="132" w="173" /><ent r="4" t="133" w="126" /><ent r="4" t="133" w="137" /><ent r="3" t="134" w="192" /><ent r="3" t="134" w="210" /><ent r="3" t="134" w="225" /><ent r="3" t="134" w="264" /><ent r="3" t="134" w="280" /><ent r="3" t="135" w="111" /><ent r="3" t="135" w="179" /><ent r="3" t="135" w="193" /><ent r="3" t="135" w="207" /><ent r="3" t="136" w="101" /><ent r="3" t="136" w="118" /><ent r="3" t="137" w="103" /><ent r="3" t="137" w="129" /><ent r="3" t="137" w="210" /><ent r="3" t="137" w="236" /><ent r="3" t="138" w="178" /><ent r="3" t="138" w="197" /><ent r="3" t="138" w="215" /><ent r="3" t="138" w="233" /><ent r="3" t="139" w="115" /><ent r="3" t="140" w="172" /><ent r="6" t="143" w="288" /><ent r="3" t="146" w="76" /><ent r="3" t="159" w="15" /><ent r="3" t="160" w="10" /><ent r="3" t="166" w="113" /><ent r="3" t="176" w="11" /><ent r="3" t="176" w="12" /><ent r="3" t="177" w="10" /><ent r="3" t="177" w="44" /><ent r="3" t="188" w="381" /><ent r="3" t="191" w="171" /><ent r="6" t="195" w="86" /><ent r="6" t="195" w="100" /><ent r="6" t="195" w="116" /><ent r="3" t="197" w="165" /><ent r="3" t="197" w="178" /><ent r="3" t="198" w="58" /><ent r="3" t="198" w="166" /><ent r="3" t="198" w="179" /><ent r="3" t="199" w="16" /><ent r="3" t="200" w="71" /><ent r="3" t="201" w="10" /><ent r="3" t="204" w="15" /><ent r="3" t="225" w="64" /><ent r="3" t="226" w="53" /><ent r="3" t="234" w="105" /><ent r="3" t="240" w="34" /><ent r="3" t="240" w="46" /><ent r="3" t="243" w="36" /><ent r="3" t="248" w="12" /><ent r="3" t="249" w="12" /><ent r="3" t="250" w="11" /><ent r="3" t="251" w="12" /><ent r="3" t="254" w="12" /><ent r="3" t="255" w="142" /><ent r="3" t="257" w="14" /><ent r="3" t="260" w="20" /><ent r="3" t="262" w="18" /><ent r="3" t="265" w="435" /><ent r="3" t="265" w="675" /><ent r="3" t="272" w="347" /><ent r="3" t="273" w="180" /><ent r="3" t="280" w="60" /><ent r="3" t="282" w="306" /><ent r="3" t="292" w="174" /><ent r="4" t="294" w="156" /><ent r="3" t="300" w="35" /><ent r="3" t="300" w="49" /><ent r="3" t="306" w="57" /><ent r="3" t="307" w="10" /><ent r="3" t="315" w="16" /></phr></stem><stem n="chang"><phr n="change"><ent r="4" t="0" w="175" /><ent r="6" t="5" w="182" /><ent r="3" t="7" w="589" /><ent r="3" t="10" w="481" /><ent r="3" t="22" w="209" /><ent r="3" t="46" w="28" /><ent r="5" t="49" w="1109" /><ent r="5" t="49" w="1257" /><ent r="4" t="53" w="485" /><ent r="3" t="57" w="29" /><ent r="3" t="65" w="150" /><ent r="3" t="65" w="275" /><ent r="3" t="73" w="92" /><ent r="3" t="75" w="212" /><ent r="4" t="75" w="285" /><ent r="4" t="75" w="386" /><ent r="3" t="79" w="141" /><ent r="3" t="79" w="221" /><ent r="3" t="88" w="37" /><ent r="3" t="112" w="191" /><ent r="5" t="116" w="97" /><ent r="3" t="118" w="132" /><ent r="3" t="121" w="35" /><ent r="3" t="121" w="152" /><ent r="4" t="121" w="178" /><ent r="4" t="121" w="214" /><ent r="3" t="122" w="51" /><ent r="4" t="122" w="79" /><ent r="4" t="122" w="94" /><ent r="4" t="122" w="117" /><ent r="3" t="122" w="146" /><ent r="3" t="122" w="191" /><ent r="3" t="122" w="376" /><ent r="3" t="124" w="313" /><ent r="3" t="125" w="323" /><ent r="2" t="127" w="240" /><ent r="5" t="142" w="130" /><ent r="5" t="142" w="167" /><ent r="5" t="142" w="233" /><ent r="5" t="142" w="271" /><ent r="5" t="142" w="335" /><ent r="5" t="142" w="379" /><ent r="3" t="143" w="59" /><ent r="6" t="143" w="86" /><ent r="8" t="143" w="106" /><ent r="3" t="145" w="25" /><ent r="3" t="148" w="18" /><ent r="3" t="152" w="56" /><ent r="3" t="168" w="19" /><ent r="3" t="169" w="125" /><ent r="3" t="169" w="137" /><ent r="3" t="171" w="39" /><ent r="4" t="171" w="56" /><ent r="4" t="171" w="85" /><ent r="3" t="173" w="71" /><ent r="6" t="173" w="76" /><ent r="8" t="173" w="96" /><ent r="3" t="176" w="104" /><ent r="3" t="176" w="114" /><ent r="3" t="195" w="66" /><ent r="3" t="202" w="73" /><ent r="3" t="204" w="12" /><ent r="4" t="206" w="92" /><ent r="4" t="206" w="121" /><ent r="3" t="209" w="162" /><ent r="3" t="224" w="53" /><ent r="3" t="224" w="72" /><ent r="3" t="224" w="410" /><ent r="3" t="246" w="45" /><ent r="8" t="247" w="97" /><ent r="4" t="259" w="145" /><ent r="4" t="278" w="147" /><ent r="4" t="278" w="168" /><ent r="4" t="278" w="190" /><ent r="3" t="279" w="68" /><ent r="3" t="279" w="78" /><ent r="3" t="289" w="180" /><ent r="3" t="290" w="59" /><ent r="3" t="297" w="617" /><ent r="3" t="300" w="72" /></phr><phr n="changes"><ent r="3" t="2" w="302" /><ent r="3" t="2" w="324" /><ent r="3" t="7" w="573" /><ent r="3" t="33" w="234" /><ent r="3" t="34" w="49" /><ent r="3" t="34" w="75" /><ent r="4" t="34" w="147" /><ent r="4" t="34" w="179" /><ent r="4" t="34" w="233" /><ent r="4" t="34" w="265" /><ent r="3" t="34" w="279" /><ent r="3" t="34" w="462" /><ent r="6" t="37" w="66" /><ent r="6" t="37" w="74" /><ent r="6" t="37" w="83" /><ent r="6" t="37" w="89" /><ent r="6" t="37" w="106" /><ent r="6" t="37" w="110" /><ent r="6" t="37" w="124" /><ent r="6" t="37" w="133" /><ent r="6" t="37" w="156" /><ent r="6" t="37" w="196" /><ent r="3" t="37" w="248" /><ent r="3" t="37" w="263" /><ent r="3" t="44" w="169" /><ent r="3" t="44" w="212" /><ent r="3" t="44" w="230" /><ent r="5" t="45" w="123" /><ent r="5" t="45" w="134" /><ent r="5" t="45" w="236" /><ent r="5" t="45" w="247" /><ent r="5" t="45" w="400" /><ent r="4" t="45" w="419" /><ent r="5" t="45" w="461" /><ent r="4" t="45" w="476" /><ent r="3" t="45" w="668" /><ent r="3" t="46" w="39" /><ent r="5" t="46" w="87" /><ent r="5" t="46" w="98" /><ent r="5" t="46" w="218" /><ent r="5" t="46" w="229" /><ent r="3" t="46" w="354" /><ent r="3" t="47" w="58" /><ent r="4" t="47" w="108" /><ent r="3" t="49" w="155" /><ent r="3" t="66" w="118" /><ent r="3" t="66" w="398" /><ent r="3" t="66" w="415" /><ent r="5" t="66" w="450" /><ent r="5" t="66" w="453" /><ent r="5" t="66" w="465" /><ent r="5" t="66" w="518" /><ent r="5" t="66" w="521" /><ent r="5" t="66" w="535" /><ent r="3" t="101" w="312" /><ent r="3" t="118" w="23" /><ent r="3" t="118" w="36" /><ent r="3" t="118" w="65" /><ent r="3" t="119" w="22" /><ent r="4" t="126" w="97" /><ent r="6" t="143" w="208" /><ent r="3" t="146" w="12" /><ent r="3" t="146" w="20" /><ent r="3" t="153" w="83" /><ent r="3" t="165" w="119" /><ent r="3" t="165" w="126" /><ent r="4" t="166" w="237" /><ent r="4" t="166" w="250" /><ent r="5" t="166" w="257" /><ent r="5" t="166" w="309" /><ent r="3" t="167" w="113" /><ent r="4" t="167" w="133" /><ent r="3" t="178" w="46" /><ent r="3" t="178" w="67" /><ent r="3" t="183" w="24" /><ent r="3" t="183" w="41" /><ent r="3" t="191" w="63" /><ent r="3" t="222" w="12" /><ent r="3" t="222" w="20" /><ent r="3" t="232" w="323" /><ent r="3" t="233" w="602" /><ent r="3" t="252" w="9" /><ent r="3" t="252" w="29" /><ent r="3" t="252" w="35" /><ent r="3" t="252" w="96" /><ent r="3" t="252" w="123" /><ent r="3" t="253" w="337" /><ent r="3" t="254" w="13" /><ent r="5" t="254" w="167" /><ent r="5" t="254" w="311" /><ent r="3" t="260" w="334" /><ent r="3" t="260" w="343" /><ent r="3" t="260" w="348" /><ent r="3" t="264" w="363" /><ent r="5" t="275" w="195" /><ent r="5" t="275" w="206" /><ent r="5" t="275" w="326" /><ent r="5" t="275" w="337" /><ent r="4" t="278" w="114" /><ent r="4" t="286" w="107" /><ent r="4" t="286" w="232" /><ent r="3" t="290" w="69" /></phr><phr n="changing"><ent r="3" t="2" w="551" /><ent r="3" t="7" w="109" /><ent r="3" t="118" w="103" /><ent r="3" t="118" w="186" /><ent r="3" t="122" w="12" /><ent r="4" t="140" w="310" /><ent r="3" t="166" w="378" /><ent r="3" t="208" w="81" /></phr><phr n="changed"><ent r="4" t="33" w="71" /><ent r="3" t="33" w="255" /><ent r="3" t="44" w="194" /><ent r="3" t="48" w="39" /><ent r="3" t="48" w="125" /><ent r="2" t="127" w="253" /><ent r="3" t="146" w="150" /><ent r="3" t="165" w="116" /><ent r="3" t="165" w="153" /><ent r="4" t="165" w="207" /><ent r="5" t="166" w="278" /><ent r="5" t="166" w="284" /><ent r="3" t="181" w="27" /><ent r="3" t="259" w="51" /><ent r="3" t="304" w="91" /></phr><phr n="Change"><ent r="4" t="39" w="236" /><ent r="64" t="118" w="161" /><ent r="1000" t="121" w="3" /><ent r="100" t="121" w="6" /><ent r="100" t="121" w="12" /><ent r="102" t="121" w="18" /><ent r="64" t="122" w="39" /><ent r="4" t="124" w="113" /><ent r="4" t="125" w="119" /><ent r="4" t="129" w="127" /><ent r="4" t="129" w="156" /><ent r="6" t="143" w="115" /><ent r="6" t="143" w="381" /><ent r="6" t="143" w="390" /><ent r="4" t="145" w="63" /><ent r="4" t="145" w="89" /><ent r="4" t="150" w="194" /><ent r="4" t="150" w="222" /><ent r="1000" t="153" w="3" /><ent r="102" t="153" w="8" /><ent r="4" t="158" w="64" /><ent r="4" t="158" w="91" /><ent r="4" t="163" w="49" /><ent r="4" t="163" w="77" /><ent r="4" t="164" w="144" /><ent r="4" t="164" w="173" /><ent r="4" t="168" w="117" /><ent r="4" t="168" w="146" /><ent r="5" t="299" w="531" /></phr><phr n="Changes"><ent r="3" t="44" w="218" /><ent r="64" t="246" w="213" /><ent r="1000" t="252" w="2" /><ent r="102" t="252" w="5" /><ent r="64" t="252" w="103" /><ent r="64" t="253" w="342" /><ent r="1000" t="254" w="3" /><ent r="102" t="254" w="7" /><ent r="64" t="260" w="363" /></phr><phr n="Changed"><ent r="4" t="113" w="75" /></phr><phr n="Changing"><ent r="64" t="158" w="123" /><ent r="1000" t="163" w="1" /><ent r="102" t="163" w="6" /><ent r="1000" t="168" w="1" /><ent r="102" t="168" w="10" /></phr></stem><stem n="storag"><phr n="storage"><ent r="65" t="0" w="178" /><ent r="3" t="2" w="447" /><ent r="3" t="2" w="475" /><ent r="3" t="8" w="375" /><ent r="4" t="36" w="107" /><ent r="4" t="36" w="145" /><ent r="3" t="68" w="81" /><ent r="3" t="68" w="94" /><ent r="4" t="68" w="120" /><ent r="4" t="68" w="147" /><ent r="3" t="79" w="190" /><ent r="3" t="79" w="208" /><ent r="3" t="87" w="20" /><ent r="3" t="87" w="43" /><ent r="3" t="87" w="50" /><ent r="3" t="87" w="64" /><ent r="3" t="87" w="77" /><ent r="4" t="87" w="104" /><ent r="4" t="87" w="143" /><ent r="64" t="106" w="120" /><ent r="3" t="141" w="102" /><ent r="3" t="150" w="59" /><ent r="6" t="173" w="261" /><ent r="6" t="173" w="272" /><ent r="3" t="176" w="206" /><ent r="3" t="179" w="72" /><ent r="3" t="179" w="451" /><ent r="3" t="179" w="460" /><ent r="3" t="185" w="20" /><ent r="3" t="185" w="56" /><ent r="3" t="185" w="69" /><ent r="3" t="185" w="114" /><ent r="4" t="185" w="140" /><ent r="4" t="185" w="167" /><ent r="3" t="186" w="15" /><ent r="65" t="186" w="53" /><ent r="3" t="187" w="9" /><ent r="4" t="187" w="61" /><ent r="4" t="187" w="116" /><ent r="3" t="187" w="128" /><ent r="3" t="187" w="137" /><ent r="3" t="187" w="143" /><ent r="4" t="187" w="198" /><ent r="4" t="187" w="267" /><ent r="4" t="188" w="71" /><ent r="4" t="188" w="107" /><ent r="3" t="188" w="241" /><ent r="4" t="188" w="313" /><ent r="4" t="188" w="365" /><ent r="3" t="188" w="384" /><ent r="4" t="188" w="459" /><ent r="4" t="188" w="503" /><ent r="3" t="188" w="519" /><ent r="3" t="188" w="586" /><ent r="3" t="188" w="609" /><ent r="4" t="189" w="44" /><ent r="4" t="189" w="71" /><ent r="3" t="190" w="15" /><ent r="4" t="190" w="107" /><ent r="4" t="190" w="176" /><ent r="4" t="190" w="411" /><ent r="4" t="190" w="415" /><ent r="4" t="190" w="426" /><ent r="4" t="190" w="438" /><ent r="4" t="190" w="502" /><ent r="4" t="190" w="513" /><ent r="4" t="190" w="533" /><ent r="4" t="190" w="562" /><ent r="5" t="191" w="203" /><ent r="4" t="191" w="238" /><ent r="5" t="191" w="271" /><ent r="4" t="191" w="317" /><ent r="3" t="192" w="21" /><ent r="3" t="192" w="33" /><ent r="3" t="192" w="35" /><ent r="3" t="192" w="63" /><ent r="3" t="193" w="17" /><ent r="4" t="193" w="80" /><ent r="4" t="193" w="88" /><ent r="4" t="193" w="95" /><ent r="4" t="193" w="97" /><ent r="4" t="193" w="112" /><ent r="4" t="193" w="124" /><ent r="4" t="193" w="128" /><ent r="4" t="193" w="311" /><ent r="4" t="193" w="322" /><ent r="4" t="193" w="327" /><ent r="4" t="193" w="333" /><ent r="4" t="193" w="356" /><ent r="4" t="193" w="371" /><ent r="4" t="193" w="377" /><ent r="3" t="194" w="23" /><ent r="3" t="194" w="25" /><ent r="4" t="194" w="67" /><ent r="4" t="194" w="114" /><ent r="64" t="266" w="106" /><ent r="3" t="266" w="503" /><ent r="3" t="266" w="511" /><ent r="3" t="266" w="522" /><ent r="3" t="266" w="557" /><ent r="3" t="266" w="563" /><ent r="4" t="266" w="596" /><ent r="4" t="266" w="643" /><ent r="65" t="278" w="82" /><ent r="4" t="278" w="85" /><ent r="3" t="281" w="312" /><ent r="64" t="282" w="337" /></phr><phr n="Storage"><ent r="66" t="36" w="93" /><ent r="4" t="36" w="132" /><ent r="126" t="79" w="213" /><ent r="1000" t="87" w="2" /><ent r="102" t="87" w="8" /><ent r="66" t="105" w="43" /><ent r="68" t="173" w="268" /><ent r="1000" t="185" w="2" /><ent r="102" t="185" w="6" /><ent r="1000" t="186" w="1" /><ent r="100" t="186" w="3" /><ent r="102" t="186" w="5" /><ent r="64" t="186" w="79" /><ent r="66" t="187" w="42" /><ent r="4" t="187" w="92" /><ent r="4" t="187" w="181" /><ent r="4" t="187" w="244" /><ent r="1000" t="188" w="2" /><ent r="100" t="188" w="8" /><ent r="102" t="188" w="12" /><ent r="66" t="188" w="54" /><ent r="4" t="188" w="100" /><ent r="4" t="188" w="296" /><ent r="4" t="188" w="342" /><ent r="4" t="188" w="452" /><ent r="4" t="188" w="496" /><ent r="100" t="190" w="4" /><ent r="66" t="190" w="89" /><ent r="4" t="190" w="153" /><ent r="65" t="191" w="11" /><ent r="4" t="191" w="220" /><ent r="4" t="191" w="293" /><ent r="1000" t="192" w="2" /><ent r="102" t="192" w="5" /><ent r="65" t="192" w="12" /><ent r="3" t="192" w="54" /><ent r="1000" t="193" w="2" /><ent r="102" t="193" w="5" /><ent r="66" t="193" w="70" /><ent r="4" t="193" w="298" /><ent r="5" t="193" w="590" /><ent r="5" t="193" w="599" /><ent r="1000" t="194" w="2" /><ent r="102" t="194" w="10" /><ent r="65" t="194" w="31" /><ent r="4" t="194" w="47" /><ent r="4" t="194" w="88" /><ent r="67" t="245" w="215" /><ent r="92" t="266" w="486" /><ent r="66" t="266" w="575" /><ent r="4" t="266" w="617" /><ent r="92" t="282" w="298" /></phr><phr n="storages"><ent r="65" t="186" w="41" /><ent r="3" t="188" w="533" /></phr></stem><stem n=","><phr n=","><ent r="4" t="0" w="181" /><ent r="4" t="0" w="224" /><ent r="4" t="0" w="228" /><ent r="4" t="0" w="231" /><ent r="4" t="0" w="320" /><ent r="4" t="0" w="330" /><ent r="4" t="0" w="333" /><ent r="3" t="0" w="356" /><ent r="3" t="0" w="377" /><ent r="3" t="1" w="19" /><ent r="3" t="1" w="29" /><ent r="3" t="1" w="54" /><ent r="3" t="1" w="58" /><ent r="4" t="1" w="81" /><ent r="4" t="1" w="83" /><ent r="4" t="1" w="84" /><ent r="4" t="1" w="85" /><ent r="4" t="1" w="86" /><ent r="4" t="1" w="87" /><ent r="4" t="1" w="88" /><ent r="4" t="1" w="94" /><ent r="4" t="1" w="98" /><ent r="4" t="1" w="100" /><ent r="4" t="1" w="101" /><ent r="4" t="1" w="104" /><ent r="4" t="1" w="107" /><ent r="4" t="1" w="109" /><ent r="4" t="1" w="112" /><ent r="4" t="1" w="114" /><ent r="4" t="1" w="116" /><ent r="4" t="1" w="117" /><ent r="4" t="1" w="122" /><ent r="4" t="1" w="124" /><ent r="4" t="1" w="125" /><ent r="4" t="1" w="131" /><ent r="4" t="1" w="134" /><ent r="4" t="1" w="135" /><ent r="4" t="1" w="137" /><ent r="3" t="1" w="150" /><ent r="3" t="1" w="154" /><ent r="3" t="1" w="164" /><ent r="3" t="1" w="167" /><ent r="3" t="1" w="170" /><ent r="3" t="1" w="242" /><ent r="3" t="1" w="279" /><ent r="3" t="1" w="280" /><ent r="3" t="1" w="300" /><ent r="3" t="1" w="342" /><ent r="3" t="1" w="343" /><ent r="3" t="1" w="345" /><ent r="3" t="1" w="367" /><ent r="3" t="1" w="369" /><ent r="3" t="2" w="48" /><ent r="3" t="2" w="60" /><ent r="3" t="2" w="91" /><ent r="3" t="2" w="92" /><ent r="3" t="2" w="93" /><ent r="3" t="2" w="100" /><ent r="3" t="2" w="101" /><ent r="3" t="2" w="110" /><ent r="3" t="2" w="143" /><ent r="3" t="2" w="176" /><ent r="3" t="2" w="185" /><ent r="3" t="2" w="196" /><ent r="3" t="2" w="212" /><ent r="3" t="2" w="215" /><ent r="3" t="2" w="234" /><ent r="3" t="2" w="236" /><ent r="3" t="2" w="265" /><ent r="3" t="2" w="288" /><ent r="3" t="2" w="295" /><ent r="3" t="2" w="301" /><ent r="3" t="2" w="320" /><ent r="3" t="2" w="406" /><ent r="3" t="2" w="427" /><ent r="3" t="2" w="444" /><ent r="3" t="2" w="467" /><ent r="3" t="2" w="478" /><ent r="3" t="2" w="540" /><ent r="3" t="2" w="614" /><ent r="3" t="2" w="616" /><ent r="3" t="2" w="620" /><ent r="3" t="2" w="648" /><ent r="3" t="3" w="15" /><ent r="3" t="3" w="77" /><ent r="3" t="3" w="83" /><ent r="3" t="3" w="130" /><ent r="2" t="4" w="42" /><ent r="2" t="4" w="65" /><ent r="2" t="4" w="66" /><ent r="2" t="4" w="83" /><ent r="2" t="4" w="113" /><ent r="2" t="4" w="115" /><ent r="3" t="4" w="155" /><ent r="3" t="4" w="162" /><ent r="3" t="4" w="170" /><ent r="3" t="4" w="183" /><ent r="3" t="4" w="184" /><ent r="3" t="4" w="187" /><ent r="3" t="4" w="191" /><ent r="3" t="4" w="200" /><ent r="3" t="4" w="215" /><ent r="3" t="4" w="218" /><ent r="3" t="4" w="221" /><ent r="3" t="4" w="224" /><ent r="3" t="4" w="241" /><ent r="3" t="4" w="242" /><ent r="3" t="4" w="252" /><ent r="3" t="4" w="277" /><ent r="3" t="4" w="322" /><ent r="3" t="4" w="334" /><ent r="3" t="4" w="350" /><ent r="3" t="4" w="383" /><ent r="3" t="4" w="384" /><ent r="3" t="4" w="425" /><ent r="3" t="4" w="426" /><ent r="3" t="4" w="434" /><ent r="3" t="4" w="493" /><ent r="3" t="4" w="529" /><ent r="3" t="4" w="561" /><ent r="3" t="4" w="583" /><ent r="3" t="4" w="587" /><ent r="3" t="4" w="609" /><ent r="3" t="4" w="623" /><ent r="3" t="4" w="624" /><ent r="3" t="4" w="643" /><ent r="3" t="4" w="662" /><ent r="3" t="4" w="672" /><ent r="3" t="4" w="676" /><ent r="3" t="4" w="687" /><ent r="3" t="5" w="27" /><ent r="3" t="5" w="37" /><ent r="6" t="5" w="74" /><ent r="6" t="5" w="77" /><ent r="6" t="5" w="236" /><ent r="6" t="5" w="255" /><ent r="6" t="5" w="285" /><ent r="6" t="5" w="319" /><ent r="6" t="5" w="336" /><ent r="3" t="5" w="376" /><ent r="3" t="5" w="388" /><ent r="3" t="5" w="416" /><ent r="3" t="5" w="489" /><ent r="3" t="5" w="510" /><ent r="3" t="6" w="27" /><ent r="3" t="6" w="37" /><ent r="3" t="6" w="73" /><ent r="3" t="6" w="88" /><ent r="3" t="7" w="34" /><ent r="3" t="7" w="49" /><ent r="3" t="7" w="63" /><ent r="3" t="7" w="87" /><ent r="3" t="7" w="91" /><ent r="3" t="7" w="111" /><ent r="3" t="7" w="145" /><ent r="3" t="7" w="162" /><ent r="3" t="7" w="177" /><ent r="3" t="7" w="247" /><ent r="3" t="7" w="255" /><ent r="3" t="7" w="256" /><ent r="3" t="7" w="282" /><ent r="3" t="7" w="302" /><ent r="3" t="7" w="340" /><ent r="3" t="7" w="357" /><ent r="3" t="7" w="376" /><ent r="3" t="7" w="397" /><ent r="3" t="7" w="400" /><ent r="3" t="7" w="430" /><ent r="3" t="7" w="439" /><ent r="3" t="7" w="445" /><ent r="3" t="7" w="472" /><ent r="3" t="7" w="495" /><ent r="3" t="7" w="506" /><ent r="3" t="7" w="531" /><ent r="3" t="7" w="537" /><ent r="3" t="7" w="557" /><ent r="3" t="7" w="578" /><ent r="3" t="7" w="596" /><ent r="3" t="7" w="612" /><ent r="3" t="7" w="635" /><ent r="3" t="7" w="650" /><ent r="3" t="7" w="653" /><ent r="3" t="7" w="668" /><ent r="3" t="7" w="679" /><ent r="3" t="8" w="62" /><ent r="3" t="8" w="63" /><ent r="3" t="8" w="64" /><ent r="3" t="8" w="320" /><ent r="3" t="8" w="363" /><ent r="3" t="8" w="367" /><ent r="3" t="9" w="51" /><ent r="3" t="9" w="53" /><ent r="3" t="9" w="177" /><ent r="3" t="9" w="271" /><ent r="5" t="9" w="377" /><ent r="3" t="9" w="402" /><ent r="3" t="10" w="198" /><ent r="3" t="11" w="61" /><ent r="3" t="11" w="95" /><ent r="3" t="11" w="113" /><ent r="3" t="11" w="136" /><ent r="3" t="11" w="139" /><ent r="3" t="12" w="12" /><ent r="3" t="12" w="22" /><ent r="3" t="12" w="131" /><ent r="3" t="12" w="204" /><ent r="3" t="13" w="12" /><ent r="3" t="14" w="368" /><ent r="3" t="14" w="405" /><ent r="3" t="14" w="533" /><ent r="82" t="14" w="1044" /><ent r="82" t="14" w="1045" /><ent r="82" t="14" w="1046" /><ent r="3" t="14" w="1069" /><ent r="3" t="14" w="1070" /><ent r="3" t="14" w="1409" /><ent r="3" t="15" w="222" /><ent r="4" t="15" w="264" /><ent r="4" t="15" w="314" /><ent r="3" t="15" w="335" /><ent r="3" t="15" w="397" /><ent r="3" t="15" w="420" /><ent r="3" t="15" w="795" /><ent r="3" t="15" w="819" /><ent r="3" t="16" w="22" /><ent r="3" t="16" w="96" /><ent r="3" t="16" w="120" /><ent r="3" t="17" w="79" /><ent r="3" t="18" w="878" /><ent r="4" t="18" w="925" /><ent r="4" t="18" w="1026" /><ent r="3" t="19" w="58" /><ent r="4" t="19" w="88" /><ent r="4" t="19" w="129" /><ent r="4" t="19" w="193" /><ent r="3" t="20" w="101" /><ent r="3" t="20" w="313" /><ent r="5" t="20" w="486" /><ent r="5" t="20" w="503" /><ent r="3" t="23" w="98" /><ent r="3" t="23" w="207" /><ent r="3" t="24" w="58" /><ent r="4" t="25" w="29" /><ent r="4" t="25" w="30" /><ent r="4" t="25" w="42" /><ent r="3" t="26" w="24" /><ent r="3" t="26" w="39" /><ent r="3" t="26" w="90" /><ent r="3" t="26" w="224" /><ent r="3" t="27" w="31" /><ent r="3" t="27" w="47" /><ent r="5" t="27" w="837" /><ent r="5" t="27" w="857" /><ent r="5" t="27" w="885" /><ent r="5" t="27" w="944" /><ent r="5" t="27" w="953" /><ent r="5" t="27" w="969" /><ent r="3" t="27" w="1056" /><ent r="3" t="27" w="1096" /><ent r="3" t="27" w="1111" /><ent r="5" t="27" w="1140" /><ent r="5" t="27" w="1205" /><ent r="3" t="27" w="1275" /><ent r="3" t="28" w="199" /><ent r="3" t="28" w="216" /><ent r="3" t="28" w="363" /><ent r="3" t="28" w="661" /><ent r="3" t="28" w="693" /><ent r="5" t="28" w="737" /><ent r="4" t="28" w="759" /><ent r="5" t="28" w="809" /><ent r="4" t="28" w="834" /><ent r="3" t="28" w="1077" /><ent r="3" t="29" w="44" /><ent r="3" t="29" w="99" /><ent r="3" t="29" w="312" /><ent r="3" t="29" w="437" /><ent r="3" t="30" w="47" /><ent r="3" t="30" w="87" /><ent r="3" t="30" w="310" /><ent r="4" t="30" w="420" /><ent r="4" t="30" w="486" /><ent r="3" t="31" w="299" /><ent r="3" t="31" w="462" /><ent r="82" t="31" w="1103" /><ent r="82" t="31" w="1104" /><ent r="82" t="31" w="1105" /><ent r="3" t="31" w="1128" /><ent r="3" t="31" w="1129" /><ent r="3" t="32" w="156" /><ent r="3" t="32" w="174" /><ent r="4" t="33" w="95" /><ent r="4" t="33" w="99" /><ent r="3" t="33" w="224" /><ent r="3" t="34" w="48" /><ent r="3" t="34" w="64" /><ent r="3" t="34" w="87" /><ent r="3" t="34" w="280" /><ent r="3" t="34" w="314" /><ent r="3" t="34" w="491" /><ent r="3" t="34" w="511" /><ent r="3" t="34" w="538" /><ent r="3" t="35" w="46" /><ent r="4" t="35" w="175" /><ent r="4" t="35" w="176" /><ent r="3" t="35" w="444" /><ent r="3" t="37" w="17" /><ent r="6" t="37" w="77" /><ent r="6" t="37" w="117" /><ent r="6" t="37" w="127" /><ent r="6" t="37" w="172" /><ent r="6" t="37" w="180" /><ent r="6" t="37" w="213" /><ent r="3" t="37" w="247" /><ent r="3" t="38" w="108" /><ent r="3" t="38" w="466" /><ent r="3" t="39" w="89" /><ent r="3" t="39" w="99" /><ent r="3" t="39" w="102" /><ent r="3" t="39" w="113" /><ent r="3" t="39" w="126" /><ent r="3" t="39" w="164" /><ent r="3" t="39" w="189" /><ent r="4" t="39" w="258" /><ent r="3" t="39" w="367" /><ent r="3" t="40" w="44" /><ent r="3" t="40" w="100" /><ent r="3" t="40" w="138" /><ent r="3" t="40" w="169" /><ent r="3" t="40" w="189" /><ent r="3" t="40" w="225" /><ent r="3" t="41" w="38" /><ent r="3" t="41" w="86" /><ent r="3" t="41" w="105" /><ent r="3" t="41" w="159" /><ent r="4" t="41" w="203" /><ent r="4" t="41" w="208" /><ent r="4" t="42" w="92" /><ent r="4" t="42" w="216" /><ent r="3" t="42" w="324" /><ent r="3" t="42" w="346" /><ent r="3" t="42" w="352" /><ent r="3" t="42" w="551" /><ent r="3" t="43" w="20" /><ent r="3" t="43" w="39" /><ent r="3" t="43" w="113" /><ent r="3" t="44" w="42" /><ent r="3" t="44" w="131" /><ent r="3" t="44" w="165" /><ent r="3" t="44" w="210" /><ent r="3" t="44" w="244" /><ent r="3" t="45" w="62" /><ent r="5" t="45" w="121" /><ent r="5" t="45" w="131" /><ent r="5" t="45" w="234" /><ent r="5" t="45" w="244" /><ent r="3" t="45" w="337" /><ent r="3" t="46" w="38" /><ent r="5" t="46" w="85" /><ent r="5" t="46" w="95" /><ent r="5" t="46" w="136" /><ent r="5" t="46" w="216" /><ent r="5" t="46" w="226" /><ent r="5" t="46" w="285" /><ent r="3" t="46" w="346" /><ent r="3" t="48" w="226" /><ent r="3" t="49" w="66" /><ent r="3" t="49" w="149" /><ent r="3" t="49" w="267" /><ent r="3" t="49" w="328" /><ent r="3" t="49" w="462" /><ent r="5" t="49" w="817" /><ent r="5" t="49" w="919" /><ent r="5" t="49" w="1062" /><ent r="5" t="49" w="1203" /><ent r="3" t="49" w="1302" /><ent r="3" t="50" w="104" /><ent r="4" t="50" w="126" /><ent r="4" t="50" w="157" /><ent r="4" t="50" w="161" /><ent r="4" t="50" w="305" /><ent r="4" t="50" w="338" /><ent r="4" t="50" w="529" /><ent r="4" t="50" w="582" /><ent r="5" t="50" w="735" /><ent r="5" t="50" w="812" /><ent r="3" t="50" w="878" /><ent r="3" t="51" w="66" /><ent r="4" t="53" w="105" /><ent r="4" t="53" w="475" /><ent r="4" t="53" w="494" /><ent r="6" t="53" w="510" /><ent r="6" t="53" w="588" /><ent r="4" t="53" w="706" /><ent r="3" t="55" w="23" /><ent r="3" t="55" w="53" /><ent r="3" t="55" w="172" /><ent r="3" t="55" w="177" /><ent r="3" t="55" w="197" /><ent r="3" t="55" w="266" /><ent r="4" t="56" w="259" /><ent r="4" t="56" w="302" /><ent r="3" t="56" w="331" /><ent r="3" t="56" w="354" /><ent r="3" t="57" w="165" /><ent r="3" t="58" w="25" /><ent r="3" t="59" w="29" /><ent r="3" t="59" w="106" /><ent r="4" t="59" w="311" /><ent r="4" t="59" w="355" /><ent r="4" t="59" w="369" /><ent r="3" t="61" w="33" /><ent r="3" t="61" w="57" /><ent r="3" t="62" w="38" /><ent r="3" t="62" w="39" /><ent r="4" t="62" w="41" /><ent r="4" t="62" w="42" /><ent r="3" t="62" w="61" /><ent r="3" t="62" w="73" /><ent r="3" t="62" w="112" /><ent r="4" t="62" w="124" /><ent r="3" t="62" w="148" /><ent r="3" t="62" w="231" /><ent r="4" t="64" w="104" /><ent r="4" t="64" w="146" /><ent r="4" t="64" w="201" /><ent r="4" t="64" w="256" /><ent r="3" t="66" w="103" /><ent r="3" t="66" w="140" /><ent r="3" t="66" w="381" /><ent r="3" t="66" w="398" /><ent r="3" t="66" w="581" /><ent r="5" t="66" w="627" /><ent r="5" t="66" w="715" /><ent r="3" t="67" w="223" /><ent r="3" t="67" w="245" /><ent r="3" t="68" w="177" /><ent r="3" t="69" w="38" /><ent r="3" t="69" w="60" /><ent r="3" t="69" w="78" /><ent r="3" t="69" w="83" /><ent r="3" t="69" w="86" /><ent r="3" t="70" w="75" /><ent r="3" t="70" w="247" /><ent r="3" t="70" w="252" /><ent r="4" t="70" w="371" /><ent r="4" t="70" w="403" /><ent r="4" t="70" w="513" /><ent r="4" t="70" w="550" /><ent r="3" t="70" w="618" /><ent r="4" t="70" w="684" /><ent r="4" t="70" w="759" /><ent r="3" t="71" w="14" /><ent r="3" t="71" w="129" /><ent r="3" t="71" w="141" /><ent r="4" t="72" w="44" /><ent r="4" t="72" w="78" /><ent r="3" t="72" w="106" /><ent r="3" t="72" w="128" /><ent r="4" t="72" w="181" /><ent r="4" t="72" w="216" /><ent r="4" t="72" w="283" /><ent r="3" t="73" w="53" /><ent r="3" t="73" w="72" /><ent r="3" t="73" w="94" /><ent r="3" t="73" w="99" /><ent r="3" t="73" w="186" /><ent r="3" t="73" w="256" /><ent r="3" t="74" w="39" /><ent r="4" t="74" w="82" /><ent r="3" t="74" w="109" /><ent r="4" t="74" w="169" /><ent r="4" t="74" w="222" /><ent r="3" t="74" w="258" /><ent r="3" t="74" w="1119" /><ent r="4" t="76" w="97" /><ent r="4" t="76" w="150" /><ent r="3" t="76" w="548" /><ent r="4" t="76" w="655" /><ent r="4" t="76" w="656" /><ent r="3" t="76" w="924" /><ent r="3" t="77" w="20" /><ent r="3" t="77" w="35" /><ent r="3" t="78" w="91" /><ent r="4" t="78" w="137" /><ent r="4" t="78" w="162" /><ent r="3" t="78" w="189" /><ent r="4" t="80" w="141" /><ent r="4" t="80" w="178" /><ent r="3" t="87" w="29" /><ent r="3" t="88" w="52" /><ent r="3" t="88" w="57" /><ent r="3" t="88" w="69" /><ent r="4" t="88" w="97" /><ent r="4" t="88" w="102" /><ent r="4" t="88" w="146" /><ent r="4" t="88" w="151" /><ent r="3" t="90" w="19" /><ent r="3" t="90" w="62" /><ent r="3" t="90" w="64" /><ent r="3" t="90" w="83" /><ent r="3" t="90" w="147" /><ent r="3" t="90" w="175" /><ent r="3" t="90" w="227" /><ent r="3" t="90" w="286" /><ent r="3" t="90" w="292" /><ent r="3" t="90" w="304" /><ent r="4" t="90" w="327" /><ent r="4" t="90" w="353" /><ent r="3" t="92" w="42" /><ent r="6" t="92" w="241" /><ent r="6" t="92" w="263" /><ent r="6" t="92" w="356" /><ent r="6" t="92" w="390" /><ent r="5" t="93" w="120" /><ent r="3" t="94" w="12" /><ent r="3" t="94" w="16" /><ent r="3" t="95" w="61" /><ent r="4" t="95" w="149" /><ent r="4" t="95" w="150" /><ent r="3" t="96" w="71" /><ent r="4" t="96" w="228" /><ent r="4" t="96" w="265" /><ent r="3" t="96" w="321" /><ent r="4" t="96" w="345" /><ent r="4" t="96" w="434" /><ent r="3" t="96" w="529" /><ent r="3" t="96" w="618" /><ent r="3" t="96" w="638" /><ent r="3" t="96" w="653" /><ent r="3" t="96" w="677" /><ent r="4" t="96" w="700" /><ent r="4" t="96" w="832" /><ent r="4" t="96" w="1006" /><ent r="3" t="98" w="15" /><ent r="4" t="98" w="19" /><ent r="3" t="99" w="16" /><ent r="3" t="99" w="36" /><ent r="3" t="99" w="52" /><ent r="4" t="99" w="263" /><ent r="4" t="99" w="272" /><ent r="4" t="99" w="340" /><ent r="4" t="99" w="349" /><ent r="3" t="99" w="432" /><ent r="3" t="99" w="876" /><ent r="3" t="99" w="896" /><ent r="4" t="99" w="926" /><ent r="4" t="99" w="958" /><ent r="3" t="99" w="1036" /><ent r="3" t="100" w="40" /><ent r="3" t="100" w="58" /><ent r="3" t="100" w="70" /><ent r="4" t="100" w="93" /><ent r="4" t="100" w="171" /><ent r="3" t="100" w="359" /><ent r="3" t="100" w="373" /><ent r="3" t="101" w="91" /><ent r="4" t="101" w="124" /><ent r="4" t="101" w="219" /><ent r="3" t="101" w="331" /><ent r="4" t="103" w="90" /><ent r="4" t="103" w="91" /><ent r="4" t="103" w="92" /><ent r="4" t="103" w="159" /><ent r="3" t="103" w="216" /><ent r="3" t="104" w="112" /><ent r="3" t="104" w="131" /><ent r="3" t="104" w="154" /><ent r="3" t="104" w="171" /><ent r="3" t="105" w="20" /><ent r="3" t="105" w="21" /><ent r="3" t="105" w="22" /><ent r="3" t="105" w="30" /><ent r="3" t="105" w="163" /><ent r="3" t="105" w="174" /><ent r="3" t="105" w="194" /><ent r="3" t="106" w="25" /><ent r="3" t="106" w="117" /><ent r="3" t="106" w="132" /><ent r="4" t="106" w="407" /><ent r="3" t="107" w="28" /><ent r="3" t="107" w="73" /><ent r="3" t="107" w="80" /><ent r="3" t="107" w="113" /><ent r="3" t="108" w="17" /><ent r="3" t="108" w="22" /><ent r="3" t="108" w="53" /><ent r="3" t="108" w="82" /><ent r="3" t="109" w="14" /><ent r="3" t="109" w="63" /><ent r="3" t="109" w="216" /><ent r="3" t="109" w="254" /><ent r="3" t="109" w="264" /><ent r="3" t="109" w="289" /><ent r="5" t="109" w="322" /><ent r="4" t="109" w="383" /><ent r="5" t="109" w="432" /><ent r="4" t="109" w="478" /><ent r="3" t="111" w="14" /><ent r="3" t="111" w="17" /><ent r="3" t="111" w="18" /><ent r="3" t="111" w="29" /><ent r="3" t="111" w="33" /><ent r="3" t="111" w="34" /><ent r="3" t="111" w="35" /><ent r="3" t="111" w="36" /><ent r="3" t="111" w="37" /><ent r="3" t="111" w="38" /><ent r="3" t="111" w="39" /><ent r="3" t="111" w="60" /><ent r="3" t="111" w="82" /><ent r="3" t="112" w="29" /><ent r="3" t="112" w="121" /><ent r="3" t="112" w="151" /><ent r="3" t="112" w="170" /><ent r="3" t="112" w="197" /><ent r="3" t="112" w="205" /><ent r="3" t="112" w="213" /><ent r="3" t="112" w="236" /><ent r="3" t="112" w="237" /><ent r="3" t="112" w="270" /><ent r="4" t="112" w="299" /><ent r="4" t="112" w="315" /><ent r="4" t="112" w="331" /><ent r="4" t="112" w="347" /><ent r="4" t="112" w="363" /><ent r="4" t="112" w="396" /><ent r="4" t="112" w="400" /><ent r="4" t="112" w="473" /><ent r="4" t="112" w="486" /><ent r="4" t="112" w="523" /><ent r="4" t="112" w="536" /><ent r="4" t="112" w="614" /><ent r="4" t="112" w="615" /><ent r="4" t="112" w="616" /><ent r="4" t="112" w="653" /><ent r="4" t="112" w="670" /><ent r="4" t="112" w="687" /><ent r="4" t="112" w="704" /><ent r="4" t="112" w="721" /><ent r="4" t="112" w="771" /><ent r="4" t="112" w="780" /><ent r="4" t="112" w="920" /><ent r="4" t="112" w="934" /><ent r="4" t="112" w="1000" /><ent r="4" t="112" w="1014" /><ent r="4" t="112" w="1129" /><ent r="5" t="112" w="1214" /><ent r="5" t="112" w="1276" /><ent r="3" t="112" w="1349" /><ent r="3" t="114" w="128" /><ent r="3" t="114" w="203" /><ent r="4" t="114" w="307" /><ent r="4" t="114" w="337" /><ent r="4" t="114" w="341" /><ent r="4" t="114" w="394" /><ent r="4" t="114" w="450" /><ent r="4" t="114" w="514" /><ent r="4" t="114" w="523" /><ent r="4" t="114" w="626" /><ent r="3" t="115" w="15" /><ent r="3" t="115" w="86" /><ent r="5" t="116" w="133" /><ent r="3" t="117" w="37" /><ent r="3" t="117" w="99" /><ent r="4" t="117" w="114" /><ent r="4" t="117" w="169" /><ent r="3" t="117" w="252" /><ent r="3" t="117" w="593" /><ent r="3" t="118" w="28" /><ent r="3" t="118" w="50" /><ent r="4" t="119" w="33" /><ent r="4" t="119" w="62" /><ent r="3" t="120" w="32" /><ent r="3" t="121" w="41" /><ent r="3" t="121" w="61" /><ent r="3" t="121" w="69" /><ent r="3" t="121" w="79" /><ent r="3" t="121" w="106" /><ent r="4" t="121" w="311" /><ent r="4" t="121" w="479" /><ent r="3" t="121" w="601" /><ent r="3" t="121" w="627" /><ent r="3" t="122" w="157" /><ent r="4" t="123" w="109" /><ent r="4" t="124" w="109" /><ent r="4" t="124" w="130" /><ent r="4" t="125" w="115" /><ent r="4" t="125" w="138" /><ent r="4" t="126" w="202" /><ent r="2" t="127" w="248" /><ent r="3" t="128" w="27" /><ent r="6" t="128" w="189" /><ent r="6" t="128" w="190" /><ent r="6" t="128" w="193" /><ent r="6" t="128" w="249" /><ent r="6" t="128" w="250" /><ent r="6" t="128" w="253" /><ent r="3" t="129" w="57" /><ent r="3" t="129" w="60" /><ent r="3" t="129" w="73" /><ent r="3" t="129" w="76" /><ent r="4" t="130" w="154" /><ent r="4" t="130" w="177" /><ent r="4" t="130" w="409" /><ent r="4" t="130" w="451" /><ent r="3" t="131" w="103" /><ent r="3" t="131" w="117" /><ent r="3" t="131" w="131" /><ent r="3" t="131" w="135" /><ent r="3" t="131" w="195" /><ent r="3" t="132" w="36" /><ent r="3" t="132" w="39" /><ent r="3" t="132" w="85" /><ent r="3" t="132" w="94" /><ent r="4" t="132" w="178" /><ent r="3" t="133" w="105" /><ent r="4" t="133" w="142" /><ent r="4" t="133" w="352" /><ent r="4" t="133" w="424" /><ent r="3" t="134" w="250" /><ent r="3" t="135" w="45" /><ent r="3" t="135" w="142" /><ent r="3" t="137" w="114" /><ent r="3" t="137" w="142" /><ent r="3" t="137" w="160" /><ent r="3" t="137" w="166" /><ent r="3" t="137" w="225" /><ent r="3" t="139" w="139" /><ent r="3" t="140" w="117" /><ent r="4" t="140" w="208" /><ent r="4" t="140" w="286" /><ent r="4" t="140" w="402" /><ent r="3" t="141" w="79" /><ent r="4" t="141" w="154" /><ent r="4" t="141" w="254" /><ent r="3" t="141" w="372" /><ent r="3" t="142" w="33" /><ent r="3" t="142" w="50" /><ent r="3" t="142" w="75" /><ent r="4" t="142" w="246" /><ent r="4" t="142" w="289" /><ent r="4" t="142" w="347" /><ent r="4" t="142" w="348" /><ent r="4" t="142" w="351" /><ent r="4" t="142" w="396" /><ent r="4" t="142" w="397" /><ent r="4" t="142" w="400" /><ent r="3" t="145" w="110" /><ent r="3" t="145" w="118" /><ent r="3" t="145" w="124" /><ent r="3" t="145" w="150" /><ent r="3" t="146" w="141" /><ent r="3" t="146" w="183" /><ent r="3" t="147" w="28" /><ent r="3" t="147" w="39" /><ent r="4" t="147" w="126" /><ent r="3" t="147" w="184" /><ent r="3" t="147" w="208" /><ent r="4" t="147" w="278" /><ent r="4" t="147" w="312" /><ent r="4" t="147" w="356" /><ent r="4" t="147" w="390" /><ent r="3" t="148" w="50" /><ent r="3" t="148" w="167" /><ent r="3" t="148" w="174" /><ent r="3" t="148" w="197" /><ent r="3" t="149" w="20" /><ent r="3" t="149" w="71" /><ent r="3" t="150" w="33" /><ent r="3" t="150" w="65" /><ent r="3" t="150" w="113" /><ent r="3" t="150" w="161" /><ent r="3" t="151" w="21" /><ent r="3" t="151" w="41" /><ent r="3" t="151" w="46" /><ent r="3" t="151" w="57" /><ent r="3" t="151" w="80" /><ent r="3" t="152" w="72" /><ent r="3" t="153" w="41" /><ent r="3" t="153" w="57" /><ent r="3" t="155" w="19" /><ent r="3" t="155" w="34" /><ent r="3" t="156" w="90" /><ent r="3" t="156" w="133" /><ent r="4" t="158" w="27" /><ent r="4" t="158" w="41" /><ent r="4" t="158" w="43" /><ent r="4" t="158" w="51" /><ent r="3" t="164" w="27" /><ent r="3" t="164" w="70" /><ent r="3" t="165" w="71" /><ent r="3" t="165" w="145" /><ent r="4" t="165" w="188" /><ent r="3" t="166" w="32" /><ent r="3" t="166" w="36" /><ent r="3" t="166" w="111" /><ent r="4" t="166" w="254" /><ent r="5" t="166" w="325" /><ent r="3" t="166" w="435" /><ent r="3" t="167" w="30" /><ent r="3" t="167" w="37" /><ent r="3" t="167" w="82" /><ent r="4" t="167" w="148" /><ent r="4" t="167" w="188" /><ent r="3" t="169" w="32" /><ent r="3" t="169" w="37" /><ent r="3" t="169" w="57" /><ent r="3" t="169" w="63" /><ent r="3" t="169" w="92" /><ent r="3" t="169" w="140" /><ent r="3" t="170" w="30" /><ent r="3" t="170" w="44" /><ent r="3" t="170" w="53" /><ent r="3" t="170" w="58" /><ent r="3" t="174" w="46" /><ent r="3" t="174" w="55" /><ent r="3" t="174" w="195" /><ent r="3" t="176" w="63" /><ent r="3" t="176" w="64" /><ent r="3" t="176" w="81" /><ent r="3" t="176" w="116" /><ent r="3" t="176" w="190" /><ent r="3" t="176" w="198" /><ent r="3" t="176" w="217" /><ent r="3" t="177" w="16" /><ent r="3" t="177" w="50" /><ent r="3" t="177" w="75" /><ent r="3" t="178" w="57" /><ent r="3" t="178" w="77" /><ent r="3" t="178" w="118" /><ent r="3" t="179" w="16" /><ent r="3" t="179" w="77" /><ent r="3" t="179" w="240" /><ent r="3" t="179" w="248" /><ent r="3" t="179" w="354" /><ent r="3" t="179" w="488" /><ent r="3" t="179" w="510" /><ent r="3" t="185" w="85" /><ent r="3" t="185" w="100" /><ent r="65" t="186" w="36" /><ent r="3" t="187" w="11" /><ent r="3" t="187" w="126" /><ent r="4" t="187" w="178" /><ent r="4" t="187" w="241" /><ent r="3" t="188" w="166" /><ent r="3" t="188" w="190" /><ent r="3" t="188" w="201" /><ent r="3" t="188" w="224" /><ent r="3" t="188" w="228" /><ent r="3" t="188" w="242" /><ent r="3" t="188" w="277" /><ent r="3" t="188" w="413" /><ent r="3" t="188" w="527" /><ent r="3" t="188" w="550" /><ent r="3" t="188" w="592" /><ent r="4" t="190" w="85" /><ent r="4" t="190" w="150" /><ent r="3" t="190" w="195" /><ent r="3" t="190" w="234" /><ent r="3" t="190" w="244" /><ent r="3" t="190" w="328" /><ent r="4" t="190" w="427" /><ent r="4" t="190" w="431" /><ent r="4" t="190" w="440" /><ent r="4" t="190" w="538" /><ent r="4" t="190" w="547" /><ent r="4" t="190" w="564" /><ent r="3" t="191" w="13" /><ent r="3" t="191" w="97" /><ent r="3" t="191" w="146" /><ent r="5" t="191" w="206" /><ent r="5" t="191" w="274" /><ent r="3" t="191" w="326" /><ent r="3" t="191" w="327" /><ent r="3" t="192" w="30" /><ent r="3" t="192" w="32" /><ent r="3" t="192" w="34" /><ent r="3" t="192" w="90" /><ent r="3" t="193" w="18" /><ent r="4" t="193" w="181" /><ent r="4" t="193" w="189" /><ent r="4" t="193" w="191" /><ent r="4" t="193" w="210" /><ent r="4" t="193" w="216" /><ent r="4" t="193" w="220" /><ent r="4" t="193" w="228" /><ent r="4" t="193" w="230" /><ent r="4" t="193" w="249" /><ent r="4" t="193" w="254" /><ent r="4" t="193" w="258" /><ent r="4" t="193" w="440" /><ent r="4" t="193" w="451" /><ent r="4" t="193" w="478" /><ent r="4" t="193" w="484" /><ent r="4" t="193" w="490" /><ent r="4" t="193" w="501" /><ent r="4" t="193" w="526" /><ent r="4" t="193" w="531" /><ent r="4" t="193" w="537" /><ent r="3" t="194" w="19" /><ent r="3" t="196" w="15" /><ent r="3" t="197" w="16" /><ent r="3" t="197" w="32" /><ent r="2" t="198" w="18" /><ent r="2" t="198" w="34" /><ent r="3" t="199" w="30" /><ent r="3" t="200" w="54" /><ent r="3" t="200" w="121" /><ent r="3" t="201" w="14" /><ent r="3" t="203" w="123" /><ent r="3" t="203" w="124" /><ent r="3" t="206" w="16" /><ent r="3" t="206" w="24" /><ent r="3" t="206" w="41" /><ent r="3" t="207" w="23" /><ent r="3" t="207" w="113" /><ent r="3" t="208" w="89" /><ent r="3" t="209" w="59" /><ent r="3" t="209" w="114" /><ent r="6" t="209" w="182" /><ent r="6" t="209" w="194" /><ent r="6" t="209" w="206" /><ent r="6" t="209" w="242" /><ent r="3" t="210" w="32" /><ent r="3" t="210" w="38" /><ent r="4" t="211" w="40" /><ent r="4" t="211" w="76" /><ent r="3" t="212" w="12" /><ent r="4" t="212" w="61" /><ent r="4" t="212" w="97" /><ent r="3" t="213" w="42" /><ent r="4" t="213" w="87" /><ent r="4" t="213" w="123" /><ent r="3" t="214" w="35" /><ent r="3" t="218" w="43" /><ent r="3" t="218" w="57" /><ent r="3" t="222" w="17" /><ent r="3" t="223" w="33" /><ent r="3" t="223" w="319" /><ent r="3" t="223" w="327" /><ent r="4" t="223" w="375" /><ent r="4" t="223" w="419" /><ent r="3" t="223" w="443" /><ent r="4" t="223" w="498" /><ent r="4" t="223" w="542" /><ent r="3" t="223" w="566" /><ent r="4" t="223" w="600" /><ent r="4" t="223" w="644" /><ent r="3" t="224" w="302" /><ent r="3" t="224" w="408" /><ent r="3" t="225" w="68" /><ent r="3" t="226" w="39" /><ent r="4" t="226" w="165" /><ent r="4" t="226" w="171" /><ent r="4" t="226" w="208" /><ent r="4" t="226" w="214" /><ent r="3" t="226" w="262" /><ent r="3" t="226" w="263" /><ent r="4" t="226" w="297" /><ent r="4" t="226" w="298" /><ent r="4" t="226" w="301" /><ent r="4" t="226" w="337" /><ent r="4" t="226" w="338" /><ent r="4" t="226" w="341" /><ent r="3" t="227" w="43" /><ent r="3" t="227" w="53" /><ent r="3" t="227" w="61" /><ent r="3" t="227" w="74" /><ent r="3" t="227" w="81" /><ent r="4" t="227" w="291" /><ent r="4" t="227" w="338" /><ent r="3" t="228" w="26" /><ent r="3" t="228" w="34" /><ent r="8" t="228" w="113" /><ent r="8" t="228" w="130" /><ent r="3" t="229" w="48" /><ent r="3" t="229" w="68" /><ent r="3" t="229" w="277" /><ent r="3" t="230" w="28" /><ent r="3" t="230" w="113" /><ent r="3" t="230" w="142" /><ent r="3" t="230" w="149" /><ent r="3" t="231" w="64" /><ent r="3" t="231" w="94" /><ent r="3" t="231" w="188" /><ent r="3" t="232" w="142" /><ent r="3" t="232" w="184" /><ent r="3" t="232" w="189" /><ent r="3" t="232" w="301" /><ent r="3" t="233" w="22" /><ent r="3" t="233" w="133" /><ent r="5" t="233" w="216" /><ent r="4" t="233" w="252" /><ent r="4" t="233" w="253" /><ent r="4" t="233" w="254" /><ent r="4" t="233" w="282" /><ent r="4" t="233" w="283" /><ent r="4" t="233" w="284" /><ent r="3" t="233" w="307" /><ent r="3" t="233" w="363" /><ent r="3" t="233" w="583" /><ent r="3" t="234" w="40" /><ent r="3" t="234" w="50" /><ent r="3" t="234" w="73" /><ent r="3" t="235" w="93" /><ent r="4" t="235" w="121" /><ent r="4" t="235" w="207" /><ent r="4" t="236" w="303" /><ent r="4" t="236" w="349" /><ent r="4" t="236" w="379" /><ent r="4" t="236" w="393" /><ent r="4" t="236" w="452" /><ent r="4" t="236" w="476" /><ent r="4" t="236" w="609" /><ent r="4" t="236" w="663" /><ent r="4" t="236" w="687" /><ent r="4" t="236" w="758" /><ent r="4" t="236" w="759" /><ent r="4" t="236" w="760" /><ent r="4" t="236" w="812" /><ent r="4" t="236" w="813" /><ent r="4" t="236" w="814" /><ent r="4" t="237" w="79" /><ent r="5" t="237" w="351" /><ent r="5" t="237" w="353" /><ent r="5" t="237" w="355" /><ent r="5" t="237" w="410" /><ent r="5" t="237" w="418" /><ent r="5" t="237" w="426" /><ent r="2" t="238" w="49" /><ent r="2" t="238" w="51" /><ent r="2" t="238" w="81" /><ent r="4" t="238" w="124" /><ent r="4" t="238" w="140" /><ent r="4" t="238" w="145" /><ent r="4" t="238" w="164" /><ent r="4" t="238" w="189" /><ent r="4" t="238" w="213" /><ent r="3" t="238" w="294" /><ent r="3" t="238" w="332" /><ent r="4" t="238" w="364" /><ent r="4" t="238" w="385" /><ent r="4" t="238" w="388" /><ent r="3" t="240" w="151" /><ent r="3" t="240" w="365" /><ent r="5" t="240" w="377" /><ent r="5" t="240" w="432" /><ent r="3" t="240" w="642" /><ent r="3" t="240" w="703" /><ent r="3" t="240" w="951" /><ent r="3" t="240" w="1002" /><ent r="4" t="241" w="143" /><ent r="4" t="241" w="153" /><ent r="4" t="241" w="163" /><ent r="4" t="241" w="167" /><ent r="4" t="241" w="215" /><ent r="4" t="241" w="252" /><ent r="4" t="241" w="256" /><ent r="4" t="241" w="336" /><ent r="4" t="241" w="370" /><ent r="4" t="241" w="439" /><ent r="4" t="241" w="514" /><ent r="4" t="241" w="607" /><ent r="4" t="241" w="649" /><ent r="3" t="243" w="140" /><ent r="3" t="243" w="284" /><ent r="3" t="243" w="374" /><ent r="4" t="244" w="137" /><ent r="3" t="244" w="440" /><ent r="3" t="244" w="461" /><ent r="3" t="245" w="20" /><ent r="3" t="245" w="35" /><ent r="3" t="245" w="97" /><ent r="3" t="245" w="98" /><ent r="3" t="245" w="100" /><ent r="3" t="245" w="163" /><ent r="3" t="245" w="170" /><ent r="3" t="246" w="45" /><ent r="3" t="246" w="51" /><ent r="3" t="246" w="82" /><ent r="3" t="246" w="93" /><ent r="3" t="246" w="148" /><ent r="3" t="246" w="152" /><ent r="3" t="246" w="164" /><ent r="3" t="249" w="99" /><ent r="3" t="250" w="54" /><ent r="3" t="250" w="55" /><ent r="3" t="250" w="233" /><ent r="3" t="251" w="52" /><ent r="3" t="251" w="53" /><ent r="3" t="251" w="273" /><ent r="4" t="251" w="302" /><ent r="4" t="251" w="334" /><ent r="3" t="251" w="419" /><ent r="3" t="252" w="26" /><ent r="3" t="252" w="44" /><ent r="3" t="252" w="124" /><ent r="3" t="253" w="45" /><ent r="3" t="253" w="51" /><ent r="5" t="253" w="110" /><ent r="5" t="253" w="233" /><ent r="3" t="253" w="314" /><ent r="3" t="253" w="331" /><ent r="3" t="254" w="28" /><ent r="3" t="254" w="58" /><ent r="5" t="254" w="95" /><ent r="5" t="254" w="96" /><ent r="5" t="254" w="138" /><ent r="5" t="254" w="221" /><ent r="5" t="254" w="222" /><ent r="5" t="254" w="279" /><ent r="4" t="255" w="187" /><ent r="3" t="256" w="38" /><ent r="3" t="256" w="54" /><ent r="3" t="257" w="24" /><ent r="3" t="257" w="49" /><ent r="4" t="257" w="80" /><ent r="3" t="257" w="244" /><ent r="3" t="257" w="252" /><ent r="3" t="257" w="402" /><ent r="3" t="257" w="422" /><ent r="3" t="257" w="432" /><ent r="4" t="257" w="461" /><ent r="4" t="257" w="490" /><ent r="3" t="258" w="22" /><ent r="3" t="258" w="37" /><ent r="4" t="258" w="132" /><ent r="4" t="258" w="189" /><ent r="4" t="258" w="212" /><ent r="4" t="258" w="233" /><ent r="4" t="258" w="245" /><ent r="4" t="258" w="260" /><ent r="4" t="258" w="279" /><ent r="3" t="259" w="42" /><ent r="3" t="259" w="52" /><ent r="3" t="260" w="118" /><ent r="4" t="260" w="375" /><ent r="3" t="261" w="61" /><ent r="3" t="261" w="62" /><ent r="3" t="261" w="182" /><ent r="3" t="261" w="204" /><ent r="3" t="262" w="88" /><ent r="4" t="262" w="230" /><ent r="4" t="263" w="250" /><ent r="4" t="263" w="263" /><ent r="4" t="263" w="281" /><ent r="4" t="263" w="312" /><ent r="4" t="263" w="335" /><ent r="4" t="263" w="353" /><ent r="4" t="265" w="192" /><ent r="3" t="265" w="380" /><ent r="3" t="265" w="388" /><ent r="3" t="265" w="451" /><ent r="3" t="265" w="625" /><ent r="3" t="265" w="649" /><ent r="4" t="265" w="709" /><ent r="4" t="265" w="715" /><ent r="3" t="266" w="26" /><ent r="3" t="266" w="196" /><ent r="3" t="266" w="231" /><ent r="3" t="266" w="245" /><ent r="3" t="266" w="498" /><ent r="3" t="268" w="54" /><ent r="3" t="268" w="69" /><ent r="3" t="268" w="415" /><ent r="3" t="269" w="102" /><ent r="3" t="270" w="50" /><ent r="3" t="270" w="78" /><ent r="3" t="270" w="161" /><ent r="3" t="270" w="184" /><ent r="3" t="270" w="205" /><ent r="3" t="270" w="217" /><ent r="3" t="270" w="218" /><ent r="3" t="270" w="219" /><ent r="3" t="270" w="234" /><ent r="3" t="270" w="253" /><ent r="3" t="270" w="296" /><ent r="6" t="270" w="325" /><ent r="6" t="270" w="349" /><ent r="6" t="270" w="412" /><ent r="3" t="270" w="462" /><ent r="4" t="272" w="90" /><ent r="4" t="272" w="92" /><ent r="3" t="272" w="142" /><ent r="4" t="272" w="261" /><ent r="4" t="272" w="401" /><ent r="4" t="272" w="478" /><ent r="3" t="272" w="546" /><ent r="3" t="272" w="548" /><ent r="3" t="272" w="564" /><ent r="3" t="273" w="42" /><ent r="3" t="273" w="173" /><ent r="3" t="274" w="83" /><ent r="3" t="274" w="291" /><ent r="3" t="274" w="433" /><ent r="3" t="275" w="96" /><ent r="3" t="275" w="137" /><ent r="5" t="275" w="193" /><ent r="5" t="275" w="203" /><ent r="5" t="275" w="244" /><ent r="5" t="275" w="324" /><ent r="5" t="275" w="334" /><ent r="5" t="275" w="393" /><ent r="3" t="275" w="576" /><ent r="3" t="275" w="589" /><ent r="3" t="276" w="37" /><ent r="4" t="276" w="55" /><ent r="4" t="276" w="82" /><ent r="4" t="276" w="91" /><ent r="4" t="276" w="98" /><ent r="3" t="276" w="169" /><ent r="3" t="276" w="230" /><ent r="3" t="277" w="83" /><ent r="4" t="278" w="44" /><ent r="4" t="278" w="99" /><ent r="3" t="279" w="38" /><ent r="3" t="279" w="84" /><ent r="4" t="281" w="371" /><ent r="4" t="281" w="399" /><ent r="4" t="281" w="487" /><ent r="4" t="281" w="517" /><ent r="3" t="282" w="96" /><ent r="3" t="282" w="111" /><ent r="4" t="283" w="114" /><ent r="3" t="283" w="142" /><ent r="3" t="283" w="353" /><ent r="3" t="284" w="166" /><ent r="3" t="284" w="215" /><ent r="3" t="284" w="253" /><ent r="3" t="285" w="26" /><ent r="3" t="285" w="91" /><ent r="3" t="285" w="94" /><ent r="3" t="285" w="112" /><ent r="3" t="285" w="209" /><ent r="4" t="286" w="95" /><ent r="4" t="286" w="128" /><ent r="4" t="286" w="140" /><ent r="4" t="286" w="153" /><ent r="4" t="286" w="169" /><ent r="4" t="286" w="208" /><ent r="6" t="287" w="17" /><ent r="4" t="287" w="55" /><ent r="4" t="287" w="59" /><ent r="4" t="287" w="88" /><ent r="4" t="287" w="111" /><ent r="5" t="288" w="36" /><ent r="3" t="289" w="31" /><ent r="3" t="289" w="238" /><ent r="3" t="290" w="126" /><ent r="3" t="290" w="157" /><ent r="3" t="290" w="160" /><ent r="3" t="290" w="188" /><ent r="3" t="290" w="209" /><ent r="5" t="290" w="253" /><ent r="3" t="290" w="263" /><ent r="5" t="291" w="30" /><ent r="3" t="291" w="40" /><ent r="3" t="291" w="100" /><ent r="3" t="291" w="118" /><ent r="5" t="292" w="51" /><ent r="3" t="292" w="61" /><ent r="3" t="292" w="75" /><ent r="3" t="292" w="107" /><ent r="3" t="292" w="128" /><ent r="3" t="292" w="191" /><ent r="3" t="292" w="236" /><ent r="3" t="292" w="282" /><ent r="3" t="293" w="37" /><ent r="3" t="293" w="58" /><ent r="3" t="293" w="93" /><ent r="3" t="293" w="155" /><ent r="3" t="294" w="129" /><ent r="5" t="294" w="198" /><ent r="4" t="294" w="242" /><ent r="3" t="295" w="26" /><ent r="3" t="296" w="53" /><ent r="3" t="297" w="612" /><ent r="3" t="299" w="154" /><ent r="6" t="299" w="453" /><ent r="3" t="300" w="68" /><ent r="3" t="300" w="71" /><ent r="3" t="300" w="82" /><ent r="6" t="300" w="116" /><ent r="6" t="300" w="143" /><ent r="6" t="300" w="256" /><ent r="3" t="301" w="63" /><ent r="3" t="301" w="68" /><ent r="3" t="301" w="81" /><ent r="3" t="301" w="101" /><ent r="3" t="301" w="164" /><ent r="3" t="303" w="14" /><ent r="3" t="303" w="82" /><ent r="3" t="304" w="57" /><ent r="3" t="305" w="26" /><ent r="3" t="305" w="104" /><ent r="3" t="306" w="28" /><ent r="3" t="306" w="43" /><ent r="3" t="306" w="47" /><ent r="3" t="306" w="49" /><ent r="3" t="306" w="513" /><ent r="3" t="307" w="20" /><ent r="3" t="307" w="21" /><ent r="3" t="307" w="122" /><ent r="3" t="307" w="125" /><ent r="4" t="308" w="96" /><ent r="4" t="308" w="109" /><ent r="4" t="308" w="122" /><ent r="4" t="308" w="233" /><ent r="4" t="308" w="327" /><ent r="3" t="309" w="46" /><ent r="3" t="309" w="111" /><ent r="3" t="309" w="168" /><ent r="3" t="309" w="257" /><ent r="3" t="309" w="258" /><ent r="3" t="309" w="259" /><ent r="3" t="309" w="260" /><ent r="3" t="309" w="262" /><ent r="3" t="309" w="291" /><ent r="3" t="310" w="18" /><ent r="3" t="310" w="39" /><ent r="3" t="310" w="57" /><ent r="3" t="310" w="62" /><ent r="3" t="315" w="83" /><ent r="3" t="315" w="151" /></phr></stem></index>