﻿<?xml version="1.0" encoding="utf-8"?><index><stem n="copi"><phr n="Copy"><ent r="66" t="8" w="166" /><ent r="66" t="8" w="275" /><ent r="66" t="10" w="111" /><ent r="66" t="10" w="151" /><ent r="66" t="10" w="242" /><ent r="66" t="10" w="288" /><ent r="66" t="10" w="383" /><ent r="66" t="10" w="457" /><ent r="66" t="10" w="551" /><ent r="66" t="10" w="619" /><ent r="66" t="10" w="681" /><ent r="66" t="10" w="739" /><ent r="66" t="12" w="102" /><ent r="66" t="12" w="126" /><ent r="66" t="12" w="169" /><ent r="66" t="12" w="196" /><ent r="66" t="12" w="322" /><ent r="66" t="12" w="379" /><ent r="66" t="13" w="85" /><ent r="66" t="13" w="112" /><ent r="66" t="13" w="164" /><ent r="66" t="13" w="207" /><ent r="66" t="13" w="257" /><ent r="66" t="13" w="297" /><ent r="66" t="13" w="357" /><ent r="66" t="13" w="405" /><ent r="66" t="13" w="466" /><ent r="66" t="13" w="523" /><ent r="66" t="14" w="214" /><ent r="66" t="14" w="253" /><ent r="66" t="14" w="312" /><ent r="66" t="14" w="350" /><ent r="66" t="14" w="465" /><ent r="66" t="14" w="523" /><ent r="66" t="14" w="592" /><ent r="66" t="14" w="651" /><ent r="66" t="14" w="699" /><ent r="66" t="14" w="737" /><ent r="66" t="14" w="776" /><ent r="66" t="14" w="821" /><ent r="66" t="14" w="868" /><ent r="66" t="14" w="908" /><ent r="66" t="14" w="945" /><ent r="66" t="14" w="985" /><ent r="66" t="14" w="1123" /><ent r="66" t="14" w="1162" /><ent r="66" t="14" w="1252" /><ent r="66" t="14" w="1291" /><ent r="66" t="14" w="1331" /><ent r="66" t="14" w="1378" /><ent r="66" t="14" w="1462" /><ent r="66" t="14" w="1499" /><ent r="66" t="14" w="1533" /><ent r="66" t="14" w="1570" /><ent r="66" t="15" w="163" /><ent r="66" t="15" w="218" /><ent r="66" t="15" w="275" /><ent r="66" t="15" w="325" /><ent r="66" t="15" w="538" /><ent r="66" t="15" w="594" /><ent r="66" t="15" w="704" /><ent r="66" t="15" w="779" /><ent r="66" t="17" w="276" /><ent r="66" t="17" w="309" /><ent r="66" t="18" w="152" /><ent r="66" t="18" w="185" /><ent r="66" t="18" w="224" /><ent r="66" t="18" w="267" /><ent r="66" t="18" w="299" /><ent r="66" t="18" w="338" /><ent r="66" t="18" w="406" /><ent r="66" t="18" w="440" /><ent r="66" t="18" w="486" /><ent r="66" t="18" w="549" /><ent r="66" t="18" w="583" /><ent r="66" t="18" w="635" /><ent r="66" t="18" w="724" /><ent r="66" t="18" w="767" /><ent r="66" t="18" w="795" /><ent r="66" t="18" w="826" /><ent r="66" t="18" w="958" /><ent r="66" t="18" w="987" /><ent r="66" t="18" w="1057" /><ent r="66" t="19" w="109" /><ent r="66" t="19" w="144" /><ent r="66" t="19" w="228" /><ent r="66" t="20" w="187" /><ent r="66" t="20" w="220" /><ent r="66" t="20" w="259" /><ent r="66" t="20" w="358" /><ent r="66" t="20" w="408" /><ent r="66" t="21" w="162" /><ent r="66" t="21" w="186" /><ent r="66" t="21" w="249" /><ent r="66" t="21" w="349" /><ent r="66" t="22" w="153" /><ent r="66" t="22" w="190" /><ent r="66" t="23" w="140" /><ent r="66" t="23" w="179" /><ent r="66" t="24" w="119" /><ent r="66" t="24" w="158" /><ent r="66" t="24" w="205" /><ent r="66" t="24" w="244" /><ent r="66" t="24" w="321" /><ent r="66" t="24" w="365" /><ent r="66" t="24" w="417" /><ent r="66" t="24" w="457" /><ent r="66" t="24" w="494" /><ent r="66" t="24" w="526" /><ent r="66" t="24" w="562" /><ent r="66" t="24" w="586" /><ent r="66" t="24" w="670" /><ent r="66" t="24" w="720" /><ent r="66" t="24" w="796" /><ent r="66" t="24" w="834" /><ent r="66" t="24" w="904" /><ent r="66" t="24" w="945" /><ent r="66" t="27" w="142" /><ent r="66" t="27" w="182" /><ent r="66" t="27" w="254" /><ent r="66" t="27" w="304" /><ent r="66" t="27" w="364" /><ent r="66" t="27" w="411" /><ent r="66" t="27" w="450" /><ent r="66" t="27" w="500" /><ent r="66" t="27" w="573" /><ent r="66" t="27" w="631" /><ent r="66" t="27" w="679" /><ent r="66" t="27" w="726" /><ent r="66" t="27" w="923" /><ent r="66" t="27" w="1040" /><ent r="66" t="27" w="1167" /><ent r="66" t="27" w="1238" /><ent r="66" t="27" w="1322" /><ent r="66" t="27" w="1374" /><ent r="66" t="28" w="136" /><ent r="66" t="28" w="183" /><ent r="66" t="28" w="286" /><ent r="66" t="28" w="338" /><ent r="66" t="28" w="444" /><ent r="66" t="28" w="493" /><ent r="66" t="28" w="584" /><ent r="66" t="28" w="645" /><ent r="66" t="28" w="783" /><ent r="66" t="28" w="864" /><ent r="66" t="28" w="990" /><ent r="66" t="28" w="1046" /><ent r="66" t="28" w="1145" /><ent r="66" t="28" w="1221" /><ent r="66" t="29" w="231" /><ent r="66" t="29" w="307" /><ent r="66" t="29" w="359" /><ent r="66" t="29" w="402" /><ent r="66" t="29" w="481" /><ent r="66" t="29" w="529" /><ent r="66" t="29" w="628" /><ent r="66" t="29" w="735" /><ent r="66" t="29" w="789" /><ent r="66" t="29" w="843" /><ent r="66" t="30" w="124" /><ent r="66" t="30" w="169" /><ent r="66" t="30" w="241" /><ent r="66" t="30" w="292" /><ent r="66" t="30" w="358" /><ent r="66" t="30" w="403" /><ent r="66" t="30" w="459" /><ent r="66" t="30" w="566" /><ent r="66" t="31" w="152" /><ent r="66" t="31" w="185" /><ent r="66" t="31" w="244" /><ent r="66" t="31" w="281" /><ent r="66" t="31" w="396" /><ent r="66" t="31" w="452" /><ent r="66" t="31" w="503" /><ent r="66" t="31" w="544" /><ent r="66" t="31" w="588" /><ent r="66" t="31" w="620" /><ent r="66" t="31" w="660" /><ent r="66" t="31" w="703" /><ent r="66" t="31" w="746" /><ent r="66" t="31" w="780" /><ent r="66" t="31" w="813" /><ent r="66" t="31" w="847" /><ent r="66" t="31" w="1035" /><ent r="66" t="31" w="1097" /><ent r="66" t="31" w="1164" /><ent r="66" t="31" w="1197" /><ent r="66" t="31" w="1229" /><ent r="66" t="31" w="1264" /><ent r="66" t="31" w="1328" /><ent r="66" t="31" w="1360" /><ent r="66" t="31" w="1395" /><ent r="66" t="31" w="1432" /><ent r="66" t="31" w="1503" /><ent r="66" t="31" w="1536" /><ent r="66" t="31" w="1579" /><ent r="66" t="31" w="1612" /><ent r="66" t="31" w="1670" /><ent r="66" t="31" w="1766" /><ent r="66" t="34" w="152" /><ent r="66" t="34" w="184" /><ent r="66" t="34" w="238" /><ent r="66" t="34" w="270" /><ent r="66" t="34" w="374" /><ent r="66" t="34" w="437" /><ent r="66" t="34" w="605" /><ent r="66" t="34" w="679" /><ent r="66" t="35" w="196" /><ent r="66" t="35" w="282" /><ent r="66" t="35" w="362" /><ent r="66" t="35" w="431" /><ent r="66" t="36" w="116" /><ent r="66" t="36" w="154" /><ent r="66" t="36" w="215" /><ent r="66" t="36" w="235" /><ent r="66" t="38" w="152" /><ent r="66" t="38" w="205" /><ent r="66" t="38" w="302" /><ent r="66" t="38" w="350" /><ent r="66" t="40" w="359" /><ent r="66" t="40" w="391" /><ent r="66" t="42" w="145" /><ent r="66" t="42" w="313" /><ent r="66" t="42" w="444" /><ent r="66" t="42" w="538" /><ent r="66" t="42" w="602" /><ent r="66" t="42" w="649" /><ent r="66" t="42" w="854" /><ent r="66" t="42" w="903" /><ent r="66" t="45" w="190" /><ent r="66" t="45" w="318" /><ent r="66" t="45" w="427" /><ent r="66" t="45" w="484" /><ent r="66" t="45" w="556" /><ent r="66" t="45" w="599" /><ent r="66" t="46" w="165" /><ent r="66" t="46" w="319" /><ent r="66" t="46" w="393" /><ent r="66" t="46" w="434" /><ent r="66" t="49" w="98" /><ent r="66" t="49" w="139" /><ent r="66" t="49" w="208" /><ent r="66" t="49" w="253" /><ent r="66" t="49" w="365" /><ent r="66" t="49" w="403" /><ent r="66" t="49" w="562" /><ent r="66" t="49" w="704" /><ent r="66" t="49" w="844" /><ent r="66" t="49" w="950" /><ent r="66" t="49" w="1136" /><ent r="66" t="49" w="1288" /><ent r="66" t="50" w="149" /><ent r="66" t="50" w="192" /><ent r="66" t="50" w="229" /><ent r="66" t="50" w="254" /><ent r="67" t="50" w="425" /><ent r="67" t="50" w="463" /><ent r="66" t="50" w="547" /><ent r="66" t="50" w="604" /><ent r="66" t="50" w="648" /><ent r="66" t="50" w="689" /><ent r="66" t="50" w="780" /><ent r="66" t="50" w="864" /><ent r="66" t="50" w="924" /><ent r="66" t="50" w="969" /><ent r="66" t="50" w="1032" /><ent r="66" t="50" w="1093" /><ent r="66" t="52" w="171" /><ent r="66" t="52" w="276" /><ent r="67" t="53" w="186" /><ent r="67" t="53" w="283" /><ent r="67" t="53" w="360" /><ent r="67" t="53" w="453" /><ent r="67" t="53" w="576" /><ent r="67" t="53" w="677" /><ent r="66" t="54" w="163" /><ent r="66" t="54" w="196" /><ent r="66" t="54" w="251" /><ent r="66" t="54" w="301" /><ent r="66" t="56" w="100" /><ent r="66" t="56" w="160" /><ent r="66" t="56" w="210" /><ent r="66" t="56" w="235" /><ent r="66" t="56" w="273" /><ent r="66" t="56" w="316" /><ent r="66" t="57" w="105" /><ent r="66" t="57" w="156" /><ent r="66" t="57" w="203" /><ent r="66" t="57" w="242" /><ent r="66" t="58" w="121" /><ent r="66" t="58" w="191" /><ent r="66" t="58" w="265" /><ent r="66" t="58" w="331" /><ent r="66" t="59" w="134" /><ent r="66" t="59" w="158" /><ent r="66" t="59" w="202" /><ent r="66" t="59" w="240" /><ent r="66" t="60" w="246" /><ent r="66" t="60" w="331" /><ent r="66" t="60" w="355" /><ent r="66" t="60" w="379" /><ent r="66" t="63" w="121" /><ent r="66" t="63" w="215" /><ent r="66" t="64" w="125" /><ent r="66" t="64" w="167" /><ent r="66" t="64" w="212" /><ent r="66" t="64" w="275" /><ent r="66" t="66" w="219" /><ent r="66" t="66" w="293" /><ent r="66" t="66" w="489" /><ent r="66" t="66" w="561" /><ent r="66" t="66" w="668" /><ent r="66" t="66" w="756" /><ent r="66" t="67" w="169" /><ent r="66" t="67" w="218" /><ent r="66" t="67" w="293" /><ent r="66" t="67" w="345" /><ent r="66" t="68" w="47" /><ent r="66" t="68" w="71" /><ent r="66" t="68" w="125" /><ent r="66" t="68" w="152" /><ent r="66" t="69" w="157" /><ent r="66" t="69" w="184" /><ent r="66" t="69" w="271" /><ent r="66" t="69" w="332" /><ent r="66" t="69" w="405" /><ent r="66" t="69" w="433" /><ent r="66" t="69" w="508" /><ent r="66" t="69" w="534" /><ent r="66" t="69" w="613" /><ent r="66" t="69" w="664" /><ent r="66" t="70" w="153" /><ent r="66" t="70" w="225" /><ent r="66" t="70" w="446" /><ent r="66" t="70" w="603" /><ent r="66" t="70" w="729" /><ent r="66" t="70" w="828" /><ent r="66" t="72" w="55" /><ent r="66" t="72" w="89" /><ent r="66" t="72" w="193" /><ent r="66" t="72" w="228" /><ent r="66" t="72" w="294" /><ent r="66" t="72" w="319" /><ent r="66" t="74" w="191" /><ent r="66" t="74" w="244" /><ent r="66" t="74" w="343" /><ent r="66" t="74" w="445" /><ent r="66" t="74" w="497" /><ent r="66" t="74" w="567" /><ent r="66" t="74" w="705" /><ent r="66" t="74" w="776" /><ent r="66" t="74" w="846" /><ent r="66" t="74" w="926" /><ent r="66" t="74" w="994" /><ent r="66" t="74" w="1087" /><ent r="66" t="75" w="113" /><ent r="66" t="75" w="189" /><ent r="66" t="75" w="292" /><ent r="66" t="75" w="393" /><ent r="66" t="75" w="489" /><ent r="66" t="75" w="557" /><ent r="66" t="75" w="603" /><ent r="66" t="75" w="671" /><ent r="66" t="75" w="740" /><ent r="66" t="75" w="822" /><ent r="66" t="75" w="892" /><ent r="66" t="75" w="987" /><ent r="66" t="76" w="119" /><ent r="66" t="76" w="172" /><ent r="66" t="76" w="261" /><ent r="66" t="76" w="363" /><ent r="66" t="76" w="429" /><ent r="66" t="76" w="506" /><ent r="66" t="76" w="676" /><ent r="66" t="76" w="762" /><ent r="66" t="76" w="842" /><ent r="66" t="76" w="911" /><ent r="66" t="78" w="40" /><ent r="66" t="78" w="61" /><ent r="66" t="78" w="153" /><ent r="66" t="78" w="178" /><ent r="66" t="78" w="221" /><ent r="66" t="78" w="250" /><ent r="66" t="80" w="56" /><ent r="66" t="80" w="85" /><ent r="66" t="80" w="162" /><ent r="66" t="80" w="199" /><ent r="66" t="81" w="105" /><ent r="66" t="81" w="164" /><ent r="66" t="82" w="93" /><ent r="66" t="82" w="126" /><ent r="66" t="83" w="111" /><ent r="66" t="83" w="146" /><ent r="66" t="84" w="78" /><ent r="66" t="84" w="116" /><ent r="66" t="85" w="68" /><ent r="66" t="85" w="104" /><ent r="66" t="86" w="63" /><ent r="66" t="86" w="100" /><ent r="66" t="87" w="112" /><ent r="66" t="87" w="151" /><ent r="66" t="88" w="118" /><ent r="66" t="88" w="167" /><ent r="66" t="89" w="89" /><ent r="66" t="89" w="141" /><ent r="66" t="89" w="172" /><ent r="66" t="89" w="206" /><ent r="66" t="96" w="132" /><ent r="66" t="96" w="156" /><ent r="66" t="96" w="186" /><ent r="66" t="96" w="208" /><ent r="66" t="96" w="246" /><ent r="66" t="96" w="292" /><ent r="66" t="96" w="383" /><ent r="66" t="96" w="415" /><ent r="66" t="96" w="509" /><ent r="66" t="96" w="564" /><ent r="66" t="96" w="604" /><ent r="66" t="96" w="782" /><ent r="66" t="96" w="813" /><ent r="66" t="96" w="943" /><ent r="66" t="99" w="157" /><ent r="66" t="99" w="221" /><ent r="66" t="99" w="320" /><ent r="66" t="99" w="425" /><ent r="66" t="99" w="515" /><ent r="66" t="99" w="614" /><ent r="66" t="99" w="727" /><ent r="66" t="99" w="857" /><ent r="66" t="99" w="975" /><ent r="66" t="99" w="1032" /><ent r="66" t="99" w="1077" /><ent r="66" t="99" w="1106" /><ent r="66" t="100" w="152" /><ent r="66" t="100" w="278" /><ent r="66" t="100" w="299" /><ent r="66" t="100" w="330" /><ent r="66" t="101" w="163" /><ent r="66" t="101" w="200" /><ent r="66" t="101" w="275" /><ent r="66" t="106" w="164" /><ent r="66" t="106" w="192" /><ent r="66" t="106" w="237" /><ent r="66" t="106" w="257" /><ent r="66" t="106" w="293" /><ent r="66" t="106" w="313" /><ent r="66" t="106" w="363" /><ent r="66" t="106" w="393" /><ent r="66" t="109" w="158" /><ent r="66" t="109" w="211" /><ent r="66" t="109" w="390" /><ent r="66" t="109" w="485" /><ent r="66" t="112" w="81" /><ent r="66" t="112" w="113" /><ent r="66" t="112" w="627" /><ent r="66" t="112" w="1153" /><ent r="66" t="112" w="1266" /><ent r="66" t="112" w="1338" /><ent r="66" t="112" w="1409" /><ent r="66" t="112" w="1444" /><ent r="66" t="114" w="416" /><ent r="66" t="114" w="671" /><ent r="66" t="114" w="761" /><ent r="66" t="114" w="814" /><ent r="66" t="114" w="876" /><ent r="66" t="114" w="900" /><ent r="66" t="114" w="920" /><ent r="66" t="114" w="947" /><ent r="66" t="116" w="181" /><ent r="66" t="116" w="218" /><ent r="66" t="117" w="153" /><ent r="66" t="117" w="241" /><ent r="66" t="117" w="358" /><ent r="66" t="117" w="438" /><ent r="66" t="117" w="498" /><ent r="66" t="117" w="572" /><ent r="66" t="117" w="626" /><ent r="66" t="117" w="663" /><ent r="66" t="117" w="731" /><ent r="66" t="117" w="768" /><ent r="66" t="120" w="102" /><ent r="66" t="120" w="135" /><ent r="66" t="120" w="201" /><ent r="66" t="120" w="232" /><ent r="66" t="121" w="186" /><ent r="66" t="121" w="222" /><ent r="66" t="121" w="382" /><ent r="66" t="121" w="578" /><ent r="4" t="122" w="279" /><ent r="66" t="122" w="293" /><ent r="4" t="122" w="353" /><ent r="66" t="122" w="367" /><ent r="4" t="123" w="115" /><ent r="66" t="124" w="226" /><ent r="66" t="124" w="304" /><ent r="66" t="125" w="234" /><ent r="66" t="125" w="314" /><ent r="68" t="128" w="111" /><ent r="68" t="128" w="169" /><ent r="68" t="128" w="232" /><ent r="68" t="128" w="298" /><ent r="68" t="128" w="373" /><ent r="68" t="128" w="437" /><ent r="66" t="129" w="134" /><ent r="66" t="129" w="163" /><ent r="66" t="130" w="264" /><ent r="66" t="130" w="622" /><ent r="67" t="133" w="287" /><ent r="67" t="133" w="303" /><ent r="66" t="134" w="92" /><ent r="66" t="134" w="119" /><ent r="66" t="135" w="75" /><ent r="66" t="135" w="97" /><ent r="66" t="136" w="68" /><ent r="66" t="136" w="88" /><ent r="66" t="137" w="67" /><ent r="66" t="137" w="89" /><ent r="66" t="138" w="83" /><ent r="66" t="138" w="105" /><ent r="66" t="138" w="142" /><ent r="66" t="138" w="164" /><ent r="66" t="139" w="80" /><ent r="66" t="139" w="101" /><ent r="66" t="140" w="73" /><ent r="66" t="140" w="104" /><ent r="66" t="141" w="205" /><ent r="66" t="141" w="350" /><ent r="66" t="141" w="416" /><ent r="66" t="141" w="455" /><ent r="66" t="142" w="154" /><ent r="66" t="142" w="196" /><ent r="66" t="142" w="258" /><ent r="66" t="142" w="301" /><ent r="66" t="142" w="366" /><ent r="66" t="142" w="415" /><ent r="66" t="145" w="70" /><ent r="66" t="145" w="96" /><ent r="66" t="145" w="200" /><ent r="66" t="145" w="232" /><ent r="66" t="146" w="103" /><ent r="66" t="146" w="130" /><ent r="66" t="146" w="233" /><ent r="66" t="146" w="265" /><ent r="66" t="147" w="330" /><ent r="66" t="147" w="408" /><ent r="66" t="148" w="109" /><ent r="66" t="148" w="161" /><ent r="66" t="149" w="98" /><ent r="66" t="149" w="125" /><ent r="66" t="150" w="203" /><ent r="66" t="150" w="231" /><ent r="66" t="151" w="105" /><ent r="66" t="151" w="131" /><ent r="66" t="152" w="108" /><ent r="66" t="152" w="134" /><ent r="66" t="152" w="185" /><ent r="66" t="152" w="217" /><ent r="66" t="153" w="130" /><ent r="66" t="153" w="157" /><ent r="66" t="154" w="46" /><ent r="66" t="154" w="77" /><ent r="66" t="155" w="72" /><ent r="66" t="155" w="102" /><ent r="66" t="156" w="48" /><ent r="66" t="156" w="74" /><ent r="66" t="157" w="66" /><ent r="66" t="157" w="98" /><ent r="66" t="158" w="72" /><ent r="66" t="158" w="99" /><ent r="66" t="159" w="70" /><ent r="66" t="159" w="97" /><ent r="66" t="160" w="51" /><ent r="66" t="160" w="84" /><ent r="66" t="161" w="83" /><ent r="66" t="161" w="113" /><ent r="66" t="163" w="57" /><ent r="66" t="163" w="85" /><ent r="66" t="164" w="152" /><ent r="66" t="164" w="181" /><ent r="66" t="168" w="124" /><ent r="66" t="168" w="153" /><ent r="66" t="169" w="169" /><ent r="66" t="169" w="197" /><ent r="66" t="170" w="91" /><ent r="66" t="170" w="120" /><ent r="66" t="171" w="65" /><ent r="66" t="171" w="94" /><ent r="66" t="172" w="81" /><ent r="66" t="172" w="108" /><ent r="66" t="174" w="114" /><ent r="66" t="174" w="145" /><ent r="66" t="175" w="73" /><ent r="66" t="175" w="101" /><ent r="66" t="176" w="146" /><ent r="66" t="176" w="175" /><ent r="66" t="177" w="127" /><ent r="66" t="177" w="154" /><ent r="66" t="178" w="164" /><ent r="66" t="178" w="189" /><ent r="66" t="179" w="164" /><ent r="66" t="179" w="197" /><ent r="66" t="179" w="293" /><ent r="66" t="179" w="321" /><ent r="66" t="179" w="411" /><ent r="66" t="179" w="437" /><ent r="66" t="179" w="540" /><ent r="66" t="179" w="571" /><ent r="66" t="180" w="84" /><ent r="66" t="180" w="112" /><ent r="66" t="180" w="164" /><ent r="66" t="180" w="205" /><ent r="66" t="181" w="61" /><ent r="66" t="181" w="89" /><ent r="66" t="182" w="90" /><ent r="66" t="182" w="119" /><ent r="66" t="183" w="66" /><ent r="66" t="183" w="96" /><ent r="66" t="184" w="107" /><ent r="66" t="184" w="139" /><ent r="66" t="185" w="146" /><ent r="66" t="185" w="173" /><ent r="66" t="187" w="66" /><ent r="66" t="187" w="121" /><ent r="66" t="187" w="203" /><ent r="66" t="187" w="272" /><ent r="66" t="188" w="76" /><ent r="66" t="188" w="112" /><ent r="66" t="188" w="318" /><ent r="66" t="188" w="370" /><ent r="66" t="188" w="468" /><ent r="66" t="188" w="512" /><ent r="66" t="189" w="49" /><ent r="66" t="189" w="76" /><ent r="66" t="190" w="112" /><ent r="66" t="190" w="181" /><ent r="66" t="190" w="470" /><ent r="66" t="190" w="611" /><ent r="66" t="191" w="243" /><ent r="66" t="191" w="322" /><ent r="66" t="194" w="74" /><ent r="66" t="194" w="121" /><ent r="66" t="197" w="113" /><ent r="66" t="197" w="139" /><ent r="66" t="198" w="113" /><ent r="66" t="198" w="140" /><ent r="66" t="199" w="53" /><ent r="66" t="199" w="79" /><ent r="66" t="201" w="41" /><ent r="66" t="201" w="68" /><ent r="66" t="203" w="50" /><ent r="66" t="203" w="79" /><ent r="66" t="204" w="67" /><ent r="66" t="204" w="102" /><ent r="66" t="206" w="102" /><ent r="66" t="206" w="131" /><ent r="66" t="207" w="57" /><ent r="66" t="207" w="84" /><ent r="66" t="208" w="44" /><ent r="66" t="208" w="74" /><ent r="66" t="210" w="83" /><ent r="66" t="210" w="115" /><ent r="66" t="211" w="48" /><ent r="66" t="211" w="84" /><ent r="66" t="212" w="69" /><ent r="66" t="212" w="105" /><ent r="66" t="213" w="95" /><ent r="66" t="213" w="131" /><ent r="66" t="214" w="67" /><ent r="66" t="214" w="100" /><ent r="66" t="215" w="50" /><ent r="66" t="215" w="85" /><ent r="66" t="216" w="69" /><ent r="66" t="216" w="101" /><ent r="66" t="217" w="69" /><ent r="66" t="217" w="101" /><ent r="66" t="218" w="101" /><ent r="66" t="218" w="133" /><ent r="66" t="219" w="53" /><ent r="66" t="219" w="88" /><ent r="66" t="220" w="66" /><ent r="66" t="220" w="103" /><ent r="66" t="221" w="56" /><ent r="66" t="221" w="90" /><ent r="66" t="222" w="82" /><ent r="66" t="222" w="114" /><ent r="66" t="223" w="164" /><ent r="66" t="223" w="188" /><ent r="66" t="223" w="231" /><ent r="66" t="223" w="269" /><ent r="66" t="223" w="387" /><ent r="66" t="223" w="431" /><ent r="66" t="223" w="510" /><ent r="66" t="223" w="554" /><ent r="66" t="223" w="612" /><ent r="66" t="223" w="656" /><ent r="66" t="223" w="704" /><ent r="66" t="223" w="741" /><ent r="66" t="224" w="156" /><ent r="66" t="224" w="186" /><ent r="66" t="224" w="249" /><ent r="66" t="224" w="280" /><ent r="66" t="224" w="343" /><ent r="66" t="224" w="371" /><ent r="66" t="224" w="467" /><ent r="66" t="224" w="495" /><ent r="66" t="224" w="546" /><ent r="66" t="224" w="577" /><ent r="66" t="225" w="96" /><ent r="66" t="225" w="124" /><ent r="66" t="226" w="192" /><ent r="66" t="226" w="239" /><ent r="66" t="226" w="319" /><ent r="66" t="226" w="359" /><ent r="66" t="227" w="173" /><ent r="66" t="227" w="262" /><ent r="66" t="227" w="472" /><ent r="66" t="227" w="530" /><ent r="66" t="228" w="250" /><ent r="66" t="228" w="271" /><ent r="66" t="229" w="149" /><ent r="66" t="229" w="223" /><ent r="66" t="232" w="239" /><ent r="66" t="232" w="279" /><ent r="66" t="233" w="267" /><ent r="66" t="233" w="297" /><ent r="66" t="233" w="479" /><ent r="66" t="233" w="572" /><ent r="66" t="233" w="660" /><ent r="66" t="233" w="705" /><ent r="66" t="235" w="178" /><ent r="66" t="235" w="273" /><ent r="66" t="236" w="165" /><ent r="66" t="236" w="242" /><ent r="66" t="236" w="318" /><ent r="66" t="236" w="364" /><ent r="66" t="236" w="426" /><ent r="66" t="236" w="517" /><ent r="66" t="236" w="561" /><ent r="66" t="236" w="594" /><ent r="66" t="236" w="637" /><ent r="66" t="236" w="709" /><ent r="66" t="236" w="786" /><ent r="66" t="236" w="844" /><ent r="67" t="237" w="194" /><ent r="67" t="237" w="256" /><ent r="67" t="237" w="302" /><ent r="67" t="237" w="337" /><ent r="67" t="237" w="391" /><ent r="67" t="237" w="475" /><ent r="66" t="240" w="209" /><ent r="66" t="240" w="283" /><ent r="66" t="240" w="423" /><ent r="66" t="240" w="497" /><ent r="66" t="240" w="564" /><ent r="66" t="240" w="618" /><ent r="66" t="240" w="864" /><ent r="66" t="240" w="932" /><ent r="66" t="240" w="1080" /><ent r="66" t="240" w="1192" /><ent r="66" t="240" w="1272" /><ent r="66" t="240" w="1406" /><ent r="66" t="241" w="293" /><ent r="66" t="241" w="577" /><ent r="66" t="241" w="619" /><ent r="66" t="241" w="661" /><ent r="66" t="244" w="216" /><ent r="66" t="244" w="279" /><ent r="66" t="244" w="310" /><ent r="66" t="248" w="93" /><ent r="66" t="248" w="120" /><ent r="66" t="248" w="207" /><ent r="66" t="248" w="268" /><ent r="66" t="249" w="71" /><ent r="66" t="249" w="92" /><ent r="66" t="249" w="140" /><ent r="66" t="249" w="166" /><ent r="66" t="249" w="247" /><ent r="66" t="249" w="298" /><ent r="66" t="250" w="95" /><ent r="66" t="250" w="145" /><ent r="66" t="250" w="193" /><ent r="66" t="250" w="222" /><ent r="66" t="250" w="258" /><ent r="66" t="250" w="293" /><ent r="66" t="250" w="344" /><ent r="66" t="250" w="383" /><ent r="66" t="251" w="90" /><ent r="66" t="251" w="154" /><ent r="66" t="251" w="200" /><ent r="66" t="251" w="229" /><ent r="66" t="251" w="351" /><ent r="66" t="251" w="408" /><ent r="66" t="251" w="446" /><ent r="66" t="251" w="482" /><ent r="66" t="251" w="533" /><ent r="66" t="251" w="577" /><ent r="66" t="253" w="160" /><ent r="66" t="253" w="304" /><ent r="66" t="253" w="412" /><ent r="66" t="253" w="521" /><ent r="66" t="254" w="183" /><ent r="66" t="254" w="324" /><ent r="66" t="256" w="152" /><ent r="66" t="256" w="226" /><ent r="66" t="256" w="299" /><ent r="66" t="256" w="373" /><ent r="66" t="257" w="140" /><ent r="66" t="257" w="239" /><ent r="66" t="257" w="331" /><ent r="66" t="257" w="382" /><ent r="66" t="257" w="513" /><ent r="66" t="257" w="558" /><ent r="67" t="259" w="171" /><ent r="67" t="259" w="198" /><ent r="66" t="259" w="281" /><ent r="66" t="259" w="410" /><ent r="66" t="260" w="207" /><ent r="66" t="260" w="313" /><ent r="66" t="260" w="410" /><ent r="66" t="262" w="300" /><ent r="66" t="263" w="146" /><ent r="66" t="263" w="221" /><ent r="66" t="263" w="293" /><ent r="66" t="263" w="369" /><ent r="66" t="263" w="400" /><ent r="66" t="263" w="446" /><ent r="66" t="263" w="503" /><ent r="66" t="263" w="532" /><ent r="66" t="263" w="579" /><ent r="66" t="263" w="642" /><ent r="66" t="264" w="60" /><ent r="66" t="264" w="91" /><ent r="66" t="264" w="229" /><ent r="66" t="264" w="303" /><ent r="66" t="264" w="407" /><ent r="66" t="264" w="444" /><ent r="66" t="265" w="254" /><ent r="66" t="265" w="371" /><ent r="66" t="265" w="597" /><ent r="66" t="265" w="729" /><ent r="66" t="265" w="850" /><ent r="66" t="266" w="138" /><ent r="66" t="266" w="181" /><ent r="66" t="266" w="287" /><ent r="66" t="266" w="330" /><ent r="66" t="266" w="419" /><ent r="66" t="266" w="482" /><ent r="66" t="266" w="603" /><ent r="66" t="266" w="650" /><ent r="66" t="272" w="217" /><ent r="66" t="272" w="302" /><ent r="66" t="272" w="434" /><ent r="66" t="272" w="533" /><ent r="66" t="274" w="167" /><ent r="66" t="274" w="261" /><ent r="66" t="275" w="273" /><ent r="66" t="275" w="427" /><ent r="66" t="275" w="497" /><ent r="66" t="275" w="538" /><ent r="66" t="281" w="417" /><ent r="66" t="281" w="541" /><ent r="66" t="284" w="90" /><ent r="66" t="284" w="119" /><ent r="66" t="297" w="506" /><ent r="66" t="297" w="599" /><ent r="66" t="297" w="733" /><ent r="66" t="298" w="385" /><ent r="66" t="298" w="506" /><ent r="66" t="302" w="189" /><ent r="66" t="302" w="293" /></phr><phr n="copies"><ent r="3" t="66" w="388" /><ent r="3" t="77" w="63" /><ent r="3" t="84" w="12" /></phr><phr n="copy"><ent r="3" t="114" w="224" /><ent r="5" t="121" w="330" /><ent r="5" t="121" w="501" /><ent r="4" t="122" w="204" /><ent r="4" t="122" w="233" /><ent r="3" t="124" w="80" /><ent r="3" t="124" w="92" /><ent r="4" t="124" w="104" /><ent r="4" t="124" w="135" /><ent r="4" t="124" w="211" /><ent r="4" t="124" w="289" /><ent r="3" t="125" w="80" /><ent r="3" t="125" w="92" /><ent r="4" t="125" w="110" /><ent r="4" t="125" w="143" /><ent r="4" t="125" w="219" /><ent r="4" t="125" w="299" /><ent r="3" t="252" w="76" /><ent r="3" t="252" w="94" /><ent r="3" t="254" w="33" /><ent r="5" t="254" w="89" /><ent r="5" t="254" w="138" /><ent r="5" t="254" w="215" /><ent r="5" t="254" w="279" /><ent r="3" t="260" w="346" /><ent r="3" t="281" w="234" /><ent r="3" t="281" w="261" /><ent r="3" t="301" w="194" /><ent r="3" t="309" w="82" /></phr><phr n="copying"><ent r="4" t="121" w="366" /><ent r="4" t="121" w="562" /><ent r="3" t="122" w="163" /><ent r="3" t="188" w="193" /></phr><phr n="copied"><ent r="3" t="188" w="174" /><ent r="3" t="254" w="56" /><ent r="3" t="306" w="287" /></phr></stem></index>