﻿<?xml version="1.0" encoding="utf-8"?><index><stem n="updated-ev"><phr n="updated-event"><ent r="4" t="101" w="153" /><ent r="4" t="101" w="190" /></phr></stem><stem n="handleupd"><phr n="HandleUpdate"><ent r="4" t="101" w="184" /><ent r="4" t="101" w="209" /></phr></stem><stem n="refreshingobjects.vb"><phr n="RefreshingObjects.vb"><ent r="4" t="101" w="187" /><ent r="4" t="101" w="186" /><ent r="4" t="101" w="267" /><ent r="4" t="101" w="266" /><ent r="4" t="228" w="263" /><ent r="4" t="228" w="262" /></phr></stem><stem n="refresh-handl"><phr n="refresh-handler"><ent r="4" t="101" w="269" /></phr></stem><stem n="-traffic"><phr n="-traffic"><ent r="3" t="101" w="303" /><ent r="3" t="101" w="303" /></phr></stem><stem n="network-traff"><phr n="network-traffic"><ent r="3" t="101" w="303" /></phr></stem><stem n="traffic"><phr n="traffic"><ent r="3" t="101" w="304" /><ent r="3" t="206" w="15" /><ent r="8" t="228" w="116" /><ent r="8" t="228" w="135" /><ent r="8" t="228" w="188" /></phr></stem><stem n="-violat"><phr n="-violation"><ent r="4" t="102" w="39" /><ent r="4" t="102" w="39" /></phr></stem><stem n="constraint-viol"><phr n="constraint-violation"><ent r="4" t="102" w="39" /></phr><phr n="Constraint-violations"><ent r="4" t="126" w="99" /></phr></stem><stem n="application-specif"><phr n="application-specific"><ent r="4" t="102" w="46" /></phr></stem><stem n="/applic"><phr n="/applications"><ent r="4" t="102" w="64" /></phr></stem><stem n="clients/appl"><phr n="clients/applications"><ent r="4" t="102" w="64" /><ent r="4" t="102" w="63" /></phr></stem><stem n="/unsuccess"><phr n="/unsuccessful"><ent r="4" t="102" w="67" /></phr></stem><stem n="successful/unsuccess"><phr n="successful/unsuccessful"><ent r="4" t="102" w="67" /><ent r="4" t="102" w="66" /></phr></stem><stem n="unsuccess"><phr n="unsuccessful"><ent r="4" t="102" w="67" /></phr></stem><stem n="bless"><phr n="blessing"><ent r="4" t="102" w="124" /></phr></stem><stem n="curs"><phr n="curse"><ent r="4" t="102" w="137" /></phr></stem><stem n="parallel"><phr n="parallelism"><ent r="4" t="102" w="142" /></phr></stem><stem n="ignor"><phr n="ignored"><ent r="4" t="102" w="171" /></phr><phr n="ignores"><ent r="4" t="119" w="63" /></phr><phr n="ignore"><ent r="3" t="155" w="37" /><ent r="6" t="300" w="375" /><ent r="6" t="300" w="384" /><ent r="6" t="300" w="397" /></phr><phr n="Ignore"><ent r="6" t="300" w="387" /><ent r="6" t="300" w="400" /></phr></stem><stem n="big"><phr n="big"><ent r="3" t="103" w="20" /><ent r="3" t="107" w="95" /><ent r="3" t="108" w="41" /><ent r="3" t="109" w="19" /><ent r="3" t="109" w="22" /><ent r="3" t="109" w="38" /><ent r="3" t="109" w="64" /><ent r="3" t="109" w="84" /><ent r="3" t="109" w="91" /><ent r="3" t="109" w="111" /><ent r="5" t="109" w="129" /><ent r="4" t="109" w="151" /><ent r="5" t="109" w="182" /><ent r="4" t="109" w="204" /><ent r="3" t="109" w="217" /><ent r="3" t="109" w="228" /><ent r="5" t="109" w="317" /><ent r="4" t="109" w="378" /><ent r="5" t="109" w="427" /><ent r="4" t="109" w="473" /><ent r="3" t="137" w="104" /><ent r="3" t="165" w="43" /><ent r="3" t="199" w="17" /><ent r="3" t="275" w="549" /><ent r="3" t="282" w="302" /><ent r="3" t="304" w="65" /></phr><phr n="Big"><ent r="4" t="106" w="99" /><ent r="64" t="107" w="102" /><ent r="1000" t="109" w="1" /><ent r="102" t="109" w="4" /></phr></stem><stem n="heavili"><phr n="heavily"><ent r="3" t="103" w="45" /><ent r="3" t="243" w="86" /><ent r="3" t="285" w="141" /></phr></stem><stem n="suffici"><phr n="sufficient"><ent r="3" t="103" w="74" /></phr></stem><stem n="numer"><phr n="numeric"><ent r="4" t="103" w="86" /><ent r="4" t="292" w="207" /></phr></stem><stem n="treatment"><phr n="treatment"><ent r="3" t="103" w="150" /><ent r="3" t="115" w="37" /><ent r="3" t="129" w="229" /></phr></stem><stem n="jdk"><phr n="JDK"><ent r="4" t="103" w="156" /><ent r="4" t="245" w="48" /><ent r="3" t="297" w="632" /></phr><phr n="jdk"><ent r="4" t="297" w="662" /><ent r="4" t="297" w="668" /><ent r="4" t="297" w="672" /></phr></stem><stem n="concurrentdictionari"><phr n="ConcurrentDictionary"><ent r="5" t="103" w="198" /></phr></stem><stem n="concurrentstack"><phr n="ConcurrentStack"><ent r="5" t="103" w="200" /></phr></stem><stem n="bypass"><phr n="Bypassing"><ent r="92" t="104" w="21" /></phr><phr n="bypasses"><ent r="3" t="104" w="32" /></phr><phr n="bypass"><ent r="6" t="143" w="194" /></phr><phr n="bypassing"><ent r="3" t="152" w="45" /></phr><phr n="bypassed"><ent r="3" t="210" w="10" /></phr></stem><stem n="reference-typ"><phr n="reference-types"><ent r="3" t="104" w="149" /></phr></stem><stem n="’s"><phr n="’s"><ent r="3" t="104" w="152" /></phr></stem><stem n="blob"><phr n="Blobs"><ent r="1000" t="105" w="1" /><ent r="102" t="105" w="3" /><ent r="64" t="175" w="24" /></phr><phr n="BLOBs"><ent r="3" t="105" w="16" /><ent r="4" t="106" w="58" /></phr><phr n="blob"><ent r="4" t="105" w="81" /><ent r="3" t="106" w="12" /><ent r="64" t="106" w="119" /><ent r="4" t="106" w="158" /><ent r="4" t="106" w="186" /><ent r="3" t="106" w="207" /><ent r="3" t="106" w="218" /><ent r="4" t="106" w="220" /><ent r="4" t="106" w="232" /><ent r="4" t="106" w="240" /><ent r="4" t="106" w="252" /><ent r="3" t="106" w="270" /><ent r="4" t="106" w="276" /><ent r="4" t="106" w="284" /><ent r="4" t="106" w="288" /><ent r="4" t="106" w="296" /><ent r="4" t="106" w="304" /><ent r="4" t="106" w="308" /><ent r="3" t="106" w="318" /><ent r="3" t="106" w="332" /><ent r="4" t="106" w="342" /><ent r="4" t="106" w="368" /><ent r="3" t="175" w="49" /><ent r="4" t="175" w="67" /><ent r="4" t="175" w="95" /></phr><phr n="Blob"><ent r="92" t="105" w="103" /><ent r="4" t="105" w="106" /><ent r="1000" t="106" w="2" /><ent r="102" t="106" w="6" /><ent r="4" t="106" w="33" /><ent r="92" t="106" w="198" /><ent r="1000" t="175" w="1" /><ent r="102" t="175" w="4" /><ent r="3" t="175" w="17" /></phr><phr n="BLOB"><ent r="3" t="105" w="190" /></phr><phr n="blobs"><ent r="3" t="106" w="138" /><ent r="6" t="173" w="138" /></phr></stem><stem n="(blobs)"><phr n="(BLOBs)"><ent r="3" t="105" w="17" /></phr></stem><stem n="imag"><phr n="images"><ent r="3" t="105" w="19" /></phr></stem><stem n="video"><phr n="video"><ent r="3" t="105" w="20" /></phr></stem><stem n="music"><phr n="music"><ent r="3" t="105" w="21" /></phr></stem><stem n="/queri"><phr n="/queried"><ent r="3" t="105" w="32" /></phr><phr n="/query"><ent r="3" t="272" w="61" /></phr></stem><stem n="retrieved/queri"><phr n="retrieved/queried"><ent r="3" t="105" w="32" /><ent r="3" t="105" w="31" /></phr></stem><stem n="associ"><phr n="associated"><ent r="3" t="105" w="38" /><ent r="3" t="188" w="599" /></phr></stem><stem n="blob-typ"><phr n="blob-type"><ent r="4" t="105" w="81" /><ent r="3" t="106" w="318" /></phr></stem><stem n="-type."><phr n="-type."><ent r="4" t="105" w="83" /><ent r="4" t="105" w="83" /><ent r="3" t="118" w="175" /><ent r="3" t="118" w="175" /><ent r="3" t="122" w="74" /><ent r="3" t="122" w="74" /><ent r="3" t="190" w="366" /><ent r="3" t="190" w="366" /><ent r="4" t="278" w="178" /><ent r="4" t="278" w="178" /><ent r="3" t="291" w="54" /><ent r="3" t="291" w="54" /><ent r="3" t="292" w="260" /><ent r="3" t="292" w="260" /></phr></stem><stem n="insid"><phr n="inside"><ent r="4" t="105" w="87" /><ent r="3" t="257" w="164" /><ent r="3" t="257" w="184" /><ent r="6" t="309" w="314" /><ent r="6" t="309" w="346" /><ent r="6" t="309" w="378" /></phr></stem><stem n="concern"><phr n="concerns"><ent r="4" t="105" w="123" /><ent r="4" t="105" w="141" /><ent r="4" t="106" w="93" /><ent r="3" t="197" w="24" /><ent r="2" t="198" w="26" /><ent r="4" t="255" w="191" /></phr><phr n="concerned"><ent r="3" t="285" w="18" /></phr></stem><stem n="applicable/desir"><phr n="applicable/desirable"><ent r="3" t="105" w="170" /><ent r="3" t="105" w="169" /></phr></stem><stem n="applicable/desirable."><phr n="applicable/desirable."><ent r="3" t="105" w="170" /><ent r="3" t="105" w="169" /></phr></stem><stem n="/desirable."><phr n="/desirable."><ent r="3" t="105" w="171" /></phr></stem><stem n="(256"><phr n="(256"><ent r="3" t="105" w="185" /></phr></stem><stem n="gb"><phr n="GB"><ent r="3" t="105" w="186" /><ent r="3" t="176" w="71" /></phr></stem><stem n="secondli"><phr n="Secondly"><ent r="3" t="105" w="193" /></phr></stem><stem n="+the"><phr n="+The"><ent r="4" t="106" w="57" /></phr></stem><stem n="&quot;blobs&quot;"><phr n="&quot;blobs&quot;"><ent r="3" t="106" w="139" /></phr></stem><stem n="directori"><phr n="directory"><ent r="3" t="106" w="141" /><ent r="3" t="175" w="15" /><ent r="3" t="175" w="43" /><ent r="3" t="175" w="50" /><ent r="3" t="257" w="168" /><ent r="4" t="258" w="69" /><ent r="4" t="297" w="679" /><ent r="4" t="297" w="703" /><ent r="3" t="304" w="37" /></phr></stem><stem n=".file.blobpath"><phr n=".File.BlobPath"><ent r="4" t="106" w="149" /><ent r="4" t="106" w="178" /><ent r="4" t="175" w="58" /><ent r="4" t="175" w="87" /></phr></stem><stem n="configuration.file.blobpath"><phr n="configuration.File.BlobPath"><ent r="4" t="106" w="149" /><ent r="4" t="106" w="147" /><ent r="4" t="106" w="178" /><ent r="4" t="106" w="176" /><ent r="4" t="175" w="58" /><ent r="4" t="175" w="56" /><ent r="4" t="175" w="87" /><ent r="4" t="175" w="85" /></phr></stem><stem n="blobpath"><phr n="BlobPath"><ent r="4" t="106" w="149" /><ent r="4" t="106" w="178" /><ent r="68" t="173" w="134" /><ent r="4" t="175" w="58" /><ent r="4" t="175" w="87" /></phr></stem><stem n="myblobdirectori"><phr n="myBlobDirectory"><ent r="5" t="106" w="151" /><ent r="5" t="106" w="180" /><ent r="5" t="175" w="60" /><ent r="5" t="175" w="89" /></phr></stem><stem n="&quot;myblobdirectory&quot;"><phr n="&quot;myBlobDirectory&quot;"><ent r="5" t="106" w="152" /><ent r="5" t="106" w="181" /><ent r="5" t="175" w="61" /><ent r="5" t="175" w="90" /></phr></stem><stem n="-path"><phr n="-path"><ent r="4" t="106" w="158" /><ent r="4" t="106" w="158" /><ent r="4" t="106" w="186" /><ent r="4" t="106" w="186" /><ent r="4" t="175" w="67" /><ent r="4" t="175" w="67" /><ent r="4" t="175" w="95" /><ent r="4" t="175" w="95" /></phr></stem><stem n="blob-path"><phr n="blob-path"><ent r="4" t="106" w="158" /><ent r="4" t="106" w="186" /><ent r="4" t="175" w="67" /><ent r="4" t="175" w="95" /></phr></stem><stem n="-blob"><phr n="-Blob"><ent r="92" t="106" w="197" /><ent r="92" t="106" w="197" /></phr><phr n="-blob"><ent r="4" t="106" w="231" /><ent r="4" t="106" w="231" /><ent r="4" t="106" w="251" /><ent r="4" t="106" w="251" /><ent r="4" t="106" w="287" /><ent r="4" t="106" w="287" /><ent r="4" t="106" w="307" /><ent r="4" t="106" w="307" /></phr><phr n="-Blobs"><ent r="64" t="175" w="23" /><ent r="64" t="175" w="23" /></phr></stem><stem n="db4o-blob"><phr n="db4o-Blob"><ent r="92" t="106" w="197" /></phr><phr n="db4o-blob"><ent r="4" t="106" w="231" /><ent r="4" t="106" w="251" /><ent r="4" t="106" w="287" /><ent r="4" t="106" w="307" /></phr><phr n="db4o-Blobs"><ent r="64" t="175" w="23" /></phr></stem><stem n="blob.readfrom"><phr n="blob.ReadFrom"><ent r="4" t="106" w="221" /><ent r="4" t="106" w="220" /><ent r="4" t="106" w="241" /><ent r="4" t="106" w="240" /></phr></stem><stem n="readfrom"><phr n="ReadFrom"><ent r="4" t="106" w="221" /><ent r="4" t="106" w="241" /></phr></stem><stem n="filetostor"><phr n="fileToStore"><ent r="4" t="106" w="222" /><ent r="4" t="106" w="242" /></phr></stem><stem n=".readfrom(filetostore);"><phr n=".ReadFrom(fileToStore);"><ent r="4" t="106" w="223" /></phr></stem><stem n="blobstorag"><phr n="BlobStorage"><ent r="4" t="106" w="224" /><ent r="4" t="106" w="244" /><ent r="4" t="106" w="280" /><ent r="4" t="106" w="300" /><ent r="4" t="106" w="351" /><ent r="4" t="106" w="381" /></phr></stem><stem n="blobstorage.c"><phr n="BlobStorage.cs"><ent r="4" t="106" w="225" /><ent r="4" t="106" w="224" /><ent r="4" t="106" w="281" /><ent r="4" t="106" w="280" /><ent r="4" t="106" w="352" /><ent r="4" t="106" w="351" /></phr></stem><stem n=".readfrom(filetostore)"><phr n=".ReadFrom(fileToStore)"><ent r="4" t="106" w="243" /></phr></stem><stem n="blobstorage.vb"><phr n="BlobStorage.vb"><ent r="4" t="106" w="245" /><ent r="4" t="106" w="244" /><ent r="4" t="106" w="301" /><ent r="4" t="106" w="300" /><ent r="4" t="106" w="382" /><ent r="4" t="106" w="381" /></phr></stem><stem n=".load"><phr n=".loads"><ent r="3" t="106" w="267" /></phr></stem><stem n="blob.writeto"><phr n="blob.WriteTo"><ent r="4" t="106" w="277" /><ent r="4" t="106" w="276" /><ent r="4" t="106" w="297" /><ent r="4" t="106" w="296" /></phr></stem><stem n="writeto"><phr n="WriteTo"><ent r="4" t="106" w="277" /><ent r="4" t="106" w="297" /></phr></stem><stem n=".writeto(file);"><phr n=".WriteTo(file);"><ent r="4" t="106" w="279" /></phr></stem><stem n=".writeto(file)"><phr n=".WriteTo(file)"><ent r="4" t="106" w="299" /></phr></stem><stem n="statu"><phr n="status"><ent r="3" t="106" w="322" /><ent r="3" t="106" w="327" /></phr><phr n="Status"><ent r="4" t="106" w="345" /><ent r="4" t="106" w="371" /></phr></stem><stem n="attach"><phr n="attached"><ent r="3" t="106" w="323" /></phr></stem><stem n="blob-fil"><phr n="blob-file"><ent r="3" t="106" w="332" /></phr><phr n="Blob-files"><ent r="3" t="175" w="17" /></phr></stem><stem n="blob.getstatu"><phr n="blob.GetStatus"><ent r="4" t="106" w="343" /><ent r="4" t="106" w="342" /><ent r="4" t="106" w="369" /><ent r="4" t="106" w="368" /></phr></stem><stem n="getstatu"><phr n="GetStatus"><ent r="4" t="106" w="343" /><ent r="4" t="106" w="369" /></phr></stem><stem n="(blob.getstatus()"><phr n="(blob.GetStatus()"><ent r="4" t="106" w="344" /></phr></stem><stem n="status.complet"><phr n="Status.Completed"><ent r="4" t="106" w="346" /><ent r="4" t="106" w="345" /><ent r="4" t="106" w="372" /><ent r="4" t="106" w="371" /></phr></stem><stem n=".completed)"><phr n=".Completed)"><ent r="4" t="106" w="347" /></phr></stem><stem n="thread.sleep"><phr n="Thread.Sleep"><ent r="4" t="106" w="348" /><ent r="4" t="106" w="347" /><ent r="4" t="106" w="374" /><ent r="4" t="106" w="373" /></phr></stem><stem n="sleep"><phr n="Sleep"><ent r="4" t="106" w="348" /><ent r="4" t="106" w="374" /></phr></stem><stem n=".sleep(50);"><phr n=".Sleep(50);"><ent r="4" t="106" w="350" /></phr></stem><stem n="wait"><phr n="wait"><ent r="4" t="106" w="353" /><ent r="4" t="106" w="383" /><ent r="3" t="165" w="50" /><ent r="3" t="174" w="33" /><ent r="3" t="174" w="163" /></phr><phr n="waits"><ent r="3" t="203" w="102" /></phr></stem><stem n=".getstatus()"><phr n=".GetStatus()"><ent r="4" t="106" w="370" /></phr></stem><stem n=".complet"><phr n=".Completed"><ent r="4" t="106" w="372" /></phr></stem><stem n=".sleep(50)"><phr n=".Sleep(50)"><ent r="4" t="106" w="376" /></phr></stem><stem n="#"><phr n="#"><ent r="65" t="106" w="406" /><ent r="3" t="131" w="203" /><ent r="115" t="193" w="611" /><ent r="66" t="233" w="215" /><ent r="3" t="264" w="116" /><ent r="5" t="264" w="192" /><ent r="3" t="264" w="342" /><ent r="66" t="295" w="89" /><ent r="5" t="296" w="20" /><ent r="5" t="297" w="68" /><ent r="4" t="297" w="660" /><ent r="4" t="297" w="677" /><ent r="4" t="297" w="685" /><ent r="4" t="297" w="696" /><ent r="4" t="297" w="701" /><ent r="4" t="297" w="712" /><ent r="5" t="298" w="47" /><ent r="5" t="299" w="24" /><ent r="5" t="299" w="502" /><ent r="5" t="300" w="20" /><ent r="6" t="300" w="296" /><ent r="6" t="300" w="514" /><ent r="4" t="305" w="240" /><ent r="4" t="306" w="236" /></phr></stem><stem n=":collectin"><phr n=":Collectins"><ent r="100" t="107" w="7" /></phr></stem><stem n="collectin"><phr n="Collectins"><ent r="100" t="107" w="7" /></phr></stem><stem n="/updat"><phr n="/updates"><ent r="3" t="107" w="20" /></phr></stem><stem n="searches/upd"><phr n="searches/updates"><ent r="3" t="107" w="20" /><ent r="3" t="107" w="19" /></phr></stem><stem n="element"><phr n="elements"><ent r="3" t="107" w="41" /><ent r="4" t="113" w="34" /><ent r="3" t="300" w="67" /></phr><phr n="element"><ent r="5" t="298" w="151" /><ent r="3" t="300" w="52" /><ent r="6" t="300" w="134" /><ent r="6" t="300" w="167" /><ent r="6" t="300" w="191" /><ent r="6" t="300" w="368" /><ent r="6" t="300" w="379" /></phr></stem><stem n="bottleneck"><phr n="bottleneck"><ent r="3" t="107" w="79" /><ent r="3" t="203" w="130" /><ent r="3" t="274" w="413" /><ent r="3" t="282" w="359" /></phr><phr n="bottlenecks"><ent r="3" t="132" w="41" /></phr></stem><stem n="-set"><phr n="-set"><ent r="3" t="107" w="95" /><ent r="3" t="107" w="95" /><ent r="3" t="109" w="22" /><ent r="3" t="109" w="22" /><ent r="3" t="109" w="38" /><ent r="3" t="109" w="38" /><ent r="3" t="109" w="64" /><ent r="3" t="109" w="64" /><ent r="3" t="109" w="111" /><ent r="3" t="109" w="111" /><ent r="5" t="109" w="129" /><ent r="5" t="109" w="129" /><ent r="4" t="109" w="151" /><ent r="4" t="109" w="151" /><ent r="5" t="109" w="182" /><ent r="5" t="109" w="182" /><ent r="4" t="109" w="204" /><ent r="4" t="109" w="204" /><ent r="3" t="109" w="217" /><ent r="3" t="109" w="217" /><ent r="3" t="109" w="228" /><ent r="3" t="109" w="228" /><ent r="5" t="109" w="317" /><ent r="5" t="109" w="317" /><ent r="4" t="109" w="378" /><ent r="4" t="109" w="378" /><ent r="5" t="109" w="427" /><ent r="5" t="109" w="427" /><ent r="4" t="109" w="473" /><ent r="4" t="109" w="473" /></phr><phr n="-settings"><ent r="7" t="128" w="212" /><ent r="7" t="128" w="212" /><ent r="7" t="128" w="275" /><ent r="7" t="128" w="275" /><ent r="3" t="142" w="518" /><ent r="3" t="142" w="518" /><ent r="3" t="143" w="54" /><ent r="3" t="143" w="54" /><ent r="3" t="173" w="17" /><ent r="3" t="173" w="17" /><ent r="3" t="173" w="66" /><ent r="3" t="173" w="66" /><ent r="3" t="195" w="48" /><ent r="3" t="195" w="48" /><ent r="3" t="195" w="61" /><ent r="3" t="195" w="61" /><ent r="3" t="202" w="68" /><ent r="3" t="202" w="68" /><ent r="3" t="209" w="157" /><ent r="3" t="209" w="157" /><ent r="3" t="225" w="54" /><ent r="3" t="225" w="54" /></phr><phr n="-Settings"><ent r="92" t="142" w="513" /><ent r="92" t="142" w="513" /></phr><phr n="-setting"><ent r="3" t="176" w="89" /><ent r="3" t="176" w="89" /><ent r="3" t="179" w="267" /><ent r="3" t="179" w="267" /></phr><phr n="-sets"><ent r="3" t="241" w="592" /><ent r="3" t="241" w="592" /></phr></stem><stem n="big-set"><phr n="big-set"><ent r="3" t="107" w="95" /><ent r="3" t="109" w="22" /><ent r="3" t="109" w="38" /><ent r="3" t="109" w="64" /><ent r="3" t="109" w="111" /><ent r="5" t="109" w="129" /><ent r="4" t="109" w="151" /><ent r="5" t="109" w="182" /><ent r="4" t="109" w="204" /><ent r="3" t="109" w="217" /><ent r="3" t="109" w="228" /><ent r="5" t="109" w="317" /><ent r="4" t="109" w="378" /><ent r="5" t="109" w="427" /><ent r="4" t="109" w="473" /></phr></stem><stem n="&quot;big"><phr n="&quot;Big"><ent r="64" t="107" w="102" /></phr></stem><stem n="matter"><phr n="matter"><ent r="3" t="107" w="122" /><ent r="3" t="166" w="112" /></phr><phr n="matters"><ent r="3" t="147" w="229" /></phr></stem><stem n="plan"><phr n="planning"><ent r="3" t="108" w="12" /></phr></stem><stem n="entrust"><phr n="entrusting"><ent r="3" t="108" w="53" /></phr></stem><stem n="-collections,"><phr n="-collections,"><ent r="3" t="108" w="102" /><ent r="3" t="108" w="102" /></phr></stem><stem n="&quot;ta"><phr n="&quot;TA"><ent r="64" t="108" w="110" /></phr></stem><stem n="b-tree"><phr n="B-trees"><ent r="3" t="109" w="29" /><ent r="3" t="150" w="24" /><ent r="3" t="150" w="44" /><ent r="3" t="150" w="71" /><ent r="64" t="150" w="86" /><ent r="3" t="150" w="97" /><ent r="3" t="150" w="168" /><ent r="4" t="224" w="146" /><ent r="4" t="224" w="176" /></phr><phr n="B-tree"><ent r="6" t="143" w="167" /><ent r="3" t="150" w="13" /><ent r="3" t="150" w="148" /><ent r="4" t="150" w="195" /><ent r="4" t="150" w="223" /><ent r="3" t="179" w="329" /><ent r="3" t="179" w="338" /><ent r="3" t="179" w="377" /><ent r="4" t="224" w="239" /><ent r="4" t="224" w="270" /><ent r="3" t="282" w="403" /></phr><phr n="B-Tree"><ent r="1000" t="150" w="1" /><ent r="102" t="150" w="6" /><ent r="92" t="282" w="385" /></phr></stem><stem n="-trees,"><phr n="-trees,"><ent r="3" t="109" w="31" /><ent r="3" t="109" w="31" /></phr></stem><stem n="lookup-oper"><phr n="lookup-operation"><ent r="3" t="109" w="75" /></phr></stem><stem n="-mode,"><phr n="-mode,"><ent r="3" t="109" w="99" /><ent r="3" t="109" w="99" /></phr></stem><stem n="collectionfactori"><phr n="CollectionFactory"><ent r="3" t="109" w="115" /><ent r="4" t="109" w="119" /><ent r="4" t="109" w="170" /></phr></stem><stem n="icollection&lt;person&gt;"><phr n="ICollection&lt;Person&gt;"><ent r="4" t="109" w="117" /><ent r="4" t="240" w="1019" /></phr></stem><stem n="citizen"><phr n="citizen"><ent r="4" t="109" w="118" /><ent r="4" t="109" w="136" /><ent r="4" t="109" w="163" /><ent r="4" t="109" w="189" /></phr><phr n="Citizen"><ent r="5" t="109" w="143" /><ent r="5" t="109" w="196" /><ent r="4" t="109" w="306" /><ent r="4" t="109" w="343" /><ent r="4" t="109" w="369" /><ent r="4" t="109" w="411" /><ent r="4" t="109" w="452" /></phr><phr n="citizens"><ent r="3" t="240" w="773" /></phr></stem><stem n="collectionfactory.forobjectcontain"><phr n="CollectionFactory.ForObjectContainer"><ent r="4" t="109" w="120" /><ent r="4" t="109" w="119" /><ent r="4" t="109" w="171" /><ent r="4" t="109" w="170" /></phr></stem><stem n="newbigset&lt;person&gt;"><phr n="NewBigSet&lt;Person&gt;"><ent r="4" t="109" w="122" /></phr></stem><stem n=".forobjectcontainer(container).newbigset&lt;person&gt;();"><phr n=".ForObjectContainer(container).NewBigSet&lt;Person&gt;();"><ent r="4" t="109" w="123" /></phr></stem><stem n="citizen.add"><phr n="citizen.Add"><ent r="4" t="109" w="137" /><ent r="4" t="109" w="136" /><ent r="4" t="109" w="190" /><ent r="4" t="109" w="189" /></phr></stem><stem n="&quot;citizen"><phr n="&quot;Citizen"><ent r="5" t="109" w="143" /><ent r="5" t="109" w="196" /></phr></stem><stem n="kane"><phr n="Kane"><ent r="5" t="109" w="144" /><ent r="5" t="109" w="197" /></phr></stem><stem n="bigsetexampl"><phr n="BigSetExample"><ent r="4" t="109" w="147" /><ent r="4" t="109" w="200" /><ent r="4" t="109" w="373" /><ent r="4" t="109" w="468" /></phr></stem><stem n="bigsetexample.c"><phr n="BigSetExample.cs"><ent r="4" t="109" w="148" /><ent r="4" t="109" w="147" /><ent r="4" t="109" w="374" /><ent r="4" t="109" w="373" /></phr></stem><stem n="crate"><phr n="Crate"><ent r="4" t="109" w="149" /><ent r="4" t="109" w="202" /></phr></stem><stem n="newbigset"><phr n="NewBigSet"><ent r="4" t="109" w="173" /></phr></stem><stem n=".forobjectcontainer(container).newbigset(of"><phr n=".ForObjectContainer(container).NewBigSet(Of"><ent r="4" t="109" w="174" /></phr></stem><stem n="bigsetexample.vb"><phr n="BigSetExample.vb"><ent r="4" t="109" w="201" /><ent r="4" t="109" w="200" /><ent r="4" t="109" w="469" /><ent r="4" t="109" w="468" /></phr></stem><stem n="-equal"><phr n="-equality"><ent r="3" t="109" w="237" /><ent r="3" t="109" w="237" /></phr></stem><stem n="object-equ"><phr n="object-equality"><ent r="3" t="109" w="237" /></phr></stem><stem n="acitizen"><phr n="aCitizen"><ent r="4" t="109" w="299" /><ent r="4" t="109" w="310" /><ent r="4" t="109" w="345" /><ent r="4" t="109" w="352" /><ent r="4" t="109" w="395" /><ent r="4" t="109" w="415" /><ent r="4" t="109" w="454" /><ent r="4" t="109" w="465" /></phr></stem><stem n="(ienumerator&lt;person&gt;"><phr n="(IEnumerator&lt;Person&gt;"><ent r="4" t="109" w="303" /></phr></stem><stem n="ienumerator&lt;person&gt;"><phr n="IEnumerator&lt;Person&gt;"><ent r="4" t="109" w="303" /></phr></stem><stem n="acitizenenumer"><phr n="aCitizenEnumerator"><ent r="4" t="109" w="304" /><ent r="4" t="109" w="308" /><ent r="4" t="109" w="311" /><ent r="4" t="109" w="403" /><ent r="4" t="109" w="413" /><ent r="4" t="109" w="416" /></phr></stem><stem n="city.citizen"><phr n="city.Citizen"><ent r="4" t="109" w="306" /><ent r="4" t="109" w="305" /><ent r="4" t="109" w="343" /><ent r="4" t="109" w="342" /><ent r="4" t="109" w="369" /><ent r="4" t="109" w="368" /><ent r="4" t="109" w="411" /><ent r="4" t="109" w="410" /><ent r="4" t="109" w="452" /><ent r="4" t="109" w="451" /></phr></stem><stem n="city.citizen.getenumer"><phr n="city.Citizen.GetEnumerator"><ent r="4" t="109" w="307" /><ent r="4" t="109" w="305" /><ent r="4" t="109" w="412" /><ent r="4" t="109" w="410" /></phr></stem><stem n="getenumer"><phr n="GetEnumerator"><ent r="4" t="109" w="307" /><ent r="4" t="109" w="412" /></phr></stem><stem n=".citizen.getenumerator())"><phr n=".Citizen.GetEnumerator())"><ent r="4" t="109" w="308" /></phr></stem><stem n="acitizenenumerator.movenext"><phr n="aCitizenEnumerator.MoveNext"><ent r="4" t="109" w="309" /><ent r="4" t="109" w="308" /><ent r="4" t="109" w="414" /><ent r="4" t="109" w="413" /></phr></stem><stem n="movenext"><phr n="MoveNext"><ent r="4" t="109" w="309" /><ent r="4" t="109" w="414" /></phr></stem><stem n=".movenext();"><phr n=".MoveNext();"><ent r="4" t="109" w="310" /></phr></stem><stem n="acitizenenumerator.curr"><phr n="aCitizenEnumerator.Current"><ent r="4" t="109" w="312" /><ent r="4" t="109" w="311" /><ent r="4" t="109" w="417" /><ent r="4" t="109" w="416" /></phr></stem><stem n=".current;"><phr n=".Current;"><ent r="4" t="109" w="313" /></phr></stem><stem n="&quot;therefor"><phr n="&quot;Therefore"><ent r="5" t="109" w="331" /><ent r="5" t="109" w="357" /><ent r="5" t="109" w="441" /></phr></stem><stem n=".contains()"><phr n=".contains()"><ent r="5" t="109" w="334" /><ent r="5" t="109" w="360" /><ent r="5" t="109" w="444" /></phr></stem><stem n="city.citizen.contain"><phr n="city.Citizen.Contains"><ent r="4" t="109" w="344" /><ent r="4" t="109" w="342" /><ent r="4" t="109" w="370" /><ent r="4" t="109" w="368" /><ent r="4" t="109" w="453" /><ent r="4" t="109" w="451" /></phr></stem><stem n=".citizen.contains(acitizen));"><phr n=".Citizen.Contains(aCitizen));"><ent r="4" t="109" w="346" /></phr></stem><stem n="equalperson"><phr n="equalPerson"><ent r="4" t="109" w="347" /><ent r="4" t="109" w="371" /><ent r="4" t="109" w="458" /></phr></stem><stem n="acitizen.nam"><phr n="aCitizen.Name"><ent r="4" t="109" w="353" /><ent r="4" t="109" w="352" /><ent r="4" t="109" w="466" /><ent r="4" t="109" w="465" /></phr></stem><stem n="(acitizen.name);"><phr n="(aCitizen.Name);"><ent r="4" t="109" w="354" /></phr></stem><stem n=".citizen.contains(equalperson));"><phr n=".Citizen.Contains(equalPerson));"><ent r="4" t="109" w="372" /></phr></stem><stem n=".citizen.getenumerator()"><phr n=".Citizen.GetEnumerator()"><ent r="4" t="109" w="413" /></phr></stem><stem n=".movenext()"><phr n=".MoveNext()"><ent r="4" t="109" w="415" /></phr></stem><stem n=".current"><phr n=".Current"><ent r="4" t="109" w="417" /></phr></stem><stem n=".citizen.contains(acitizen))"><phr n=".Citizen.Contains(aCitizen))"><ent r="4" t="109" w="455" /></phr></stem><stem n="(acitizen.name)"><phr n="(aCitizen.Name)"><ent r="4" t="109" w="467" /></phr></stem><stem n="enumer"><phr n="enumerations"><ent r="3" t="110" w="20" /><ent r="3" t="111" w="10" /><ent r="3" t="111" w="22" /></phr><phr n="Enumerations"><ent r="67" t="110" w="46" /><ent r="1000" t="111" w="2" /><ent r="102" t="111" w="7" /><ent r="4" t="269" w="94" /></phr><phr n="enumerated"><ent r="3" t="111" w="49" /></phr><phr n="enumeration"><ent r="3" t="112" w="50" /><ent r="3" t="112" w="255" /><ent r="4" t="112" w="622" /><ent r="4" t="112" w="1148" /><ent r="3" t="218" w="69" /></phr></stem><stem n="belong"><phr n="belong"><ent r="3" t="110" w="23" /></phr></stem><stem n="sbyte"><phr n="SByte"><ent r="3" t="111" w="33" /></phr></stem><stem n="int32"><phr n="Int32"><ent r="3" t="111" w="34" /><ent r="3" t="111" w="60" /></phr></stem></index>