﻿<?xml version="1.0" encoding="utf-8"?><index><stem n="depend"><phr n="dependencies"><ent r="3" t="9" w="295" /><ent r="3" t="50" w="53" /><ent r="4" t="50" w="71" /><ent r="3" t="51" w="127" /><ent r="4" t="308" w="60" /><ent r="4" t="308" w="447" /></phr><phr n="Dependency"><ent r="64" t="9" w="306" /><ent r="64" t="12" w="52" /><ent r="64" t="17" w="220" /><ent r="65" t="20" w="428" /><ent r="64" t="226" w="88" /><ent r="64" t="283" w="73" /><ent r="64" t="283" w="103" /><ent r="1000" t="308" w="1" /><ent r="102" t="308" w="4" /></phr><phr n="Dependencies"><ent r="92" t="17" w="186" /><ent r="82" t="283" w="16" /><ent r="1000" t="313" w="2" /><ent r="102" t="313" w="5" /><ent r="7" t="313" w="9" /></phr><phr n="depend"><ent r="3" t="39" w="170" /><ent r="4" t="47" w="81" /><ent r="3" t="167" w="86" /><ent r="4" t="286" w="203" /><ent r="4" t="308" w="196" /></phr><phr n="dependency"><ent r="64" t="50" w="61" /><ent r="3" t="257" w="580" /><ent r="4" t="308" w="83" /><ent r="4" t="308" w="114" /><ent r="4" t="308" w="352" /></phr><phr n="depends"><ent r="3" t="103" w="46" /><ent r="3" t="243" w="87" /><ent r="3" t="264" w="110" /><ent r="3" t="285" w="77" /><ent r="3" t="285" w="142" /><ent r="5" t="297" w="534" /><ent r="4" t="308" w="124" /><ent r="4" t="308" w="156" /><ent r="4" t="308" w="184" /><ent r="4" t="308" w="270" /><ent r="4" t="308" w="307" /><ent r="4" t="308" w="399" /></phr><phr n="depending"><ent r="4" t="286" w="140" /></phr></stem><stem n="function"><phr n="functionality"><ent r="3" t="9" w="303" /><ent r="3" t="11" w="67" /><ent r="3" t="16" w="117" /><ent r="3" t="67" w="78" /><ent r="3" t="68" w="11" /><ent r="3" t="71" w="87" /><ent r="3" t="90" w="27" /><ent r="3" t="90" w="50" /><ent r="3" t="90" w="107" /><ent r="3" t="96" w="31" /><ent r="3" t="116" w="253" /><ent r="3" t="187" w="13" /><ent r="3" t="189" w="14" /><ent r="3" t="192" w="89" /><ent r="3" t="193" w="36" /><ent r="3" t="231" w="50" /><ent r="3" t="231" w="105" /><ent r="3" t="258" w="28" /><ent r="3" t="266" w="39" /><ent r="6" t="270" w="430" /><ent r="3" t="281" w="161" /><ent r="4" t="289" w="129" /><ent r="6" t="299" w="233" /><ent r="4" t="305" w="148" /><ent r="4" t="305" w="201" /><ent r="4" t="306" w="144" /><ent r="4" t="306" w="197" /><ent r="3" t="307" w="109" /><ent r="3" t="308" w="9" /><ent r="65" t="308" w="51" /><ent r="4" t="308" w="230" /><ent r="4" t="308" w="255" /></phr><phr n="Function"><ent r="5" t="14" w="1358" /><ent r="5" t="18" w="192" /><ent r="5" t="18" w="213" /><ent r="5" t="18" w="306" /><ent r="5" t="18" w="327" /><ent r="5" t="18" w="447" /><ent r="5" t="18" w="475" /><ent r="5" t="18" w="590" /><ent r="5" t="18" w="625" /><ent r="5" t="18" w="731" /><ent r="5" t="18" w="756" /><ent r="5" t="18" w="994" /><ent r="5" t="18" w="1045" /><ent r="5" t="19" w="151" /><ent r="5" t="19" w="176" /><ent r="5" t="19" w="182" /><ent r="5" t="19" w="216" /><ent r="5" t="20" w="227" /><ent r="5" t="20" w="248" /><ent r="5" t="30" w="474" /><ent r="5" t="30" w="550" /><ent r="5" t="49" w="904" /><ent r="5" t="49" w="934" /><ent r="6" t="53" w="217" /><ent r="6" t="53" w="242" /><ent r="6" t="53" w="391" /><ent r="6" t="53" w="416" /><ent r="6" t="53" w="611" /><ent r="6" t="53" w="636" /><ent r="5" t="74" w="348" /><ent r="5" t="74" w="431" /><ent r="5" t="74" w="710" /><ent r="5" t="74" w="765" /><ent r="5" t="74" w="862" /><ent r="5" t="74" w="908" /><ent r="5" t="74" w="1010" /><ent r="5" t="74" w="1069" /><ent r="5" t="75" w="494" /><ent r="5" t="75" w="545" /><ent r="5" t="75" w="608" /><ent r="5" t="75" w="659" /><ent r="5" t="75" w="756" /><ent r="5" t="75" w="802" /><ent r="5" t="75" w="908" /><ent r="5" t="75" w="967" /><ent r="5" t="99" w="355" /><ent r="5" t="99" w="410" /><ent r="5" t="99" w="520" /><ent r="5" t="99" w="561" /><ent r="5" t="99" w="732" /><ent r="5" t="99" w="763" /><ent r="5" t="99" w="767" /><ent r="5" t="99" w="843" /><ent r="5" t="112" w="897" /><ent r="5" t="112" w="968" /><ent r="5" t="112" w="976" /><ent r="5" t="112" w="1055" /><ent r="5" t="112" w="1061" /><ent r="5" t="112" w="1102" /><ent r="5" t="112" w="1108" /><ent r="5" t="112" w="1138" /><ent r="5" t="114" w="439" /><ent r="5" t="114" w="490" /><ent r="5" t="114" w="577" /><ent r="5" t="114" w="600" /><ent r="5" t="114" w="615" /><ent r="5" t="114" w="656" /><ent r="5" t="117" w="363" /><ent r="5" t="117" w="427" /><ent r="5" t="130" w="358" /><ent r="5" t="130" w="378" /><ent r="5" t="130" w="382" /><ent r="5" t="130" w="419" /><ent r="5" t="130" w="423" /><ent r="5" t="130" w="461" /><ent r="5" t="130" w="465" /><ent r="5" t="130" w="506" /><ent r="5" t="130" w="510" /><ent r="5" t="130" w="540" /><ent r="5" t="130" w="570" /><ent r="5" t="130" w="608" /><ent r="5" t="190" w="579" /><ent r="5" t="190" w="595" /><ent r="4" t="193" w="347" /><ent r="4" t="193" w="379" /><ent r="4" t="193" w="445" /><ent r="4" t="193" w="486" /><ent r="5" t="236" w="213" /><ent r="5" t="236" w="227" /><ent r="6" t="237" w="398" /><ent r="6" t="237" w="462" /><ent r="5" t="241" w="300" /><ent r="5" t="241" w="340" /><ent r="5" t="241" w="346" /><ent r="5" t="241" w="484" /><ent r="5" t="241" w="490" /><ent r="5" t="241" w="566" /><ent r="5" t="250" w="357" /><ent r="5" t="259" w="327" /><ent r="5" t="259" w="356" /><ent r="5" t="259" w="360" /><ent r="5" t="259" w="389" /></phr><phr n="function"><ent r="4" t="19" w="223" /><ent r="3" t="32" w="186" /></phr><phr n="functional"><ent r="3" t="164" w="45" /><ent r="7" t="313" w="218" /></phr><phr n="Functionality"><ent r="7" t="270" w="319" /></phr><phr n="functions"><ent r="6" t="270" w="446" /></phr></stem><stem n="&quot;depend"><phr n="&quot;Dependency"><ent r="64" t="9" w="306" /><ent r="64" t="12" w="52" /><ent r="64" t="17" w="220" /><ent r="65" t="20" w="428" /><ent r="64" t="226" w="88" /><ent r="64" t="283" w="73" /><ent r="64" t="283" w="103" /></phr></stem><stem n="&quot;."><phr n="&quot;."><ent r="64" t="9" w="308" /><ent r="5" t="9" w="368" /><ent r="3" t="41" w="134" /><ent r="64" t="69" w="48" /><ent r="64" t="118" w="162" /><ent r="3" t="178" w="61" /><ent r="3" t="270" w="63" /><ent r="4" t="277" w="144" /><ent r="64" t="283" w="277" /><ent r="3" t="290" w="32" /><ent r="3" t="292" w="148" /><ent r="4" t="306" w="590" /><ent r="3" t="306" w="629" /></phr></stem><stem n="readi"><phr n="ready"><ent r="3" t="9" w="333" /><ent r="3" t="9" w="405" /><ent r="3" t="90" w="34" /><ent r="3" t="90" w="113" /><ent r="3" t="91" w="41" /><ent r="3" t="104" w="72" /><ent r="3" t="106" w="335" /><ent r="4" t="120" w="300" /><ent r="3" t="226" w="34" /><ent r="3" t="226" w="284" /><ent r="3" t="233" w="51" /><ent r="5" t="233" w="644" /><ent r="5" t="233" w="689" /><ent r="3" t="265" w="745" /><ent r="3" t="302" w="87" /><ent r="3" t="306" w="613" /></phr><phr n="Ready"><ent r="92" t="9" w="395" /></phr></stem><stem n="go"><phr n="go"><ent r="3" t="9" w="335" /><ent r="3" t="9" w="407" /><ent r="4" t="17" w="25" /><ent r="4" t="18" w="20" /><ent r="4" t="19" w="24" /><ent r="4" t="20" w="24" /><ent r="4" t="21" w="22" /><ent r="4" t="22" w="26" /><ent r="3" t="26" w="209" /><ent r="3" t="44" w="182" /><ent r="3" t="47" w="122" /><ent r="3" t="134" w="159" /><ent r="3" t="147" w="238" /><ent r="3" t="209" w="137" /><ent r="3" t="227" w="79" /><ent r="3" t="262" w="65" /><ent r="3" t="272" w="121" /><ent r="5" t="294" w="198" /><ent r="4" t="306" w="570" /></phr><phr n="Go"><ent r="92" t="9" w="397" /><ent r="3" t="43" w="128" /><ent r="3" t="291" w="79" /><ent r="3" t="292" w="261" /></phr><phr n="going"><ent r="3" t="100" w="51" /><ent r="3" t="166" w="119" /></phr><phr n="Going"><ent r="3" t="312" w="16" /></phr></stem><stem n="here"><phr n="Here"><ent r="4" t="9" w="337" /><ent r="3" t="13" w="41" /><ent r="3" t="14" w="992" /><ent r="3" t="18" w="45" /><ent r="3" t="23" w="106" /><ent r="3" t="27" w="9" /><ent r="3" t="29" w="158" /><ent r="3" t="31" w="854" /><ent r="3" t="35" w="82" /><ent r="3" t="37" w="23" /><ent r="3" t="52" w="36" /><ent r="3" t="76" w="562" /><ent r="3" t="130" w="58" /><ent r="3" t="143" w="47" /><ent r="3" t="144" w="21" /><ent r="3" t="173" w="59" /><ent r="3" t="195" w="55" /><ent r="3" t="202" w="61" /><ent r="3" t="209" w="150" /><ent r="3" t="240" w="308" /><ent r="3" t="244" w="21" /><ent r="5" t="262" w="213" /><ent r="3" t="280" w="7" /><ent r="3" t="292" w="168" /><ent r="3" t="294" w="17" /><ent r="3" t="297" w="619" /><ent r="3" t="299" w="70" /><ent r="3" t="306" w="330" /><ent r="3" t="308" w="36" /></phr><phr n="here"><ent r="64" t="12" w="245" /><ent r="5" t="35" w="161" /><ent r="5" t="35" w="264" /><ent r="64" t="50" w="115" /><ent r="5" t="76" w="641" /><ent r="5" t="76" w="744" /><ent r="3" t="118" w="77" /><ent r="3" t="142" w="532" /><ent r="3" t="190" w="343" /><ent r="3" t="224" w="432" /><ent r="6" t="237" w="358" /><ent r="6" t="237" w="439" /><ent r="65" t="260" w="37" /><ent r="3" t="280" w="133" /><ent r="64" t="282" w="233" /><ent r="64" t="282" w="281" /><ent r="64" t="284" w="66" /><ent r="3" t="292" w="152" /><ent r="3" t="293" w="72" /><ent r="64" t="293" w="211" /><ent r="64" t="294" w="82" /><ent r="65" t="297" w="751" /><ent r="64" t="298" w="25" /><ent r="64" t="298" w="560" /><ent r="64" t="298" w="570" /><ent r="64" t="298" w="581" /><ent r="2" t="309" w="275" /></phr></stem><stem n="visual"><phr n="Visual"><ent r="4" t="9" w="344" /><ent r="3" t="15" w="333" /><ent r="3" t="22" w="194" /><ent r="3" t="91" w="71" /><ent r="3" t="93" w="51" /><ent r="4" t="258" w="151" /><ent r="4" t="260" w="42" /><ent r="3" t="265" w="613" /><ent r="3" t="270" w="83" /><ent r="3" t="270" w="87" /><ent r="4" t="287" w="41" /><ent r="4" t="287" w="108" /><ent r="4" t="287" w="118" /><ent r="3" t="288" w="19" /><ent r="3" t="302" w="61" /><ent r="4" t="308" w="94" /><ent r="4" t="308" w="109" /><ent r="4" t="308" w="325" /><ent r="4" t="308" w="347" /></phr></stem><stem n="studio"><phr n="Studio"><ent r="4" t="9" w="345" /><ent r="3" t="15" w="334" /><ent r="3" t="22" w="195" /><ent r="3" t="91" w="72" /><ent r="3" t="93" w="52" /><ent r="4" t="258" w="152" /><ent r="4" t="260" w="43" /><ent r="3" t="265" w="614" /><ent r="3" t="270" w="84" /><ent r="3" t="270" w="88" /><ent r="4" t="287" w="42" /><ent r="4" t="287" w="109" /><ent r="4" t="287" w="119" /><ent r="3" t="288" w="20" /><ent r="3" t="302" w="62" /><ent r="4" t="308" w="95" /><ent r="4" t="308" w="110" /><ent r="4" t="308" w="326" /><ent r="4" t="308" w="348" /></phr></stem><stem n="-click"><phr n="-click"><ent r="5" t="9" w="356" /><ent r="5" t="9" w="356" /><ent r="3" t="290" w="19" /><ent r="3" t="290" w="19" /><ent r="3" t="292" w="86" /><ent r="3" t="292" w="86" /><ent r="3" t="292" w="140" /><ent r="3" t="292" w="140" /><ent r="3" t="306" w="618" /><ent r="3" t="306" w="618" /><ent r="4" t="307" w="62" /><ent r="4" t="307" w="62" /></phr></stem><stem n="right"><phr n="Right"><ent r="5" t="9" w="356" /><ent r="4" t="50" w="300" /><ent r="4" t="50" w="333" /><ent r="3" t="265" w="620" /><ent r="3" t="265" w="763" /><ent r="3" t="292" w="140" /><ent r="3" t="306" w="618" /></phr><phr n="right"><ent r="3" t="39" w="379" /><ent r="4" t="47" w="84" /><ent r="3" t="74" w="1109" /><ent r="3" t="114" w="152" /><ent r="3" t="134" w="179" /><ent r="3" t="146" w="188" /><ent r="3" t="240" w="39" /><ent r="3" t="241" w="79" /><ent r="3" t="262" w="138" /><ent r="3" t="265" w="401" /><ent r="3" t="268" w="286" /><ent r="64" t="282" w="336" /><ent r="3" t="283" w="312" /><ent r="3" t="290" w="19" /><ent r="3" t="292" w="86" /><ent r="5" t="294" w="192" /><ent r="4" t="307" w="62" /><ent r="3" t="309" w="107" /></phr><phr n="rights"><ent r="3" t="257" w="178" /></phr></stem><stem n="right-click"><phr n="Right-click"><ent r="5" t="9" w="356" /><ent r="3" t="292" w="140" /><ent r="3" t="306" w="618" /></phr><phr n="right-click"><ent r="3" t="290" w="19" /><ent r="3" t="292" w="86" /><ent r="4" t="307" w="62" /></phr></stem><stem n="click"><phr n="click"><ent r="5" t="9" w="357" /><ent r="4" t="50" w="301" /><ent r="4" t="50" w="334" /><ent r="4" t="50" w="347" /><ent r="3" t="265" w="621" /><ent r="3" t="265" w="764" /><ent r="3" t="290" w="20" /><ent r="3" t="292" w="87" /><ent r="3" t="292" w="141" /><ent r="5" t="294" w="193" /><ent r="3" t="306" w="619" /><ent r="4" t="307" w="63" /><ent r="4" t="307" w="81" /><ent r="4" t="307" w="97" /></phr><phr n="Click"><ent r="4" t="133" w="396" /></phr></stem><stem n="&quot;references&quot;"><phr n="&quot;References&quot;"><ent r="5" t="9" w="360" /></phr></stem><stem n="explor"><phr n="Explorer"><ent r="5" t="9" w="363" /><ent r="4" t="307" w="60" /></phr><phr n="explore"><ent r="3" t="129" w="32" /></phr></stem><stem n="&quot;add"><phr n="&quot;Add"><ent r="5" t="9" w="366" /><ent r="3" t="290" w="235" /><ent r="4" t="306" w="592" /></phr></stem><stem n="&quot;browse&quot;."><phr n="&quot;Browse&quot;."><ent r="5" t="9" w="371" /></phr></stem><stem n="navig"><phr n="Navigate"><ent r="5" t="9" w="372" /><ent r="4" t="31" w="1388" /><ent r="4" t="31" w="1425" /></phr><phr n="Navigation"><ent r="82" t="14" w="353" /><ent r="82" t="31" w="284" /><ent r="82" t="31" w="911" /><ent r="4" t="31" w="1025" /><ent r="4" t="31" w="1087" /><ent r="92" t="240" w="731" /><ent r="92" t="240" w="939" /></phr><phr n="navigate"><ent r="3" t="14" w="361" /><ent r="3" t="28" w="507" /><ent r="3" t="30" w="63" /><ent r="3" t="31" w="292" /><ent r="3" t="49" w="991" /><ent r="5" t="49" w="1064" /><ent r="5" t="49" w="1205" /><ent r="4" t="50" w="341" /><ent r="5" t="50" w="737" /><ent r="5" t="50" w="814" /><ent r="3" t="223" w="89" /><ent r="3" t="240" w="36" /><ent r="3" t="240" w="87" /><ent r="3" t="240" w="311" /><ent r="3" t="240" w="630" /><ent r="3" t="240" w="779" /><ent r="3" t="240" w="1006" /><ent r="3" t="268" w="129" /><ent r="3" t="274" w="74" /></phr><phr n="navigates"><ent r="3" t="14" w="1180" /><ent r="3" t="31" w="921" /><ent r="3" t="31" w="1282" /></phr><phr n="navigation"><ent r="3" t="214" w="34" /><ent r="3" t="289" w="207" /><ent r="3" t="289" w="236" /></phr><phr n="navigational"><ent r="3" t="240" w="22" /></phr><phr n="Navigating"><ent r="92" t="240" w="55" /><ent r="4" t="240" w="198" /><ent r="4" t="240" w="272" /><ent r="92" t="240" w="289" /><ent r="4" t="240" w="412" /><ent r="4" t="240" w="486" /></phr><phr n="navigating"><ent r="3" t="315" w="106" /></phr></stem><stem n="binari"><phr n="binaries"><ent r="5" t="9" w="380" /></phr><phr n="binary"><ent r="3" t="105" w="14" /></phr></stem><stem n="assembly-fil"><phr n="assembly-files"><ent r="5" t="9" w="385" /></phr></stem><stem n="confirm"><phr n="Confirm"><ent r="5" t="9" w="390" /></phr></stem><stem n="that'"><phr n="That's"><ent r="3" t="9" w="400" /><ent r="3" t="9" w="399" /><ent r="3" t="34" w="471" /><ent r="3" t="34" w="470" /><ent r="3" t="35" w="51" /><ent r="3" t="35" w="50" /><ent r="3" t="49" w="969" /><ent r="3" t="49" w="968" /><ent r="3" t="90" w="193" /><ent r="3" t="90" w="192" /><ent r="3" t="126" w="177" /><ent r="3" t="126" w="176" /><ent r="3" t="240" w="996" /><ent r="3" t="240" w="995" /><ent r="3" t="257" w="562" /><ent r="3" t="257" w="561" /></phr></stem><stem n="door"><phr n="door"><ent r="3" t="10" w="17" /></phr></stem><stem n="pass"><phr n="pass"><ent r="3" t="10" w="51" /><ent r="3" t="10" w="173" /><ent r="3" t="18" w="884" /><ent r="3" t="23" w="25" /><ent r="3" t="24" w="20" /><ent r="3" t="24" w="376" /><ent r="3" t="24" w="465" /><ent r="3" t="24" w="534" /><ent r="3" t="28" w="689" /><ent r="3" t="29" w="47" /><ent r="3" t="29" w="99" /><ent r="3" t="29" w="106" /><ent r="3" t="32" w="181" /><ent r="3" t="54" w="73" /><ent r="3" t="56" w="38" /><ent r="3" t="83" w="50" /><ent r="3" t="89" w="11" /><ent r="3" t="92" w="39" /><ent r="3" t="130" w="49" /><ent r="3" t="142" w="51" /><ent r="3" t="142" w="78" /><ent r="3" t="169" w="220" /><ent r="3" t="188" w="605" /><ent r="3" t="209" w="111" /><ent r="3" t="223" w="79" /><ent r="3" t="224" w="513" /><ent r="3" t="228" w="219" /><ent r="3" t="229" w="60" /><ent r="3" t="298" w="512" /></phr><phr n="passing"><ent r="4" t="24" w="409" /><ent r="4" t="24" w="449" /><ent r="4" t="24" w="487" /><ent r="4" t="24" w="519" /><ent r="3" t="223" w="95" /></phr><phr n="Pass"><ent r="3" t="28" w="675" /><ent r="4" t="120" w="282" /><ent r="3" t="226" w="110" /><ent r="3" t="226" w="259" /></phr><phr n="passed"><ent r="3" t="57" w="15" /><ent r="6" t="92" w="556" /><ent r="3" t="141" w="382" /><ent r="3" t="188" w="123" /><ent r="3" t="276" w="152" /></phr><phr n="Passing"><ent r="4" t="126" w="87" /></phr><phr n="passes"><ent r="3" t="152" w="11" /></phr></stem><stem n="-name"><phr n="-name"><ent r="3" t="10" w="53" /><ent r="3" t="10" w="53" /><ent r="4" t="39" w="238" /><ent r="4" t="39" w="238" /><ent r="3" t="45" w="58" /><ent r="3" t="45" w="58" /><ent r="3" t="147" w="40" /><ent r="3" t="147" w="40" /><ent r="3" t="223" w="109" /><ent r="3" t="223" w="109" /><ent r="3" t="226" w="128" /><ent r="3" t="226" w="128" /><ent r="3" t="264" w="108" /><ent r="3" t="264" w="108" /><ent r="3" t="264" w="117" /><ent r="3" t="264" w="117" /><ent r="64" t="264" w="147" /><ent r="64" t="264" w="147" /><ent r="3" t="264" w="333" /><ent r="3" t="264" w="333" /><ent r="64" t="273" w="118" /><ent r="64" t="273" w="118" /><ent r="3" t="298" w="528" /><ent r="3" t="298" w="528" /></phr><phr n="-names"><ent r="64" t="147" w="177" /><ent r="64" t="147" w="177" /></phr></stem><stem n="file-nam"><phr n="file-name"><ent r="3" t="10" w="53" /><ent r="3" t="298" w="518" /><ent r="3" t="298" w="528" /></phr></stem><stem n="normal"><phr n="Normally"><ent r="3" t="10" w="60" /><ent r="3" t="99" w="28" /><ent r="3" t="161" w="11" /><ent r="3" t="163" w="11" /><ent r="3" t="229" w="244" /><ent r="3" t="255" w="43" /></phr><phr n="normally"><ent r="3" t="34" w="456" /><ent r="3" t="55" w="249" /><ent r="3" t="187" w="139" /><ent r="3" t="230" w="20" /></phr><phr n="normal"><ent r="3" t="53" w="11" /><ent r="5" t="109" w="133" /><ent r="5" t="109" w="186" /><ent r="4" t="193" w="78" /><ent r="4" t="193" w="309" /></phr><phr n="Normal"><ent r="4" t="158" w="32" /></phr></stem><stem n="close"><phr n="close"><ent r="3" t="10" w="72" /><ent r="3" t="34" w="448" /><ent r="3" t="34" w="466" /><ent r="5" t="148" w="82" /><ent r="5" t="148" w="129" /><ent r="3" t="149" w="22" /><ent r="3" t="149" w="67" /><ent r="3" t="233" w="595" /><ent r="3" t="243" w="49" /><ent r="4" t="257" w="370" /><ent r="3" t="257" w="432" /><ent r="3" t="285" w="349" /><ent r="4" t="286" w="218" /><ent r="3" t="290" w="265" /></phr><phr n="closing"><ent r="3" t="34" w="488" /><ent r="6" t="97" w="240" /><ent r="3" t="148" w="215" /><ent r="3" t="238" w="252" /></phr><phr n="closed"><ent r="6" t="97" w="247" /><ent r="3" t="127" w="159" /><ent r="4" t="193" w="174" /><ent r="4" t="193" w="431" /><ent r="3" t="238" w="243" /><ent r="3" t="238" w="303" /><ent r="3" t="238" w="336" /></phr><phr n="Close"><ent r="4" t="120" w="253" /><ent r="6" t="143" w="150" /><ent r="4" t="148" w="97" /><ent r="4" t="148" w="149" /><ent r="4" t="193" w="163" /><ent r="4" t="193" w="165" /><ent r="4" t="193" w="420" /><ent r="4" t="193" w="422" /></phr><phr n="closely"><ent r="3" t="197" w="155" /><ent r="3" t="198" w="156" /></phr></stem><stem n="shut"><phr n="shuts"><ent r="3" t="10" w="77" /><ent r="4" t="257" w="376" /></phr><phr n="shut"><ent r="3" t="126" w="110" /><ent r="3" t="179" w="237" /></phr><phr n="Shutting"><ent r="4" t="236" w="30" /></phr></stem><stem n="down"><phr n="down"><ent r="3" t="10" w="78" /><ent r="3" t="14" w="277" /><ent r="3" t="31" w="209" /><ent r="4" t="59" w="371" /><ent r="3" t="60" w="61" /><ent r="3" t="82" w="38" /><ent r="3" t="116" w="70" /><ent r="3" t="126" w="111" /><ent r="4" t="140" w="386" /><ent r="4" t="140" w="477" /><ent r="3" t="178" w="74" /><ent r="3" t="179" w="238" /><ent r="4" t="236" w="31" /><ent r="4" t="257" w="377" /><ent r="3" t="285" w="42" /><ent r="3" t="285" w="154" /><ent r="3" t="290" w="222" /><ent r="3" t="303" w="192" /></phr></stem><stem n="rest"><phr n="rest"><ent r="3" t="10" w="185" /><ent r="3" t="15" w="483" /><ent r="3" t="15" w="622" /><ent r="3" t="15" w="804" /><ent r="3" t="74" w="111" /><ent r="3" t="101" w="338" /><ent r="3" t="268" w="465" /></phr></stem><stem n="reflect"><phr n="reflection"><ent r="3" t="10" w="204" /><ent r="3" t="24" w="33" /><ent r="3" t="65" w="270" /><ent r="3" t="65" w="277" /><ent r="3" t="95" w="62" /><ent r="3" t="104" w="50" /><ent r="3" t="129" w="43" /><ent r="3" t="129" w="93" /><ent r="4" t="129" w="182" /><ent r="3" t="131" w="7" /><ent r="3" t="131" w="39" /><ent r="3" t="152" w="22" /><ent r="4" t="168" w="61" /><ent r="3" t="254" w="330" /><ent r="6" t="270" w="379" /></phr><phr n="Reflection"><ent r="4" t="12" w="37" /><ent r="3" t="15" w="79" /><ent r="64" t="65" w="285" /><ent r="1000" t="129" w="2" /><ent r="100" t="129" w="7" /><ent r="102" t="129" w="9" /><ent r="3" t="129" w="12" /><ent r="3" t="131" w="15" /><ent r="64" t="168" w="42" /><ent r="4" t="269" w="49" /><ent r="6" t="270" w="380" /><ent r="4" t="283" w="63" /><ent r="4" t="308" w="90" /><ent r="4" t="308" w="104" /><ent r="4" t="308" w="136" /></phr></stem><stem n="=="><phr n="=="><ent r="4" t="10" w="351" /><ent r="4" t="10" w="520" /><ent r="4" t="10" w="661" /><ent r="4" t="14" w="198" /><ent r="4" t="14" w="449" /><ent r="4" t="14" w="577" /><ent r="4" t="14" w="851" /><ent r="4" t="14" w="1316" /><ent r="4" t="14" w="1448" /><ent r="4" t="17" w="260" /><ent r="4" t="18" w="136" /><ent r="4" t="18" w="532" /><ent r="4" t="18" w="711" /><ent r="4" t="18" w="946" /><ent r="4" t="20" w="171" /><ent r="4" t="38" w="140" /><ent r="4" t="38" w="285" /><ent r="4" t="49" w="493" /><ent r="4" t="74" w="958" /><ent r="4" t="75" w="854" /><ent r="4" t="99" w="653" /><ent r="4" t="99" w="673" /><ent r="4" t="99" w="687" /><ent r="4" t="100" w="129" /><ent r="4" t="112" w="497" /><ent r="4" t="112" w="500" /><ent r="4" t="112" w="503" /><ent r="4" t="112" w="1231" /><ent r="4" t="112" w="1248" /><ent r="4" t="240" w="545" /><ent r="4" t="251" w="514" /><ent r="4" t="257" w="278" /></phr></stem><stem n="foreach"><phr n="foreach"><ent r="5" t="10" w="358" /><ent r="5" t="35" w="132" /><ent r="5" t="46" w="121" /><ent r="5" t="63" w="64" /><ent r="5" t="70" w="115" /><ent r="5" t="70" w="338" /><ent r="5" t="70" w="692" /><ent r="5" t="74" w="313" /><ent r="5" t="74" w="460" /><ent r="5" t="74" w="822" /><ent r="5" t="74" w="965" /><ent r="5" t="75" w="70" /><ent r="5" t="75" w="255" /><ent r="5" t="75" w="714" /><ent r="5" t="75" w="861" /><ent r="5" t="76" w="230" /><ent r="5" t="76" w="391" /><ent r="5" t="76" w="612" /><ent r="5" t="96" w="703" /><ent r="5" t="96" w="721" /><ent r="5" t="96" w="739" /><ent r="5" t="101" w="127" /><ent r="5" t="121" w="269" /><ent r="5" t="122" w="247" /><ent r="5" t="124" w="174" /><ent r="5" t="125" w="182" /><ent r="5" t="253" w="132" /><ent r="5" t="253" w="386" /><ent r="4" t="260" w="243" /><ent r="5" t="265" w="822" /><ent r="5" t="266" w="394" /><ent r="5" t="272" w="410" /><ent r="5" t="275" w="229" /><ent r="5" t="281" w="326" /></phr></stem><stem n="consol"><phr n="Console"><ent r="4" t="10" w="368" /><ent r="4" t="10" w="436" /><ent r="4" t="21" w="209" /><ent r="4" t="21" w="227" /><ent r="4" t="21" w="291" /><ent r="4" t="21" w="314" /><ent r="4" t="35" w="140" /><ent r="4" t="35" w="163" /><ent r="4" t="35" w="242" /><ent r="4" t="42" w="401" /><ent r="4" t="42" w="490" /><ent r="4" t="42" w="577" /><ent r="4" t="42" w="588" /><ent r="4" t="42" w="622" /><ent r="4" t="42" w="808" /><ent r="4" t="42" w="840" /><ent r="4" t="42" w="857" /><ent r="4" t="42" w="889" /><ent r="4" t="45" w="155" /><ent r="4" t="45" w="164" /><ent r="4" t="45" w="281" /><ent r="4" t="45" w="289" /><ent r="4" t="46" w="144" /><ent r="4" t="46" w="293" /><ent r="4" t="49" w="1093" /><ent r="4" t="49" w="1241" /><ent r="4" t="50" w="766" /><ent r="4" t="50" w="850" /><ent r="4" t="54" w="235" /><ent r="4" t="54" w="285" /><ent r="4" t="60" w="219" /><ent r="4" t="60" w="234" /><ent r="4" t="60" w="290" /><ent r="4" t="60" w="307" /><ent r="4" t="63" w="78" /><ent r="4" t="63" w="95" /><ent r="4" t="63" w="172" /><ent r="4" t="63" w="187" /><ent r="4" t="64" w="194" /><ent r="4" t="64" w="249" /><ent r="4" t="66" w="632" /><ent r="4" t="66" w="651" /><ent r="4" t="66" w="720" /><ent r="4" t="66" w="739" /><ent r="4" t="67" w="275" /><ent r="4" t="67" w="323" /><ent r="4" t="70" w="123" /><ent r="4" t="70" w="188" /><ent r="4" t="70" w="347" /><ent r="4" t="70" w="483" /><ent r="4" t="70" w="710" /><ent r="4" t="70" w="810" /><ent r="4" t="72" w="36" /><ent r="4" t="72" w="70" /><ent r="4" t="72" w="173" /><ent r="4" t="72" w="208" /><ent r="4" t="72" w="276" /><ent r="4" t="74" w="479" /><ent r="4" t="74" w="539" /><ent r="4" t="74" w="830" /><ent r="4" t="74" w="899" /><ent r="4" t="75" w="89" /><ent r="4" t="75" w="155" /><ent r="4" t="75" w="722" /><ent r="4" t="75" w="793" /><ent r="4" t="76" w="410" /><ent r="4" t="76" w="477" /><ent r="4" t="76" w="620" /><ent r="4" t="76" w="643" /><ent r="4" t="76" w="722" /><ent r="4" t="89" w="76" /><ent r="4" t="89" w="120" /><ent r="4" t="96" w="712" /><ent r="4" t="96" w="730" /><ent r="4" t="96" w="765" /><ent r="4" t="96" w="855" /><ent r="4" t="96" w="879" /><ent r="4" t="96" w="920" /><ent r="4" t="109" w="313" /><ent r="4" t="109" w="328" /><ent r="4" t="109" w="354" /><ent r="4" t="109" w="423" /><ent r="4" t="109" w="438" /><ent r="4" t="112" w="1233" /><ent r="4" t="112" w="1250" /><ent r="4" t="112" w="1301" /><ent r="4" t="112" w="1322" /><ent r="4" t="130" w="147" /><ent r="4" t="130" w="170" /><ent r="4" t="130" w="193" /><ent r="4" t="130" w="402" /><ent r="4" t="130" w="444" /><ent r="4" t="130" w="486" /><ent r="4" t="163" w="44" /><ent r="4" t="163" w="72" /><ent r="4" t="193" w="167" /><ent r="4" t="193" w="194" /><ent r="4" t="193" w="233" /><ent r="4" t="193" w="265" /><ent r="4" t="193" w="424" /><ent r="4" t="193" w="462" /><ent r="4" t="193" w="510" /><ent r="4" t="193" w="545" /><ent r="4" t="227" w="106" /><ent r="4" t="227" w="135" /><ent r="4" t="227" w="156" /><ent r="4" t="227" w="195" /><ent r="4" t="227" w="224" /><ent r="4" t="227" w="245" /><ent r="4" t="235" w="136" /><ent r="4" t="235" w="146" /><ent r="4" t="235" w="224" /><ent r="4" t="235" w="234" /><ent r="4" t="236" w="383" /><ent r="4" t="236" w="466" /><ent r="4" t="236" w="613" /><ent r="4" t="236" w="677" /><ent r="4" t="253" w="121" /><ent r="4" t="253" w="140" /><ent r="4" t="253" w="253" /><ent r="4" t="253" w="278" /><ent r="4" t="253" w="375" /><ent r="4" t="253" w="394" /><ent r="4" t="253" w="472" /><ent r="4" t="253" w="497" /><ent r="4" t="263" w="561" /><ent r="4" t="263" w="620" /><ent r="4" t="265" w="832" /><ent r="4" t="274" w="124" /><ent r="4" t="274" w="213" /><ent r="4" t="275" w="252" /><ent r="4" t="275" w="401" /><ent r="4" t="281" w="361" /><ent r="4" t="281" w="377" /><ent r="4" t="281" w="400" /><ent r="4" t="281" w="477" /><ent r="4" t="281" w="496" /><ent r="4" t="281" w="518" /></phr><phr n="console"><ent r="3" t="130" w="81" /><ent r="3" t="140" w="123" /><ent r="4" t="140" w="131" /><ent r="3" t="158" w="110" /><ent r="3" t="163" w="22" /><ent r="3" t="265" w="756" /><ent r="3" t="268" w="127" /><ent r="3" t="303" w="215" /><ent r="3" t="303" w="237" /></phr></stem></index>