﻿<?xml version="1.0" encoding="utf-8"?><index><stem n="&quot;db4odoc.code.strategies.refactoring.personold,"><phr n="&quot;Db4oDoc.Code.Strategies.Refactoring.PersonOld,"><ent r="5" t="120" w="81" /><ent r="5" t="120" w="114" /><ent r="5" t="120" w="182" /><ent r="5" t="120" w="213" /></phr></stem><stem n=".rename("><phr n=".Rename("><ent r="4" t="120" w="84" /><ent r="4" t="120" w="117" /></phr></stem><stem n="db4odoc.code.strategies.refactoring.personnew"><phr n="Db4oDoc.Code.Strategies.Refactoring.PersonNew"><ent r="5" t="120" w="89" /><ent r="5" t="120" w="85" /><ent r="5" t="120" w="122" /><ent r="5" t="120" w="118" /></phr></stem><stem n="personnew"><phr n="PersonNew"><ent r="5" t="120" w="89" /><ent r="5" t="120" w="122" /><ent r="4" t="122" w="255" /><ent r="4" t="122" w="260" /><ent r="4" t="122" w="332" /></phr></stem><stem n="db4odoc.code.strategies.refactoring.personnew,"><phr n="Db4oDoc.Code.Strategies.Refactoring.PersonNew,"><ent r="5" t="120" w="89" /><ent r="5" t="120" w="85" /><ent r="5" t="120" w="122" /><ent r="5" t="120" w="118" /></phr></stem><stem n="&quot;db4odoc.code.strategies.refactoring.personnew,"><phr n="&quot;Db4oDoc.Code.Strategies.Refactoring.PersonNew,"><ent r="5" t="120" w="90" /><ent r="5" t="120" w="123" /></phr></stem><stem n="refactoringexampl"><phr n="RefactoringExamples"><ent r="4" t="120" w="93" /><ent r="4" t="120" w="126" /><ent r="4" t="120" w="193" /><ent r="4" t="120" w="224" /><ent r="4" t="121" w="176" /><ent r="4" t="121" w="212" /><ent r="4" t="121" w="364" /><ent r="4" t="121" w="560" /></phr></stem><stem n="refactoringexamples.c"><phr n="RefactoringExamples.cs"><ent r="4" t="120" w="94" /><ent r="4" t="120" w="93" /><ent r="4" t="120" w="194" /><ent r="4" t="120" w="193" /><ent r="4" t="121" w="177" /><ent r="4" t="121" w="176" /><ent r="4" t="121" w="365" /><ent r="4" t="121" w="364" /></phr></stem><stem n="refactoringexamples.vb"><phr n="RefactoringExamples.vb"><ent r="4" t="120" w="127" /><ent r="4" t="120" w="126" /><ent r="4" t="120" w="225" /><ent r="4" t="120" w="224" /><ent r="4" t="121" w="213" /><ent r="4" t="121" w="212" /><ent r="4" t="121" w="561" /><ent r="4" t="121" w="560" /></phr></stem><stem n=".objectfield("><phr n=".ObjectField("><ent r="4" t="120" w="185" /><ent r="4" t="120" w="216" /></phr></stem><stem n=").rename("><phr n=").Rename("><ent r="4" t="120" w="189" /><ent r="4" t="120" w="220" /><ent r="4" t="223" w="691" /><ent r="4" t="223" w="728" /></phr></stem><stem n="sirnam"><phr n="sirname"><ent r="5" t="120" w="190" /><ent r="5" t="120" w="221" /><ent r="5" t="223" w="692" /><ent r="5" t="223" w="729" /></phr><phr n="SirName"><ent r="4" t="266" w="271" /><ent r="4" t="266" w="306" /></phr></stem><stem n="&quot;sirname&quot;"><phr n="&quot;sirname&quot;"><ent r="5" t="120" w="191" /><ent r="5" t="120" w="222" /><ent r="5" t="223" w="693" /><ent r="5" t="223" w="730" /></phr></stem><stem n="rename-inform"><phr n="rename-information"><ent r="4" t="120" w="287" /></phr></stem><stem n=":chang"><phr n=":Change"><ent r="100" t="121" w="6" /><ent r="100" t="121" w="12" /></phr></stem><stem n="hidden"><phr n="hidden"><ent r="3" t="121" w="80" /></phr></stem><stem n="stored-class"><phr n="stored-classes"><ent r="3" t="121" w="117" /></phr></stem><stem n="-type:"><phr n="-type:"><ent r="3" t="121" w="156" /><ent r="3" t="121" w="156" /></phr></stem><stem n="identity.newid"><phr n="Identity.NewId"><ent r="4" t="121" w="162" /><ent r="4" t="121" w="161" /><ent r="4" t="121" w="198" /><ent r="4" t="121" w="197" /></phr></stem><stem n="newid"><phr n="NewId"><ent r="4" t="121" w="162" /><ent r="4" t="121" w="198" /></phr></stem><stem n=".newid();"><phr n=".NewId();"><ent r="4" t="121" w="163" /></phr></stem><stem n="random"><phr n="Random"><ent r="5" t="121" w="173" /><ent r="5" t="121" w="209" /></phr></stem><stem n="nextint"><phr n="nextInt"><ent r="5" t="121" w="174" /><ent r="5" t="121" w="210" /></phr></stem><stem n="().nextint();"><phr n="().nextInt();"><ent r="5" t="121" w="175" /><ent r="5" t="121" w="211" /></phr></stem><stem n=".newid()"><phr n=".NewId()"><ent r="4" t="121" w="199" /></phr></stem><stem n="-metadata"><phr n="-metadata"><ent r="5" t="121" w="280" /><ent r="5" t="121" w="280" /><ent r="5" t="121" w="438" /><ent r="5" t="121" w="438" /></phr></stem><stem n="database-metadata"><phr n="database-metadata"><ent r="5" t="121" w="280" /><ent r="5" t="121" w="438" /></phr></stem><stem n="dbclass"><phr n="dbClass"><ent r="4" t="121" w="288" /><ent r="4" t="121" w="306" /><ent r="4" t="121" w="447" /><ent r="4" t="121" w="474" /></phr></stem><stem n=".ext().storedclass(person);"><phr n=".Ext().StoredClass(person);"><ent r="4" t="121" w="293" /></phr></stem><stem n="int-typ"><phr n="int-type"><ent r="5" t="121" w="301" /><ent r="5" t="121" w="464" /></phr></stem><stem n="oldfield"><phr n="oldField"><ent r="4" t="121" w="305" /><ent r="4" t="121" w="323" /><ent r="4" t="121" w="340" /><ent r="4" t="121" w="469" /><ent r="4" t="121" w="488" /><ent r="4" t="121" w="516" /></phr></stem><stem n="dbclass.storedfield"><phr n="dbClass.StoredField"><ent r="4" t="121" w="307" /><ent r="4" t="121" w="306" /><ent r="4" t="121" w="475" /><ent r="4" t="121" w="474" /></phr></stem><stem n="!=oldfield)"><phr n="!=oldField)"><ent r="4" t="121" w="324" /></phr></stem><stem n="oldvalu"><phr n="oldValue"><ent r="4" t="121" w="339" /><ent r="4" t="121" w="349" /><ent r="4" t="121" w="359" /><ent r="4" t="121" w="510" /><ent r="4" t="121" w="524" /><ent r="4" t="121" w="541" /></phr></stem><stem n="oldfield.get"><phr n="oldField.Get"><ent r="4" t="121" w="341" /><ent r="4" t="121" w="340" /></phr></stem><stem n="person.id"><phr n="person.id"><ent r="4" t="121" w="351" /><ent r="4" t="121" w="350" /><ent r="4" t="121" w="533" /><ent r="4" t="121" w="532" /></phr></stem><stem n="(("><phr n="(("><ent r="4" t="121" w="356" /></phr></stem><stem n=")oldvalue);"><phr n=")oldValue);"><ent r="4" t="121" w="360" /></phr></stem><stem n=".ext().storedclass(person)"><phr n=".Ext().StoredClass(person)"><ent r="4" t="121" w="456" /></phr></stem><stem n="(oldvalue))"><phr n="(oldValue))"><ent r="4" t="121" w="542" /></phr></stem><stem n=".store(person)"><phr n=".Store(person)"><ent r="4" t="121" w="545" /></phr></stem><stem n="covert"><phr n="covert"><ent r="3" t="121" w="632" /></phr></stem><stem n="array-typ"><phr n="array-type"><ent r="3" t="122" w="59" /><ent r="3" t="122" w="72" /><ent r="3" t="122" w="154" /><ent r="4" t="278" w="176" /></phr></stem><stem n="vice"><phr n="vice"><ent r="3" t="122" w="62" /><ent r="4" t="122" w="89" /></phr></stem><stem n="versa"><phr n="versa"><ent r="3" t="122" w="63" /><ent r="4" t="122" w="90" /></phr></stem><stem n="int-"><phr n="int-"><ent r="4" t="122" w="100" /><ent r="4" t="122" w="123" /></phr></stem><stem n="object-"><phr n="object-"><ent r="4" t="122" w="102" /></phr></stem><stem n="string-arrai"><phr n="string-array"><ent r="4" t="122" w="112" /><ent r="4" t="122" w="119" /><ent r="4" t="122" w="286" /><ent r="4" t="122" w="360" /></phr></stem><stem n="array-field"><phr n="Array-Field"><ent r="92" t="122" w="138" /></phr></stem><stem n="ilist&lt;personold&gt;"><phr n="IList&lt;PersonOld&gt;"><ent r="4" t="122" w="242" /></phr></stem><stem n="oldperson"><phr n="oldPersons"><ent r="4" t="122" w="243" /><ent r="4" t="122" w="254" /><ent r="4" t="122" w="298" /><ent r="4" t="122" w="322" /></phr></stem><stem n="container.query&lt;personold&gt;"><phr n="container.Query&lt;PersonOld&gt;"><ent r="4" t="122" w="245" /><ent r="4" t="122" w="244" /></phr></stem><stem n="query&lt;personold&gt;"><phr n="Query&lt;PersonOld&gt;"><ent r="4" t="122" w="245" /></phr></stem><stem n=".query&lt;personold&gt;();"><phr n=".Query&lt;PersonOld&gt;();"><ent r="4" t="122" w="246" /></phr></stem><stem n="(personold"><phr n="(PersonOld"><ent r="4" t="122" w="249" /></phr></stem><stem n="newperson"><phr n="newPerson"><ent r="4" t="122" w="256" /><ent r="4" t="122" w="261" /><ent r="4" t="122" w="272" /><ent r="4" t="122" w="326" /><ent r="4" t="122" w="333" /><ent r="4" t="122" w="344" /></phr></stem><stem n="newperson.nam"><phr n="newPerson.Name"><ent r="4" t="122" w="262" /><ent r="4" t="122" w="261" /><ent r="4" t="122" w="334" /><ent r="4" t="122" w="333" /></phr></stem><stem n="old.nam"><phr n="old.Name"><ent r="4" t="122" w="269" /><ent r="4" t="122" w="268" /><ent r="4" t="122" w="341" /><ent r="4" t="122" w="340" /></phr></stem><stem n="{old.name};"><phr n="{old.Name};"><ent r="4" t="122" w="270" /></phr></stem><stem n=".store(newperson);"><phr n=".Store(newPerson);"><ent r="4" t="122" w="273" /></phr></stem><stem n=".delete(old);"><phr n=".Delete(old);"><ent r="4" t="122" w="276" /></phr></stem><stem n="changearraytyp"><phr n="ChangeArrayType"><ent r="4" t="122" w="277" /><ent r="4" t="122" w="351" /></phr></stem><stem n="changearraytype.c"><phr n="ChangeArrayType.cs"><ent r="4" t="122" w="278" /><ent r="4" t="122" w="277" /></phr></stem><stem n="string-field"><phr n="string-field"><ent r="4" t="122" w="281" /><ent r="4" t="122" w="355" /></phr></stem><stem n="{old.name}"><phr n="{old.Name}"><ent r="4" t="122" w="342" /></phr></stem><stem n=".store(newperson)"><phr n=".Store(newPerson)"><ent r="4" t="122" w="345" /></phr></stem><stem n=".delete(old)"><phr n=".Delete(old)"><ent r="4" t="122" w="348" /></phr></stem><stem n="changearraytype.vb"><phr n="ChangeArrayType.vb"><ent r="4" t="122" w="352" /><ent r="4" t="122" w="351" /></phr></stem><stem n="-hierarchi"><phr n="-hierarchy"><ent r="3" t="123" w="39" /><ent r="3" t="123" w="39" /><ent r="3" t="124" w="88" /><ent r="3" t="124" w="88" /><ent r="3" t="125" w="88" /><ent r="3" t="125" w="88" /></phr></stem><stem n="inheritance-hierarchi"><phr n="inheritance-hierarchy"><ent r="3" t="123" w="39" /><ent r="3" t="123" w="88" /></phr><phr n="Inheritance-hierarchy"><ent r="3" t="124" w="88" /><ent r="3" t="125" w="88" /></phr></stem><stem n="anim"><phr n="Animal"><ent r="3" t="123" w="66" /></phr></stem><stem n="'animal'"><phr n="'Animal'"><ent r="3" t="123" w="67" /></phr></stem><stem n="mammal"><phr n="Mammal"><ent r="3" t="123" w="70" /><ent r="3" t="123" w="76" /><ent r="3" t="124" w="57" /><ent r="4" t="124" w="125" /><ent r="3" t="125" w="40" /><ent r="4" t="125" w="133" /></phr></stem><stem n="'mammal'"><phr n="'Mammal'"><ent r="3" t="123" w="71" /><ent r="3" t="123" w="77" /></phr></stem><stem n="primat"><phr n="Primate"><ent r="3" t="123" w="78" /><ent r="3" t="124" w="38" /><ent r="3" t="124" w="46" /><ent r="3" t="125" w="49" /><ent r="4" t="125" w="105" /><ent r="4" t="125" w="128" /></phr></stem><stem n="'primate'."><phr n="'Primate'."><ent r="3" t="123" w="79" /></phr></stem><stem n="-hierarchy."><phr n="-hierarchy."><ent r="3" t="123" w="90" /><ent r="3" t="123" w="90" /><ent r="4" t="278" w="128" /><ent r="4" t="278" w="128" /><ent r="4" t="278" w="139" /><ent r="4" t="278" w="139" /></phr></stem><stem n="redirect"><phr n="Redirect"><ent r="4" t="123" w="127" /></phr><phr n="redirect"><ent r="3" t="158" w="114" /><ent r="4" t="259" w="115" /></phr></stem><stem n="&quot;insert"><phr n="&quot;Inserting"><ent r="64" t="123" w="155" /></phr></stem><stem n="&quot;remov"><phr n="&quot;Removing"><ent r="64" t="123" w="175" /></phr></stem><stem n=":remov"><phr n=":Remove"><ent r="100" t="124" w="8" /><ent r="100" t="124" w="15" /></phr></stem><stem n="human"><phr n="Human"><ent r="3" t="124" w="32" /><ent r="3" t="124" w="51" /><ent r="3" t="124" w="83" /><ent r="4" t="124" w="107" /><ent r="4" t="124" w="133" /><ent r="4" t="124" w="150" /><ent r="3" t="124" w="166" /><ent r="4" t="124" w="176" /><ent r="4" t="124" w="237" /><ent r="4" t="124" w="241" /><ent r="4" t="124" w="251" /><ent r="3" t="125" w="34" /><ent r="3" t="125" w="54" /><ent r="3" t="125" w="83" /><ent r="4" t="125" w="113" /><ent r="4" t="125" w="141" /><ent r="4" t="125" w="158" /><ent r="3" t="125" w="174" /><ent r="4" t="125" w="184" /><ent r="4" t="125" w="245" /><ent r="4" t="125" w="249" /><ent r="4" t="125" w="259" /></phr></stem><stem n="work-around"><phr n="work-around"><ent r="3" t="124" w="74" /><ent r="3" t="125" w="74" /></phr></stem><stem n="-around."><phr n="-around."><ent r="3" t="124" w="76" /><ent r="3" t="124" w="76" /><ent r="3" t="125" w="76" /><ent r="3" t="125" w="76" /></phr></stem><stem n="humannew"><phr n="HumanNew"><ent r="4" t="124" w="111" /><ent r="4" t="124" w="118" /><ent r="4" t="124" w="140" /><ent r="4" t="124" w="144" /><ent r="4" t="124" w="182" /><ent r="4" t="124" w="187" /><ent r="4" t="124" w="265" /><ent r="4" t="125" w="117" /><ent r="4" t="125" w="121" /><ent r="4" t="125" w="148" /><ent r="4" t="125" w="152" /><ent r="4" t="125" w="190" /><ent r="4" t="125" w="195" /><ent r="4" t="125" w="273" /></phr></stem><stem n="human-inst"><phr n="Human-instances"><ent r="4" t="124" w="133" /><ent r="4" t="124" w="150" /><ent r="4" t="125" w="141" /><ent r="4" t="125" w="158" /></phr></stem><stem n="humannew-inst"><phr n="HumanNew-instances"><ent r="4" t="124" w="140" /></phr><phr n="HumanNew-instance"><ent r="4" t="124" w="144" /></phr></stem><stem n="-instances."><phr n="-instances."><ent r="4" t="124" w="142" /><ent r="4" t="124" w="142" /></phr></stem><stem n="ilist&lt;human&gt;"><phr n="IList&lt;Human&gt;"><ent r="4" t="124" w="169" /><ent r="4" t="125" w="177" /></phr></stem><stem n="allmamm"><phr n="allMammals"><ent r="4" t="124" w="170" /><ent r="4" t="124" w="181" /><ent r="4" t="124" w="231" /><ent r="4" t="124" w="255" /><ent r="4" t="125" w="178" /><ent r="4" t="125" w="189" /><ent r="4" t="125" w="239" /><ent r="4" t="125" w="263" /></phr></stem><stem n="container.query&lt;human&gt;"><phr n="container.Query&lt;Human&gt;"><ent r="4" t="124" w="172" /><ent r="4" t="124" w="171" /><ent r="4" t="125" w="180" /><ent r="4" t="125" w="179" /></phr></stem><stem n="query&lt;human&gt;"><phr n="Query&lt;Human&gt;"><ent r="4" t="124" w="172" /><ent r="4" t="125" w="180" /></phr></stem><stem n=".query&lt;human&gt;();"><phr n=".Query&lt;Human&gt;();"><ent r="4" t="124" w="173" /><ent r="4" t="125" w="181" /></phr></stem><stem n="(human"><phr n="(Human"><ent r="4" t="124" w="176" /><ent r="4" t="125" w="184" /></phr></stem><stem n="oldhuman"><phr n="oldHuman"><ent r="4" t="124" w="177" /><ent r="4" t="124" w="192" /><ent r="4" t="124" w="196" /><ent r="4" t="124" w="200" /><ent r="4" t="124" w="207" /><ent r="4" t="124" w="247" /><ent r="4" t="124" w="270" /><ent r="4" t="124" w="274" /><ent r="4" t="124" w="278" /><ent r="4" t="124" w="285" /><ent r="4" t="125" w="185" /><ent r="4" t="125" w="200" /><ent r="4" t="125" w="204" /><ent r="4" t="125" w="208" /><ent r="4" t="125" w="215" /><ent r="4" t="125" w="255" /><ent r="4" t="125" w="278" /><ent r="4" t="125" w="282" /><ent r="4" t="125" w="286" /><ent r="4" t="125" w="293" /></phr></stem><stem n="newhuman"><phr n="newHuman"><ent r="4" t="124" w="183" /><ent r="4" t="124" w="190" /><ent r="4" t="124" w="194" /><ent r="4" t="124" w="198" /><ent r="4" t="124" w="204" /><ent r="4" t="124" w="259" /><ent r="4" t="124" w="268" /><ent r="4" t="124" w="272" /><ent r="4" t="124" w="276" /><ent r="4" t="124" w="282" /><ent r="4" t="125" w="191" /><ent r="4" t="125" w="198" /><ent r="4" t="125" w="202" /><ent r="4" t="125" w="206" /><ent r="4" t="125" w="212" /><ent r="4" t="125" w="267" /><ent r="4" t="125" w="276" /><ent r="4" t="125" w="280" /><ent r="4" t="125" w="284" /><ent r="4" t="125" w="290" /></phr></stem><stem n=".bodytemperatur"><phr n=".BodyTemperature"><ent r="4" t="124" w="191" /><ent r="4" t="124" w="269" /><ent r="4" t="124" w="271" /><ent r="4" t="125" w="199" /><ent r="4" t="125" w="277" /><ent r="4" t="125" w="279" /></phr></stem><stem n="newhuman.bodytemperatur"><phr n="newHuman.BodyTemperature"><ent r="4" t="124" w="191" /><ent r="4" t="124" w="190" /><ent r="4" t="124" w="269" /><ent r="4" t="124" w="268" /><ent r="4" t="125" w="199" /><ent r="4" t="125" w="198" /><ent r="4" t="125" w="277" /><ent r="4" t="125" w="276" /></phr></stem><stem n="bodytemperatur"><phr n="BodyTemperature"><ent r="4" t="124" w="191" /><ent r="4" t="124" w="193" /><ent r="4" t="124" w="269" /><ent r="4" t="124" w="271" /><ent r="4" t="125" w="199" /><ent r="4" t="125" w="201" /><ent r="4" t="125" w="277" /><ent r="4" t="125" w="279" /></phr></stem><stem n="oldhuman.bodytemperatur"><phr n="oldHuman.BodyTemperature"><ent r="4" t="124" w="193" /><ent r="4" t="124" w="192" /><ent r="4" t="124" w="271" /><ent r="4" t="124" w="270" /><ent r="4" t="125" w="201" /><ent r="4" t="125" w="200" /><ent r="4" t="125" w="279" /><ent r="4" t="125" w="278" /></phr></stem><stem n=".bodytemperature;"><phr n=".BodyTemperature;"><ent r="4" t="124" w="194" /><ent r="4" t="125" w="202" /></phr></stem><stem n=".iq"><phr n=".IQ"><ent r="4" t="124" w="195" /><ent r="4" t="124" w="273" /><ent r="4" t="124" w="275" /><ent r="4" t="125" w="203" /><ent r="4" t="125" w="281" /><ent r="4" t="125" w="283" /></phr></stem><stem n="newhuman.iq"><phr n="newHuman.IQ"><ent r="4" t="124" w="195" /><ent r="4" t="124" w="194" /><ent r="4" t="124" w="273" /><ent r="4" t="124" w="272" /><ent r="4" t="125" w="203" /><ent r="4" t="125" w="202" /><ent r="4" t="125" w="281" /><ent r="4" t="125" w="280" /></phr></stem><stem n="iq"><phr n="IQ"><ent r="4" t="124" w="195" /><ent r="4" t="124" w="197" /><ent r="4" t="124" w="273" /><ent r="4" t="124" w="275" /><ent r="4" t="125" w="203" /><ent r="4" t="125" w="205" /><ent r="4" t="125" w="281" /><ent r="4" t="125" w="283" /></phr></stem><stem n="oldhuman.iq"><phr n="oldHuman.IQ"><ent r="4" t="124" w="197" /><ent r="4" t="124" w="196" /><ent r="4" t="124" w="275" /><ent r="4" t="124" w="274" /><ent r="4" t="125" w="205" /><ent r="4" t="125" w="204" /><ent r="4" t="125" w="283" /><ent r="4" t="125" w="282" /></phr></stem><stem n=".iq;"><phr n=".IQ;"><ent r="4" t="124" w="198" /><ent r="4" t="125" w="206" /></phr></stem><stem n="newhuman.nam"><phr n="newHuman.Name"><ent r="4" t="124" w="199" /><ent r="4" t="124" w="198" /><ent r="4" t="124" w="277" /><ent r="4" t="124" w="276" /><ent r="4" t="125" w="207" /><ent r="4" t="125" w="206" /><ent r="4" t="125" w="285" /><ent r="4" t="125" w="284" /></phr></stem><stem n="oldhuman.nam"><phr n="oldHuman.Name"><ent r="4" t="124" w="201" /><ent r="4" t="124" w="200" /><ent r="4" t="124" w="279" /><ent r="4" t="124" w="278" /><ent r="4" t="125" w="209" /><ent r="4" t="125" w="208" /><ent r="4" t="125" w="287" /><ent r="4" t="125" w="286" /></phr></stem><stem n=".name;"><phr n=".Name;"><ent r="4" t="124" w="202" /><ent r="4" t="125" w="210" /><ent r="4" t="254" w="103" /><ent r="4" t="254" w="147" /><ent r="4" t="260" w="385" /></phr></stem><stem n=".store(newhuman);"><phr n=".Store(newHuman);"><ent r="4" t="124" w="205" /><ent r="4" t="125" w="213" /></phr></stem><stem n=".delete(oldhuman);"><phr n=".Delete(oldHuman);"><ent r="4" t="124" w="208" /><ent r="4" t="125" w="216" /></phr></stem><stem n="removeclassfromhierarchi"><phr n="RemoveClassFromHierarchy"><ent r="4" t="124" w="209" /><ent r="4" t="124" w="287" /></phr></stem><stem n="removeclassfromhierarchy.c"><phr n="RemoveClassFromHierarchy.cs"><ent r="4" t="124" w="210" /><ent r="4" t="124" w="209" /></phr></stem><stem n=".store(newhuman)"><phr n=".Store(newHuman)"><ent r="4" t="124" w="283" /><ent r="4" t="125" w="291" /></phr></stem><stem n=".delete(oldhuman)"><phr n=".Delete(oldHuman)"><ent r="4" t="124" w="286" /><ent r="4" t="125" w="294" /></phr></stem><stem n="removeclassfromhierarchy.vb"><phr n="RemoveClassFromHierarchy.vb"><ent r="4" t="124" w="288" /><ent r="4" t="124" w="287" /></phr></stem><stem n=":insert"><phr n=":Insert"><ent r="100" t="125" w="8" /><ent r="100" t="125" w="16" /></phr></stem><stem n="addclasstohierarchi"><phr n="AddClassToHierarchy"><ent r="4" t="125" w="217" /><ent r="4" t="125" w="297" /></phr></stem><stem n="addclasstohierarchy.c"><phr n="AddClassToHierarchy.cs"><ent r="4" t="125" w="218" /><ent r="4" t="125" w="217" /></phr></stem><stem n="addclasstohierarchy.vb"><phr n="AddClassToHierarchy.vb"><ent r="4" t="125" w="298" /><ent r="4" t="125" w="297" /></phr></stem><stem n="-handl"><phr n="-Handling"><ent r="1000" t="126" w="1" /><ent r="1000" t="126" w="1" /><ent r="100" t="126" w="4" /><ent r="100" t="126" w="4" /><ent r="102" t="126" w="7" /><ent r="102" t="126" w="7" /></phr><phr n="-handling"><ent r="3" t="162" w="26" /><ent r="3" t="162" w="26" /></phr></stem><stem n="exception-typ"><phr n="exception-types"><ent r="3" t="126" w="25" /></phr></stem><stem n="recover"><phr n="recoverable"><ent r="3" t="126" w="30" /><ent r="3" t="126" w="41" /><ent r="3" t="126" w="66" /><ent r="3" t="126" w="79" /><ent r="3" t="126" w="194" /></phr><phr n="Recoverable"><ent r="92" t="126" w="37" /></phr></stem><stem n="fatal"><phr n="fatal"><ent r="3" t="126" w="34" /><ent r="3" t="126" w="106" /><ent r="3" t="126" w="145" /><ent r="3" t="126" w="189" /><ent r="3" t="126" w="193" /></phr><phr n="Fatal"><ent r="92" t="126" w="102" /></phr></stem><stem n="unsupport"><phr n="Unsupported"><ent r="4" t="126" w="95" /></phr></stem><stem n="schema-chang"><phr n="schema-changes"><ent r="4" t="126" w="96" /></phr></stem><stem n="-changes."><phr n="-changes."><ent r="4" t="126" w="98" /><ent r="4" t="126" w="98" /><ent r="3" t="253" w="338" /><ent r="3" t="253" w="338" /></phr></stem><stem n="-violations."><phr n="-violations."><ent r="4" t="126" w="101" /><ent r="4" t="126" w="101" /></phr></stem><stem n="db4o-cor"><phr n="db4o-core"><ent r="3" t="126" w="154" /><ent r="3" t="126" w="164" /></phr></stem><stem n="-core,"><phr n="-core,"><ent r="3" t="126" w="156" /><ent r="3" t="126" w="156" /></phr></stem><stem n="-core"><phr n="-core"><ent r="3" t="126" w="164" /><ent r="3" t="126" w="164" /></phr></stem><stem n="stop"><phr n="stop"><ent r="3" t="126" w="183" /></phr></stem><stem n="-except"><phr n="-exceptions"><ent r="4" t="126" w="203" /><ent r="4" t="126" w="203" /><ent r="3" t="127" w="32" /><ent r="3" t="127" w="32" /></phr><phr n="-Exceptions"><ent r="92" t="126" w="213" /><ent r="92" t="126" w="213" /></phr></stem><stem n="outofmemori"><phr n="OutOfMemory"><ent r="4" t="126" w="203" /></phr></stem><stem n="outofmemory-except"><phr n="OutOfMemory-exceptions"><ent r="4" t="126" w="203" /></phr></stem><stem n="handle-except"><phr n="Handle-Exceptions"><ent r="92" t="126" w="213" /></phr></stem><stem n="&quot;except"><phr n="&quot;Exception"><ent r="64" t="126" w="231" /></phr></stem><stem n="compli"><phr n="complies"><ent r="3" t="126" w="241" /></phr></stem><stem n="-handling:except"><phr n="-Handling:Exception"><ent r="100" t="127" w="6" /><ent r="100" t="127" w="6" /></phr></stem><stem n="db4o-except"><phr n="db4o-exceptions"><ent r="3" t="127" w="32" /></phr></stem><stem n="#:"><phr n="#:"><ent r="4" t="127" w="47" /><ent r="4" t="193" w="587" /><ent r="4" t="277" w="151" /><ent r="6" t="300" w="483" /></phr></stem><stem n="db4oexcept"><phr n="db4oException"><ent r="5" t="127" w="48" /><ent r="5" t="127" w="53" /></phr><phr n="Db4oException"><ent r="3" t="127" w="70" /><ent r="4" t="127" w="79" /></phr></stem><stem n="db4oexception.sourc"><phr n="db4oException.Source"><ent r="5" t="127" w="49" /><ent r="5" t="127" w="48" /><ent r="5" t="127" w="54" /><ent r="5" t="127" w="53" /></phr></stem><stem n=".source;"><phr n=".Source;"><ent r="5" t="127" w="50" /><ent r="5" t="127" w="55" /></phr></stem><stem n="examin"><phr n="examine"><ent r="3" t="127" w="66" /></phr></stem><stem n="wrapper"><phr n="wrapper"><ent r="3" t="127" w="83" /></phr></stem><stem n="backupinprogressexcept"><phr n="BackupInProgressException"><ent r="4" t="127" w="105" /></phr></stem><stem n="constraintviolationexcept"><phr n="ConstraintViolationException"><ent r="4" t="127" w="122" /></phr></stem><stem n="databaseclosedexcept"><phr n="DatabaseClosedException"><ent r="4" t="127" w="148" /></phr></stem><stem n="databasefilelockedexcept"><phr n="DatabaseFileLockedException"><ent r="4" t="127" w="165" /><ent r="5" t="128" w="65" /><ent r="6" t="128" w="80" /><ent r="6" t="128" w="136" /></phr></stem><stem n="databasemaximumsizereachedexcept"><phr n="DatabaseMaximumSizeReachedException"><ent r="4" t="127" w="187" /></phr></stem><stem n="&quot;increas"><phr n="&quot;Increasing"><ent r="64" t="127" w="203" /><ent r="64" t="282" w="64" /></phr></stem><stem n="databasereadonlyexcept"><phr n="DatabaseReadOnlyException"><ent r="4" t="127" w="210" /></phr></stem><stem n="globalonlyconfigexcept"><phr n="GlobalOnlyConfigException"><ent r="3" t="127" w="230" /></phr></stem><stem n="incompatiblefileformatexcept"><phr n="IncompatibleFileFormatException"><ent r="4" t="127" w="257" /></phr></stem><stem n="(database),"><phr n="(database),"><ent r="3" t="127" w="274" /></phr></stem><stem n="incompat"><phr n="incompatible"><ent r="3" t="127" w="277" /></phr></stem><stem n="invalididexcept"><phr n="InvalidIDException"><ent r="4" t="127" w="285" /></phr></stem><stem n="#bind"><phr n="#bind"><ent r="3" t="127" w="298" /></phr></stem><stem n="#getbyid"><phr n="#getById"><ent r="3" t="127" w="300" /></phr></stem><stem n="incorrect"><phr n="incorrect"><ent r="3" t="127" w="303" /></phr></stem><stem n="invalidpasswordexcept"><phr n="InvalidPasswordException"><ent r="4" t="127" w="305" /></phr></stem><stem n="password"><phr n="password"><ent r="3" t="127" w="323" /><ent r="3" t="226" w="131" /><ent r="5" t="226" w="172" /><ent r="5" t="226" w="215" /><ent r="3" t="226" w="266" /><ent r="5" t="226" w="302" /><ent r="5" t="226" w="342" /></phr></stem><stem n="eventexcept"><phr n="EventException"><ent r="4" t="127" w="325" /><ent r="4" t="263" w="554" /><ent r="4" t="263" w="605" /></phr></stem><stem n="oldformatexcept"><phr n="OldFormatException"><ent r="4" t="127" w="341" /></phr></stem><stem n="reflectexcept"><phr n="ReflectException"><ent r="4" t="127" w="363" /></phr></stem><stem n="reflector"><phr n="reflector"><ent r="3" t="127" w="382" /><ent r="3" t="129" w="105" /><ent r="4" t="129" w="129" /><ent r="4" t="129" w="158" /><ent r="4" t="129" w="177" /><ent r="4" t="129" w="192" /><ent r="3" t="129" w="236" /><ent r="64" t="129" w="243" /><ent r="3" t="129" w="250" /><ent r="1000" t="130" w="4" /><ent r="102" t="130" w="9" /><ent r="3" t="130" w="26" /><ent r="3" t="130" w="65" /><ent r="3" t="130" w="71" /><ent r="4" t="130" w="231" /><ent r="4" t="130" w="234" /><ent r="4" t="130" w="259" /><ent r="4" t="130" w="550" /><ent r="4" t="130" w="562" /><ent r="4" t="130" w="617" /><ent r="3" t="131" w="59" /><ent r="3" t="131" w="65" /><ent r="3" t="131" w="68" /><ent r="3" t="131" w="79" /><ent r="3" t="131" w="89" /><ent r="3" t="131" w="100" /><ent r="3" t="131" w="124" /><ent r="3" t="131" w="147" /><ent r="3" t="131" w="199" /><ent r="3" t="131" w="209" /><ent r="6" t="143" w="342" /><ent r="3" t="168" w="21" /><ent r="3" t="168" w="25" /><ent r="4" t="168" w="56" /><ent r="4" t="168" w="71" /><ent r="4" t="168" w="119" /><ent r="4" t="168" w="148" /></phr><phr n="reflectors"><ent r="3" t="129" w="170" /><ent r="3" t="168" w="49" /></phr><phr n="Reflector"><ent r="3" t="130" w="45" /><ent r="5" t="130" w="150" /><ent r="5" t="130" w="173" /><ent r="5" t="130" w="196" /><ent r="5" t="130" w="405" /><ent r="5" t="130" w="447" /><ent r="5" t="130" w="489" /><ent r="1000" t="168" w="3" /><ent r="102" t="168" w="12" /><ent r="3" t="292" w="235" /></phr></stem><stem n="replicationconflictexcept"><phr n="ReplicationConflictException"><ent r="4" t="127" w="384" /></phr></stem><stem n="replicationeventlisten"><phr n="ReplicationEventListener"><ent r="3" t="127" w="397" /></phr></stem><stem n="(databasefilelockedexcept"><phr n="(DatabaseFileLockedException"><ent r="6" t="128" w="80" /></phr></stem><stem n="gracefulli"><phr n="gracefully"><ent r="7" t="128" w="96" /><ent r="7" t="128" w="151" /><ent r="7" t="128" w="218" /><ent r="7" t="128" w="281" /><ent r="7" t="128" w="357" /><ent r="7" t="128" w="417" /><ent r="2" t="238" w="80" /></phr></stem></index>