﻿<?xml version="1.0" encoding="utf-8"?><index><stem n="memori"><phr n="memory"><ent r="4" t="0" w="127" /><ent r="3" t="4" w="604" /><ent r="6" t="5" w="234" /><ent r="3" t="7" w="131" /><ent r="3" t="8" w="377" /><ent r="3" t="34" w="287" /><ent r="3" t="34" w="291" /><ent r="3" t="34" w="305" /><ent r="5" t="34" w="344" /><ent r="5" t="34" w="407" /><ent r="3" t="38" w="62" /><ent r="3" t="38" w="96" /><ent r="3" t="38" w="122" /><ent r="3" t="38" w="224" /><ent r="3" t="38" w="259" /><ent r="3" t="39" w="157" /><ent r="3" t="39" w="393" /><ent r="3" t="40" w="57" /><ent r="3" t="40" w="84" /><ent r="3" t="41" w="79" /><ent r="3" t="41" w="91" /><ent r="3" t="41" w="109" /><ent r="3" t="42" w="699" /><ent r="3" t="43" w="106" /><ent r="4" t="47" w="99" /><ent r="3" t="48" w="232" /><ent r="3" t="54" w="29" /><ent r="3" t="54" w="46" /><ent r="3" t="88" w="61" /><ent r="3" t="88" w="79" /><ent r="4" t="106" w="106" /><ent r="4" t="129" w="216" /><ent r="3" t="131" w="96" /><ent r="3" t="139" w="39" /><ent r="3" t="145" w="22" /><ent r="3" t="150" w="22" /><ent r="3" t="150" w="126" /><ent r="3" t="156" w="97" /><ent r="3" t="156" w="137" /><ent r="3" t="164" w="34" /><ent r="3" t="164" w="70" /><ent r="4" t="165" w="255" /><ent r="3" t="166" w="70" /><ent r="3" t="166" w="87" /><ent r="3" t="166" w="103" /><ent r="4" t="166" w="207" /><ent r="3" t="166" w="437" /><ent r="3" t="167" w="104" /><ent r="4" t="167" w="169" /><ent r="4" t="167" w="189" /><ent r="4" t="168" w="95" /><ent r="3" t="177" w="102" /><ent r="3" t="179" w="208" /><ent r="3" t="179" w="222" /><ent r="4" t="179" w="287" /><ent r="4" t="179" w="315" /><ent r="3" t="179" w="361" /><ent r="3" t="179" w="384" /><ent r="3" t="179" w="388" /><ent r="65" t="186" w="48" /><ent r="3" t="187" w="26" /><ent r="4" t="188" w="46" /><ent r="4" t="188" w="56" /><ent r="4" t="188" w="70" /><ent r="4" t="188" w="91" /><ent r="4" t="188" w="101" /><ent r="4" t="188" w="106" /><ent r="3" t="188" w="188" /><ent r="3" t="188" w="235" /><ent r="4" t="188" w="289" /><ent r="4" t="188" w="297" /><ent r="4" t="188" w="312" /><ent r="4" t="188" w="333" /><ent r="4" t="188" w="343" /><ent r="4" t="188" w="364" /><ent r="3" t="188" w="388" /><ent r="4" t="188" w="444" /><ent r="4" t="188" w="453" /><ent r="4" t="188" w="458" /><ent r="4" t="188" w="486" /><ent r="4" t="188" w="497" /><ent r="4" t="188" w="502" /><ent r="3" t="188" w="518" /><ent r="3" t="188" w="525" /><ent r="3" t="188" w="532" /><ent r="3" t="188" w="579" /><ent r="3" t="188" w="608" /><ent r="3" t="188" w="622" /><ent r="3" t="189" w="19" /><ent r="3" t="190" w="232" /><ent r="3" t="190" w="235" /><ent r="3" t="190" w="261" /><ent r="3" t="190" w="290" /><ent r="3" t="192" w="29" /><ent r="3" t="199" w="33" /><ent r="4" t="203" w="164" /><ent r="3" t="206" w="79" /><ent r="3" t="213" w="24" /><ent r="3" t="223" w="312" /><ent r="3" t="224" w="205" /><ent r="3" t="224" w="295" /><ent r="4" t="224" w="336" /><ent r="4" t="224" w="364" /><ent r="4" t="224" w="460" /><ent r="4" t="224" w="488" /><ent r="3" t="246" w="39" /><ent r="4" t="272" w="91" /><ent r="3" t="274" w="34" /><ent r="3" t="275" w="31" /><ent r="4" t="286" w="178" /></phr><phr n="Memory"><ent r="4" t="105" w="49" /><ent r="92" t="179" w="200" /><ent r="1000" t="188" w="1" /><ent r="100" t="188" w="5" /><ent r="100" t="188" w="9" /><ent r="102" t="188" w="11" /><ent r="92" t="224" w="284" /></phr></stem><stem n="activ"><phr n="activation"><ent r="65" t="0" w="132" /><ent r="65" t="0" w="183" /><ent r="3" t="8" w="365" /><ent r="3" t="39" w="384" /><ent r="3" t="41" w="118" /><ent r="3" t="41" w="139" /><ent r="3" t="41" w="227" /><ent r="3" t="41" w="241" /><ent r="3" t="42" w="14" /><ent r="3" t="42" w="19" /><ent r="3" t="42" w="357" /><ent r="4" t="42" w="597" /><ent r="4" t="42" w="644" /><ent r="3" t="42" w="662" /><ent r="3" t="42" w="690" /><ent r="3" t="42" w="704" /><ent r="3" t="42" w="733" /><ent r="3" t="42" w="737" /><ent r="3" t="42" w="743" /><ent r="3" t="42" w="747" /><ent r="3" t="43" w="52" /><ent r="3" t="43" w="69" /><ent r="3" t="43" w="77" /><ent r="3" t="43" w="93" /><ent r="3" t="43" w="111" /><ent r="64" t="43" w="133" /><ent r="4" t="47" w="85" /><ent r="64" t="47" w="127" /><ent r="64" t="48" w="30" /><ent r="3" t="48" w="47" /><ent r="3" t="48" w="55" /><ent r="3" t="48" w="58" /><ent r="3" t="48" w="81" /><ent r="3" t="48" w="85" /><ent r="3" t="48" w="92" /><ent r="3" t="48" w="100" /><ent r="3" t="48" w="113" /><ent r="3" t="48" w="154" /><ent r="3" t="48" w="213" /><ent r="3" t="49" w="10" /><ent r="3" t="49" w="56" /><ent r="3" t="49" w="65" /><ent r="4" t="49" w="93" /><ent r="4" t="49" w="134" /><ent r="3" t="49" w="163" /><ent r="64" t="49" w="319" /><ent r="3" t="49" w="436" /><ent r="3" t="49" w="985" /><ent r="3" t="49" w="1002" /><ent r="5" t="49" w="1060" /><ent r="4" t="49" w="1129" /><ent r="5" t="49" w="1201" /><ent r="4" t="49" w="1281" /><ent r="3" t="49" w="1375" /><ent r="3" t="50" w="48" /><ent r="3" t="50" w="481" /><ent r="3" t="50" w="614" /><ent r="4" t="50" w="643" /><ent r="4" t="50" w="684" /><ent r="3" t="50" w="695" /><ent r="5" t="50" w="733" /><ent r="5" t="50" w="810" /><ent r="3" t="50" w="877" /><ent r="3" t="51" w="60" /><ent r="3" t="51" w="186" /><ent r="3" t="52" w="18" /><ent r="4" t="52" w="164" /><ent r="4" t="52" w="269" /><ent r="3" t="53" w="51" /><ent r="3" t="65" w="74" /><ent r="64" t="90" w="143" /><ent r="3" t="90" w="159" /><ent r="3" t="91" w="25" /><ent r="6" t="92" w="226" /><ent r="4" t="95" w="153" /><ent r="4" t="105" w="125" /><ent r="4" t="105" w="145" /><ent r="3" t="105" w="195" /><ent r="4" t="106" w="95" /><ent r="4" t="106" w="111" /><ent r="4" t="113" w="106" /><ent r="3" t="114" w="97" /><ent r="3" t="114" w="216" /><ent r="64" t="135" w="170" /><ent r="4" t="140" w="467" /><ent r="4" t="140" w="479" /><ent r="6" t="143" w="118" /><ent r="3" t="144" w="36" /><ent r="64" t="145" w="13" /><ent r="3" t="145" w="28" /><ent r="64" t="145" w="42" /><ent r="4" t="145" w="64" /><ent r="4" t="145" w="90" /><ent r="3" t="145" w="101" /><ent r="3" t="145" w="120" /><ent r="64" t="145" w="148" /><ent r="3" t="145" w="154" /><ent r="3" t="145" w="169" /><ent r="4" t="145" w="194" /><ent r="4" t="145" w="226" /><ent r="6" t="209" w="262" /><ent r="6" t="209" w="270" /><ent r="64" t="213" w="15" /><ent r="3" t="213" w="29" /><ent r="63" t="213" w="57" /><ent r="64" t="216" w="13" /><ent r="63" t="216" w="35" /><ent r="4" t="216" w="63" /><ent r="4" t="216" w="95" /><ent r="64" t="217" w="13" /><ent r="63" t="217" w="35" /><ent r="4" t="217" w="63" /><ent r="4" t="217" w="95" /><ent r="64" t="223" w="303" /><ent r="63" t="223" w="341" /><ent r="65" t="274" w="330" /><ent r="4" t="274" w="336" /><ent r="65" t="274" w="350" /><ent r="65" t="274" w="360" /><ent r="4" t="274" w="364" /><ent r="3" t="274" w="389" /><ent r="3" t="274" w="398" /><ent r="3" t="274" w="420" /><ent r="65" t="274" w="467" /><ent r="4" t="274" w="471" /><ent r="3" t="282" w="153" /><ent r="3" t="282" w="160" /><ent r="64" t="282" w="188" /><ent r="64" t="282" w="211" /><ent r="4" t="305" w="178" /><ent r="4" t="306" w="174" /></phr><phr n="Activation"><ent r="64" t="8" w="380" /><ent r="3" t="39" w="365" /><ent r="1000" t="41" w="1" /><ent r="100" t="41" w="4" /><ent r="102" t="41" w="6" /><ent r="3" t="41" w="9" /><ent r="3" t="41" w="173" /><ent r="64" t="41" w="231" /><ent r="64" t="41" w="246" /><ent r="1000" t="42" w="1" /><ent r="102" t="42" w="5" /><ent r="92" t="42" w="543" /><ent r="92" t="42" w="653" /><ent r="92" t="42" w="715" /><ent r="64" t="42" w="753" /><ent r="100" t="42" w="756" /><ent r="1000" t="43" w="2" /><ent r="100" t="43" w="4" /><ent r="100" t="43" w="6" /><ent r="102" t="43" w="12" /><ent r="3" t="43" w="14" /><ent r="3" t="43" w="28" /><ent r="64" t="43" w="48" /><ent r="5" t="43" w="82" /><ent r="1000" t="48" w="2" /><ent r="100" t="48" w="6" /><ent r="102" t="48" w="16" /><ent r="64" t="48" w="251" /><ent r="82" t="49" w="60" /><ent r="3" t="49" w="266" /><ent r="92" t="50" w="609" /><ent r="4" t="50" w="773" /><ent r="4" t="50" w="857" /><ent r="100" t="51" w="4" /><ent r="1000" t="55" w="2" /><ent r="102" t="55" w="6" /><ent r="3" t="55" w="143" /><ent r="65" t="90" w="131" /><ent r="64" t="91" w="45" /><ent r="6" t="92" w="426" /><ent r="6" t="92" w="442" /><ent r="5" t="108" w="89" /><ent r="3" t="135" w="120" /><ent r="64" t="144" w="40" /><ent r="1000" t="145" w="1" /><ent r="102" t="145" w="4" /><ent r="4" t="158" w="47" /><ent r="100" t="209" w="21" /><ent r="1000" t="216" w="2" /><ent r="102" t="216" w="6" /><ent r="1000" t="217" w="2" /><ent r="102" t="217" w="6" /><ent r="64" t="273" w="57" /><ent r="1000" t="274" w="2" /><ent r="102" t="274" w="6" /><ent r="64" t="274" w="23" /><ent r="3" t="274" w="25" /><ent r="92" t="274" w="378" /><ent r="92" t="274" w="384" /><ent r="92" t="282" w="130" /></phr><phr n="activated"><ent r="3" t="41" w="110" /><ent r="4" t="41" w="189" /><ent r="4" t="41" w="201" /><ent r="4" t="41" w="207" /><ent r="3" t="42" w="351" /><ent r="5" t="42" w="391" /><ent r="5" t="42" w="416" /><ent r="4" t="42" w="438" /><ent r="5" t="42" w="480" /><ent r="5" t="42" w="505" /><ent r="4" t="42" w="532" /><ent r="3" t="42" w="556" /><ent r="4" t="49" w="1337" /><ent r="3" t="49" w="1370" /><ent r="3" t="50" w="714" /><ent r="3" t="69" w="213" /><ent r="3" t="69" w="560" /><ent r="3" t="96" w="666" /><ent r="3" t="96" w="681" /><ent r="6" t="97" w="46" /><ent r="6" t="97" w="53" /><ent r="6" t="97" w="60" /><ent r="3" t="108" w="107" /><ent r="3" t="109" w="286" /><ent r="5" t="114" w="328" /><ent r="5" t="114" w="499" /><ent r="4" t="132" w="180" /><ent r="4" t="133" w="144" /><ent r="4" t="135" w="106" /><ent r="64" t="135" w="116" /><ent r="3" t="135" w="150" /><ent r="4" t="140" w="474" /><ent r="4" t="158" w="50" /><ent r="3" t="203" w="24" /><ent r="6" t="209" w="205" /><ent r="3" t="213" w="41" /><ent r="3" t="213" w="47" /><ent r="4" t="213" w="86" /><ent r="4" t="213" w="122" /><ent r="3" t="223" w="326" /><ent r="3" t="223" w="331" /><ent r="4" t="223" w="374" /><ent r="4" t="223" w="418" /><ent r="64" t="248" w="148" /><ent r="4" t="249" w="66" /><ent r="4" t="249" w="87" /><ent r="3" t="273" w="47" /><ent r="3" t="274" w="77" /><ent r="5" t="274" w="114" /><ent r="5" t="274" w="139" /><ent r="4" t="274" w="161" /><ent r="5" t="274" w="203" /><ent r="5" t="274" w="228" /><ent r="4" t="274" w="255" /><ent r="3" t="274" w="303" /><ent r="64" t="282" w="146" /></phr><phr n="activate"><ent r="4" t="41" w="195" /><ent r="3" t="42" w="561" /><ent r="64" t="42" w="682" /><ent r="3" t="49" w="439" /><ent r="3" t="49" w="727" /><ent r="3" t="49" w="773" /><ent r="5" t="49" w="821" /><ent r="4" t="49" w="834" /><ent r="5" t="49" w="923" /><ent r="4" t="49" w="940" /><ent r="3" t="55" w="77" /><ent r="3" t="55" w="103" /><ent r="3" t="69" w="219" /><ent r="5" t="69" w="241" /><ent r="5" t="69" w="302" /><ent r="3" t="69" w="566" /><ent r="5" t="69" w="583" /><ent r="5" t="69" w="634" /><ent r="3" t="109" w="44" /><ent r="3" t="135" w="158" /><ent r="6" t="209" w="206" /><ent r="4" t="213" w="87" /><ent r="4" t="213" w="123" /><ent r="4" t="223" w="375" /><ent r="4" t="223" w="419" /><ent r="5" t="248" w="177" /><ent r="5" t="248" w="238" /><ent r="64" t="249" w="192" /><ent r="5" t="249" w="217" /><ent r="5" t="249" w="268" /><ent r="3" t="274" w="442" /></phr><phr n="Activate"><ent r="4" t="42" w="574" /><ent r="4" t="42" w="619" /><ent r="4" t="49" w="537" /><ent r="4" t="49" w="548" /><ent r="4" t="49" w="654" /><ent r="4" t="49" w="667" /><ent r="4" t="49" w="682" /><ent r="4" t="49" w="786" /><ent r="4" t="49" w="796" /><ent r="4" t="49" w="859" /><ent r="4" t="49" w="883" /><ent r="4" t="52" w="138" /><ent r="4" t="52" w="152" /><ent r="4" t="52" w="216" /><ent r="4" t="52" w="244" /><ent r="92" t="55" w="62" /><ent r="4" t="69" w="255" /><ent r="4" t="69" w="316" /><ent r="4" t="69" w="597" /><ent r="4" t="69" w="648" /><ent r="1000" t="213" w="3" /><ent r="102" t="213" w="7" /><ent r="92" t="223" w="295" /><ent r="4" t="248" w="191" /><ent r="4" t="248" w="252" /><ent r="4" t="249" w="231" /><ent r="4" t="249" w="282" /><ent r="4" t="274" w="313" /><ent r="4" t="274" w="447" /><ent r="4" t="281" w="350" /><ent r="4" t="281" w="466" /></phr><phr n="activates"><ent r="3" t="48" w="62" /><ent r="3" t="49" w="68" /><ent r="3" t="49" w="151" /><ent r="3" t="232" w="181" /><ent r="3" t="274" w="275" /></phr><phr n="activating"><ent r="3" t="49" w="296" /><ent r="6" t="97" w="39" /><ent r="3" t="109" w="70" /><ent r="3" t="135" w="140" /><ent r="3" t="216" w="23" /><ent r="4" t="274" w="369" /><ent r="3" t="274" w="431" /><ent r="4" t="274" w="476" /><ent r="3" t="282" w="202" /><ent r="3" t="282" w="215" /></phr><phr n="activator"><ent r="3" t="49" w="309" /><ent r="4" t="49" w="349" /><ent r="4" t="49" w="360" /><ent r="4" t="49" w="383" /><ent r="4" t="49" w="398" /><ent r="3" t="49" w="426" /><ent r="4" t="49" w="485" /><ent r="4" t="49" w="492" /><ent r="4" t="49" w="493" /><ent r="4" t="49" w="500" /><ent r="4" t="49" w="510" /><ent r="5" t="49" w="525" /><ent r="4" t="49" w="530" /><ent r="4" t="49" w="531" /><ent r="4" t="49" w="546" /><ent r="4" t="49" w="547" /><ent r="4" t="49" w="573" /><ent r="4" t="49" w="587" /><ent r="4" t="49" w="591" /><ent r="4" t="49" w="605" /><ent r="4" t="49" w="614" /><ent r="5" t="49" w="635" /><ent r="4" t="49" w="643" /><ent r="4" t="49" w="644" /><ent r="4" t="49" w="672" /><ent r="4" t="49" w="681" /><ent r="3" t="55" w="212" /></phr><phr n="activities"><ent r="3" t="136" w="39" /></phr><phr n="activity"><ent r="3" t="144" w="89" /><ent r="3" t="144" w="119" /><ent r="3" t="293" w="94" /></phr><phr n="Activated"><ent r="92" t="274" w="49" /></phr><phr n="activations"><ent r="64" t="282" w="194" /></phr></stem><stem n="learn"><phr n="learn"><ent r="4" t="0" w="136" /><ent r="3" t="1" w="249" /><ent r="3" t="1" w="307" /><ent r="3" t="12" w="202" /><ent r="3" t="13" w="10" /><ent r="3" t="43" w="138" /><ent r="3" t="312" w="31" /></phr><phr n="learning"><ent r="3" t="7" w="237" /><ent r="3" t="48" w="192" /></phr></stem><stem n="updat"><phr n="update"><ent r="65" t="0" w="139" /><ent r="65" t="0" w="187" /><ent r="6" t="5" w="189" /><ent r="3" t="7" w="104" /><ent r="3" t="7" w="666" /><ent r="5" t="8" w="133" /><ent r="5" t="8" w="233" /><ent r="3" t="10" w="478" /><ent r="5" t="10" w="534" /><ent r="5" t="10" w="598" /><ent r="4" t="39" w="291" /><ent r="4" t="39" w="328" /><ent r="3" t="39" w="345" /><ent r="3" t="39" w="382" /><ent r="3" t="40" w="38" /><ent r="3" t="44" w="28" /><ent r="3" t="44" w="34" /><ent r="3" t="44" w="55" /><ent r="3" t="44" w="161" /><ent r="3" t="44" w="175" /><ent r="3" t="44" w="199" /><ent r="3" t="44" w="207" /><ent r="64" t="44" w="241" /><ent r="3" t="44" w="266" /><ent r="3" t="44" w="287" /><ent r="3" t="44" w="304" /><ent r="3" t="45" w="16" /><ent r="3" t="45" w="33" /><ent r="3" t="45" w="75" /><ent r="3" t="45" w="85" /><ent r="5" t="45" w="117" /><ent r="5" t="45" w="230" /><ent r="3" t="45" w="507" /><ent r="5" t="45" w="536" /><ent r="4" t="45" w="550" /><ent r="5" t="45" w="585" /><ent r="4" t="45" w="593" /><ent r="3" t="45" w="612" /><ent r="3" t="45" w="655" /><ent r="3" t="46" w="20" /><ent r="5" t="46" w="81" /><ent r="5" t="46" w="138" /><ent r="5" t="46" w="212" /><ent r="5" t="46" w="287" /><ent r="3" t="46" w="342" /><ent r="4" t="46" w="384" /><ent r="4" t="46" w="425" /><ent r="4" t="47" w="116" /><ent r="3" t="48" w="146" /><ent r="3" t="48" w="150" /><ent r="4" t="50" w="1020" /><ent r="4" t="50" w="1081" /><ent r="3" t="59" w="44" /><ent r="4" t="59" w="374" /><ent r="3" t="61" w="57" /><ent r="3" t="61" w="165" /><ent r="4" t="74" w="988" /><ent r="4" t="74" w="1081" /><ent r="3" t="75" w="195" /><ent r="4" t="75" w="886" /><ent r="4" t="75" w="981" /><ent r="3" t="79" w="154" /><ent r="3" t="100" w="40" /><ent r="4" t="119" w="81" /><ent r="3" t="121" w="44" /><ent r="3" t="121" w="621" /><ent r="3" t="121" w="630" /><ent r="4" t="140" w="377" /><ent r="4" t="140" w="383" /><ent r="4" t="140" w="392" /><ent r="4" t="140" w="399" /><ent r="3" t="141" w="104" /><ent r="6" t="143" w="140" /><ent r="6" t="143" w="383" /><ent r="3" t="146" w="27" /><ent r="3" t="146" w="41" /><ent r="3" t="146" w="72" /><ent r="4" t="146" w="97" /><ent r="4" t="146" w="124" /><ent r="3" t="146" w="135" /><ent r="3" t="146" w="156" /><ent r="3" t="146" w="165" /><ent r="3" t="146" w="202" /><ent r="4" t="146" w="227" /><ent r="4" t="146" w="259" /><ent r="5" t="148" w="88" /><ent r="5" t="148" w="135" /><ent r="4" t="158" w="42" /><ent r="6" t="209" w="194" /><ent r="6" t="209" w="315" /><ent r="3" t="212" w="13" /><ent r="4" t="212" w="61" /><ent r="4" t="212" w="97" /><ent r="3" t="222" w="27" /><ent r="3" t="222" w="41" /><ent r="4" t="222" w="76" /><ent r="4" t="222" w="108" /><ent r="4" t="223" w="498" /><ent r="4" t="223" w="542" /><ent r="3" t="227" w="96" /><ent r="3" t="239" w="102" /><ent r="92" t="242" w="68" /><ent r="3" t="246" w="60" /><ent r="3" t="246" w="194" /><ent r="5" t="253" w="77" /><ent r="5" t="253" w="191" /><ent r="3" t="253" w="311" /><ent r="3" t="254" w="24" /><ent r="4" t="260" w="403" /><ent r="4" t="263" w="394" /><ent r="4" t="263" w="440" /><ent r="3" t="263" w="455" /><ent r="3" t="273" w="71" /><ent r="3" t="275" w="10" /><ent r="3" t="275" w="20" /><ent r="3" t="275" w="39" /><ent r="64" t="275" w="68" /><ent r="3" t="275" w="101" /><ent r="3" t="275" w="122" /><ent r="3" t="275" w="127" /><ent r="3" t="275" w="134" /><ent r="3" t="275" w="143" /><ent r="5" t="275" w="189" /><ent r="5" t="275" w="246" /><ent r="5" t="275" w="320" /><ent r="5" t="275" w="395" /><ent r="3" t="275" w="436" /><ent r="3" t="275" w="449" /><ent r="3" t="275" w="460" /><ent r="4" t="275" w="488" /><ent r="4" t="275" w="529" /><ent r="3" t="275" w="543" /><ent r="3" t="275" w="562" /><ent r="3" t="275" w="595" /></phr><phr n="updating"><ent r="6" t="5" w="292" /><ent r="3" t="8" w="63" /><ent r="3" t="8" w="390" /><ent r="4" t="45" w="184" /><ent r="4" t="45" w="312" /><ent r="64" t="48" w="36" /><ent r="3" t="48" w="117" /><ent r="3" t="50" w="881" /><ent r="6" t="97" w="126" /><ent r="3" t="100" w="341" /><ent r="3" t="146" w="186" /><ent r="4" t="227" w="280" /><ent r="3" t="242" w="50" /><ent r="3" t="252" w="57" /><ent r="3" t="253" w="48" /><ent r="5" t="253" w="106" /><ent r="5" t="253" w="229" /></phr><phr n="Update"><ent r="64" t="8" w="393" /><ent r="92" t="10" w="460" /><ent r="4" t="10" w="544" /><ent r="4" t="10" w="612" /><ent r="1000" t="44" w="1" /><ent r="100" t="44" w="4" /><ent r="102" t="44" w="7" /><ent r="92" t="44" w="156" /><ent r="64" t="44" w="274" /><ent r="1000" t="45" w="1" /><ent r="102" t="45" w="6" /><ent r="4" t="45" w="177" /><ent r="4" t="45" w="305" /><ent r="92" t="45" w="603" /><ent r="4" t="46" w="155" /><ent r="4" t="46" w="309" /><ent r="1000" t="146" w="1" /><ent r="102" t="146" w="4" /><ent r="64" t="146" w="46" /><ent r="4" t="148" w="101" /><ent r="4" t="148" w="153" /><ent r="100" t="209" w="16" /><ent r="1000" t="212" w="3" /><ent r="102" t="212" w="7" /><ent r="1000" t="222" w="1" /><ent r="102" t="222" w="4" /><ent r="64" t="222" w="46" /><ent r="92" t="223" w="436" /><ent r="4" t="253" w="146" /><ent r="4" t="253" w="290" /><ent r="4" t="253" w="400" /><ent r="4" t="253" w="509" /><ent r="64" t="273" w="75" /><ent r="1000" t="275" w="1" /><ent r="102" t="275" w="5" /><ent r="64" t="275" w="16" /><ent r="4" t="275" w="263" /><ent r="4" t="275" w="417" /></phr><phr n="Updating"><ent r="3" t="10" w="463" /><ent r="3" t="44" w="10" /><ent r="64" t="44" w="295" /><ent r="1000" t="46" w="1" /><ent r="102" t="46" w="4" /><ent r="5" t="49" w="1098" /><ent r="5" t="49" w="1246" /><ent r="4" t="263" w="382" /><ent r="4" t="263" w="426" /></phr><phr n="updated"><ent r="6" t="37" w="49" /><ent r="3" t="44" w="75" /><ent r="3" t="44" w="96" /><ent r="3" t="44" w="139" /><ent r="3" t="45" w="53" /><ent r="3" t="45" w="61" /><ent r="3" t="45" w="334" /><ent r="3" t="48" w="134" /><ent r="3" t="49" w="1392" /><ent r="3" t="50" w="974" /><ent r="3" t="96" w="618" /><ent r="3" t="96" w="631" /><ent r="6" t="97" w="133" /><ent r="6" t="97" w="140" /><ent r="6" t="97" w="147" /><ent r="4" t="101" w="130" /><ent r="4" t="101" w="140" /><ent r="4" t="101" w="153" /><ent r="4" t="101" w="190" /><ent r="4" t="101" w="232" /><ent r="4" t="101" w="251" /><ent r="5" t="121" w="262" /><ent r="5" t="121" w="406" /><ent r="3" t="146" w="15" /><ent r="3" t="148" w="173" /><ent r="3" t="179" w="13" /><ent r="6" t="209" w="193" /><ent r="4" t="212" w="60" /><ent r="4" t="212" w="96" /><ent r="3" t="222" w="15" /><ent r="3" t="223" w="442" /><ent r="3" t="223" w="451" /><ent r="4" t="223" w="497" /><ent r="4" t="223" w="541" /><ent r="3" t="227" w="88" /><ent r="4" t="227" w="307" /><ent r="3" t="228" w="39" /><ent r="3" t="275" w="50" /><ent r="3" t="286" w="10" /></phr><phr n="updates"><ent r="3" t="44" w="71" /><ent r="3" t="45" w="80" /><ent r="3" t="45" w="634" /><ent r="3" t="48" w="104" /><ent r="3" t="49" w="1020" /><ent r="4" t="50" w="1027" /><ent r="4" t="50" w="1088" /><ent r="3" t="66" w="588" /><ent r="3" t="69" w="43" /><ent r="3" t="74" w="108" /><ent r="4" t="95" w="156" /><ent r="4" t="98" w="19" /><ent r="3" t="107" w="20" /><ent r="4" t="140" w="387" /><ent r="3" t="146" w="79" /><ent r="3" t="203" w="123" /><ent r="4" t="236" w="64" /><ent r="3" t="242" w="44" /><ent r="3" t="273" w="61" /><ent r="3" t="275" w="570" /></phr><phr n="Updated"><ent r="4" t="96" w="729" /><ent r="5" t="96" w="733" /><ent r="4" t="96" w="878" /><ent r="5" t="96" w="882" /><ent r="4" t="101" w="135" /><ent r="4" t="101" w="241" /></phr><phr n="Updates"><ent r="1000" t="148" w="3" /><ent r="102" t="148" w="7" /></phr></stem><stem n="delet"><phr n="delete"><ent r="65" t="0" w="143" /><ent r="5" t="8" w="150" /><ent r="5" t="8" w="255" /><ent r="3" t="10" w="627" /><ent r="3" t="10" w="630" /><ent r="3" t="56" w="24" /><ent r="3" t="56" w="30" /><ent r="3" t="56" w="41" /><ent r="3" t="56" w="172" /><ent r="3" t="56" w="334" /><ent r="3" t="57" w="18" /><ent r="3" t="57" w="23" /><ent r="3" t="57" w="162" /><ent r="3" t="58" w="22" /><ent r="4" t="58" w="113" /><ent r="4" t="58" w="183" /><ent r="3" t="58" w="204" /><ent r="3" t="58" w="212" /><ent r="4" t="58" w="260" /><ent r="4" t="58" w="326" /><ent r="3" t="60" w="64" /><ent r="3" t="61" w="59" /><ent r="3" t="84" w="38" /><ent r="3" t="89" w="52" /><ent r="4" t="98" w="48" /><ent r="3" t="100" w="42" /><ent r="4" t="124" w="147" /><ent r="3" t="124" w="163" /><ent r="4" t="125" w="155" /><ent r="3" t="125" w="171" /><ent r="3" t="137" w="155" /><ent r="4" t="140" w="364" /><ent r="4" t="158" w="43" /><ent r="3" t="179" w="445" /><ent r="6" t="209" w="182" /><ent r="4" t="211" w="40" /><ent r="4" t="211" w="76" /><ent r="4" t="223" w="600" /><ent r="4" t="223" w="644" /><ent r="3" t="232" w="108" /><ent r="3" t="232" w="111" /><ent r="4" t="242" w="140" /><ent r="3" t="244" w="64" /><ent r="3" t="244" w="106" /><ent r="3" t="244" w="118" /><ent r="4" t="244" w="209" /><ent r="3" t="244" w="339" /><ent r="3" t="244" w="361" /><ent r="3" t="244" w="413" /><ent r="3" t="290" w="80" /><ent r="3" t="290" w="99" /><ent r="3" t="306" w="517" /><ent r="3" t="306" w="524" /></phr><phr n="deleting"><ent r="3" t="8" w="66" /><ent r="4" t="56" w="268" /><ent r="4" t="56" w="311" /><ent r="6" t="97" w="99" /><ent r="3" t="100" w="79" /><ent r="3" t="100" w="364" /><ent r="3" t="244" w="27" /><ent r="3" t="244" w="52" /><ent r="5" t="244" w="170" /><ent r="5" t="244" w="250" /></phr><phr n="Delete"><ent r="4" t="8" w="154" /><ent r="4" t="8" w="259" /><ent r="64" t="8" w="401" /><ent r="92" t="10" w="622" /><ent r="4" t="10" w="669" /><ent r="4" t="10" w="674" /><ent r="4" t="10" w="723" /><ent r="4" t="10" w="732" /><ent r="1000" t="56" w="1" /><ent r="102" t="56" w="7" /><ent r="4" t="56" w="57" /><ent r="4" t="56" w="113" /><ent r="4" t="56" w="198" /><ent r="4" t="56" w="203" /><ent r="4" t="56" w="223" /><ent r="4" t="56" w="228" /><ent r="4" t="57" w="179" /><ent r="4" t="57" w="216" /><ent r="92" t="58" w="196" /><ent r="4" t="58" w="241" /><ent r="4" t="58" w="303" /><ent r="64" t="79" w="145" /><ent r="1000" t="84" w="1" /><ent r="102" t="84" w="5" /><ent r="4" t="84" w="67" /><ent r="4" t="84" w="105" /><ent r="3" t="117" w="441" /><ent r="4" t="117" w="461" /><ent r="4" t="117" w="491" /><ent r="4" t="117" w="505" /><ent r="4" t="117" w="518" /><ent r="4" t="117" w="565" /><ent r="4" t="122" w="274" /><ent r="4" t="122" w="346" /><ent r="4" t="124" w="206" /><ent r="4" t="124" w="284" /><ent r="4" t="125" w="214" /><ent r="4" t="125" w="292" /><ent r="100" t="209" w="11" /><ent r="1000" t="211" w="3" /><ent r="102" t="211" w="7" /><ent r="92" t="223" w="559" /><ent r="92" t="244" w="30" /><ent r="4" t="244" w="190" /><ent r="4" t="244" w="263" /><ent r="4" t="260" w="265" /><ent r="4" t="260" w="266" /><ent r="3" t="290" w="77" /><ent r="3" t="314" w="5" /></phr><phr n="deletion"><ent r="3" t="8" w="397" /><ent r="3" t="56" w="373" /><ent r="3" t="57" w="34" /><ent r="4" t="57" w="100" /><ent r="4" t="57" w="151" /><ent r="4" t="57" w="198" /><ent r="4" t="57" w="237" /><ent r="4" t="98" w="41" /><ent r="4" t="98" w="46" /><ent r="3" t="211" w="13" /><ent r="5" t="244" w="162" /><ent r="5" t="244" w="242" /><ent r="3" t="244" w="457" /></phr><phr n="Deletion"><ent r="100" t="56" w="4" /><ent r="92" t="56" w="362" /><ent r="64" t="56" w="377" /><ent r="1000" t="57" w="2" /><ent r="102" t="57" w="5" /><ent r="4" t="244" w="273" /><ent r="4" t="244" w="304" /><ent r="92" t="244" w="404" /></phr><phr n="Deleting"><ent r="3" t="56" w="10" /><ent r="4" t="56" w="89" /><ent r="4" t="56" w="149" /><ent r="4" t="100" w="287" /><ent r="4" t="100" w="316" /><ent r="3" t="239" w="76" /><ent r="64" t="239" w="85" /><ent r="1000" t="244" w="1" /><ent r="102" t="244" w="4" /><ent r="3" t="244" w="7" /><ent r="3" t="244" w="14" /><ent r="4" t="244" w="225" /><ent r="4" t="244" w="296" /></phr><phr n="deleted"><ent r="3" t="56" w="44" /><ent r="3" t="56" w="50" /><ent r="5" t="56" w="62" /><ent r="5" t="56" w="118" /><ent r="3" t="56" w="390" /><ent r="3" t="57" w="63" /><ent r="3" t="57" w="172" /><ent r="3" t="58" w="30" /><ent r="3" t="79" w="134" /><ent r="3" t="96" w="620" /><ent r="3" t="96" w="639" /><ent r="3" t="96" w="649" /><ent r="5" t="96" w="750" /><ent r="5" t="96" w="905" /><ent r="6" t="97" w="106" /><ent r="6" t="97" w="113" /><ent r="6" t="97" w="120" /><ent r="4" t="132" w="178" /><ent r="4" t="133" w="142" /><ent r="4" t="135" w="188" /><ent r="3" t="135" w="197" /><ent r="3" t="137" w="139" /><ent r="3" t="179" w="15" /><ent r="3" t="179" w="456" /><ent r="3" t="179" w="480" /><ent r="6" t="209" w="181" /><ent r="4" t="211" w="39" /><ent r="4" t="211" w="75" /><ent r="3" t="223" w="565" /><ent r="3" t="223" w="574" /><ent r="4" t="223" w="599" /><ent r="4" t="223" w="643" /><ent r="3" t="244" w="47" /><ent r="3" t="244" w="81" /><ent r="3" t="244" w="96" /><ent r="3" t="244" w="319" /><ent r="3" t="285" w="255" /></phr><phr n="Deleted"><ent r="92" t="56" w="165" /><ent r="4" t="96" w="747" /><ent r="5" t="96" w="768" /><ent r="4" t="96" w="902" /><ent r="5" t="96" w="923" /></phr><phr n="deletes"><ent r="3" t="57" w="11" /><ent r="4" t="98" w="18" /><ent r="3" t="203" w="124" /><ent r="3" t="244" w="37" /></phr><phr n="Deletable"><ent r="4" t="244" w="182" /><ent r="4" t="244" w="189" /><ent r="4" t="244" w="260" /><ent r="4" t="244" w="261" /></phr></stem></index>