﻿<?xml version="1.0" encoding="utf-8"?><index><stem n="configuration.networking.singlethreadedcli"><phr n="configuration.Networking.SingleThreadedClient"><ent r="4" t="207" w="43" /><ent r="4" t="207" w="41" /><ent r="4" t="207" w="71" /><ent r="4" t="207" w="69" /></phr></stem><stem n="commit-callback"><phr n="commit-callbacks"><ent r="64" t="207" w="129" /></phr></stem><stem n="-thread"><phr n="-threaded"><ent r="3" t="207" w="134" /><ent r="3" t="207" w="134" /></phr></stem><stem n=".networking.socketfactori"><phr n=".Networking.SocketFactory"><ent r="4" t="208" w="28" /><ent r="4" t="208" w="58" /></phr></stem><stem n="configuration.networking.socketfactori"><phr n="configuration.Networking.SocketFactory"><ent r="4" t="208" w="28" /><ent r="4" t="208" w="26" /><ent r="4" t="208" w="58" /><ent r="4" t="208" w="56" /></phr></stem><stem n="standardsocket4factori"><phr n="StandardSocket4Factory"><ent r="4" t="208" w="32" /><ent r="4" t="208" w="62" /></phr></stem><stem n="-factori"><phr n="-factory"><ent r="4" t="208" w="38" /><ent r="4" t="208" w="38" /><ent r="4" t="208" w="68" /><ent r="4" t="208" w="68" /></phr></stem><stem n="socket-implement"><phr n="socket-implementation"><ent r="3" t="208" w="83" /></phr></stem><stem n="ssl"><phr n="SSL"><ent r="3" t="208" w="91" /><ent r="64" t="208" w="99" /><ent r="1000" t="237" w="2" /><ent r="100" t="237" w="8" /><ent r="102" t="237" w="13" /><ent r="3" t="237" w="41" /><ent r="4" t="237" w="60" /><ent r="4" t="237" w="105" /><ent r="5" t="237" w="185" /><ent r="5" t="237" w="247" /><ent r="4" t="237" w="268" /><ent r="5" t="237" w="293" /><ent r="5" t="237" w="328" /><ent r="65" t="308" w="264" /></phr></stem><stem n="ssl-support"><phr n="SSL-support"><ent r="3" t="208" w="91" /><ent r="5" t="237" w="185" /><ent r="5" t="237" w="247" /><ent r="5" t="237" w="293" /><ent r="5" t="237" w="328" /></phr></stem><stem n=":cascad"><phr n=":Cascade"><ent r="100" t="209" w="10" /><ent r="100" t="209" w="15" /><ent r="100" t="209" w="20" /></phr></stem><stem n=":class"><phr n=":Class"><ent r="100" t="209" w="24" /></phr></stem><stem n="object-specif"><phr n="object-specific"><ent r="3" t="209" w="34" /></phr></stem><stem n="-configuration,"><phr n="-configuration,"><ent r="3" t="209" w="51" /><ent r="3" t="209" w="51" /><ent r="3" t="209" w="134" /><ent r="3" t="209" w="134" /><ent r="3" t="223" w="27" /><ent r="3" t="223" w="27" /></phr></stem><stem n="class-configur"><phr n="class-configuration"><ent r="3" t="209" w="132" /></phr></stem><stem n="cascadeonupd"><phr n="CascadeOnUpdate"><ent r="68" t="209" w="187" /><ent r="4" t="212" w="52" /><ent r="4" t="212" w="88" /><ent r="4" t="223" w="489" /><ent r="4" t="223" w="533" /></phr></stem><stem n="cascadeonactiv"><phr n="CascadeOnActivation"><ent r="68" t="209" w="199" /></phr><phr n="CascadeOnActivate"><ent r="4" t="213" w="78" /><ent r="4" t="213" w="114" /><ent r="4" t="223" w="366" /><ent r="4" t="223" w="410" /></phr></stem><stem n="enablerepl"><phr n="EnableReplication"><ent r="8" t="209" w="222" /></phr></stem><stem n="maximumactivationdepth"><phr n="MaximumActivationDepth"><ent r="68" t="209" w="257" /><ent r="4" t="216" w="56" /><ent r="4" t="216" w="88" /></phr></stem><stem n="minimumactivationdeph"><phr n="MinimumActivationDeph"><ent r="68" t="209" w="265" /></phr></stem><stem n="persiststaticfield"><phr n="PersistStaticFields"><ent r="68" t="209" w="273" /></phr></stem><stem n="storetransientfield"><phr n="StoreTransientFields"><ent r="68" t="209" w="304" /><ent r="4" t="221" w="41" /><ent r="4" t="221" w="75" /></phr></stem><stem n="&quot;call"><phr n="&quot;Calling"><ent r="64" t="210" w="56" /></phr></stem><stem n="(person)).cascadeondelete("><phr n="(Person)).CascadeOnDelete("><ent r="4" t="211" w="32" /><ent r="4" t="211" w="68" /></phr></stem><stem n="(person)).cascadeonupdate("><phr n="(Person)).CascadeOnUpdate("><ent r="4" t="212" w="53" /><ent r="4" t="212" w="89" /></phr></stem><stem n="(person)).cascadeonactivate("><phr n="(Person)).CascadeOnActivate("><ent r="4" t="213" w="79" /><ent r="4" t="213" w="115" /></phr></stem><stem n="(person)).indexed("><phr n="(Person)).Indexed("><ent r="4" t="214" w="54" /><ent r="4" t="214" w="87" /></phr></stem><stem n="(person)).generateuuids("><phr n="(Person)).GenerateUUIDs("><ent r="4" t="215" w="35" /><ent r="4" t="215" w="70" /></phr></stem><stem n="(person)).maximumactivationdepth(5);"><phr n="(Person)).MaximumActivationDepth(5);"><ent r="4" t="216" w="58" /></phr></stem><stem n="(person)).maximumactivationdepth(5)"><phr n="(Person)).MaximumActivationDepth(5)"><ent r="4" t="216" w="90" /></phr></stem><stem n="value-typ"><phr n="Value-types"><ent r="3" t="218" w="39" /></phr></stem><stem n="&quot;store"><phr n="&quot;Storing"><ent r="64" t="218" w="73" /><ent r="65" t="273" w="110" /></phr></stem><stem n="reactor"><phr n="reactor"><ent r="3" t="219" w="15" /></phr></stem><stem n="(person)).rename("><phr n="(Person)).Rename("><ent r="4" t="219" w="38" /><ent r="4" t="219" w="73" /></phr></stem><stem n="db4odoc.newnamespac"><phr n="Db4oDoc.NewNamespace"><ent r="5" t="219" w="40" /><ent r="5" t="219" w="39" /><ent r="5" t="219" w="75" /><ent r="5" t="219" w="74" /></phr></stem><stem n="newnamespac"><phr n="NewNamespace"><ent r="5" t="219" w="40" /><ent r="5" t="219" w="75" /></phr></stem><stem n="db4odoc.newnamespace.newnam"><phr n="Db4oDoc.NewNamespace.NewName"><ent r="5" t="219" w="41" /><ent r="5" t="219" w="39" /><ent r="5" t="219" w="76" /><ent r="5" t="219" w="74" /></phr></stem><stem n="&quot;db4odoc.newnamespace.newname&quot;"><phr n="&quot;Db4oDoc.NewNamespace.NewName&quot;"><ent r="5" t="219" w="42" /><ent r="5" t="219" w="77" /></phr></stem><stem n="&quot;translators&quot;"><phr n="&quot;Translators&quot;"><ent r="64" t="220" w="36" /></phr></stem><stem n="(person)).translate("><phr n="(Person)).Translate("><ent r="4" t="220" w="49" /><ent r="4" t="220" w="86" /></phr></stem><stem n="(person)).storetransientfields("><phr n="(Person)).StoreTransientFields("><ent r="4" t="221" w="42" /><ent r="4" t="221" w="76" /></phr></stem><stem n=":field"><phr n=":Field"><ent r="100" t="223" w="6" /></phr></stem><stem n="field-specif"><phr n="field-specific"><ent r="3" t="223" w="16" /></phr></stem><stem n="-specific."><phr n="-specific."><ent r="3" t="223" w="18" /><ent r="3" t="223" w="18" /></phr></stem><stem n="field-nam"><phr n="field-name"><ent r="3" t="223" w="109" /><ent r="3" t="264" w="108" /><ent r="3" t="264" w="117" /><ent r="64" t="264" w="147" /><ent r="3" t="264" w="333" /></phr></stem><stem n="property-nam"><phr n="property-name"><ent r="3" t="223" w="114" /></phr></stem><stem n="-name,"><phr n="-name,"><ent r="3" t="223" w="116" /><ent r="3" t="223" w="116" /></phr></stem><stem n="father"><phr n="father"><ent r="5" t="223" w="364" /><ent r="5" t="223" w="408" /><ent r="5" t="223" w="487" /><ent r="5" t="223" w="531" /><ent r="5" t="223" w="589" /><ent r="5" t="223" w="633" /></phr></stem><stem n="&quot;father&quot;"><phr n="&quot;father&quot;"><ent r="5" t="223" w="365" /><ent r="5" t="223" w="409" /><ent r="5" t="223" w="488" /><ent r="5" t="223" w="532" /><ent r="5" t="223" w="590" /><ent r="5" t="223" w="634" /></phr></stem><stem n=").cascadeonactivate("><phr n=").CascadeOnActivate("><ent r="4" t="223" w="367" /><ent r="4" t="223" w="411" /></phr></stem><stem n=").cascadeonupdate("><phr n=").CascadeOnUpdate("><ent r="4" t="223" w="490" /><ent r="4" t="223" w="534" /></phr></stem><stem n="id-systems-avail"><phr n="id-systems-available"><ent r="3" t="224" w="26" /></phr></stem><stem n="systems-avail"><phr n="systems-available"><ent r="3" t="224" w="27" /></phr></stem><stem n="-systems-available."><phr n="-systems-available."><ent r="3" t="224" w="29" /><ent r="3" t="224" w="30" /></phr></stem><stem n="-system-"><phr n="-system-"><ent r="3" t="224" w="38" /><ent r="3" t="224" w="39" /></phr></stem><stem n="id-system-"><phr n="id-system-"><ent r="3" t="224" w="38" /></phr></stem><stem n="system-"><phr n="system-"><ent r="3" t="224" w="39" /></phr></stem><stem n="btree'"><phr n="BTree's"><ent r="3" t="224" w="117" /><ent r="3" t="224" w="116" /></phr></stem><stem n="inmemoryidsystem"><phr n="InMemoryIdSystem"><ent r="3" t="224" w="122" /></phr></stem><stem n="configuration.idsystem"><phr n="configuration.IdSystem"><ent r="4" t="224" w="139" /><ent r="4" t="224" w="138" /><ent r="4" t="224" w="169" /><ent r="4" t="224" w="168" /><ent r="4" t="224" w="231" /><ent r="4" t="224" w="230" /><ent r="4" t="224" w="262" /><ent r="4" t="224" w="261" /><ent r="4" t="224" w="328" /><ent r="4" t="224" w="327" /><ent r="4" t="224" w="356" /><ent r="4" t="224" w="355" /><ent r="4" t="224" w="452" /><ent r="4" t="224" w="451" /><ent r="4" t="224" w="480" /><ent r="4" t="224" w="479" /><ent r="4" t="224" w="528" /><ent r="4" t="224" w="527" /><ent r="4" t="224" w="559" /><ent r="4" t="224" w="558" /></phr></stem><stem n="idsystem"><phr n="IdSystem"><ent r="4" t="224" w="139" /><ent r="4" t="224" w="169" /><ent r="4" t="224" w="231" /><ent r="4" t="224" w="262" /><ent r="4" t="224" w="328" /><ent r="4" t="224" w="356" /><ent r="4" t="224" w="452" /><ent r="4" t="224" w="480" /><ent r="4" t="224" w="528" /><ent r="4" t="224" w="559" /></phr></stem><stem n="configuration.idsystem.usestackedbtreesystem"><phr n="configuration.IdSystem.UseStackedBTreeSystem"><ent r="4" t="224" w="140" /><ent r="4" t="224" w="138" /><ent r="4" t="224" w="170" /><ent r="4" t="224" w="168" /></phr></stem><stem n="usestackedbtreesystem"><phr n="UseStackedBTreeSystem"><ent r="4" t="224" w="140" /><ent r="4" t="224" w="170" /></phr></stem><stem n=".idsystem.usestackedbtreesystem();"><phr n=".IdSystem.UseStackedBTreeSystem();"><ent r="4" t="224" w="141" /></phr></stem><stem n="idsystemconfigurationexampl"><phr n="IdSystemConfigurationExamples"><ent r="4" t="224" w="142" /><ent r="4" t="224" w="172" /><ent r="4" t="224" w="234" /><ent r="4" t="224" w="265" /><ent r="4" t="224" w="331" /><ent r="4" t="224" w="359" /><ent r="4" t="224" w="455" /><ent r="4" t="224" w="483" /><ent r="4" t="224" w="535" /><ent r="4" t="224" w="566" /></phr></stem><stem n="idsystemconfigurationexamples.c"><phr n="IdSystemConfigurationExamples.cs"><ent r="4" t="224" w="143" /><ent r="4" t="224" w="142" /><ent r="4" t="224" w="235" /><ent r="4" t="224" w="234" /><ent r="4" t="224" w="332" /><ent r="4" t="224" w="331" /><ent r="4" t="224" w="456" /><ent r="4" t="224" w="455" /><ent r="4" t="224" w="536" /><ent r="4" t="224" w="535" /></phr></stem><stem n=".idsystem.usestackedbtreesystem()"><phr n=".IdSystem.UseStackedBTreeSystem()"><ent r="4" t="224" w="171" /></phr></stem><stem n="idsystemconfigurationexamples.vb"><phr n="IdSystemConfigurationExamples.vb"><ent r="4" t="224" w="173" /><ent r="4" t="224" w="172" /><ent r="4" t="224" w="266" /><ent r="4" t="224" w="265" /><ent r="4" t="224" w="360" /><ent r="4" t="224" w="359" /><ent r="4" t="224" w="484" /><ent r="4" t="224" w="483" /><ent r="4" t="224" w="567" /><ent r="4" t="224" w="566" /></phr></stem><stem n="configuration.idsystem.usesinglebtreesystem"><phr n="configuration.IdSystem.UseSingleBTreeSystem"><ent r="4" t="224" w="232" /><ent r="4" t="224" w="230" /><ent r="4" t="224" w="263" /><ent r="4" t="224" w="261" /></phr></stem><stem n="usesinglebtreesystem"><phr n="UseSingleBTreeSystem"><ent r="4" t="224" w="232" /><ent r="4" t="224" w="263" /></phr></stem><stem n=".idsystem.usesinglebtreesystem();"><phr n=".IdSystem.UseSingleBTreeSystem();"><ent r="4" t="224" w="233" /></phr></stem><stem n=".idsystem.usesinglebtreesystem()"><phr n=".IdSystem.UseSingleBTreeSystem()"><ent r="4" t="224" w="264" /></phr></stem><stem n="tini"><phr n="tiny"><ent r="3" t="224" w="320" /><ent r="3" t="260" w="15" /></phr></stem><stem n="configuration.idsystem.useinmemorysystem"><phr n="configuration.IdSystem.UseInMemorySystem"><ent r="4" t="224" w="329" /><ent r="4" t="224" w="327" /><ent r="4" t="224" w="357" /><ent r="4" t="224" w="355" /><ent r="4" t="224" w="453" /><ent r="4" t="224" w="451" /><ent r="4" t="224" w="481" /><ent r="4" t="224" w="479" /></phr></stem><stem n="useinmemorysystem"><phr n="UseInMemorySystem"><ent r="4" t="224" w="329" /><ent r="4" t="224" w="357" /><ent r="4" t="224" w="453" /><ent r="4" t="224" w="481" /></phr></stem><stem n=".idsystem.useinmemorysystem();"><phr n=".IdSystem.UseInMemorySystem();"><ent r="4" t="224" w="330" /><ent r="4" t="224" w="454" /></phr></stem><stem n="-memori"><phr n="-memory"><ent r="4" t="224" w="335" /><ent r="4" t="224" w="335" /><ent r="4" t="224" w="363" /><ent r="4" t="224" w="363" /><ent r="4" t="224" w="459" /><ent r="4" t="224" w="459" /><ent r="4" t="224" w="487" /><ent r="4" t="224" w="487" /></phr></stem><stem n=".idsystem.useinmemorysystem()"><phr n=".IdSystem.UseInMemorySystem()"><ent r="4" t="224" w="358" /><ent r="4" t="224" w="482" /></phr></stem><stem n="degrad"><phr n="degradation"><ent r="3" t="224" w="422" /></phr><phr n="Degrading"><ent r="92" t="282" w="236" /></phr><phr n="degrades"><ent r="3" t="282" w="244" /></phr></stem><stem n="backward-compat"><phr n="backward-compatibility"><ent r="3" t="224" w="435" /></phr></stem><stem n="-compatibility."><phr n="-compatibility."><ent r="3" t="224" w="437" /><ent r="3" t="224" w="437" /></phr></stem><stem n="configuration.idsystem.usecustomsystem"><phr n="configuration.IdSystem.UseCustomSystem"><ent r="4" t="224" w="529" /><ent r="4" t="224" w="527" /><ent r="4" t="224" w="560" /><ent r="4" t="224" w="558" /></phr></stem><stem n="usecustomsystem"><phr n="UseCustomSystem"><ent r="4" t="224" w="529" /><ent r="4" t="224" w="560" /></phr></stem><stem n=".idsystem.usecustomsystem("><phr n=".IdSystem.UseCustomSystem("><ent r="4" t="224" w="530" /><ent r="4" t="224" w="561" /></phr></stem><stem n="customidsystemfactori"><phr n="CustomIdSystemFactory"><ent r="4" t="224" w="533" /><ent r="4" t="224" w="564" /></phr></stem><stem n=":server"><phr n=":Server"><ent r="100" t="225" w="5" /></phr></stem><stem n=".timeoutserversocket"><phr n=".TimeoutServerSocket"><ent r="4" t="225" w="81" /><ent r="4" t="225" w="109" /></phr></stem><stem n="configuration.timeoutserversocket"><phr n="configuration.TimeoutServerSocket"><ent r="4" t="225" w="81" /><ent r="4" t="225" w="80" /><ent r="4" t="225" w="109" /><ent r="4" t="225" w="108" /></phr></stem><stem n="timeoutserversocket"><phr n="TimeoutServerSocket"><ent r="4" t="225" w="81" /><ent r="4" t="225" w="109" /></phr></stem><stem n="serverconfigurationexampl"><phr n="ServerConfigurationExamples"><ent r="4" t="225" w="86" /><ent r="4" t="225" w="114" /></phr></stem><stem n="serverconfigurationexamples.c"><phr n="ServerConfigurationExamples.cs"><ent r="4" t="225" w="87" /><ent r="4" t="225" w="86" /></phr></stem><stem n="-timeout"><phr n="-timeout"><ent r="4" t="225" w="90" /><ent r="4" t="225" w="90" /><ent r="4" t="225" w="118" /><ent r="4" t="225" w="118" /></phr></stem><stem n="socket-timeout"><phr n="socket-timeout"><ent r="4" t="225" w="90" /><ent r="4" t="225" w="118" /></phr></stem><stem n="serverconfigurationexamples.vb"><phr n="ServerConfigurationExamples.vb"><ent r="4" t="225" w="115" /><ent r="4" t="225" w="114" /></phr></stem><stem n="db4objects.db4o.c"><phr n="Db4objects.Db4o.CS"><ent r="4" t="226" w="79" /><ent r="4" t="226" w="77" /><ent r="4" t="304" w="118" /><ent r="4" t="304" w="116" /><ent r="4" t="304" w="127" /><ent r="4" t="304" w="125" /><ent r="93" t="308" w="141" /><ent r="93" t="308" w="139" /><ent r="93" t="308" w="244" /><ent r="93" t="308" w="242" /><ent r="4" t="308" w="278" /><ent r="4" t="308" w="276" /></phr></stem><stem n=".db4o.cs.dll-assembl"><phr n=".Db4o.CS.dll-assembly"><ent r="4" t="226" w="80" /></phr></stem><stem n="port"><phr n="port"><ent r="3" t="226" w="117" /><ent r="3" t="226" w="262" /><ent r="3" t="229" w="77" /></phr><phr n="Port"><ent r="4" t="233" w="252" /><ent r="4" t="233" w="282" /></phr><phr n="ported"><ent r="4" t="268" w="448" /></phr></stem><stem n="user-nam"><phr n="user-name"><ent r="3" t="226" w="128" /></phr></stem><stem n="login"><phr n="login"><ent r="3" t="226" w="137" /><ent r="4" t="236" w="44" /><ent r="3" t="293" w="192" /><ent r="3" t="294" w="53" /><ent r="3" t="294" w="76" /><ent r="3" t="305" w="60" /></phr></stem><stem n="grant"><phr n="grant"><ent r="3" t="226" w="149" /><ent r="4" t="258" w="303" /></phr><phr n="granted"><ent r="3" t="258" w="50" /><ent r="5" t="258" w="100" /><ent r="3" t="270" w="22" /></phr></stem><stem n="(iobjectserv"><phr n="(IObjectServer"><ent r="4" t="226" w="157" /><ent r="4" t="229" w="94" /><ent r="4" t="256" w="244" /></phr></stem><stem n=".openserver("><phr n=".OpenServer("><ent r="4" t="226" w="161" /><ent r="4" t="226" w="204" /></phr></stem><stem n="8080"><phr n="8080"><ent r="4" t="226" w="165" /><ent r="4" t="226" w="208" /><ent r="4" t="226" w="297" /><ent r="4" t="226" w="337" /><ent r="5" t="265" w="802" /></phr></stem><stem n="server.grantaccess"><phr n="server.GrantAccess"><ent r="4" t="226" w="167" /><ent r="4" t="226" w="166" /><ent r="4" t="226" w="210" /><ent r="4" t="226" w="209" /></phr></stem><stem n="grantaccess"><phr n="GrantAccess"><ent r="4" t="226" w="167" /><ent r="4" t="226" w="210" /></phr></stem><stem n=".grantaccess("><phr n=".GrantAccess("><ent r="4" t="226" w="168" /><ent r="4" t="226" w="211" /></phr></stem><stem n="&quot;password&quot;"><phr n="&quot;password&quot;"><ent r="5" t="226" w="173" /><ent r="5" t="226" w="216" /><ent r="5" t="226" w="303" /><ent r="5" t="226" w="343" /></phr></stem><stem n="letserverrun"><phr n="LetServerRun"><ent r="4" t="226" w="180" /><ent r="4" t="226" w="223" /></phr></stem><stem n="serverexampl"><phr n="ServerExample"><ent r="4" t="226" w="182" /><ent r="4" t="226" w="229" /></phr></stem><stem n="serverexample.c"><phr n="ServerExample.cs"><ent r="4" t="226" w="183" /><ent r="4" t="226" w="182" /></phr></stem><stem n="serverexample.vb"><phr n="ServerExample.vb"><ent r="4" t="226" w="230" /><ent r="4" t="226" w="229" /></phr></stem><stem n="url"><phr n="URL"><ent r="3" t="226" w="261" /><ent r="3" t="265" w="778" /><ent r="3" t="305" w="58" /></phr></stem><stem n="db4oclientexampl"><phr n="Db4oClientExample"><ent r="4" t="226" w="309" /><ent r="4" t="226" w="349" /></phr></stem><stem n="db4oclientexample.c"><phr n="Db4oClientExample.cs"><ent r="4" t="226" w="310" /><ent r="4" t="226" w="309" /></phr></stem><stem n="db4oclientexample.vb"><phr n="Db4oClientExample.vb"><ent r="4" t="226" w="350" /><ent r="4" t="226" w="349" /></phr></stem><stem n="unless"><phr n="unless"><ent r="3" t="227" w="90" /><ent r="4" t="276" w="63" /></phr></stem><stem n="persononclient1"><phr n="personOnClient1"><ent r="4" t="227" w="99" /><ent r="4" t="227" w="111" /><ent r="4" t="227" w="119" /><ent r="4" t="227" w="178" /><ent r="4" t="227" w="200" /><ent r="4" t="227" w="208" /></phr></stem><stem n="queryforperson"><phr n="QueryForPerson"><ent r="4" t="227" w="100" /><ent r="4" t="227" w="104" /><ent r="4" t="227" w="108" /><ent r="4" t="227" w="137" /><ent r="4" t="227" w="158" /><ent r="4" t="227" w="183" /><ent r="4" t="227" w="193" /><ent r="4" t="227" w="197" /><ent r="4" t="227" w="226" /><ent r="4" t="227" w="247" /></phr></stem><stem n="client1"><phr n="client1"><ent r="4" t="227" w="101" /><ent r="4" t="227" w="117" /><ent r="4" t="227" w="120" /><ent r="4" t="227" w="184" /><ent r="4" t="227" w="206" /><ent r="4" t="227" w="209" /></phr></stem><stem n="(client1);"><phr n="(client1);"><ent r="4" t="227" w="102" /></phr></stem><stem n="persononclient2"><phr n="personOnClient2"><ent r="4" t="227" w="103" /><ent r="4" t="227" w="143" /><ent r="4" t="227" w="188" /><ent r="4" t="227" w="232" /></phr></stem><stem n="client2"><phr n="client2"><ent r="4" t="227" w="105" /><ent r="4" t="227" w="109" /><ent r="4" t="227" w="138" /><ent r="4" t="227" w="140" /><ent r="4" t="227" w="159" /><ent r="4" t="227" w="194" /><ent r="4" t="227" w="198" /><ent r="4" t="227" w="227" /><ent r="4" t="227" w="229" /><ent r="4" t="227" w="248" /></phr></stem><stem n="(client2);"><phr n="(client2);"><ent r="4" t="227" w="106" /></phr></stem><stem n="console.writ"><phr n="Console.Write"><ent r="4" t="227" w="107" /><ent r="4" t="227" w="106" /><ent r="4" t="227" w="136" /><ent r="4" t="227" w="135" /><ent r="4" t="227" w="157" /><ent r="4" t="227" w="156" /><ent r="4" t="227" w="196" /><ent r="4" t="227" w="195" /><ent r="4" t="227" w="225" /><ent r="4" t="227" w="224" /><ent r="4" t="227" w="246" /><ent r="4" t="227" w="245" /></phr></stem><stem n=".write(queryforperson(client2).name);"><phr n=".Write(QueryForPerson(client2).Name);"><ent r="4" t="227" w="111" /><ent r="4" t="227" w="140" /><ent r="4" t="227" w="161" /></phr></stem><stem n="persononclient1.nam"><phr n="personOnClient1.Name"><ent r="4" t="227" w="112" /><ent r="4" t="227" w="111" /><ent r="4" t="227" w="201" /><ent r="4" t="227" w="200" /></phr></stem><stem n="client1.stor"><phr n="client1.Store"><ent r="4" t="227" w="118" /><ent r="4" t="227" w="117" /><ent r="4" t="227" w="207" /><ent r="4" t="227" w="206" /></phr></stem><stem n=".store(persononclient1);"><phr n=".Store(personOnClient1);"><ent r="4" t="227" w="120" /></phr></stem><stem n="client1.commit"><phr n="client1.Commit"><ent r="4" t="227" w="121" /><ent r="4" t="227" w="120" /><ent r="4" t="227" w="210" /><ent r="4" t="227" w="209" /></phr></stem><stem n="client2.ext"><phr n="client2.Ext"><ent r="4" t="227" w="141" /><ent r="4" t="227" w="140" /><ent r="4" t="227" w="230" /><ent r="4" t="227" w="229" /></phr></stem><stem n=".ext().refresh(persononclient2,"><phr n=".Ext().Refresh(personOnClient2,"><ent r="4" t="227" w="144" /><ent r="4" t="227" w="233" /></phr></stem><stem n="referencecacheexampl"><phr n="ReferenceCacheExamples"><ent r="4" t="227" w="162" /><ent r="4" t="227" w="251" /><ent r="4" t="227" w="459" /><ent r="4" t="227" w="517" /></phr></stem><stem n="referencecacheexamples.c"><phr n="ReferenceCacheExamples.cs"><ent r="4" t="227" w="163" /><ent r="4" t="227" w="162" /><ent r="4" t="227" w="460" /><ent r="4" t="227" w="459" /></phr></stem><stem n="(client1)"><phr n="(client1)"><ent r="4" t="227" w="185" /></phr></stem><stem n="(client2)"><phr n="(client2)"><ent r="4" t="227" w="195" /></phr></stem><stem n=".write(queryforperson(client2).name)"><phr n=".Write(QueryForPerson(client2).Name)"><ent r="4" t="227" w="200" /><ent r="4" t="227" w="229" /><ent r="4" t="227" w="250" /></phr></stem><stem n=".store(persononclient1)"><phr n=".Store(personOnClient1)"><ent r="4" t="227" w="209" /></phr></stem><stem n="referencecacheexamples.vb"><phr n="ReferenceCacheExamples.vb"><ent r="4" t="227" w="252" /><ent r="4" t="227" w="251" /><ent r="4" t="227" w="518" /><ent r="4" t="227" w="517" /></phr></stem><stem n="client'"><phr n="client's"><ent r="4" t="227" w="277" /><ent r="4" t="227" w="276" /></phr></stem><stem n="&quot;refresh"><phr n="&quot;Refreshing"><ent r="65" t="227" w="325" /></phr></stem><stem n="'session'"><phr n="'session'"><ent r="3" t="227" w="379" /></phr></stem><stem n="fresh"><phr n="fresh"><ent r="3" t="227" w="420" /><ent r="5" t="227" w="444" /><ent r="5" t="227" w="496" /><ent r="3" t="233" w="183" /></phr></stem><stem n="client.ext"><phr n="client.Ext"><ent r="4" t="227" w="434" /><ent r="4" t="227" w="433" /><ent r="4" t="227" w="452" /><ent r="4" t="227" w="451" /><ent r="4" t="227" w="483" /><ent r="4" t="227" w="482" /><ent r="4" t="227" w="507" /><ent r="4" t="227" w="506" /><ent r="4" t="233" w="466" /><ent r="4" t="233" w="465" /><ent r="4" t="233" w="559" /><ent r="4" t="233" w="558" /></phr></stem><stem n="mean-tim"><phr n="mean-time"><ent r="3" t="228" w="42" /></phr></stem><stem n="refresh-cal"><phr n="refresh-calls"><ent r="8" t="228" w="151" /><ent r="8" t="228" w="176" /></phr></stem><stem n="-access"><phr n="-access"><ent r="8" t="228" w="155" /><ent r="8" t="228" w="155" /></phr></stem><stem n="data-access"><phr n="data-access"><ent r="8" t="228" w="155" /></phr></stem><stem n="spread"><phr n="spread"><ent r="8" t="228" w="178" /></phr></stem><stem n="code-bas"><phr n="code-base"><ent r="8" t="228" w="181" /></phr></stem><stem n="-base."><phr n="-base."><ent r="8" t="228" w="183" /><ent r="8" t="228" w="183" /></phr></stem><stem n="refresh-method"><phr n="refresh-method"><ent r="3" t="228" w="212" /></phr></stem><stem n="refresh-depth"><phr n="refresh-depth"><ent r="3" t="228" w="226" /></phr></stem><stem n="db.ext"><phr n="db.Ext"><ent r="4" t="228" w="233" /><ent r="4" t="228" w="232" /><ent r="4" t="228" w="254" /><ent r="4" t="228" w="253" /></phr></stem><stem n="objtorefresh"><phr n="objToRefresh"><ent r="4" t="228" w="235" /><ent r="4" t="228" w="256" /></phr></stem><stem n=".ext().refresh(objtorefresh,"><phr n=".Ext().Refresh(objToRefresh,"><ent r="4" t="228" w="236" /><ent r="4" t="228" w="257" /></phr></stem><stem n="-embed"><phr n="-embedded"><ent r="5" t="229" w="103" /><ent r="5" t="229" w="103" /><ent r="5" t="229" w="166" /><ent r="5" t="229" w="166" /><ent r="5" t="256" w="253" /><ent r="5" t="256" w="253" /><ent r="5" t="256" w="316" /><ent r="5" t="256" w="316" /></phr></stem><stem n="server.opencli"><phr n="server.OpenClient"><ent r="4" t="229" w="121" /><ent r="4" t="229" w="120" /><ent r="4" t="229" w="187" /><ent r="4" t="229" w="186" /><ent r="4" t="256" w="271" /><ent r="4" t="256" w="270" /><ent r="4" t="256" w="337" /><ent r="4" t="256" w="336" /></phr></stem><stem n=".openclient())"><phr n=".OpenClient())"><ent r="4" t="229" w="122" /><ent r="4" t="256" w="272" /></phr></stem><stem n=".openclient()"><phr n=".OpenClient()"><ent r="4" t="229" w="188" /><ent r="4" t="256" w="338" /></phr></stem><stem n="-session"><phr n="-session"><ent r="3" t="229" w="236" /><ent r="3" t="229" w="236" /><ent r="5" t="265" w="522" /><ent r="5" t="265" w="522" /></phr></stem><stem n="open-sess"><phr n="open-session"><ent r="3" t="229" w="236" /><ent r="64" t="257" w="405" /><ent r="5" t="265" w="522" /></phr></stem><stem n="-client"><phr n="-client"><ent r="3" t="229" w="262" /><ent r="3" t="229" w="262" /></phr></stem><stem n="db4o-client"><phr n="db4o-client"><ent r="3" t="229" w="262" /></phr></stem><stem n="&quot;client-contain"><phr n="&quot;Client-Container"><ent r="64" t="229" w="297" /></phr></stem><stem n="client-contain"><phr n="Client-Container"><ent r="64" t="229" w="297" /><ent r="1000" t="233" w="1" /><ent r="102" t="233" w="11" /></phr><phr n="client-containers"><ent r="3" t="233" w="97" /></phr><phr n="client-container"><ent r="3" t="233" w="375" /><ent r="5" t="233" w="449" /><ent r="5" t="233" w="537" /><ent r="3" t="233" w="611" /></phr></stem><stem n="unoptimis"><phr n="unoptimised"><ent r="3" t="230" w="136" /></phr></stem><stem n="robust"><phr n="robust"><ent r="3" t="230" w="154" /></phr></stem><stem n="mandatori"><phr n="mandatory"><ent r="3" t="231" w="34" /><ent r="3" t="276" w="166" /></phr></stem><stem n="unknown"><phr n="unknown"><ent r="3" t="231" w="59" /></phr></stem><stem n="impli"><phr n="implies"><ent r="4" t="231" w="135" /></phr></stem><stem n="multidimension"><phr n="Multidimensional"><ent r="4" t="231" w="159" /></phr></stem><stem n="fallback"><phr n="fallback"><ent r="3" t="231" w="238" /></phr></stem><stem n="client/isn"><phr n="client/isn"><ent r="3" t="232" w="36" /><ent r="3" t="232" w="33" /></phr></stem><stem n="client/isn't"><phr n="client/isn't"><ent r="3" t="232" w="37" /><ent r="3" t="232" w="33" /></phr></stem><stem n="client-ev"><phr n="client-event"><ent r="3" t="232" w="79" /></phr></stem><stem n="client-event-registri"><phr n="client-event-registry"><ent r="3" t="232" w="79" /></phr></stem><stem n="-event-registry,"><phr n="-event-registry,"><ent r="3" t="232" w="82" /><ent r="3" t="232" w="83" /></phr></stem><stem n="delete-ev"><phr n="delete-events"><ent r="3" t="232" w="108" /></phr></stem><stem n="-events,"><phr n="-events,"><ent r="3" t="232" w="110" /><ent r="3" t="232" w="110" /></phr></stem><stem n="central"><phr n="central"><ent r="3" t="232" w="200" /></phr></stem></index>