﻿<?xml version="1.0" encoding="utf-8"?><index><stem n="rapid"><phr n="rapid"><ent r="3" t="2" w="133" /><ent r="6" t="5" w="181" /></phr></stem><stem n="mapper"><phr n="mappers"><ent r="3" t="2" w="138" /><ent r="3" t="4" w="556" /></phr><phr n="mapper"><ent r="3" t="2" w="205" /><ent r="3" t="7" w="33" /></phr></stem><stem n="orm"><phr n="ORM"><ent r="3" t="2" w="139" /><ent r="3" t="2" w="283" /><ent r="3" t="2" w="310" /><ent r="3" t="2" w="573" /><ent r="3" t="2" w="593" /><ent r="3" t="2" w="646" /><ent r="3" t="3" w="50" /><ent r="3" t="4" w="661" /></phr></stem><stem n="(orm),"><phr n="(ORM),"><ent r="3" t="2" w="140" /></phr></stem><stem n="eclipselink"><phr n="EclipseLink"><ent r="3" t="2" w="143" /></phr></stem><stem n="entiti"><phr n="Entity"><ent r="3" t="2" w="145" /></phr></stem><stem n="framework"><phr n="Framework"><ent r="3" t="2" w="146" /><ent r="3" t="12" w="431" /><ent r="64" t="12" w="437" /><ent r="64" t="15" w="106" /><ent r="1000" t="16" w="4" /><ent r="102" t="16" w="9" /><ent r="3" t="16" w="12" /><ent r="3" t="16" w="107" /><ent r="64" t="42" w="754" /><ent r="4" t="103" w="158" /><ent r="64" t="144" w="41" /><ent r="4" t="245" w="153" /><ent r="3" t="268" w="166" /><ent r="8" t="268" w="235" /><ent r="6" t="268" w="246" /><ent r="3" t="276" w="222" /><ent r="1000" t="301" w="3" /><ent r="102" t="301" w="7" /><ent r="3" t="306" w="382" /><ent r="8" t="313" w="103" /></phr><phr n="frameworks"><ent r="6" t="5" w="369" /><ent r="3" t="12" w="277" /><ent r="3" t="257" w="582" /></phr><phr n="framework"><ent r="3" t="9" w="176" /><ent r="3" t="9" w="179" /><ent r="3" t="15" w="89" /><ent r="3" t="48" w="49" /><ent r="3" t="49" w="437" /><ent r="3" t="51" w="61" /><ent r="3" t="90" w="14" /><ent r="4" t="103" w="161" /><ent r="3" t="261" w="118" /><ent r="3" t="265" w="46" /><ent r="3" t="301" w="18" /><ent r="3" t="301" w="21" /><ent r="3" t="301" w="206" /><ent r="3" t="303" w="143" /><ent r="4" t="304" w="114" /><ent r="4" t="304" w="262" /><ent r="4" t="304" w="273" /><ent r="4" t="308" w="121" /></phr></stem><stem n="cure"><phr n="cures"><ent r="3" t="2" w="149" /></phr></stem><stem n="&quot;cures&quot;"><phr n="&quot;cures&quot;"><ent r="3" t="2" w="150" /></phr></stem><stem n="symptom"><phr n="symptoms"><ent r="3" t="2" w="151" /></phr></stem><stem n="ad"><phr n="adding"><ent r="3" t="2" w="158" /><ent r="3" t="28" w="712" /><ent r="3" t="54" w="200" /><ent r="3" t="61" w="67" /><ent r="3" t="61" w="167" /><ent r="3" t="118" w="97" /><ent r="3" t="134" w="177" /><ent r="4" t="140" w="268" /><ent r="3" t="147" w="58" /><ent r="3" t="315" w="77" /></phr><phr n="added"><ent r="3" t="7" w="504" /><ent r="3" t="29" w="324" /><ent r="3" t="30" w="200" /><ent r="5" t="46" w="132" /><ent r="5" t="46" w="281" /><ent r="3" t="96" w="617" /><ent r="3" t="96" w="634" /><ent r="3" t="105" w="192" /><ent r="3" t="109" w="257" /><ent r="3" t="123" w="44" /><ent r="3" t="138" w="112" /><ent r="4" t="140" w="451" /><ent r="3" t="188" w="428" /><ent r="3" t="193" w="47" /><ent r="5" t="275" w="240" /><ent r="5" t="275" w="389" /><ent r="6" t="299" w="434" /></phr><phr n="Adding"><ent r="92" t="9" w="256" /><ent r="92" t="49" w="46" /><ent r="64" t="59" w="90" /><ent r="92" t="147" w="50" /><ent r="4" t="147" w="324" /><ent r="4" t="147" w="402" /><ent r="92" t="223" w="123" /></phr><phr n="Added"><ent r="4" t="96" w="711" /><ent r="5" t="96" w="715" /><ent r="4" t="96" w="854" /><ent r="5" t="96" w="858" /></phr></stem><stem n="layer"><phr n="layer"><ent r="3" t="2" w="160" /><ent r="3" t="7" w="375" /><ent r="3" t="7" w="384" /><ent r="3" t="12" w="269" /><ent r="3" t="65" w="264" /><ent r="3" t="129" w="106" /><ent r="65" t="186" w="35" /><ent r="8" t="228" w="157" /><ent r="3" t="271" w="14" /></phr></stem><stem n="stack"><phr n="stack"><ent r="3" t="2" w="164" /><ent r="6" t="143" w="297" /><ent r="3" t="159" w="30" /><ent r="3" t="159" w="36" /><ent r="4" t="159" w="64" /><ent r="4" t="159" w="91" /><ent r="3" t="224" w="113" /><ent r="4" t="294" w="246" /></phr><phr n="Stack"><ent r="1000" t="159" w="2" /><ent r="102" t="159" w="6" /></phr><phr n="Stacked"><ent r="92" t="224" w="104" /></phr><phr n="stacked"><ent r="4" t="224" w="145" /><ent r="4" t="224" w="175" /></phr><phr n="Stacks"><ent r="3" t="270" w="301" /></phr></stem><stem n="autom"><phr n="automates"><ent r="3" t="2" w="166" /></phr><phr n="automation"><ent r="64" t="4" w="185" /></phr><phr n="automate"><ent r="3" t="41" w="239" /><ent r="3" t="44" w="302" /></phr><phr n="automated"><ent r="3" t="49" w="975" /><ent r="3" t="254" w="332" /></phr></stem><stem n="tediou"><phr n="tedious"><ent r="3" t="2" w="168" /><ent r="3" t="65" w="77" /></phr></stem><stem n="task"><phr n="task"><ent r="3" t="2" w="169" /><ent r="3" t="21" w="67" /><ent r="3" t="22" w="85" /><ent r="3" t="22" w="87" /><ent r="4" t="22" w="148" /><ent r="3" t="22" w="160" /><ent r="3" t="39" w="136" /><ent r="3" t="39" w="144" /><ent r="83" t="50" w="379" /><ent r="4" t="50" w="389" /><ent r="5" t="50" w="417" /><ent r="4" t="50" w="432" /><ent r="5" t="50" w="458" /><ent r="3" t="74" w="143" /><ent r="3" t="76" w="71" /><ent r="4" t="76" w="256" /><ent r="4" t="76" w="358" /><ent r="3" t="76" w="373" /><ent r="3" t="105" w="41" /><ent r="3" t="114" w="193" /><ent r="3" t="114" w="206" /><ent r="3" t="114" w="240" /><ent r="3" t="131" w="118" /><ent r="3" t="261" w="271" /><ent r="3" t="298" w="74" /><ent r="4" t="298" w="380" /><ent r="3" t="298" w="393" /></phr><phr n="Task"><ent r="92" t="22" w="78" /></phr><phr n="tasks"><ent r="3" t="22" w="200" /><ent r="5" t="74" w="154" /><ent r="4" t="74" w="186" /><ent r="5" t="74" w="197" /><ent r="4" t="74" w="239" /><ent r="3" t="74" w="250" /><ent r="5" t="76" w="82" /><ent r="4" t="76" w="114" /><ent r="5" t="76" w="125" /><ent r="4" t="76" w="167" /><ent r="3" t="90" w="98" /><ent r="3" t="114" w="185" /><ent r="3" t="261" w="285" /></phr></stem><stem n="link"><phr n="linking"><ent r="3" t="2" w="171" /></phr><phr n="links"><ent r="3" t="260" w="240" /></phr><phr n="Links"><ent r="6" t="300" w="225" /></phr></stem><stem n="huge"><phr n="huge"><ent r="3" t="2" w="180" /><ent r="4" t="31" w="1496" /><ent r="4" t="31" w="1529" /><ent r="3" t="39" w="106" /><ent r="3" t="61" w="172" /><ent r="3" t="107" w="71" /><ent r="3" t="275" w="580" /></phr></stem><stem n="drain"><phr n="drain"><ent r="3" t="2" w="181" /></phr></stem><stem n="drive"><phr n="drives"><ent r="3" t="2" w="185" /></phr><phr n="drive"><ent r="3" t="191" w="32" /><ent r="3" t="191" w="102" /></phr><phr n="Drive"><ent r="3" t="310" w="56" /></phr></stem><stem n="complex"><phr n="complexity"><ent r="3" t="2" w="188" /><ent r="4" t="6" w="144" /><ent r="3" t="7" w="505" /><ent r="3" t="7" w="515" /><ent r="3" t="7" w="567" /><ent r="3" t="7" w="587" /><ent r="3" t="7" w="611" /><ent r="4" t="286" w="143" /><ent r="4" t="286" w="210" /></phr><phr n="complex"><ent r="3" t="3" w="75" /><ent r="3" t="4" w="568" /><ent r="3" t="5" w="411" /><ent r="3" t="7" w="477" /><ent r="3" t="7" w="494" /><ent r="3" t="8" w="35" /><ent r="3" t="14" w="1387" /><ent r="3" t="14" w="1425" /><ent r="3" t="18" w="845" /><ent r="3" t="18" w="870" /><ent r="3" t="27" w="1261" /><ent r="3" t="30" w="307" /><ent r="3" t="39" w="130" /><ent r="3" t="42" w="722" /><ent r="3" t="43" w="71" /><ent r="3" t="45" w="364" /><ent r="3" t="103" w="32" /><ent r="3" t="103" w="42" /><ent r="3" t="121" w="607" /><ent r="3" t="135" w="128" /><ent r="3" t="159" w="23" /><ent r="3" t="191" w="24" /><ent r="3" t="274" w="86" /><ent r="3" t="283" w="191" /><ent r="3" t="290" w="102" /><ent r="3" t="315" w="162" /></phr><phr n="Complexity"><ent r="3" t="7" w="519" /></phr><phr n="Complex"><ent r="82" t="14" w="1382" /><ent r="4" t="14" w="1456" /><ent r="4" t="14" w="1493" /><ent r="4" t="25" w="67" /></phr><phr n="complexes"><ent r="3" t="243" w="267" /></phr></stem><stem n="increas"><phr n="increases"><ent r="3" t="2" w="190" /><ent r="3" t="137" w="182" /><ent r="3" t="137" w="184" /><ent r="3" t="286" w="64" /></phr><phr n="increasing"><ent r="3" t="5" w="393" /><ent r="3" t="7" w="450" /><ent r="3" t="182" w="37" /><ent r="3" t="282" w="274" /><ent r="3" t="284" w="162" /></phr><phr n="increase"><ent r="3" t="7" w="685" /><ent r="3" t="42" w="660" /><ent r="3" t="42" w="666" /><ent r="3" t="44" w="238" /><ent r="3" t="45" w="616" /><ent r="3" t="46" w="340" /><ent r="3" t="137" w="229" /><ent r="3" t="203" w="14" /><ent r="64" t="266" w="533" /><ent r="3" t="273" w="183" /><ent r="64" t="275" w="66" /><ent r="3" t="279" w="47" /><ent r="3" t="282" w="340" /><ent r="3" t="284" w="16" /><ent r="3" t="284" w="23" /></phr><phr n="Increasing"><ent r="64" t="127" w="203" /><ent r="4" t="146" w="95" /><ent r="4" t="146" w="122" /><ent r="64" t="282" w="64" /><ent r="1000" t="284" w="1" /><ent r="102" t="284" w="8" /><ent r="3" t="284" w="124" /><ent r="64" t="285" w="236" /></phr><phr n="increased"><ent r="3" t="150" w="17" /></phr><phr n="Increase"><ent r="4" t="176" w="136" /><ent r="4" t="176" w="165" /><ent r="4" t="274" w="326" /><ent r="4" t="274" w="334" /><ent r="4" t="284" w="80" /><ent r="4" t="284" w="109" /></phr><phr n="Increased"><ent r="4" t="203" w="155" /><ent r="4" t="203" w="163" /></phr></stem><stem n="burden"><phr n="burden"><ent r="3" t="2" w="192" /></phr></stem><stem n="mainten"><phr n="maintenance"><ent r="3" t="2" w="195" /><ent r="3" t="3" w="86" /><ent r="3" t="4" w="670" /><ent r="3" t="7" w="296" /><ent r="4" t="98" w="60" /></phr></stem><stem n="higher"><phr n="higher"><ent r="3" t="2" w="199" /><ent r="3" t="2" w="430" /><ent r="4" t="46" w="383" /><ent r="4" t="46" w="424" /><ent r="4" t="129" w="215" /><ent r="3" t="145" w="100" /><ent r="3" t="145" w="119" /><ent r="3" t="146" w="26" /><ent r="3" t="146" w="134" /><ent r="3" t="146" w="154" /><ent r="4" t="168" w="94" /><ent r="3" t="190" w="231" /><ent r="3" t="222" w="26" /><ent r="4" t="275" w="487" /><ent r="4" t="275" w="528" /><ent r="3" t="284" w="135" /><ent r="3" t="284" w="225" /></phr><phr n="Higher"><ent r="3" t="177" w="60" /></phr></stem><stem n="cost"><phr n="cost"><ent r="3" t="2" w="200" /><ent r="3" t="3" w="127" /><ent r="3" t="4" w="295" /><ent r="3" t="4" w="447" /><ent r="3" t="7" w="646" /><ent r="3" t="179" w="102" /><ent r="3" t="188" w="268" /></phr><phr n="costs"><ent r="3" t="3" w="87" /><ent r="3" t="3" w="137" /><ent r="3" t="4" w="671" /><ent r="3" t="7" w="629" /><ent r="3" t="60" w="28" /><ent r="3" t="61" w="20" /><ent r="3" t="61" w="51" /><ent r="3" t="61" w="71" /><ent r="3" t="145" w="122" /><ent r="3" t="179" w="508" /></phr><phr n="Costs"><ent r="64" t="60" w="33" /><ent r="1000" t="61" w="1" /><ent r="102" t="61" w="5" /></phr></stem><stem n="ownership"><phr n="ownership"><ent r="3" t="2" w="202" /></phr></stem><stem n="while"><phr n="While"><ent r="3" t="2" w="203" /><ent r="3" t="29" w="109" /><ent r="3" t="40" w="158" /><ent r="5" t="49" w="1224" /><ent r="5" t="49" w="1239" /><ent r="5" t="50" w="833" /><ent r="5" t="50" w="848" /><ent r="5" t="74" w="173" /><ent r="5" t="74" w="226" /><ent r="5" t="76" w="101" /><ent r="5" t="76" w="154" /><ent r="5" t="106" w="366" /><ent r="5" t="106" w="379" /><ent r="3" t="224" w="296" /><ent r="4" t="278" w="94" /><ent r="4" t="308" w="191" /></phr><phr n="while"><ent r="3" t="7" w="445" /><ent r="3" t="38" w="434" /><ent r="5" t="49" w="1083" /><ent r="5" t="50" w="756" /><ent r="3" t="68" w="21" /><ent r="4" t="68" w="39" /><ent r="4" t="68" w="63" /><ent r="3" t="68" w="160" /><ent r="3" t="73" w="94" /><ent r="3" t="74" w="109" /><ent r="4" t="102" w="115" /><ent r="5" t="106" w="340" /><ent r="3" t="108" w="102" /><ent r="3" t="131" w="25" /><ent r="4" t="164" w="102" /><ent r="4" t="164" w="125" /><ent r="3" t="174" w="83" /><ent r="3" t="191" w="152" /><ent r="3" t="240" w="703" /><ent r="3" t="261" w="204" /><ent r="3" t="285" w="339" /><ent r="6" t="300" w="380" /></phr></stem><stem n="feasibl"><phr n="feasible"><ent r="3" t="2" w="209" /><ent r="3" t="18" w="904" /><ent r="3" t="45" w="370" /></phr></stem><stem n="larg"><phr n="large"><ent r="3" t="2" w="211" /><ent r="3" t="4" w="436" /><ent r="3" t="14" w="27" /><ent r="3" t="14" w="41" /><ent r="3" t="14" w="272" /><ent r="3" t="15" w="617" /><ent r="3" t="28" w="99" /><ent r="3" t="28" w="244" /><ent r="3" t="28" w="405" /><ent r="3" t="31" w="26" /><ent r="3" t="31" w="40" /><ent r="3" t="31" w="204" /><ent r="3" t="41" w="85" /><ent r="3" t="79" w="81" /><ent r="3" t="82" w="25" /><ent r="3" t="105" w="13" /><ent r="3" t="109" w="12" /><ent r="4" t="140" w="382" /><ent r="3" t="150" w="162" /><ent r="3" t="166" w="114" /><ent r="3" t="176" w="13" /><ent r="3" t="176" w="76" /><ent r="3" t="177" w="29" /><ent r="3" t="188" w="196" /><ent r="3" t="188" w="204" /><ent r="3" t="216" w="24" /><ent r="3" t="224" w="129" /><ent r="3" t="224" w="221" /><ent r="8" t="247" w="157" /><ent r="8" t="247" w="266" /><ent r="3" t="279" w="26" /></phr><phr n="Large"><ent r="64" t="273" w="189" /><ent r="1000" t="279" w="3" /><ent r="102" t="279" w="10" /></phr></stem><stem n="administ"><phr n="administered"><ent r="3" t="2" w="212" /></phr></stem><stem n="datacent"><phr n="datacenter"><ent r="3" t="2" w="213" /></phr></stem><stem n="prohibit"><phr n="prohibitive"><ent r="3" t="2" w="217" /></phr></stem><stem n="-administr"><phr n="-administration"><ent r="3" t="2" w="221" /><ent r="3" t="2" w="221" /></phr></stem><stem n="zero-administr"><phr n="zero-administration"><ent r="3" t="2" w="221" /><ent r="3" t="4" w="578" /><ent r="6" t="5" w="257" /></phr></stem><stem n="administr"><phr n="administration"><ent r="3" t="2" w="222" /><ent r="3" t="3" w="93" /><ent r="3" t="4" w="579" /><ent r="6" t="5" w="258" /></phr><phr n="administrator"><ent r="3" t="4" w="142" /><ent r="4" t="258" w="301" /></phr><phr n="Administrator"><ent r="4" t="133" w="213" /><ent r="4" t="133" w="265" /><ent r="4" t="133" w="326" /></phr></stem><stem n="architectur"><phr n="architectures"><ent r="3" t="2" w="223" /><ent r="3" t="3" w="12" /><ent r="3" t="4" w="136" /><ent r="3" t="7" w="316" /><ent r="3" t="7" w="683" /></phr><phr n="architecture"><ent r="3" t="2" w="476" /><ent r="2" t="4" w="26" /><ent r="3" t="7" w="655" /></phr></stem><stem n="embed"><phr n="embedded"><ent r="3" t="2" w="229" /><ent r="3" t="3" w="18" /><ent r="2" t="4" w="28" /><ent r="2" t="4" w="46" /><ent r="3" t="4" w="262" /><ent r="3" t="5" w="25" /><ent r="3" t="6" w="9" /><ent r="3" t="7" w="698" /><ent r="3" t="38" w="419" /><ent r="3" t="65" w="29" /><ent r="4" t="96" w="951" /><ent r="3" t="99" w="96" /><ent r="3" t="109" w="97" /><ent r="3" t="142" w="106" /><ent r="4" t="142" w="147" /><ent r="4" t="142" w="189" /><ent r="3" t="142" w="525" /><ent r="3" t="143" w="17" /><ent r="3" t="149" w="34" /><ent r="3" t="151" w="48" /><ent r="3" t="152" w="30" /><ent r="3" t="153" w="43" /><ent r="3" t="161" w="30" /><ent r="3" t="170" w="16" /><ent r="3" t="170" w="46" /><ent r="3" t="173" w="32" /><ent r="3" t="182" w="43" /><ent r="3" t="207" w="92" /><ent r="64" t="209" w="64" /><ent r="3" t="223" w="35" /><ent r="3" t="224" w="14" /><ent r="3" t="226" w="16" /><ent r="3" t="226" w="41" /><ent r="3" t="229" w="13" /><ent r="3" t="229" w="72" /><ent r="3" t="229" w="89" /><ent r="5" t="229" w="104" /><ent r="5" t="229" w="167" /><ent r="3" t="232" w="49" /><ent r="3" t="245" w="93" /><ent r="3" t="245" w="140" /><ent r="3" t="256" w="233" /><ent r="64" t="256" w="238" /><ent r="5" t="256" w="254" /><ent r="5" t="256" w="317" /><ent r="5" t="262" w="241" /><ent r="3" t="282" w="45" /><ent r="5" t="294" w="235" /><ent r="3" t="303" w="125" /></phr><phr n="Embedded"><ent r="100" t="4" w="4" /><ent r="92" t="142" w="101" /><ent r="1000" t="229" w="1" /><ent r="100" t="229" w="5" /><ent r="102" t="229" w="7" /><ent r="4" t="229" w="143" /><ent r="4" t="229" w="217" /><ent r="3" t="232" w="32" /><ent r="4" t="256" w="293" /><ent r="4" t="256" w="367" /></phr></stem><stem n="mobil"><phr n="mobile"><ent r="3" t="2" w="234" /><ent r="2" t="4" w="44" /><ent r="64" t="4" w="163" /><ent r="3" t="5" w="28" /><ent r="3" t="7" w="457" /><ent r="3" t="73" w="203" /><ent r="3" t="245" w="138" /></phr><phr n="Mobile"><ent r="6" t="5" w="244" /><ent r="6" t="5" w="247" /><ent r="6" t="5" w="315" /><ent r="4" t="245" w="150" /></phr></stem><stem n="devic"><phr n="devices"><ent r="3" t="2" w="235" /><ent r="3" t="3" w="27" /><ent r="2" t="4" w="47" /><ent r="3" t="4" w="260" /><ent r="3" t="7" w="319" /><ent r="3" t="7" w="461" /><ent r="3" t="149" w="35" /><ent r="3" t="151" w="49" /><ent r="3" t="153" w="44" /><ent r="3" t="182" w="44" /><ent r="3" t="245" w="141" /></phr><phr n="device"><ent r="3" t="5" w="33" /><ent r="5" t="294" w="231" /></phr><phr n="Device"><ent r="6" t="5" w="305" /><ent r="6" t="5" w="308" /></phr></stem><stem n="middlewar"><phr n="middleware"><ent r="3" t="2" w="236" /><ent r="3" t="4" w="173" /></phr></stem><stem n="-time"><phr n="-time"><ent r="3" t="2" w="238" /><ent r="3" t="2" w="238" /><ent r="3" t="17" w="80" /><ent r="3" t="17" w="80" /><ent r="5" t="20" w="471" /><ent r="5" t="20" w="471" /><ent r="3" t="22" w="67" /><ent r="3" t="22" w="67" /><ent r="3" t="22" w="262" /><ent r="3" t="22" w="262" /><ent r="3" t="26" w="45" /><ent r="3" t="26" w="45" /><ent r="3" t="67" w="64" /><ent r="3" t="67" w="64" /><ent r="3" t="90" w="254" /><ent r="3" t="90" w="254" /><ent r="3" t="102" w="9" /><ent r="3" t="102" w="9" /><ent r="3" t="102" w="34" /><ent r="3" t="102" w="34" /><ent r="3" t="102" w="70" /><ent r="3" t="102" w="70" /><ent r="3" t="228" w="42" /><ent r="3" t="228" w="42" /><ent r="3" t="245" w="104" /><ent r="3" t="245" w="104" /><ent r="3" t="268" w="121" /><ent r="3" t="268" w="121" /></phr><phr n="-Time"><ent r="64" t="67" w="83" /><ent r="64" t="67" w="83" /><ent r="1000" t="102" w="1" /><ent r="1000" t="102" w="1" /><ent r="102" t="102" w="5" /><ent r="102" t="102" w="5" /></phr></stem><stem n="real"><phr n="real"><ent r="3" t="2" w="238" /><ent r="4" t="33" w="177" /><ent r="3" t="60" w="80" /><ent r="3" t="245" w="104" /><ent r="3" t="312" w="26" /></phr></stem><stem n="real-tim"><phr n="real-time"><ent r="3" t="2" w="238" /><ent r="3" t="245" w="104" /></phr></stem><stem n="side"><phr n="side"><ent r="3" t="2" w="243" /><ent r="3" t="4" w="249" /><ent r="3" t="67" w="365" /><ent r="3" t="97" w="19" /><ent r="3" t="100" w="372" /><ent r="4" t="165" w="204" /><ent r="4" t="166" w="270" /><ent r="3" t="167" w="24" /><ent r="4" t="167" w="130" /><ent r="4" t="167" w="196" /><ent r="3" t="167" w="215" /><ent r="3" t="174" w="80" /><ent r="3" t="174" w="82" /><ent r="3" t="227" w="71" /><ent r="3" t="230" w="128" /><ent r="3" t="231" w="28" /><ent r="3" t="231" w="38" /><ent r="3" t="231" w="90" /><ent r="3" t="238" w="314" /></phr><phr n="sides"><ent r="3" t="240" w="957" /></phr></stem><stem n="effect"><phr n="effects"><ent r="3" t="2" w="244" /><ent r="3" t="73" w="55" /><ent r="4" t="165" w="205" /><ent r="3" t="166" w="127" /><ent r="4" t="166" w="271" /><ent r="3" t="167" w="25" /><ent r="4" t="167" w="131" /><ent r="3" t="167" w="216" /></phr><phr n="effective"><ent r="3" t="54" w="128" /></phr><phr n="effect"><ent r="3" t="112" w="230" /><ent r="3" t="145" w="50" /><ent r="2" t="146" w="64" /><ent r="2" t="212" w="35" /><ent r="2" t="213" w="65" /><ent r="2" t="216" w="43" /><ent r="2" t="217" w="43" /><ent r="2" t="223" w="349" /><ent r="2" t="223" w="468" /><ent r="3" t="284" w="33" /></phr><phr n="effectively"><ent r="3" t="238" w="308" /><ent r="3" t="274" w="13" /><ent r="4" t="286" w="190" /></phr><phr n="Effectively"><ent r="3" t="267" w="39" /></phr><phr n="Effect"><ent r="92" t="284" w="148" /></phr></stem><stem n="manifest"><phr n="manifest"><ent r="3" t="2" w="250" /></phr></stem><stem n="themselv"><phr n="themselves"><ent r="3" t="2" w="251" /><ent r="5" t="166" w="281" /><ent r="4" t="309" w="77" /></phr></stem><stem n="unnecessari"><phr n="unnecessary"><ent r="3" t="2" w="253" /><ent r="3" t="51" w="125" /><ent r="3" t="139" w="142" /><ent r="3" t="141" w="114" /><ent r="3" t="200" w="154" /><ent r="3" t="206" w="13" /><ent r="3" t="206" w="69" /><ent r="3" t="275" w="30" /><ent r="3" t="282" w="216" /><ent r="3" t="285" w="226" /></phr></stem><stem n="overhead"><phr n="overhead"><ent r="3" t="2" w="255" /><ent r="3" t="2" w="279" /><ent r="3" t="2" w="491" /><ent r="3" t="3" w="94" /><ent r="3" t="4" w="655" /><ent r="3" t="133" w="89" /><ent r="4" t="140" w="346" /><ent r="3" t="169" w="62" /><ent r="3" t="172" w="35" /><ent r="3" t="188" w="271" /><ent r="3" t="191" w="49" /><ent r="3" t="232" w="332" /><ent r="3" t="233" w="24" /><ent r="3" t="285" w="74" /><ent r="3" t="285" w="117" /></phr><phr n="Overhead"><ent r="92" t="285" w="46" /></phr></stem><stem n="bloat"><phr n="bloated"><ent r="3" t="2" w="257" /></phr><phr n="bloat"><ent r="4" t="305" w="115" /><ent r="4" t="306" w="111" /><ent r="6" t="313" w="81" /><ent r="6" t="313" w="142" /><ent r="6" t="313" w="157" /><ent r="5" t="313" w="172" /></phr></stem><stem n="runtim"><phr n="runtime"><ent r="3" t="2" w="260" /><ent r="3" t="2" w="289" /><ent r="3" t="2" w="364" /><ent r="3" t="2" w="387" /><ent r="3" t="4" w="415" /><ent r="3" t="7" w="545" /><ent r="3" t="22" w="62" /><ent r="4" t="39" w="254" /><ent r="3" t="65" w="64" /><ent r="4" t="90" w="374" /><ent r="3" t="112" w="212" /><ent r="4" t="126" w="201" /><ent r="2" t="127" w="255" /><ent r="3" t="129" w="38" /><ent r="3" t="129" w="72" /><ent r="3" t="132" w="14" /><ent r="3" t="132" w="25" /><ent r="3" t="132" w="120" /><ent r="3" t="133" w="14" /><ent r="3" t="134" w="17" /><ent r="3" t="135" w="24" /><ent r="3" t="136" w="21" /><ent r="3" t="137" w="19" /><ent r="3" t="139" w="23" /><ent r="3" t="140" w="17" /><ent r="6" t="143" w="313" /><ent r="3" t="161" w="19" /><ent r="4" t="161" w="75" /><ent r="4" t="161" w="105" /><ent r="3" t="269" w="130" /><ent r="6" t="270" w="370" /><ent r="4" t="270" w="493" /><ent r="3" t="292" w="220" /><ent r="5" t="297" w="324" /><ent r="6" t="299" w="365" /><ent r="6" t="299" w="368" /><ent r="6" t="299" w="420" /></phr><phr n="Runtime"><ent r="1000" t="132" w="1" /><ent r="102" t="132" w="9" /><ent r="3" t="132" w="43" /><ent r="64" t="144" w="78" /><ent r="64" t="144" w="94" /><ent r="64" t="144" w="108" /><ent r="64" t="144" w="124" /><ent r="64" t="144" w="138" /><ent r="64" t="144" w="151" /><ent r="64" t="144" w="166" /><ent r="3" t="276" w="178" /><ent r="65" t="280" w="41" /><ent r="6" t="299" w="321" /></phr><phr n="runtimes"><ent r="3" t="188" w="203" /></phr></stem><stem n="issu"><phr n="issues"><ent r="3" t="2" w="262" /><ent r="3" t="2" w="334" /><ent r="3" t="35" w="91" /><ent r="3" t="48" w="52" /><ent r="3" t="62" w="135" /><ent r="3" t="76" w="571" /><ent r="3" t="77" w="143" /><ent r="3" t="122" w="34" /><ent r="3" t="132" w="35" /><ent r="3" t="149" w="40" /><ent r="3" t="188" w="156" /><ent r="3" t="188" w="223" /><ent r="3" t="233" w="110" /><ent r="3" t="242" w="39" /><ent r="3" t="273" w="68" /><ent r="3" t="280" w="14" /><ent r="3" t="280" w="83" /><ent r="3" t="281" w="212" /><ent r="3" t="282" w="34" /><ent r="3" t="282" w="138" /></phr><phr n="issue"><ent r="3" t="39" w="346" /><ent r="3" t="45" w="330" /><ent r="4" t="46" w="388" /><ent r="4" t="46" w="429" /><ent r="3" t="55" w="133" /><ent r="3" t="82" w="34" /><ent r="3" t="122" w="19" /><ent r="3" t="137" w="190" /><ent r="3" t="145" w="155" /><ent r="3" t="273" w="53" /><ent r="3" t="274" w="311" /><ent r="3" t="275" w="443" /><ent r="4" t="275" w="492" /><ent r="4" t="275" w="533" /><ent r="3" t="275" w="592" /><ent r="3" t="293" w="161" /><ent r="3" t="293" w="224" /><ent r="3" t="294" w="47" /><ent r="3" t="294" w="93" /><ent r="4" t="294" w="160" /><ent r="4" t="294" w="174" /><ent r="3" t="301" w="162" /><ent r="3" t="307" w="121" /></phr><phr n="Issues"><ent r="1000" t="245" w="3" /><ent r="102" t="245" w="9" /><ent r="92" t="264" w="306" /><ent r="92" t="280" w="78" /><ent r="64" t="280" w="100" /><ent r="1000" t="282" w="4" /><ent r="100" t="282" w="7" /><ent r="102" t="282" w="14" /><ent r="92" t="282" w="260" /></phr></stem><stem n="cours"><phr n="course"><ent r="3" t="2" w="264" /><ent r="3" t="11" w="138" /><ent r="3" t="12" w="11" /><ent r="3" t="15" w="64" /><ent r="3" t="18" w="347" /><ent r="3" t="18" w="496" /><ent r="3" t="34" w="194" /><ent r="3" t="37" w="219" /><ent r="3" t="74" w="575" /><ent r="3" t="74" w="582" /><ent r="3" t="121" w="82" /><ent r="3" t="134" w="166" /><ent r="3" t="169" w="201" /><ent r="3" t="180" w="32" /><ent r="3" t="232" w="15" /><ent r="3" t="236" w="101" /><ent r="3" t="241" w="583" /><ent r="3" t="257" w="565" /><ent r="3" t="272" w="133" /><ent r="3" t="285" w="124" /></phr></stem><stem n="market"><phr n="market"><ent r="3" t="2" w="271" /><ent r="2" t="4" w="15" /></phr></stem><stem n="delai"><phr n="delays"><ent r="3" t="2" w="272" /></phr><phr n="Delayed"><ent r="4" t="98" w="40" /></phr></stem><stem n="poor"><phr n="poor"><ent r="3" t="2" w="275" /><ent r="3" t="2" w="436" /></phr></stem><stem n="still"><phr n="still"><ent r="3" t="2" w="280" /><ent r="3" t="2" w="291" /><ent r="3" t="11" w="52" /><ent r="3" t="14" w="1637" /><ent r="3" t="55" w="256" /><ent r="5" t="56" w="78" /><ent r="5" t="56" w="136" /><ent r="3" t="56" w="177" /><ent r="3" t="62" w="91" /><ent r="5" t="66" w="622" /><ent r="5" t="66" w="710" /><ent r="3" t="71" w="78" /><ent r="3" t="83" w="32" /><ent r="3" t="89" w="56" /><ent r="3" t="90" w="221" /><ent r="4" t="119" w="93" /><ent r="3" t="121" w="77" /><ent r="3" t="151" w="77" /><ent r="3" t="174" w="189" /><ent r="3" t="174" w="209" /><ent r="3" t="191" w="157" /><ent r="5" t="227" w="126" /><ent r="5" t="227" w="215" /><ent r="3" t="228" w="47" /><ent r="3" t="231" w="124" /><ent r="2" t="238" w="37" /><ent r="2" t="238" w="68" /><ent r="4" t="238" w="122" /><ent r="3" t="244" w="345" /><ent r="5" t="254" w="123" /><ent r="5" t="254" w="260" /><ent r="3" t="273" w="25" /><ent r="3" t="281" w="152" /><ent r="3" t="281" w="215" /><ent r="3" t="281" w="304" /><ent r="4" t="308" w="204" /></phr></stem><stem n="exist"><phr n="exists"><ent r="3" t="2" w="281" /><ent r="3" t="2" w="521" /><ent r="3" t="63" w="20" /><ent r="3" t="78" w="109" /><ent r="4" t="78" w="283" /><ent r="3" t="147" w="33" /></phr><phr n="Existing"><ent r="3" t="4" w="204" /><ent r="92" t="27" w="1046" /><ent r="1000" t="63" w="3" /><ent r="102" t="63" w="8" /></phr><phr n="existing"><ent r="3" t="22" w="104" /><ent r="4" t="27" w="1161" /><ent r="4" t="27" w="1232" /><ent r="3" t="28" w="1058" /><ent r="5" t="28" w="1098" /><ent r="4" t="28" w="1137" /><ent r="5" t="28" w="1166" /><ent r="4" t="28" w="1213" /><ent r="3" t="44" w="134" /><ent r="5" t="70" w="335" /><ent r="5" t="70" w="466" /><ent r="3" t="89" w="46" /><ent r="3" t="90" w="208" /><ent r="3" t="99" w="625" /><ent r="3" t="99" w="636" /><ent r="3" t="121" w="67" /><ent r="3" t="122" w="377" /><ent r="4" t="123" w="131" /><ent r="3" t="124" w="94" /><ent r="4" t="124" w="132" /><ent r="3" t="124" w="314" /><ent r="3" t="125" w="94" /><ent r="4" t="125" w="140" /><ent r="3" t="125" w="324" /><ent r="8" t="143" w="110" /><ent r="3" t="169" w="131" /><ent r="8" t="173" w="100" /><ent r="3" t="176" w="108" /><ent r="3" t="188" w="257" /><ent r="3" t="188" w="431" /><ent r="3" t="224" w="59" /><ent r="3" t="246" w="208" /><ent r="3" t="252" w="72" /><ent r="5" t="253" w="108" /><ent r="5" t="253" w="231" /><ent r="3" t="254" w="48" /><ent r="3" t="254" w="339" /><ent r="4" t="257" w="80" /><ent r="3" t="260" w="351" /><ent r="4" t="278" w="122" /><ent r="3" t="279" w="73" /><ent r="3" t="279" w="82" /><ent r="3" t="284" w="45" /><ent r="3" t="297" w="88" /><ent r="3" t="298" w="19" /><ent r="3" t="300" w="80" /></phr><phr n="exist"><ent r="3" t="28" w="1069" /><ent r="3" t="70" w="313" /><ent r="3" t="83" w="24" /><ent r="3" t="100" w="69" /><ent r="4" t="140" w="493" /><ent r="3" t="188" w="583" /></phr></stem></index>