﻿<?xml version="1.0" encoding="utf-8"?><index><stem n=".cs:"><phr n=".cs:"><ent r="4" t="8" w="159" /><ent r="4" t="10" w="99" /><ent r="4" t="10" w="235" /><ent r="4" t="10" w="376" /><ent r="4" t="10" w="544" /><ent r="4" t="10" w="674" /><ent r="4" t="12" w="94" /><ent r="4" t="12" w="163" /><ent r="4" t="12" w="314" /><ent r="4" t="13" w="79" /><ent r="4" t="13" w="157" /><ent r="4" t="13" w="249" /><ent r="4" t="13" w="348" /><ent r="4" t="13" w="458" /><ent r="4" t="14" w="206" /><ent r="4" t="14" w="306" /><ent r="4" t="14" w="457" /><ent r="4" t="14" w="585" /><ent r="4" t="14" w="693" /><ent r="4" t="14" w="770" /><ent r="4" t="14" w="859" /><ent r="4" t="14" w="937" /><ent r="4" t="14" w="1116" /><ent r="4" t="14" w="1245" /><ent r="4" t="14" w="1324" /><ent r="4" t="14" w="1456" /><ent r="4" t="14" w="1526" /><ent r="4" t="15" w="154" /><ent r="4" t="15" w="262" /><ent r="4" t="15" w="532" /><ent r="4" t="15" w="696" /><ent r="4" t="17" w="266" /><ent r="4" t="18" w="142" /><ent r="4" t="18" w="258" /><ent r="4" t="18" w="395" /><ent r="4" t="18" w="538" /><ent r="4" t="18" w="717" /><ent r="4" t="18" w="787" /><ent r="4" t="18" w="952" /><ent r="4" t="19" w="101" /><ent r="4" t="20" w="177" /><ent r="4" t="20" w="348" /><ent r="4" t="21" w="152" /><ent r="4" t="21" w="241" /><ent r="4" t="23" w="131" /><ent r="4" t="24" w="110" /><ent r="4" t="24" w="195" /><ent r="4" t="24" w="311" /><ent r="4" t="24" w="403" /><ent r="4" t="24" w="481" /><ent r="4" t="24" w="556" /><ent r="4" t="24" w="663" /><ent r="4" t="24" w="789" /><ent r="4" t="24" w="898" /><ent r="4" t="27" w="133" /><ent r="4" t="27" w="244" /><ent r="4" t="27" w="356" /><ent r="4" t="27" w="440" /><ent r="4" t="27" w="565" /><ent r="4" t="27" w="673" /><ent r="4" t="27" w="917" /><ent r="4" t="27" w="1159" /><ent r="4" t="27" w="1314" /><ent r="4" t="28" w="129" /><ent r="4" t="28" w="278" /><ent r="4" t="28" w="435" /><ent r="4" t="28" w="574" /><ent r="4" t="28" w="774" /><ent r="4" t="28" w="983" /><ent r="4" t="28" w="1135" /><ent r="4" t="29" w="219" /><ent r="4" t="29" w="353" /><ent r="4" t="29" w="474" /><ent r="4" t="29" w="622" /><ent r="4" t="29" w="780" /><ent r="4" t="30" w="116" /><ent r="4" t="30" w="233" /><ent r="4" t="30" w="350" /><ent r="4" t="30" w="451" /><ent r="4" t="31" w="144" /><ent r="4" t="31" w="235" /><ent r="4" t="31" w="388" /><ent r="4" t="31" w="496" /><ent r="4" t="31" w="582" /><ent r="4" t="31" w="654" /><ent r="4" t="31" w="737" /><ent r="4" t="31" w="805" /><ent r="4" t="31" w="1025" /><ent r="4" t="31" w="1157" /><ent r="4" t="31" w="1222" /><ent r="4" t="31" w="1321" /><ent r="4" t="31" w="1388" /><ent r="4" t="31" w="1494" /><ent r="4" t="31" w="1574" /><ent r="4" t="31" w="1664" /><ent r="4" t="34" w="146" /><ent r="4" t="34" w="232" /><ent r="4" t="34" w="366" /><ent r="4" t="34" w="598" /><ent r="4" t="35" w="182" /><ent r="4" t="35" w="354" /><ent r="4" t="36" w="103" /><ent r="4" t="36" w="204" /><ent r="4" t="38" w="144" /><ent r="4" t="38" w="289" /><ent r="4" t="40" w="345" /><ent r="4" t="42" w="134" /><ent r="4" t="42" w="435" /><ent r="4" t="42" w="594" /><ent r="4" t="42" w="847" /><ent r="4" t="45" w="177" /><ent r="4" t="45" w="417" /><ent r="4" t="45" w="547" /><ent r="4" t="46" w="155" /><ent r="4" t="46" w="382" /><ent r="4" t="49" w="91" /><ent r="4" t="49" w="201" /><ent r="4" t="49" w="353" /><ent r="4" t="49" w="553" /><ent r="4" t="49" w="832" /><ent r="4" t="49" w="1128" /><ent r="4" t="50" w="140" /><ent r="4" t="50" w="218" /><ent r="4" t="50" w="540" /><ent r="4" t="50" w="641" /><ent r="4" t="50" w="773" /><ent r="4" t="50" w="917" /><ent r="4" t="50" w="1019" /><ent r="4" t="52" w="162" /><ent r="5" t="53" w="175" /><ent r="5" t="53" w="353" /><ent r="5" t="53" w="565" /><ent r="4" t="54" w="156" /><ent r="4" t="54" w="243" /><ent r="4" t="56" w="89" /><ent r="4" t="56" w="203" /><ent r="4" t="56" w="264" /><ent r="4" t="57" w="96" /><ent r="4" t="57" w="197" /><ent r="4" t="58" w="107" /><ent r="4" t="58" w="258" /><ent r="4" t="59" w="127" /><ent r="4" t="59" w="194" /><ent r="4" t="60" w="240" /><ent r="4" t="60" w="345" /><ent r="4" t="63" w="113" /><ent r="4" t="64" w="119" /><ent r="4" t="64" w="205" /><ent r="4" t="66" w="212" /><ent r="4" t="66" w="479" /><ent r="4" t="66" w="658" /><ent r="4" t="67" w="155" /><ent r="4" t="67" w="283" /><ent r="4" t="68" w="36" /><ent r="4" t="68" w="116" /><ent r="4" t="69" w="148" /><ent r="4" t="69" w="260" /><ent r="4" t="69" w="397" /><ent r="4" t="69" w="500" /><ent r="4" t="69" w="602" /><ent r="4" t="70" w="146" /><ent r="4" t="70" w="439" /><ent r="4" t="70" w="721" /><ent r="4" t="72" w="48" /><ent r="4" t="72" w="185" /><ent r="4" t="72" w="287" /><ent r="4" t="74" w="183" /><ent r="4" t="74" w="333" /><ent r="4" t="74" w="486" /><ent r="4" t="74" w="698" /><ent r="4" t="74" w="837" /><ent r="4" t="74" w="985" /><ent r="4" t="75" w="101" /><ent r="4" t="75" w="280" /><ent r="4" t="75" w="481" /><ent r="4" t="75" w="595" /><ent r="4" t="75" w="729" /><ent r="4" t="75" w="881" /><ent r="4" t="76" w="111" /><ent r="4" t="76" w="250" /><ent r="4" t="76" w="417" /><ent r="4" t="76" w="662" /><ent r="4" t="76" w="834" /><ent r="4" t="78" w="31" /><ent r="4" t="78" w="145" /><ent r="4" t="78" w="214" /><ent r="4" t="80" w="49" /><ent r="4" t="80" w="152" /><ent r="4" t="81" w="97" /><ent r="4" t="82" w="85" /><ent r="4" t="83" w="104" /><ent r="4" t="84" w="67" /><ent r="4" t="85" w="61" /><ent r="4" t="86" w="55" /><ent r="4" t="87" w="101" /><ent r="4" t="88" w="109" /><ent r="4" t="89" w="82" /><ent r="4" t="89" w="164" /><ent r="4" t="96" w="124" /><ent r="4" t="96" w="178" /><ent r="4" t="96" w="238" /><ent r="4" t="96" w="376" /><ent r="4" t="96" w="554" /><ent r="4" t="96" w="776" /><ent r="4" t="99" w="151" /><ent r="4" t="99" w="313" /><ent r="4" t="99" w="504" /><ent r="4" t="99" w="717" /><ent r="4" t="99" w="965" /><ent r="4" t="99" w="1069" /><ent r="4" t="100" w="146" /><ent r="4" t="100" w="293" /><ent r="4" t="101" w="151" /><ent r="4" t="106" w="156" /><ent r="4" t="106" w="226" /><ent r="4" t="106" w="282" /><ent r="4" t="106" w="353" /><ent r="4" t="109" w="149" /><ent r="4" t="109" w="375" /><ent r="4" t="112" w="72" /><ent r="4" t="112" w="620" /><ent r="4" t="112" w="1259" /><ent r="4" t="112" w="1397" /><ent r="4" t="114" w="409" /><ent r="4" t="114" w="750" /><ent r="4" t="114" w="867" /><ent r="4" t="114" w="911" /><ent r="4" t="116" w="174" /><ent r="4" t="117" w="146" /><ent r="4" t="117" w="351" /><ent r="4" t="117" w="491" /><ent r="4" t="117" w="619" /><ent r="4" t="117" w="724" /><ent r="4" t="120" w="95" /><ent r="4" t="120" w="195" /><ent r="4" t="121" w="178" /><ent r="4" t="121" w="366" /><ent r="4" t="122" w="279" /><ent r="4" t="124" w="211" /><ent r="4" t="125" w="219" /><ent r="6" t="128" w="101" /><ent r="6" t="128" w="223" /><ent r="6" t="128" w="364" /><ent r="4" t="129" w="127" /><ent r="4" t="130" w="258" /><ent r="5" t="133" w="279" /><ent r="4" t="134" w="85" /><ent r="4" t="135" w="66" /><ent r="4" t="136" w="61" /><ent r="4" t="137" w="58" /><ent r="4" t="138" w="74" /><ent r="4" t="138" w="132" /><ent r="4" t="139" w="72" /><ent r="4" t="140" w="65" /><ent r="4" t="141" w="197" /><ent r="4" t="141" w="408" /><ent r="4" t="142" w="146" /><ent r="4" t="142" w="250" /><ent r="4" t="142" w="357" /><ent r="4" t="145" w="63" /><ent r="4" t="145" w="192" /><ent r="4" t="146" w="95" /><ent r="4" t="146" w="225" /><ent r="4" t="147" w="324" /><ent r="4" t="148" w="101" /><ent r="4" t="149" w="91" /><ent r="4" t="150" w="194" /><ent r="4" t="151" w="99" /><ent r="4" t="152" w="102" /><ent r="4" t="152" w="179" /><ent r="4" t="153" w="123" /><ent r="4" t="154" w="38" /><ent r="4" t="155" w="62" /><ent r="4" t="156" w="42" /><ent r="4" t="157" w="57" /><ent r="4" t="158" w="64" /><ent r="4" t="159" w="62" /><ent r="4" t="160" w="43" /><ent r="4" t="161" w="73" /><ent r="4" t="163" w="49" /><ent r="4" t="164" w="144" /><ent r="4" t="168" w="117" /><ent r="4" t="169" w="161" /><ent r="4" t="170" w="82" /><ent r="4" t="171" w="56" /><ent r="4" t="172" w="74" /><ent r="4" t="174" w="103" /><ent r="4" t="175" w="65" /><ent r="4" t="176" w="136" /><ent r="4" t="177" w="119" /><ent r="4" t="178" w="157" /><ent r="4" t="179" w="158" /><ent r="4" t="179" w="284" /><ent r="4" t="179" w="404" /><ent r="4" t="179" w="532" /><ent r="4" t="180" w="76" /><ent r="4" t="180" w="154" /><ent r="4" t="181" w="53" /><ent r="4" t="182" w="81" /><ent r="4" t="183" w="58" /><ent r="4" t="184" w="95" /><ent r="4" t="185" w="139" /><ent r="4" t="187" w="57" /><ent r="4" t="187" w="195" /><ent r="4" t="188" w="69" /><ent r="4" t="188" w="310" /><ent r="4" t="188" w="457" /><ent r="4" t="189" w="40" /><ent r="4" t="190" w="104" /><ent r="4" t="190" w="462" /><ent r="4" t="191" w="234" /><ent r="4" t="194" w="64" /><ent r="4" t="197" w="105" /><ent r="4" t="198" w="104" /><ent r="4" t="199" w="45" /><ent r="4" t="201" w="34" /><ent r="4" t="203" w="41" /><ent r="4" t="204" w="54" /><ent r="4" t="206" w="92" /><ent r="4" t="207" w="50" /><ent r="4" t="208" w="36" /><ent r="4" t="210" w="77" /><ent r="4" t="211" w="38" /><ent r="4" t="212" w="59" /><ent r="4" t="213" w="85" /><ent r="4" t="214" w="60" /><ent r="4" t="215" w="41" /><ent r="4" t="216" w="61" /><ent r="4" t="217" w="61" /><ent r="4" t="218" w="92" /><ent r="4" t="219" w="46" /><ent r="4" t="220" w="56" /><ent r="4" t="221" w="48" /><ent r="4" t="222" w="74" /><ent r="4" t="223" w="157" /><ent r="4" t="223" w="223" /><ent r="4" t="223" w="373" /><ent r="4" t="223" w="496" /><ent r="4" t="223" w="598" /><ent r="4" t="223" w="697" /><ent r="4" t="224" w="144" /><ent r="4" t="224" w="236" /><ent r="4" t="224" w="333" /><ent r="4" t="224" w="457" /><ent r="4" t="224" w="537" /><ent r="4" t="225" w="88" /><ent r="4" t="226" w="184" /><ent r="4" t="226" w="311" /><ent r="4" t="227" w="164" /><ent r="4" t="227" w="461" /><ent r="4" t="228" w="243" /><ent r="4" t="229" w="143" /><ent r="4" t="232" w="229" /><ent r="4" t="233" w="258" /><ent r="4" t="233" w="471" /><ent r="4" t="233" w="653" /><ent r="4" t="235" w="171" /><ent r="4" t="236" w="158" /><ent r="4" t="236" w="307" /><ent r="4" t="236" w="416" /><ent r="4" t="236" w="550" /><ent r="4" t="236" w="627" /><ent r="4" t="236" w="775" /><ent r="5" t="237" w="184" /><ent r="5" t="237" w="292" /><ent r="5" t="237" w="382" /><ent r="4" t="240" w="194" /><ent r="4" t="240" w="408" /><ent r="4" t="240" w="553" /><ent r="4" t="240" w="855" /><ent r="4" t="240" w="1072" /><ent r="4" t="240" w="1264" /><ent r="4" t="241" w="286" /><ent r="4" t="241" w="611" /><ent r="4" t="244" w="273" /><ent r="4" t="248" w="84" /><ent r="4" t="248" w="196" /><ent r="4" t="249" w="61" /><ent r="4" t="249" w="132" /><ent r="4" t="249" w="236" /><ent r="4" t="250" w="88" /><ent r="4" t="250" w="185" /><ent r="4" t="250" w="251" /><ent r="4" t="250" w="335" /><ent r="4" t="251" w="84" /><ent r="4" t="251" w="192" /><ent r="4" t="251" w="341" /><ent r="4" t="251" w="439" /><ent r="4" t="251" w="523" /><ent r="4" t="253" w="146" /><ent r="4" t="253" w="400" /><ent r="4" t="254" w="178" /><ent r="4" t="256" w="145" /><ent r="4" t="256" w="293" /><ent r="4" t="257" w="321" /><ent r="4" t="257" w="370" /><ent r="4" t="257" w="504" /><ent r="4" t="257" w="549" /><ent r="5" t="259" w="162" /><ent r="4" t="259" w="268" /><ent r="4" t="260" w="197" /><ent r="4" t="260" w="403" /><ent r="4" t="262" w="291" /><ent r="4" t="263" w="140" /><ent r="4" t="263" w="287" /><ent r="4" t="263" w="388" /><ent r="4" t="263" w="495" /><ent r="4" t="263" w="569" /><ent r="4" t="264" w="54" /><ent r="4" t="264" w="220" /><ent r="4" t="264" w="400" /><ent r="4" t="265" w="245" /><ent r="4" t="265" w="361" /><ent r="4" t="265" w="590" /><ent r="4" t="265" w="840" /><ent r="4" t="266" w="131" /><ent r="4" t="266" w="275" /><ent r="4" t="266" w="412" /><ent r="4" t="266" w="593" /><ent r="4" t="272" w="210" /><ent r="4" t="272" w="426" /><ent r="4" t="274" w="158" /><ent r="4" t="275" w="263" /><ent r="4" t="275" w="486" /><ent r="4" t="281" w="407" /><ent r="4" t="284" w="80" /><ent r="4" t="302" w="182" /><ent r="4" t="305" w="126" /><ent r="4" t="306" w="122" /></phr></stem><stem n="download"><phr n="Download"><ent r="66" t="8" w="163" /><ent r="66" t="8" w="272" /><ent r="92" t="9" w="25" /><ent r="3" t="9" w="109" /><ent r="66" t="10" w="108" /><ent r="66" t="10" w="148" /><ent r="66" t="10" w="239" /><ent r="66" t="10" w="285" /><ent r="66" t="10" w="380" /><ent r="66" t="10" w="454" /><ent r="66" t="10" w="548" /><ent r="66" t="10" w="616" /><ent r="66" t="10" w="678" /><ent r="66" t="10" w="736" /><ent r="66" t="12" w="99" /><ent r="66" t="12" w="123" /><ent r="66" t="12" w="166" /><ent r="66" t="12" w="193" /><ent r="66" t="12" w="319" /><ent r="66" t="12" w="376" /><ent r="66" t="13" w="82" /><ent r="66" t="13" w="109" /><ent r="66" t="13" w="161" /><ent r="66" t="13" w="204" /><ent r="66" t="13" w="254" /><ent r="66" t="13" w="294" /><ent r="66" t="13" w="354" /><ent r="66" t="13" w="402" /><ent r="66" t="13" w="463" /><ent r="66" t="13" w="520" /><ent r="66" t="14" w="211" /><ent r="66" t="14" w="250" /><ent r="66" t="14" w="309" /><ent r="66" t="14" w="347" /><ent r="66" t="14" w="462" /><ent r="66" t="14" w="520" /><ent r="66" t="14" w="589" /><ent r="66" t="14" w="648" /><ent r="66" t="14" w="696" /><ent r="66" t="14" w="734" /><ent r="66" t="14" w="773" /><ent r="66" t="14" w="818" /><ent r="66" t="14" w="865" /><ent r="66" t="14" w="905" /><ent r="66" t="14" w="942" /><ent r="66" t="14" w="982" /><ent r="66" t="14" w="1120" /><ent r="66" t="14" w="1159" /><ent r="66" t="14" w="1249" /><ent r="66" t="14" w="1288" /><ent r="66" t="14" w="1328" /><ent r="66" t="14" w="1375" /><ent r="66" t="14" w="1459" /><ent r="66" t="14" w="1496" /><ent r="66" t="14" w="1530" /><ent r="66" t="14" w="1567" /><ent r="66" t="15" w="160" /><ent r="66" t="15" w="215" /><ent r="66" t="15" w="272" /><ent r="66" t="15" w="322" /><ent r="66" t="15" w="535" /><ent r="66" t="15" w="591" /><ent r="66" t="15" w="701" /><ent r="66" t="15" w="776" /><ent r="66" t="17" w="273" /><ent r="66" t="17" w="306" /><ent r="66" t="18" w="149" /><ent r="66" t="18" w="182" /><ent r="66" t="18" w="221" /><ent r="66" t="18" w="264" /><ent r="66" t="18" w="296" /><ent r="66" t="18" w="335" /><ent r="66" t="18" w="403" /><ent r="66" t="18" w="437" /><ent r="66" t="18" w="483" /><ent r="66" t="18" w="546" /><ent r="66" t="18" w="580" /><ent r="66" t="18" w="632" /><ent r="66" t="18" w="721" /><ent r="66" t="18" w="764" /><ent r="66" t="18" w="792" /><ent r="66" t="18" w="823" /><ent r="66" t="18" w="955" /><ent r="66" t="18" w="984" /><ent r="66" t="18" w="1054" /><ent r="66" t="19" w="106" /><ent r="66" t="19" w="141" /><ent r="66" t="19" w="225" /><ent r="66" t="20" w="184" /><ent r="66" t="20" w="217" /><ent r="66" t="20" w="256" /><ent r="66" t="20" w="355" /><ent r="66" t="20" w="405" /><ent r="66" t="21" w="159" /><ent r="66" t="21" w="183" /><ent r="66" t="21" w="246" /><ent r="66" t="21" w="346" /><ent r="66" t="22" w="150" /><ent r="66" t="22" w="187" /><ent r="66" t="23" w="137" /><ent r="66" t="23" w="176" /><ent r="66" t="24" w="116" /><ent r="66" t="24" w="155" /><ent r="66" t="24" w="202" /><ent r="66" t="24" w="241" /><ent r="66" t="24" w="318" /><ent r="66" t="24" w="362" /><ent r="66" t="24" w="414" /><ent r="66" t="24" w="454" /><ent r="66" t="24" w="491" /><ent r="66" t="24" w="523" /><ent r="66" t="24" w="559" /><ent r="66" t="24" w="583" /><ent r="66" t="24" w="667" /><ent r="66" t="24" w="717" /><ent r="66" t="24" w="793" /><ent r="66" t="24" w="831" /><ent r="66" t="24" w="901" /><ent r="66" t="24" w="942" /><ent r="66" t="27" w="139" /><ent r="66" t="27" w="179" /><ent r="66" t="27" w="251" /><ent r="66" t="27" w="301" /><ent r="66" t="27" w="361" /><ent r="66" t="27" w="408" /><ent r="66" t="27" w="447" /><ent r="66" t="27" w="497" /><ent r="66" t="27" w="570" /><ent r="66" t="27" w="628" /><ent r="66" t="27" w="676" /><ent r="66" t="27" w="723" /><ent r="66" t="27" w="920" /><ent r="66" t="27" w="1037" /><ent r="66" t="27" w="1164" /><ent r="66" t="27" w="1235" /><ent r="66" t="27" w="1319" /><ent r="66" t="27" w="1371" /><ent r="66" t="28" w="133" /><ent r="66" t="28" w="180" /><ent r="66" t="28" w="283" /><ent r="66" t="28" w="335" /><ent r="66" t="28" w="441" /><ent r="66" t="28" w="490" /><ent r="66" t="28" w="581" /><ent r="66" t="28" w="642" /><ent r="66" t="28" w="780" /><ent r="66" t="28" w="861" /><ent r="66" t="28" w="987" /><ent r="66" t="28" w="1043" /><ent r="66" t="28" w="1142" /><ent r="66" t="28" w="1218" /><ent r="66" t="29" w="228" /><ent r="66" t="29" w="304" /><ent r="66" t="29" w="356" /><ent r="66" t="29" w="399" /><ent r="66" t="29" w="478" /><ent r="66" t="29" w="526" /><ent r="66" t="29" w="625" /><ent r="66" t="29" w="732" /><ent r="66" t="29" w="786" /><ent r="66" t="29" w="840" /><ent r="66" t="30" w="121" /><ent r="66" t="30" w="166" /><ent r="66" t="30" w="238" /><ent r="66" t="30" w="289" /><ent r="66" t="30" w="355" /><ent r="66" t="30" w="400" /><ent r="66" t="30" w="456" /><ent r="66" t="30" w="563" /><ent r="66" t="31" w="149" /><ent r="66" t="31" w="182" /><ent r="66" t="31" w="241" /><ent r="66" t="31" w="278" /><ent r="66" t="31" w="393" /><ent r="66" t="31" w="449" /><ent r="66" t="31" w="500" /><ent r="66" t="31" w="541" /><ent r="66" t="31" w="585" /><ent r="66" t="31" w="617" /><ent r="66" t="31" w="657" /><ent r="66" t="31" w="700" /><ent r="66" t="31" w="743" /><ent r="66" t="31" w="777" /><ent r="66" t="31" w="810" /><ent r="66" t="31" w="844" /><ent r="66" t="31" w="1032" /><ent r="66" t="31" w="1094" /><ent r="66" t="31" w="1161" /><ent r="66" t="31" w="1194" /><ent r="66" t="31" w="1226" /><ent r="66" t="31" w="1261" /><ent r="66" t="31" w="1325" /><ent r="66" t="31" w="1357" /><ent r="66" t="31" w="1392" /><ent r="66" t="31" w="1429" /><ent r="66" t="31" w="1500" /><ent r="66" t="31" w="1533" /><ent r="66" t="31" w="1576" /><ent r="66" t="31" w="1609" /><ent r="66" t="31" w="1667" /><ent r="66" t="31" w="1763" /><ent r="66" t="34" w="149" /><ent r="66" t="34" w="181" /><ent r="66" t="34" w="235" /><ent r="66" t="34" w="267" /><ent r="66" t="34" w="371" /><ent r="66" t="34" w="434" /><ent r="66" t="34" w="602" /><ent r="66" t="34" w="676" /><ent r="66" t="35" w="193" /><ent r="66" t="35" w="279" /><ent r="66" t="35" w="359" /><ent r="66" t="35" w="428" /><ent r="66" t="36" w="113" /><ent r="66" t="36" w="151" /><ent r="66" t="36" w="212" /><ent r="66" t="36" w="232" /><ent r="66" t="38" w="149" /><ent r="66" t="38" w="202" /><ent r="66" t="38" w="299" /><ent r="66" t="38" w="347" /><ent r="66" t="40" w="356" /><ent r="66" t="40" w="388" /><ent r="66" t="42" w="142" /><ent r="66" t="42" w="310" /><ent r="66" t="42" w="441" /><ent r="66" t="42" w="535" /><ent r="66" t="42" w="599" /><ent r="66" t="42" w="646" /><ent r="66" t="42" w="851" /><ent r="66" t="42" w="900" /><ent r="66" t="45" w="187" /><ent r="66" t="45" w="315" /><ent r="66" t="45" w="424" /><ent r="66" t="45" w="481" /><ent r="66" t="45" w="553" /><ent r="66" t="45" w="596" /><ent r="66" t="46" w="162" /><ent r="66" t="46" w="316" /><ent r="66" t="46" w="390" /><ent r="66" t="46" w="431" /><ent r="66" t="49" w="95" /><ent r="66" t="49" w="136" /><ent r="66" t="49" w="205" /><ent r="66" t="49" w="250" /><ent r="66" t="49" w="362" /><ent r="66" t="49" w="400" /><ent r="66" t="49" w="559" /><ent r="66" t="49" w="701" /><ent r="66" t="49" w="841" /><ent r="66" t="49" w="947" /><ent r="66" t="49" w="1133" /><ent r="66" t="49" w="1285" /><ent r="66" t="50" w="146" /><ent r="66" t="50" w="189" /><ent r="66" t="50" w="226" /><ent r="66" t="50" w="251" /><ent r="67" t="50" w="422" /><ent r="67" t="50" w="460" /><ent r="66" t="50" w="544" /><ent r="66" t="50" w="601" /><ent r="66" t="50" w="645" /><ent r="66" t="50" w="686" /><ent r="66" t="50" w="777" /><ent r="66" t="50" w="861" /><ent r="66" t="50" w="921" /><ent r="66" t="50" w="966" /><ent r="66" t="50" w="1029" /><ent r="66" t="50" w="1090" /><ent r="66" t="52" w="168" /><ent r="66" t="52" w="273" /><ent r="67" t="53" w="183" /><ent r="67" t="53" w="280" /><ent r="67" t="53" w="357" /><ent r="67" t="53" w="450" /><ent r="67" t="53" w="573" /><ent r="67" t="53" w="674" /><ent r="66" t="54" w="160" /><ent r="66" t="54" w="193" /><ent r="66" t="54" w="248" /><ent r="66" t="54" w="298" /><ent r="66" t="56" w="97" /><ent r="66" t="56" w="157" /><ent r="66" t="56" w="207" /><ent r="66" t="56" w="232" /><ent r="66" t="56" w="270" /><ent r="66" t="56" w="313" /><ent r="66" t="57" w="102" /><ent r="66" t="57" w="153" /><ent r="66" t="57" w="200" /><ent r="66" t="57" w="239" /><ent r="66" t="58" w="118" /><ent r="66" t="58" w="188" /><ent r="66" t="58" w="262" /><ent r="66" t="58" w="328" /><ent r="66" t="59" w="131" /><ent r="66" t="59" w="155" /><ent r="66" t="59" w="199" /><ent r="66" t="59" w="237" /><ent r="66" t="60" w="243" /><ent r="66" t="60" w="328" /><ent r="66" t="60" w="352" /><ent r="66" t="60" w="376" /><ent r="66" t="63" w="118" /><ent r="66" t="63" w="212" /><ent r="66" t="64" w="122" /><ent r="66" t="64" w="164" /><ent r="66" t="64" w="209" /><ent r="66" t="64" w="272" /><ent r="66" t="66" w="216" /><ent r="66" t="66" w="290" /><ent r="66" t="66" w="486" /><ent r="66" t="66" w="558" /><ent r="66" t="66" w="665" /><ent r="66" t="66" w="753" /><ent r="66" t="67" w="166" /><ent r="66" t="67" w="215" /><ent r="66" t="67" w="290" /><ent r="66" t="67" w="342" /><ent r="66" t="68" w="44" /><ent r="66" t="68" w="68" /><ent r="66" t="68" w="122" /><ent r="66" t="68" w="149" /><ent r="66" t="69" w="154" /><ent r="66" t="69" w="181" /><ent r="66" t="69" w="268" /><ent r="66" t="69" w="329" /><ent r="66" t="69" w="402" /><ent r="66" t="69" w="430" /><ent r="66" t="69" w="505" /><ent r="66" t="69" w="531" /><ent r="66" t="69" w="610" /><ent r="66" t="69" w="661" /><ent r="66" t="70" w="150" /><ent r="66" t="70" w="222" /><ent r="66" t="70" w="443" /><ent r="66" t="70" w="600" /><ent r="66" t="70" w="726" /><ent r="66" t="70" w="825" /><ent r="66" t="72" w="52" /><ent r="66" t="72" w="86" /><ent r="66" t="72" w="190" /><ent r="66" t="72" w="225" /><ent r="66" t="72" w="291" /><ent r="66" t="72" w="316" /><ent r="66" t="74" w="188" /><ent r="66" t="74" w="241" /><ent r="66" t="74" w="340" /><ent r="66" t="74" w="442" /><ent r="66" t="74" w="494" /><ent r="66" t="74" w="564" /><ent r="66" t="74" w="702" /><ent r="66" t="74" w="773" /><ent r="66" t="74" w="843" /><ent r="66" t="74" w="923" /><ent r="66" t="74" w="991" /><ent r="66" t="74" w="1084" /><ent r="66" t="75" w="110" /><ent r="66" t="75" w="186" /><ent r="66" t="75" w="289" /><ent r="66" t="75" w="390" /><ent r="66" t="75" w="486" /><ent r="66" t="75" w="554" /><ent r="66" t="75" w="600" /><ent r="66" t="75" w="668" /><ent r="66" t="75" w="737" /><ent r="66" t="75" w="819" /><ent r="66" t="75" w="889" /><ent r="66" t="75" w="984" /><ent r="66" t="76" w="116" /><ent r="66" t="76" w="169" /><ent r="66" t="76" w="258" /><ent r="66" t="76" w="360" /><ent r="66" t="76" w="426" /><ent r="66" t="76" w="503" /><ent r="66" t="76" w="673" /><ent r="66" t="76" w="759" /><ent r="66" t="76" w="839" /><ent r="66" t="76" w="908" /><ent r="66" t="78" w="37" /><ent r="66" t="78" w="58" /><ent r="66" t="78" w="150" /><ent r="66" t="78" w="175" /><ent r="66" t="78" w="218" /><ent r="66" t="78" w="247" /><ent r="66" t="80" w="53" /><ent r="66" t="80" w="82" /><ent r="66" t="80" w="159" /><ent r="66" t="80" w="196" /><ent r="66" t="81" w="102" /><ent r="66" t="81" w="161" /><ent r="66" t="82" w="90" /><ent r="66" t="82" w="123" /><ent r="66" t="83" w="108" /><ent r="66" t="83" w="143" /><ent r="66" t="84" w="75" /><ent r="66" t="84" w="113" /><ent r="66" t="85" w="65" /><ent r="66" t="85" w="101" /><ent r="66" t="86" w="60" /><ent r="66" t="86" w="97" /><ent r="66" t="87" w="109" /><ent r="66" t="87" w="148" /><ent r="66" t="88" w="115" /><ent r="66" t="88" w="164" /><ent r="66" t="89" w="86" /><ent r="66" t="89" w="138" /><ent r="66" t="89" w="169" /><ent r="66" t="89" w="203" /><ent r="66" t="96" w="129" /><ent r="66" t="96" w="153" /><ent r="66" t="96" w="183" /><ent r="66" t="96" w="205" /><ent r="66" t="96" w="243" /><ent r="66" t="96" w="289" /><ent r="66" t="96" w="380" /><ent r="66" t="96" w="412" /><ent r="66" t="96" w="506" /><ent r="66" t="96" w="561" /><ent r="66" t="96" w="601" /><ent r="66" t="96" w="779" /><ent r="66" t="96" w="810" /><ent r="66" t="96" w="940" /><ent r="66" t="99" w="154" /><ent r="66" t="99" w="218" /><ent r="66" t="99" w="317" /><ent r="66" t="99" w="422" /><ent r="66" t="99" w="512" /><ent r="66" t="99" w="611" /><ent r="66" t="99" w="724" /><ent r="66" t="99" w="854" /><ent r="66" t="99" w="972" /><ent r="66" t="99" w="1029" /><ent r="66" t="99" w="1074" /><ent r="66" t="99" w="1103" /><ent r="66" t="100" w="149" /><ent r="66" t="100" w="275" /><ent r="66" t="100" w="296" /><ent r="66" t="100" w="327" /><ent r="66" t="101" w="160" /><ent r="66" t="101" w="197" /><ent r="66" t="101" w="272" /><ent r="66" t="106" w="161" /><ent r="66" t="106" w="189" /><ent r="66" t="106" w="234" /><ent r="66" t="106" w="254" /><ent r="66" t="106" w="290" /><ent r="66" t="106" w="310" /><ent r="66" t="106" w="360" /><ent r="66" t="106" w="390" /><ent r="66" t="109" w="155" /><ent r="66" t="109" w="208" /><ent r="66" t="109" w="387" /><ent r="66" t="109" w="482" /><ent r="66" t="112" w="78" /><ent r="66" t="112" w="110" /><ent r="66" t="112" w="624" /><ent r="66" t="112" w="1150" /><ent r="66" t="112" w="1263" /><ent r="66" t="112" w="1335" /><ent r="66" t="112" w="1406" /><ent r="66" t="112" w="1441" /><ent r="66" t="114" w="413" /><ent r="66" t="114" w="668" /><ent r="66" t="114" w="758" /><ent r="66" t="114" w="811" /><ent r="66" t="114" w="873" /><ent r="66" t="114" w="897" /><ent r="66" t="114" w="917" /><ent r="66" t="114" w="944" /><ent r="66" t="116" w="178" /><ent r="66" t="116" w="215" /><ent r="66" t="117" w="150" /><ent r="66" t="117" w="238" /><ent r="66" t="117" w="355" /><ent r="66" t="117" w="435" /><ent r="66" t="117" w="495" /><ent r="66" t="117" w="569" /><ent r="66" t="117" w="623" /><ent r="66" t="117" w="660" /><ent r="66" t="117" w="728" /><ent r="66" t="117" w="765" /><ent r="66" t="120" w="99" /><ent r="66" t="120" w="132" /><ent r="66" t="120" w="198" /><ent r="66" t="120" w="229" /><ent r="66" t="121" w="183" /><ent r="66" t="121" w="219" /><ent r="66" t="121" w="379" /><ent r="66" t="121" w="575" /><ent r="66" t="122" w="290" /><ent r="66" t="122" w="364" /><ent r="66" t="124" w="223" /><ent r="66" t="124" w="301" /><ent r="66" t="125" w="231" /><ent r="66" t="125" w="311" /><ent r="68" t="128" w="108" /><ent r="68" t="128" w="166" /><ent r="68" t="128" w="229" /><ent r="68" t="128" w="295" /><ent r="68" t="128" w="370" /><ent r="68" t="128" w="434" /><ent r="66" t="129" w="131" /><ent r="66" t="129" w="160" /><ent r="66" t="130" w="261" /><ent r="66" t="130" w="619" /><ent r="67" t="133" w="284" /><ent r="67" t="133" w="300" /><ent r="66" t="134" w="89" /><ent r="66" t="134" w="116" /><ent r="66" t="135" w="72" /><ent r="66" t="135" w="94" /><ent r="66" t="136" w="65" /><ent r="66" t="136" w="85" /><ent r="66" t="137" w="64" /><ent r="66" t="137" w="86" /><ent r="66" t="138" w="80" /><ent r="66" t="138" w="102" /><ent r="66" t="138" w="139" /><ent r="66" t="138" w="161" /><ent r="66" t="139" w="77" /><ent r="66" t="139" w="98" /><ent r="66" t="140" w="70" /><ent r="66" t="140" w="101" /><ent r="66" t="141" w="202" /><ent r="66" t="141" w="347" /><ent r="66" t="141" w="413" /><ent r="66" t="141" w="452" /><ent r="66" t="142" w="151" /><ent r="66" t="142" w="193" /><ent r="66" t="142" w="255" /><ent r="66" t="142" w="298" /><ent r="66" t="142" w="363" /><ent r="66" t="142" w="412" /><ent r="66" t="145" w="67" /><ent r="66" t="145" w="93" /><ent r="66" t="145" w="197" /><ent r="66" t="145" w="229" /><ent r="66" t="146" w="100" /><ent r="66" t="146" w="127" /><ent r="66" t="146" w="230" /><ent r="66" t="146" w="262" /><ent r="66" t="147" w="327" /><ent r="66" t="147" w="405" /><ent r="66" t="148" w="106" /><ent r="66" t="148" w="158" /><ent r="66" t="149" w="95" /><ent r="66" t="149" w="122" /><ent r="66" t="150" w="200" /><ent r="66" t="150" w="228" /><ent r="66" t="151" w="102" /><ent r="66" t="151" w="128" /><ent r="66" t="152" w="105" /><ent r="66" t="152" w="131" /><ent r="66" t="152" w="182" /><ent r="66" t="152" w="214" /><ent r="66" t="153" w="127" /><ent r="66" t="153" w="154" /><ent r="66" t="154" w="43" /><ent r="66" t="154" w="74" /><ent r="66" t="155" w="69" /><ent r="66" t="155" w="99" /><ent r="66" t="156" w="45" /><ent r="66" t="156" w="71" /><ent r="66" t="157" w="63" /><ent r="66" t="157" w="95" /><ent r="66" t="158" w="69" /><ent r="66" t="158" w="96" /><ent r="66" t="159" w="67" /><ent r="66" t="159" w="94" /><ent r="66" t="160" w="48" /><ent r="66" t="160" w="81" /><ent r="66" t="161" w="80" /><ent r="66" t="161" w="110" /><ent r="66" t="163" w="54" /><ent r="66" t="163" w="82" /><ent r="66" t="164" w="149" /><ent r="66" t="164" w="178" /><ent r="66" t="168" w="121" /><ent r="66" t="168" w="150" /><ent r="66" t="169" w="166" /><ent r="66" t="169" w="194" /><ent r="66" t="170" w="88" /><ent r="66" t="170" w="117" /><ent r="66" t="171" w="62" /><ent r="66" t="171" w="91" /><ent r="66" t="172" w="78" /><ent r="66" t="172" w="105" /><ent r="66" t="174" w="111" /><ent r="66" t="174" w="142" /><ent r="66" t="175" w="70" /><ent r="66" t="175" w="98" /><ent r="66" t="176" w="143" /><ent r="66" t="176" w="172" /><ent r="66" t="177" w="124" /><ent r="66" t="177" w="151" /><ent r="66" t="178" w="161" /><ent r="66" t="178" w="186" /><ent r="66" t="179" w="161" /><ent r="66" t="179" w="194" /><ent r="66" t="179" w="290" /><ent r="66" t="179" w="318" /><ent r="66" t="179" w="408" /><ent r="66" t="179" w="434" /><ent r="66" t="179" w="537" /><ent r="66" t="179" w="568" /><ent r="66" t="180" w="81" /><ent r="66" t="180" w="109" /><ent r="66" t="180" w="161" /><ent r="66" t="180" w="202" /><ent r="66" t="181" w="58" /><ent r="66" t="181" w="86" /><ent r="66" t="182" w="87" /><ent r="66" t="182" w="116" /><ent r="66" t="183" w="63" /><ent r="66" t="183" w="93" /><ent r="66" t="184" w="104" /><ent r="66" t="184" w="136" /><ent r="66" t="185" w="143" /><ent r="66" t="185" w="170" /><ent r="66" t="187" w="63" /><ent r="66" t="187" w="118" /><ent r="66" t="187" w="200" /><ent r="66" t="187" w="269" /><ent r="66" t="188" w="73" /><ent r="66" t="188" w="109" /><ent r="66" t="188" w="315" /><ent r="66" t="188" w="367" /><ent r="66" t="188" w="465" /><ent r="66" t="188" w="509" /><ent r="66" t="189" w="46" /><ent r="66" t="189" w="73" /><ent r="66" t="190" w="109" /><ent r="66" t="190" w="178" /><ent r="66" t="190" w="467" /><ent r="66" t="190" w="608" /><ent r="66" t="191" w="240" /><ent r="66" t="191" w="319" /><ent r="3" t="193" w="603" /><ent r="66" t="194" w="71" /><ent r="66" t="194" w="118" /><ent r="66" t="197" w="110" /><ent r="66" t="197" w="136" /><ent r="66" t="198" w="110" /><ent r="66" t="198" w="137" /><ent r="66" t="199" w="50" /><ent r="66" t="199" w="76" /><ent r="66" t="201" w="38" /><ent r="66" t="201" w="65" /><ent r="66" t="203" w="47" /><ent r="66" t="203" w="76" /><ent r="66" t="204" w="64" /><ent r="66" t="204" w="99" /><ent r="66" t="206" w="99" /><ent r="66" t="206" w="128" /><ent r="66" t="207" w="54" /><ent r="66" t="207" w="81" /><ent r="66" t="208" w="41" /><ent r="66" t="208" w="71" /><ent r="66" t="210" w="80" /><ent r="66" t="210" w="112" /><ent r="66" t="211" w="45" /><ent r="66" t="211" w="81" /><ent r="66" t="212" w="66" /><ent r="66" t="212" w="102" /><ent r="66" t="213" w="92" /><ent r="66" t="213" w="128" /><ent r="66" t="214" w="64" /><ent r="66" t="214" w="97" /><ent r="66" t="215" w="47" /><ent r="66" t="215" w="82" /><ent r="66" t="216" w="66" /><ent r="66" t="216" w="98" /><ent r="66" t="217" w="66" /><ent r="66" t="217" w="98" /><ent r="66" t="218" w="98" /><ent r="66" t="218" w="130" /><ent r="66" t="219" w="50" /><ent r="66" t="219" w="85" /><ent r="66" t="220" w="63" /><ent r="66" t="220" w="100" /><ent r="66" t="221" w="53" /><ent r="66" t="221" w="87" /><ent r="66" t="222" w="79" /><ent r="66" t="222" w="111" /><ent r="66" t="223" w="161" /><ent r="66" t="223" w="185" /><ent r="66" t="223" w="228" /><ent r="66" t="223" w="266" /><ent r="66" t="223" w="384" /><ent r="66" t="223" w="428" /><ent r="66" t="223" w="507" /><ent r="66" t="223" w="551" /><ent r="66" t="223" w="609" /><ent r="66" t="223" w="653" /><ent r="66" t="223" w="701" /><ent r="66" t="223" w="738" /><ent r="66" t="224" w="153" /><ent r="66" t="224" w="183" /><ent r="66" t="224" w="246" /><ent r="66" t="224" w="277" /><ent r="66" t="224" w="340" /><ent r="66" t="224" w="368" /><ent r="66" t="224" w="464" /><ent r="66" t="224" w="492" /><ent r="66" t="224" w="543" /><ent r="66" t="224" w="574" /><ent r="66" t="225" w="93" /><ent r="66" t="225" w="121" /><ent r="66" t="226" w="189" /><ent r="66" t="226" w="236" /><ent r="66" t="226" w="316" /><ent r="66" t="226" w="356" /><ent r="66" t="227" w="170" /><ent r="66" t="227" w="259" /><ent r="66" t="227" w="469" /><ent r="66" t="227" w="527" /><ent r="66" t="228" w="247" /><ent r="66" t="228" w="268" /><ent r="66" t="229" w="146" /><ent r="66" t="229" w="220" /><ent r="66" t="232" w="236" /><ent r="66" t="232" w="276" /><ent r="4" t="233" w="211" /><ent r="66" t="233" w="264" /><ent r="66" t="233" w="294" /><ent r="66" t="233" w="476" /><ent r="66" t="233" w="569" /><ent r="66" t="233" w="657" /><ent r="66" t="233" w="702" /><ent r="66" t="235" w="175" /><ent r="66" t="235" w="270" /><ent r="66" t="236" w="162" /><ent r="66" t="236" w="239" /><ent r="66" t="236" w="315" /><ent r="66" t="236" w="361" /><ent r="66" t="236" w="423" /><ent r="66" t="236" w="514" /><ent r="66" t="236" w="558" /><ent r="66" t="236" w="591" /><ent r="66" t="236" w="634" /><ent r="66" t="236" w="706" /><ent r="66" t="236" w="783" /><ent r="66" t="236" w="841" /><ent r="67" t="237" w="191" /><ent r="67" t="237" w="253" /><ent r="67" t="237" w="299" /><ent r="67" t="237" w="334" /><ent r="67" t="237" w="388" /><ent r="67" t="237" w="472" /><ent r="66" t="240" w="206" /><ent r="66" t="240" w="280" /><ent r="66" t="240" w="420" /><ent r="66" t="240" w="494" /><ent r="66" t="240" w="561" /><ent r="66" t="240" w="615" /><ent r="66" t="240" w="861" /><ent r="66" t="240" w="929" /><ent r="66" t="240" w="1077" /><ent r="66" t="240" w="1189" /><ent r="66" t="240" w="1269" /><ent r="66" t="240" w="1403" /><ent r="66" t="241" w="290" /><ent r="66" t="241" w="574" /><ent r="66" t="241" w="616" /><ent r="66" t="241" w="658" /><ent r="66" t="244" w="213" /><ent r="66" t="244" w="276" /><ent r="66" t="244" w="307" /><ent r="66" t="248" w="90" /><ent r="66" t="248" w="117" /><ent r="66" t="248" w="204" /><ent r="66" t="248" w="265" /><ent r="66" t="249" w="68" /><ent r="66" t="249" w="89" /><ent r="66" t="249" w="137" /><ent r="66" t="249" w="163" /><ent r="66" t="249" w="244" /><ent r="66" t="249" w="295" /><ent r="66" t="250" w="92" /><ent r="66" t="250" w="142" /><ent r="66" t="250" w="190" /><ent r="66" t="250" w="219" /><ent r="66" t="250" w="255" /><ent r="66" t="250" w="290" /><ent r="66" t="250" w="341" /><ent r="66" t="250" w="380" /><ent r="66" t="251" w="87" /><ent r="66" t="251" w="151" /><ent r="66" t="251" w="197" /><ent r="66" t="251" w="226" /><ent r="66" t="251" w="348" /><ent r="66" t="251" w="405" /><ent r="66" t="251" w="443" /><ent r="66" t="251" w="479" /><ent r="66" t="251" w="530" /><ent r="66" t="251" w="574" /><ent r="66" t="253" w="157" /><ent r="66" t="253" w="301" /><ent r="66" t="253" w="409" /><ent r="66" t="253" w="518" /><ent r="66" t="254" w="180" /><ent r="66" t="254" w="321" /><ent r="66" t="256" w="149" /><ent r="66" t="256" w="223" /><ent r="66" t="256" w="296" /><ent r="66" t="256" w="370" /><ent r="66" t="257" w="137" /><ent r="66" t="257" w="236" /><ent r="66" t="257" w="328" /><ent r="66" t="257" w="379" /><ent r="66" t="257" w="510" /><ent r="66" t="257" w="555" /><ent r="67" t="259" w="168" /><ent r="67" t="259" w="195" /><ent r="66" t="259" w="278" /><ent r="66" t="259" w="407" /><ent r="4" t="260" w="33" /><ent r="66" t="260" w="204" /><ent r="66" t="260" w="310" /><ent r="66" t="260" w="407" /><ent r="66" t="262" w="297" /><ent r="4" t="263" w="61" /><ent r="66" t="263" w="143" /><ent r="66" t="263" w="218" /><ent r="66" t="263" w="290" /><ent r="66" t="263" w="366" /><ent r="66" t="263" w="397" /><ent r="66" t="263" w="443" /><ent r="66" t="263" w="500" /><ent r="66" t="263" w="529" /><ent r="66" t="263" w="576" /><ent r="66" t="263" w="639" /><ent r="66" t="264" w="57" /><ent r="66" t="264" w="88" /><ent r="66" t="264" w="226" /><ent r="66" t="264" w="300" /><ent r="66" t="264" w="404" /><ent r="66" t="264" w="441" /><ent r="66" t="265" w="251" /><ent r="66" t="265" w="368" /><ent r="66" t="265" w="594" /><ent r="66" t="265" w="726" /><ent r="66" t="265" w="847" /><ent r="66" t="266" w="135" /><ent r="66" t="266" w="178" /><ent r="66" t="266" w="284" /><ent r="66" t="266" w="327" /><ent r="66" t="266" w="416" /><ent r="66" t="266" w="479" /><ent r="66" t="266" w="600" /><ent r="66" t="266" w="647" /><ent r="3" t="270" w="547" /><ent r="66" t="272" w="214" /><ent r="66" t="272" w="299" /><ent r="66" t="272" w="431" /><ent r="66" t="272" w="530" /><ent r="66" t="274" w="164" /><ent r="66" t="274" w="258" /><ent r="66" t="275" w="270" /><ent r="66" t="275" w="424" /><ent r="66" t="275" w="494" /><ent r="66" t="275" w="535" /><ent r="66" t="281" w="414" /><ent r="66" t="281" w="538" /><ent r="66" t="284" w="87" /><ent r="66" t="284" w="116" /><ent r="66" t="297" w="503" /><ent r="66" t="297" w="596" /><ent r="66" t="297" w="730" /><ent r="4" t="297" w="745" /><ent r="66" t="298" w="382" /><ent r="66" t="298" w="503" /><ent r="66" t="302" w="186" /><ent r="66" t="302" w="290" /></phr><phr n="download"><ent r="3" t="9" w="29" /><ent r="64" t="9" w="35" /><ent r="3" t="9" w="77" /><ent r="3" t="193" w="582" /><ent r="3" t="257" w="210" /><ent r="3" t="306" w="25" /><ent r="3" t="306" w="542" /><ent r="3" t="309" w="287" /><ent r="3" t="311" w="19" /></phr><phr n="downloaded"><ent r="3" t="9" w="265" /><ent r="4" t="287" w="81" /><ent r="64" t="295" w="43" /><ent r="3" t="298" w="579" /></phr></stem></index>