﻿<?xml version="1.0" encoding="utf-8"?><index><stem n=".vb:"><phr n=".vb:"><ent r="4" t="8" w="268" /><ent r="4" t="10" w="139" /><ent r="4" t="10" w="281" /><ent r="4" t="10" w="450" /><ent r="4" t="10" w="612" /><ent r="4" t="10" w="732" /><ent r="4" t="12" w="118" /><ent r="4" t="12" w="190" /><ent r="4" t="12" w="371" /><ent r="4" t="13" w="106" /><ent r="4" t="13" w="200" /><ent r="4" t="13" w="289" /><ent r="4" t="13" w="396" /><ent r="4" t="13" w="515" /><ent r="4" t="14" w="245" /><ent r="4" t="14" w="344" /><ent r="4" t="14" w="515" /><ent r="4" t="14" w="644" /><ent r="4" t="14" w="731" /><ent r="4" t="14" w="815" /><ent r="4" t="14" w="899" /><ent r="4" t="14" w="977" /><ent r="4" t="14" w="1155" /><ent r="4" t="14" w="1284" /><ent r="4" t="14" w="1371" /><ent r="4" t="14" w="1493" /><ent r="4" t="14" w="1563" /><ent r="4" t="15" w="209" /><ent r="4" t="15" w="312" /><ent r="4" t="15" w="588" /><ent r="4" t="15" w="771" /><ent r="4" t="17" w="299" /><ent r="4" t="18" w="175" /><ent r="4" t="18" w="217" /><ent r="4" t="18" w="290" /><ent r="4" t="18" w="331" /><ent r="4" t="18" w="429" /><ent r="4" t="18" w="479" /><ent r="4" t="18" w="572" /><ent r="4" t="18" w="629" /><ent r="4" t="18" w="760" /><ent r="4" t="18" w="818" /><ent r="4" t="18" w="981" /><ent r="4" t="18" w="1049" /><ent r="4" t="19" w="136" /><ent r="4" t="19" w="220" /><ent r="4" t="20" w="210" /><ent r="4" t="20" w="252" /><ent r="4" t="20" w="398" /><ent r="4" t="21" w="176" /><ent r="4" t="21" w="341" /><ent r="4" t="23" w="170" /><ent r="4" t="24" w="149" /><ent r="4" t="24" w="234" /><ent r="4" t="24" w="355" /><ent r="4" t="24" w="443" /><ent r="4" t="24" w="513" /><ent r="4" t="24" w="580" /><ent r="4" t="24" w="713" /><ent r="4" t="24" w="827" /><ent r="4" t="24" w="939" /><ent r="4" t="27" w="173" /><ent r="4" t="27" w="294" /><ent r="4" t="27" w="403" /><ent r="4" t="27" w="490" /><ent r="4" t="27" w="623" /><ent r="4" t="27" w="720" /><ent r="4" t="27" w="1034" /><ent r="4" t="27" w="1230" /><ent r="4" t="27" w="1366" /><ent r="4" t="28" w="176" /><ent r="4" t="28" w="330" /><ent r="4" t="28" w="484" /><ent r="4" t="28" w="635" /><ent r="4" t="28" w="855" /><ent r="4" t="28" w="1039" /><ent r="4" t="28" w="1211" /><ent r="4" t="29" w="295" /><ent r="4" t="29" w="396" /><ent r="4" t="29" w="522" /><ent r="4" t="29" w="729" /><ent r="4" t="29" w="834" /><ent r="4" t="30" w="161" /><ent r="4" t="30" w="284" /><ent r="4" t="30" w="395" /><ent r="4" t="30" w="558" /><ent r="4" t="31" w="177" /><ent r="4" t="31" w="272" /><ent r="4" t="31" w="444" /><ent r="4" t="31" w="537" /><ent r="4" t="31" w="614" /><ent r="4" t="31" w="697" /><ent r="4" t="31" w="771" /><ent r="4" t="31" w="839" /><ent r="4" t="31" w="1087" /><ent r="4" t="31" w="1190" /><ent r="4" t="31" w="1257" /><ent r="4" t="31" w="1353" /><ent r="4" t="31" w="1425" /><ent r="4" t="31" w="1527" /><ent r="4" t="31" w="1607" /><ent r="4" t="31" w="1760" /><ent r="4" t="34" w="178" /><ent r="4" t="34" w="264" /><ent r="4" t="34" w="429" /><ent r="4" t="34" w="672" /><ent r="4" t="35" w="268" /><ent r="4" t="35" w="423" /><ent r="4" t="36" w="141" /><ent r="4" t="36" w="224" /><ent r="4" t="38" w="197" /><ent r="4" t="38" w="337" /><ent r="4" t="40" w="377" /><ent r="4" t="42" w="302" /><ent r="4" t="42" w="529" /><ent r="4" t="42" w="641" /><ent r="4" t="42" w="896" /><ent r="4" t="45" w="305" /><ent r="4" t="45" w="474" /><ent r="4" t="45" w="590" /><ent r="4" t="46" w="309" /><ent r="4" t="46" w="423" /><ent r="4" t="49" w="132" /><ent r="4" t="49" w="246" /><ent r="4" t="49" w="391" /><ent r="4" t="49" w="695" /><ent r="4" t="49" w="938" /><ent r="4" t="49" w="1280" /><ent r="4" t="50" w="183" /><ent r="4" t="50" w="243" /><ent r="4" t="50" w="597" /><ent r="4" t="50" w="682" /><ent r="4" t="50" w="857" /><ent r="4" t="50" w="962" /><ent r="4" t="50" w="1080" /><ent r="4" t="52" w="267" /><ent r="5" t="53" w="272" /><ent r="5" t="53" w="446" /><ent r="5" t="53" w="666" /><ent r="4" t="54" w="189" /><ent r="4" t="54" w="293" /><ent r="4" t="56" w="149" /><ent r="4" t="56" w="228" /><ent r="4" t="56" w="307" /><ent r="4" t="57" w="147" /><ent r="4" t="57" w="236" /><ent r="4" t="58" w="177" /><ent r="4" t="58" w="324" /><ent r="4" t="59" w="151" /><ent r="4" t="59" w="232" /><ent r="4" t="60" w="325" /><ent r="4" t="60" w="369" /><ent r="4" t="63" w="207" /><ent r="4" t="64" w="161" /><ent r="4" t="64" w="268" /><ent r="4" t="66" w="286" /><ent r="4" t="66" w="551" /><ent r="4" t="66" w="746" /><ent r="4" t="67" w="204" /><ent r="4" t="67" w="335" /><ent r="4" t="68" w="60" /><ent r="4" t="68" w="143" /><ent r="4" t="69" w="175" /><ent r="4" t="69" w="321" /><ent r="4" t="69" w="425" /><ent r="4" t="69" w="526" /><ent r="4" t="69" w="653" /><ent r="4" t="70" w="218" /><ent r="4" t="70" w="596" /><ent r="4" t="70" w="820" /><ent r="4" t="72" w="82" /><ent r="4" t="72" w="220" /><ent r="4" t="72" w="312" /><ent r="4" t="74" w="236" /><ent r="4" t="74" w="435" /><ent r="4" t="74" w="556" /><ent r="4" t="74" w="769" /><ent r="4" t="74" w="917" /><ent r="4" t="74" w="1078" /><ent r="4" t="75" w="177" /><ent r="4" t="75" w="381" /><ent r="4" t="75" w="549" /><ent r="4" t="75" w="663" /><ent r="4" t="75" w="811" /><ent r="4" t="75" w="976" /><ent r="4" t="76" w="164" /><ent r="4" t="76" w="352" /><ent r="4" t="76" w="494" /><ent r="4" t="76" w="748" /><ent r="4" t="76" w="903" /><ent r="4" t="78" w="52" /><ent r="4" t="78" w="170" /><ent r="4" t="78" w="243" /><ent r="4" t="80" w="78" /><ent r="4" t="80" w="189" /><ent r="4" t="81" w="156" /><ent r="4" t="82" w="118" /><ent r="4" t="83" w="139" /><ent r="4" t="84" w="105" /><ent r="4" t="85" w="97" /><ent r="4" t="86" w="92" /><ent r="4" t="87" w="140" /><ent r="4" t="88" w="158" /><ent r="4" t="89" w="134" /><ent r="4" t="89" w="198" /><ent r="4" t="96" w="148" /><ent r="4" t="96" w="200" /><ent r="4" t="96" w="284" /><ent r="4" t="96" w="408" /><ent r="4" t="96" w="501" /><ent r="4" t="96" w="594" /><ent r="4" t="96" w="807" /><ent r="4" t="96" w="936" /><ent r="4" t="99" w="215" /><ent r="4" t="99" w="418" /><ent r="4" t="99" w="603" /><ent r="4" t="99" w="847" /><ent r="4" t="99" w="1022" /><ent r="4" t="99" w="1098" /><ent r="4" t="100" w="272" /><ent r="4" t="100" w="324" /><ent r="4" t="101" w="188" /><ent r="4" t="101" w="268" /><ent r="4" t="106" w="184" /><ent r="4" t="106" w="246" /><ent r="4" t="106" w="302" /><ent r="4" t="106" w="383" /><ent r="4" t="109" w="202" /><ent r="4" t="109" w="470" /><ent r="4" t="112" w="104" /><ent r="4" t="112" w="1146" /><ent r="4" t="112" w="1331" /><ent r="4" t="112" w="1432" /><ent r="4" t="114" w="664" /><ent r="4" t="114" w="803" /><ent r="4" t="114" w="891" /><ent r="4" t="114" w="938" /><ent r="4" t="116" w="211" /><ent r="4" t="117" w="234" /><ent r="4" t="117" w="431" /><ent r="4" t="117" w="565" /><ent r="4" t="117" w="656" /><ent r="4" t="117" w="761" /><ent r="4" t="120" w="128" /><ent r="4" t="120" w="226" /><ent r="4" t="121" w="214" /><ent r="4" t="121" w="562" /><ent r="4" t="122" w="353" /><ent r="4" t="124" w="289" /><ent r="4" t="125" w="299" /><ent r="6" t="128" w="159" /><ent r="6" t="128" w="289" /><ent r="6" t="128" w="428" /><ent r="4" t="129" w="156" /><ent r="4" t="130" w="616" /><ent r="5" t="133" w="295" /><ent r="4" t="134" w="112" /><ent r="4" t="135" w="88" /><ent r="4" t="136" w="81" /><ent r="4" t="137" w="80" /><ent r="4" t="138" w="96" /><ent r="4" t="138" w="154" /><ent r="4" t="139" w="93" /><ent r="4" t="140" w="96" /><ent r="4" t="141" w="342" /><ent r="4" t="141" w="447" /><ent r="4" t="142" w="188" /><ent r="4" t="142" w="293" /><ent r="4" t="142" w="406" /><ent r="4" t="145" w="89" /><ent r="4" t="145" w="224" /><ent r="4" t="146" w="122" /><ent r="4" t="146" w="257" /><ent r="4" t="147" w="402" /><ent r="4" t="148" w="153" /><ent r="4" t="149" w="118" /><ent r="4" t="150" w="222" /><ent r="4" t="151" w="125" /><ent r="4" t="152" w="128" /><ent r="4" t="152" w="211" /><ent r="4" t="153" w="150" /><ent r="4" t="154" w="69" /><ent r="4" t="155" w="92" /><ent r="4" t="156" w="68" /><ent r="4" t="157" w="89" /><ent r="4" t="158" w="91" /><ent r="4" t="159" w="89" /><ent r="4" t="160" w="76" /><ent r="4" t="161" w="103" /><ent r="4" t="163" w="77" /><ent r="4" t="164" w="173" /><ent r="4" t="168" w="146" /><ent r="4" t="169" w="189" /><ent r="4" t="170" w="111" /><ent r="4" t="171" w="85" /><ent r="4" t="172" w="101" /><ent r="4" t="174" w="134" /><ent r="4" t="175" w="93" /><ent r="4" t="176" w="165" /><ent r="4" t="177" w="146" /><ent r="4" t="178" w="182" /><ent r="4" t="179" w="191" /><ent r="4" t="179" w="312" /><ent r="4" t="179" w="430" /><ent r="4" t="179" w="563" /><ent r="4" t="180" w="104" /><ent r="4" t="180" w="195" /><ent r="4" t="181" w="81" /><ent r="4" t="182" w="110" /><ent r="4" t="183" w="88" /><ent r="4" t="184" w="127" /><ent r="4" t="185" w="166" /><ent r="4" t="187" w="112" /><ent r="4" t="187" w="264" /><ent r="4" t="188" w="105" /><ent r="4" t="188" w="362" /><ent r="4" t="188" w="501" /><ent r="4" t="189" w="67" /><ent r="4" t="190" w="173" /><ent r="4" t="190" w="603" /><ent r="4" t="191" w="313" /><ent r="4" t="194" w="111" /><ent r="4" t="197" w="131" /><ent r="4" t="198" w="131" /><ent r="4" t="199" w="71" /><ent r="4" t="201" w="61" /><ent r="4" t="203" w="70" /><ent r="4" t="204" w="89" /><ent r="4" t="206" w="121" /><ent r="4" t="207" w="77" /><ent r="4" t="208" w="66" /><ent r="4" t="210" w="109" /><ent r="4" t="211" w="74" /><ent r="4" t="212" w="95" /><ent r="4" t="213" w="121" /><ent r="4" t="214" w="93" /><ent r="4" t="215" w="76" /><ent r="4" t="216" w="93" /><ent r="4" t="217" w="93" /><ent r="4" t="218" w="124" /><ent r="4" t="219" w="81" /><ent r="4" t="220" w="93" /><ent r="4" t="221" w="82" /><ent r="4" t="222" w="106" /><ent r="4" t="223" w="181" /><ent r="4" t="223" w="261" /><ent r="4" t="223" w="417" /><ent r="4" t="223" w="540" /><ent r="4" t="223" w="642" /><ent r="4" t="223" w="734" /><ent r="4" t="224" w="174" /><ent r="4" t="224" w="267" /><ent r="4" t="224" w="361" /><ent r="4" t="224" w="485" /><ent r="4" t="224" w="568" /><ent r="4" t="225" w="116" /><ent r="4" t="226" w="231" /><ent r="4" t="226" w="351" /><ent r="4" t="227" w="253" /><ent r="4" t="227" w="519" /><ent r="4" t="228" w="264" /><ent r="4" t="229" w="217" /><ent r="4" t="232" w="269" /><ent r="4" t="233" w="288" /><ent r="4" t="233" w="564" /><ent r="4" t="233" w="698" /><ent r="4" t="235" w="266" /><ent r="4" t="236" w="235" /><ent r="4" t="236" w="353" /><ent r="4" t="236" w="507" /><ent r="4" t="236" w="583" /><ent r="4" t="236" w="699" /><ent r="4" t="236" w="833" /><ent r="5" t="237" w="246" /><ent r="5" t="237" w="327" /><ent r="5" t="237" w="466" /><ent r="4" t="240" w="268" /><ent r="4" t="240" w="482" /><ent r="4" t="240" w="607" /><ent r="4" t="240" w="923" /><ent r="4" t="240" w="1184" /><ent r="4" t="240" w="1398" /><ent r="4" t="241" w="570" /><ent r="4" t="241" w="653" /><ent r="4" t="244" w="208" /><ent r="4" t="244" w="304" /><ent r="4" t="248" w="111" /><ent r="4" t="248" w="257" /><ent r="4" t="249" w="82" /><ent r="4" t="249" w="158" /><ent r="4" t="249" w="287" /><ent r="4" t="250" w="138" /><ent r="4" t="250" w="214" /><ent r="4" t="250" w="286" /><ent r="4" t="250" w="374" /><ent r="4" t="251" w="148" /><ent r="4" t="251" w="221" /><ent r="4" t="251" w="398" /><ent r="4" t="251" w="475" /><ent r="4" t="251" w="567" /><ent r="4" t="253" w="290" /><ent r="4" t="253" w="509" /><ent r="4" t="254" w="319" /><ent r="4" t="256" w="219" /><ent r="4" t="256" w="367" /><ent r="5" t="259" w="189" /><ent r="4" t="259" w="397" /><ent r="4" t="263" w="215" /><ent r="4" t="263" w="363" /><ent r="4" t="263" w="434" /><ent r="4" t="263" w="524" /><ent r="4" t="263" w="632" /><ent r="4" t="264" w="85" /><ent r="4" t="264" w="294" /><ent r="4" t="264" w="437" /><ent r="4" t="266" w="174" /><ent r="4" t="266" w="318" /><ent r="4" t="266" w="475" /><ent r="4" t="266" w="640" /><ent r="4" t="272" w="295" /><ent r="4" t="272" w="525" /><ent r="4" t="274" w="252" /><ent r="4" t="275" w="417" /><ent r="4" t="275" w="527" /><ent r="4" t="281" w="531" /><ent r="4" t="284" w="109" /><ent r="4" t="302" w="286" /></phr></stem><stem n="&quot;querying&quot;"><phr n="&quot;Querying&quot;"><ent r="64" t="8" w="286" /><ent r="64" t="10" w="311" /></phr></stem><stem n="understand"><phr n="Understanding"><ent r="3" t="8" w="300" /><ent r="3" t="26" w="139" /><ent r="92" t="243" w="76" /><ent r="3" t="275" w="19" /></phr><phr n="understand"><ent r="3" t="8" w="305" /><ent r="3" t="243" w="97" /><ent r="3" t="274" w="18" /><ent r="3" t="285" w="30" /><ent r="3" t="292" w="173" /></phr><phr n="understanding"><ent r="3" t="26" w="147" /></phr><phr n="Understand"><ent r="92" t="261" w="38" /><ent r="92" t="282" w="36" /></phr></stem><stem n="behav"><phr n="behaves"><ent r="3" t="8" w="308" /><ent r="3" t="65" w="278" /><ent r="3" t="109" w="219" /></phr><phr n="behave"><ent r="5" t="28" w="740" /><ent r="5" t="28" w="812" /><ent r="3" t="38" w="92" /><ent r="3" t="41" w="97" /><ent r="3" t="46" w="12" /><ent r="4" t="132" w="164" /><ent r="4" t="133" w="128" /></phr></stem><stem n="common"><phr n="common"><ent r="3" t="8" w="312" /><ent r="3" t="39" w="13" /><ent r="3" t="49" w="469" /><ent r="3" t="99" w="18" /><ent r="3" t="126" w="225" /><ent r="64" t="128" w="53" /><ent r="64" t="142" w="113" /><ent r="64" t="142" w="210" /><ent r="64" t="142" w="315" /><ent r="3" t="142" w="522" /><ent r="3" t="143" w="12" /><ent r="3" t="143" w="29" /><ent r="3" t="143" w="35" /><ent r="3" t="143" w="53" /><ent r="3" t="143" w="433" /><ent r="64" t="195" w="41" /><ent r="64" t="209" w="48" /><ent r="3" t="209" w="156" /><ent r="64" t="225" w="40" /><ent r="3" t="245" w="31" /><ent r="3" t="250" w="51" /><ent r="3" t="251" w="49" /><ent r="3" t="273" w="52" /><ent r="3" t="274" w="53" /><ent r="3" t="275" w="34" /><ent r="3" t="282" w="33" /><ent r="3" t="282" w="136" /><ent r="64" t="282" w="414" /><ent r="6" t="299" w="525" /></phr><phr n="Common"><ent r="4" t="21" w="142" /><ent r="4" t="21" w="166" /><ent r="4" t="46" w="368" /><ent r="4" t="46" w="406" /><ent r="4" t="49" w="76" /><ent r="4" t="49" w="111" /><ent r="4" t="49" w="182" /><ent r="4" t="49" w="221" /><ent r="4" t="50" w="626" /><ent r="4" t="50" w="661" /><ent r="4" t="50" w="898" /><ent r="4" t="50" w="937" /><ent r="4" t="54" w="143" /><ent r="4" t="54" w="176" /><ent r="4" t="57" w="70" /><ent r="4" t="57" w="118" /><ent r="4" t="59" w="177" /><ent r="4" t="59" w="215" /><ent r="4" t="60" w="335" /><ent r="4" t="60" w="359" /><ent r="4" t="67" w="124" /><ent r="4" t="67" w="139" /><ent r="4" t="67" w="173" /><ent r="4" t="67" w="188" /><ent r="4" t="99" w="1052" /><ent r="4" t="99" w="1081" /><ent r="4" t="112" w="62" /><ent r="4" t="112" w="94" /><ent r="4" t="112" w="1387" /><ent r="4" t="112" w="1422" /><ent r="4" t="114" w="727" /><ent r="4" t="114" w="774" /><ent r="4" t="116" w="157" /><ent r="4" t="116" w="194" /><ent r="4" t="117" w="707" /><ent r="4" t="117" w="744" /><ent r="4" t="120" w="73" /><ent r="4" t="120" w="106" /><ent r="4" t="120" w="174" /><ent r="4" t="120" w="205" /><ent r="4" t="129" w="118" /><ent r="4" t="129" w="147" /><ent r="4" t="134" w="69" /><ent r="4" t="134" w="76" /><ent r="4" t="134" w="96" /><ent r="4" t="134" w="103" /><ent r="4" t="135" w="57" /><ent r="4" t="135" w="79" /><ent r="4" t="136" w="52" /><ent r="4" t="136" w="72" /><ent r="4" t="137" w="49" /><ent r="4" t="137" w="71" /><ent r="4" t="138" w="65" /><ent r="4" t="138" w="87" /><ent r="4" t="139" w="63" /><ent r="4" t="139" w="84" /><ent r="4" t="140" w="55" /><ent r="4" t="140" w="86" /><ent r="4" t="141" w="390" /><ent r="4" t="141" w="429" /><ent r="64" t="142" w="535" /><ent r="1000" t="143" w="1" /><ent r="100" t="143" w="5" /><ent r="102" t="143" w="8" /><ent r="64" t="143" w="457" /><ent r="1000" t="144" w="1" /><ent r="102" t="144" w="9" /><ent r="4" t="145" w="57" /><ent r="4" t="145" w="83" /><ent r="4" t="145" w="181" /><ent r="4" t="145" w="213" /><ent r="4" t="146" w="89" /><ent r="4" t="146" w="116" /><ent r="4" t="146" w="214" /><ent r="4" t="146" w="246" /><ent r="4" t="147" w="264" /><ent r="4" t="147" w="297" /><ent r="4" t="147" w="342" /><ent r="4" t="147" w="375" /><ent r="4" t="148" w="74" /><ent r="4" t="148" w="122" /><ent r="4" t="149" w="83" /><ent r="4" t="149" w="111" /><ent r="4" t="150" w="188" /><ent r="4" t="150" w="216" /><ent r="4" t="151" w="91" /><ent r="4" t="151" w="118" /><ent r="4" t="152" w="94" /><ent r="4" t="152" w="121" /><ent r="4" t="152" w="166" /><ent r="4" t="152" w="198" /><ent r="4" t="153" w="115" /><ent r="4" t="153" w="143" /><ent r="4" t="154" w="28" /><ent r="4" t="154" w="59" /><ent r="4" t="155" w="54" /><ent r="4" t="155" w="85" /><ent r="4" t="156" w="34" /><ent r="4" t="156" w="61" /><ent r="4" t="157" w="47" /><ent r="4" t="157" w="79" /><ent r="4" t="158" w="58" /><ent r="4" t="158" w="85" /><ent r="4" t="159" w="56" /><ent r="4" t="159" w="83" /><ent r="4" t="160" w="31" /><ent r="4" t="160" w="64" /><ent r="4" t="161" w="65" /><ent r="4" t="161" w="96" /><ent r="4" t="163" w="42" /><ent r="4" t="163" w="70" /><ent r="4" t="164" w="136" /><ent r="4" t="164" w="165" /><ent r="4" t="168" w="108" /><ent r="4" t="168" w="137" /><ent r="4" t="169" w="154" /><ent r="4" t="169" w="182" /><ent r="4" t="170" w="74" /><ent r="4" t="170" w="104" /><ent r="4" t="171" w="49" /><ent r="4" t="171" w="78" /><ent r="4" t="172" w="66" /><ent r="4" t="172" w="94" /><ent r="4" t="180" w="141" /><ent r="4" t="180" w="182" /><ent r="4" t="210" w="64" /><ent r="4" t="210" w="96" /><ent r="4" t="211" w="25" /><ent r="4" t="211" w="61" /><ent r="4" t="212" w="46" /><ent r="4" t="212" w="82" /><ent r="4" t="213" w="72" /><ent r="4" t="213" w="108" /><ent r="4" t="214" w="47" /><ent r="4" t="214" w="80" /><ent r="4" t="215" w="28" /><ent r="4" t="215" w="63" /><ent r="4" t="216" w="50" /><ent r="4" t="216" w="82" /><ent r="4" t="217" w="50" /><ent r="4" t="217" w="82" /><ent r="4" t="218" w="82" /><ent r="4" t="218" w="114" /><ent r="4" t="219" w="31" /><ent r="4" t="219" w="66" /><ent r="4" t="220" w="42" /><ent r="4" t="220" w="79" /><ent r="4" t="221" w="35" /><ent r="4" t="221" w="69" /><ent r="4" t="222" w="63" /><ent r="4" t="222" w="95" /><ent r="4" t="223" w="206" /><ent r="4" t="223" w="244" /><ent r="4" t="223" w="356" /><ent r="4" t="223" w="400" /><ent r="4" t="223" w="479" /><ent r="4" t="223" w="523" /><ent r="4" t="223" w="581" /><ent r="4" t="223" w="625" /><ent r="4" t="223" w="680" /><ent r="4" t="223" w="717" /><ent r="4" t="250" w="168" /><ent r="4" t="250" w="197" /><ent r="4" t="251" w="175" /><ent r="4" t="251" w="204" /><ent r="5" t="259" w="153" /><ent r="5" t="259" w="180" /><ent r="4" t="264" w="382" /><ent r="4" t="264" w="420" /><ent r="4" t="275" w="472" /><ent r="4" t="275" w="510" /><ent r="3" t="276" w="175" /><ent r="3" t="276" w="186" /><ent r="5" t="277" w="169" /><ent r="5" t="277" w="220" /></phr><phr n="commons"><ent r="6" t="313" w="266" /><ent r="6" t="313" w="272" /></phr></stem><stem n="&quot;acid"><phr n="&quot;ACID"><ent r="64" t="8" w="329" /></phr></stem><stem n="-field"><phr n="-field"><ent r="3" t="8" w="346" /><ent r="3" t="8" w="346" /><ent r="3" t="24" w="52" /><ent r="3" t="24" w="52" /><ent r="3" t="28" w="72" /><ent r="3" t="28" w="72" /><ent r="4" t="99" w="1071" /><ent r="4" t="99" w="1071" /><ent r="4" t="99" w="1100" /><ent r="4" t="99" w="1100" /><ent r="3" t="121" w="139" /><ent r="3" t="121" w="139" /><ent r="4" t="122" w="281" /><ent r="4" t="122" w="281" /><ent r="4" t="122" w="355" /><ent r="4" t="122" w="355" /><ent r="4" t="140" w="488" /><ent r="4" t="140" w="488" /><ent r="64" t="247" w="216" /><ent r="64" t="247" w="216" /><ent r="8" t="247" w="255" /><ent r="8" t="247" w="255" /><ent r="3" t="247" w="285" /><ent r="3" t="247" w="285" /><ent r="64" t="247" w="310" /><ent r="64" t="247" w="310" /><ent r="8" t="247" w="352" /><ent r="8" t="247" w="352" /><ent r="4" t="250" w="187" /><ent r="4" t="250" w="187" /><ent r="4" t="250" w="216" /><ent r="4" t="250" w="216" /><ent r="4" t="251" w="194" /><ent r="4" t="251" w="194" /><ent r="4" t="251" w="223" /><ent r="4" t="251" w="223" /></phr><phr n="-Field"><ent r="92" t="122" w="138" /><ent r="92" t="122" w="138" /><ent r="92" t="247" w="272" /><ent r="92" t="247" w="272" /></phr><phr n="-fields"><ent r="3" t="246" w="154" /><ent r="3" t="246" w="154" /><ent r="3" t="247" w="178" /><ent r="3" t="247" w="178" /></phr><phr n="-Fields"><ent r="92" t="247" w="168" /><ent r="92" t="247" w="168" /></phr></stem><stem n="id-field"><phr n="id-field"><ent r="3" t="8" w="346" /><ent r="3" t="99" w="1042" /><ent r="4" t="99" w="1071" /><ent r="4" t="99" w="1100" /><ent r="3" t="121" w="139" /><ent r="64" t="247" w="216" /><ent r="8" t="247" w="255" /><ent r="3" t="247" w="285" /><ent r="64" t="247" w="310" /><ent r="8" t="247" w="352" /><ent r="3" t="250" w="154" /><ent r="3" t="251" w="163" /><ent r="4" t="251" w="194" /><ent r="4" t="251" w="223" /><ent r="3" t="260" w="149" /></phr><phr n="ID-Field"><ent r="92" t="247" w="272" /></phr></stem><stem n="field"><phr n="field"><ent r="3" t="8" w="347" /><ent r="4" t="14" w="209" /><ent r="4" t="14" w="248" /><ent r="3" t="14" w="371" /><ent r="3" t="14" w="386" /><ent r="3" t="14" w="396" /><ent r="3" t="14" w="1185" /><ent r="3" t="14" w="1591" /><ent r="3" t="14" w="1615" /><ent r="4" t="20" w="353" /><ent r="4" t="20" w="403" /><ent r="3" t="23" w="61" /><ent r="3" t="23" w="89" /><ent r="3" t="23" w="94" /><ent r="3" t="24" w="35" /><ent r="3" t="24" w="53" /><ent r="3" t="27" w="201" /><ent r="3" t="27" w="208" /><ent r="4" t="27" w="249" /><ent r="4" t="27" w="299" /><ent r="3" t="27" w="315" /><ent r="3" t="27" w="762" /><ent r="3" t="27" w="1055" /><ent r="3" t="27" w="1060" /><ent r="3" t="27" w="1069" /><ent r="3" t="28" w="73" /><ent r="3" t="28" w="198" /><ent r="3" t="28" w="373" /><ent r="3" t="28" w="510" /><ent r="3" t="28" w="517" /><ent r="4" t="28" w="579" /><ent r="4" t="28" w="640" /><ent r="3" t="28" w="660" /><ent r="3" t="28" w="674" /><ent r="3" t="28" w="909" /><ent r="3" t="28" w="929" /><ent r="5" t="28" w="964" /><ent r="4" t="28" w="984" /><ent r="5" t="28" w="1012" /><ent r="4" t="28" w="1040" /><ent r="3" t="28" w="1066" /><ent r="5" t="28" w="1116" /><ent r="5" t="28" w="1184" /><ent r="3" t="29" w="420" /><ent r="3" t="29" w="427" /><ent r="3" t="29" w="445" /><ent r="4" t="29" w="476" /><ent r="4" t="29" w="524" /><ent r="3" t="29" w="747" /><ent r="4" t="29" w="784" /><ent r="4" t="29" w="838" /><ent r="3" t="30" w="28" /><ent r="3" t="30" w="62" /><ent r="3" t="30" w="66" /><ent r="4" t="30" w="119" /><ent r="4" t="30" w="164" /><ent r="3" t="30" w="189" /><ent r="4" t="31" w="147" /><ent r="4" t="31" w="180" /><ent r="4" t="31" w="239" /><ent r="4" t="31" w="276" /><ent r="3" t="31" w="302" /><ent r="3" t="31" w="317" /><ent r="3" t="31" w="327" /><ent r="3" t="31" w="924" /><ent r="3" t="31" w="956" /><ent r="64" t="31" w="971" /><ent r="3" t="31" w="1287" /><ent r="3" t="31" w="1787" /><ent r="3" t="31" w="1811" /><ent r="3" t="32" w="37" /><ent r="3" t="32" w="69" /><ent r="3" t="32" w="74" /><ent r="3" t="39" w="76" /><ent r="3" t="39" w="182" /><ent r="3" t="39" w="212" /><ent r="3" t="42" w="39" /><ent r="3" t="43" w="41" /><ent r="3" t="49" w="305" /><ent r="3" t="49" w="311" /><ent r="3" t="49" w="716" /><ent r="4" t="49" w="838" /><ent r="4" t="49" w="944" /><ent r="4" t="52" w="52" /><ent r="4" t="52" w="64" /><ent r="4" t="53" w="116" /><ent r="4" t="53" w="473" /><ent r="3" t="55" w="71" /><ent r="3" t="55" w="114" /><ent r="3" t="57" w="60" /><ent r="4" t="57" w="97" /><ent r="4" t="57" w="148" /><ent r="3" t="59" w="87" /><ent r="3" t="59" w="105" /><ent r="4" t="59" w="129" /><ent r="4" t="59" w="153" /><ent r="3" t="59" w="168" /><ent r="4" t="59" w="197" /><ent r="4" t="59" w="235" /><ent r="4" t="59" w="336" /><ent r="4" t="59" w="346" /><ent r="3" t="60" w="171" /><ent r="5" t="60" w="227" /><ent r="5" t="60" w="298" /><ent r="3" t="62" w="159" /><ent r="3" t="63" w="24" /><ent r="3" t="63" w="39" /><ent r="4" t="63" w="67" /><ent r="4" t="63" w="76" /><ent r="5" t="63" w="82" /><ent r="4" t="63" w="85" /><ent r="5" t="63" w="99" /><ent r="4" t="63" w="102" /><ent r="4" t="63" w="154" /><ent r="4" t="63" w="167" /><ent r="5" t="63" w="176" /><ent r="4" t="63" w="178" /><ent r="5" t="63" w="191" /><ent r="4" t="63" w="193" /><ent r="3" t="64" w="69" /><ent r="3" t="67" w="20" /><ent r="3" t="67" w="51" /><ent r="3" t="67" w="104" /><ent r="3" t="67" w="121" /><ent r="4" t="67" w="159" /><ent r="4" t="67" w="208" /><ent r="3" t="67" w="237" /><ent r="3" t="70" w="283" /><ent r="4" t="70" w="341" /><ent r="4" t="70" w="353" /><ent r="5" t="70" w="358" /><ent r="5" t="70" w="378" /><ent r="5" t="70" w="383" /><ent r="5" t="70" w="413" /><ent r="5" t="70" w="428" /><ent r="4" t="70" w="473" /><ent r="4" t="70" w="488" /><ent r="5" t="70" w="495" /><ent r="5" t="70" w="520" /><ent r="5" t="70" w="525" /><ent r="5" t="70" w="560" /><ent r="5" t="70" w="580" /><ent r="3" t="70" w="609" /><ent r="3" t="70" w="622" /><ent r="3" t="70" w="639" /><ent r="3" t="99" w="12" /><ent r="3" t="99" w="1043" /><ent r="4" t="99" w="1072" /><ent r="4" t="99" w="1101" /><ent r="3" t="100" w="353" /><ent r="3" t="112" w="196" /><ent r="3" t="112" w="1196" /><ent r="5" t="112" w="1212" /><ent r="5" t="112" w="1225" /><ent r="5" t="112" w="1274" /><ent r="5" t="112" w="1287" /><ent r="3" t="118" w="101" /><ent r="3" t="118" w="137" /><ent r="3" t="118" w="173" /><ent r="4" t="119" w="32" /><ent r="4" t="119" w="53" /><ent r="4" t="119" w="61" /><ent r="4" t="119" w="69" /><ent r="64" t="120" w="150" /><ent r="3" t="120" w="157" /><ent r="4" t="120" w="196" /><ent r="4" t="120" w="227" /><ent r="3" t="121" w="40" /><ent r="3" t="121" w="49" /><ent r="3" t="121" w="56" /><ent r="3" t="121" w="75" /><ent r="3" t="121" w="99" /><ent r="3" t="121" w="104" /><ent r="3" t="121" w="128" /><ent r="3" t="121" w="140" /><ent r="3" t="121" w="154" /><ent r="4" t="121" w="181" /><ent r="4" t="121" w="217" /><ent r="3" t="121" w="234" /><ent r="5" t="121" w="297" /><ent r="5" t="121" w="335" /><ent r="4" t="121" w="372" /><ent r="5" t="121" w="460" /><ent r="5" t="121" w="506" /><ent r="4" t="121" w="568" /><ent r="3" t="121" w="591" /><ent r="3" t="122" w="14" /><ent r="3" t="122" w="56" /><ent r="4" t="122" w="82" /><ent r="4" t="122" w="87" /><ent r="4" t="122" w="97" /><ent r="3" t="122" w="151" /><ent r="3" t="122" w="186" /><ent r="4" t="122" w="282" /><ent r="4" t="122" w="288" /><ent r="4" t="122" w="356" /><ent r="4" t="122" w="362" /><ent r="3" t="131" w="138" /><ent r="3" t="134" w="153" /><ent r="4" t="140" w="249" /><ent r="65" t="140" w="271" /><ent r="4" t="140" w="489" /><ent r="64" t="150" w="30" /><ent r="3" t="165" w="151" /><ent r="3" t="165" w="171" /><ent r="64" t="209" w="144" /><ent r="3" t="223" w="16" /><ent r="3" t="223" w="64" /><ent r="3" t="223" w="93" /><ent r="3" t="223" w="97" /><ent r="3" t="223" w="109" /><ent r="4" t="223" w="159" /><ent r="4" t="223" w="183" /><ent r="3" t="223" w="198" /><ent r="4" t="223" w="226" /><ent r="4" t="223" w="264" /><ent r="3" t="223" w="286" /><ent r="3" t="223" w="324" /><ent r="4" t="223" w="382" /><ent r="4" t="223" w="426" /><ent r="3" t="223" w="448" /><ent r="4" t="223" w="505" /><ent r="4" t="223" w="549" /><ent r="3" t="223" w="571" /><ent r="4" t="223" w="607" /><ent r="4" t="223" w="651" /><ent r="3" t="223" w="667" /><ent r="4" t="223" w="699" /><ent r="4" t="223" w="736" /><ent r="3" t="231" w="67" /><ent r="3" t="240" w="329" /><ent r="5" t="240" w="376" /><ent r="5" t="240" w="431" /><ent r="3" t="240" w="515" /><ent r="3" t="240" w="654" /><ent r="3" t="240" w="699" /><ent r="8" t="247" w="83" /><ent r="8" t="247" w="148" /><ent r="64" t="247" w="217" /><ent r="8" t="247" w="256" /><ent r="3" t="247" w="286" /><ent r="64" t="247" w="311" /><ent r="8" t="247" w="353" /><ent r="3" t="250" w="63" /><ent r="3" t="250" w="155" /><ent r="4" t="250" w="188" /><ent r="4" t="250" w="217" /><ent r="3" t="251" w="164" /><ent r="4" t="251" w="195" /><ent r="4" t="251" w="224" /><ent r="3" t="260" w="150" /><ent r="64" t="263" w="21" /><ent r="3" t="264" w="23" /><ent r="3" t="264" w="33" /><ent r="3" t="264" w="101" /><ent r="3" t="264" w="108" /><ent r="3" t="264" w="117" /><ent r="3" t="264" w="137" /><ent r="64" t="264" w="147" /><ent r="3" t="264" w="167" /><ent r="3" t="264" w="317" /><ent r="3" t="264" w="333" /><ent r="3" t="264" w="347" /><ent r="3" t="266" w="211" /><ent r="3" t="266" w="234" /><ent r="4" t="278" w="149" /><ent r="4" t="278" w="156" /><ent r="3" t="289" w="182" /><ent r="3" t="290" w="89" /><ent r="3" t="290" w="115" /><ent r="3" t="290" w="159" /><ent r="3" t="292" w="134" /><ent r="3" t="292" w="242" /></phr><phr n="fields"><ent r="3" t="14" w="120" /><ent r="3" t="14" w="161" /><ent r="3" t="14" w="176" /><ent r="4" t="14" w="460" /><ent r="4" t="14" w="518" /><ent r="5" t="20" w="505" /><ent r="3" t="23" w="54" /><ent r="4" t="25" w="65" /><ent r="3" t="26" w="38" /><ent r="3" t="27" w="193" /><ent r="3" t="27" w="1255" /><ent r="4" t="27" w="1317" /><ent r="4" t="27" w="1369" /><ent r="3" t="28" w="208" /><ent r="3" t="28" w="1059" /><ent r="5" t="28" w="1099" /><ent r="4" t="28" w="1138" /><ent r="5" t="28" w="1167" /><ent r="4" t="28" w="1214" /><ent r="3" t="30" w="17" /><ent r="3" t="30" w="81" /><ent r="3" t="30" w="182" /><ent r="4" t="30" w="236" /><ent r="4" t="30" w="287" /><ent r="3" t="31" w="62" /><ent r="3" t="31" w="103" /><ent r="3" t="31" w="118" /><ent r="4" t="31" w="391" /><ent r="4" t="31" w="447" /><ent r="4" t="31" w="1030" /><ent r="4" t="31" w="1092" /><ent r="3" t="41" w="136" /><ent r="3" t="42" w="364" /><ent r="5" t="42" w="396" /><ent r="5" t="42" w="421" /><ent r="5" t="42" w="485" /><ent r="5" t="42" w="510" /><ent r="3" t="42" w="778" /><ent r="5" t="42" w="815" /><ent r="5" t="42" w="868" /><ent r="64" t="45" w="642" /><ent r="3" t="49" w="764" /><ent r="64" t="57" w="47" /><ent r="3" t="59" w="267" /><ent r="3" t="60" w="18" /><ent r="3" t="60" w="99" /><ent r="3" t="60" w="107" /><ent r="5" t="63" w="55" /><ent r="5" t="63" w="141" /><ent r="3" t="65" w="49" /><ent r="3" t="67" w="54" /><ent r="3" t="70" w="294" /><ent r="3" t="70" w="299" /><ent r="3" t="70" w="309" /><ent r="5" t="70" w="336" /><ent r="4" t="70" w="441" /><ent r="5" t="70" w="467" /><ent r="4" t="70" w="598" /><ent r="4" t="95" w="142" /><ent r="4" t="98" w="30" /><ent r="4" t="98" w="65" /><ent r="3" t="104" w="54" /><ent r="3" t="110" w="18" /><ent r="67" t="110" w="42" /><ent r="3" t="112" w="16" /><ent r="3" t="112" w="42" /><ent r="4" t="112" w="76" /><ent r="4" t="112" w="108" /><ent r="3" t="112" w="126" /><ent r="3" t="112" w="183" /><ent r="3" t="112" w="1347" /><ent r="3" t="112" w="1351" /><ent r="3" t="112" w="1363" /><ent r="4" t="112" w="1400" /><ent r="4" t="112" w="1435" /><ent r="4" t="113" w="13" /><ent r="4" t="113" w="47" /><ent r="3" t="118" w="117" /><ent r="3" t="120" w="35" /><ent r="4" t="120" w="264" /><ent r="4" t="120" w="308" /><ent r="3" t="129" w="59" /><ent r="3" t="129" w="83" /><ent r="4" t="131" w="172" /><ent r="3" t="134" w="182" /><ent r="4" t="140" w="323" /><ent r="4" t="140" w="330" /><ent r="4" t="140" w="502" /><ent r="3" t="141" w="61" /><ent r="4" t="141" w="411" /><ent r="4" t="141" w="450" /><ent r="6" t="143" w="256" /><ent r="3" t="152" w="159" /><ent r="3" t="157" w="19" /><ent r="6" t="209" w="279" /><ent r="6" t="209" w="309" /><ent r="3" t="218" w="16" /><ent r="3" t="218" w="31" /><ent r="3" t="218" w="56" /><ent r="4" t="218" w="96" /><ent r="4" t="218" w="128" /><ent r="3" t="221" w="16" /><ent r="3" t="221" w="28" /><ent r="4" t="221" w="51" /><ent r="4" t="221" w="85" /><ent r="3" t="223" w="137" /><ent r="64" t="244" w="428" /><ent r="3" t="246" w="155" /><ent r="3" t="247" w="178" /><ent r="3" t="266" w="203" /><ent r="3" t="266" w="244" /><ent r="4" t="266" w="275" /><ent r="4" t="266" w="318" /><ent r="3" t="272" w="545" /><ent r="5" t="274" w="119" /><ent r="5" t="274" w="144" /><ent r="5" t="274" w="208" /><ent r="5" t="274" w="233" /><ent r="3" t="283" w="286" /><ent r="3" t="285" w="174" /><ent r="3" t="289" w="160" /><ent r="3" t="289" w="176" /><ent r="3" t="290" w="180" /><ent r="3" t="290" w="191" /><ent r="3" t="292" w="123" /><ent r="3" t="315" w="82" /><ent r="3" t="315" w="122" /></phr><phr n="Field"><ent r="82" t="14" w="169" /><ent r="82" t="14" w="357" /><ent r="92" t="27" w="185" /><ent r="92" t="27" w="1044" /><ent r="92" t="28" w="501" /><ent r="92" t="29" w="407" /><ent r="92" t="30" w="56" /><ent r="82" t="31" w="111" /><ent r="92" t="55" w="65" /><ent r="64" t="59" w="92" /><ent r="5" t="70" w="350" /><ent r="5" t="70" w="486" /><ent r="64" t="118" w="159" /><ent r="64" t="118" w="177" /><ent r="92" t="120" w="140" /><ent r="1000" t="121" w="1" /><ent r="100" t="121" w="7" /><ent r="100" t="121" w="13" /><ent r="102" t="121" w="16" /><ent r="1000" t="122" w="1" /><ent r="102" t="122" w="5" /><ent r="64" t="122" w="37" /><ent r="92" t="122" w="139" /><ent r="3" t="141" w="91" /><ent r="3" t="144" w="59" /><ent r="1000" t="223" w="1" /><ent r="100" t="223" w="6" /><ent r="102" t="223" w="9" /><ent r="92" t="223" w="57" /><ent r="92" t="223" w="125" /><ent r="92" t="223" w="660" /><ent r="92" t="247" w="273" /><ent r="65" t="278" w="202" /></phr><phr n="Fields"><ent r="92" t="29" w="542" /><ent r="92" t="30" w="175" /><ent r="82" t="31" w="288" /><ent r="82" t="31" w="916" /><ent r="1000" t="110" w="2" /><ent r="102" t="110" w="9" /><ent r="1000" t="112" w="3" /><ent r="102" t="112" w="7" /><ent r="64" t="112" w="55" /><ent r="100" t="120" w="9" /><ent r="100" t="120" w="15" /><ent r="1000" t="218" w="3" /><ent r="102" t="218" w="7" /><ent r="64" t="218" w="75" /><ent r="1000" t="221" w="3" /><ent r="102" t="221" w="7" /><ent r="92" t="247" w="168" /><ent r="92" t="283" w="280" /></phr></stem></index>