﻿<?xml version="1.0" encoding="utf-8"?><index><stem n="freespaces"><phr n="freeSpaceSize"><ent r="4" t="72" w="31" /><ent r="4" t="72" w="44" /><ent r="4" t="72" w="60" /><ent r="4" t="72" w="78" /></phr><phr n="FreespaceSize"><ent r="4" t="72" w="35" /><ent r="4" t="72" w="69" /></phr></stem><stem n="systeminfo"><phr n="SystemInfo"><ent r="4" t="72" w="34" /><ent r="4" t="72" w="68" /><ent r="4" t="72" w="171" /><ent r="4" t="72" w="206" /><ent r="4" t="72" w="274" /><ent r="4" t="72" w="307" /></phr></stem><stem n=".ext().systeminfo().freespacesize();"><phr n=".Ext().SystemInfo().FreespaceSize();"><ent r="4" t="72" w="36" /></phr></stem><stem n="&quot;freespac"><phr n="&quot;Freespace"><ent r="5" t="72" w="39" /><ent r="5" t="72" w="73" /></phr></stem><stem n="systeminfoexampl"><phr n="SystemInfoExamples"><ent r="4" t="72" w="46" /><ent r="4" t="72" w="80" /><ent r="4" t="72" w="183" /><ent r="4" t="72" w="218" /><ent r="4" t="72" w="285" /><ent r="4" t="72" w="310" /></phr></stem><stem n="systeminfoexamples.c"><phr n="SystemInfoExamples.cs"><ent r="4" t="72" w="47" /><ent r="4" t="72" w="46" /><ent r="4" t="72" w="184" /><ent r="4" t="72" w="183" /><ent r="4" t="72" w="286" /><ent r="4" t="72" w="285" /></phr></stem><stem n=".ext().systeminfo().freespacesize()"><phr n=".Ext().SystemInfo().FreespaceSize()"><ent r="4" t="72" w="70" /></phr></stem><stem n="systeminfoexamples.vb"><phr n="SystemInfoExamples.vb"><ent r="4" t="72" w="81" /><ent r="4" t="72" w="80" /><ent r="4" t="72" w="219" /><ent r="4" t="72" w="218" /><ent r="4" t="72" w="311" /><ent r="4" t="72" w="310" /></phr></stem><stem n="alloc"><phr n="allocates"><ent r="3" t="72" w="107" /></phr><phr n="allocating"><ent r="3" t="177" w="101" /></phr><phr n="allocated"><ent r="3" t="185" w="24" /><ent r="3" t="188" w="250" /><ent r="3" t="200" w="21" /><ent r="3" t="200" w="77" /></phr><phr n="allocation"><ent r="3" t="185" w="30" /><ent r="3" t="185" w="112" /></phr><phr n="Allocated"><ent r="3" t="185" w="71" /></phr><phr n="allocate"><ent r="3" t="200" w="32" /><ent r="5" t="233" w="410" /><ent r="5" t="233" w="493" /></phr></stem><stem n="freed"><phr n="freed"><ent r="3" t="72" w="119" /><ent r="3" t="235" w="74" /><ent r="4" t="238" w="394" /></phr></stem><stem n="freespaceentri"><phr n="freeSpaceEntries"><ent r="4" t="72" w="168" /><ent r="4" t="72" w="181" /><ent r="4" t="72" w="198" /><ent r="4" t="72" w="216" /></phr></stem><stem n="freespaceentrycount"><phr n="FreespaceEntryCount"><ent r="4" t="72" w="172" /><ent r="4" t="72" w="207" /></phr></stem><stem n=".ext().systeminfo().freespaceentrycount();"><phr n=".Ext().SystemInfo().FreespaceEntryCount();"><ent r="4" t="72" w="173" /></phr></stem><stem n="&quot;freespace-entri"><phr n="&quot;Freespace-entries"><ent r="5" t="72" w="176" /><ent r="5" t="72" w="211" /></phr></stem><stem n="freespace-entri"><phr n="Freespace-entries"><ent r="5" t="72" w="176" /><ent r="5" t="72" w="211" /></phr></stem><stem n=".ext().systeminfo().freespaceentrycount()"><phr n=".Ext().SystemInfo().FreespaceEntryCount()"><ent r="4" t="72" w="208" /></phr></stem><stem n=".a"><phr n=".A"><ent r="3" t="72" w="240" /></phr></stem><stem n="manager.a"><phr n="Manager.A"><ent r="3" t="72" w="240" /><ent r="3" t="72" w="239" /></phr></stem><stem n="databases"><phr n="databaseSize"><ent r="4" t="72" w="271" /><ent r="4" t="72" w="283" /><ent r="4" t="72" w="299" /></phr></stem><stem n="totals"><phr n="TotalSize"><ent r="4" t="72" w="275" /><ent r="4" t="72" w="308" /></phr></stem><stem n=".ext().systeminfo().totalsize();"><phr n=".Ext().SystemInfo().TotalSize();"><ent r="4" t="72" w="276" /></phr></stem><stem n="&quot;databas"><phr n="&quot;Database"><ent r="5" t="72" w="279" /><ent r="64" t="79" w="75" /></phr></stem><stem n=".ext().systeminfo().totalsize()"><phr n=".Ext().SystemInfo().TotalSize()"><ent r="4" t="72" w="309" /></phr></stem><stem n="guidelin"><phr n="guidelines"><ent r="3" t="73" w="28" /></phr><phr n="guideline"><ent r="3" t="243" w="67" /></phr></stem><stem n="strang"><phr n="strange"><ent r="3" t="73" w="54" /><ent r="3" t="153" w="105" /></phr></stem><stem n="-condit"><phr n="-condition"><ent r="3" t="73" w="58" /><ent r="3" t="73" w="58" /></phr></stem><stem n="race"><phr n="race"><ent r="3" t="73" w="58" /><ent r="3" t="73" w="84" /><ent r="3" t="74" w="262" /></phr></stem><stem n="race-condit"><phr n="race-condition"><ent r="3" t="73" w="58" /></phr><phr n="race-conditions"><ent r="3" t="73" w="84" /></phr></stem><stem n="data-object"><phr n="data-objects"><ent r="3" t="73" w="75" /></phr></stem><stem n="certainli"><phr n="certainly"><ent r="3" t="73" w="82" /><ent r="3" t="283" w="199" /><ent r="3" t="283" w="236" /></phr></stem><stem n="-conditions."><phr n="-conditions."><ent r="3" t="73" w="86" /><ent r="3" t="73" w="86" /></phr></stem><stem n="/mobil"><phr n="/mobile"><ent r="3" t="73" w="203" /></phr></stem><stem n="desktop/mobil"><phr n="desktop/mobile"><ent r="3" t="73" w="203" /><ent r="3" t="73" w="202" /></phr></stem><stem n="sens"><phr n="sense"><ent r="3" t="73" w="220" /><ent r="3" t="116" w="55" /><ent r="3" t="142" w="485" /><ent r="4" t="166" w="341" /><ent r="4" t="178" w="13" /><ent r="4" t="184" w="11" /><ent r="4" t="238" w="191" /><ent r="3" t="244" w="453" /><ent r="3" t="261" w="173" /></phr></stem><stem n="&quot;share"><phr n="&quot;Share"><ent r="64" t="73" w="285" /></phr></stem><stem n=":share"><phr n=":Share"><ent r="100" t="74" w="9" /></phr></stem><stem n="-cach"><phr n="-cache"><ent r="64" t="74" w="43" /><ent r="64" t="74" w="43" /><ent r="6" t="195" w="129" /><ent r="6" t="195" w="129" /><ent r="64" t="233" w="117" /><ent r="64" t="233" w="117" /><ent r="3" t="233" w="345" /><ent r="3" t="233" w="345" /></phr></stem><stem n="object-model"><phr n="object-model"><ent r="3" t="74" w="55" /></phr></stem><stem n="-model."><phr n="-model."><ent r="3" t="74" w="57" /><ent r="3" t="74" w="57" /></phr></stem><stem n="-pattern"><phr n="-pattern"><ent r="3" t="74" w="60" /><ent r="3" t="74" w="60" /><ent r="5" t="300" w="634" /><ent r="5" t="300" w="634" /></phr></stem><stem n="access-pattern"><phr n="access-pattern"><ent r="3" t="74" w="60" /></phr></stem><stem n="protect"><phr n="protects"><ent r="4" t="74" w="71" /></phr><phr n="protect"><ent r="3" t="74" w="128" /><ent r="3" t="116" w="233" /><ent r="3" t="126" w="121" /></phr><phr n="protected"><ent r="3" t="74" w="273" /><ent r="5" t="190" w="447" /><ent r="5" t="265" w="576" /><ent r="3" t="276" w="216" /><ent r="3" t="278" w="11" /><ent r="5" t="300" w="186" /><ent r="6" t="300" w="195" /><ent r="6" t="300" w="202" /></phr><phr n="protecting"><ent r="4" t="74" w="336" /><ent r="4" t="74" w="438" /><ent r="2" t="238" w="85" /></phr><phr n="Protected"><ent r="5" t="190" w="575" /></phr></stem><stem n="involv"><phr n="involve"><ent r="4" t="74" w="84" /></phr><phr n="involved"><ent r="3" t="232" w="175" /><ent r="3" t="232" w="188" /><ent r="3" t="258" w="21" /></phr><phr n="involves"><ent r="3" t="232" w="330" /></phr></stem><stem n="-ground"><phr n="-ground"><ent r="3" t="74" w="106" /><ent r="3" t="74" w="106" /><ent r="5" t="74" w="152" /><ent r="5" t="74" w="152" /><ent r="4" t="74" w="184" /><ent r="4" t="74" w="184" /><ent r="5" t="74" w="195" /><ent r="5" t="74" w="195" /><ent r="4" t="74" w="237" /><ent r="4" t="74" w="237" /><ent r="5" t="76" w="80" /><ent r="5" t="76" w="80" /><ent r="4" t="76" w="112" /><ent r="4" t="76" w="112" /><ent r="5" t="76" w="123" /><ent r="5" t="76" w="123" /><ent r="4" t="76" w="165" /><ent r="4" t="76" w="165" /></phr></stem><stem n="back-ground"><phr n="back-ground"><ent r="3" t="74" w="106" /><ent r="5" t="74" w="152" /><ent r="4" t="74" w="184" /><ent r="5" t="74" w="195" /><ent r="4" t="74" w="237" /><ent r="5" t="76" w="80" /><ent r="4" t="76" w="112" /><ent r="5" t="76" w="123" /><ent r="4" t="76" w="165" /></phr></stem><stem n="carri"><phr n="carries"><ent r="3" t="74" w="115" /><ent r="3" t="74" w="145" /><ent r="3" t="76" w="73" /></phr><phr n="carry"><ent r="3" t="292" w="25" /></phr></stem><stem n="background"><phr n="background"><ent r="3" t="74" w="142" /><ent r="3" t="76" w="70" /><ent r="3" t="76" w="185" /><ent r="4" t="76" w="255" /><ent r="4" t="76" w="357" /><ent r="3" t="76" w="368" /><ent r="3" t="207" w="28" /></phr></stem><stem n="do"><phr n="doing"><ent r="3" t="74" w="147" /><ent r="5" t="74" w="174" /><ent r="5" t="74" w="227" /><ent r="3" t="76" w="75" /><ent r="5" t="76" w="102" /><ent r="5" t="76" w="155" /><ent r="4" t="166" w="231" /><ent r="3" t="183" w="38" /><ent r="3" t="242" w="48" /><ent r="3" t="243" w="250" /><ent r="3" t="244" w="399" /><ent r="4" t="286" w="118" /><ent r="65" t="308" w="391" /></phr><phr n="Doing"><ent r="67" t="296" w="68" /><ent r="1000" t="298" w="1" /><ent r="102" t="298" w="6" /></phr></stem><stem n="schedul"><phr n="Schedule"><ent r="5" t="74" w="151" /><ent r="4" t="74" w="183" /><ent r="5" t="74" w="194" /><ent r="4" t="74" w="236" /><ent r="5" t="76" w="79" /><ent r="4" t="76" w="111" /><ent r="5" t="76" w="122" /><ent r="4" t="76" w="164" /></phr></stem><stem n="action&lt;iobjectcontainer&gt;"><phr n="Action&lt;IObjectContainer&gt;"><ent r="4" t="74" w="156" /><ent r="4" t="76" w="84" /></phr></stem><stem n="torun"><phr n="toRun"><ent r="4" t="74" w="157" /><ent r="4" t="74" w="163" /><ent r="4" t="74" w="201" /><ent r="4" t="74" w="216" /><ent r="4" t="76" w="85" /><ent r="4" t="76" w="91" /><ent r="4" t="76" w="129" /><ent r="4" t="76" w="144" /></phr></stem><stem n="updatesomepeopl"><phr n="UpdateSomePeople"><ent r="4" t="74" w="158" /><ent r="4" t="74" w="211" /><ent r="4" t="74" w="279" /><ent r="4" t="74" w="350" /><ent r="4" t="75" w="220" /><ent r="4" t="75" w="299" /><ent r="4" t="76" w="86" /><ent r="4" t="76" w="139" /><ent r="4" t="76" w="192" /><ent r="4" t="76" w="268" /></phr></stem><stem n="waithandl"><phr n="waitHandle"><ent r="4" t="74" w="162" /><ent r="4" t="74" w="215" /><ent r="4" t="76" w="90" /><ent r="4" t="76" w="143" /></phr></stem><stem n="torun.begininvok"><phr n="toRun.BeginInvoke"><ent r="4" t="74" w="164" /><ent r="4" t="74" w="163" /><ent r="4" t="74" w="217" /><ent r="4" t="74" w="216" /><ent r="4" t="76" w="92" /><ent r="4" t="76" w="91" /><ent r="4" t="76" w="145" /><ent r="4" t="76" w="144" /></phr></stem><stem n="begininvok"><phr n="BeginInvoke"><ent r="4" t="74" w="164" /><ent r="4" t="74" w="217" /><ent r="4" t="76" w="92" /><ent r="4" t="76" w="145" /></phr></stem><stem n=".begininvoke(container,"><phr n=".BeginInvoke(container,"><ent r="4" t="74" w="166" /><ent r="4" t="74" w="219" /><ent r="4" t="76" w="94" /><ent r="4" t="76" w="147" /></phr></stem><stem n="listallpeopl"><phr n="ListAllPeople"><ent r="4" t="74" w="178" /><ent r="4" t="74" w="231" /><ent r="4" t="74" w="452" /><ent r="4" t="74" w="504" /><ent r="4" t="74" w="797" /><ent r="4" t="74" w="853" /><ent r="4" t="75" w="61" /><ent r="4" t="75" w="120" /><ent r="4" t="75" w="689" /><ent r="4" t="75" w="747" /><ent r="4" t="76" w="106" /><ent r="4" t="76" w="159" /><ent r="4" t="76" w="379" /><ent r="4" t="76" w="436" /></phr></stem><stem n="lockingoper"><phr n="LockingOperations"><ent r="4" t="74" w="181" /><ent r="4" t="74" w="234" /><ent r="4" t="74" w="331" /><ent r="4" t="74" w="433" /><ent r="4" t="74" w="484" /><ent r="4" t="74" w="554" /></phr></stem><stem n="lockingoperations.c"><phr n="LockingOperations.cs"><ent r="4" t="74" w="182" /><ent r="4" t="74" w="181" /><ent r="4" t="74" w="332" /><ent r="4" t="74" w="331" /><ent r="4" t="74" w="485" /><ent r="4" t="74" w="484" /></phr></stem><stem n="lockingoperations.vb"><phr n="LockingOperations.vb"><ent r="4" t="74" w="235" /><ent r="4" t="74" w="234" /><ent r="4" t="74" w="434" /><ent r="4" t="74" w="433" /><ent r="4" t="74" w="555" /><ent r="4" t="74" w="554" /></phr></stem><stem n="datalock"><phr n="dataLock"><ent r="4" t="74" w="285" /><ent r="4" t="74" w="363" /><ent r="4" t="74" w="458" /><ent r="4" t="74" w="513" /><ent r="4" t="75" w="64" /><ent r="4" t="75" w="96" /><ent r="4" t="75" w="126" /><ent r="4" t="75" w="164" /><ent r="4" t="75" w="223" /><ent r="4" t="75" w="275" /><ent r="4" t="75" w="305" /><ent r="4" t="75" w="368" /><ent r="4" t="99" w="469" /><ent r="4" t="99" w="488" /><ent r="4" t="99" w="538" /><ent r="4" t="99" w="571" /></phr></stem><stem n="(datalock)"><phr n="(dataLock)"><ent r="4" t="74" w="286" /><ent r="4" t="74" w="459" /><ent r="4" t="99" w="470" /><ent r="4" t="99" w="489" /></phr></stem><stem n="joe.nam"><phr n="joe.Name"><ent r="4" t="74" w="322" /><ent r="4" t="74" w="321" /><ent r="4" t="74" w="410" /><ent r="4" t="74" w="409" /><ent r="4" t="74" w="974" /><ent r="4" t="74" w="973" /><ent r="4" t="74" w="1056" /><ent r="4" t="74" w="1055" /><ent r="4" t="75" w="264" /><ent r="4" t="75" w="263" /><ent r="4" t="75" w="355" /><ent r="4" t="75" w="354" /><ent r="4" t="75" w="870" /><ent r="4" t="75" w="869" /><ent r="4" t="75" w="954" /><ent r="4" t="75" w="953" /><ent r="4" t="76" w="239" /><ent r="4" t="76" w="238" /><ent r="4" t="76" w="331" /><ent r="4" t="76" w="330" /><ent r="4" t="253" w="83" /><ent r="4" t="253" w="82" /><ent r="4" t="253" w="197" /><ent r="4" t="253" w="196" /><ent r="4" t="253" w="357" /><ent r="4" t="253" w="356" /><ent r="4" t="253" w="437" /><ent r="4" t="253" w="436" /></phr></stem><stem n=".store(joe);"><phr n=".Store(joe);"><ent r="4" t="74" w="330" /><ent r="4" t="74" w="982" /><ent r="4" t="75" w="272" /><ent r="4" t="75" w="878" /><ent r="4" t="76" w="247" /><ent r="4" t="253" w="97" /><ent r="4" t="253" w="365" /></phr></stem><stem n="(contain"><phr n="(container"><ent r="4" t="74" w="351" /><ent r="4" t="74" w="505" /><ent r="4" t="75" w="121" /><ent r="4" t="75" w="300" /></phr></stem><stem n="synclock"><phr n="SyncLock"><ent r="5" t="74" w="361" /><ent r="5" t="74" w="423" /><ent r="5" t="74" w="511" /><ent r="5" t="74" w="548" /><ent r="5" t="74" w="727" /><ent r="5" t="74" w="761" /><ent r="5" t="99" w="536" /><ent r="5" t="99" w="557" /><ent r="5" t="99" w="569" /><ent r="5" t="99" w="595" /></phr></stem><stem n=".store(joe)"><phr n=".Store(joe)"><ent r="4" t="74" w="418" /><ent r="4" t="74" w="1064" /><ent r="4" t="75" w="363" /><ent r="4" t="75" w="962" /><ent r="4" t="76" w="339" /><ent r="4" t="253" w="213" /><ent r="4" t="253" w="445" /></phr></stem><stem n=".writeline(person.name);"><phr n=".WriteLine(person.Name);"><ent r="4" t="74" w="483" /><ent r="4" t="74" w="834" /><ent r="4" t="75" w="93" /><ent r="4" t="75" w="726" /><ent r="4" t="76" w="414" /></phr></stem><stem n=".writeline(person.name)"><phr n=".WriteLine(person.Name)"><ent r="4" t="74" w="543" /><ent r="4" t="74" w="903" /><ent r="4" t="75" w="159" /><ent r="4" t="75" w="797" /><ent r="4" t="76" w="481" /></phr></stem><stem n="grain"><phr n="grained"><ent r="3" t="74" w="583" /><ent r="3" t="78" w="261" /></phr></stem><stem n="-write"><phr n="-write"><ent r="64" t="74" w="592" /><ent r="64" t="74" w="592" /></phr></stem><stem n="read-writ"><phr n="read-write"><ent r="64" t="74" w="592" /></phr></stem><stem n="intransaction&lt;t&gt;"><phr n="InTransaction&lt;T&gt;"><ent r="4" t="74" w="666" /></phr></stem><stem n="(transactionfunction&lt;t&gt;"><phr n="(TransactionFunction&lt;T&gt;"><ent r="4" t="74" w="667" /><ent r="4" t="75" w="450" /><ent r="4" t="75" w="564" /></phr></stem><stem n="transactionfunction&lt;t&gt;"><phr n="TransactionFunction&lt;T&gt;"><ent r="4" t="74" w="667" /><ent r="4" t="75" w="450" /><ent r="4" t="75" w="564" /></phr></stem><stem n="transactionclosur"><phr n="transactionClosure"><ent r="4" t="74" w="668" /><ent r="4" t="74" w="679" /><ent r="4" t="74" w="715" /><ent r="4" t="74" w="735" /><ent r="4" t="75" w="451" /><ent r="4" t="75" w="460" /><ent r="4" t="75" w="499" /><ent r="4" t="75" w="517" /><ent r="4" t="75" w="565" /><ent r="4" t="75" w="574" /><ent r="4" t="75" w="613" /><ent r="4" t="75" w="631" /></phr></stem><stem n="transactionlock"><phr n="transactionLock"><ent r="4" t="74" w="672" /><ent r="4" t="74" w="729" /><ent r="4" t="75" w="452" /><ent r="4" t="75" w="476" /><ent r="4" t="75" w="510" /><ent r="4" t="75" w="536" /><ent r="4" t="75" w="566" /><ent r="4" t="75" w="590" /><ent r="4" t="75" w="624" /><ent r="4" t="75" w="650" /></phr></stem><stem n="(transactionlock)"><phr n="(transactionLock)"><ent r="4" t="74" w="673" /></phr></stem><stem n="(database);"><phr n="(database);"><ent r="4" t="74" w="681" /><ent r="4" t="75" w="462" /><ent r="4" t="75" w="576" /></phr></stem><stem n="(exception)"><phr n="(Exception)"><ent r="4" t="74" w="685" /><ent r="4" t="75" w="466" /><ent r="4" t="75" w="580" /></phr></stem><stem n="database.rollback"><phr n="database.Rollback"><ent r="4" t="74" w="686" /><ent r="4" t="74" w="685" /><ent r="4" t="74" w="746" /><ent r="4" t="74" w="745" /><ent r="4" t="75" w="467" /><ent r="4" t="75" w="466" /><ent r="4" t="75" w="528" /><ent r="4" t="75" w="527" /><ent r="4" t="75" w="581" /><ent r="4" t="75" w="580" /><ent r="4" t="75" w="642" /><ent r="4" t="75" w="641" /></phr></stem><stem n="database.commit"><phr n="database.Commit"><ent r="4" t="74" w="694" /><ent r="4" t="74" w="693" /><ent r="4" t="74" w="753" /><ent r="4" t="74" w="752" /><ent r="4" t="75" w="475" /><ent r="4" t="75" w="474" /><ent r="4" t="75" w="535" /><ent r="4" t="75" w="534" /><ent r="4" t="75" w="589" /><ent r="4" t="75" w="588" /><ent r="4" t="75" w="649" /><ent r="4" t="75" w="648" /></phr></stem><stem n="databasesupport"><phr n="DatabaseSupport"><ent r="4" t="74" w="696" /><ent r="4" t="74" w="767" /><ent r="4" t="74" w="798" /><ent r="4" t="74" w="858" /><ent r="4" t="74" w="934" /><ent r="4" t="74" w="1006" /></phr></stem><stem n="databasesupport.c"><phr n="DatabaseSupport.cs"><ent r="4" t="74" w="697" /><ent r="4" t="74" w="696" /></phr></stem><stem n="intransact"><phr n="InTransaction"><ent r="4" t="74" w="712" /><ent r="4" t="74" w="801" /><ent r="4" t="74" w="860" /><ent r="4" t="74" w="937" /><ent r="4" t="74" w="1008" /></phr></stem><stem n=")(transactionclosur"><phr n=")(transactionClosure"><ent r="4" t="74" w="715" /><ent r="4" t="75" w="499" /><ent r="4" t="75" w="613" /></phr></stem><stem n="transactionfunct"><phr n="TransactionFunction"><ent r="4" t="74" w="719" /><ent r="4" t="75" w="503" /><ent r="4" t="75" w="617" /></phr></stem><stem n="(database)"><phr n="(database)"><ent r="4" t="74" w="737" /><ent r="4" t="75" w="519" /><ent r="4" t="75" w="633" /></phr></stem><stem n="generatedexceptionnam"><phr n="generatedExceptionName"><ent r="4" t="74" w="740" /><ent r="4" t="75" w="522" /><ent r="4" t="75" w="636" /></phr></stem><stem n="databasesupport.vb"><phr n="DatabaseSupport.vb"><ent r="4" t="74" w="768" /><ent r="4" t="74" w="767" /></phr></stem><stem n="(databasesupport"><phr n="(DatabaseSupport"><ent r="4" t="74" w="798" /><ent r="4" t="74" w="934" /></phr></stem><stem n="dbsupport"><phr n="dbSupport"><ent r="4" t="74" w="799" /><ent r="4" t="74" w="800" /><ent r="4" t="74" w="854" /><ent r="4" t="74" w="859" /><ent r="4" t="74" w="935" /><ent r="4" t="74" w="936" /><ent r="4" t="74" w="1002" /><ent r="4" t="74" w="1007" /><ent r="4" t="75" w="691" /><ent r="4" t="75" w="692" /><ent r="4" t="75" w="748" /><ent r="4" t="75" w="753" /><ent r="4" t="75" w="831" /><ent r="4" t="75" w="832" /><ent r="4" t="75" w="900" /><ent r="4" t="75" w="905" /></phr></stem><stem n="dbsupport.intransact"><phr n="dbSupport.InTransaction"><ent r="4" t="74" w="801" /><ent r="4" t="74" w="800" /><ent r="4" t="74" w="860" /><ent r="4" t="74" w="859" /><ent r="4" t="74" w="937" /><ent r="4" t="74" w="936" /><ent r="4" t="74" w="1008" /><ent r="4" t="74" w="1007" /></phr></stem><stem n=".intransaction("><phr n=".InTransaction("><ent r="4" t="74" w="802" /><ent r="4" t="74" w="861" /><ent r="4" t="74" w="938" /><ent r="4" t="74" w="1009" /></phr></stem><stem n="transactionoper"><phr n="TransactionOperations"><ent r="4" t="74" w="835" /><ent r="4" t="74" w="915" /><ent r="4" t="74" w="983" /><ent r="4" t="74" w="1076" /></phr></stem><stem n="transactionoperations.c"><phr n="TransactionOperations.cs"><ent r="4" t="74" w="836" /><ent r="4" t="74" w="835" /><ent r="4" t="74" w="984" /><ent r="4" t="74" w="983" /></phr></stem><stem n="(dbsupport"><phr n="(dbSupport"><ent r="4" t="74" w="854" /><ent r="4" t="74" w="1002" /><ent r="4" t="75" w="748" /><ent r="4" t="75" w="900" /></phr></stem><stem n="transactionoperations.vb"><phr n="TransactionOperations.vb"><ent r="4" t="74" w="916" /><ent r="4" t="74" w="915" /><ent r="4" t="74" w="1077" /><ent r="4" t="74" w="1076" /></phr></stem><stem n="updatealljo"><phr n="UpdateAllJoes"><ent r="4" t="74" w="933" /><ent r="4" t="74" w="1001" /><ent r="4" t="75" w="829" /><ent r="4" t="75" w="899" /></phr></stem><stem n="alljo"><phr n="allJoes"><ent r="4" t="74" w="943" /><ent r="4" t="74" w="972" /><ent r="4" t="74" w="1016" /><ent r="4" t="74" w="1054" /><ent r="4" t="75" w="839" /><ent r="4" t="75" w="868" /><ent r="4" t="75" w="914" /><ent r="4" t="75" w="952" /></phr></stem><stem n="techniqu"><phr n="techniques"><ent r="3" t="74" w="1101" /></phr></stem><stem n="aspect"><phr n="aspects"><ent r="3" t="74" w="1105" /></phr></stem><stem n="datalock.enterreadlock"><phr n="dataLock.EnterReadLock"><ent r="4" t="75" w="65" /><ent r="4" t="75" w="64" /><ent r="4" t="75" w="127" /><ent r="4" t="75" w="126" /></phr></stem><stem n="enterreadlock"><phr n="EnterReadLock"><ent r="4" t="75" w="65" /><ent r="4" t="75" w="127" /><ent r="4" t="75" w="567" /><ent r="4" t="75" w="625" /></phr></stem><stem n=".enterreadlock();"><phr n=".EnterReadLock();"><ent r="4" t="75" w="66" /><ent r="4" t="75" w="568" /></phr></stem><stem n="datalock.exitreadlock"><phr n="dataLock.ExitReadLock"><ent r="4" t="75" w="97" /><ent r="4" t="75" w="96" /><ent r="4" t="75" w="165" /><ent r="4" t="75" w="164" /></phr></stem><stem n="exitreadlock"><phr n="ExitReadLock"><ent r="4" t="75" w="97" /><ent r="4" t="75" w="165" /><ent r="4" t="75" w="591" /><ent r="4" t="75" w="651" /></phr></stem><stem n=".exitreadlock();"><phr n=".ExitReadLock();"><ent r="4" t="75" w="98" /><ent r="4" t="75" w="592" /></phr></stem><stem n="readwritelockingoper"><phr n="ReadWriteLockingOperations"><ent r="4" t="75" w="99" /><ent r="4" t="75" w="175" /><ent r="4" t="75" w="278" /><ent r="4" t="75" w="379" /></phr></stem><stem n="readwritelockingoperations.c"><phr n="ReadWriteLockingOperations.cs"><ent r="4" t="75" w="100" /><ent r="4" t="75" w="99" /><ent r="4" t="75" w="279" /><ent r="4" t="75" w="278" /></phr></stem><stem n="-lock"><phr n="-lock"><ent r="4" t="75" w="103" /><ent r="4" t="75" w="103" /><ent r="4" t="75" w="179" /><ent r="4" t="75" w="179" /><ent r="4" t="75" w="282" /><ent r="4" t="75" w="282" /><ent r="4" t="75" w="383" /><ent r="4" t="75" w="383" /><ent r="65" t="278" w="27" /><ent r="65" t="278" w="27" /></phr></stem><stem n="read-lock"><phr n="read-lock"><ent r="4" t="75" w="103" /><ent r="4" t="75" w="179" /></phr></stem><stem n=".enterreadlock()"><phr n=".EnterReadLock()"><ent r="4" t="75" w="128" /><ent r="4" t="75" w="626" /></phr></stem><stem n=".exitreadlock()"><phr n=".ExitReadLock()"><ent r="4" t="75" w="166" /><ent r="4" t="75" w="652" /></phr></stem><stem n="readwritelockingoperations.vb"><phr n="ReadWriteLockingOperations.vb"><ent r="4" t="75" w="176" /><ent r="4" t="75" w="175" /><ent r="4" t="75" w="380" /><ent r="4" t="75" w="379" /></phr></stem><stem n="datalock.enterwritelock"><phr n="dataLock.EnterWriteLock"><ent r="4" t="75" w="224" /><ent r="4" t="75" w="223" /><ent r="4" t="75" w="306" /><ent r="4" t="75" w="305" /></phr></stem><stem n="enterwritelock"><phr n="EnterWriteLock"><ent r="4" t="75" w="224" /><ent r="4" t="75" w="306" /><ent r="4" t="75" w="453" /><ent r="4" t="75" w="511" /></phr></stem><stem n=".enterwritelock();"><phr n=".EnterWriteLock();"><ent r="4" t="75" w="225" /><ent r="4" t="75" w="454" /></phr></stem><stem n="datalock.exitwritelock"><phr n="dataLock.ExitWriteLock"><ent r="4" t="75" w="276" /><ent r="4" t="75" w="275" /><ent r="4" t="75" w="369" /><ent r="4" t="75" w="368" /></phr></stem><stem n="exitwritelock"><phr n="ExitWriteLock"><ent r="4" t="75" w="276" /><ent r="4" t="75" w="369" /><ent r="4" t="75" w="477" /><ent r="4" t="75" w="537" /></phr></stem><stem n=".exitwritelock();"><phr n=".ExitWriteLock();"><ent r="4" t="75" w="277" /><ent r="4" t="75" w="478" /></phr></stem><stem n="write-lock"><phr n="write-lock"><ent r="4" t="75" w="282" /><ent r="4" t="75" w="383" /></phr></stem><stem n=".enterwritelock()"><phr n=".EnterWriteLock()"><ent r="4" t="75" w="307" /><ent r="4" t="75" w="512" /></phr></stem><stem n=".exitwritelock()"><phr n=".ExitWriteLock()"><ent r="4" t="75" w="370" /><ent r="4" t="75" w="538" /></phr></stem><stem n="inwritetransaction&lt;t&gt;"><phr n="InWriteTransaction&lt;T&gt;"><ent r="4" t="75" w="449" /></phr></stem><stem n="transactionlock.enterwritelock"><phr n="transactionLock.EnterWriteLock"><ent r="4" t="75" w="453" /><ent r="4" t="75" w="452" /><ent r="4" t="75" w="511" /><ent r="4" t="75" w="510" /></phr></stem><stem n="transactionlock.exitwritelock"><phr n="transactionLock.ExitWriteLock"><ent r="4" t="75" w="477" /><ent r="4" t="75" w="476" /><ent r="4" t="75" w="537" /><ent r="4" t="75" w="536" /></phr></stem><stem n="databasesupportwithreadwritelock"><phr n="DatabaseSupportWithReadWriteLock"><ent r="4" t="75" w="479" /><ent r="4" t="75" w="547" /><ent r="4" t="75" w="593" /><ent r="4" t="75" w="661" /><ent r="4" t="75" w="690" /><ent r="4" t="75" w="752" /><ent r="4" t="75" w="830" /><ent r="4" t="75" w="904" /></phr></stem><stem n="databasesupportwithreadwritelock.c"><phr n="DatabaseSupportWithReadWriteLock.cs"><ent r="4" t="75" w="480" /><ent r="4" t="75" w="479" /><ent r="4" t="75" w="594" /><ent r="4" t="75" w="593" /></phr></stem><stem n="inwritetransact"><phr n="InWriteTransaction"><ent r="4" t="75" w="496" /><ent r="4" t="75" w="833" /><ent r="4" t="75" w="906" /></phr></stem><stem n="databasesupportwithreadwritelock.vb"><phr n="DatabaseSupportWithReadWriteLock.vb"><ent r="4" t="75" w="548" /><ent r="4" t="75" w="547" /><ent r="4" t="75" w="662" /><ent r="4" t="75" w="661" /></phr></stem><stem n="inreadtransaction&lt;t&gt;"><phr n="InReadTransaction&lt;T&gt;"><ent r="4" t="75" w="563" /></phr></stem><stem n="transactionlock.enterreadlock"><phr n="transactionLock.EnterReadLock"><ent r="4" t="75" w="567" /><ent r="4" t="75" w="566" /><ent r="4" t="75" w="625" /><ent r="4" t="75" w="624" /></phr></stem><stem n="transactionlock.exitreadlock"><phr n="transactionLock.ExitReadLock"><ent r="4" t="75" w="591" /><ent r="4" t="75" w="590" /><ent r="4" t="75" w="651" /><ent r="4" t="75" w="650" /></phr></stem><stem n="inreadtransact"><phr n="InReadTransaction"><ent r="4" t="75" w="610" /><ent r="4" t="75" w="693" /><ent r="4" t="75" w="754" /></phr></stem><stem n="(databasesupportwithreadwritelock"><phr n="(DatabaseSupportWithReadWriteLock"><ent r="4" t="75" w="690" /><ent r="4" t="75" w="830" /></phr></stem><stem n="dbsupport.inreadtransact"><phr n="dbSupport.InReadTransaction"><ent r="4" t="75" w="693" /><ent r="4" t="75" w="692" /><ent r="4" t="75" w="754" /><ent r="4" t="75" w="753" /></phr></stem><stem n=".inreadtransaction("><phr n=".InReadTransaction("><ent r="4" t="75" w="694" /><ent r="4" t="75" w="755" /></phr></stem><stem n="readwritetransactionoper"><phr n="ReadWriteTransactionOperations"><ent r="4" t="75" w="727" /><ent r="4" t="75" w="809" /><ent r="4" t="75" w="879" /><ent r="4" t="75" w="974" /></phr></stem><stem n="readwritetransactionoperations.c"><phr n="ReadWriteTransactionOperations.cs"><ent r="4" t="75" w="728" /><ent r="4" t="75" w="727" /><ent r="4" t="75" w="880" /><ent r="4" t="75" w="879" /></phr></stem></index>