﻿<?xml version="1.0" encoding="utf-8"?><index><stem n="suppli"><phr n="supplies"><ent r="3" t="68" w="8" /><ent r="3" t="115" w="10" /></phr><phr n="supplied"><ent r="3" t="127" w="296" /><ent r="3" t="235" w="26" /><ent r="3" t="301" w="108" /></phr><phr n="supply"><ent r="3" t="301" w="152" /><ent r="3" t="301" w="170" /></phr></stem><stem n="hot"><phr n="hot"><ent r="3" t="68" w="9" /></phr></stem><stem n="-user"><phr n="-user"><ent r="3" t="68" w="14" /><ent r="3" t="68" w="14" /></phr></stem><stem n="single-us"><phr n="single-user"><ent r="3" t="68" w="14" /></phr></stem><stem n=".ext().backup("><phr n=".Ext().Backup("><ent r="4" t="68" w="29" /><ent r="4" t="68" w="53" /><ent r="4" t="68" w="104" /><ent r="4" t="68" w="131" /><ent r="4" t="189" w="28" /><ent r="4" t="189" w="55" /></phr></stem><stem n="backup.db4o"><phr n="backup.db4o"><ent r="5" t="68" w="31" /><ent r="5" t="68" w="30" /><ent r="5" t="68" w="55" /><ent r="5" t="68" w="54" /></phr></stem><stem n="&quot;backup.db4o&quot;"><phr n="&quot;backup.db4o&quot;"><ent r="5" t="68" w="32" /><ent r="5" t="68" w="56" /></phr></stem><stem n="backupexampl"><phr n="BackupExample"><ent r="4" t="68" w="34" /><ent r="4" t="68" w="58" /><ent r="4" t="68" w="114" /><ent r="4" t="68" w="141" /><ent r="4" t="189" w="38" /><ent r="4" t="189" w="65" /></phr></stem><stem n="backupexample.c"><phr n="BackupExample.cs"><ent r="4" t="68" w="35" /><ent r="4" t="68" w="34" /><ent r="4" t="68" w="115" /><ent r="4" t="68" w="114" /><ent r="4" t="189" w="39" /><ent r="4" t="189" w="38" /></phr></stem><stem n="backupexample.vb"><phr n="BackupExample.vb"><ent r="4" t="68" w="59" /><ent r="4" t="68" w="58" /><ent r="4" t="68" w="142" /><ent r="4" t="68" w="141" /><ent r="4" t="189" w="66" /><ent r="4" t="189" w="65" /></phr></stem><stem n="(),"><phr n="(),"><ent r="4" t="68" w="108" /><ent r="4" t="68" w="135" /><ent r="3" t="95" w="118" /><ent r="4" t="112" w="1032" /><ent r="4" t="141" w="401" /><ent r="4" t="141" w="440" /><ent r="4" t="189" w="32" /><ent r="4" t="189" w="59" /><ent r="4" t="193" w="455" /><ent r="4" t="193" w="505" /></phr></stem><stem n="advanced-backup"><phr n="advanced-backup"><ent r="5" t="68" w="109" /><ent r="5" t="68" w="136" /><ent r="5" t="189" w="33" /><ent r="5" t="189" w="60" /></phr></stem><stem n="advanced-backup.db4o"><phr n="advanced-backup.db4o"><ent r="5" t="68" w="111" /><ent r="5" t="68" w="110" /><ent r="5" t="68" w="138" /><ent r="5" t="68" w="137" /><ent r="5" t="189" w="35" /><ent r="5" t="189" w="34" /><ent r="5" t="189" w="62" /><ent r="5" t="189" w="61" /></phr></stem><stem n="&quot;advanced-backup.db4o&quot;"><phr n="&quot;advanced-backup.db4o&quot;"><ent r="5" t="68" w="112" /><ent r="5" t="68" w="139" /><ent r="5" t="189" w="36" /><ent r="5" t="189" w="63" /></phr></stem><stem n="dedic"><phr n="dedicated"><ent r="3" t="68" w="175" /><ent r="3" t="174" w="53" /><ent r="3" t="236" w="114" /></phr></stem><stem n="&quot;known&quot;"><phr n="&quot;known&quot;"><ent r="3" t="69" w="41" /></phr></stem><stem n="&quot;comparison"><phr n="&quot;Comparison"><ent r="64" t="69" w="68" /><ent r="64" t="246" w="173" /><ent r="64" t="248" w="38" /><ent r="64" t="249" w="35" /><ent r="64" t="250" w="38" /><ent r="64" t="251" w="36" /><ent r="64" t="260" w="160" /></phr></stem><stem n="float"><phr n="floats"><ent r="3" t="69" w="83" /><ent r="4" t="103" w="91" /><ent r="3" t="111" w="82" /><ent r="3" t="112" w="237" /></phr></stem><stem n="interalid"><phr n="interalId"><ent r="4" t="69" w="140" /><ent r="4" t="69" w="162" /><ent r="4" t="248" w="76" /><ent r="4" t="248" w="98" /></phr></stem><stem n="getid"><phr n="GetID"><ent r="4" t="69" w="143" /><ent r="4" t="69" w="170" /><ent r="4" t="248" w="79" /><ent r="4" t="248" w="106" /></phr><phr n="GetIDs"><ent r="4" t="281" w="324" /><ent r="4" t="281" w="435" /></phr></stem><stem n=".ext().getid(obj);"><phr n=".Ext().GetID(obj);"><ent r="4" t="69" w="145" /><ent r="4" t="248" w="81" /></phr></stem><stem n="db4ointernalidexampl"><phr n="Db4oInternalIdExample"><ent r="4" t="69" w="146" /><ent r="4" t="69" w="173" /><ent r="4" t="69" w="258" /><ent r="4" t="69" w="319" /><ent r="4" t="248" w="82" /><ent r="4" t="248" w="109" /><ent r="4" t="248" w="194" /><ent r="4" t="248" w="255" /></phr></stem><stem n="db4ointernalidexample.c"><phr n="Db4oInternalIdExample.cs"><ent r="4" t="69" w="147" /><ent r="4" t="69" w="146" /><ent r="4" t="69" w="259" /><ent r="4" t="69" w="258" /><ent r="4" t="248" w="83" /><ent r="4" t="248" w="82" /><ent r="4" t="248" w="195" /><ent r="4" t="248" w="194" /></phr></stem><stem n=".ext().getid(obj)"><phr n=".Ext().GetID(obj)"><ent r="4" t="69" w="172" /><ent r="4" t="248" w="108" /></phr></stem><stem n="db4ointernalidexample.vb"><phr n="Db4oInternalIdExample.vb"><ent r="4" t="69" w="174" /><ent r="4" t="69" w="173" /><ent r="4" t="69" w="320" /><ent r="4" t="69" w="319" /><ent r="4" t="248" w="110" /><ent r="4" t="248" w="109" /><ent r="4" t="248" w="256" /><ent r="4" t="248" w="255" /></phr></stem><stem n="internalid"><phr n="internalId"><ent r="4" t="69" w="225" /><ent r="4" t="69" w="234" /><ent r="4" t="69" w="276" /><ent r="4" t="69" w="295" /><ent r="4" t="248" w="161" /><ent r="4" t="248" w="170" /><ent r="4" t="248" w="212" /><ent r="4" t="248" w="231" /></phr></stem><stem n="idforobject"><phr n="idForObject"><ent r="4" t="69" w="226" /><ent r="4" t="69" w="282" /><ent r="4" t="69" w="576" /><ent r="4" t="69" w="627" /><ent r="4" t="248" w="162" /><ent r="4" t="248" w="218" /><ent r="4" t="249" w="210" /><ent r="4" t="249" w="261" /><ent r="4" t="250" w="326" /><ent r="4" t="250" w="369" /></phr></stem><stem n="objectforid"><phr n="objectForID"><ent r="4" t="69" w="230" /><ent r="4" t="69" w="256" /><ent r="4" t="248" w="166" /><ent r="4" t="248" w="192" /></phr><phr n="objectForId"><ent r="4" t="69" w="572" /><ent r="4" t="69" w="598" /><ent r="4" t="249" w="206" /><ent r="4" t="249" w="232" /></phr></stem><stem n="getbyid"><phr n="GetByID"><ent r="4" t="69" w="233" /><ent r="4" t="69" w="294" /><ent r="4" t="248" w="169" /><ent r="4" t="248" w="230" /><ent r="4" t="281" w="346" /><ent r="4" t="281" w="461" /></phr><phr n="getById"><ent r="3" t="127" w="300" /></phr></stem><stem n=".ext().getbyid(internalid);"><phr n=".Ext().GetByID(internalId);"><ent r="4" t="69" w="235" /><ent r="4" t="248" w="171" /></phr></stem><stem n=".ext().activate(objectforid);"><phr n=".Ext().Activate(objectForID);"><ent r="4" t="69" w="257" /><ent r="4" t="248" w="193" /></phr><phr n=".Ext().Activate(objectForId);"><ent r="4" t="69" w="599" /><ent r="4" t="249" w="233" /></phr></stem><stem n="objforid"><phr n="objForID"><ent r="4" t="69" w="286" /><ent r="4" t="69" w="317" /><ent r="4" t="248" w="222" /><ent r="4" t="248" w="253" /></phr><phr n="objForId"><ent r="4" t="69" w="618" /><ent r="4" t="69" w="649" /><ent r="4" t="249" w="252" /><ent r="4" t="249" w="283" /></phr></stem><stem n=".ext().getbyid(internalid)"><phr n=".Ext().GetByID(internalId)"><ent r="4" t="69" w="296" /><ent r="4" t="248" w="232" /></phr></stem><stem n=".ext().activate(objforid)"><phr n=".Ext().Activate(objForID)"><ent r="4" t="69" w="318" /><ent r="4" t="248" w="254" /></phr><phr n=".Ext().Activate(objForId)"><ent r="4" t="69" w="650" /><ent r="4" t="249" w="284" /></phr></stem><stem n="assign"><phr n="assign"><ent r="3" t="69" w="362" /><ent r="3" t="99" w="876" /><ent r="4" t="99" w="968" /><ent r="4" t="99" w="1025" /><ent r="3" t="247" w="189" /><ent r="3" t="247" w="297" /><ent r="4" t="251" w="344" /><ent r="4" t="251" w="401" /></phr><phr n="assigned"><ent r="4" t="98" w="29" /></phr><phr n="Assigning"><ent r="4" t="98" w="32" /></phr></stem><stem n=".file.generateuuid"><phr n=".File.GenerateUUIDs"><ent r="4" t="69" w="391" /><ent r="4" t="69" w="419" /><ent r="4" t="180" w="70" /><ent r="4" t="180" w="98" /><ent r="4" t="180" w="137" /><ent r="4" t="180" w="178" /><ent r="4" t="249" w="55" /><ent r="4" t="249" w="76" /></phr></stem><stem n="configuration.file.generateuuid"><phr n="configuration.File.GenerateUUIDs"><ent r="4" t="69" w="391" /><ent r="4" t="69" w="389" /><ent r="4" t="69" w="419" /><ent r="4" t="69" w="417" /><ent r="4" t="180" w="70" /><ent r="4" t="180" w="68" /><ent r="4" t="180" w="98" /><ent r="4" t="180" w="96" /><ent r="4" t="180" w="137" /><ent r="4" t="180" w="135" /><ent r="4" t="180" w="178" /><ent r="4" t="180" w="176" /><ent r="4" t="249" w="55" /><ent r="4" t="249" w="53" /><ent r="4" t="249" w="76" /><ent r="4" t="249" w="74" /></phr></stem><stem n="generateuuid"><phr n="GenerateUUIDs"><ent r="4" t="69" w="391" /><ent r="4" t="69" w="419" /><ent r="68" t="173" w="199" /><ent r="4" t="180" w="70" /><ent r="4" t="180" w="98" /><ent r="4" t="180" w="137" /><ent r="4" t="180" w="147" /><ent r="4" t="180" w="178" /><ent r="4" t="180" w="188" /><ent r="68" t="209" w="238" /><ent r="4" t="215" w="34" /><ent r="4" t="215" w="69" /><ent r="4" t="249" w="55" /><ent r="4" t="249" w="76" /></phr></stem><stem n="configscop"><phr n="ConfigScope"><ent r="4" t="69" w="392" /><ent r="4" t="69" w="420" /><ent r="4" t="180" w="71" /><ent r="4" t="180" w="99" /><ent r="4" t="180" w="138" /><ent r="4" t="180" w="179" /><ent r="4" t="249" w="56" /><ent r="4" t="249" w="77" /></phr></stem><stem n="configscope.glob"><phr n="ConfigScope.Globally"><ent r="4" t="69" w="393" /><ent r="4" t="69" w="392" /><ent r="4" t="69" w="421" /><ent r="4" t="69" w="420" /><ent r="4" t="180" w="72" /><ent r="4" t="180" w="71" /><ent r="4" t="180" w="100" /><ent r="4" t="180" w="99" /><ent r="4" t="249" w="57" /><ent r="4" t="249" w="56" /><ent r="4" t="249" w="78" /><ent r="4" t="249" w="77" /></phr></stem><stem n=".globally;"><phr n=".Globally;"><ent r="4" t="69" w="394" /><ent r="4" t="180" w="73" /><ent r="4" t="249" w="58" /></phr></stem><stem n="fileconfigur"><phr n="FileConfiguration"><ent r="4" t="69" w="395" /><ent r="4" t="69" w="423" /><ent r="4" t="106" w="154" /><ent r="4" t="106" w="182" /><ent r="4" t="174" w="101" /><ent r="4" t="174" w="132" /><ent r="4" t="175" w="63" /><ent r="4" t="175" w="91" /><ent r="4" t="176" w="134" /><ent r="4" t="176" w="163" /><ent r="4" t="177" w="117" /><ent r="4" t="177" w="144" /><ent r="4" t="178" w="155" /><ent r="4" t="178" w="180" /><ent r="4" t="180" w="74" /><ent r="4" t="180" w="102" /><ent r="4" t="180" w="152" /><ent r="4" t="180" w="193" /><ent r="4" t="181" w="51" /><ent r="4" t="181" w="79" /><ent r="4" t="182" w="79" /><ent r="4" t="182" w="108" /><ent r="4" t="183" w="56" /><ent r="4" t="183" w="86" /><ent r="4" t="184" w="93" /><ent r="4" t="184" w="125" /><ent r="4" t="185" w="137" /><ent r="4" t="185" w="164" /><ent r="4" t="284" w="78" /><ent r="4" t="284" w="107" /></phr></stem><stem n="fileconfiguration.c"><phr n="FileConfiguration.cs"><ent r="4" t="69" w="396" /><ent r="4" t="69" w="395" /><ent r="4" t="106" w="155" /><ent r="4" t="106" w="154" /><ent r="4" t="174" w="102" /><ent r="4" t="174" w="101" /><ent r="4" t="175" w="64" /><ent r="4" t="175" w="63" /><ent r="4" t="176" w="135" /><ent r="4" t="176" w="134" /><ent r="4" t="177" w="118" /><ent r="4" t="177" w="117" /><ent r="4" t="178" w="156" /><ent r="4" t="178" w="155" /><ent r="4" t="180" w="75" /><ent r="4" t="180" w="74" /><ent r="4" t="180" w="153" /><ent r="4" t="180" w="152" /><ent r="4" t="181" w="52" /><ent r="4" t="181" w="51" /><ent r="4" t="182" w="80" /><ent r="4" t="182" w="79" /><ent r="4" t="183" w="57" /><ent r="4" t="183" w="56" /><ent r="4" t="184" w="94" /><ent r="4" t="184" w="93" /><ent r="4" t="185" w="138" /><ent r="4" t="185" w="137" /><ent r="4" t="284" w="79" /><ent r="4" t="284" w="78" /></phr></stem><stem n=".global"><phr n=".Globally"><ent r="4" t="69" w="421" /><ent r="4" t="180" w="100" /><ent r="4" t="249" w="78" /></phr></stem><stem n="fileconfiguration.vb"><phr n="FileConfiguration.vb"><ent r="4" t="69" w="424" /><ent r="4" t="69" w="423" /><ent r="4" t="106" w="183" /><ent r="4" t="106" w="182" /><ent r="4" t="174" w="133" /><ent r="4" t="174" w="132" /><ent r="4" t="175" w="92" /><ent r="4" t="175" w="91" /><ent r="4" t="176" w="164" /><ent r="4" t="176" w="163" /><ent r="4" t="177" w="145" /><ent r="4" t="177" w="144" /><ent r="4" t="178" w="181" /><ent r="4" t="178" w="180" /><ent r="4" t="180" w="103" /><ent r="4" t="180" w="102" /><ent r="4" t="180" w="194" /><ent r="4" t="180" w="193" /><ent r="4" t="181" w="80" /><ent r="4" t="181" w="79" /><ent r="4" t="182" w="109" /><ent r="4" t="182" w="108" /><ent r="4" t="183" w="87" /><ent r="4" t="183" w="86" /><ent r="4" t="184" w="126" /><ent r="4" t="184" w="125" /><ent r="4" t="185" w="165" /><ent r="4" t="185" w="164" /><ent r="4" t="284" w="108" /><ent r="4" t="284" w="107" /></phr></stem><stem n="db4ouuid"><phr n="Db4oUUID"><ent r="4" t="69" w="490" /><ent r="4" t="69" w="517" /><ent r="4" t="249" w="122" /><ent r="4" t="249" w="149" /></phr></stem><stem n="getobjectinfo"><phr n="GetObjectInfo"><ent r="4" t="69" w="494" /><ent r="4" t="69" w="520" /><ent r="4" t="249" w="126" /><ent r="4" t="249" w="152" /></phr></stem><stem n="getuuid"><phr n="GetUUID"><ent r="4" t="69" w="496" /><ent r="4" t="69" w="522" /><ent r="4" t="249" w="128" /><ent r="4" t="249" w="154" /></phr></stem><stem n=".ext().getobjectinfo(obj).getuuid();"><phr n=".Ext().GetObjectInfo(obj).GetUUID();"><ent r="4" t="69" w="497" /><ent r="4" t="249" w="129" /></phr></stem><stem n="db4ouuidexampl"><phr n="Db4oUuidExample"><ent r="4" t="69" w="498" /><ent r="4" t="69" w="524" /><ent r="4" t="69" w="600" /><ent r="4" t="69" w="651" /><ent r="4" t="249" w="59" /><ent r="4" t="249" w="80" /><ent r="4" t="249" w="130" /><ent r="4" t="249" w="156" /><ent r="4" t="249" w="234" /><ent r="4" t="249" w="285" /></phr></stem><stem n="db4ouuidexample.c"><phr n="Db4oUuidExample.cs"><ent r="4" t="69" w="499" /><ent r="4" t="69" w="498" /><ent r="4" t="69" w="601" /><ent r="4" t="69" w="600" /><ent r="4" t="249" w="60" /><ent r="4" t="249" w="59" /><ent r="4" t="249" w="131" /><ent r="4" t="249" w="130" /><ent r="4" t="249" w="235" /><ent r="4" t="249" w="234" /></phr></stem><stem n="-uuid"><phr n="-uuid"><ent r="4" t="69" w="502" /><ent r="4" t="69" w="502" /><ent r="4" t="69" w="528" /><ent r="4" t="69" w="528" /><ent r="4" t="69" w="607" /><ent r="4" t="69" w="607" /><ent r="4" t="69" w="658" /><ent r="4" t="69" w="658" /><ent r="4" t="249" w="134" /><ent r="4" t="249" w="134" /><ent r="4" t="249" w="160" /><ent r="4" t="249" w="160" /><ent r="4" t="249" w="241" /><ent r="4" t="249" w="241" /><ent r="4" t="249" w="292" /><ent r="4" t="249" w="292" /></phr><phr n="-UUIDs"><ent r="3" t="249" w="16" /><ent r="3" t="249" w="16" /><ent r="3" t="249" w="45" /><ent r="3" t="249" w="45" /></phr><phr n="-uuids"><ent r="4" t="249" w="61" /><ent r="4" t="249" w="61" /><ent r="4" t="249" w="82" /><ent r="4" t="249" w="82" /></phr></stem><stem n="db4o-uuid"><phr n="db4o-uuid"><ent r="4" t="69" w="502" /><ent r="4" t="69" w="528" /><ent r="4" t="69" w="607" /><ent r="4" t="69" w="658" /><ent r="4" t="249" w="134" /><ent r="4" t="249" w="160" /><ent r="4" t="249" w="241" /><ent r="4" t="249" w="292" /></phr><phr n="db4o-UUIDs"><ent r="3" t="249" w="16" /><ent r="3" t="249" w="31" /><ent r="3" t="249" w="45" /></phr><phr n="db4o-uuids"><ent r="4" t="249" w="61" /><ent r="4" t="249" w="82" /></phr></stem><stem n=".ext().getobjectinfo(obj).getuuid()"><phr n=".Ext().GetObjectInfo(obj).GetUUID()"><ent r="4" t="69" w="523" /><ent r="4" t="249" w="155" /></phr></stem><stem n="db4ouuidexample.vb"><phr n="Db4oUuidExample.vb"><ent r="4" t="69" w="525" /><ent r="4" t="69" w="524" /><ent r="4" t="69" w="652" /><ent r="4" t="69" w="651" /><ent r="4" t="249" w="81" /><ent r="4" t="249" w="80" /><ent r="4" t="249" w="157" /><ent r="4" t="249" w="156" /><ent r="4" t="249" w="286" /><ent r="4" t="249" w="285" /></phr></stem><stem n="uuidthat"><phr n="UUIDthat"><ent r="3" t="69" w="555" /></phr></stem><stem n="getbyuuid"><phr n="GetByUUID"><ent r="4" t="69" w="575" /><ent r="4" t="69" w="626" /><ent r="4" t="249" w="209" /><ent r="4" t="249" w="260" /></phr></stem><stem n=".ext().getbyuuid(idforobject);"><phr n=".Ext().GetByUUID(idForObject);"><ent r="4" t="69" w="577" /><ent r="4" t="249" w="211" /></phr></stem><stem n=".ext().getbyuuid(idforobject)"><phr n=".Ext().GetByUUID(idForObject)"><ent r="4" t="69" w="628" /><ent r="4" t="249" w="262" /></phr></stem><stem n="classesindb"><phr n="classesInDB"><ent r="4" t="70" w="110" /><ent r="4" t="70" w="122" /><ent r="4" t="70" w="166" /><ent r="4" t="70" w="187" /></phr></stem><stem n=".ext().storedclasses();"><phr n=".Ext().StoredClasses();"><ent r="4" t="70" w="114" /></phr></stem><stem n="(istoredclass"><phr n="(IStoredClass"><ent r="4" t="70" w="117" /></phr></stem><stem n="storedclass.getnam"><phr n="storedClass.GetName"><ent r="4" t="70" w="126" /><ent r="4" t="70" w="125" /><ent r="4" t="70" w="191" /><ent r="4" t="70" w="190" /></phr></stem><stem n=".writeline(storedclass.getname());"><phr n=".WriteLine(storedClass.GetName());"><ent r="4" t="70" w="127" /></phr></stem><stem n="(person));"><phr n="(Person));"><ent r="4" t="70" w="143" /><ent r="4" t="70" w="332" /><ent r="4" t="70" w="677" /></phr></stem><stem n="metainfoexampl"><phr n="MetaInfoExample"><ent r="4" t="70" w="144" /><ent r="4" t="70" w="216" /><ent r="4" t="70" w="437" /><ent r="4" t="70" w="594" /><ent r="4" t="70" w="719" /><ent r="4" t="70" w="818" /></phr></stem><stem n="metainfoexample.c"><phr n="MetaInfoExample.cs"><ent r="4" t="70" w="145" /><ent r="4" t="70" w="144" /><ent r="4" t="70" w="438" /><ent r="4" t="70" w="437" /><ent r="4" t="70" w="720" /><ent r="4" t="70" w="719" /></phr></stem><stem n=".ext().storedclasses()"><phr n=".Ext().StoredClasses()"><ent r="4" t="70" w="174" /></phr></stem><stem n=".writeline(storedclass.getname())"><phr n=".WriteLine(storedClass.GetName())"><ent r="4" t="70" w="192" /></phr></stem><stem n="metainfoexample.vb"><phr n="MetaInfoExample.vb"><ent r="4" t="70" w="217" /><ent r="4" t="70" w="216" /><ent r="4" t="70" w="595" /><ent r="4" t="70" w="594" /><ent r="4" t="70" w="819" /><ent r="4" t="70" w="818" /></phr></stem><stem n="metainfoforperson"><phr n="metaInfoForPerson"><ent r="4" t="70" w="324" /><ent r="4" t="70" w="345" /><ent r="4" t="70" w="366" /><ent r="4" t="70" w="398" /><ent r="4" t="70" w="451" /><ent r="4" t="70" w="481" /><ent r="4" t="70" w="508" /><ent r="4" t="70" w="545" /></phr></stem><stem n="metainfoforperson.getstoredfield"><phr n="metaInfoForPerson.GetStoredFields"><ent r="4" t="70" w="346" /><ent r="4" t="70" w="345" /><ent r="4" t="70" w="482" /><ent r="4" t="70" w="481" /></phr></stem><stem n="&quot;field:"><phr n="&quot;Field:"><ent r="5" t="70" w="351" /><ent r="5" t="70" w="487" /></phr></stem><stem n=".getname());"><phr n=".GetName());"><ent r="4" t="70" w="355" /></phr></stem><stem n="'name'"><phr n="'name'"><ent r="5" t="70" w="360" /><ent r="5" t="70" w="497" /></phr></stem><stem n="namefield"><phr n="nameField"><ent r="4" t="70" w="365" /><ent r="4" t="70" w="503" /></phr></stem><stem n="metainfoforperson.storedfield"><phr n="metaInfoForPerson.StoredField"><ent r="4" t="70" w="367" /><ent r="4" t="70" w="366" /><ent r="4" t="70" w="399" /><ent r="4" t="70" w="398" /><ent r="4" t="70" w="509" /><ent r="4" t="70" w="508" /><ent r="4" t="70" w="546" /><ent r="4" t="70" w="545" /></phr></stem><stem n=".storedfield("><phr n=".StoredField("><ent r="4" t="70" w="368" /><ent r="4" t="70" w="400" /><ent r="4" t="70" w="510" /><ent r="4" t="70" w="547" /><ent r="4" t="70" w="681" /><ent r="4" t="70" w="756" /><ent r="4" t="121" w="308" /><ent r="4" t="121" w="476" /></phr></stem><stem n="'name'."><phr n="'name'."><ent r="5" t="70" w="380" /><ent r="5" t="70" w="522" /></phr></stem><stem n="agefield"><phr n="ageField"><ent r="4" t="70" w="397" /><ent r="4" t="70" w="420" /><ent r="4" t="70" w="433" /><ent r="4" t="70" w="540" /><ent r="4" t="70" w="572" /><ent r="4" t="70" w="590" /></phr></stem><stem n="isagefieldindex"><phr n="isAgeFieldIndexed"><ent r="4" t="70" w="419" /><ent r="4" t="70" w="566" /></phr></stem><stem n="agefield.hasindex"><phr n="ageField.HasIndex"><ent r="4" t="70" w="421" /><ent r="4" t="70" w="420" /><ent r="4" t="70" w="573" /><ent r="4" t="70" w="572" /></phr></stem><stem n=".hasindex();"><phr n=".HasIndex();"><ent r="4" t="70" w="422" /></phr></stem><stem n="fieldtyp"><phr n="fieldType"><ent r="4" t="70" w="432" /><ent r="4" t="70" w="584" /></phr></stem><stem n="agefield.getstoredtyp"><phr n="ageField.GetStoredType"><ent r="4" t="70" w="434" /><ent r="4" t="70" w="433" /><ent r="4" t="70" w="591" /><ent r="4" t="70" w="590" /></phr></stem><stem n="getstoredtyp"><phr n="GetStoredType"><ent r="4" t="70" w="434" /><ent r="4" t="70" w="591" /></phr></stem><stem n=".getstoredtype().getname();"><phr n=".GetStoredType().GetName();"><ent r="4" t="70" w="436" /></phr></stem><stem n=".getname())"><phr n=".GetName())"><ent r="4" t="70" w="490" /></phr></stem><stem n=".getstoredtype().getname()"><phr n=".GetStoredType().GetName()"><ent r="4" t="70" w="593" /></phr></stem><stem n="metaforperson"><phr n="metaForPerson"><ent r="4" t="70" w="669" /><ent r="4" t="70" w="679" /><ent r="4" t="70" w="734" /><ent r="4" t="70" w="754" /></phr></stem><stem n="metanamefield"><phr n="metaNameField"><ent r="4" t="70" w="678" /><ent r="4" t="70" w="707" /><ent r="4" t="70" w="749" /><ent r="4" t="70" w="802" /></phr></stem><stem n="metaforperson.storedfield"><phr n="metaForPerson.StoredField"><ent r="4" t="70" w="680" /><ent r="4" t="70" w="679" /><ent r="4" t="70" w="755" /><ent r="4" t="70" w="754" /></phr></stem><stem n="ilist&lt;person&gt;"><phr n="IList&lt;Person&gt;"><ent r="4" t="70" w="687" /><ent r="4" t="121" w="264" /><ent r="4" t="265" w="282" /><ent r="4" t="265" w="344" /></phr></stem><stem n="container.query&lt;person&gt;"><phr n="container.Query&lt;Person&gt;"><ent r="4" t="70" w="690" /><ent r="4" t="70" w="689" /><ent r="4" t="121" w="267" /><ent r="4" t="121" w="266" /></phr></stem><stem n=".query&lt;person&gt;();"><phr n=".Query&lt;Person&gt;();"><ent r="4" t="70" w="691" /><ent r="4" t="121" w="268" /></phr></stem><stem n="metanamefield.get"><phr n="metaNameField.Get"><ent r="4" t="70" w="708" /><ent r="4" t="70" w="707" /></phr></stem><stem n=".get(person);"><phr n=".Get(person);"><ent r="4" t="70" w="710" /><ent r="4" t="121" w="343" /></phr></stem><stem n="&quot;name"><phr n="&quot;Name"><ent r="5" t="70" w="713" /><ent r="5" t="70" w="813" /></phr></stem><stem n="(metanamefield."><phr n="(metaNameField."><ent r="4" t="70" w="803" /></phr></stem><stem n="statist"><phr n="Statistics"><ent r="1000" t="71" w="5" /><ent r="102" t="71" w="11" /><ent r="92" t="71" w="101" /><ent r="3" t="132" w="44" /><ent r="92" t="132" w="150" /><ent r="92" t="134" w="124" /><ent r="92" t="134" w="202" /><ent r="92" t="135" w="103" /><ent r="92" t="136" w="93" /><ent r="92" t="137" w="94" /><ent r="92" t="138" w="169" /><ent r="92" t="139" w="106" /><ent r="64" t="144" w="79" /><ent r="64" t="144" w="95" /><ent r="64" t="144" w="109" /><ent r="64" t="144" w="125" /><ent r="64" t="144" w="139" /><ent r="64" t="144" w="152" /><ent r="64" t="144" w="167" /></phr><phr n="statistics"><ent r="3" t="71" w="20" /><ent r="3" t="71" w="106" /><ent r="3" t="71" w="122" /><ent r="3" t="71" w="137" /><ent r="5" t="92" w="453" /><ent r="6" t="92" w="466" /><ent r="4" t="98" w="26" /><ent r="3" t="132" w="15" /><ent r="3" t="132" w="106" /><ent r="3" t="132" w="121" /><ent r="3" t="132" w="142" /><ent r="3" t="132" w="154" /><ent r="3" t="133" w="15" /><ent r="3" t="133" w="36" /><ent r="3" t="134" w="59" /><ent r="3" t="135" w="15" /><ent r="3" t="135" w="44" /><ent r="4" t="135" w="70" /><ent r="4" t="135" w="92" /><ent r="3" t="138" w="62" /><ent r="3" t="261" w="88" /></phr><phr n="statistic"><ent r="5" t="92" w="457" /></phr></stem><stem n="-check,"><phr n="-check,"><ent r="3" t="71" w="47" /><ent r="3" t="71" w="47" /><ent r="3" t="281" w="121" /><ent r="3" t="281" w="121" /></phr></stem><stem n="-check"><phr n="-check"><ent r="3" t="71" w="52" /><ent r="3" t="71" w="52" /><ent r="5" t="92" w="209" /><ent r="5" t="92" w="209" /><ent r="3" t="281" w="126" /><ent r="3" t="281" w="126" /></phr></stem><stem n=".db4o"><phr n=".db4o"><ent r="3" t="71" w="54" /><ent r="3" t="71" w="118" /><ent r="6" t="92" w="468" /><ent r="3" t="281" w="128" /><ent r="6" t="299" w="291" /></phr><phr n=".Db4o"><ent r="4" t="269" w="29" /><ent r="6" t="299" w="293" /></phr></stem><stem n="intact"><phr n="intact"><ent r="3" t="71" w="79" /><ent r="3" t="281" w="153" /><ent r="3" t="281" w="231" /><ent r="3" t="281" w="263" /><ent r="3" t="281" w="308" /><ent r="4" t="281" w="411" /><ent r="4" t="281" w="535" /></phr><phr n="Intact"><ent r="92" t="281" w="244" /></phr></stem><stem n="repair"><phr n="repair"><ent r="3" t="71" w="86" /><ent r="3" t="281" w="160" /></phr></stem><stem n="corrupt"><phr n="corrupted"><ent r="3" t="71" w="96" /><ent r="4" t="126" w="209" /><ent r="8" t="173" w="122" /><ent r="4" t="178" w="20" /><ent r="4" t="184" w="18" /><ent r="3" t="184" w="43" /><ent r="3" t="184" w="79" /><ent r="4" t="184" w="101" /><ent r="4" t="184" w="133" /><ent r="4" t="278" w="48" /><ent r="3" t="281" w="63" /><ent r="3" t="281" w="170" /><ent r="3" t="281" w="184" /><ent r="3" t="281" w="218" /></phr><phr n="corruption"><ent r="5" t="116" w="150" /><ent r="3" t="126" w="175" /><ent r="3" t="191" w="165" /><ent r="5" t="191" w="209" /><ent r="5" t="191" w="277" /><ent r="3" t="278" w="13" /><ent r="3" t="281" w="43" /></phr><phr n="Corruption"><ent r="3" t="174" w="233" /></phr><phr n="corrupt"><ent r="3" t="191" w="338" /><ent r="3" t="280" w="65" /><ent r="3" t="281" w="33" /><ent r="3" t="281" w="93" /></phr><phr n="Corrupt"><ent r="92" t="280" w="46" /><ent r="64" t="280" w="72" /><ent r="1000" t="281" w="4" /><ent r="102" t="281" w="10" /></phr></stem><stem n="fileusag"><phr n="fileusage"><ent r="3" t="71" w="110" /><ent r="3" t="71" w="116" /><ent r="5" t="92" w="286" /></phr></stem><stem n="-fileusage,"><phr n="-fileusage,"><ent r="3" t="71" w="111" /><ent r="3" t="71" w="111" /></phr></stem><stem n="-fileusag"><phr n="-fileusage"><ent r="3" t="71" w="116" /><ent r="3" t="71" w="116" /><ent r="5" t="92" w="286" /><ent r="5" t="92" w="286" /></phr></stem><stem n="byte"><phr n="bytes"><ent r="3" t="71" w="132" /><ent r="5" t="72" w="41" /><ent r="5" t="72" w="75" /><ent r="3" t="72" w="100" /><ent r="4" t="103" w="90" /><ent r="4" t="117" w="131" /><ent r="4" t="117" w="138" /><ent r="4" t="117" w="142" /><ent r="4" t="117" w="210" /><ent r="4" t="117" w="222" /><ent r="4" t="117" w="226" /><ent r="4" t="136" w="95" /><ent r="3" t="136" w="103" /><ent r="4" t="136" w="112" /><ent r="3" t="136" w="120" /><ent r="4" t="138" w="172" /><ent r="3" t="138" w="180" /><ent r="4" t="138" w="191" /><ent r="3" t="138" w="199" /><ent r="3" t="169" w="70" /><ent r="3" t="177" w="51" /><ent r="5" t="179" w="148" /><ent r="5" t="179" w="181" /><ent r="3" t="185" w="13" /><ent r="3" t="185" w="36" /><ent r="3" t="188" w="425" /><ent r="4" t="193" w="202" /><ent r="4" t="193" w="241" /><ent r="4" t="193" w="470" /><ent r="4" t="193" w="518" /><ent r="3" t="284" w="188" /></phr><phr n="Byte"><ent r="4" t="105" w="84" /><ent r="3" t="111" w="32" /><ent r="5" t="117" w="214" /><ent r="5" t="117" w="402" /><ent r="5" t="117" w="407" /><ent r="4" t="193" w="454" /><ent r="4" t="193" w="504" /></phr><phr n="byte"><ent r="92" t="105" w="128" /><ent r="3" t="105" w="155" /><ent r="3" t="106" w="23" /><ent r="3" t="116" w="30" /><ent r="3" t="116" w="73" /><ent r="5" t="117" w="129" /><ent r="4" t="117" w="271" /><ent r="4" t="117" w="284" /><ent r="4" t="117" w="289" /><ent r="5" t="117" w="326" /><ent r="5" t="117" w="332" /><ent r="3" t="169" w="21" /><ent r="3" t="169" w="80" /><ent r="3" t="169" w="103" /><ent r="3" t="177" w="77" /><ent r="3" t="177" w="105" /><ent r="3" t="188" w="150" /><ent r="4" t="193" w="189" /><ent r="4" t="193" w="228" /><ent r="3" t="284" w="184" /><ent r="4" t="305" w="117" /><ent r="4" t="306" w="113" /></phr></stem></index>