﻿<?xml version="1.0" encoding="utf-8"?><index><stem n="newconfigur"><phr n="NewConfiguration"><ent r="4" t="46" w="366" /><ent r="4" t="46" w="404" /><ent r="4" t="49" w="74" /><ent r="4" t="49" w="109" /><ent r="4" t="49" w="180" /><ent r="4" t="49" w="219" /><ent r="4" t="50" w="624" /><ent r="4" t="50" w="659" /><ent r="4" t="50" w="896" /><ent r="4" t="50" w="935" /><ent r="4" t="54" w="141" /><ent r="4" t="54" w="174" /><ent r="4" t="57" w="68" /><ent r="4" t="57" w="116" /><ent r="4" t="59" w="175" /><ent r="4" t="59" w="213" /><ent r="4" t="69" w="388" /><ent r="4" t="69" w="416" /><ent r="4" t="81" w="87" /><ent r="4" t="81" w="146" /><ent r="4" t="106" w="146" /><ent r="4" t="106" w="175" /><ent r="4" t="112" w="60" /><ent r="4" t="112" w="92" /><ent r="4" t="112" w="1385" /><ent r="4" t="112" w="1420" /><ent r="4" t="114" w="725" /><ent r="4" t="114" w="772" /><ent r="4" t="116" w="155" /><ent r="4" t="116" w="192" /><ent r="4" t="117" w="705" /><ent r="4" t="117" w="742" /><ent r="4" t="129" w="116" /><ent r="4" t="129" w="145" /><ent r="4" t="140" w="53" /><ent r="4" t="140" w="84" /><ent r="4" t="141" w="388" /><ent r="4" t="141" w="427" /><ent r="4" t="142" w="128" /><ent r="4" t="142" w="165" /><ent r="4" t="145" w="55" /><ent r="4" t="145" w="81" /><ent r="4" t="145" w="179" /><ent r="4" t="145" w="211" /><ent r="4" t="146" w="87" /><ent r="4" t="146" w="114" /><ent r="4" t="146" w="212" /><ent r="4" t="146" w="244" /><ent r="4" t="148" w="72" /><ent r="4" t="148" w="120" /><ent r="4" t="149" w="81" /><ent r="4" t="149" w="109" /><ent r="4" t="150" w="186" /><ent r="4" t="150" w="214" /><ent r="4" t="151" w="89" /><ent r="4" t="151" w="116" /><ent r="4" t="152" w="92" /><ent r="4" t="152" w="119" /><ent r="4" t="152" w="164" /><ent r="4" t="152" w="196" /><ent r="4" t="153" w="113" /><ent r="4" t="153" w="141" /><ent r="4" t="154" w="26" /><ent r="4" t="154" w="57" /><ent r="4" t="155" w="52" /><ent r="4" t="155" w="83" /><ent r="4" t="156" w="32" /><ent r="4" t="156" w="59" /><ent r="4" t="157" w="45" /><ent r="4" t="157" w="77" /><ent r="4" t="158" w="56" /><ent r="4" t="158" w="83" /><ent r="4" t="159" w="54" /><ent r="4" t="159" w="81" /><ent r="4" t="160" w="29" /><ent r="4" t="160" w="62" /><ent r="4" t="161" w="63" /><ent r="4" t="161" w="94" /><ent r="4" t="163" w="40" /><ent r="4" t="163" w="68" /><ent r="4" t="164" w="134" /><ent r="4" t="164" w="163" /><ent r="4" t="168" w="106" /><ent r="4" t="168" w="135" /><ent r="4" t="169" w="152" /><ent r="4" t="169" w="180" /><ent r="4" t="170" w="72" /><ent r="4" t="170" w="102" /><ent r="4" t="171" w="47" /><ent r="4" t="171" w="76" /><ent r="4" t="172" w="64" /><ent r="4" t="172" w="92" /><ent r="4" t="174" w="93" /><ent r="4" t="174" w="125" /><ent r="4" t="175" w="55" /><ent r="4" t="175" w="84" /><ent r="4" t="176" w="128" /><ent r="4" t="176" w="157" /><ent r="4" t="177" w="111" /><ent r="4" t="177" w="138" /><ent r="4" t="178" w="150" /><ent r="4" t="178" w="175" /><ent r="4" t="179" w="142" /><ent r="4" t="179" w="175" /><ent r="4" t="179" w="276" /><ent r="4" t="179" w="304" /><ent r="4" t="179" w="396" /><ent r="4" t="179" w="422" /><ent r="4" t="179" w="520" /><ent r="4" t="179" w="551" /><ent r="4" t="180" w="67" /><ent r="4" t="180" w="95" /><ent r="4" t="180" w="134" /><ent r="4" t="180" w="175" /><ent r="4" t="181" w="43" /><ent r="4" t="181" w="72" /><ent r="4" t="182" w="71" /><ent r="4" t="182" w="101" /><ent r="4" t="183" w="48" /><ent r="4" t="183" w="77" /><ent r="4" t="184" w="85" /><ent r="4" t="184" w="118" /><ent r="4" t="185" w="130" /><ent r="4" t="185" w="157" /><ent r="4" t="187" w="32" /><ent r="4" t="187" w="77" /><ent r="4" t="187" w="163" /><ent r="4" t="187" w="214" /><ent r="4" t="188" w="44" /><ent r="4" t="188" w="87" /><ent r="4" t="188" w="287" /><ent r="4" t="188" w="329" /><ent r="4" t="190" w="70" /><ent r="4" t="190" w="123" /><ent r="4" t="191" w="192" /><ent r="4" t="191" w="254" /><ent r="4" t="194" w="44" /><ent r="4" t="194" w="85" /><ent r="4" t="210" w="62" /><ent r="4" t="210" w="94" /><ent r="4" t="211" w="23" /><ent r="4" t="211" w="59" /><ent r="4" t="212" w="44" /><ent r="4" t="212" w="80" /><ent r="4" t="213" w="70" /><ent r="4" t="213" w="106" /><ent r="4" t="214" w="45" /><ent r="4" t="214" w="78" /><ent r="4" t="215" w="26" /><ent r="4" t="215" w="61" /><ent r="4" t="216" w="48" /><ent r="4" t="216" w="80" /><ent r="4" t="217" w="48" /><ent r="4" t="217" w="80" /><ent r="4" t="218" w="80" /><ent r="4" t="218" w="112" /><ent r="4" t="219" w="29" /><ent r="4" t="219" w="64" /><ent r="4" t="220" w="40" /><ent r="4" t="220" w="77" /><ent r="4" t="221" w="33" /><ent r="4" t="221" w="67" /><ent r="4" t="222" w="61" /><ent r="4" t="222" w="93" /><ent r="4" t="223" w="204" /><ent r="4" t="223" w="242" /><ent r="4" t="223" w="354" /><ent r="4" t="223" w="398" /><ent r="4" t="223" w="477" /><ent r="4" t="223" w="521" /><ent r="4" t="223" w="579" /><ent r="4" t="223" w="623" /><ent r="4" t="223" w="678" /><ent r="4" t="223" w="715" /><ent r="4" t="224" w="137" /><ent r="4" t="224" w="167" /><ent r="4" t="224" w="229" /><ent r="4" t="224" w="260" /><ent r="4" t="224" w="326" /><ent r="4" t="224" w="354" /><ent r="4" t="224" w="450" /><ent r="4" t="224" w="478" /><ent r="4" t="224" w="526" /><ent r="4" t="224" w="557" /><ent r="5" t="259" w="151" /><ent r="5" t="259" w="178" /><ent r="4" t="264" w="380" /><ent r="4" t="264" w="418" /><ent r="4" t="266" w="112" /><ent r="4" t="266" w="149" /><ent r="4" t="266" w="571" /><ent r="4" t="266" w="614" /><ent r="4" t="275" w="470" /><ent r="4" t="275" w="508" /><ent r="5" t="277" w="166" /><ent r="5" t="277" w="217" /><ent r="4" t="284" w="72" /><ent r="4" t="284" w="101" /></phr></stem><stem n=".newconfiguration();"><phr n=".NewConfiguration();"><ent r="4" t="46" w="367" /><ent r="4" t="49" w="75" /><ent r="4" t="49" w="181" /><ent r="4" t="50" w="625" /><ent r="4" t="50" w="897" /><ent r="4" t="54" w="142" /><ent r="4" t="57" w="69" /><ent r="4" t="59" w="176" /><ent r="4" t="69" w="389" /><ent r="4" t="81" w="88" /><ent r="4" t="106" w="147" /><ent r="4" t="112" w="61" /><ent r="4" t="112" w="1386" /><ent r="4" t="114" w="726" /><ent r="4" t="116" w="156" /><ent r="4" t="117" w="706" /><ent r="4" t="129" w="117" /><ent r="4" t="140" w="54" /><ent r="4" t="141" w="389" /><ent r="4" t="142" w="129" /><ent r="4" t="145" w="56" /><ent r="4" t="145" w="180" /><ent r="4" t="146" w="88" /><ent r="4" t="146" w="213" /><ent r="4" t="148" w="73" /><ent r="4" t="149" w="82" /><ent r="4" t="150" w="187" /><ent r="4" t="151" w="90" /><ent r="4" t="152" w="93" /><ent r="4" t="152" w="165" /><ent r="4" t="153" w="114" /><ent r="4" t="154" w="27" /><ent r="4" t="155" w="53" /><ent r="4" t="156" w="33" /><ent r="4" t="157" w="46" /><ent r="4" t="158" w="57" /><ent r="4" t="159" w="55" /><ent r="4" t="160" w="30" /><ent r="4" t="161" w="64" /><ent r="4" t="163" w="41" /><ent r="4" t="164" w="135" /><ent r="4" t="168" w="107" /><ent r="4" t="169" w="153" /><ent r="4" t="170" w="73" /><ent r="4" t="171" w="48" /><ent r="4" t="172" w="65" /><ent r="4" t="174" w="94" /><ent r="4" t="175" w="56" /><ent r="4" t="176" w="129" /><ent r="4" t="177" w="112" /><ent r="4" t="178" w="151" /><ent r="4" t="179" w="143" /><ent r="4" t="179" w="277" /><ent r="4" t="179" w="397" /><ent r="4" t="179" w="521" /><ent r="4" t="180" w="68" /><ent r="4" t="180" w="135" /><ent r="4" t="181" w="44" /><ent r="4" t="182" w="72" /><ent r="4" t="183" w="49" /><ent r="4" t="184" w="86" /><ent r="4" t="185" w="131" /><ent r="4" t="187" w="33" /><ent r="4" t="187" w="164" /><ent r="4" t="188" w="45" /><ent r="4" t="188" w="288" /><ent r="4" t="190" w="71" /><ent r="4" t="191" w="193" /><ent r="4" t="194" w="45" /><ent r="4" t="210" w="63" /><ent r="4" t="211" w="24" /><ent r="4" t="212" w="45" /><ent r="4" t="213" w="71" /><ent r="4" t="214" w="46" /><ent r="4" t="215" w="27" /><ent r="4" t="216" w="49" /><ent r="4" t="217" w="49" /><ent r="4" t="218" w="81" /><ent r="4" t="219" w="30" /><ent r="4" t="220" w="41" /><ent r="4" t="221" w="34" /><ent r="4" t="222" w="62" /><ent r="4" t="223" w="205" /><ent r="4" t="223" w="355" /><ent r="4" t="223" w="478" /><ent r="4" t="223" w="580" /><ent r="4" t="223" w="679" /><ent r="4" t="224" w="138" /><ent r="4" t="224" w="230" /><ent r="4" t="224" w="327" /><ent r="4" t="224" w="451" /><ent r="4" t="224" w="527" /><ent r="5" t="259" w="152" /><ent r="4" t="264" w="381" /><ent r="4" t="266" w="113" /><ent r="4" t="266" w="572" /><ent r="4" t="275" w="471" /><ent r="5" t="277" w="167" /><ent r="4" t="284" w="73" /></phr></stem><stem n="config.common"><phr n="config.Common"><ent r="4" t="46" w="368" /><ent r="4" t="46" w="367" /><ent r="4" t="46" w="406" /><ent r="4" t="46" w="405" /><ent r="4" t="57" w="70" /><ent r="4" t="57" w="69" /><ent r="4" t="57" w="118" /><ent r="4" t="57" w="117" /><ent r="5" t="259" w="153" /><ent r="5" t="259" w="152" /><ent r="5" t="259" w="180" /><ent r="5" t="259" w="179" /><ent r="4" t="275" w="472" /><ent r="4" t="275" w="471" /><ent r="4" t="275" w="510" /><ent r="4" t="275" w="509" /></phr></stem><stem n=".common.updatedepth"><phr n=".Common.UpdateDepth"><ent r="4" t="46" w="369" /><ent r="4" t="46" w="407" /><ent r="4" t="146" w="90" /><ent r="4" t="146" w="117" /><ent r="4" t="275" w="473" /><ent r="4" t="275" w="511" /></phr></stem><stem n="config.common.updatedepth"><phr n="config.Common.UpdateDepth"><ent r="4" t="46" w="369" /><ent r="4" t="46" w="367" /><ent r="4" t="46" w="407" /><ent r="4" t="46" w="405" /><ent r="4" t="275" w="473" /><ent r="4" t="275" w="471" /><ent r="4" t="275" w="511" /><ent r="4" t="275" w="509" /></phr></stem><stem n="updatedepth"><phr n="UpdateDepth"><ent r="4" t="46" w="369" /><ent r="4" t="46" w="407" /><ent r="68" t="143" w="379" /><ent r="4" t="146" w="90" /><ent r="4" t="146" w="117" /><ent r="4" t="146" w="220" /><ent r="4" t="146" w="252" /><ent r="68" t="209" w="311" /><ent r="4" t="222" w="69" /><ent r="4" t="222" w="101" /><ent r="4" t="275" w="473" /><ent r="4" t="275" w="511" /></phr></stem><stem n=".newconfiguration()"><phr n=".NewConfiguration()"><ent r="4" t="46" w="405" /><ent r="4" t="49" w="110" /><ent r="4" t="49" w="220" /><ent r="4" t="50" w="660" /><ent r="4" t="50" w="936" /><ent r="4" t="54" w="175" /><ent r="4" t="57" w="117" /><ent r="4" t="59" w="214" /><ent r="4" t="69" w="417" /><ent r="4" t="81" w="147" /><ent r="4" t="106" w="176" /><ent r="4" t="112" w="93" /><ent r="4" t="112" w="1421" /><ent r="4" t="114" w="773" /><ent r="4" t="116" w="193" /><ent r="4" t="117" w="743" /><ent r="4" t="129" w="146" /><ent r="4" t="140" w="85" /><ent r="4" t="141" w="428" /><ent r="4" t="142" w="166" /><ent r="4" t="145" w="82" /><ent r="4" t="145" w="212" /><ent r="4" t="146" w="115" /><ent r="4" t="146" w="245" /><ent r="4" t="148" w="121" /><ent r="4" t="149" w="110" /><ent r="4" t="150" w="215" /><ent r="4" t="151" w="117" /><ent r="4" t="152" w="120" /><ent r="4" t="152" w="197" /><ent r="4" t="153" w="142" /><ent r="4" t="154" w="58" /><ent r="4" t="155" w="84" /><ent r="4" t="156" w="60" /><ent r="4" t="157" w="78" /><ent r="4" t="158" w="84" /><ent r="4" t="159" w="82" /><ent r="4" t="160" w="63" /><ent r="4" t="161" w="95" /><ent r="4" t="163" w="69" /><ent r="4" t="164" w="164" /><ent r="4" t="168" w="136" /><ent r="4" t="169" w="181" /><ent r="4" t="170" w="103" /><ent r="4" t="171" w="77" /><ent r="4" t="172" w="93" /><ent r="4" t="174" w="126" /><ent r="4" t="175" w="85" /><ent r="4" t="176" w="158" /><ent r="4" t="177" w="139" /><ent r="4" t="178" w="176" /><ent r="4" t="179" w="176" /><ent r="4" t="179" w="305" /><ent r="4" t="179" w="423" /><ent r="4" t="179" w="552" /><ent r="4" t="180" w="96" /><ent r="4" t="180" w="176" /><ent r="4" t="181" w="73" /><ent r="4" t="182" w="102" /><ent r="4" t="183" w="78" /><ent r="4" t="184" w="119" /><ent r="4" t="185" w="158" /><ent r="4" t="187" w="78" /><ent r="4" t="187" w="215" /><ent r="4" t="188" w="88" /><ent r="4" t="188" w="330" /><ent r="4" t="190" w="124" /><ent r="4" t="191" w="255" /><ent r="4" t="194" w="86" /><ent r="4" t="210" w="95" /><ent r="4" t="211" w="60" /><ent r="4" t="212" w="81" /><ent r="4" t="213" w="107" /><ent r="4" t="214" w="79" /><ent r="4" t="215" w="62" /><ent r="4" t="216" w="81" /><ent r="4" t="217" w="81" /><ent r="4" t="218" w="113" /><ent r="4" t="219" w="65" /><ent r="4" t="220" w="78" /><ent r="4" t="221" w="68" /><ent r="4" t="222" w="94" /><ent r="4" t="223" w="243" /><ent r="4" t="223" w="399" /><ent r="4" t="223" w="522" /><ent r="4" t="223" w="624" /><ent r="4" t="223" w="716" /><ent r="4" t="224" w="168" /><ent r="4" t="224" w="261" /><ent r="4" t="224" w="355" /><ent r="4" t="224" w="479" /><ent r="4" t="224" w="558" /><ent r="5" t="259" w="179" /><ent r="4" t="264" w="419" /><ent r="4" t="266" w="150" /><ent r="4" t="266" w="615" /><ent r="4" t="275" w="509" /><ent r="5" t="277" w="218" /><ent r="4" t="284" w="102" /></phr></stem><stem n="()-call"><phr n="()-call"><ent r="3" t="47" w="38" /></phr></stem><stem n="futur"><phr n="future"><ent r="3" t="47" w="46" /><ent r="3" t="128" w="34" /><ent r="3" t="264" w="366" /><ent r="3" t="306" w="415" /></phr></stem><stem n="modif"><phr n="modifications"><ent r="3" t="47" w="48" /><ent r="4" t="93" w="152" /><ent r="3" t="166" w="149" /><ent r="3" t="166" w="156" /><ent r="3" t="167" w="206" /><ent r="3" t="295" w="33" /><ent r="3" t="295" w="60" /></phr><phr n="modification"><ent r="3" t="90" w="22" /><ent r="4" t="105" w="55" /><ent r="4" t="166" w="353" /></phr></stem><stem n="exactli"><phr n="exactly"><ent r="3" t="47" w="52" /><ent r="4" t="103" w="183" /><ent r="3" t="268" w="369" /></phr></stem><stem n=".it"><phr n=".It"><ent r="3" t="47" w="54" /></phr></stem><stem n="that.it"><phr n="that.It"><ent r="3" t="47" w="54" /><ent r="3" t="47" w="53" /></phr></stem><stem n="activation-depth"><phr n="activation-depth"><ent r="4" t="47" w="85" /><ent r="3" t="48" w="81" /><ent r="6" t="143" w="118" /><ent r="6" t="209" w="262" /><ent r="6" t="209" w="270" /><ent r="65" t="274" w="330" /><ent r="4" t="274" w="336" /><ent r="3" t="274" w="389" /></phr></stem><stem n="performance-benefit"><phr n="Performance-benefits"><ent r="4" t="47" w="88" /></phr></stem><stem n="-benefits."><phr n="-benefits."><ent r="4" t="47" w="90" /><ent r="4" t="47" w="90" /></phr></stem><stem n="/persist"><phr n="/persistence"><ent r="64" t="47" w="128" /><ent r="3" t="48" w="48" /><ent r="3" t="49" w="11" /><ent r="64" t="49" w="320" /><ent r="3" t="49" w="986" /><ent r="3" t="50" w="49" /><ent r="3" t="65" w="75" /><ent r="64" t="90" w="144" /><ent r="64" t="145" w="43" /><ent r="63" t="213" w="58" /><ent r="63" t="216" w="36" /><ent r="63" t="217" w="36" /><ent r="63" t="223" w="342" /><ent r="4" t="305" w="179" /><ent r="4" t="306" w="175" /></phr><phr n="/Persistence"><ent r="1000" t="48" w="3" /><ent r="102" t="48" w="17" /><ent r="64" t="91" w="46" /></phr></stem><stem n="activation/persist"><phr n="activation/persistence"><ent r="64" t="47" w="128" /><ent r="64" t="47" w="127" /><ent r="3" t="48" w="48" /><ent r="3" t="48" w="47" /><ent r="3" t="49" w="11" /><ent r="3" t="49" w="10" /><ent r="3" t="49" w="57" /><ent r="3" t="49" w="56" /><ent r="64" t="49" w="320" /><ent r="64" t="49" w="319" /><ent r="3" t="49" w="986" /><ent r="3" t="49" w="985" /><ent r="3" t="50" w="49" /><ent r="3" t="50" w="48" /><ent r="3" t="65" w="75" /><ent r="3" t="65" w="74" /><ent r="64" t="90" w="144" /><ent r="64" t="90" w="143" /><ent r="6" t="92" w="227" /><ent r="6" t="92" w="226" /><ent r="64" t="145" w="43" /><ent r="64" t="145" w="42" /><ent r="63" t="213" w="58" /><ent r="63" t="213" w="57" /><ent r="63" t="216" w="36" /><ent r="63" t="216" w="35" /><ent r="63" t="217" w="36" /><ent r="63" t="217" w="35" /><ent r="63" t="223" w="342" /><ent r="63" t="223" w="341" /><ent r="4" t="305" w="179" /><ent r="4" t="305" w="178" /><ent r="4" t="306" w="175" /><ent r="4" t="306" w="174" /></phr><phr n="Activation/Persistence"><ent r="1000" t="48" w="3" /><ent r="1000" t="48" w="2" /><ent r="102" t="48" w="17" /><ent r="102" t="48" w="16" /><ent r="64" t="91" w="46" /><ent r="64" t="91" w="45" /></phr></stem><stem n="tp"><phr n="TP"><ent r="100" t="48" w="8" /><ent r="65" t="108" w="92" /></phr><phr n="tp"><ent r="4" t="50" w="368" /><ent r="7" t="92" w="231" /><ent r="7" t="92" w="252" /><ent r="6" t="92" w="433" /><ent r="7" t="92" w="449" /></phr></stem><stem n="memor"><phr n="memorizes"><ent r="3" t="48" w="124" /></phr></stem><stem n="taken"><phr n="taken"><ent r="3" t="48" w="169" /><ent r="3" t="78" w="120" /><ent r="3" t="95" w="98" /><ent r="3" t="166" w="163" /><ent r="3" t="245" w="173" /></phr></stem><stem n="&quot;implementation&quot;."><phr n="&quot;Implementation&quot;."><ent r="64" t="48" w="206" /></phr></stem><stem n="attent"><phr n="attention"><ent r="3" t="48" w="210" /></phr></stem><stem n="&quot;collections&quot;."><phr n="&quot;Collections&quot;."><ent r="64" t="48" w="218" /></phr></stem><stem n="&quot;automat"><phr n="&quot;Automatic"><ent r="64" t="48" w="236" /><ent r="64" t="118" w="110" /></phr></stem><stem n="known"><phr n="known"><ent r="3" t="48" w="246" /><ent r="3" t="69" w="40" /><ent r="4" t="90" w="328" /><ent r="3" t="94" w="13" /><ent r="3" t="131" w="93" /><ent r="3" t="131" w="109" /></phr></stem><stem n="explain"><phr n="explains"><ent r="3" t="49" w="7" /><ent r="3" t="306" w="56" /><ent r="3" t="307" w="9" /><ent r="3" t="312" w="10" /></phr><phr n="explained"><ent r="3" t="116" w="256" /><ent r="3" t="298" w="23" /></phr></stem><stem n="enhancer'"><phr n="enhancer's"><ent r="64" t="49" w="31" /><ent r="64" t="49" w="30" /></phr></stem><stem n="yourself"><phr n="yourself"><ent r="3" t="49" w="38" /><ent r="3" t="49" w="1401" /><ent r="3" t="64" w="44" /><ent r="4" t="103" w="126" /><ent r="3" t="108" w="21" /><ent r="3" t="121" w="111" /><ent r="3" t="244" w="386" /><ent r="4" t="245" w="70" /><ent r="3" t="247" w="54" /><ent r="3" t="307" w="22" /></phr></stem><stem n="activation/persistence."><phr n="activation/persistence."><ent r="3" t="49" w="57" /><ent r="3" t="49" w="56" /><ent r="6" t="92" w="227" /><ent r="6" t="92" w="226" /></phr></stem><stem n="/persistence."><phr n="/persistence."><ent r="3" t="49" w="58" /><ent r="6" t="92" w="228" /></phr></stem><stem n="configuration.common.add"><phr n="configuration.Common.Add"><ent r="4" t="49" w="77" /><ent r="4" t="49" w="75" /><ent r="4" t="49" w="112" /><ent r="4" t="49" w="110" /><ent r="4" t="49" w="183" /><ent r="4" t="49" w="181" /><ent r="4" t="49" w="222" /><ent r="4" t="49" w="220" /><ent r="4" t="50" w="627" /><ent r="4" t="50" w="625" /><ent r="4" t="50" w="662" /><ent r="4" t="50" w="660" /><ent r="4" t="50" w="899" /><ent r="4" t="50" w="897" /><ent r="4" t="50" w="938" /><ent r="4" t="50" w="936" /><ent r="4" t="54" w="177" /><ent r="4" t="54" w="175" /><ent r="4" t="67" w="140" /><ent r="4" t="67" w="138" /><ent r="4" t="67" w="189" /><ent r="4" t="67" w="187" /><ent r="4" t="134" w="70" /><ent r="4" t="134" w="68" /><ent r="4" t="134" w="77" /><ent r="4" t="134" w="75" /><ent r="4" t="134" w="97" /><ent r="4" t="134" w="95" /><ent r="4" t="134" w="104" /><ent r="4" t="134" w="102" /><ent r="4" t="135" w="58" /><ent r="4" t="135" w="56" /><ent r="4" t="135" w="80" /><ent r="4" t="135" w="78" /><ent r="4" t="136" w="53" /><ent r="4" t="136" w="51" /><ent r="4" t="136" w="73" /><ent r="4" t="136" w="71" /><ent r="4" t="137" w="50" /><ent r="4" t="137" w="48" /><ent r="4" t="137" w="72" /><ent r="4" t="137" w="70" /><ent r="4" t="138" w="66" /><ent r="4" t="138" w="64" /><ent r="4" t="138" w="88" /><ent r="4" t="138" w="86" /><ent r="4" t="139" w="64" /><ent r="4" t="139" w="62" /><ent r="4" t="139" w="85" /><ent r="4" t="139" w="83" /></phr></stem><stem n=".common.add("><phr n=".Common.Add("><ent r="4" t="49" w="78" /><ent r="4" t="49" w="113" /><ent r="4" t="49" w="184" /><ent r="4" t="49" w="223" /><ent r="4" t="50" w="628" /><ent r="4" t="50" w="663" /><ent r="4" t="50" w="900" /><ent r="4" t="50" w="939" /><ent r="4" t="54" w="178" /><ent r="4" t="67" w="141" /><ent r="4" t="67" w="190" /><ent r="4" t="134" w="71" /><ent r="4" t="134" w="78" /><ent r="4" t="134" w="98" /><ent r="4" t="134" w="105" /><ent r="4" t="135" w="59" /><ent r="4" t="135" w="81" /><ent r="4" t="136" w="54" /><ent r="4" t="136" w="74" /><ent r="4" t="137" w="51" /><ent r="4" t="137" w="73" /><ent r="4" t="138" w="67" /><ent r="4" t="138" w="89" /><ent r="4" t="139" w="65" /><ent r="4" t="139" w="86" /></phr></stem><stem n="transparentactivationsupport"><phr n="TransparentActivationSupport"><ent r="4" t="49" w="81" /><ent r="4" t="49" w="116" /><ent r="4" t="50" w="631" /><ent r="4" t="50" w="666" /><ent r="92" t="144" w="31" /></phr></stem><stem n=".openfile(configuration,"><phr n=".OpenFile(configuration,"><ent r="4" t="49" w="87" /><ent r="4" t="49" w="128" /><ent r="4" t="49" w="197" /><ent r="4" t="49" w="242" /><ent r="4" t="50" w="637" /><ent r="4" t="50" w="678" /><ent r="4" t="50" w="913" /><ent r="4" t="50" w="958" /><ent r="4" t="114" w="743" /><ent r="4" t="114" w="796" /><ent r="4" t="142" w="139" /><ent r="4" t="142" w="181" /><ent r="4" t="148" w="95" /><ent r="4" t="148" w="147" /><ent r="4" t="187" w="50" /><ent r="4" t="187" w="105" /><ent r="4" t="187" w="188" /><ent r="4" t="187" w="257" /><ent r="4" t="188" w="62" /><ent r="4" t="188" w="303" /><ent r="4" t="188" w="355" /><ent r="4" t="190" w="97" /><ent r="4" t="190" w="166" /><ent r="4" t="191" w="227" /><ent r="4" t="194" w="57" /><ent r="4" t="194" w="104" /><ent r="4" t="266" w="124" /><ent r="4" t="266" w="167" /><ent r="4" t="266" w="586" /><ent r="4" t="266" w="633" /><ent r="5" t="277" w="185" /><ent r="5" t="277" w="238" /></phr><phr n=".OpenFile(Configuration,"><ent r="4" t="191" w="306" /></phr></stem><stem n="transparentpersist"><phr n="TransparentPersistence"><ent r="4" t="49" w="89" /><ent r="4" t="49" w="130" /><ent r="4" t="49" w="199" /><ent r="4" t="49" w="244" /><ent r="4" t="50" w="538" /><ent r="4" t="50" w="595" /><ent r="4" t="50" w="639" /><ent r="4" t="50" w="680" /><ent r="4" t="50" w="771" /><ent r="4" t="50" w="855" /><ent r="4" t="50" w="915" /><ent r="4" t="50" w="960" /><ent r="4" t="50" w="1017" /><ent r="4" t="50" w="1078" /></phr><phr n="TransparentPersisted"><ent r="4" t="50" w="208" /></phr></stem><stem n="transparentpersistence.c"><phr n="TransparentPersistence.cs"><ent r="4" t="49" w="90" /><ent r="4" t="49" w="89" /><ent r="4" t="49" w="200" /><ent r="4" t="49" w="199" /><ent r="4" t="50" w="539" /><ent r="4" t="50" w="538" /><ent r="4" t="50" w="640" /><ent r="4" t="50" w="639" /><ent r="4" t="50" w="772" /><ent r="4" t="50" w="771" /><ent r="4" t="50" w="916" /><ent r="4" t="50" w="915" /><ent r="4" t="50" w="1018" /><ent r="4" t="50" w="1017" /></phr></stem><stem n="transparentpersistence.vb"><phr n="TransparentPersistence.vb"><ent r="4" t="49" w="131" /><ent r="4" t="49" w="130" /><ent r="4" t="49" w="245" /><ent r="4" t="49" w="244" /><ent r="4" t="50" w="596" /><ent r="4" t="50" w="595" /><ent r="4" t="50" w="681" /><ent r="4" t="50" w="680" /><ent r="4" t="50" w="856" /><ent r="4" t="50" w="855" /><ent r="4" t="50" w="961" /><ent r="4" t="50" w="960" /><ent r="4" t="50" w="1079" /><ent r="4" t="50" w="1078" /></phr></stem><stem n="transparentpersistencesupport"><phr n="TransparentPersistenceSupport"><ent r="4" t="49" w="187" /><ent r="4" t="49" w="226" /><ent r="4" t="50" w="903" /><ent r="4" t="50" w="942" /><ent r="4" t="54" w="148" /><ent r="4" t="54" w="181" /><ent r="3" t="143" w="444" /><ent r="92" t="144" w="43" /></phr></stem><stem n="deactivatingrollbackstrategi"><phr n="DeactivatingRollbackStrategy"><ent r="4" t="49" w="191" /><ent r="4" t="49" w="230" /><ent r="4" t="50" w="907" /><ent r="4" t="50" w="946" /><ent r="3" t="54" w="136" /><ent r="4" t="54" w="152" /><ent r="4" t="54" w="185" /></phr></stem><stem n="()));"><phr n="()));"><ent r="4" t="49" w="192" /><ent r="4" t="50" w="908" /><ent r="4" t="54" w="153" /></phr></stem><stem n="()))"><phr n="()))"><ent r="4" t="49" w="231" /><ent r="4" t="50" w="947" /><ent r="4" t="54" w="186" /></phr></stem><stem n="activat"><phr n="Activatable"><ent r="92" t="49" w="258" /><ent r="64" t="51" w="198" /><ent r="1000" t="52" w="3" /><ent r="102" t="52" w="9" /><ent r="7" t="92" w="121" /><ent r="7" t="92" w="254" /></phr><phr n="activatable"><ent r="4" t="49" w="356" /><ent r="4" t="49" w="394" /><ent r="4" t="49" w="555" /><ent r="4" t="49" w="697" /><ent r="4" t="51" w="93" /><ent r="4" t="51" w="102" /><ent r="4" t="52" w="287" /><ent r="4" t="52" w="296" /><ent r="3" t="54" w="311" /></phr></stem><stem n="iactivat"><phr n="IActivatable"><ent r="4" t="49" w="280" /><ent r="4" t="49" w="290" /><ent r="4" t="49" w="343" /><ent r="4" t="49" w="376" /><ent r="4" t="49" w="415" /><ent r="4" t="49" w="581" /><ent r="4" t="49" w="666" /><ent r="4" t="49" w="956" /><ent r="4" t="49" w="1307" /><ent r="5" t="49" w="1333" /><ent r="5" t="49" w="1353" /><ent r="4" t="49" w="1387" /><ent r="4" t="50" w="505" /><ent r="4" t="50" w="536" /><ent r="4" t="50" w="556" /><ent r="4" t="50" w="589" /><ent r="4" t="51" w="28" /><ent r="4" t="55" w="149" /><ent r="4" t="90" w="153" /><ent r="4" t="90" w="200" /><ent r="7" t="92" w="136" /></phr></stem><stem n="transient"><phr n="transient"><ent r="3" t="49" w="327" /><ent r="4" t="95" w="141" /><ent r="4" t="115" w="66" /><ent r="6" t="143" w="258" /><ent r="3" t="152" w="158" /><ent r="3" t="157" w="21" /><ent r="4" t="157" w="59" /><ent r="4" t="157" w="91" /><ent r="6" t="209" w="308" /><ent r="3" t="210" w="36" /><ent r="3" t="221" w="15" /><ent r="3" t="221" w="27" /><ent r="4" t="221" w="50" /><ent r="4" t="221" w="84" /></phr><phr n="Transient"><ent r="1000" t="157" w="2" /><ent r="102" t="157" w="5" /><ent r="1000" t="221" w="2" /><ent r="102" t="221" w="6" /></phr></stem><stem n="nonseri"><phr n="NonSerialized"><ent r="4" t="49" w="344" /></phr></stem><stem n="[nonserialized]"><phr n="[NonSerialized]"><ent r="4" t="49" w="345" /></phr></stem><stem n="iactiv"><phr n="IActivator"><ent r="4" t="49" w="348" /><ent r="4" t="49" w="387" /><ent r="4" t="49" w="484" /><ent r="4" t="49" w="577" /></phr></stem><stem n="&lt;transient"><phr n="&lt;Transient"><ent r="4" t="49" w="377" /></phr></stem><stem n="()&gt;"><phr n="()&gt;"><ent r="4" t="49" w="378" /><ent r="4" t="50" w="233" /><ent r="4" t="59" w="138" /><ent r="4" t="223" w="168" /><ent r="4" t="263" w="163" /></phr></stem><stem n="_activ"><phr n="_activator"><ent r="4" t="49" w="383" /><ent r="4" t="49" w="587" /><ent r="4" t="49" w="614" /><ent r="4" t="49" w="643" /><ent r="4" t="49" w="672" /></phr></stem></index>