﻿<?xml version="1.0" encoding="utf-8"?><index><stem n="console.out"><phr n="Console.Out"><ent r="4" t="10" w="369" /><ent r="4" t="10" w="368" /><ent r="4" t="10" w="437" /><ent r="4" t="10" w="436" /><ent r="4" t="54" w="236" /><ent r="4" t="54" w="235" /><ent r="4" t="54" w="286" /><ent r="4" t="54" w="285" /><ent r="4" t="64" w="195" /><ent r="4" t="64" w="194" /><ent r="4" t="64" w="250" /><ent r="4" t="64" w="249" /><ent r="4" t="67" w="276" /><ent r="4" t="67" w="275" /><ent r="4" t="67" w="324" /><ent r="4" t="67" w="323" /><ent r="4" t="163" w="45" /><ent r="4" t="163" w="44" /><ent r="4" t="163" w="73" /><ent r="4" t="163" w="72" /><ent r="4" t="265" w="833" /><ent r="4" t="265" w="832" /><ent r="4" t="281" w="362" /><ent r="4" t="281" w="361" /><ent r="4" t="281" w="378" /><ent r="4" t="281" w="377" /><ent r="4" t="281" w="401" /><ent r="4" t="281" w="400" /><ent r="4" t="281" w="478" /><ent r="4" t="281" w="477" /><ent r="4" t="281" w="497" /><ent r="4" t="281" w="496" /><ent r="4" t="281" w="519" /><ent r="4" t="281" w="518" /></phr></stem><stem n="out"><phr n="Out"><ent r="4" t="10" w="369" /><ent r="4" t="10" w="437" /><ent r="4" t="54" w="236" /><ent r="4" t="54" w="286" /><ent r="4" t="64" w="195" /><ent r="4" t="64" w="250" /><ent r="4" t="67" w="276" /><ent r="4" t="67" w="324" /><ent r="4" t="163" w="45" /><ent r="4" t="163" w="73" /><ent r="4" t="265" w="833" /><ent r="4" t="281" w="362" /><ent r="4" t="281" w="378" /><ent r="4" t="281" w="401" /><ent r="4" t="281" w="478" /><ent r="4" t="281" w="497" /><ent r="4" t="281" w="519" /></phr><phr n="out"><ent r="3" t="12" w="213" /><ent r="3" t="13" w="21" /><ent r="3" t="15" w="392" /><ent r="3" t="15" w="414" /><ent r="3" t="20" w="53" /><ent r="3" t="20" w="275" /><ent r="3" t="20" w="300" /><ent r="3" t="33" w="33" /><ent r="3" t="44" w="190" /><ent r="3" t="55" w="49" /><ent r="3" t="60" w="154" /><ent r="3" t="60" w="185" /><ent r="3" t="63" w="36" /><ent r="3" t="70" w="615" /><ent r="5" t="92" w="289" /><ent r="3" t="96" w="674" /><ent r="4" t="98" w="54" /><ent r="5" t="99" w="295" /><ent r="3" t="104" w="109" /><ent r="3" t="127" w="28" /><ent r="3" t="134" w="13" /><ent r="3" t="135" w="20" /><ent r="3" t="136" w="17" /><ent r="3" t="137" w="15" /><ent r="3" t="139" w="19" /><ent r="3" t="153" w="18" /><ent r="3" t="184" w="40" /><ent r="3" t="184" w="76" /><ent r="3" t="188" w="186" /><ent r="3" t="192" w="98" /><ent r="3" t="201" w="20" /><ent r="3" t="225" w="74" /><ent r="3" t="236" w="272" /><ent r="3" t="240" w="133" /><ent r="3" t="270" w="44" /><ent r="3" t="270" w="52" /><ent r="3" t="283" w="239" /><ent r="4" t="286" w="176" /><ent r="4" t="287" w="58" /><ent r="3" t="297" w="36" /><ent r="3" t="297" w="91" /><ent r="6" t="300" w="491" /><ent r="3" t="306" w="106" /><ent r="3" t="306" w="325" /><ent r="3" t="310" w="84" /></phr></stem><stem n="console.out.writelin"><phr n="Console.Out.WriteLine"><ent r="4" t="10" w="370" /><ent r="4" t="10" w="368" /><ent r="4" t="10" w="438" /><ent r="4" t="10" w="436" /><ent r="4" t="54" w="237" /><ent r="4" t="54" w="235" /><ent r="4" t="54" w="287" /><ent r="4" t="54" w="285" /><ent r="4" t="64" w="196" /><ent r="4" t="64" w="194" /><ent r="4" t="64" w="251" /><ent r="4" t="64" w="249" /><ent r="4" t="67" w="277" /><ent r="4" t="67" w="275" /><ent r="4" t="67" w="325" /><ent r="4" t="67" w="323" /><ent r="4" t="265" w="834" /><ent r="4" t="265" w="832" /><ent r="4" t="281" w="363" /><ent r="4" t="281" w="361" /><ent r="4" t="281" w="379" /><ent r="4" t="281" w="377" /><ent r="4" t="281" w="402" /><ent r="4" t="281" w="400" /><ent r="4" t="281" w="479" /><ent r="4" t="281" w="477" /><ent r="4" t="281" w="498" /><ent r="4" t="281" w="496" /><ent r="4" t="281" w="520" /><ent r="4" t="281" w="518" /></phr></stem><stem n="writelin"><phr n="WriteLine"><ent r="4" t="10" w="370" /><ent r="4" t="10" w="438" /><ent r="4" t="21" w="210" /><ent r="4" t="21" w="228" /><ent r="4" t="21" w="292" /><ent r="4" t="21" w="315" /><ent r="4" t="35" w="141" /><ent r="4" t="35" w="164" /><ent r="4" t="35" w="243" /><ent r="4" t="42" w="402" /><ent r="4" t="42" w="491" /><ent r="4" t="42" w="578" /><ent r="4" t="42" w="589" /><ent r="4" t="42" w="623" /><ent r="4" t="42" w="809" /><ent r="4" t="42" w="841" /><ent r="4" t="42" w="858" /><ent r="4" t="42" w="890" /><ent r="4" t="45" w="156" /><ent r="4" t="45" w="165" /><ent r="4" t="45" w="282" /><ent r="4" t="45" w="290" /><ent r="4" t="46" w="145" /><ent r="4" t="46" w="294" /><ent r="4" t="49" w="1094" /><ent r="4" t="49" w="1242" /><ent r="4" t="50" w="767" /><ent r="4" t="50" w="851" /><ent r="4" t="54" w="237" /><ent r="4" t="54" w="287" /><ent r="4" t="60" w="220" /><ent r="4" t="60" w="235" /><ent r="4" t="60" w="291" /><ent r="4" t="60" w="308" /><ent r="4" t="63" w="79" /><ent r="4" t="63" w="96" /><ent r="4" t="63" w="173" /><ent r="4" t="63" w="188" /><ent r="4" t="64" w="196" /><ent r="4" t="64" w="251" /><ent r="4" t="66" w="633" /><ent r="4" t="66" w="652" /><ent r="4" t="66" w="721" /><ent r="4" t="66" w="740" /><ent r="4" t="67" w="277" /><ent r="4" t="67" w="325" /><ent r="4" t="70" w="124" /><ent r="4" t="70" w="189" /><ent r="4" t="70" w="348" /><ent r="4" t="70" w="484" /><ent r="4" t="70" w="711" /><ent r="4" t="70" w="811" /><ent r="4" t="72" w="37" /><ent r="4" t="72" w="71" /><ent r="4" t="72" w="174" /><ent r="4" t="72" w="209" /><ent r="4" t="72" w="277" /><ent r="4" t="74" w="480" /><ent r="4" t="74" w="540" /><ent r="4" t="74" w="831" /><ent r="4" t="74" w="900" /><ent r="4" t="75" w="90" /><ent r="4" t="75" w="156" /><ent r="4" t="75" w="723" /><ent r="4" t="75" w="794" /><ent r="4" t="76" w="411" /><ent r="4" t="76" w="478" /><ent r="4" t="76" w="621" /><ent r="4" t="76" w="644" /><ent r="4" t="76" w="723" /><ent r="4" t="89" w="77" /><ent r="4" t="89" w="121" /><ent r="4" t="96" w="713" /><ent r="4" t="96" w="731" /><ent r="4" t="96" w="766" /><ent r="4" t="96" w="856" /><ent r="4" t="96" w="880" /><ent r="4" t="96" w="921" /><ent r="4" t="109" w="314" /><ent r="4" t="109" w="329" /><ent r="4" t="109" w="355" /><ent r="4" t="109" w="424" /><ent r="4" t="109" w="439" /><ent r="4" t="112" w="1234" /><ent r="4" t="112" w="1251" /><ent r="4" t="112" w="1302" /><ent r="4" t="112" w="1323" /><ent r="4" t="130" w="148" /><ent r="4" t="130" w="171" /><ent r="4" t="130" w="194" /><ent r="4" t="130" w="403" /><ent r="4" t="130" w="445" /><ent r="4" t="130" w="487" /><ent r="4" t="193" w="168" /><ent r="4" t="193" w="195" /><ent r="4" t="193" w="234" /><ent r="4" t="193" w="266" /><ent r="4" t="193" w="425" /><ent r="4" t="193" w="463" /><ent r="4" t="193" w="511" /><ent r="4" t="193" w="546" /><ent r="4" t="235" w="137" /><ent r="4" t="235" w="147" /><ent r="4" t="235" w="225" /><ent r="4" t="235" w="235" /><ent r="4" t="236" w="384" /><ent r="4" t="236" w="467" /><ent r="4" t="236" w="614" /><ent r="4" t="236" w="678" /><ent r="4" t="253" w="122" /><ent r="4" t="253" w="141" /><ent r="4" t="253" w="254" /><ent r="4" t="253" w="279" /><ent r="4" t="253" w="376" /><ent r="4" t="253" w="395" /><ent r="4" t="253" w="473" /><ent r="4" t="253" w="498" /><ent r="4" t="263" w="562" /><ent r="4" t="263" w="621" /><ent r="4" t="265" w="834" /><ent r="4" t="274" w="125" /><ent r="4" t="274" w="214" /><ent r="4" t="275" w="253" /><ent r="4" t="275" w="402" /><ent r="4" t="281" w="363" /><ent r="4" t="281" w="379" /><ent r="4" t="281" w="402" /><ent r="4" t="281" w="479" /><ent r="4" t="281" w="498" /><ent r="4" t="281" w="520" /></phr></stem><stem n="pilot.nam"><phr n="pilot.Name"><ent r="4" t="10" w="372" /><ent r="4" t="10" w="371" /><ent r="4" t="10" w="440" /><ent r="4" t="10" w="439" /><ent r="4" t="10" w="528" /><ent r="4" t="10" w="527" /><ent r="4" t="10" w="593" /><ent r="4" t="10" w="592" /><ent r="4" t="17" w="259" /><ent r="4" t="17" w="258" /><ent r="4" t="18" w="135" /><ent r="4" t="18" w="134" /><ent r="4" t="18" w="207" /><ent r="4" t="18" w="206" /><ent r="4" t="18" w="531" /><ent r="4" t="18" w="530" /><ent r="4" t="18" w="619" /><ent r="4" t="18" w="618" /><ent r="4" t="18" w="710" /><ent r="4" t="18" w="709" /><ent r="4" t="18" w="750" /><ent r="4" t="18" w="749" /><ent r="4" t="18" w="944" /><ent r="4" t="18" w="943" /><ent r="4" t="20" w="170" /><ent r="4" t="20" w="169" /><ent r="4" t="20" w="242" /><ent r="4" t="20" w="241" /><ent r="4" t="34" w="327" /><ent r="4" t="34" w="326" /><ent r="4" t="34" w="390" /><ent r="4" t="34" w="389" /><ent r="4" t="54" w="216" /><ent r="4" t="54" w="215" /><ent r="4" t="54" w="239" /><ent r="4" t="54" w="238" /><ent r="4" t="54" w="267" /><ent r="4" t="54" w="266" /><ent r="4" t="54" w="289" /><ent r="4" t="54" w="288" /><ent r="4" t="260" w="279" /><ent r="4" t="260" w="278" /><ent r="4" t="263" w="514" /><ent r="4" t="263" w="513" /></phr><phr n="Pilot.Name"><ent r="4" t="18" w="1038" /><ent r="4" t="18" w="1037" /></phr></stem><stem n=".out.writeline(pilot.name);"><phr n=".Out.WriteLine(pilot.Name);"><ent r="4" t="10" w="373" /><ent r="4" t="54" w="240" /></phr></stem><stem n=".out.writeline(pilot.name)"><phr n=".Out.WriteLine(pilot.Name)"><ent r="4" t="10" w="441" /><ent r="4" t="54" w="290" /></phr></stem><stem n="next"><phr n="Next"><ent r="5" t="10" w="442" /><ent r="5" t="35" w="257" /><ent r="5" t="46" w="301" /><ent r="5" t="70" w="193" /><ent r="5" t="70" w="491" /><ent r="5" t="74" w="419" /><ent r="5" t="74" w="544" /><ent r="5" t="74" w="904" /><ent r="5" t="74" w="1065" /><ent r="5" t="75" w="160" /><ent r="5" t="75" w="364" /><ent r="5" t="75" w="798" /><ent r="5" t="75" w="963" /><ent r="5" t="76" w="340" /><ent r="5" t="76" w="482" /><ent r="5" t="76" w="737" /><ent r="5" t="96" w="863" /><ent r="5" t="96" w="887" /><ent r="5" t="96" w="928" /><ent r="5" t="101" w="260" /><ent r="3" t="117" w="295" /><ent r="5" t="121" w="554" /><ent r="5" t="122" w="349" /><ent r="5" t="125" w="295" /><ent r="5" t="241" w="476" /><ent r="5" t="253" w="282" /><ent r="5" t="253" w="501" /><ent r="5" t="266" w="471" /><ent r="5" t="272" w="513" /><ent r="5" t="275" w="409" /><ent r="5" t="281" w="527" /><ent r="4" t="307" w="82" /></phr><phr n="next"><ent r="4" t="33" w="138" /><ent r="4" t="50" w="263" /><ent r="3" t="99" w="440" /><ent r="4" t="99" w="506" /><ent r="4" t="99" w="605" /><ent r="3" t="178" w="89" /><ent r="3" t="179" w="134" /><ent r="3" t="200" w="63" /></phr></stem><stem n=").first();"><phr n=").First();"><ent r="4" t="10" w="527" /><ent r="4" t="10" w="668" /></phr></stem><stem n=").first()"><phr n=").First()"><ent r="4" t="10" w="592" /><ent r="4" t="10" w="722" /></phr></stem><stem n="-oper"><phr n="-operation"><ent r="3" t="10" w="627" /><ent r="3" t="10" w="627" /><ent r="3" t="15" w="605" /><ent r="3" t="15" w="605" /><ent r="3" t="34" w="97" /><ent r="3" t="34" w="97" /><ent r="3" t="34" w="101" /><ent r="3" t="34" w="101" /><ent r="3" t="109" w="75" /><ent r="3" t="109" w="75" /><ent r="64" t="265" w="422" /><ent r="64" t="265" w="422" /><ent r="4" t="278" w="89" /><ent r="4" t="278" w="89" /></phr><phr n="-operations"><ent r="3" t="58" w="59" /><ent r="3" t="58" w="59" /><ent r="4" t="132" w="187" /><ent r="4" t="132" w="187" /><ent r="4" t="133" w="151" /><ent r="4" t="133" w="151" /><ent r="3" t="136" w="11" /><ent r="3" t="136" w="11" /><ent r="3" t="138" w="11" /><ent r="3" t="138" w="11" /></phr></stem><stem n="delete-oper"><phr n="delete-operation"><ent r="3" t="10" w="627" /></phr></stem><stem n=".delete(pilot);"><phr n=".Delete(pilot);"><ent r="4" t="10" w="671" /><ent r="4" t="56" w="200" /><ent r="4" t="58" w="243" /></phr></stem><stem n=".delete(pilot)"><phr n=".Delete(pilot)"><ent r="4" t="10" w="725" /><ent r="4" t="56" w="225" /><ent r="4" t="58" w="305" /></phr></stem><stem n="conveni"><phr n="convenient"><ent r="3" t="11" w="15" /><ent r="3" t="90" w="13" /><ent r="3" t="108" w="75" /><ent r="3" t="145" w="106" /><ent r="3" t="146" w="140" /><ent r="3" t="303" w="222" /></phr></stem><stem n=".net'"><phr n=".NET's"><ent r="3" t="11" w="26" /></phr></stem><stem n="net'"><phr n="NET's"><ent r="3" t="11" w="26" /><ent r="3" t="11" w="25" /></phr></stem><stem n="-by-exampl"><phr n="-By-Example"><ent r="64" t="11" w="37" /><ent r="64" t="11" w="38" /></phr></stem><stem n="queries-bi"><phr n="Queries-By"><ent r="64" t="11" w="37" /></phr></stem><stem n="queries-by-exampl"><phr n="Queries-By-Example"><ent r="64" t="11" w="37" /></phr></stem><stem n="by-exampl"><phr n="By-Example"><ent r="64" t="11" w="38" /></phr></stem><stem n="quick"><phr n="quick"><ent r="3" t="11" w="46" /></phr></stem><stem n="acclim"><phr n="acclimating"><ent r="3" t="11" w="53" /></phr></stem><stem n="quit"><phr n="quite"><ent r="3" t="11" w="64" /><ent r="3" t="14" w="103" /><ent r="3" t="26" w="52" /><ent r="3" t="65" w="243" /><ent r="3" t="141" w="15" /><ent r="3" t="188" w="179" /><ent r="3" t="203" w="109" /><ent r="3" t="233" w="76" /><ent r="8" t="247" w="265" /><ent r="3" t="271" w="32" /><ent r="3" t="282" w="396" /></phr></stem><stem n="restrict"><phr n="restrictive"><ent r="3" t="11" w="65" /></phr><phr n="restrict"><ent r="4" t="236" w="47" /><ent r="6" t="270" w="342" /></phr><phr n="restrictions"><ent r="3" t="266" w="191" /></phr></stem><stem n="underli"><phr n="underlying"><ent r="3" t="11" w="76" /><ent r="3" t="26" w="86" /><ent r="3" t="111" w="27" /><ent r="3" t="111" w="51" /><ent r="5" t="166" w="274" /><ent r="3" t="187" w="142" /><ent r="3" t="233" w="610" /><ent r="5" t="233" w="629" /><ent r="5" t="233" w="669" /></phr></stem><stem n="backward"><phr n="backward"><ent r="3" t="11" w="83" /><ent r="3" t="224" w="435" /></phr></stem><stem n="too"><phr n="too"><ent r="3" t="11" w="99" /><ent r="3" t="31" w="1470" /><ent r="3" t="60" w="75" /><ent r="3" t="282" w="141" /><ent r="3" t="282" w="203" /></phr><phr n="Too"><ent r="3" t="286" w="49" /></phr></stem><stem n="strongli"><phr n="strongly"><ent r="3" t="11" w="100" /><ent r="4" t="17" w="39" /><ent r="4" t="18" w="34" /><ent r="4" t="19" w="38" /><ent r="4" t="20" w="38" /><ent r="4" t="21" w="36" /><ent r="4" t="22" w="40" /></phr></stem><stem n="execut"><phr n="execute"><ent r="3" t="11" w="108" /><ent r="3" t="22" w="158" /><ent r="3" t="27" w="1282" /><ent r="4" t="50" w="430" /><ent r="3" t="68" w="169" /><ent r="4" t="133" w="380" /><ent r="5" t="166" w="179" /><ent r="4" t="166" w="247" /><ent r="4" t="230" w="67" /></phr><phr n="executed"><ent r="3" t="14" w="365" /><ent r="3" t="20" w="96" /><ent r="3" t="31" w="296" /><ent r="3" t="35" w="24" /><ent r="3" t="90" w="310" /><ent r="3" t="96" w="326" /><ent r="4" t="133" w="324" /><ent r="6" t="143" w="293" /><ent r="3" t="159" w="27" /><ent r="3" t="167" w="29" /><ent r="3" t="174" w="88" /><ent r="3" t="206" w="30" /><ent r="6" t="270" w="417" /><ent r="3" t="303" w="163" /></phr><phr n="execution"><ent r="3" t="14" w="1619" /><ent r="3" t="31" w="1815" /><ent r="3" t="165" w="21" /><ent r="3" t="166" w="63" /><ent r="3" t="270" w="25" /><ent r="4" t="289" w="141" /></phr><phr n="Execute"><ent r="4" t="20" w="344" /><ent r="4" t="20" w="394" /><ent r="4" t="27" w="129" /><ent r="4" t="27" w="169" /><ent r="4" t="27" w="240" /><ent r="4" t="27" w="290" /><ent r="4" t="27" w="352" /><ent r="4" t="27" w="399" /><ent r="4" t="27" w="436" /><ent r="4" t="27" w="486" /><ent r="4" t="27" w="561" /><ent r="4" t="27" w="619" /><ent r="4" t="27" w="669" /><ent r="4" t="27" w="716" /><ent r="4" t="27" w="913" /><ent r="4" t="27" w="1030" /><ent r="4" t="27" w="1155" /><ent r="4" t="27" w="1226" /><ent r="4" t="27" w="1310" /><ent r="4" t="27" w="1362" /><ent r="4" t="28" w="125" /><ent r="4" t="28" w="172" /><ent r="4" t="28" w="274" /><ent r="4" t="28" w="326" /><ent r="4" t="28" w="431" /><ent r="4" t="28" w="480" /><ent r="4" t="28" w="570" /><ent r="4" t="28" w="631" /><ent r="4" t="28" w="770" /><ent r="4" t="28" w="851" /><ent r="4" t="28" w="979" /><ent r="4" t="28" w="1035" /><ent r="4" t="28" w="1131" /><ent r="4" t="28" w="1207" /><ent r="4" t="29" w="349" /><ent r="4" t="29" w="392" /><ent r="4" t="29" w="470" /><ent r="4" t="29" w="518" /><ent r="4" t="29" w="776" /><ent r="4" t="29" w="830" /><ent r="4" t="30" w="112" /><ent r="4" t="30" w="157" /><ent r="4" t="30" w="229" /><ent r="4" t="30" w="280" /><ent r="4" t="30" w="346" /><ent r="4" t="30" w="391" /><ent r="93" t="50" w="257" /></phr><phr n="Execution"><ent r="4" t="258" w="244" /><ent r="3" t="270" w="216" /><ent r="7" t="270" w="401" /></phr><phr n="executables"><ent r="4" t="269" w="86" /></phr><phr n="executes"><ent r="3" t="272" w="308" /></phr><phr n="executable"><ent r="4" t="297" w="661" /><ent r="3" t="306" w="377" /></phr></stem><stem n="style"><phr n="style"><ent r="3" t="11" w="112" /><ent r="3" t="301" w="16" /></phr><phr n="Style"><ent r="3" t="307" w="26" /></phr></stem><stem n="snippet"><phr n="snippets"><ent r="3" t="11" w="125" /></phr></stem><stem n="mix"><phr n="mix"><ent r="3" t="11" w="141" /></phr><phr n="Mixing"><ent r="92" t="28" w="648" /></phr><phr n="Mix"><ent r="4" t="28" w="774" /><ent r="4" t="28" w="855" /></phr><phr n="Mixed"><ent r="92" t="49" w="1293" /></phr></stem><stem n="strategi"><phr n="strategies"><ent r="3" t="11" w="143" /><ent r="3" t="48" w="225" /><ent r="3" t="54" w="307" /><ent r="3" t="103" w="57" /><ent r="4" t="140" w="397" /><ent r="3" t="227" w="268" /><ent r="3" t="228" w="72" /><ent r="3" t="285" w="38" /></phr><phr n="strategy"><ent r="3" t="43" w="70" /><ent r="3" t="54" w="63" /><ent r="3" t="54" w="129" /><ent r="4" t="54" w="158" /><ent r="4" t="54" w="191" /><ent r="3" t="54" w="203" /><ent r="4" t="54" w="246" /><ent r="4" t="54" w="296" /><ent r="3" t="55" w="98" /><ent r="3" t="73" w="129" /><ent r="3" t="74" w="605" /><ent r="3" t="188" w="29" /><ent r="3" t="188" w="379" /><ent r="4" t="188" w="463" /><ent r="4" t="188" w="507" /><ent r="3" t="190" w="303" /><ent r="3" t="234" w="116" /><ent r="4" t="236" w="45" /></phr><phr n="Strategy"><ent r="100" t="54" w="5" /><ent r="92" t="188" w="374" /></phr><phr n="Strategies"><ent r="5" t="120" w="78" /><ent r="5" t="120" w="87" /><ent r="5" t="120" w="111" /><ent r="5" t="120" w="120" /><ent r="5" t="120" w="179" /><ent r="5" t="120" w="210" /><ent r="1000" t="286" w="2" /><ent r="102" t="286" w="5" /><ent r="92" t="286" w="82" /><ent r="1000" t="312" w="2" /><ent r="102" t="312" w="5" /></phr></stem><stem n=":linq"><phr n=":LINQ"><ent r="100" t="12" w="6" /><ent r="100" t="13" w="301" /></phr></stem><stem n="db4objects.db4o.linq"><phr n="Db4objects.Db4o.Linq"><ent r="4" t="12" w="30" /><ent r="4" t="12" w="28" /><ent r="4" t="12" w="90" /><ent r="4" t="12" w="88" /><ent r="4" t="12" w="114" /><ent r="4" t="12" w="112" /><ent r="3" t="15" w="380" /><ent r="3" t="15" w="378" /><ent r="3" t="15" w="386" /><ent r="3" t="15" w="384" /><ent r="3" t="265" w="95" /><ent r="3" t="265" w="93" /><ent r="4" t="283" w="56" /><ent r="4" t="283" w="54" /><ent r="4" t="304" w="179" /><ent r="4" t="304" w="177" /><ent r="4" t="304" w="187" /><ent r="4" t="304" w="185" /><ent r="4" t="304" w="191" /><ent r="4" t="304" w="189" /><ent r="4" t="304" w="196" /><ent r="4" t="304" w="194" /><ent r="93" t="308" w="67" /><ent r="93" t="308" w="65" /></phr><phr n="Db4objects.Db4o.LINQ"><ent r="4" t="308" w="288" /><ent r="4" t="308" w="286" /></phr></stem><stem n=".db4o.linq.dl"><phr n=".Db4o.Linq.dll"><ent r="4" t="12" w="31" /><ent r="3" t="265" w="96" /><ent r="4" t="283" w="57" /><ent r="93" t="308" w="68" /></phr><phr n=".Db4o.LINQ.dll"><ent r="4" t="308" w="289" /></phr></stem><stem n="db4objects.db4o.linq.dl"><phr n="Db4objects.Db4o.Linq.dll"><ent r="4" t="12" w="31" /><ent r="4" t="12" w="28" /><ent r="3" t="15" w="387" /><ent r="3" t="15" w="384" /><ent r="3" t="265" w="96" /><ent r="3" t="265" w="93" /><ent r="4" t="283" w="57" /><ent r="4" t="283" w="54" /><ent r="93" t="308" w="68" /><ent r="93" t="308" w="65" /></phr><phr n="Db4objects.Db4o.LINQ.dll"><ent r="4" t="308" w="289" /><ent r="4" t="308" w="286" /></phr></stem><stem n="mono"><phr n="Mono"><ent r="4" t="12" w="36" /><ent r="3" t="15" w="78" /><ent r="3" t="15" w="92" /><ent r="3" t="16" w="48" /><ent r="3" t="16" w="70" /><ent r="3" t="17" w="215" /><ent r="5" t="20" w="441" /><ent r="4" t="245" w="64" /><ent r="4" t="245" w="135" /><ent r="3" t="266" w="354" /><ent r="1000" t="268" w="3" /><ent r="100" t="268" w="5" /><ent r="102" t="268" w="9" /><ent r="3" t="268" w="30" /><ent r="3" t="268" w="37" /><ent r="3" t="268" w="65" /><ent r="3" t="268" w="81" /><ent r="92" t="268" w="96" /><ent r="3" t="268" w="108" /><ent r="3" t="268" w="120" /><ent r="3" t="268" w="149" /><ent r="6" t="268" w="213" /><ent r="6" t="268" w="225" /><ent r="92" t="268" w="320" /><ent r="3" t="268" w="323" /><ent r="3" t="268" w="347" /><ent r="3" t="268" w="401" /><ent r="3" t="268" w="412" /><ent r="4" t="268" w="437" /><ent r="4" t="268" w="450" /><ent r="3" t="268" w="472" /><ent r="4" t="283" w="62" /><ent r="3" t="283" w="97" /><ent r="4" t="308" w="89" /><ent r="4" t="308" w="103" /><ent r="4" t="308" w="130" /><ent r="4" t="308" w="135" /><ent r="4" t="308" w="320" /><ent r="4" t="308" w="341" /><ent r="4" t="308" w="424" /><ent r="6" t="309" w="308" /><ent r="6" t="309" w="372" /><ent r="6" t="309" w="382" /></phr><phr n="mono"><ent r="3" t="268" w="340" /><ent r="6" t="309" w="304" /><ent r="6" t="309" w="337" /><ent r="6" t="309" w="369" /></phr></stem><stem n="mono.reflect"><phr n="Mono.Reflection"><ent r="4" t="12" w="37" /><ent r="4" t="12" w="36" /><ent r="3" t="15" w="79" /><ent r="3" t="15" w="78" /><ent r="4" t="283" w="63" /><ent r="4" t="283" w="62" /><ent r="4" t="308" w="90" /><ent r="4" t="308" w="89" /><ent r="4" t="308" w="104" /><ent r="4" t="308" w="103" /><ent r="4" t="308" w="136" /><ent r="4" t="308" w="135" /></phr></stem><stem n=".reflection.dl"><phr n=".Reflection.dll"><ent r="4" t="12" w="38" /><ent r="4" t="283" w="64" /><ent r="4" t="308" w="105" /></phr></stem><stem n="mono.reflection.dl"><phr n="Mono.Reflection.dll"><ent r="4" t="12" w="38" /><ent r="4" t="12" w="36" /><ent r="4" t="283" w="64" /><ent r="4" t="283" w="62" /><ent r="4" t="308" w="91" /><ent r="4" t="308" w="89" /><ent r="4" t="308" w="105" /><ent r="4" t="308" w="103" /><ent r="4" t="308" w="137" /><ent r="4" t="308" w="135" /></phr></stem><stem n="linq-implement"><phr n="LINQ-Implementation"><ent r="3" t="12" w="48" /></phr><phr n="LINQ-implementation"><ent r="3" t="266" w="365" /></phr></stem><stem n="-implementation."><phr n="-Implementation."><ent r="3" t="12" w="50" /><ent r="3" t="12" w="50" /></phr><phr n="-implementation."><ent r="3" t="266" w="367" /><ent r="3" t="266" w="367" /></phr></stem><stem n="object-contain"><phr n="object-container"><ent r="3" t="12" w="70" /><ent r="3" t="29" w="90" /><ent r="3" t="34" w="450" /><ent r="3" t="38" w="270" /><ent r="3" t="38" w="366" /><ent r="3" t="66" w="94" /><ent r="3" t="69" w="465" /><ent r="4" t="73" w="66" /><ent r="3" t="94" w="75" /><ent r="3" t="142" w="57" /><ent r="3" t="142" w="71" /><ent r="3" t="142" w="446" /><ent r="6" t="143" w="280" /><ent r="3" t="149" w="62" /><ent r="3" t="228" w="216" /><ent r="3" t="229" w="22" /><ent r="3" t="229" w="242" /><ent r="3" t="233" w="112" /><ent r="3" t="233" w="124" /><ent r="3" t="246" w="130" /><ent r="3" t="249" w="119" /><ent r="3" t="253" w="324" /><ent r="3" t="255" w="146" /><ent r="5" t="265" w="539" /></phr><phr n="object-containers"><ent r="3" t="38" w="238" /><ent r="3" t="160" w="12" /><ent r="3" t="228" w="12" /></phr></stem><stem n="-container."><phr n="-container."><ent r="3" t="12" w="72" /><ent r="3" t="12" w="72" /><ent r="3" t="29" w="92" /><ent r="3" t="29" w="92" /><ent r="3" t="34" w="452" /><ent r="3" t="34" w="452" /><ent r="3" t="38" w="272" /><ent r="3" t="38" w="272" /><ent r="3" t="38" w="368" /><ent r="3" t="38" w="368" /><ent r="3" t="96" w="537" /><ent r="3" t="96" w="537" /><ent r="6" t="143" w="282" /><ent r="6" t="143" w="282" /><ent r="3" t="228" w="218" /><ent r="3" t="228" w="218" /><ent r="3" t="229" w="244" /><ent r="3" t="229" w="244" /><ent r="3" t="233" w="377" /><ent r="3" t="233" w="377" /><ent r="3" t="249" w="121" /><ent r="3" t="249" w="121" /><ent r="3" t="253" w="326" /><ent r="3" t="253" w="326" /></phr></stem><stem n="linq-namespac"><phr n="LINQ-namespaces"><ent r="3" t="12" w="78" /></phr></stem><stem n="namespac"><phr n="namespaces"><ent r="3" t="12" w="79" /><ent r="4" t="269" w="32" /><ent r="6" t="299" w="181" /></phr><phr n="namespace"><ent r="4" t="12" w="97" /><ent r="4" t="12" w="121" /><ent r="3" t="16" w="28" /><ent r="4" t="120" w="30" /><ent r="4" t="147" w="107" /><ent r="3" t="147" w="183" /><ent r="3" t="147" w="200" /><ent r="5" t="147" w="294" /><ent r="5" t="147" w="372" /><ent r="4" t="193" w="67" /><ent r="3" t="259" w="42" /><ent r="4" t="259" w="140" /><ent r="4" t="269" w="26" /><ent r="6" t="299" w="285" /></phr><phr n="Namespace"><ent r="5" t="147" w="309" /><ent r="5" t="147" w="318" /><ent r="5" t="147" w="387" /><ent r="5" t="147" w="396" /><ent r="4" t="193" w="296" /><ent r="4" t="193" w="564" /><ent r="3" t="267" w="35" /><ent r="3" t="267" w="142" /><ent r="3" t="267" w="161" /><ent r="4" t="277" w="61" /></phr></stem><stem n="-namespaces."><phr n="-namespaces."><ent r="3" t="12" w="80" /><ent r="3" t="12" w="80" /></phr></stem><stem n="system.linq"><phr n="System.Linq"><ent r="4" t="12" w="84" /><ent r="4" t="12" w="83" /><ent r="4" t="12" w="108" /><ent r="4" t="12" w="107" /><ent r="3" t="16" w="30" /><ent r="3" t="16" w="29" /><ent r="3" t="16" w="97" /><ent r="3" t="16" w="96" /><ent r="3" t="16" w="125" /><ent r="3" t="16" w="124" /></phr></stem><stem n=".linq;"><phr n=".Linq;"><ent r="4" t="12" w="85" /></phr></stem><stem n=".db4o.linq;"><phr n=".Db4o.Linq;"><ent r="4" t="12" w="91" /></phr></stem><stem n="linqexampl"><phr n="LinqExamples"><ent r="4" t="12" w="92" /><ent r="4" t="12" w="116" /><ent r="4" t="12" w="161" /><ent r="4" t="12" w="188" /><ent r="4" t="12" w="312" /><ent r="4" t="12" w="369" /><ent r="4" t="13" w="77" /><ent r="4" t="13" w="104" /><ent r="4" t="13" w="155" /><ent r="4" t="13" w="198" /><ent r="4" t="13" w="247" /><ent r="4" t="13" w="287" /><ent r="4" t="13" w="346" /><ent r="4" t="13" w="394" /><ent r="4" t="13" w="456" /><ent r="4" t="13" w="513" /><ent r="4" t="15" w="152" /><ent r="4" t="15" w="207" /><ent r="4" t="15" w="260" /><ent r="4" t="15" w="310" /><ent r="4" t="15" w="530" /><ent r="4" t="15" w="586" /><ent r="4" t="15" w="694" /><ent r="4" t="15" w="769" /></phr></stem><stem n="linqexamples.c"><phr n="LinqExamples.cs"><ent r="4" t="12" w="93" /><ent r="4" t="12" w="92" /><ent r="4" t="12" w="162" /><ent r="4" t="12" w="161" /><ent r="4" t="12" w="313" /><ent r="4" t="12" w="312" /><ent r="4" t="13" w="78" /><ent r="4" t="13" w="77" /><ent r="4" t="13" w="156" /><ent r="4" t="13" w="155" /><ent r="4" t="13" w="248" /><ent r="4" t="13" w="247" /><ent r="4" t="13" w="347" /><ent r="4" t="13" w="346" /><ent r="4" t="13" w="457" /><ent r="4" t="13" w="456" /><ent r="4" t="15" w="153" /><ent r="4" t="15" w="152" /><ent r="4" t="15" w="261" /><ent r="4" t="15" w="260" /><ent r="4" t="15" w="531" /><ent r="4" t="15" w="530" /><ent r="4" t="15" w="695" /><ent r="4" t="15" w="694" /></phr></stem></index>