﻿<?xml version="1.0" encoding="utf-8"?><index><stem n="good"><phr n="good"><ent r="4" t="0" w="150" /><ent r="3" t="14" w="117" /><ent r="3" t="14" w="539" /><ent r="3" t="17" w="190" /><ent r="3" t="20" w="112" /><ent r="3" t="31" w="59" /><ent r="3" t="31" w="468" /><ent r="3" t="38" w="504" /><ent r="3" t="74" w="619" /><ent r="3" t="90" w="297" /><ent r="3" t="145" w="135" /><ent r="3" t="197" w="40" /><ent r="2" t="198" w="42" /><ent r="3" t="227" w="47" /><ent r="4" t="238" w="217" /><ent r="3" t="245" w="111" /><ent r="3" t="265" w="405" /><ent r="3" t="284" w="246" /><ent r="3" t="285" w="282" /><ent r="4" t="286" w="131" /><ent r="4" t="286" w="172" /></phr><phr n="Good"><ent r="92" t="14" w="111" /><ent r="92" t="31" w="53" /></phr></stem><stem n="perform"><phr n="performance"><ent r="4" t="0" w="152" /><ent r="4" t="0" w="269" /><ent r="3" t="2" w="184" /><ent r="3" t="2" w="261" /><ent r="3" t="2" w="333" /><ent r="3" t="2" w="490" /><ent r="3" t="4" w="542" /><ent r="6" t="5" w="204" /><ent r="6" t="5" w="238" /><ent r="4" t="6" w="127" /><ent r="4" t="6" w="132" /><ent r="64" t="14" w="69" /><ent r="3" t="14" w="119" /><ent r="3" t="14" w="540" /><ent r="3" t="15" w="817" /><ent r="3" t="17" w="193" /><ent r="3" t="20" w="107" /><ent r="3" t="27" w="822" /><ent r="3" t="28" w="948" /><ent r="3" t="31" w="61" /><ent r="3" t="31" w="469" /><ent r="3" t="31" w="935" /><ent r="3" t="36" w="67" /><ent r="3" t="42" w="696" /><ent r="3" t="42" w="712" /><ent r="3" t="43" w="102" /><ent r="4" t="59" w="368" /><ent r="4" t="59" w="386" /><ent r="3" t="68" w="183" /><ent r="3" t="77" w="102" /><ent r="5" t="92" w="322" /><ent r="6" t="92" w="326" /><ent r="7" t="92" w="334" /><ent r="3" t="107" w="78" /><ent r="3" t="107" w="99" /><ent r="3" t="132" w="34" /><ent r="3" t="132" w="93" /><ent r="4" t="133" w="192" /><ent r="4" t="133" w="210" /><ent r="4" t="133" w="220" /><ent r="4" t="133" w="271" /><ent r="5" t="133" w="281" /><ent r="5" t="133" w="297" /><ent r="4" t="133" w="332" /><ent r="4" t="133" w="338" /><ent r="4" t="133" w="350" /><ent r="4" t="133" w="385" /><ent r="4" t="133" w="412" /><ent r="4" t="133" w="428" /><ent r="3" t="141" w="43" /><ent r="3" t="141" w="83" /><ent r="3" t="141" w="96" /><ent r="3" t="141" w="105" /><ent r="3" t="145" w="123" /><ent r="3" t="148" w="23" /><ent r="3" t="150" w="19" /><ent r="3" t="164" w="20" /><ent r="3" t="167" w="78" /><ent r="3" t="167" w="84" /><ent r="3" t="176" w="216" /><ent r="3" t="179" w="103" /><ent r="3" t="179" w="509" /><ent r="3" t="182" w="39" /><ent r="3" t="185" w="99" /><ent r="4" t="186" w="92" /><ent r="3" t="190" w="33" /><ent r="3" t="190" w="254" /><ent r="3" t="190" w="260" /><ent r="3" t="191" w="20" /><ent r="3" t="191" w="113" /><ent r="3" t="191" w="183" /><ent r="5" t="191" w="205" /><ent r="5" t="191" w="273" /><ent r="3" t="197" w="23" /><ent r="2" t="198" w="25" /><ent r="3" t="199" w="29" /><ent r="3" t="200" w="114" /><ent r="3" t="203" w="16" /><ent r="4" t="203" w="156" /><ent r="3" t="207" w="100" /><ent r="3" t="224" w="102" /><ent r="3" t="224" w="421" /><ent r="3" t="227" w="48" /><ent r="3" t="242" w="63" /><ent r="3" t="245" w="112" /><ent r="3" t="274" w="412" /><ent r="3" t="275" w="27" /><ent r="3" t="275" w="581" /><ent r="4" t="278" w="98" /><ent r="3" t="280" w="86" /><ent r="3" t="282" w="137" /><ent r="3" t="282" w="228" /><ent r="3" t="282" w="243" /><ent r="3" t="282" w="303" /><ent r="3" t="282" w="330" /><ent r="3" t="282" w="341" /><ent r="3" t="282" w="358" /><ent r="3" t="282" w="395" /><ent r="3" t="284" w="242" /><ent r="3" t="286" w="57" /></phr><phr n="performing"><ent r="3" t="2" w="366" /></phr><phr n="perform"><ent r="3" t="2" w="423" /><ent r="3" t="14" w="22" /><ent r="3" t="14" w="177" /><ent r="3" t="14" w="261" /><ent r="3" t="14" w="664" /><ent r="3" t="14" w="1013" /><ent r="4" t="25" w="24" /><ent r="3" t="31" w="21" /><ent r="3" t="31" w="119" /><ent r="3" t="31" w="193" /><ent r="3" t="31" w="557" /><ent r="3" t="31" w="875" /><ent r="3" t="31" w="905" /><ent r="3" t="65" w="132" /><ent r="3" t="109" w="48" /><ent r="3" t="109" w="79" /><ent r="4" t="132" w="166" /><ent r="4" t="133" w="130" /><ent r="3" t="134" w="299" /><ent r="4" t="140" w="252" /></phr><phr n="Performance"><ent r="1000" t="14" w="2" /><ent r="100" t="14" w="6" /><ent r="100" t="14" w="8" /><ent r="102" t="14" w="13" /><ent r="92" t="14" w="112" /><ent r="92" t="14" w="989" /><ent r="92" t="17" w="314" /><ent r="1000" t="31" w="2" /><ent r="100" t="31" w="6" /><ent r="100" t="31" w="8" /><ent r="102" t="31" w="12" /><ent r="92" t="31" w="54" /><ent r="92" t="31" w="851" /><ent r="4" t="47" w="88" /><ent r="100" t="132" w="6" /><ent r="3" t="132" w="127" /><ent r="3" t="133" w="21" /><ent r="93" t="133" w="178" /><ent r="93" t="133" w="343" /><ent r="4" t="133" w="357" /><ent r="4" t="133" w="365" /><ent r="65" t="133" w="433" /><ent r="92" t="280" w="75" /><ent r="64" t="280" w="97" /><ent r="1000" t="282" w="1" /><ent r="100" t="282" w="6" /><ent r="102" t="282" w="11" /><ent r="92" t="282" w="127" /><ent r="92" t="282" w="220" /><ent r="92" t="282" w="237" /><ent r="1000" t="283" w="2" /><ent r="102" t="283" w="5" /><ent r="64" t="283" w="275" /><ent r="64" t="283" w="386" /></phr><phr n="performances"><ent r="3" t="14" w="1002" /><ent r="3" t="31" w="864" /></phr><phr n="performant"><ent r="3" t="26" w="156" /><ent r="3" t="90" w="250" /><ent r="3" t="191" w="139" /><ent r="3" t="230" w="148" /></phr><phr n="performed"><ent r="3" t="178" w="69" /><ent r="3" t="179" w="515" /></phr></stem><stem n="should"><phr n="should"><ent r="65" t="0" w="155" /><ent r="4" t="0" w="256" /><ent r="3" t="2" w="396" /><ent r="3" t="6" w="38" /><ent r="3" t="6" w="90" /><ent r="3" t="10" w="62" /><ent r="3" t="14" w="30" /><ent r="3" t="14" w="146" /><ent r="3" t="17" w="143" /><ent r="3" t="29" w="144" /><ent r="3" t="29" w="432" /><ent r="3" t="31" w="29" /><ent r="3" t="31" w="88" /><ent r="4" t="33" w="102" /><ent r="4" t="33" w="107" /><ent r="4" t="33" w="189" /><ent r="3" t="34" w="483" /><ent r="3" t="36" w="37" /><ent r="3" t="36" w="171" /><ent r="3" t="38" w="359" /><ent r="3" t="39" w="50" /><ent r="3" t="44" w="54" /><ent r="3" t="49" w="25" /><ent r="3" t="50" w="486" /><ent r="3" t="55" w="199" /><ent r="3" t="55" w="244" /><ent r="4" t="59" w="328" /><ent r="3" t="60" w="39" /><ent r="3" t="61" w="112" /><ent r="3" t="66" w="47" /><ent r="3" t="67" w="106" /><ent r="3" t="72" w="262" /><ent r="3" t="73" w="12" /><ent r="3" t="73" w="50" /><ent r="3" t="74" w="62" /><ent r="3" t="79" w="84" /><ent r="3" t="90" w="108" /><ent r="3" t="92" w="43" /><ent r="6" t="92" w="185" /><ent r="6" t="92" w="191" /><ent r="5" t="93" w="126" /><ent r="3" t="96" w="530" /><ent r="3" t="100" w="68" /><ent r="3" t="101" w="320" /><ent r="3" t="105" w="23" /><ent r="3" t="106" w="123" /><ent r="3" t="117" w="94" /><ent r="5" t="121" w="260" /><ent r="5" t="121" w="404" /><ent r="3" t="134" w="169" /><ent r="3" t="134" w="251" /><ent r="3" t="134" w="288" /><ent r="4" t="140" w="193" /><ent r="65" t="140" w="210" /><ent r="4" t="140" w="230" /><ent r="4" t="140" w="303" /><ent r="4" t="140" w="352" /><ent r="3" t="141" w="76" /><ent r="3" t="167" w="207" /><ent r="3" t="177" w="47" /><ent r="3" t="178" w="135" /><ent r="3" t="185" w="102" /><ent r="3" t="200" w="56" /><ent r="3" t="200" w="74" /><ent r="3" t="202" w="48" /><ent r="3" t="204" w="26" /><ent r="3" t="223" w="134" /><ent r="3" t="232" w="343" /><ent r="3" t="233" w="92" /><ent r="4" t="238" w="112" /><ent r="4" t="238" w="147" /><ent r="4" t="238" w="165" /><ent r="3" t="239" w="55" /><ent r="3" t="239" w="97" /><ent r="3" t="242" w="46" /><ent r="3" t="243" w="38" /><ent r="3" t="243" w="172" /><ent r="3" t="243" w="194" /><ent r="3" t="243" w="347" /><ent r="3" t="245" w="171" /><ent r="3" t="257" w="175" /><ent r="3" t="257" w="188" /><ent r="3" t="258" w="41" /><ent r="4" t="258" w="62" /><ent r="5" t="258" w="88" /><ent r="5" t="258" w="98" /><ent r="3" t="259" w="22" /><ent r="4" t="259" w="126" /><ent r="3" t="266" w="564" /><ent r="3" t="267" w="63" /><ent r="3" t="268" w="279" /><ent r="3" t="268" w="422" /><ent r="3" t="270" w="130" /><ent r="6" t="270" w="381" /><ent r="3" t="272" w="552" /><ent r="3" t="273" w="161" /><ent r="3" t="274" w="17" /><ent r="3" t="274" w="42" /><ent r="4" t="278" w="51" /><ent r="3" t="281" w="16" /><ent r="3" t="281" w="188" /><ent r="3" t="282" w="113" /><ent r="3" t="282" w="149" /><ent r="3" t="283" w="29" /><ent r="3" t="285" w="171" /><ent r="3" t="285" w="345" /><ent r="4" t="286" w="85" /><ent r="4" t="286" w="194" /><ent r="3" t="288" w="25" /><ent r="3" t="294" w="123" /><ent r="3" t="297" w="513" /><ent r="3" t="300" w="38" /><ent r="3" t="300" w="53" /><ent r="6" t="300" w="463" /><ent r="4" t="301" w="33" /><ent r="4" t="301" w="41" /><ent r="3" t="301" w="69" /><ent r="3" t="306" w="409" /><ent r="4" t="307" w="90" /><ent r="3" t="307" w="106" /></phr><phr n="Should"><ent r="4" t="39" w="279" /><ent r="6" t="92" w="487" /><ent r="92" t="103" w="134" /><ent r="92" t="294" w="114" /></phr></stem><stem n="creat"><phr n="create"><ent r="65" t="0" w="156" /><ent r="6" t="5" w="147" /><ent r="5" t="9" w="351" /><ent r="3" t="20" w="130" /><ent r="4" t="25" w="61" /><ent r="3" t="29" w="188" /><ent r="3" t="29" w="565" /><ent r="3" t="42" w="32" /><ent r="3" t="42" w="45" /><ent r="4" t="52" w="79" /><ent r="3" t="59" w="79" /><ent r="3" t="66" w="152" /><ent r="3" t="73" w="83" /><ent r="3" t="74" w="625" /><ent r="3" t="76" w="46" /><ent r="3" t="78" w="93" /><ent r="3" t="99" w="225" /><ent r="3" t="99" w="429" /><ent r="3" t="100" w="39" /><ent r="3" t="104" w="87" /><ent r="3" t="109" w="108" /><ent r="3" t="114" w="150" /><ent r="3" t="114" w="168" /><ent r="3" t="114" w="243" /><ent r="3" t="114" w="250" /><ent r="3" t="124" w="78" /><ent r="3" t="125" w="78" /><ent r="3" t="128" w="22" /><ent r="3" t="129" w="73" /><ent r="3" t="129" w="232" /><ent r="3" t="130" w="23" /><ent r="3" t="141" w="123" /><ent r="3" t="142" w="36" /><ent r="3" t="142" w="74" /><ent r="3" t="142" w="88" /><ent r="3" t="142" w="444" /><ent r="3" t="142" w="487" /><ent r="4" t="166" w="402" /><ent r="3" t="186" w="71" /><ent r="3" t="188" w="19" /><ent r="3" t="227" w="393" /><ent r="3" t="227" w="411" /><ent r="3" t="229" w="51" /><ent r="3" t="229" w="88" /><ent r="3" t="233" w="235" /><ent r="5" t="233" w="433" /><ent r="5" t="233" w="521" /><ent r="3" t="236" w="112" /><ent r="4" t="242" w="83" /><ent r="4" t="242" w="109" /><ent r="3" t="243" w="210" /><ent r="3" t="249" w="101" /><ent r="3" t="255" w="144" /><ent r="3" t="256" w="60" /><ent r="3" t="257" w="49" /><ent r="3" t="257" w="180" /><ent r="4" t="259" w="76" /><ent r="3" t="260" w="90" /><ent r="4" t="263" w="392" /><ent r="4" t="263" w="438" /><ent r="3" t="265" w="610" /><ent r="3" t="265" w="753" /><ent r="6" t="270" w="327" /><ent r="6" t="270" w="369" /><ent r="5" t="277" w="152" /><ent r="5" t="277" w="203" /><ent r="3" t="284" w="36" /><ent r="3" t="285" w="50" /><ent r="3" t="289" w="31" /><ent r="3" t="289" w="240" /><ent r="3" t="302" w="13" /><ent r="3" t="302" w="73" /><ent r="3" t="303" w="98" /><ent r="3" t="306" w="273" /><ent r="3" t="307" w="31" /><ent r="3" t="315" w="26" /></phr><phr n="creates"><ent r="3" t="2" w="178" /><ent r="3" t="7" w="386" /><ent r="3" t="77" w="57" /><ent r="3" t="80" w="91" /><ent r="3" t="104" w="28" /><ent r="3" t="121" w="53" /><ent r="4" t="164" w="115" /><ent r="3" t="167" w="42" /><ent r="3" t="224" w="517" /><ent r="3" t="227" w="418" /><ent r="3" t="229" w="246" /><ent r="3" t="229" w="271" /><ent r="3" t="231" w="61" /><ent r="3" t="233" w="181" /><ent r="3" t="264" w="99" /></phr><phr n="created"><ent r="3" t="2" w="625" /><ent r="3" t="32" w="103" /><ent r="3" t="41" w="76" /><ent r="3" t="99" w="641" /><ent r="3" t="99" w="875" /><ent r="3" t="131" w="134" /><ent r="8" t="143" w="103" /><ent r="3" t="166" w="23" /><ent r="4" t="166" w="217" /><ent r="8" t="173" w="93" /><ent r="3" t="176" w="101" /><ent r="3" t="177" w="80" /><ent r="3" t="188" w="118" /><ent r="3" t="188" w="169" /><ent r="3" t="188" w="539" /><ent r="3" t="188" w="597" /><ent r="3" t="200" w="24" /><ent r="3" t="200" w="50" /><ent r="3" t="200" w="107" /><ent r="3" t="200" w="134" /><ent r="3" t="204" w="22" /><ent r="4" t="204" w="62" /><ent r="4" t="204" w="97" /><ent r="3" t="238" w="275" /><ent r="3" t="265" w="653" /><ent r="3" t="265" w="661" /><ent r="3" t="272" w="342" /><ent r="3" t="276" w="146" /><ent r="3" t="277" w="22" /><ent r="3" t="290" w="208" /><ent r="3" t="301" w="23" /><ent r="3" t="306" w="498" /><ent r="3" t="307" w="104" /></phr><phr n="creating"><ent r="3" t="4" w="434" /><ent r="6" t="97" w="66" /><ent r="6" t="97" w="83" /><ent r="3" t="99" w="883" /><ent r="3" t="100" w="339" /><ent r="3" t="104" w="64" /><ent r="6" t="143" w="198" /><ent r="5" t="166" w="295" /><ent r="3" t="226" w="100" /><ent r="64" t="251" w="258" /><ent r="3" t="265" w="426" /><ent r="3" t="303" w="56" /><ent r="3" t="307" w="119" /></phr><phr n="Create"><ent r="92" t="22" w="75" /><ent r="4" t="122" w="202" /><ent r="4" t="123" w="102" /><ent r="4" t="124" w="102" /><ent r="4" t="125" w="102" /><ent r="4" t="125" w="108" /><ent r="92" t="265" w="374" /><ent r="92" t="265" w="600" /><ent r="4" t="272" w="108" /><ent r="3" t="302" w="94" /><ent r="3" t="307" w="35" /><ent r="4" t="307" w="67" /></phr><phr n="Creating"><ent r="92" t="74" w="610" /><ent r="4" t="95" w="158" /><ent r="4" t="96" w="336" /><ent r="4" t="96" w="400" /><ent r="4" t="99" w="1003" /><ent r="92" t="114" w="160" /><ent r="64" t="129" w="240" /><ent r="1000" t="130" w="1" /><ent r="102" t="130" w="6" /><ent r="4" t="251" w="379" /><ent r="4" t="263" w="378" /><ent r="4" t="263" w="417" /><ent r="66" t="301" w="213" /><ent r="1000" t="302" w="1" /><ent r="102" t="302" w="6" /></phr></stem><stem n="index"><phr n="indexes"><ent r="65" t="0" w="157" /><ent r="3" t="2" w="534" /><ent r="3" t="14" w="1011" /><ent r="3" t="14" w="1059" /><ent r="3" t="17" w="179" /><ent r="3" t="20" w="85" /><ent r="3" t="31" w="873" /><ent r="3" t="31" w="1118" /><ent r="3" t="31" w="1441" /><ent r="3" t="31" w="1544" /><ent r="3" t="32" w="41" /><ent r="3" t="32" w="48" /><ent r="3" t="32" w="70" /><ent r="3" t="59" w="9" /><ent r="4" t="59" w="400" /><ent r="3" t="60" w="71" /><ent r="3" t="60" w="134" /><ent r="3" t="60" w="144" /><ent r="5" t="60" w="228" /><ent r="5" t="60" w="299" /><ent r="3" t="61" w="68" /><ent r="3" t="61" w="139" /><ent r="3" t="64" w="32" /><ent r="3" t="71" w="129" /><ent r="3" t="77" w="77" /><ent r="4" t="95" w="160" /><ent r="3" t="109" w="36" /><ent r="3" t="117" w="89" /><ent r="3" t="134" w="180" /><ent r="3" t="141" w="92" /><ent r="3" t="141" w="120" /><ent r="6" t="143" w="175" /><ent r="3" t="150" w="15" /><ent r="3" t="167" w="36" /><ent r="3" t="214" w="16" /><ent r="3" t="241" w="58" /><ent r="3" t="241" w="75" /><ent r="3" t="283" w="146" /></phr><phr n="indexing"><ent r="3" t="1" w="365" /><ent r="3" t="62" w="18" /><ent r="3" t="117" w="73" /><ent r="3" t="141" w="45" /></phr><phr n="index"><ent r="3" t="2" w="418" /><ent r="3" t="9" w="223" /><ent r="3" t="14" w="143" /><ent r="3" t="14" w="1195" /><ent r="3" t="14" w="1592" /><ent r="3" t="14" w="1616" /><ent r="3" t="27" w="815" /><ent r="3" t="28" w="943" /><ent r="3" t="31" w="85" /><ent r="3" t="31" w="962" /><ent r="5" t="31" w="998" /><ent r="5" t="31" w="1058" /><ent r="3" t="31" w="1297" /><ent r="3" t="31" w="1788" /><ent r="3" t="31" w="1812" /><ent r="3" t="32" w="28" /><ent r="3" t="32" w="52" /><ent r="3" t="32" w="75" /><ent r="3" t="32" w="84" /><ent r="3" t="32" w="96" /><ent r="3" t="32" w="111" /><ent r="3" t="59" w="28" /><ent r="3" t="59" w="35" /><ent r="3" t="59" w="61" /><ent r="3" t="59" w="75" /><ent r="3" t="59" w="81" /><ent r="3" t="59" w="102" /><ent r="3" t="59" w="169" /><ent r="3" t="59" w="257" /><ent r="3" t="59" w="265" /><ent r="3" t="59" w="292" /><ent r="4" t="59" w="353" /><ent r="4" t="59" w="361" /><ent r="4" t="59" w="363" /><ent r="4" t="59" w="390" /><ent r="3" t="60" w="14" /><ent r="3" t="60" w="23" /><ent r="3" t="60" w="25" /><ent r="3" t="60" w="85" /><ent r="3" t="60" w="96" /><ent r="3" t="60" w="172" /><ent r="3" t="60" w="195" /><ent r="4" t="60" w="350" /><ent r="4" t="60" w="374" /><ent r="3" t="61" w="11" /><ent r="3" t="61" w="30" /><ent r="3" t="61" w="44" /><ent r="3" t="61" w="80" /><ent r="3" t="61" w="91" /><ent r="3" t="61" w="107" /><ent r="3" t="61" w="122" /><ent r="3" t="61" w="169" /><ent r="3" t="62" w="59" /><ent r="3" t="62" w="75" /><ent r="3" t="62" w="83" /><ent r="3" t="62" w="101" /><ent r="3" t="62" w="119" /><ent r="3" t="62" w="140" /><ent r="3" t="62" w="157" /><ent r="3" t="62" w="194" /><ent r="3" t="62" w="220" /><ent r="3" t="63" w="19" /><ent r="5" t="63" w="62" /><ent r="4" t="63" w="116" /><ent r="5" t="63" w="148" /><ent r="4" t="63" w="210" /><ent r="3" t="64" w="17" /><ent r="3" t="64" w="52" /><ent r="3" t="64" w="74" /><ent r="3" t="64" w="88" /><ent r="4" t="64" w="120" /><ent r="4" t="64" w="162" /><ent r="4" t="64" w="206" /><ent r="4" t="64" w="269" /><ent r="3" t="67" w="101" /><ent r="4" t="67" w="157" /><ent r="4" t="67" w="206" /><ent r="3" t="70" w="625" /><ent r="3" t="99" w="1040" /><ent r="4" t="99" w="1069" /><ent r="4" t="99" w="1098" /><ent r="4" t="114" w="1016" /><ent r="4" t="134" w="127" /><ent r="3" t="134" w="154" /><ent r="4" t="140" w="250" /><ent r="65" t="140" w="272" /><ent r="4" t="140" w="337" /><ent r="3" t="141" w="90" /><ent r="64" t="150" w="31" /><ent r="64" t="150" w="35" /><ent r="4" t="164" w="112" /><ent r="3" t="166" w="27" /><ent r="3" t="166" w="34" /><ent r="5" t="166" w="275" /><ent r="5" t="166" w="324" /><ent r="3" t="167" w="39" /><ent r="3" t="167" w="47" /><ent r="4" t="167" w="144" /><ent r="4" t="167" w="164" /><ent r="6" t="209" w="215" /><ent r="3" t="214" w="14" /><ent r="3" t="214" w="40" /><ent r="4" t="214" w="62" /><ent r="4" t="214" w="95" /><ent r="3" t="223" w="135" /><ent r="3" t="223" w="199" /><ent r="3" t="223" w="291" /><ent r="5" t="240" w="374" /><ent r="5" t="240" w="429" /><ent r="3" t="240" w="652" /><ent r="3" t="241" w="95" /><ent r="64" t="247" w="214" /><ent r="8" t="247" w="269" /><ent r="64" t="247" w="308" /><ent r="8" t="247" w="371" /><ent r="3" t="250" w="152" /><ent r="4" t="250" w="185" /><ent r="4" t="250" w="214" /><ent r="3" t="251" w="161" /><ent r="4" t="251" w="192" /><ent r="4" t="251" w="221" /><ent r="4" t="260" w="202" /><ent r="3" t="264" w="337" /><ent r="3" t="264" w="371" /><ent r="3" t="283" w="299" /><ent r="3" t="283" w="321" /><ent r="3" t="283" w="347" /><ent r="3" t="285" w="173" /><ent r="64" t="285" w="190" /><ent r="3" t="289" w="186" /></phr><phr n="indexed"><ent r="64" t="14" w="131" /><ent r="3" t="14" w="163" /><ent r="3" t="14" w="175" /><ent r="4" t="14" w="208" /><ent r="4" t="14" w="247" /><ent r="3" t="14" w="375" /><ent r="4" t="14" w="459" /><ent r="4" t="14" w="517" /><ent r="3" t="28" w="88" /><ent r="3" t="28" w="233" /><ent r="3" t="28" w="394" /><ent r="64" t="31" w="73" /><ent r="3" t="31" w="105" /><ent r="3" t="31" w="117" /><ent r="4" t="31" w="146" /><ent r="4" t="31" w="179" /><ent r="4" t="31" w="238" /><ent r="4" t="31" w="275" /><ent r="3" t="31" w="306" /><ent r="4" t="31" w="390" /><ent r="4" t="31" w="446" /><ent r="3" t="62" w="24" /><ent r="3" t="62" w="47" /><ent r="3" t="62" w="132" /><ent r="3" t="62" w="190" /><ent r="3" t="63" w="41" /><ent r="5" t="63" w="90" /><ent r="5" t="63" w="108" /><ent r="5" t="63" w="182" /><ent r="5" t="63" w="198" /><ent r="3" t="64" w="42" /><ent r="5" t="70" w="415" /><ent r="5" t="70" w="562" /><ent r="3" t="141" w="60" /><ent r="3" t="141" w="78" /><ent r="3" t="167" w="54" /><ent r="64" t="240" w="363" /><ent r="3" t="240" w="517" /><ent r="64" t="283" w="295" /></phr><phr n="Indexed"><ent r="82" t="14" w="168" /><ent r="82" t="31" w="110" /><ent r="4" t="59" w="117" /><ent r="4" t="59" w="187" /><ent r="4" t="59" w="225" /><ent r="92" t="62" w="30" /><ent r="92" t="62" w="183" /><ent r="4" t="67" w="134" /><ent r="4" t="67" w="183" /><ent r="4" t="99" w="1062" /><ent r="4" t="99" w="1091" /><ent r="4" t="214" w="53" /><ent r="4" t="214" w="86" /><ent r="4" t="223" w="147" /><ent r="4" t="223" w="216" /><ent r="4" t="223" w="254" /><ent r="4" t="250" w="178" /><ent r="4" t="250" w="207" /><ent r="4" t="251" w="185" /><ent r="4" t="251" w="214" /><ent r="4" t="264" w="393" /><ent r="4" t="264" w="430" /><ent r="92" t="283" w="282" /><ent r="3" t="289" w="181" /></phr><phr n="Index"><ent r="82" t="14" w="356" /><ent r="82" t="31" w="287" /><ent r="92" t="32" w="17" /><ent r="64" t="59" w="93" /><ent r="4" t="59" w="127" /><ent r="4" t="59" w="151" /><ent r="4" t="59" w="194" /><ent r="4" t="59" w="232" /><ent r="92" t="59" w="250" /><ent r="4" t="60" w="240" /><ent r="4" t="60" w="325" /><ent r="1000" t="64" w="3" /><ent r="102" t="64" w="8" /><ent r="4" t="167" w="124" /><ent r="68" t="209" w="211" /><ent r="1000" t="214" w="3" /><ent r="102" t="214" w="7" /><ent r="92" t="223" w="126" /><ent r="3" t="223" w="128" /><ent r="4" t="223" w="157" /><ent r="4" t="223" w="181" /><ent r="4" t="223" w="223" /><ent r="4" t="223" w="261" /><ent r="4" t="260" w="183" /><ent r="4" t="260" w="297" /><ent r="5" t="260" w="398" /><ent r="3" t="289" w="193" /></phr><phr n="Indexing"><ent r="1000" t="59" w="1" /><ent r="102" t="59" w="5" /><ent r="64" t="134" w="185" /><ent r="64" t="223" w="145" /></phr><phr n="Indexes"><ent r="100" t="59" w="3" /><ent r="3" t="59" w="14" /><ent r="3" t="60" w="55" /><ent r="3" t="60" w="105" /><ent r="100" t="62" w="5" /><ent r="3" t="62" w="48" /><ent r="1000" t="63" w="4" /><ent r="102" t="63" w="9" /><ent r="92" t="285" w="163" /><ent r="3" t="285" w="165" /></phr><phr n="indexer"><ent r="6" t="300" w="364" /><ent r="6" t="300" w="371" /></phr></stem><stem n="configur"><phr n="configuration"><ent r="65" t="0" w="166" /><ent r="4" t="21" w="141" /><ent r="4" t="21" w="165" /><ent r="4" t="36" w="90" /><ent r="4" t="36" w="130" /><ent r="3" t="36" w="196" /><ent r="4" t="36" w="198" /><ent r="4" t="36" w="218" /><ent r="3" t="48" w="151" /><ent r="4" t="49" w="72" /><ent r="4" t="49" w="75" /><ent r="4" t="49" w="86" /><ent r="4" t="49" w="103" /><ent r="4" t="49" w="110" /><ent r="4" t="49" w="127" /><ent r="4" t="49" w="178" /><ent r="4" t="49" w="181" /><ent r="4" t="49" w="196" /><ent r="4" t="49" w="213" /><ent r="4" t="49" w="220" /><ent r="4" t="49" w="241" /><ent r="4" t="50" w="622" /><ent r="4" t="50" w="625" /><ent r="4" t="50" w="636" /><ent r="4" t="50" w="653" /><ent r="4" t="50" w="660" /><ent r="4" t="50" w="677" /><ent r="4" t="50" w="894" /><ent r="4" t="50" w="897" /><ent r="4" t="50" w="912" /><ent r="4" t="50" w="929" /><ent r="4" t="50" w="936" /><ent r="4" t="50" w="957" /><ent r="4" t="54" w="139" /><ent r="4" t="54" w="142" /><ent r="4" t="54" w="168" /><ent r="4" t="54" w="175" /><ent r="3" t="57" w="38" /><ent r="4" t="59" w="173" /><ent r="4" t="59" w="176" /><ent r="4" t="59" w="207" /><ent r="4" t="59" w="214" /><ent r="4" t="60" w="334" /><ent r="4" t="60" w="358" /><ent r="3" t="67" w="117" /><ent r="4" t="67" w="123" /><ent r="4" t="67" w="138" /><ent r="4" t="67" w="172" /><ent r="4" t="67" w="187" /><ent r="4" t="69" w="386" /><ent r="4" t="69" w="389" /><ent r="4" t="69" w="410" /><ent r="4" t="69" w="417" /><ent r="3" t="77" w="125" /><ent r="3" t="78" w="184" /><ent r="4" t="78" w="216" /><ent r="4" t="78" w="245" /><ent r="3" t="78" w="262" /><ent r="3" t="79" w="24" /><ent r="3" t="79" w="53" /><ent r="3" t="80" w="23" /><ent r="3" t="81" w="13" /><ent r="3" t="81" w="31" /><ent r="5" t="81" w="76" /><ent r="4" t="81" w="85" /><ent r="4" t="81" w="90" /><ent r="4" t="81" w="100" /><ent r="5" t="81" w="130" /><ent r="4" t="81" w="140" /><ent r="4" t="81" w="149" /><ent r="4" t="81" w="159" /><ent r="3" t="87" w="24" /><ent r="3" t="87" w="68" /><ent r="4" t="99" w="1051" /><ent r="4" t="99" w="1080" /><ent r="3" t="103" w="35" /><ent r="4" t="106" w="144" /><ent r="4" t="106" w="147" /><ent r="4" t="106" w="169" /><ent r="4" t="106" w="176" /><ent r="4" t="112" w="58" /><ent r="4" t="112" w="61" /><ent r="4" t="112" w="86" /><ent r="4" t="112" w="93" /><ent r="4" t="112" w="1383" /><ent r="4" t="112" w="1386" /><ent r="4" t="112" w="1414" /><ent r="4" t="112" w="1421" /><ent r="4" t="114" w="723" /><ent r="4" t="114" w="726" /><ent r="4" t="114" w="742" /><ent r="4" t="114" w="766" /><ent r="4" t="114" w="773" /><ent r="4" t="114" w="795" /><ent r="4" t="116" w="153" /><ent r="4" t="116" w="156" /><ent r="4" t="116" w="186" /><ent r="4" t="116" w="193" /><ent r="4" t="117" w="703" /><ent r="4" t="117" w="706" /><ent r="4" t="117" w="736" /><ent r="4" t="117" w="743" /><ent r="64" t="120" w="44" /><ent r="4" t="120" w="72" /><ent r="4" t="120" w="105" /><ent r="64" t="120" w="145" /><ent r="4" t="120" w="173" /><ent r="4" t="120" w="204" /><ent r="4" t="120" w="276" /><ent r="4" t="120" w="284" /><ent r="64" t="129" w="110" /><ent r="4" t="129" w="114" /><ent r="4" t="129" w="117" /><ent r="4" t="129" w="139" /><ent r="4" t="129" w="146" /><ent r="3" t="133" w="59" /><ent r="3" t="134" w="40" /><ent r="4" t="134" w="68" /><ent r="4" t="134" w="75" /><ent r="4" t="134" w="95" /><ent r="4" t="134" w="102" /><ent r="3" t="135" w="54" /><ent r="4" t="135" w="56" /><ent r="4" t="135" w="78" /><ent r="4" t="136" w="51" /><ent r="4" t="136" w="71" /><ent r="3" t="137" w="46" /><ent r="4" t="137" w="48" /><ent r="4" t="137" w="70" /><ent r="3" t="138" w="37" /><ent r="3" t="138" w="46" /><ent r="4" t="138" w="64" /><ent r="4" t="138" w="86" /><ent r="4" t="138" w="123" /><ent r="4" t="138" w="145" /><ent r="3" t="139" w="60" /><ent r="4" t="139" w="62" /><ent r="4" t="139" w="83" /><ent r="3" t="140" w="27" /><ent r="4" t="140" w="51" /><ent r="4" t="140" w="54" /><ent r="4" t="140" w="78" /><ent r="4" t="140" w="85" /><ent r="4" t="141" w="386" /><ent r="4" t="141" w="389" /><ent r="4" t="141" w="421" /><ent r="4" t="141" w="428" /><ent r="3" t="142" w="12" /><ent r="3" t="142" w="15" /><ent r="3" t="142" w="39" /><ent r="3" t="142" w="53" /><ent r="3" t="142" w="67" /><ent r="3" t="142" w="82" /><ent r="3" t="142" w="96" /><ent r="3" t="142" w="123" /><ent r="4" t="142" w="126" /><ent r="5" t="142" w="132" /><ent r="4" t="142" w="138" /><ent r="4" t="142" w="159" /><ent r="5" t="142" w="169" /><ent r="4" t="142" w="180" /><ent r="3" t="142" w="226" /><ent r="4" t="142" w="229" /><ent r="5" t="142" w="235" /><ent r="4" t="142" w="241" /><ent r="4" t="142" w="263" /><ent r="5" t="142" w="273" /><ent r="4" t="142" w="284" /><ent r="3" t="142" w="328" /><ent r="4" t="142" w="331" /><ent r="5" t="142" w="337" /><ent r="4" t="142" w="343" /><ent r="4" t="142" w="371" /><ent r="5" t="142" w="381" /><ent r="4" t="142" w="392" /><ent r="3" t="142" w="425" /><ent r="3" t="142" w="470" /><ent r="3" t="142" w="498" /><ent r="3" t="142" w="518" /><ent r="3" t="143" w="13" /><ent r="3" t="143" w="30" /><ent r="3" t="143" w="42" /><ent r="3" t="143" w="54" /><ent r="3" t="143" w="420" /><ent r="3" t="143" w="434" /><ent r="3" t="143" w="445" /><ent r="3" t="143" w="453" /><ent r="3" t="144" w="27" /><ent r="3" t="145" w="46" /><ent r="4" t="145" w="53" /><ent r="4" t="145" w="56" /><ent r="4" t="145" w="75" /><ent r="4" t="145" w="82" /><ent r="4" t="145" w="177" /><ent r="4" t="145" w="180" /><ent r="4" t="145" w="205" /><ent r="4" t="145" w="212" /><ent r="2" t="146" w="60" /><ent r="4" t="146" w="85" /><ent r="4" t="146" w="88" /><ent r="4" t="146" w="108" /><ent r="4" t="146" w="115" /><ent r="4" t="146" w="210" /><ent r="4" t="146" w="213" /><ent r="4" t="146" w="238" /><ent r="4" t="146" w="245" /><ent r="3" t="147" w="68" /><ent r="3" t="147" w="77" /><ent r="4" t="147" w="263" /><ent r="4" t="147" w="296" /><ent r="4" t="147" w="341" /><ent r="4" t="147" w="374" /><ent r="3" t="148" w="66" /><ent r="4" t="148" w="70" /><ent r="4" t="148" w="73" /><ent r="4" t="148" w="94" /><ent r="4" t="148" w="114" /><ent r="4" t="148" w="121" /><ent r="4" t="148" w="146" /><ent r="4" t="149" w="79" /><ent r="4" t="149" w="82" /><ent r="4" t="149" w="103" /><ent r="4" t="149" w="110" /><ent r="4" t="150" w="184" /><ent r="4" t="150" w="187" /><ent r="4" t="150" w="208" /><ent r="4" t="150" w="215" /><ent r="4" t="151" w="87" /><ent r="4" t="151" w="90" /><ent r="4" t="151" w="110" /><ent r="4" t="151" w="117" /><ent r="4" t="152" w="90" /><ent r="4" t="152" w="93" /><ent r="4" t="152" w="113" /><ent r="4" t="152" w="120" /><ent r="4" t="152" w="162" /><ent r="4" t="152" w="165" /><ent r="4" t="152" w="190" /><ent r="4" t="152" w="197" /><ent r="4" t="153" w="111" /><ent r="4" t="153" w="114" /><ent r="4" t="153" w="135" /><ent r="4" t="153" w="142" /><ent r="4" t="154" w="24" /><ent r="4" t="154" w="27" /><ent r="4" t="154" w="51" /><ent r="4" t="154" w="58" /><ent r="4" t="155" w="50" /><ent r="4" t="155" w="53" /><ent r="4" t="155" w="77" /><ent r="4" t="155" w="84" /><ent r="4" t="156" w="30" /><ent r="4" t="156" w="33" /><ent r="4" t="156" w="53" /><ent r="4" t="156" w="60" /><ent r="4" t="157" w="43" /><ent r="4" t="157" w="46" /><ent r="4" t="157" w="71" /><ent r="4" t="157" w="78" /><ent r="4" t="158" w="28" /><ent r="4" t="158" w="54" /><ent r="4" t="158" w="57" /><ent r="4" t="158" w="77" /><ent r="4" t="158" w="84" /><ent r="4" t="159" w="52" /><ent r="4" t="159" w="55" /><ent r="4" t="159" w="75" /><ent r="4" t="159" w="82" /><ent r="4" t="160" w="27" /><ent r="4" t="160" w="30" /><ent r="4" t="160" w="56" /><ent r="4" t="160" w="63" /><ent r="4" t="161" w="61" /><ent r="4" t="161" w="64" /><ent r="4" t="161" w="88" /><ent r="4" t="161" w="95" /><ent r="4" t="163" w="38" /><ent r="4" t="163" w="41" /><ent r="4" t="163" w="62" /><ent r="4" t="163" w="69" /><ent r="4" t="164" w="132" /><ent r="4" t="164" w="135" /><ent r="4" t="164" w="157" /><ent r="4" t="164" w="164" /><ent r="4" t="168" w="104" /><ent r="4" t="168" w="107" /><ent r="4" t="168" w="129" /><ent r="4" t="168" w="136" /><ent r="4" t="169" w="150" /><ent r="4" t="169" w="153" /><ent r="4" t="169" w="174" /><ent r="4" t="169" w="181" /><ent r="3" t="169" w="224" /><ent r="4" t="170" w="70" /><ent r="4" t="170" w="73" /><ent r="4" t="170" w="96" /><ent r="4" t="170" w="103" /><ent r="4" t="171" w="45" /><ent r="4" t="171" w="48" /><ent r="4" t="171" w="70" /><ent r="4" t="171" w="77" /><ent r="4" t="172" w="62" /><ent r="4" t="172" w="65" /><ent r="4" t="172" w="86" /><ent r="4" t="172" w="93" /><ent r="3" t="173" w="13" /><ent r="3" t="173" w="17" /><ent r="3" t="173" w="42" /><ent r="3" t="173" w="54" /><ent r="3" t="173" w="66" /><ent r="4" t="174" w="91" /><ent r="4" t="174" w="94" /><ent r="4" t="174" w="119" /><ent r="4" t="174" w="126" /><ent r="4" t="175" w="53" /><ent r="4" t="175" w="56" /><ent r="4" t="175" w="78" /><ent r="4" t="175" w="85" /><ent r="3" t="176" w="89" /><ent r="4" t="176" w="126" /><ent r="4" t="176" w="129" /><ent r="4" t="176" w="151" /><ent r="4" t="176" w="158" /><ent r="3" t="177" w="53" /><ent r="4" t="177" w="109" /><ent r="4" t="177" w="112" /><ent r="4" t="177" w="132" /><ent r="4" t="177" w="139" /><ent r="4" t="178" w="148" /><ent r="4" t="178" w="151" /><ent r="4" t="178" w="169" /><ent r="4" t="178" w="176" /><ent r="4" t="179" w="140" /><ent r="4" t="179" w="150" /><ent r="4" t="179" w="169" /><ent r="4" t="179" w="183" /><ent r="4" t="179" w="274" /><ent r="4" t="179" w="277" /><ent r="4" t="179" w="298" /><ent r="4" t="179" w="305" /><ent r="4" t="179" w="394" /><ent r="4" t="179" w="397" /><ent r="4" t="179" w="416" /><ent r="4" t="179" w="423" /><ent r="4" t="179" w="518" /><ent r="4" t="179" w="521" /><ent r="4" t="179" w="545" /><ent r="4" t="179" w="552" /><ent r="4" t="180" w="65" /><ent r="4" t="180" w="68" /><ent r="4" t="180" w="89" /><ent r="4" t="180" w="96" /><ent r="4" t="180" w="132" /><ent r="4" t="180" w="135" /><ent r="4" t="180" w="140" /><ent r="4" t="180" w="169" /><ent r="4" t="180" w="176" /><ent r="4" t="180" w="181" /><ent r="4" t="181" w="41" /><ent r="4" t="181" w="44" /><ent r="4" t="181" w="66" /><ent r="4" t="181" w="73" /><ent r="4" t="182" w="69" /><ent r="4" t="182" w="72" /><ent r="4" t="182" w="95" /><ent r="4" t="182" w="102" /><ent r="4" t="183" w="46" /><ent r="4" t="183" w="49" /><ent r="4" t="183" w="71" /><ent r="4" t="183" w="78" /><ent r="4" t="184" w="83" /><ent r="4" t="184" w="86" /><ent r="4" t="184" w="112" /><ent r="4" t="184" w="119" /><ent r="4" t="185" w="128" /><ent r="4" t="185" w="131" /><ent r="4" t="185" w="151" /><ent r="4" t="185" w="158" /><ent r="4" t="187" w="30" /><ent r="4" t="187" w="39" /><ent r="4" t="187" w="49" /><ent r="4" t="187" w="71" /><ent r="4" t="187" w="90" /><ent r="4" t="187" w="104" /><ent r="4" t="187" w="161" /><ent r="4" t="187" w="179" /><ent r="4" t="187" w="187" /><ent r="4" t="187" w="208" /><ent r="4" t="187" w="242" /><ent r="4" t="187" w="256" /><ent r="4" t="188" w="42" /><ent r="4" t="188" w="51" /><ent r="4" t="188" w="61" /><ent r="4" t="188" w="81" /><ent r="4" t="188" w="98" /><ent r="3" t="188" w="131" /><ent r="4" t="188" w="285" /><ent r="4" t="188" w="294" /><ent r="4" t="188" w="302" /><ent r="4" t="188" w="323" /><ent r="4" t="188" w="340" /><ent r="4" t="188" w="354" /><ent r="4" t="188" w="450" /><ent r="4" t="188" w="494" /><ent r="4" t="190" w="68" /><ent r="4" t="190" w="86" /><ent r="4" t="190" w="96" /><ent r="4" t="190" w="117" /><ent r="4" t="190" w="151" /><ent r="4" t="190" w="165" /><ent r="4" t="191" w="190" /><ent r="4" t="191" w="218" /><ent r="4" t="191" w="226" /><ent r="4" t="191" w="248" /><ent r="4" t="191" w="291" /><ent r="4" t="194" w="42" /><ent r="4" t="194" w="45" /><ent r="4" t="194" w="56" /><ent r="4" t="194" w="79" /><ent r="4" t="194" w="86" /><ent r="4" t="194" w="103" /><ent r="3" t="195" w="13" /><ent r="3" t="195" w="26" /><ent r="3" t="195" w="32" /><ent r="4" t="197" w="96" /><ent r="4" t="197" w="99" /><ent r="4" t="197" w="118" /><ent r="4" t="197" w="125" /><ent r="4" t="198" w="95" /><ent r="4" t="198" w="98" /><ent r="4" t="198" w="118" /><ent r="4" t="198" w="125" /><ent r="4" t="199" w="36" /><ent r="4" t="199" w="39" /><ent r="4" t="199" w="58" /><ent r="4" t="199" w="65" /><ent r="4" t="201" w="23" /><ent r="4" t="201" w="26" /><ent r="4" t="201" w="46" /><ent r="4" t="201" w="53" /><ent r="3" t="202" w="13" /><ent r="3" t="202" w="28" /><ent r="3" t="202" w="40" /><ent r="3" t="202" w="47" /><ent r="3" t="202" w="68" /><ent r="4" t="203" w="29" /><ent r="4" t="203" w="32" /><ent r="4" t="203" w="55" /><ent r="4" t="203" w="62" /><ent r="4" t="204" w="41" /><ent r="4" t="204" w="44" /><ent r="4" t="204" w="72" /><ent r="4" t="204" w="79" /><ent r="4" t="206" w="82" /><ent r="4" t="206" w="85" /><ent r="4" t="206" w="107" /><ent r="4" t="206" w="114" /><ent r="4" t="207" w="38" /><ent r="4" t="207" w="41" /><ent r="4" t="207" w="62" /><ent r="4" t="207" w="69" /><ent r="4" t="208" w="23" /><ent r="4" t="208" w="26" /><ent r="4" t="208" w="49" /><ent r="4" t="208" w="56" /><ent r="3" t="209" w="50" /><ent r="3" t="209" w="77" /><ent r="3" t="209" w="91" /><ent r="3" t="209" w="108" /><ent r="3" t="209" w="128" /><ent r="3" t="209" w="133" /><ent r="64" t="209" w="145" /><ent r="3" t="209" w="157" /><ent r="3" t="210" w="50" /><ent r="4" t="210" w="60" /><ent r="4" t="210" w="63" /><ent r="4" t="210" w="88" /><ent r="4" t="210" w="95" /><ent r="4" t="211" w="21" /><ent r="4" t="211" w="24" /><ent r="4" t="211" w="53" /><ent r="4" t="211" w="60" /><ent r="2" t="212" w="31" /><ent r="4" t="212" w="42" /><ent r="4" t="212" w="45" /><ent r="4" t="212" w="74" /><ent r="4" t="212" w="81" /><ent r="2" t="213" w="61" /><ent r="4" t="213" w="68" /><ent r="4" t="213" w="71" /><ent r="4" t="213" w="100" /><ent r="4" t="213" w="107" /><ent r="4" t="214" w="43" /><ent r="4" t="214" w="46" /><ent r="4" t="214" w="72" /><ent r="4" t="214" w="79" /><ent r="4" t="215" w="24" /><ent r="4" t="215" w="27" /><ent r="4" t="215" w="55" /><ent r="4" t="215" w="62" /><ent r="2" t="216" w="39" /><ent r="4" t="216" w="46" /><ent r="4" t="216" w="49" /><ent r="4" t="216" w="74" /><ent r="4" t="216" w="81" /><ent r="2" t="217" w="39" /><ent r="4" t="217" w="46" /><ent r="4" t="217" w="49" /><ent r="4" t="217" w="74" /><ent r="4" t="217" w="81" /><ent r="4" t="218" w="78" /><ent r="4" t="218" w="81" /><ent r="4" t="218" w="106" /><ent r="4" t="218" w="113" /><ent r="4" t="219" w="27" /><ent r="4" t="219" w="30" /><ent r="4" t="219" w="58" /><ent r="4" t="219" w="65" /><ent r="4" t="220" w="38" /><ent r="4" t="220" w="41" /><ent r="4" t="220" w="71" /><ent r="4" t="220" w="78" /><ent r="4" t="221" w="31" /><ent r="4" t="221" w="34" /><ent r="4" t="221" w="61" /><ent r="4" t="221" w="68" /><ent r="4" t="222" w="59" /><ent r="4" t="222" w="62" /><ent r="4" t="222" w="87" /><ent r="4" t="222" w="94" /><ent r="3" t="223" w="26" /><ent r="3" t="223" w="47" /><ent r="3" t="223" w="61" /><ent r="3" t="223" w="76" /><ent r="4" t="223" w="202" /><ent r="4" t="223" w="205" /><ent r="4" t="223" w="236" /><ent r="4" t="223" w="243" /><ent r="2" t="223" w="345" /><ent r="4" t="223" w="352" /><ent r="4" t="223" w="355" /><ent r="4" t="223" w="392" /><ent r="4" t="223" w="399" /><ent r="2" t="223" w="464" /><ent r="4" t="223" w="475" /><ent r="4" t="223" w="478" /><ent r="4" t="223" w="515" /><ent r="4" t="223" w="522" /><ent r="4" t="223" w="577" /><ent r="4" t="223" w="580" /><ent r="4" t="223" w="617" /><ent r="4" t="223" w="624" /><ent r="4" t="223" w="676" /><ent r="4" t="223" w="679" /><ent r="4" t="223" w="709" /><ent r="4" t="223" w="716" /><ent r="3" t="224" w="10" /><ent r="3" t="224" w="33" /><ent r="3" t="224" w="46" /><ent r="4" t="224" w="135" /><ent r="4" t="224" w="138" /><ent r="4" t="224" w="161" /><ent r="4" t="224" w="168" /><ent r="4" t="224" w="227" /><ent r="4" t="224" w="230" /><ent r="4" t="224" w="254" /><ent r="4" t="224" w="261" /><ent r="4" t="224" w="324" /><ent r="4" t="224" w="327" /><ent r="4" t="224" w="348" /><ent r="4" t="224" w="355" /><ent r="4" t="224" w="448" /><ent r="4" t="224" w="451" /><ent r="4" t="224" w="472" /><ent r="4" t="224" w="479" /><ent r="4" t="224" w="524" /><ent r="4" t="224" w="527" /><ent r="4" t="224" w="551" /><ent r="4" t="224" w="558" /><ent r="3" t="225" w="13" /><ent r="3" t="225" w="25" /><ent r="3" t="225" w="31" /><ent r="4" t="225" w="77" /><ent r="4" t="225" w="80" /><ent r="4" t="225" w="101" /><ent r="4" t="225" w="108" /><ent r="4" t="236" w="287" /><ent r="4" t="236" w="290" /><ent r="4" t="236" w="301" /><ent r="4" t="236" w="323" /><ent r="4" t="236" w="330" /><ent r="4" t="236" w="347" /><ent r="4" t="236" w="537" /><ent r="4" t="236" w="540" /><ent r="4" t="236" w="566" /><ent r="4" t="236" w="573" /><ent r="4" t="236" w="745" /><ent r="4" t="236" w="754" /><ent r="4" t="236" w="796" /><ent r="4" t="236" w="808" /><ent r="5" t="237" w="144" /><ent r="5" t="237" w="174" /><ent r="5" t="237" w="199" /><ent r="5" t="237" w="236" /><ent r="5" t="237" w="279" /><ent r="5" t="237" w="282" /><ent r="5" t="237" w="307" /><ent r="5" t="237" w="314" /><ent r="8" t="247" w="91" /><ent r="3" t="247" w="115" /><ent r="3" t="248" w="50" /><ent r="4" t="249" w="53" /><ent r="4" t="249" w="74" /><ent r="4" t="250" w="167" /><ent r="4" t="250" w="196" /><ent r="4" t="251" w="174" /><ent r="4" t="251" w="203" /><ent r="3" t="257" w="66" /><ent r="4" t="257" w="234" /><ent r="3" t="264" w="321" /><ent r="4" t="264" w="378" /><ent r="4" t="264" w="381" /><ent r="4" t="264" w="412" /><ent r="4" t="264" w="419" /><ent r="3" t="266" w="99" /><ent r="4" t="266" w="110" /><ent r="4" t="266" w="113" /><ent r="4" t="266" w="123" /><ent r="4" t="266" w="143" /><ent r="4" t="266" w="150" /><ent r="4" t="266" w="166" /><ent r="4" t="266" w="569" /><ent r="4" t="266" w="572" /><ent r="4" t="266" w="585" /><ent r="4" t="266" w="608" /><ent r="4" t="266" w="615" /><ent r="4" t="266" w="632" /><ent r="3" t="276" w="172" /><ent r="3" t="276" w="174" /><ent r="3" t="276" w="185" /><ent r="5" t="277" w="164" /><ent r="5" t="277" w="168" /><ent r="5" t="277" w="184" /><ent r="5" t="277" w="213" /><ent r="5" t="277" w="219" /><ent r="5" t="277" w="237" /><ent r="3" t="281" w="49" /><ent r="3" t="282" w="183" /><ent r="64" t="282" w="415" /><ent r="3" t="284" w="28" /><ent r="4" t="284" w="70" /><ent r="4" t="284" w="73" /><ent r="4" t="284" w="95" /><ent r="4" t="284" w="102" /><ent r="3" t="285" w="266" /><ent r="4" t="297" w="725" /><ent r="3" t="298" w="515" /><ent r="3" t="298" w="538" /><ent r="64" t="298" w="558" /><ent r="5" t="299" w="533" /></phr><phr n="configure"><ent r="4" t="0" w="194" /><ent r="3" t="22" w="260" /><ent r="64" t="36" w="11" /><ent r="3" t="36" w="23" /><ent r="3" t="40" w="235" /><ent r="3" t="42" w="657" /><ent r="3" t="45" w="610" /><ent r="3" t="48" w="98" /><ent r="3" t="49" w="54" /><ent r="3" t="56" w="369" /><ent r="3" t="59" w="166" /><ent r="3" t="67" w="358" /><ent r="3" t="79" w="12" /><ent r="3" t="79" w="31" /><ent r="3" t="79" w="85" /><ent r="3" t="79" w="205" /><ent r="3" t="117" w="675" /><ent r="3" t="136" w="45" /><ent r="3" t="142" w="31" /><ent r="3" t="142" w="110" /><ent r="3" t="142" w="207" /><ent r="3" t="142" w="312" /><ent r="3" t="142" w="439" /><ent r="3" t="145" w="165" /><ent r="3" t="146" w="75" /><ent r="3" t="146" w="198" /><ent r="3" t="156" w="9" /><ent r="3" t="157" w="11" /><ent r="3" t="163" w="26" /><ent r="3" t="179" w="107" /><ent r="3" t="185" w="110" /><ent r="3" t="186" w="12" /><ent r="3" t="195" w="38" /><ent r="3" t="206" w="50" /><ent r="3" t="207" w="11" /><ent r="3" t="223" w="196" /><ent r="3" t="225" w="37" /><ent r="4" t="225" w="88" /><ent r="4" t="225" w="116" /><ent r="4" t="236" w="307" /><ent r="4" t="236" w="353" /><ent r="4" t="236" w="550" /><ent r="4" t="236" w="583" /><ent r="3" t="238" w="339" /><ent r="3" t="244" w="409" /><ent r="3" t="244" w="418" /><ent r="3" t="244" w="455" /><ent r="3" t="265" w="677" /><ent r="3" t="266" w="92" /><ent r="3" t="297" w="630" /></phr><phr n="configurations"><ent r="3" t="2" w="615" /><ent r="3" t="278" w="17" /></phr><phr n="Configuration"><ent r="4" t="3" w="164" /><ent r="92" t="49" w="48" /><ent r="64" t="77" w="130" /><ent r="64" t="78" w="270" /><ent r="1000" t="79" w="2" /><ent r="100" t="79" w="5" /><ent r="102" t="79" w="8" /><ent r="64" t="79" w="76" /><ent r="1000" t="81" w="2" /><ent r="102" t="81" w="5" /><ent r="92" t="106" w="114" /><ent r="4" t="130" w="124" /><ent r="4" t="130" w="128" /><ent r="4" t="130" w="334" /><ent r="4" t="130" w="347" /><ent r="4" t="130" w="349" /><ent r="1000" t="142" w="1" /><ent r="100" t="142" w="3" /><ent r="102" t="142" w="5" /><ent r="92" t="142" w="102" /><ent r="92" t="142" w="200" /><ent r="92" t="142" w="305" /><ent r="92" t="142" w="418" /><ent r="92" t="142" w="450" /><ent r="92" t="142" w="513" /><ent r="64" t="142" w="536" /><ent r="1000" t="143" w="2" /><ent r="100" t="143" w="4" /><ent r="100" t="143" w="6" /><ent r="102" t="143" w="9" /><ent r="92" t="143" w="414" /><ent r="64" t="143" w="458" /><ent r="1000" t="144" w="2" /><ent r="100" t="144" w="5" /><ent r="100" t="144" w="6" /><ent r="102" t="144" w="10" /><ent r="3" t="144" w="13" /><ent r="92" t="145" w="160" /><ent r="64" t="145" w="174" /><ent r="92" t="146" w="193" /><ent r="64" t="146" w="207" /><ent r="5" t="147" w="273" /><ent r="5" t="147" w="281" /><ent r="5" t="147" w="306" /><ent r="5" t="147" w="315" /><ent r="5" t="147" w="351" /><ent r="5" t="147" w="359" /><ent r="5" t="147" w="384" /><ent r="5" t="147" w="393" /><ent r="92" t="152" w="139" /><ent r="100" t="168" w="5" /><ent r="1000" t="173" w="2" /><ent r="100" t="173" w="4" /><ent r="100" t="173" w="6" /><ent r="102" t="173" w="9" /><ent r="1000" t="179" w="2" /><ent r="100" t="179" w="4" /><ent r="102" t="179" w="8" /><ent r="4" t="191" w="305" /><ent r="1000" t="195" w="2" /><ent r="100" t="195" w="4" /><ent r="100" t="195" w="6" /><ent r="102" t="195" w="9" /><ent r="1000" t="202" w="2" /><ent r="100" t="202" w="4" /><ent r="100" t="202" w="6" /><ent r="102" t="202" w="9" /><ent r="1000" t="209" w="3" /><ent r="100" t="209" w="23" /><ent r="100" t="209" w="25" /><ent r="102" t="209" w="29" /><ent r="92" t="209" w="88" /><ent r="1000" t="223" w="3" /><ent r="100" t="223" w="5" /><ent r="100" t="223" w="7" /><ent r="102" t="223" w="11" /><ent r="92" t="223" w="58" /><ent r="1000" t="225" w="2" /><ent r="100" t="225" w="4" /><ent r="100" t="225" w="6" /><ent r="102" t="225" w="9" /><ent r="3" t="268" w="145" /><ent r="3" t="268" w="397" /><ent r="6" t="299" w="423" /></phr><phr n="Configure"><ent r="92" t="42" w="652" /><ent r="92" t="45" w="602" /><ent r="3" t="50" w="611" /><ent r="3" t="50" w="884" /><ent r="4" t="54" w="156" /><ent r="4" t="54" w="189" /><ent r="3" t="57" w="31" /><ent r="64" t="79" w="211" /><ent r="64" t="79" w="232" /><ent r="4" t="80" w="49" /><ent r="4" t="80" w="78" /><ent r="4" t="80" w="152" /><ent r="4" t="80" w="189" /><ent r="1000" t="87" w="1" /><ent r="102" t="87" w="7" /><ent r="1000" t="88" w="1" /><ent r="102" t="88" w="4" /><ent r="4" t="106" w="156" /><ent r="4" t="106" w="184" /><ent r="92" t="134" w="23" /><ent r="92" t="135" w="30" /><ent r="92" t="136" w="27" /><ent r="92" t="137" w="25" /><ent r="92" t="138" w="20" /><ent r="92" t="139" w="42" /><ent r="92" t="142" w="25" /><ent r="4" t="142" w="146" /><ent r="4" t="142" w="188" /><ent r="4" t="142" w="250" /><ent r="4" t="142" w="293" /><ent r="4" t="142" w="357" /><ent r="4" t="142" w="406" /><ent r="6" t="143" w="125" /><ent r="6" t="143" w="249" /><ent r="6" t="143" w="264" /><ent r="6" t="143" w="274" /><ent r="6" t="143" w="287" /><ent r="6" t="143" w="303" /><ent r="6" t="143" w="321" /><ent r="6" t="143" w="332" /><ent r="6" t="143" w="340" /><ent r="6" t="143" w="358" /><ent r="6" t="143" w="369" /><ent r="6" t="173" w="191" /><ent r="6" t="173" w="201" /><ent r="6" t="173" w="270" /><ent r="4" t="175" w="65" /><ent r="4" t="175" w="93" /><ent r="4" t="177" w="119" /><ent r="4" t="177" w="146" /><ent r="4" t="197" w="105" /><ent r="4" t="197" w="131" /><ent r="4" t="198" w="104" /><ent r="4" t="198" w="131" /><ent r="4" t="199" w="45" /><ent r="4" t="199" w="71" /><ent r="3" t="201" w="9" /><ent r="4" t="201" w="34" /><ent r="4" t="201" w="61" /><ent r="6" t="209" w="166" /><ent r="3" t="225" w="63" /><ent r="4" t="264" w="400" /><ent r="4" t="264" w="437" /></phr><phr n="configurable"><ent r="3" t="43" w="35" /><ent r="3" t="285" w="207" /></phr><phr n="configured"><ent r="4" t="47" w="115" /><ent r="3" t="81" w="51" /><ent r="4" t="140" w="375" /><ent r="3" t="142" w="9" /><ent r="3" t="188" w="422" /><ent r="3" t="209" w="38" /><ent r="3" t="266" w="102" /></phr><phr n="configuring"><ent r="3" t="150" w="100" /><ent r="3" t="236" w="261" /><ent r="3" t="266" w="515" /><ent r="64" t="279" w="52" /><ent r="3" t="303" w="81" /></phr><phr n="Configures"><ent r="3" t="177" w="9" /><ent r="6" t="195" w="85" /><ent r="6" t="195" w="99" /><ent r="6" t="195" w="115" /><ent r="6" t="195" w="127" /><ent r="6" t="195" w="135" /><ent r="3" t="199" w="15" /><ent r="6" t="300" w="314" /></phr><phr n="configures"><ent r="3" t="177" w="42" /><ent r="3" t="197" w="164" /><ent r="3" t="197" w="177" /><ent r="3" t="198" w="57" /><ent r="3" t="198" w="165" /><ent r="3" t="198" w="178" /></phr></stem></index>