﻿<?xml version="1.0" encoding="utf-8"?><index><stem n="(possibilities:"><phr n="(possibilities:"><ent r="3" t="178" w="97" /></phr></stem><stem n=":freespac"><phr n=":Freespace"><ent r="100" t="179" w="5" /></phr></stem><stem n="&quot;free&quot;."><phr n="&quot;free&quot;."><ent r="3" t="179" w="28" /></phr></stem><stem n="discard"><phr n="Discarding"><ent r="92" t="179" w="47" /></phr><phr n="discard"><ent r="3" t="179" w="113" /><ent r="5" t="179" w="144" /><ent r="5" t="179" w="177" /></phr><phr n="Discard"><ent r="4" t="179" w="158" /><ent r="4" t="179" w="191" /></phr></stem><stem n="threshold"><phr n="Threshold"><ent r="92" t="179" w="48" /></phr></stem><stem n="bit"><phr n="bit"><ent r="3" t="179" w="60" /><ent r="3" t="282" w="397" /></phr></stem><stem n="overtim"><phr n="overtime"><ent r="3" t="179" w="85" /></phr></stem><stem n="configuration.file.freespac"><phr n="configuration.File.Freespace"><ent r="4" t="179" w="152" /><ent r="4" t="179" w="150" /><ent r="4" t="179" w="185" /><ent r="4" t="179" w="183" /><ent r="4" t="179" w="279" /><ent r="4" t="179" w="277" /><ent r="4" t="179" w="307" /><ent r="4" t="179" w="305" /><ent r="4" t="179" w="399" /><ent r="4" t="179" w="397" /><ent r="4" t="179" w="425" /><ent r="4" t="179" w="423" /><ent r="4" t="179" w="523" /><ent r="4" t="179" w="521" /><ent r="4" t="179" w="554" /><ent r="4" t="179" w="552" /></phr></stem><stem n="configuration.file.freespace.discardsmallerthan"><phr n="configuration.File.Freespace.DiscardSmallerThan"><ent r="4" t="179" w="153" /><ent r="4" t="179" w="150" /><ent r="4" t="179" w="186" /><ent r="4" t="179" w="183" /></phr></stem><stem n="discardsmallerthan"><phr n="DiscardSmallerThan"><ent r="4" t="179" w="153" /><ent r="4" t="179" w="186" /></phr></stem><stem n=".file.freespace.discardsmallerthan(256);"><phr n=".File.Freespace.DiscardSmallerThan(256);"><ent r="4" t="179" w="155" /></phr></stem><stem n="freespaceconfigur"><phr n="FreeSpaceConfiguration"><ent r="4" t="179" w="156" /><ent r="4" t="179" w="189" /><ent r="4" t="179" w="282" /><ent r="4" t="179" w="310" /><ent r="4" t="179" w="402" /><ent r="4" t="179" w="428" /><ent r="4" t="179" w="530" /><ent r="4" t="179" w="561" /></phr></stem><stem n="freespaceconfiguration.c"><phr n="FreeSpaceConfiguration.cs"><ent r="4" t="179" w="157" /><ent r="4" t="179" w="156" /><ent r="4" t="179" w="283" /><ent r="4" t="179" w="282" /><ent r="4" t="179" w="403" /><ent r="4" t="179" w="402" /><ent r="4" t="179" w="531" /><ent r="4" t="179" w="530" /></phr></stem><stem n=".file.freespace.discardsmallerthan(256)"><phr n=".File.Freespace.DiscardSmallerThan(256)"><ent r="4" t="179" w="188" /></phr></stem><stem n="freespaceconfiguration.vb"><phr n="FreeSpaceConfiguration.vb"><ent r="4" t="179" w="190" /><ent r="4" t="179" w="189" /><ent r="4" t="179" w="311" /><ent r="4" t="179" w="310" /><ent r="4" t="179" w="429" /><ent r="4" t="179" w="428" /><ent r="4" t="179" w="562" /><ent r="4" t="179" w="561" /></phr></stem><stem n="abnorm"><phr n="abnormally"><ent r="3" t="179" w="239" /></phr><phr n="abnormal"><ent r="3" t="179" w="373" /><ent r="3" t="185" w="77" /></phr></stem><stem n="default-set"><phr n="default-setting"><ent r="3" t="179" w="267" /></phr></stem><stem n="configuration.file.freespace.useramsystem"><phr n="configuration.File.Freespace.UseRamSystem"><ent r="4" t="179" w="280" /><ent r="4" t="179" w="277" /><ent r="4" t="179" w="308" /><ent r="4" t="179" w="305" /></phr></stem><stem n="useramsystem"><phr n="UseRamSystem"><ent r="4" t="179" w="280" /><ent r="4" t="179" w="308" /></phr></stem><stem n=".file.freespace.useramsystem();"><phr n=".File.Freespace.UseRamSystem();"><ent r="4" t="179" w="281" /></phr></stem><stem n=".file.freespace.useramsystem()"><phr n=".File.Freespace.UseRamSystem()"><ent r="4" t="179" w="309" /></phr></stem><stem n="configuration.file.freespace.usebtreesystem"><phr n="configuration.File.Freespace.UseBTreeSystem"><ent r="4" t="179" w="400" /><ent r="4" t="179" w="397" /><ent r="4" t="179" w="426" /><ent r="4" t="179" w="423" /></phr></stem><stem n="usebtreesystem"><phr n="UseBTreeSystem"><ent r="4" t="179" w="400" /><ent r="4" t="179" w="426" /></phr></stem><stem n=".file.freespace.usebtreesystem();"><phr n=".File.Freespace.UseBTreeSystem();"><ent r="4" t="179" w="401" /></phr></stem><stem n=".file.freespace.usebtreesystem()"><phr n=".File.Freespace.UseBTreeSystem()"><ent r="4" t="179" w="427" /></phr></stem><stem n="filler"><phr n="Filler"><ent r="92" t="179" w="441" /></phr><phr n="filler"><ent r="3" t="179" w="494" /><ent r="3" t="179" w="496" /><ent r="4" t="179" w="535" /><ent r="4" t="179" w="566" /></phr></stem><stem n="-space."><phr n="-space."><ent r="3" t="179" w="504" /><ent r="3" t="179" w="504" /></phr></stem><stem n="configuration.file.freespace.freespacefil"><phr n="configuration.File.Freespace.FreespaceFiller"><ent r="4" t="179" w="524" /><ent r="4" t="179" w="521" /><ent r="4" t="179" w="555" /><ent r="4" t="179" w="552" /></phr></stem><stem n="freespacefil"><phr n="FreespaceFiller"><ent r="4" t="179" w="524" /><ent r="4" t="179" w="555" /></phr></stem><stem n=".file.freespace.freespacefiller("><phr n=".File.Freespace.FreespaceFiller("><ent r="4" t="179" w="525" /><ent r="4" t="179" w="556" /></phr></stem><stem n="myfreespacefil"><phr n="MyFreeSpaceFiller"><ent r="4" t="179" w="528" /><ent r="4" t="179" w="559" /></phr></stem><stem n="mainli"><phr n="mainly"><ent r="3" t="180" w="18" /><ent r="3" t="181" w="32" /><ent r="6" t="209" w="242" /><ent r="3" t="215" w="16" /></phr></stem><stem n="configscope.individu"><phr n="ConfigScope.Individually"><ent r="4" t="180" w="139" /><ent r="4" t="180" w="138" /><ent r="4" t="180" w="180" /><ent r="4" t="180" w="179" /></phr></stem><stem n=".individually;"><phr n=".Individually;"><ent r="4" t="180" w="140" /></phr></stem><stem n="specialclass"><phr n="SpecialClass"><ent r="4" t="180" w="146" /><ent r="4" t="180" w="187" /></phr></stem><stem n="(specialclass)).generateuuids("><phr n="(SpecialClass)).GenerateUUIDs("><ent r="4" t="180" w="148" /><ent r="4" t="180" w="189" /></phr></stem><stem n=".individu"><phr n=".Individually"><ent r="4" t="180" w="180" /></phr></stem><stem n=".file.generatecommittimestamp"><phr n=".File.GenerateCommitTimestamps"><ent r="4" t="181" w="46" /><ent r="4" t="181" w="75" /></phr></stem><stem n="configuration.file.generatecommittimestamp"><phr n="configuration.File.GenerateCommitTimestamps"><ent r="4" t="181" w="46" /><ent r="4" t="181" w="44" /><ent r="4" t="181" w="75" /><ent r="4" t="181" w="73" /></phr></stem><stem n="generatecommittimestamp"><phr n="GenerateCommitTimestamps"><ent r="4" t="181" w="46" /><ent r="4" t="181" w="75" /></phr></stem><stem n="scenari"><phr n="scenarious"><ent r="3" t="182" w="21" /></phr></stem><stem n="-readonli"><phr n="-readonly"><ent r="64" t="182" w="27" /><ent r="64" t="182" w="27" /></phr></stem><stem n="pure-readonli"><phr n="pure-readonly"><ent r="64" t="182" w="27" /></phr></stem><stem n=".file.lockdatabasefil"><phr n=".File.LockDatabaseFile"><ent r="4" t="182" w="74" /><ent r="4" t="182" w="104" /></phr></stem><stem n="configuration.file.lockdatabasefil"><phr n="configuration.File.LockDatabaseFile"><ent r="4" t="182" w="74" /><ent r="4" t="182" w="72" /><ent r="4" t="182" w="104" /><ent r="4" t="182" w="102" /></phr></stem><stem n=".file.readonli"><phr n=".File.ReadOnly"><ent r="4" t="183" w="51" /></phr></stem><stem n="configuration.file.readonli"><phr n="configuration.File.ReadOnly"><ent r="4" t="183" w="51" /><ent r="4" t="183" w="49" /></phr></stem><stem n="relax"><phr n="relaxed"><ent r="3" t="184" w="52" /></phr></stem><stem n="resort"><phr n="resort"><ent r="3" t="184" w="72" /></phr></stem><stem n=".file.recoverymod"><phr n=".File.RecoveryMode"><ent r="4" t="184" w="88" /><ent r="4" t="184" w="121" /></phr></stem><stem n="configuration.file.recoverymod"><phr n="configuration.File.RecoveryMode"><ent r="4" t="184" w="88" /><ent r="4" t="184" w="86" /><ent r="4" t="184" w="121" /><ent r="4" t="184" w="119" /></phr></stem><stem n="chunk"><phr n="chunk"><ent r="3" t="185" w="52" /></phr></stem><stem n="mass"><phr n="mass"><ent r="3" t="185" w="55" /></phr></stem><stem n="/write"><phr n="/write"><ent r="3" t="185" w="63" /><ent r="4" t="258" w="65" /></phr></stem><stem n="read/writ"><phr n="read/write"><ent r="3" t="185" w="63" /><ent r="3" t="185" w="62" /><ent r="4" t="258" w="65" /><ent r="4" t="258" w="64" /></phr></stem><stem n="head"><phr n="head"><ent r="3" t="185" w="64" /></phr></stem><stem n="movement"><phr n="movement"><ent r="3" t="185" w="65" /></phr></stem><stem n="(hardwar"><phr n="(hardware"><ent r="3" t="185" w="83" /></phr></stem><stem n="vm"><phr n="VM"><ent r="3" t="185" w="85" /></phr></stem><stem n="anticip"><phr n="anticipated"><ent r="3" t="185" w="122" /></phr></stem><stem n=".file.reservestoragespac"><phr n=".File.ReserveStorageSpace"><ent r="4" t="185" w="133" /><ent r="4" t="185" w="160" /></phr></stem><stem n="configuration.file.reservestoragespac"><phr n="configuration.File.ReserveStorageSpace"><ent r="4" t="185" w="133" /><ent r="4" t="185" w="131" /><ent r="4" t="185" w="160" /><ent r="4" t="185" w="158" /></phr></stem><stem n="1024"><phr n="1024"><ent r="4" t="185" w="134" /><ent r="4" t="185" w="135" /><ent r="4" t="185" w="161" /><ent r="4" t="185" w="162" /><ent r="4" t="187" w="178" /><ent r="4" t="187" w="241" /><ent r="4" t="190" w="85" /><ent r="4" t="190" w="150" /><ent r="4" t="199" w="41" /><ent r="4" t="199" w="67" /><ent r="4" t="206" w="88" /><ent r="4" t="206" w="117" /></phr></stem><stem n="raw"><phr n="Raw"><ent r="65" t="186" w="28" /></phr><phr n="raw"><ent r="3" t="233" w="104" /></phr></stem><stem n="cachingstorag"><phr n="CachingStorage"><ent r="65" t="186" w="32" /><ent r="3" t="187" w="154" /><ent r="4" t="187" w="175" /><ent r="4" t="187" w="238" /><ent r="1000" t="190" w="1" /><ent r="102" t="190" w="7" /><ent r="3" t="190" w="10" /><ent r="4" t="190" w="82" /><ent r="4" t="190" w="147" /><ent r="3" t="190" w="191" /><ent r="3" t="190" w="369" /><ent r="4" t="190" w="397" /><ent r="4" t="190" w="481" /></phr><phr n="cachingStorage"><ent r="4" t="187" w="171" /><ent r="4" t="187" w="182" /><ent r="4" t="187" w="230" /><ent r="4" t="187" w="245" /><ent r="4" t="190" w="78" /><ent r="4" t="190" w="91" /><ent r="4" t="190" w="139" /><ent r="4" t="190" w="154" /><ent r="4" t="191" w="212" /><ent r="4" t="191" w="221" /><ent r="4" t="191" w="281" /><ent r="4" t="191" w="294" /></phr></stem><stem n="memorystorag"><phr n="MemoryStorage"><ent r="65" t="186" w="43" /><ent r="3" t="188" w="15" /><ent r="4" t="188" w="45" /><ent r="4" t="188" w="50" /><ent r="4" t="188" w="97" /><ent r="3" t="188" w="115" /><ent r="3" t="188" w="141" /><ent r="92" t="188" w="376" /><ent r="4" t="188" w="443" /><ent r="4" t="188" w="448" /><ent r="4" t="188" w="492" /><ent r="3" t="188" w="543" /></phr></stem><stem n="pagingmemorystorag"><phr n="PagingMemoryStorage"><ent r="65" t="186" w="45" /><ent r="92" t="188" w="137" /><ent r="3" t="188" w="225" /><ent r="3" t="188" w="278" /><ent r="4" t="188" w="288" /><ent r="4" t="188" w="293" /><ent r="4" t="188" w="339" /></phr></stem><stem n="isolatedstoragestorag"><phr n="IsolatedStorageStorage"><ent r="65" t="186" w="62" /><ent r="4" t="194" w="51" /><ent r="4" t="194" w="92" /><ent r="4" t="266" w="580" /><ent r="4" t="266" w="621" /></phr></stem><stem n="mirror"><phr n="Mirrored"><ent r="4" t="186" w="98" /></phr><phr n="mirrored"><ent r="3" t="192" w="34" /></phr></stem><stem n="encrypt"><phr n="Encryption"><ent r="4" t="186" w="104" /><ent r="100" t="237" w="10" /></phr><phr n="encrypted"><ent r="3" t="192" w="32" /><ent r="3" t="237" w="29" /></phr><phr n="encryption"><ent r="3" t="208" w="86" /></phr></stem><stem n="-on-writ"><phr n="-on-write"><ent r="4" t="186" w="110" /><ent r="4" t="186" w="111" /></phr></stem><stem n="read-on"><phr n="Read-on"><ent r="4" t="186" w="110" /></phr></stem><stem n="read-on-writ"><phr n="Read-on-write"><ent r="4" t="186" w="110" /></phr></stem><stem n="on-writ"><phr n="on-write"><ent r="4" t="186" w="111" /></phr></stem><stem n="-safeti"><phr n="-safety"><ent r="4" t="186" w="113" /><ent r="4" t="186" w="113" /></phr></stem><stem n="fail-safeti"><phr n="fail-safety"><ent r="4" t="186" w="113" /></phr></stem><stem n="ioconfigurationexampl"><phr n="IOConfigurationExamples"><ent r="4" t="187" w="55" /><ent r="4" t="187" w="110" /><ent r="4" t="187" w="193" /><ent r="4" t="187" w="262" /><ent r="4" t="188" w="67" /><ent r="4" t="188" w="103" /><ent r="4" t="188" w="308" /><ent r="4" t="188" w="360" /><ent r="4" t="188" w="455" /><ent r="4" t="188" w="499" /><ent r="4" t="190" w="102" /><ent r="4" t="190" w="171" /><ent r="4" t="191" w="232" /><ent r="4" t="191" w="311" /></phr></stem><stem n="ioconfigurationexamples.c"><phr n="IOConfigurationExamples.cs"><ent r="4" t="187" w="56" /><ent r="4" t="187" w="55" /><ent r="4" t="187" w="194" /><ent r="4" t="187" w="193" /><ent r="4" t="188" w="68" /><ent r="4" t="188" w="67" /><ent r="4" t="188" w="309" /><ent r="4" t="188" w="308" /><ent r="4" t="188" w="456" /><ent r="4" t="188" w="455" /><ent r="4" t="190" w="103" /><ent r="4" t="190" w="102" /><ent r="4" t="191" w="233" /><ent r="4" t="191" w="232" /></phr></stem><stem n="ioconfigurationexamples.vb"><phr n="IOConfigurationExamples.vb"><ent r="4" t="187" w="111" /><ent r="4" t="187" w="110" /><ent r="4" t="187" w="263" /><ent r="4" t="187" w="262" /><ent r="4" t="188" w="104" /><ent r="4" t="188" w="103" /><ent r="4" t="188" w="361" /><ent r="4" t="188" w="360" /><ent r="4" t="188" w="500" /><ent r="4" t="188" w="499" /><ent r="4" t="190" w="172" /><ent r="4" t="190" w="171" /><ent r="4" t="191" w="312" /><ent r="4" t="191" w="311" /></phr></stem><stem n="(filestorage,"><phr n="(fileStorage,"><ent r="4" t="187" w="177" /><ent r="4" t="187" w="240" /><ent r="4" t="190" w="84" /><ent r="4" t="190" w="149" /></phr></stem><stem n="128"><phr n="128"><ent r="4" t="187" w="177" /><ent r="4" t="187" w="240" /><ent r="4" t="190" w="84" /><ent r="4" t="190" w="149" /><ent r="4" t="190" w="420" /><ent r="4" t="190" w="518" /></phr></stem><stem n=":memori"><phr n=":Memory"><ent r="100" t="188" w="9" /></phr></stem><stem n="ram"><phr n="RAM"><ent r="3" t="188" w="27" /></phr></stem><stem n="-storag"><phr n="-storage"><ent r="4" t="188" w="70" /><ent r="4" t="188" w="70" /><ent r="4" t="188" w="106" /><ent r="4" t="188" w="106" /><ent r="4" t="188" w="312" /><ent r="4" t="188" w="312" /><ent r="4" t="188" w="364" /><ent r="4" t="188" w="364" /><ent r="4" t="188" w="458" /><ent r="4" t="188" w="458" /><ent r="4" t="188" w="502" /><ent r="4" t="188" w="502" /></phr></stem><stem n="memory-storag"><phr n="memory-storage"><ent r="4" t="188" w="70" /><ent r="4" t="188" w="106" /><ent r="4" t="188" w="312" /><ent r="4" t="188" w="364" /><ent r="4" t="188" w="458" /><ent r="4" t="188" w="502" /></phr></stem><stem n="outgrow"><phr n="outgrows"><ent r="3" t="188" w="160" /><ent r="3" t="188" w="239" /></phr></stem><stem n="array-s"><phr n="array-size"><ent r="3" t="188" w="162" /></phr></stem><stem n="-size,"><phr n="-size,"><ent r="3" t="188" w="164" /><ent r="3" t="188" w="164" /></phr></stem><stem n="-collector"><phr n="-collector"><ent r="3" t="188" w="211" /><ent r="3" t="188" w="211" /></phr></stem><stem n="garbage-collector"><phr n="garbage-collector"><ent r="3" t="188" w="211" /></phr></stem><stem n="cope"><phr n="coping"><ent r="3" t="188" w="260" /><ent r="3" t="246" w="202" /></phr></stem><stem n="(reserv"><phr n="(reserved"><ent r="3" t="188" w="385" /></phr></stem><stem n="doublinggrowthstrategi"><phr n="DoublingGrowthStrategy"><ent r="3" t="188" w="401" /></phr></stem><stem n="constantgrowthstrategi"><phr n="ConstantGrowthStrategy"><ent r="3" t="188" w="420" /><ent r="4" t="188" w="441" /><ent r="4" t="188" w="481" /></phr></stem><stem n="igrowthstrategi"><phr n="IGrowthStrategy"><ent r="4" t="188" w="436" /><ent r="4" t="188" w="477" /></phr></stem><stem n="growstrategi"><phr n="growStrategy"><ent r="4" t="188" w="437" /><ent r="4" t="188" w="449" /><ent r="4" t="188" w="473" /><ent r="4" t="188" w="493" /></phr></stem><stem n="(100);"><phr n="(100);"><ent r="4" t="188" w="443" /></phr></stem><stem n="(growstrategy);"><phr n="(growStrategy);"><ent r="4" t="188" w="450" /></phr></stem><stem n="(100)"><phr n="(100)"><ent r="4" t="188" w="483" /></phr></stem><stem n="(growstrategy)"><phr n="(growStrategy)"><ent r="4" t="188" w="494" /></phr></stem><stem n="memorybin"><phr n="MemoryBin"><ent r="92" t="188" w="515" /><ent r="3" t="188" w="538" /><ent r="3" t="188" w="569" /><ent r="3" t="188" w="594" /><ent r="67" t="188" w="636" /><ent r="1000" t="189" w="2" /><ent r="102" t="189" w="6" /></phr><phr n="MemoryBins"><ent r="3" t="188" w="544" /></phr></stem><stem n="earlier"><phr n="earlier"><ent r="3" t="188" w="540" /></phr></stem><stem n="uri"><phr n="URI"><ent r="3" t="188" w="549" /><ent r="3" t="188" w="571" /><ent r="3" t="188" w="602" /><ent r="4" t="193" w="104" /><ent r="4" t="193" w="343" /></phr><phr n="Uri"><ent r="4" t="265" w="798" /></phr></stem><stem n=".net:"><phr n=".NET:"><ent r="4" t="188" w="561" /><ent r="4" t="192" w="47" /><ent r="4" t="193" w="596" /></phr><phr n=".net:"><ent r="4" t="305" w="154" /><ent r="4" t="306" w="150" /></phr></stem><stem n="embeddedconfigur"><phr n="embeddedConfiguration"><ent r="5" t="188" w="564" /></phr></stem><stem n=".openfile(embeddedconfiguration,"><phr n=".OpenFile(embeddedConfiguration,"><ent r="5" t="188" w="565" /></phr></stem><stem n="myembeddeddb"><phr n="myEmbeddedDb"><ent r="5" t="188" w="565" /><ent r="3" t="188" w="572" /></phr></stem><stem n="myembeddeddb.db4o"><phr n="myEmbeddedDb.db4o"><ent r="5" t="188" w="566" /><ent r="5" t="188" w="565" /><ent r="3" t="188" w="573" /><ent r="3" t="188" w="572" /></phr></stem><stem n="&quot;myembeddeddb.db4o&quot;);"><phr n="&quot;myEmbeddedDb.db4o&quot;);"><ent r="5" t="188" w="567" /></phr></stem><stem n="&quot;myembeddeddb.db4o&quot;"><phr n="&quot;myEmbeddedDb.db4o&quot;"><ent r="3" t="188" w="574" /></phr></stem><stem n=":storag"><phr n=":Storage"><ent r="100" t="190" w="4" /></phr></stem><stem n="lru"><phr n="LRU"><ent r="3" t="190" w="21" /><ent r="3" t="190" w="300" /><ent r="3" t="190" w="309" /><ent r="3" t="190" w="389" /></phr></stem><stem n="/q2"><phr n="/Q2"><ent r="3" t="190" w="22" /><ent r="3" t="190" w="301" /><ent r="3" t="190" w="310" /></phr></stem><stem n="lru/q2"><phr n="LRU/Q2"><ent r="3" t="190" w="22" /><ent r="3" t="190" w="21" /><ent r="3" t="190" w="301" /><ent r="3" t="190" w="300" /><ent r="3" t="190" w="310" /><ent r="3" t="190" w="309" /></phr></stem><stem n="q2"><phr n="Q2"><ent r="3" t="190" w="22" /><ent r="3" t="190" w="301" /><ent r="3" t="190" w="310" /></phr></stem><stem n="hand"><phr n="hand"><ent r="3" t="190" w="224" /><ent r="3" t="200" w="138" /><ent r="3" t="286" w="61" /></phr></stem><stem n="/memori"><phr n="/memory"><ent r="3" t="190" w="261" /></phr></stem><stem n="performance/memori"><phr n="performance/memory"><ent r="3" t="190" w="261" /><ent r="3" t="190" w="260" /></phr></stem><stem n="64"><phr n="64"><ent r="3" t="190" w="276" /><ent r="3" t="190" w="286" /></phr></stem><stem n="1024kb"><phr n="1024KB"><ent r="3" t="190" w="279" /></phr></stem><stem n="kb"><phr n="KB"><ent r="3" t="190" w="287" /></phr></stem><stem n="lru2qcach"><phr n="LRU2QCache"><ent r="3" t="190" w="327" /><ent r="3" t="190" w="332" /></phr></stem><stem n="lru2qxcach"><phr n="LRU2QXCache"><ent r="3" t="190" w="328" /></phr></stem><stem n="lrucach"><phr n="LRUCache"><ent r="3" t="190" w="330" /></phr></stem><stem n="queue"><phr n="Queue"><ent r="3" t="190" w="340" /><ent r="65" t="203" w="177" /><ent r="1000" t="206" w="3" /><ent r="102" t="206" w="8" /></phr><phr n="queue"><ent r="6" t="202" w="106" /><ent r="3" t="206" w="21" /><ent r="3" t="206" w="56" /><ent r="3" t="206" w="63" /><ent r="4" t="206" w="96" /><ent r="4" t="206" w="125" /></phr></stem><stem n="citeseerx"><phr n="citeseerx"><ent r="64" t="190" w="346" /></phr></stem><stem n="citeseerx.ist"><phr n="citeseerx.ist"><ent r="64" t="190" w="347" /><ent r="64" t="190" w="346" /></phr></stem><stem n="ist"><phr n="ist"><ent r="64" t="190" w="347" /></phr></stem><stem n="citeseerx.ist.psu"><phr n="citeseerx.ist.psu"><ent r="64" t="190" w="348" /><ent r="64" t="190" w="346" /></phr></stem><stem n="psu"><phr n="psu"><ent r="64" t="190" w="348" /></phr></stem><stem n="citeseerx.ist.psu.edu"><phr n="citeseerx.ist.psu.edu"><ent r="64" t="190" w="349" /><ent r="64" t="190" w="346" /></phr></stem><stem n="edu"><phr n="edu"><ent r="64" t="190" w="349" /></phr></stem><stem n="citeseerx.ist.psu.edu/viewdoc"><phr n="citeseerx.ist.psu.edu/viewdoc"><ent r="64" t="190" w="350" /><ent r="64" t="190" w="346" /></phr></stem><stem n="viewdoc"><phr n="viewdoc"><ent r="64" t="190" w="350" /></phr></stem><stem n="citeseerx.ist.psu.edu/viewdoc/summari"><phr n="citeseerx.ist.psu.edu/viewdoc/summary"><ent r="64" t="190" w="351" /><ent r="64" t="190" w="346" /></phr></stem><stem n="summari"><phr n="summary"><ent r="64" t="190" w="351" /></phr></stem><stem n="doi"><phr n="doi"><ent r="64" t="190" w="352" /></phr></stem><stem n="10.1"><phr n="10.1"><ent r="64" t="190" w="354" /><ent r="64" t="190" w="353" /></phr></stem><stem n="10.1."><phr n="10.1."><ent r="64" t="190" w="354" /><ent r="64" t="190" w="353" /></phr></stem><stem n="34"><phr n="34"><ent r="64" t="190" w="355" /></phr></stem><stem n="://citeseerx.ist.psu.edu/viewdoc/summary?doi=10.1..34.2641"><phr n="://citeseerx.ist.psu.edu/viewdoc/summary?doi=10.1..34.2641"><ent r="64" t="190" w="356" /></phr></stem><stem n="34.2641"><phr n="34.2641"><ent r="64" t="190" w="356" /><ent r="64" t="190" w="355" /></phr></stem><stem n="2641"><phr n="2641"><ent r="64" t="190" w="356" /></phr></stem><stem n="cache-typ"><phr n="cache-type"><ent r="3" t="190" w="364" /></phr></stem><stem n="lru-cach"><phr n="LRU-Cache"><ent r="3" t="190" w="389" /></phr></stem><stem n="lrucachingstorag"><phr n="LRUCachingStorage"><ent r="4" t="190" w="396" /><ent r="4" t="190" w="409" /><ent r="4" t="190" w="424" /><ent r="4" t="190" w="460" /><ent r="4" t="190" w="477" /><ent r="4" t="190" w="601" /></phr></stem><stem n="pagecount"><phr n="pageCount"><ent r="4" t="190" w="405" /><ent r="4" t="190" w="419" /><ent r="4" t="190" w="430" /><ent r="4" t="190" w="439" /><ent r="4" t="190" w="444" /><ent r="4" t="190" w="445" /><ent r="4" t="190" w="458" /><ent r="4" t="190" w="487" /><ent r="4" t="190" w="517" /><ent r="4" t="190" w="541" /><ent r="4" t="190" w="563" /><ent r="4" t="190" w="568" /><ent r="4" t="190" w="569" /><ent r="4" t="190" w="591" /></phr></stem><stem n="(istorag"><phr n="(IStorage"><ent r="4" t="190" w="410" /><ent r="4" t="190" w="425" /><ent r="4" t="193" w="94" /></phr></stem><stem n="(storage)"><phr n="(storage)"><ent r="4" t="190" w="416" /><ent r="4" t="190" w="514" /><ent r="4" t="193" w="98" /><ent r="4" t="193" w="378" /></phr></stem><stem n=".pagecount"><phr n=".pageCount"><ent r="4" t="190" w="419" /><ent r="4" t="190" w="444" /><ent r="4" t="190" w="517" /><ent r="4" t="190" w="568" /></phr></stem><stem n="pages"><phr n="pageSize"><ent r="4" t="190" w="434" /><ent r="4" t="190" w="440" /><ent r="4" t="190" w="550" /><ent r="4" t="190" w="564" /></phr></stem><stem n="(storage,"><phr n="(storage,"><ent r="4" t="190" w="439" /><ent r="4" t="190" w="563" /></phr></stem><stem n="icache4"><phr n="ICache4"><ent r="4" t="190" w="451" /><ent r="4" t="190" w="585" /></phr></stem><stem n="newcach"><phr n="NewCache"><ent r="4" t="190" w="452" /><ent r="4" t="190" w="581" /></phr></stem><stem n="cachefactori"><phr n="CacheFactory"><ent r="4" t="190" w="456" /><ent r="4" t="190" w="589" /></phr></stem><stem n="cachefactory.newlrucach"><phr n="CacheFactory.NewLRUCache"><ent r="4" t="190" w="457" /><ent r="4" t="190" w="456" /><ent r="4" t="190" w="590" /><ent r="4" t="190" w="589" /></phr></stem><stem n="newlrucach"><phr n="NewLRUCache"><ent r="4" t="190" w="457" /><ent r="4" t="190" w="590" /></phr></stem><stem n=".newlrucache(pagecount);"><phr n=".NewLRUCache(pageCount);"><ent r="4" t="190" w="459" /></phr></stem><stem n="lrucachingstorage.c"><phr n="LRUCachingStorage.cs"><ent r="4" t="190" w="461" /><ent r="4" t="190" w="460" /></phr></stem><stem n="cache-implement"><phr n="cache-implementation"><ent r="4" t="190" w="464" /><ent r="4" t="190" w="605" /></phr></stem><stem n="mybas"><phr n="MyBase"><ent r="5" t="190" w="508" /><ent r="5" t="190" w="557" /><ent r="4" t="193" w="312" /><ent r="4" t="193" w="331" /><ent r="4" t="193" w="359" /><ent r="4" t="193" w="402" /><ent r="4" t="193" w="421" /><ent r="4" t="193" w="480" /><ent r="4" t="193" w="527" /><ent r="4" t="193" w="555" /></phr></stem><stem n=".newlrucache(pagecount)"><phr n=".NewLRUCache(pageCount)"><ent r="4" t="190" w="592" /></phr></stem><stem n="lrucachingstorage.vb"><phr n="LRUCachingStorage.vb"><ent r="4" t="190" w="602" /><ent r="4" t="190" w="601" /></phr></stem><stem n="physic"><phr n="physical"><ent r="3" t="191" w="78" /><ent r="3" t="191" w="97" /><ent r="3" t="191" w="134" /><ent r="3" t="192" w="70" /><ent r="3" t="224" w="89" /><ent r="2" t="238" w="38" /></phr></stem><stem n="irrevers"><phr n="irreversibly"><ent r="3" t="191" w="93" /></phr></stem><stem n="time-consum"><phr n="time-consuming"><ent r="3" t="191" w="105" /></phr></stem><stem n="sound"><phr n="sound"><ent r="3" t="191" w="143" /></phr></stem><stem n="pluggabl"><phr n="Pluggable"><ent r="1000" t="192" w="1" /><ent r="102" t="192" w="4" /><ent r="3" t="192" w="7" /><ent r="1000" t="208" w="1" /><ent r="102" t="208" w="6" /></phr><phr n="pluggable"><ent r="3" t="208" w="18" /><ent r="64" t="237" w="51" /></phr></stem><stem n="behind"><phr n="behind"><ent r="3" t="192" w="22" /><ent r="4" t="264" w="222" /><ent r="4" t="264" w="296" /></phr><phr n="Behind"><ent r="3" t="264" w="94" /></phr></stem><stem n="ibin"><phr n="IBin"><ent r="5" t="192" w="52" /><ent r="3" t="192" w="67" /><ent r="4" t="193" w="107" /><ent r="4" t="193" w="111" /><ent r="4" t="193" w="147" /><ent r="4" t="193" w="354" /><ent r="4" t="193" w="358" /><ent r="4" t="193" w="401" /></phr></stem><stem n="/istorag"><phr n="/IStorage"><ent r="3" t="192" w="55" /></phr></stem><stem n="storage/istorag"><phr n="Storage/IStorage"><ent r="3" t="192" w="55" /><ent r="3" t="192" w="54" /></phr></stem><stem n="/ibin"><phr n="/IBin"><ent r="3" t="192" w="67" /></phr></stem><stem n="bin/ibin"><phr n="Bin/IBin"><ent r="3" t="192" w="67" /><ent r="3" t="192" w="66" /></phr></stem><stem n="storagedecor"><phr n="StorageDecorator"><ent r="3" t="192" w="82" /><ent r="3" t="193" w="40" /><ent r="4" t="193" w="74" /><ent r="4" t="193" w="302" /></phr></stem><stem n="bindecor"><phr n="BinDecorator"><ent r="3" t="192" w="84" /><ent r="3" t="193" w="42" /><ent r="4" t="193" w="144" /><ent r="4" t="193" w="394" /></phr></stem><stem n="extended/overridden"><phr n="extended/overridden"><ent r="3" t="192" w="94" /><ent r="3" t="192" w="93" /></phr></stem><stem n="overridden"><phr n="overridden"><ent r="3" t="192" w="94" /></phr></stem><stem n="extended/overridden."><phr n="extended/overridden."><ent r="3" t="192" w="94" /><ent r="3" t="192" w="93" /></phr></stem><stem n="/overridden."><phr n="/overridden."><ent r="3" t="192" w="95" /></phr></stem><stem n="deriv"><phr n="derived"><ent r="3" t="193" w="38" /></phr><phr n="derivative"><ent r="3" t="309" w="229" /></phr></stem><stem n="loggingstorag"><phr n="LoggingStorage"><ent r="4" t="193" w="49" /><ent r="4" t="193" w="73" /><ent r="4" t="193" w="82" /><ent r="4" t="193" w="93" /><ent r="4" t="193" w="172" /><ent r="4" t="193" w="199" /><ent r="4" t="193" w="238" /><ent r="4" t="193" w="270" /><ent r="4" t="193" w="278" /><ent r="4" t="193" w="300" /><ent r="4" t="193" w="429" /><ent r="4" t="193" w="467" /><ent r="4" t="193" w="515" /><ent r="4" t="193" w="550" /><ent r="3" t="193" w="568" /><ent r="3" t="193" w="583" /><ent r="5" t="193" w="592" /><ent r="5" t="193" w="601" /></phr></stem></index>