﻿<?xml version="1.0" encoding="utf-8"?><index><stem n="-keyalg"><phr n="-keyalg"><ent r="3" t="306" w="455" /><ent r="3" t="306" w="455" /></phr></stem><stem n="keyalg"><phr n="keyalg"><ent r="3" t="306" w="455" /></phr></stem><stem n="rsa"><phr n="rsa"><ent r="3" t="306" w="456" /></phr></stem><stem n="db4obuild/config"><phr n="db4obuild/config"><ent r="3" t="306" w="465" /><ent r="3" t="306" w="464" /><ent r="3" t="306" w="501" /><ent r="3" t="306" w="500" /></phr></stem><stem n="db4obuild/config/db4object"><phr n="db4obuild/config/db4objects"><ent r="3" t="306" w="466" /><ent r="3" t="306" w="464" /></phr></stem><stem n="[path]/db4obuild/config/db4objects.crt"><phr n="[path]/db4obuild/config/db4objects.crt"><ent r="3" t="306" w="467" /></phr></stem><stem n="db4obuild/config/db4objects.crt"><phr n="db4obuild/config/db4objects.crt"><ent r="3" t="306" w="467" /><ent r="3" t="306" w="464" /></phr></stem><stem n="crt"><phr n="crt"><ent r="3" t="306" w="467" /><ent r="3" t="306" w="495" /></phr></stem><stem n="kistoa"><phr n="kistoa"><ent r="3" t="306" w="470" /></phr></stem><stem n="&quot;kistoa&quot;"><phr n="&quot;kistoa&quot;"><ent r="3" t="306" w="471" /></phr></stem><stem n="quot"><phr n="quotes"><ent r="3" t="306" w="472" /></phr></stem><stem n="keypass"><phr n="keypass"><ent r="3" t="306" w="475" /></phr></stem><stem n="storepass"><phr n="storepass"><ent r="3" t="306" w="477" /></phr></stem><stem n="[path]"><phr n="[path]"><ent r="3" t="306" w="481" /></phr></stem><stem n=".crt"><phr n=".crt"><ent r="3" t="306" w="495" /></phr></stem><stem n="db4objects.crt"><phr n="db4objects.crt"><ent r="3" t="306" w="495" /><ent r="3" t="306" w="494" /></phr></stem><stem n="/config"><phr n="/config"><ent r="3" t="306" w="501" /></phr></stem><stem n="re-gener"><phr n="re-generating"><ent r="3" t="306" w="520" /></phr></stem><stem n="-generating:"><phr n="-generating:"><ent r="3" t="306" w="522" /><ent r="3" t="306" w="522" /></phr></stem><stem n="-delet"><phr n="-delete"><ent r="3" t="306" w="524" /><ent r="3" t="306" w="524" /></phr></stem><stem n="ant-contrib"><phr n="ant-contrib"><ent r="3" t="306" w="533" /><ent r="64" t="306" w="552" /></phr></stem><stem n="contrib"><phr n="contrib"><ent r="3" t="306" w="534" /><ent r="64" t="306" w="553" /></phr></stem><stem n="-contrib.jar"><phr n="-contrib.jar"><ent r="3" t="306" w="535" /><ent r="3" t="306" w="535" /></phr></stem><stem n="ant-contrib.jar"><phr n="ant-contrib.jar"><ent r="3" t="306" w="535" /><ent r="3" t="306" w="534" /></phr></stem><stem n="ant-contib"><phr n="ant-contib"><ent r="3" t="306" w="543" /><ent r="4" t="306" w="556" /><ent r="4" t="306" w="597" /></phr></stem><stem n="contib"><phr n="contib"><ent r="3" t="306" w="544" /><ent r="4" t="306" w="557" /><ent r="4" t="306" w="598" /></phr></stem><stem n="-contib.jar"><phr n="-contib.jar"><ent r="3" t="306" w="545" /><ent r="3" t="306" w="545" /><ent r="4" t="306" w="599" /><ent r="4" t="306" w="599" /></phr></stem><stem n="ant-contib.jar"><phr n="ant-contib.jar"><ent r="3" t="306" w="545" /><ent r="3" t="306" w="544" /><ent r="4" t="306" w="599" /><ent r="4" t="306" w="598" /></phr></stem><stem n="sourceforg"><phr n="sourceforge"><ent r="64" t="306" w="549" /></phr></stem><stem n="sourceforge.net"><phr n="sourceforge.net"><ent r="64" t="306" w="550" /><ent r="64" t="306" w="549" /></phr></stem><stem n="sourceforge.net/project"><phr n="sourceforge.net/projects"><ent r="64" t="306" w="551" /><ent r="64" t="306" w="549" /></phr></stem><stem n="://sourceforge.net/projects/ant-contrib"><phr n="://sourceforge.net/projects/ant-contrib"><ent r="64" t="306" w="552" /></phr></stem><stem n="-contib"><phr n="-contib"><ent r="4" t="306" w="556" /><ent r="4" t="306" w="556" /></phr></stem><stem n="eclipse/plugin"><phr n="eclipse/plugins"><ent r="4" t="306" w="564" /><ent r="4" t="306" w="563" /></phr></stem><stem n="eclipse/plugins."><phr n="eclipse/plugins."><ent r="4" t="306" w="564" /><ent r="4" t="306" w="563" /></phr></stem><stem n="/plugins."><phr n="/plugins."><ent r="4" t="306" w="565" /></phr></stem><stem n="-&gt;prefer"><phr n="-&gt;Preferences"><ent r="4" t="306" w="572" /><ent r="4" t="306" w="572" /></phr></stem><stem n="window-&gt;prefer"><phr n="Window-&gt;Preferences"><ent r="4" t="306" w="572" /></phr></stem><stem n="&gt;prefer"><phr n="&gt;Preferences"><ent r="4" t="306" w="573" /></phr></stem><stem n="-&gt;runtim"><phr n="-&gt;Runtime"><ent r="4" t="306" w="579" /><ent r="4" t="306" w="579" /></phr></stem><stem n="ant-&gt;runtim"><phr n="Ant-&gt;Runtime"><ent r="4" t="306" w="579" /></phr></stem><stem n="&gt;runtim"><phr n="&gt;Runtime"><ent r="4" t="306" w="580" /></phr></stem><stem n="&quot;ant"><phr n="&quot;Ant"><ent r="4" t="306" w="587" /></phr></stem><stem n="/ant"><phr n="/Ant"><ent r="3" t="306" w="627" /></phr></stem><stem n="as/ant"><phr n="As/Ant"><ent r="3" t="306" w="627" /><ent r="3" t="306" w="626" /></phr></stem><stem n="buildal"><phr n="buildall"><ent r="3" t="306" w="634" /></phr></stem><stem n="&quot;buildall&quot;"><phr n="&quot;buildall&quot;"><ent r="3" t="306" w="635" /></phr></stem><stem n="/creat"><phr n="/Create"><ent r="4" t="307" w="67" /></phr></stem><stem n="team/creat"><phr n="Team/Create"><ent r="4" t="307" w="67" /><ent r="4" t="307" w="66" /></phr></stem><stem n="&quot;next&quot;"><phr n="&quot;Next&quot;"><ent r="4" t="307" w="83" /></phr></stem><stem n="&quot;finish&quot;;"><phr n="&quot;Finish&quot;;"><ent r="4" t="307" w="85" /></phr></stem><stem n="unvers"><phr n="unversioned"><ent r="4" t="307" w="87" /></phr></stem><stem n="&quot;ok&quot;"><phr n="&quot;OK&quot;"><ent r="4" t="307" w="99" /></phr></stem><stem n="linq-support"><phr n="LINQ-support"><ent r="65" t="308" w="75" /></phr></stem><stem n="db4object.db4o.dl"><phr n="Db4object.Db4o.dll"><ent r="4" t="308" w="87" /><ent r="4" t="308" w="85" /><ent r="4" t="308" w="161" /><ent r="4" t="308" w="159" /><ent r="4" t="308" w="189" /><ent r="4" t="308" w="187" /><ent r="4" t="308" w="311" /><ent r="4" t="308" w="309" /><ent r="4" t="308" w="403" /><ent r="4" t="308" w="401" /></phr></stem><stem n="mono.reflection.dll."><phr n="Mono.Reflection.dll."><ent r="4" t="308" w="91" /><ent r="4" t="308" w="89" /><ent r="4" t="308" w="137" /><ent r="4" t="308" w="135" /></phr></stem><stem n=".reflection.dll."><phr n=".Reflection.dll."><ent r="4" t="308" w="92" /><ent r="4" t="308" w="138" /></phr></stem><stem n=".db4o.cs.dll"><phr n=".Db4o.CS.dll"><ent r="93" t="308" w="142" /></phr></stem><stem n="db4objects.db4o.cs.dl"><phr n="Db4objects.Db4o.CS.dll"><ent r="93" t="308" w="142" /><ent r="93" t="308" w="139" /><ent r="4" t="308" w="279" /><ent r="4" t="308" w="276" /></phr></stem><stem n=".db4o.data.services.dl"><phr n=".Db4o.Data.Services.dll"><ent r="93" t="308" w="170" /></phr></stem><stem n="db4object.db4o.linq"><phr n="Db4object.Db4o.Linq"><ent r="4" t="308" w="201" /><ent r="4" t="308" w="199" /><ent r="4" t="308" w="406" /><ent r="4" t="308" w="404" /></phr></stem><stem n="db4object.db4o.linq.dl"><phr n="Db4object.Db4o.Linq.dll"><ent r="4" t="308" w="202" /><ent r="4" t="308" w="199" /><ent r="4" t="308" w="407" /><ent r="4" t="308" w="404" /></phr></stem><stem n="db4object.db4o.linq.dll,"><phr n="Db4object.Db4o.Linq.dll,"><ent r="4" t="308" w="202" /><ent r="4" t="308" w="199" /><ent r="4" t="308" w="407" /><ent r="4" t="308" w="404" /></phr></stem><stem n=".db4o.linq.dll,"><phr n=".Db4o.Linq.dll,"><ent r="4" t="308" w="203" /><ent r="4" t="308" w="408" /></phr></stem><stem n=".db4o.optional.dl"><phr n=".Db4o.Optional.dll"><ent r="93" t="308" w="221" /><ent r="4" t="308" w="283" /></phr></stem><stem n="db4objects.db4o.optional.dl"><phr n="Db4objects.Db4o.Optional.dll"><ent r="93" t="308" w="221" /><ent r="93" t="308" w="218" /><ent r="4" t="308" w="283" /><ent r="4" t="308" w="280" /></phr></stem><stem n=".db4o.cs.optional.dl"><phr n=".Db4o.CS.Optional.dll"><ent r="93" t="308" w="246" /></phr></stem><stem n="db4objects.db4o.cs.optional.dl"><phr n="Db4objects.Db4o.CS.Optional.dll"><ent r="93" t="308" w="246" /><ent r="93" t="308" w="242" /></phr></stem><stem n="db4objects.db4o.dll,"><phr n="Db4objects.Db4o.dll,"><ent r="4" t="308" w="275" /><ent r="4" t="308" w="273" /></phr></stem><stem n=".db4o.dll,"><phr n=".Db4o.dll,"><ent r="4" t="308" w="276" /><ent r="4" t="308" w="312" /><ent r="4" t="308" w="404" /></phr></stem><stem n="db4objects.db4o.cs.dll,"><phr n="Db4objects.Db4o.CS.dll,"><ent r="4" t="308" w="279" /><ent r="4" t="308" w="276" /></phr></stem><stem n=".db4o.cs.dll,"><phr n=".Db4o.CS.dll,"><ent r="4" t="308" w="280" /></phr></stem><stem n="db4object.db4o.dll,"><phr n="Db4object.Db4o.dll,"><ent r="4" t="308" w="311" /><ent r="4" t="308" w="309" /><ent r="4" t="308" w="403" /><ent r="4" t="308" w="401" /></phr></stem><stem n="db4object.db4o.opt"><phr n="Db4object.Db4o.Optional"><ent r="4" t="308" w="410" /><ent r="4" t="308" w="408" /></phr></stem><stem n="db4object.db4o.optional.dl"><phr n="Db4object.Db4o.Optional.dll"><ent r="4" t="308" w="411" /><ent r="4" t="308" w="408" /></phr></stem><stem n="db4object.db4o.optional.dll,"><phr n="Db4object.Db4o.Optional.dll,"><ent r="4" t="308" w="411" /><ent r="4" t="308" w="408" /></phr></stem><stem n=".db4o.optional.dll,"><phr n=".Db4o.Optional.dll,"><ent r="4" t="308" w="412" /></phr></stem><stem n="db4object.db4o.nativequeri"><phr n="Db4object.Db4o.NativeQueries"><ent r="4" t="308" w="414" /><ent r="4" t="308" w="412" /></phr></stem><stem n="db4object.db4o.nativequeries.dl"><phr n="Db4object.Db4o.NativeQueries.dll"><ent r="4" t="308" w="415" /><ent r="4" t="308" w="412" /></phr></stem><stem n="db4object.db4o.nativequeries.dll,"><phr n="Db4object.Db4o.NativeQueries.dll,"><ent r="4" t="308" w="415" /><ent r="4" t="308" w="412" /></phr></stem><stem n=".msbuild.dll"><phr n=".MSBuild.dll"><ent r="93" t="308" w="430" /></phr></stem><stem n="inc"><phr n="Inc"><ent r="64" t="309" w="16" /></phr></stem><stem n="(gpl)"><phr n="(GPL)"><ent r="82" t="309" w="35" /></phr></stem><stem n="-hous"><phr n="-house"><ent r="4" t="309" w="55" /><ent r="4" t="309" w="55" /></phr></stem><stem n="in-hous"><phr n="in-house"><ent r="4" t="309" w="55" /></phr></stem><stem n="db4o.licens"><phr n="db4o.license"><ent r="3" t="309" w="90" /><ent r="3" t="309" w="89" /></phr></stem><stem n=".license.txt"><phr n=".license.txt"><ent r="3" t="309" w="91" /></phr></stem><stem n="db4o.license.txt"><phr n="db4o.license.txt"><ent r="3" t="309" w="91" /><ent r="3" t="309" w="89" /></phr></stem><stem n="whether"><phr n="whether"><ent r="3" t="309" w="102" /></phr></stem><stem n="faq"><phr n="FAQ"><ent r="65" t="309" w="122" /></phr></stem><stem n="whitepap"><phr n="whitepaper"><ent r="4" t="309" w="126" /></phr></stem><stem n="clarif"><phr n="clarification"><ent r="4" t="309" w="143" /></phr></stem><stem n="incorpor"><phr n="incorporation"><ent r="3" t="309" w="149" /></phr></stem><stem n="redistribut"><phr n="redistributed"><ent r="3" t="309" w="159" /></phr></stem><stem n="price"><phr n="pricing"><ent r="3" t="309" w="191" /></phr></stem><stem n="opensourc"><phr n="Opensource"><ent r="82" t="309" w="194" /><ent r="3" t="309" w="201" /></phr></stem><stem n="(docl)"><phr n="(dOCL)"><ent r="82" t="309" w="198" /><ent r="3" t="309" w="205" /></phr></stem><stem n="/open"><phr n="/open"><ent r="3" t="309" w="209" /></phr></stem><stem n="free/open"><phr n="free/open"><ent r="3" t="309" w="209" /><ent r="3" t="309" w="208" /></phr></stem><stem n="entireti"><phr n="entirety"><ent r="3" t="309" w="236" /></phr></stem><stem n="&quot;docl&quot;"><phr n="&quot;dOCL&quot;"><ent r="63" t="309" w="278" /></phr></stem><stem n="agreement"><phr n="agreement"><ent r="63" t="309" w="278" /></phr></stem><stem n="3rd"><phr n="3rd"><ent r="92" t="309" w="281" /><ent r="3" t="309" w="295" /></phr></stem><stem n="mono-project"><phr n="mono-project"><ent r="6" t="309" w="304" /><ent r="6" t="309" w="337" /><ent r="6" t="309" w="369" /></phr></stem><stem n="mono-project.com"><phr n="mono-project.com"><ent r="6" t="309" w="306" /><ent r="6" t="309" w="305" /><ent r="6" t="309" w="339" /><ent r="6" t="309" w="338" /><ent r="6" t="309" w="371" /><ent r="6" t="309" w="370" /></phr></stem><stem n="://mono-project.com/cecil"><phr n="://mono-project.com/Cecil"><ent r="6" t="309" w="307" /><ent r="6" t="309" w="340" /></phr></stem><stem n="mono-project.com/cecil"><phr n="mono-project.com/Cecil"><ent r="6" t="309" w="307" /><ent r="6" t="309" w="305" /><ent r="6" t="309" w="340" /><ent r="6" t="309" w="338" /></phr></stem><stem n=".cecil"><phr n=".Cecil"><ent r="6" t="309" w="309" /></phr></stem><stem n="mit"><phr n="MIT"><ent r="6" t="309" w="310" /><ent r="6" t="309" w="342" /><ent r="6" t="309" w="374" /></phr></stem><stem n="mit/x11"><phr n="MIT/X11"><ent r="6" t="309" w="311" /><ent r="6" t="309" w="310" /><ent r="6" t="309" w="343" /><ent r="6" t="309" w="342" /><ent r="6" t="309" w="375" /><ent r="6" t="309" w="374" /></phr></stem><stem n="x11"><phr n="X11"><ent r="6" t="309" w="311" /><ent r="6" t="309" w="343" /><ent r="6" t="309" w="375" /></phr></stem><stem n="(mit/x11)"><phr n="(MIT/X11)"><ent r="6" t="309" w="312" /><ent r="6" t="309" w="344" /><ent r="6" t="309" w="376" /></phr></stem><stem n="cil"><phr n="CIL"><ent r="6" t="309" w="329" /><ent r="6" t="309" w="361" /></phr></stem><stem n=".flowanalysi"><phr n=".FlowAnalysis"><ent r="6" t="309" w="341" /><ent r="6" t="309" w="355" /></phr></stem><stem n="mono-project.com/"><phr n="mono-project.com/"><ent r="6" t="309" w="371" /><ent r="6" t="309" w="370" /></phr></stem><stem n="://mono-project.com/"><phr n="://mono-project.com/"><ent r="6" t="309" w="372" /></phr></stem><stem n=".getopt"><phr n=".GetOptions"><ent r="6" t="309" w="373" /><ent r="6" t="309" w="383" /></phr></stem><stem n="mono.getopt"><phr n="Mono.GetOptions"><ent r="6" t="309" w="373" /><ent r="6" t="309" w="372" /><ent r="6" t="309" w="383" /><ent r="6" t="309" w="382" /></phr></stem><stem n="getopt"><phr n="GetOptions"><ent r="6" t="309" w="373" /><ent r="6" t="309" w="383" /></phr></stem><stem n="pars"><phr n="parse"><ent r="6" t="309" w="387" /></phr></stem><stem n="shorelin"><phr n="Shoreline"><ent r="3" t="310" w="55" /></phr></stem><stem n="450"><phr n="450"><ent r="3" t="310" w="58" /></phr></stem><stem n="ca"><phr n="CA"><ent r="3" t="310" w="62" /></phr></stem><stem n="94065"><phr n="94065"><ent r="3" t="310" w="63" /></phr></stem><stem n="+1"><phr n="+1"><ent r="3" t="310" w="69" /><ent r="3" t="310" w="76" /></phr></stem><stem n="650"><phr n="650"><ent r="3" t="310" w="70" /><ent r="3" t="310" w="77" /></phr></stem><stem n="(650)"><phr n="(650)"><ent r="3" t="310" w="71" /><ent r="3" t="310" w="78" /></phr></stem><stem n="-2436"><phr n="-2436"><ent r="3" t="310" w="71" /><ent r="3" t="310" w="71" /></phr></stem><stem n="232"><phr n="232"><ent r="3" t="310" w="71" /><ent r="3" t="310" w="78" /></phr></stem><stem n="232-2436"><phr n="232-2436"><ent r="3" t="310" w="71" /></phr></stem><stem n="2436"><phr n="2436"><ent r="3" t="310" w="72" /></phr></stem><stem n="fax"><phr n="Fax"><ent r="4" t="310" w="74" /></phr></stem><stem n="-2401"><phr n="-2401"><ent r="3" t="310" w="78" /><ent r="3" t="310" w="78" /></phr></stem><stem n="232-2401"><phr n="232-2401"><ent r="3" t="310" w="78" /></phr></stem><stem n="2401"><phr n="2401"><ent r="3" t="310" w="79" /></phr></stem><stem n="sale"><phr n="Sales"><ent r="4" t="310" w="81" /></phr><phr n="sales"><ent r="64" t="310" w="87" /><ent r="64" t="310" w="99" /></phr></stem><stem n="mail"><phr n="mail"><ent r="3" t="310" w="96" /></phr></stem><stem n="@db4o.com"><phr n="@db4o.com"><ent r="64" t="310" w="101" /><ent r="64" t="310" w="108" /><ent r="63" t="310" w="114" /></phr></stem><stem n="db4o.com"><phr n="db4o.com"><ent r="64" t="310" w="101" /><ent r="64" t="310" w="100" /><ent r="64" t="310" w="108" /><ent r="64" t="310" w="107" /><ent r="63" t="310" w="114" /><ent r="63" t="310" w="113" /></phr></stem><stem n="career"><phr n="Careers"><ent r="4" t="310" w="104" /></phr><phr n="career"><ent r="64" t="310" w="106" /></phr></stem><stem n="partner"><phr n="Partnering"><ent r="4" t="310" w="110" /></phr><phr n="partner"><ent r="63" t="310" w="112" /></phr></stem><stem n="reveal"><phr n="reveal"><ent r="3" t="312" w="24" /></phr></stem><stem n="_osgi"><phr n="_osgi"><ent r="7" t="313" w="12" /></phr></stem><stem n="db4o_osgi"><phr n="db4o_osgi"><ent r="7" t="313" w="12" /><ent r="7" t="313" w="11" /><ent r="7" t="313" w="36" /><ent r="7" t="313" w="35" /></phr></stem><stem n="jdk6"><phr n="JDK6"><ent r="6" t="313" w="14" /><ent r="6" t="313" w="39" /></phr></stem><stem n=".xx"><phr n=".XX"><ent r="7" t="313" w="19" /><ent r="7" t="313" w="44" /></phr></stem><stem n="x.xx"><phr n="X.XX"><ent r="7" t="313" w="19" /><ent r="7" t="313" w="18" /><ent r="7" t="313" w="44" /><ent r="7" t="313" w="43" /></phr></stem><stem n="db4ounit-java1"><phr n="db4ounit-java1"><ent r="6" t="313" w="21" /></phr></stem><stem n="java1"><phr n="java1"><ent r="6" t="313" w="22" /><ent r="6" t="313" w="47" /></phr></stem><stem n="db4ounit-java1.2"><phr n="db4ounit-java1.2"><ent r="6" t="313" w="23" /><ent r="6" t="313" w="22" /></phr></stem><stem n="-db4ounit-java1.2.jar"><phr n="-db4ounit-java1.2.jar"><ent r="6" t="313" w="24" /><ent r="6" t="313" w="25" /></phr></stem><stem n="db4ounit-java1.2.jar"><phr n="db4ounit-java1.2.jar"><ent r="6" t="313" w="24" /><ent r="6" t="313" w="22" /></phr></stem><stem n="org.eclipse.osgi_3"><phr n="org.eclipse.osgi_3"><ent r="6" t="313" w="28" /><ent r="6" t="313" w="25" /><ent r="6" t="313" w="53" /><ent r="6" t="313" w="50" /></phr></stem><stem n="org.eclipse.osgi_3.4"><phr n="org.eclipse.osgi_3.4"><ent r="6" t="313" w="29" /><ent r="6" t="313" w="25" /><ent r="6" t="313" w="54" /><ent r="6" t="313" w="50" /></phr></stem><stem n="org.eclipse.osgi_3.4.0"><phr n="org.eclipse.osgi_3.4.0"><ent r="6" t="313" w="30" /><ent r="6" t="313" w="25" /><ent r="6" t="313" w="55" /><ent r="6" t="313" w="50" /></phr></stem><stem n="v20080605"><phr n="v20080605"><ent r="6" t="313" w="31" /><ent r="6" t="313" w="56" /></phr></stem><stem n="v20080605-1900"><phr n="v20080605-1900"><ent r="6" t="313" w="31" /><ent r="6" t="313" w="56" /></phr></stem><stem n="1900"><phr n="1900"><ent r="6" t="313" w="32" /><ent r="6" t="313" w="57" /></phr></stem><stem n=".eclipse.osgi_3.4.0.v20080605-1900.jar"><phr n=".eclipse.osgi_3.4.0.v20080605-1900.jar"><ent r="6" t="313" w="33" /><ent r="6" t="313" w="58" /></phr></stem><stem n="org.eclipse.osgi_3.4.0.v20080605-1900.jar"><phr n="org.eclipse.osgi_3.4.0.v20080605-1900.jar"><ent r="6" t="313" w="33" /><ent r="6" t="313" w="25" /><ent r="6" t="313" w="58" /><ent r="6" t="313" w="50" /></phr></stem><stem n="_osgi_test"><phr n="_osgi_test"><ent r="7" t="313" w="37" /></phr></stem><stem n="db4o_osgi_test"><phr n="db4o_osgi_test"><ent r="7" t="313" w="37" /><ent r="7" t="313" w="35" /></phr></stem><stem n="all-java1"><phr n="all-java1"><ent r="6" t="313" w="46" /></phr></stem><stem n="all-java1.2"><phr n="all-java1.2"><ent r="6" t="313" w="48" /><ent r="6" t="313" w="47" /></phr></stem><stem n="-all-java1.2.jar"><phr n="-all-java1.2.jar"><ent r="6" t="313" w="49" /><ent r="6" t="313" w="50" /></phr></stem><stem n="all-java1.2.jar"><phr n="all-java1.2.jar"><ent r="6" t="313" w="49" /><ent r="6" t="313" w="47" /></phr></stem><stem n="-osgi"><phr n="-osgi"><ent r="6" t="313" w="59" /><ent r="6" t="313" w="59" /></phr></stem><stem n="db4o-osgi"><phr n="db4o-osgi"><ent r="6" t="313" w="59" /></phr></stem><stem n="-tests.jar"><phr n="-tests.jar"><ent r="6" t="313" w="63" /><ent r="6" t="313" w="63" /></phr></stem><stem n="db4o-tests.jar"><phr n="db4o-tests.jar"><ent r="6" t="313" w="63" /><ent r="6" t="313" w="62" /></phr></stem><stem n="db4o-tests-nq"><phr n="db4o-tests-nq"><ent r="6" t="313" w="64" /></phr></stem><stem n="tests-nq"><phr n="tests-nq"><ent r="6" t="313" w="65" /></phr></stem><stem n="-tests-nq.jar"><phr n="-tests-nq.jar"><ent r="6" t="313" w="67" /><ent r="6" t="313" w="68" /></phr></stem><stem n="db4o-tests-nq.jar"><phr n="db4o-tests-nq.jar"><ent r="6" t="313" w="67" /><ent r="6" t="313" w="66" /></phr></stem><stem n="jdk1.5"><phr n="JDK1.5"><ent r="6" t="313" w="73" /><ent r="6" t="313" w="72" /><ent r="6" t="313" w="80" /><ent r="6" t="313" w="79" /><ent r="6" t="313" w="112" /><ent r="6" t="313" w="111" /><ent r="6" t="313" w="120" /><ent r="6" t="313" w="119" /><ent r="6" t="313" w="127" /><ent r="6" t="313" w="126" /><ent r="6" t="313" w="339" /><ent r="6" t="313" w="338" /><ent r="6" t="313" w="355" /><ent r="6" t="313" w="354" /></phr></stem><stem n=".instrument"><phr n=".instrumentation"><ent r="7" t="313" w="77" /><ent r="6" t="313" w="144" /><ent r="6" t="313" w="159" /><ent r="5" t="313" w="174" /></phr></stem><stem n=".jar"><phr n=".jar"><ent r="6" t="313" w="87" /><ent r="6" t="313" w="129" /><ent r="6" t="313" w="222" /><ent r="6" t="313" w="233" /><ent r="6" t="313" w="235" /><ent r="6" t="313" w="237" /><ent r="6" t="313" w="250" /><ent r="6" t="313" w="257" /><ent r="6" t="313" w="283" /><ent r="6" t="313" w="285" /><ent r="6" t="313" w="287" /><ent r="6" t="313" w="298" /><ent r="6" t="313" w="300" /><ent r="6" t="313" w="302" /><ent r="6" t="313" w="304" /><ent r="6" t="313" w="306" /><ent r="6" t="313" w="321" /><ent r="6" t="313" w="329" /></phr></stem><stem n="ant.jar"><phr n="ant.jar"><ent r="6" t="313" w="87" /><ent r="6" t="313" w="86" /><ent r="6" t="313" w="222" /><ent r="6" t="313" w="221" /><ent r="6" t="313" w="233" /><ent r="6" t="313" w="232" /><ent r="6" t="313" w="250" /><ent r="6" t="313" w="249" /></phr></stem><stem n=".net2.0"><phr n=".NET2.0"><ent r="6" t="313" w="93" /><ent r="6" t="313" w="365" /></phr></stem><stem n="net2.0"><phr n="NET2.0"><ent r="6" t="313" w="93" /><ent r="6" t="313" w="92" /><ent r="6" t="313" w="97" /><ent r="6" t="313" w="96" /><ent r="6" t="313" w="365" /><ent r="6" t="313" w="364" /></phr></stem><stem n="net3"><phr n="NET3"><ent r="6" t="313" w="94" /><ent r="6" t="313" w="105" /><ent r="6" t="313" w="366" /></phr></stem><stem n=".net3.5"><phr n=".NET3.5"><ent r="6" t="313" w="95" /><ent r="6" t="313" w="367" /></phr></stem><stem n="net3.5"><phr n="NET3.5"><ent r="6" t="313" w="95" /><ent r="6" t="313" w="94" /><ent r="6" t="313" w="106" /><ent r="6" t="313" w="105" /><ent r="6" t="313" w="367" /><ent r="6" t="313" w="366" /></phr></stem><stem n="net2.0."><phr n="NET2.0."><ent r="6" t="313" w="97" /><ent r="6" t="313" w="96" /></phr></stem><stem n=".net2.0."><phr n=".NET2.0."><ent r="6" t="313" w="98" /></phr></stem><stem n=".net3.5.cf"><phr n=".NET3.5.CF"><ent r="6" t="313" w="107" /></phr></stem><stem n="net3.5.cf"><phr n="NET3.5.CF"><ent r="6" t="313" w="107" /><ent r="6" t="313" w="105" /></phr></stem><stem n="-annot"><phr n="-annotations"><ent r="6" t="313" w="113" /><ent r="6" t="313" w="113" /></phr></stem><stem n="decaf-annot"><phr n="decaf-annotations"><ent r="6" t="313" w="113" /></phr></stem><stem n=".option"><phr n=".optional"><ent r="7" t="313" w="117" /><ent r="6" t="313" w="134" /><ent r="6" t="313" w="147" /><ent r="6" t="313" w="162" /></phr></stem><stem n="db4oj.opt"><phr n="db4oj.optional"><ent r="7" t="313" w="117" /><ent r="7" t="313" w="116" /><ent r="6" t="313" w="134" /><ent r="6" t="313" w="133" /><ent r="6" t="313" w="147" /><ent r="6" t="313" w="146" /><ent r="6" t="313" w="162" /><ent r="6" t="313" w="161" /></phr></stem><stem n=".test"><phr n=".tests"><ent r="7" t="313" w="124" /><ent r="6" t="313" w="149" /><ent r="6" t="313" w="164" /><ent r="7" t="313" w="212" /><ent r="6" t="313" w="345" /></phr></stem><stem n="db4oj.test"><phr n="db4oj.tests"><ent r="7" t="313" w="124" /><ent r="7" t="313" w="123" /><ent r="6" t="313" w="149" /><ent r="6" t="313" w="148" /><ent r="6" t="313" w="164" /><ent r="6" t="313" w="163" /><ent r="6" t="313" w="345" /><ent r="6" t="313" w="344" /></phr></stem><stem n="easymock"><phr n="easymock"><ent r="6" t="313" w="128" /></phr></stem><stem n="easymock.jar"><phr n="easymock.jar"><ent r="6" t="313" w="129" /><ent r="6" t="313" w="128" /></phr></stem><stem n="jdk5"><phr n="JDK5"><ent r="6" t="313" w="141" /><ent r="6" t="313" w="156" /><ent r="5" t="313" w="171" /></phr></stem><stem n="jre5"><phr n="JRE5"><ent r="6" t="313" w="184" /><ent r="6" t="313" w="190" /><ent r="6" t="313" w="198" /><ent r="6" t="313" w="209" /><ent r="6" t="313" w="214" /><ent r="6" t="313" w="220" /><ent r="6" t="313" w="231" /><ent r="6" t="313" w="377" /><ent r="6" t="313" w="424" /></phr></stem><stem n=".annot"><phr n=".annotations"><ent r="6" t="313" w="204" /><ent r="7" t="313" w="207" /></phr></stem><stem n="decaf.annot"><phr n="decaf.annotations"><ent r="6" t="313" w="204" /><ent r="6" t="313" w="203" /><ent r="7" t="313" w="207" /><ent r="7" t="313" w="206" /></phr></stem><stem n="decaf.test"><phr n="decaf.tests"><ent r="7" t="313" w="212" /><ent r="7" t="313" w="211" /><ent r="7" t="313" w="217" /><ent r="7" t="313" w="216" /></phr></stem><stem n=".tests.funct"><phr n=".tests.functional"><ent r="7" t="313" w="218" /></phr></stem><stem n="decaf.tests.funct"><phr n="decaf.tests.functional"><ent r="7" t="313" w="218" /><ent r="7" t="313" w="216" /></phr></stem><stem n="asm"><phr n="asm"><ent r="6" t="313" w="223" /><ent r="6" t="313" w="256" /><ent r="6" t="313" w="258" /></phr></stem><stem n="asm-3"><phr n="asm-3"><ent r="6" t="313" w="223" /></phr></stem><stem n="asm-3.1"><phr n="asm-3.1"><ent r="6" t="313" w="225" /><ent r="6" t="313" w="224" /></phr></stem><stem n="-3.1.jar"><phr n="-3.1.jar"><ent r="6" t="313" w="226" /><ent r="6" t="313" w="226" /></phr></stem><stem n="asm-3.1.jar"><phr n="asm-3.1.jar"><ent r="6" t="313" w="226" /><ent r="6" t="313" w="224" /></phr></stem><stem n="junit3"><phr n="JUnit3"><ent r="6" t="313" w="227" /></phr></stem><stem n="itext"><phr n="itext"><ent r="6" t="313" w="234" /></phr></stem><stem n="itext.jar"><phr n="itext.jar"><ent r="6" t="313" w="235" /><ent r="6" t="313" w="234" /></phr></stem><stem n="junit.jar"><phr n="junit.jar"><ent r="6" t="313" w="237" /><ent r="6" t="313" w="236" /><ent r="6" t="313" w="306" /><ent r="6" t="313" w="305" /></phr></stem><stem n="docwiki"><phr n="docWiki"><ent r="7" t="313" w="239" /></phr></stem><stem n="none"><phr n="None"><ent r="6" t="313" w="241" /></phr></stem><stem n="antlr"><phr n="antlr"><ent r="6" t="313" w="251" /></phr></stem><stem n="antlr-2"><phr n="antlr-2"><ent r="6" t="313" w="251" /></phr></stem><stem n="antlr-2.7"><phr n="antlr-2.7"><ent r="6" t="313" w="253" /><ent r="6" t="313" w="252" /></phr></stem><stem n="antlr-2.7.6"><phr n="antlr-2.7.6"><ent r="6" t="313" w="254" /><ent r="6" t="313" w="252" /></phr></stem><stem n="6"><phr n="6"><ent r="6" t="313" w="254" /><ent r="6" t="313" w="290" /><ent r="6" t="313" w="332" /></phr></stem><stem n="-2.7.6.jar"><phr n="-2.7.6.jar"><ent r="6" t="313" w="255" /><ent r="6" t="313" w="255" /></phr></stem><stem n="antlr-2.7.6.jar"><phr n="antlr-2.7.6.jar"><ent r="6" t="313" w="255" /><ent r="6" t="313" w="252" /></phr></stem><stem n="asm.jar"><phr n="asm.jar"><ent r="6" t="313" w="257" /><ent r="6" t="313" w="256" /></phr></stem><stem n="asm-attr"><phr n="asm-attrs"><ent r="6" t="313" w="258" /></phr></stem><stem n="attr"><phr n="attrs"><ent r="6" t="313" w="259" /></phr></stem><stem n="-attrs.jar"><phr n="-attrs.jar"><ent r="6" t="313" w="260" /><ent r="6" t="313" w="260" /></phr></stem><stem n="asm-attrs.jar"><phr n="asm-attrs.jar"><ent r="6" t="313" w="260" /><ent r="6" t="313" w="259" /></phr></stem><stem n="cglib"><phr n="cglib"><ent r="6" t="313" w="261" /></phr></stem><stem n="cglib-2"><phr n="cglib-2"><ent r="6" t="313" w="261" /></phr></stem><stem n="cglib-2.1"><phr n="cglib-2.1"><ent r="6" t="313" w="263" /><ent r="6" t="313" w="262" /></phr></stem><stem n="cglib-2.1.3"><phr n="cglib-2.1.3"><ent r="6" t="313" w="264" /><ent r="6" t="313" w="262" /></phr></stem><stem n="-2.1.3.jar"><phr n="-2.1.3.jar"><ent r="6" t="313" w="265" /><ent r="6" t="313" w="265" /></phr></stem><stem n="cglib-2.1.3.jar"><phr n="cglib-2.1.3.jar"><ent r="6" t="313" w="265" /><ent r="6" t="313" w="262" /></phr></stem></index>