﻿<?xml version="1.0" encoding="utf-8"?><index><stem n="removecitizenship"><phr n="RemoveCitizenship"><ent r="4" t="240" w="835" /><ent r="4" t="240" w="889" /></phr></stem><stem n="(countri"><phr n="(Country"><ent r="4" t="240" w="836" /><ent r="4" t="240" w="847" /></phr><phr n="(country"><ent r="4" t="240" w="908" /></phr></stem><stem n="citizenin.remov"><phr n="citizenIn.Remove"><ent r="4" t="240" w="839" /><ent r="4" t="240" w="838" /><ent r="4" t="240" w="896" /><ent r="4" t="240" w="895" /></phr></stem><stem n="addcitizenship"><phr n="AddCitizenship"><ent r="4" t="240" w="846" /><ent r="4" t="240" w="907" /></phr></stem><stem n="citizenin.add"><phr n="citizenIn.Add"><ent r="4" t="240" w="850" /><ent r="4" t="240" w="849" /><ent r="4" t="240" w="914" /><ent r="4" t="240" w="913" /></phr></stem><stem n=".add(country);"><phr n=".Add(country);"><ent r="4" t="240" w="852" /></phr></stem><stem n=".add(country)"><phr n=".Add(country)"><ent r="4" t="240" w="916" /></phr></stem><stem n="club"><phr n="club"><ent r="3" t="240" w="961" /><ent r="3" t="240" w="1009" /><ent r="3" t="240" w="1012" /><ent r="4" t="240" w="1212" /><ent r="4" t="240" w="1218" /><ent r="4" t="240" w="1221" /><ent r="4" t="240" w="1222" /><ent r="4" t="240" w="1234" /><ent r="4" t="240" w="1240" /><ent r="4" t="240" w="1243" /><ent r="4" t="240" w="1244" /><ent r="4" t="240" w="1299" /><ent r="4" t="240" w="1311" /><ent r="4" t="240" w="1317" /><ent r="4" t="240" w="1318" /><ent r="4" t="240" w="1337" /><ent r="4" t="240" w="1347" /><ent r="4" t="240" w="1353" /><ent r="4" t="240" w="1354" /></phr><phr n="clubs"><ent r="3" t="240" w="973" /></phr><phr n="Club"><ent r="4" t="240" w="1070" /><ent r="4" t="240" w="1182" /><ent r="4" t="240" w="1211" /><ent r="4" t="240" w="1233" /><ent r="4" t="240" w="1285" /><ent r="4" t="240" w="1291" /><ent r="4" t="240" w="1303" /><ent r="4" t="240" w="1341" /><ent r="4" t="240" w="1380" /></phr></stem><stem n="-list"><phr n="-list"><ent r="3" t="240" w="964" /><ent r="3" t="240" w="964" /><ent r="3" t="275" w="150" /><ent r="3" t="275" w="150" /></phr></stem><stem n="member-list"><phr n="member-list"><ent r="3" t="240" w="964" /></phr></stem><stem n="club-memb"><phr n="club-members"><ent r="3" t="240" w="1009" /></phr></stem><stem n="club-membership"><phr n="club-membership"><ent r="3" t="240" w="1012" /></phr></stem><stem n="membership"><phr n="membership"><ent r="3" t="240" w="1013" /></phr></stem><stem n="-membership."><phr n="-membership."><ent r="3" t="240" w="1014" /><ent r="3" t="240" w="1014" /></phr></stem><stem n="hashset&lt;person&gt;"><phr n="HashSet&lt;Person&gt;"><ent r="4" t="240" w="1024" /></phr></stem><stem n="addmemb"><phr n="AddMember"><ent r="4" t="240" w="1030" /><ent r="4" t="240" w="1106" /><ent r="4" t="240" w="1223" /><ent r="4" t="240" w="1319" /></phr></stem><stem n="members.contain"><phr n="members.Contains"><ent r="4" t="240" w="1037" /><ent r="4" t="240" w="1036" /><ent r="4" t="240" w="1059" /><ent r="4" t="240" w="1058" /></phr></stem><stem n="(!members.contains(person))"><phr n="(!members.Contains(person))"><ent r="4" t="240" w="1039" /></phr></stem><stem n="members.add"><phr n="members.Add"><ent r="4" t="240" w="1040" /><ent r="4" t="240" w="1039" /></phr></stem><stem n=".add(person);"><phr n=".Add(person);"><ent r="4" t="240" w="1042" /></phr></stem><stem n="person.join"><phr n="person.Join"><ent r="4" t="240" w="1043" /><ent r="4" t="240" w="1042" /></phr></stem><stem n=".join("><phr n=".Join("><ent r="4" t="240" w="1044" /></phr></stem><stem n="removememb"><phr n="RemoveMember"><ent r="4" t="240" w="1052" /><ent r="4" t="240" w="1148" /><ent r="4" t="240" w="1245" /><ent r="4" t="240" w="1355" /></phr></stem><stem n="(members.contains(person))"><phr n="(members.Contains(person))"><ent r="4" t="240" w="1061" /></phr></stem><stem n="members.remov"><phr n="members.Remove"><ent r="4" t="240" w="1062" /><ent r="4" t="240" w="1061" /></phr></stem><stem n=".remove(person);"><phr n=".Remove(person);"><ent r="4" t="240" w="1064" /></phr></stem><stem n="person.leav"><phr n="person.Leave"><ent r="4" t="240" w="1065" /><ent r="4" t="240" w="1064" /><ent r="4" t="240" w="1169" /><ent r="4" t="240" w="1168" /></phr></stem><stem n="leav"><phr n="Leave"><ent r="4" t="240" w="1065" /><ent r="4" t="240" w="1169" /><ent r="4" t="240" w="1232" /><ent r="4" t="240" w="1336" /></phr></stem><stem n=".leave("><phr n=".Leave("><ent r="4" t="240" w="1066" /><ent r="4" t="240" w="1170" /></phr></stem><stem n="club.c"><phr n="Club.cs"><ent r="4" t="240" w="1071" /><ent r="4" t="240" w="1070" /></phr></stem><stem n="_member"><phr n="_members"><ent r="4" t="240" w="1088" /></phr></stem><stem n="m_member"><phr n="m_members"><ent r="4" t="240" w="1088" /><ent r="4" t="240" w="1087" /><ent r="4" t="240" w="1118" /><ent r="4" t="240" w="1117" /><ent r="4" t="240" w="1125" /><ent r="4" t="240" w="1124" /><ent r="4" t="240" w="1158" /><ent r="4" t="240" w="1157" /><ent r="4" t="240" w="1165" /><ent r="4" t="240" w="1164" /></phr></stem><stem n="m_members.contain"><phr n="m_members.Contains"><ent r="4" t="240" w="1119" /><ent r="4" t="240" w="1117" /><ent r="4" t="240" w="1159" /><ent r="4" t="240" w="1157" /></phr></stem><stem n="_members.contains(person)"><phr n="_members.Contains(person)"><ent r="4" t="240" w="1121" /><ent r="4" t="240" w="1161" /></phr></stem><stem n="m_members.add"><phr n="m_members.Add"><ent r="4" t="240" w="1126" /><ent r="4" t="240" w="1124" /></phr></stem><stem n="_members.add(person)"><phr n="_members.Add(person)"><ent r="4" t="240" w="1128" /></phr></stem><stem n="m_members.remov"><phr n="m_members.Remove"><ent r="4" t="240" w="1166" /><ent r="4" t="240" w="1164" /></phr></stem><stem n="_members.remove(person)"><phr n="_members.Remove(person)"><ent r="4" t="240" w="1168" /></phr></stem><stem n="club.vb"><phr n="Club.vb"><ent r="4" t="240" w="1183" /><ent r="4" t="240" w="1182" /></phr></stem><stem n="icollection&lt;club&gt;"><phr n="ICollection&lt;Club&gt;"><ent r="4" t="240" w="1199" /></phr></stem><stem n="memberin"><phr n="memberIn"><ent r="4" t="240" w="1200" /><ent r="4" t="240" w="1216" /><ent r="4" t="240" w="1219" /><ent r="4" t="240" w="1238" /><ent r="4" t="240" w="1241" /><ent r="4" t="240" w="1260" /><ent r="4" t="240" w="1279" /><ent r="4" t="240" w="1309" /><ent r="4" t="240" w="1315" /><ent r="4" t="240" w="1345" /><ent r="4" t="240" w="1351" /><ent r="4" t="240" w="1386" /></phr></stem><stem n="hashset&lt;club&gt;"><phr n="HashSet&lt;Club&gt;"><ent r="4" t="240" w="1204" /></phr></stem><stem n="(club"><phr n="(Club"><ent r="4" t="240" w="1211" /><ent r="4" t="240" w="1233" /></phr><phr n="(club"><ent r="4" t="240" w="1299" /><ent r="4" t="240" w="1337" /></phr></stem><stem n="memberin.contain"><phr n="memberIn.Contains"><ent r="4" t="240" w="1217" /><ent r="4" t="240" w="1216" /><ent r="4" t="240" w="1239" /><ent r="4" t="240" w="1238" /><ent r="4" t="240" w="1310" /><ent r="4" t="240" w="1309" /><ent r="4" t="240" w="1346" /><ent r="4" t="240" w="1345" /></phr></stem><stem n="(!memberin.contains(club))"><phr n="(!memberIn.Contains(club))"><ent r="4" t="240" w="1219" /></phr></stem><stem n="memberin.add"><phr n="memberIn.Add"><ent r="4" t="240" w="1220" /><ent r="4" t="240" w="1219" /><ent r="4" t="240" w="1316" /><ent r="4" t="240" w="1315" /></phr></stem><stem n=".add(club);"><phr n=".Add(club);"><ent r="4" t="240" w="1222" /></phr></stem><stem n="club.addmemb"><phr n="club.AddMember"><ent r="4" t="240" w="1223" /><ent r="4" t="240" w="1222" /><ent r="4" t="240" w="1319" /><ent r="4" t="240" w="1318" /></phr></stem><stem n=".addmember("><phr n=".AddMember("><ent r="4" t="240" w="1224" /><ent r="4" t="240" w="1320" /></phr></stem><stem n="(memberin.contains(club))"><phr n="(memberIn.Contains(club))"><ent r="4" t="240" w="1241" /></phr></stem><stem n="memberin.remov"><phr n="memberIn.Remove"><ent r="4" t="240" w="1242" /><ent r="4" t="240" w="1241" /><ent r="4" t="240" w="1352" /><ent r="4" t="240" w="1351" /></phr></stem><stem n=".remove(club);"><phr n=".Remove(club);"><ent r="4" t="240" w="1244" /></phr></stem><stem n="club.removememb"><phr n="club.RemoveMember"><ent r="4" t="240" w="1245" /><ent r="4" t="240" w="1244" /><ent r="4" t="240" w="1355" /><ent r="4" t="240" w="1354" /></phr></stem><stem n=".removemember("><phr n=".RemoveMember("><ent r="4" t="240" w="1246" /><ent r="4" t="240" w="1356" /></phr></stem><stem n="ienumerable&lt;club&gt;"><phr n="IEnumerable&lt;Club&gt;"><ent r="4" t="240" w="1252" /></phr></stem><stem n="memberof"><phr n="MemberOf"><ent r="4" t="240" w="1253" /><ent r="4" t="240" w="1374" /></phr></stem><stem n=".contains(club)"><phr n=".Contains(club)"><ent r="4" t="240" w="1312" /><ent r="4" t="240" w="1348" /></phr></stem><stem n=".add(club)"><phr n=".Add(club)"><ent r="4" t="240" w="1318" /></phr></stem><stem n=".remove(club)"><phr n=".Remove(club)"><ent r="4" t="240" w="1354" /></phr></stem><stem n="-util"><phr n="-utility"><ent r="3" t="241" w="87" /><ent r="3" t="241" w="87" /></phr></stem><stem n="paging-util"><phr n="paging-utility"><ent r="3" t="241" w="87" /></phr></stem><stem n="paging&lt;t&gt;"><phr n="Paging&lt;T&gt;"><ent r="4" t="241" w="140" /><ent r="4" t="241" w="160" /></phr></stem><stem n="(ilist&lt;t&gt;"><phr n="(IList&lt;T&gt;"><ent r="4" t="241" w="141" /><ent r="4" t="241" w="161" /><ent r="4" t="241" w="250" /></phr></stem><stem n="listtopag"><phr n="listToPage"><ent r="4" t="241" w="142" /><ent r="4" t="241" w="151" /><ent r="4" t="241" w="162" /><ent r="4" t="241" w="176" /><ent r="4" t="241" w="200" /><ent r="4" t="241" w="213" /><ent r="4" t="241" w="236" /><ent r="4" t="241" w="308" /><ent r="4" t="241" w="334" /><ent r="4" t="241" w="354" /><ent r="4" t="241" w="390" /><ent r="4" t="241" w="415" /><ent r="4" t="241" w="437" /><ent r="4" t="241" w="473" /></phr></stem><stem n="(listtopage,"><phr n="(listToPage,"><ent r="4" t="241" w="152" /><ent r="4" t="241" w="214" /><ent r="4" t="241" w="335" /><ent r="4" t="241" w="438" /></phr></stem><stem n="(start"><phr n="(start"><ent r="4" t="241" w="174" /></phr></stem><stem n="listtopage.count"><phr n="listToPage.Count"><ent r="4" t="241" w="177" /><ent r="4" t="241" w="176" /><ent r="4" t="241" w="201" /><ent r="4" t="241" w="200" /></phr></stem><stem n="argumentexcept"><phr n="ArgumentException"><ent r="4" t="241" w="183" /><ent r="4" t="241" w="400" /></phr></stem><stem n="&quot;you"><phr n="&quot;You"><ent r="5" t="241" w="185" /><ent r="5" t="241" w="402" /></phr></stem><stem n=".&quot;"><phr n=".&quot;"><ent r="5" t="241" w="193" /><ent r="5" t="241" w="410" /><ent r="5" t="281" w="392" /><ent r="5" t="281" w="511" /></phr></stem><stem n="list-siz"><phr n="List-size"><ent r="5" t="241" w="196" /><ent r="5" t="241" w="412" /></phr></stem><stem n="-size:"><phr n="-size:"><ent r="5" t="241" w="198" /><ent r="5" t="241" w="198" /><ent r="5" t="241" w="414" /><ent r="5" t="241" w="414" /></phr></stem><stem n=".count"><phr n=".Count"><ent r="4" t="241" w="201" /></phr></stem><stem n="calculateend"><phr n="calculateEnd"><ent r="4" t="241" w="212" /><ent r="4" t="241" w="436" /><ent r="4" t="241" w="492" /></phr></stem><stem n="i++"><phr n="i++"><ent r="4" t="241" w="233" /></phr></stem><stem n="list.add"><phr n="list.Add"><ent r="4" t="241" w="235" /><ent r="4" t="241" w="234" /><ent r="4" t="241" w="472" /><ent r="4" t="241" w="471" /></phr></stem><stem n=".add(listtopage[i]);"><phr n=".Add(listToPage[i]);"><ent r="4" t="241" w="238" /></phr></stem><stem n="calculateend&lt;t&gt;"><phr n="calculateEnd&lt;T&gt;"><ent r="4" t="241" w="249" /></phr></stem><stem n="resultlist"><phr n="resultList"><ent r="4" t="241" w="251" /><ent r="4" t="241" w="272" /><ent r="4" t="241" w="277" /><ent r="4" t="241" w="498" /><ent r="4" t="241" w="544" /><ent r="4" t="241" w="552" /></phr></stem><stem n="(end"><phr n="(end"><ent r="4" t="241" w="270" /></phr></stem><stem n="resultlist.count"><phr n="resultList.Count"><ent r="4" t="241" w="273" /><ent r="4" t="241" w="272" /><ent r="4" t="241" w="278" /><ent r="4" t="241" w="277" /></phr></stem><stem n=".count;"><phr n=".Count;"><ent r="4" t="241" w="279" /></phr></stem><stem n="pagingutil"><phr n="PagingUtility"><ent r="4" t="241" w="284" /><ent r="4" t="241" w="568" /><ent r="4" t="241" w="603" /><ent r="4" t="241" w="645" /></phr></stem><stem n="pagingutility.c"><phr n="PagingUtility.cs"><ent r="4" t="241" w="285" /><ent r="4" t="241" w="284" /></phr></stem><stem n="endposit"><phr n="endPosition"><ent r="4" t="241" w="430" /><ent r="4" t="241" w="469" /><ent r="4" t="241" w="530" /><ent r="4" t="241" w="542" /><ent r="4" t="241" w="562" /></phr></stem><stem n=".add(listtopage(i))"><phr n=".Add(listToPage(i))"><ent r="4" t="241" w="475" /></phr></stem><stem n="pagingutility.vb"><phr n="PagingUtility.vb"><ent r="4" t="241" w="569" /><ent r="4" t="241" w="568" /></phr></stem><stem n="result-set"><phr n="result-sets"><ent r="3" t="241" w="592" /></phr></stem><stem n="ilist&lt;storeditems&gt;"><phr n="IList&lt;StoredItems&gt;"><ent r="4" t="241" w="597" /><ent r="4" t="241" w="601" /></phr></stem><stem n="queryresult"><phr n="queryResult"><ent r="4" t="241" w="598" /><ent r="4" t="241" w="605" /><ent r="4" t="241" w="624" /><ent r="4" t="241" w="647" /></phr></stem><stem n="container.query&lt;storeditems&gt;"><phr n="container.Query&lt;StoredItems&gt;"><ent r="4" t="241" w="600" /><ent r="4" t="241" w="599" /></phr></stem><stem n="query&lt;storeditems&gt;"><phr n="Query&lt;StoredItems&gt;"><ent r="4" t="241" w="600" /></phr></stem><stem n=".query&lt;storeditems&gt;();"><phr n=".Query&lt;StoredItems&gt;();"><ent r="4" t="241" w="601" /></phr></stem><stem n="pagedresult"><phr n="pagedResult"><ent r="4" t="241" w="602" /><ent r="4" t="241" w="638" /></phr></stem><stem n="pagingutility.pag"><phr n="PagingUtility.Paging"><ent r="4" t="241" w="604" /><ent r="4" t="241" w="603" /><ent r="4" t="241" w="646" /><ent r="4" t="241" w="645" /></phr></stem><stem n=".paging(queryresult,"><phr n=".Paging(queryResult,"><ent r="4" t="241" w="606" /><ent r="4" t="241" w="648" /></phr></stem><stem n="testpagingutil"><phr n="TestPagingUtility"><ent r="4" t="241" w="609" /><ent r="4" t="241" w="651" /></phr></stem><stem n="testpagingutility.c"><phr n="TestPagingUtility.cs"><ent r="4" t="241" w="610" /><ent r="4" t="241" w="609" /></phr></stem><stem n="storeditem"><phr n="StoredItems"><ent r="4" t="241" w="630" /><ent r="4" t="241" w="634" /><ent r="4" t="241" w="644" /></phr></stem><stem n="testpagingutility.vb"><phr n="TestPagingUtility.vb"><ent r="4" t="241" w="652" /><ent r="4" t="241" w="651" /></phr></stem><stem n="procedur"><phr n="procedure"><ent r="3" t="242" w="51" /><ent r="92" t="242" w="69" /></phr></stem><stem n="newest"><phr n="newest"><ent r="3" t="242" w="59" /><ent r="3" t="293" w="43" /></phr></stem><stem n="safest"><phr n="safest"><ent r="92" t="242" w="67" /></phr></stem><stem n="vital"><phr n="vital"><ent r="3" t="243" w="95" /></phr></stem><stem n="succeed"><phr n="succeeding"><ent r="3" t="243" w="188" /></phr></stem><stem n="wizard"><phr n="wizard"><ent r="3" t="243" w="285" /></phr><phr n="Wizard"><ent r="3" t="262" w="80" /></phr></stem><stem n="catastroph"><phr n="catastrophic"><ent r="3" t="244" w="20" /></phr></stem><stem n="deleted-flag"><phr n="deleted-flag"><ent r="3" t="244" w="47" /><ent r="3" t="244" w="96" /></phr></stem><stem n="undo"><phr n="undo"><ent r="3" t="244" w="62" /></phr></stem><stem n="honor"><phr n="honor"><ent r="3" t="244" w="94" /></phr></stem><stem n="handledeleteev"><phr n="HandleDeleteEvent"><ent r="4" t="244" w="127" /><ent r="4" t="244" w="300" /></phr></stem><stem n="deletion-flag"><phr n="deletion-flag"><ent r="5" t="244" w="162" /><ent r="5" t="244" w="242" /></phr><phr n="Deletion-Flag"><ent r="4" t="244" w="273" /><ent r="4" t="244" w="304" /></phr></stem><stem n="-flag:"><phr n="-flag:"><ent r="5" t="244" w="164" /><ent r="5" t="244" w="164" /><ent r="5" t="244" w="244" /><ent r="5" t="244" w="244" /></phr></stem><stem n=").delete()"><phr n=").Delete()"><ent r="4" t="244" w="191" /></phr></stem><stem n=".objectcontainer().store(obj)"><phr n=".ObjectContainer().Store(obj)"><ent r="4" t="244" w="195" /></phr></stem><stem n="deletionstrategi"><phr n="DeletionStrategies"><ent r="4" t="244" w="206" /><ent r="4" t="244" w="271" /><ent r="4" t="244" w="302" /></phr></stem><stem n="deletionstrategies.vb"><phr n="DeletionStrategies.vb"><ent r="4" t="244" w="207" /><ent r="4" t="244" w="206" /><ent r="4" t="244" w="303" /><ent r="4" t="244" w="302" /></phr></stem><stem n="(sender,"><phr n="(sender,"><ent r="4" t="244" w="228" /></phr></stem><stem n="((deletable)"><phr n="((Deletable)"><ent r="4" t="244" w="262" /></phr></stem><stem n=").delete();"><phr n=").Delete();"><ent r="4" t="244" w="264" /></phr></stem><stem n=".objectcontainer().store(obj);"><phr n=".ObjectContainer().Store(obj);"><ent r="4" t="244" w="268" /></phr></stem><stem n="deletionstrategies.c"><phr n="DeletionStrategies.cs"><ent r="4" t="244" w="272" /><ent r="4" t="244" w="271" /></phr></stem><stem n="wise"><phr n="Wisely"><ent r="92" t="244" w="405" /></phr><phr n="wisely"><ent r="4" t="274" w="345" /></phr></stem><stem n="said"><phr n="said"><ent r="3" t="244" w="431" /></phr></stem><stem n="extreamli"><phr n="extreamly"><ent r="3" t="244" w="444" /></phr></stem><stem n="consciou"><phr n="conscious"><ent r="3" t="244" w="445" /></phr></stem><stem n="composit"><phr n="composition"><ent r="3" t="244" w="459" /></phr></stem><stem n="children"><phr n="children"><ent r="3" t="244" w="467" /></phr></stem><stem n="varieti"><phr n="variety"><ent r="3" t="245" w="17" /><ent r="3" t="272" w="46" /><ent r="3" t="303" w="248" /></phr></stem><stem n="virtual"><phr n="virtual"><ent r="3" t="245" w="23" /></phr></stem><stem n="compactframework"><phr n="CompactFramework"><ent r="4" t="245" w="62" /></phr></stem><stem n="smartphon"><phr n="smartphones"><ent r="3" t="245" w="96" /></phr></stem><stem n="photocopi"><phr n="photocopiers"><ent r="3" t="245" w="97" /></phr></stem><stem n="(includ"><phr n="(including"><ent r="3" t="245" w="103" /></phr></stem><stem n=".net)"><phr n=".Net)"><ent r="4" t="245" w="132" /></phr></stem><stem n="linux"><phr n="Linux"><ent r="4" t="245" w="133" /><ent r="3" t="268" w="354" /></phr></stem><stem n="ce"><phr n="CE"><ent r="4" t="245" w="147" /></phr></stem><stem n="(.net"><phr n="(.NET"><ent r="4" t="245" w="151" /></phr></stem><stem n="asp"><phr n="ASP"><ent r="67" t="245" w="204" /><ent r="100" t="255" w="7" /><ent r="100" t="255" w="10" /><ent r="126" t="255" w="134" /><ent r="64" t="255" w="153" /><ent r="4" t="255" w="165" /><ent r="65" t="255" w="172" /><ent r="4" t="255" w="183" /><ent r="65" t="255" w="194" /><ent r="1000" t="257" w="1" /><ent r="102" t="257" w="6" /><ent r="65" t="257" w="171" /><ent r="1000" t="258" w="1" /><ent r="102" t="258" w="5" /><ent r="65" t="258" w="32" /><ent r="4" t="258" w="59" /><ent r="1000" t="259" w="1" /><ent r="102" t="259" w="6" /><ent r="65" t="259" w="17" /><ent r="4" t="259" w="103" /><ent r="5" t="259" w="163" /><ent r="5" t="259" w="190" /><ent r="1000" t="260" w="1" /><ent r="102" t="260" w="6" /><ent r="65" t="260" w="26" /><ent r="4" t="260" w="48" /><ent r="65" t="267" w="99" /><ent r="1000" t="271" w="1" /><ent r="102" t="271" w="4" /><ent r="64" t="271" w="18" /></phr></stem><stem n="asp.net"><phr n="ASP.NET"><ent r="67" t="245" w="205" /><ent r="67" t="245" w="204" /><ent r="100" t="255" w="8" /><ent r="100" t="255" w="7" /><ent r="100" t="255" w="11" /><ent r="100" t="255" w="10" /><ent r="126" t="255" w="135" /><ent r="126" t="255" w="134" /><ent r="64" t="255" w="154" /><ent r="64" t="255" w="153" /><ent r="4" t="255" w="166" /><ent r="4" t="255" w="165" /><ent r="65" t="255" w="173" /><ent r="65" t="255" w="172" /><ent r="4" t="255" w="184" /><ent r="4" t="255" w="183" /><ent r="65" t="255" w="195" /><ent r="65" t="255" w="194" /><ent r="1000" t="257" w="2" /><ent r="1000" t="257" w="1" /><ent r="102" t="257" w="7" /><ent r="102" t="257" w="6" /><ent r="65" t="257" w="172" /><ent r="65" t="257" w="171" /><ent r="1000" t="258" w="2" /><ent r="1000" t="258" w="1" /><ent r="102" t="258" w="6" /><ent r="102" t="258" w="5" /><ent r="65" t="258" w="33" /><ent r="65" t="258" w="32" /><ent r="4" t="258" w="60" /><ent r="4" t="258" w="59" /><ent r="1000" t="259" w="2" /><ent r="1000" t="259" w="1" /><ent r="102" t="259" w="7" /><ent r="102" t="259" w="6" /><ent r="65" t="259" w="18" /><ent r="65" t="259" w="17" /><ent r="5" t="259" w="164" /><ent r="5" t="259" w="163" /><ent r="5" t="259" w="191" /><ent r="5" t="259" w="190" /><ent r="1000" t="260" w="2" /><ent r="1000" t="260" w="1" /><ent r="102" t="260" w="7" /><ent r="102" t="260" w="6" /><ent r="65" t="260" w="27" /><ent r="65" t="260" w="26" /><ent r="4" t="260" w="49" /><ent r="4" t="260" w="48" /><ent r="1000" t="271" w="2" /><ent r="1000" t="271" w="1" /><ent r="102" t="271" w="5" /><ent r="102" t="271" w="4" /><ent r="64" t="271" w="19" /><ent r="64" t="271" w="18" /></phr></stem><stem n="-export"><phr n="-Export"><ent r="67" t="245" w="208" /><ent r="67" t="245" w="208" /><ent r="1000" t="272" w="2" /><ent r="1000" t="272" w="2" /><ent r="102" t="272" w="8" /><ent r="102" t="272" w="8" /></phr><phr n="-export"><ent r="3" t="306" w="459" /><ent r="3" t="306" w="459" /></phr></stem><stem n="import-export"><phr n="Import-Export"><ent r="67" t="245" w="208" /><ent r="1000" t="272" w="2" /><ent r="102" t="272" w="8" /></phr></stem><stem n="export"><phr n="Export"><ent r="67" t="245" w="209" /><ent r="92" t="261" w="236" /><ent r="1000" t="272" w="3" /><ent r="102" t="272" w="9" /></phr><phr n="export"><ent r="3" t="261" w="247" /><ent r="3" t="272" w="42" /><ent r="3" t="272" w="58" /><ent r="3" t="272" w="320" /><ent r="3" t="306" w="459" /></phr></stem><stem n=":disconnect"><phr n=":Disconnected"><ent r="100" t="246" w="8" /></phr></stem><stem n="-scenario"><phr n="-scenarios"><ent r="3" t="246" w="102" /><ent r="3" t="246" w="102" /></phr></stem><stem n="web-scenario"><phr n="web-scenarios"><ent r="3" t="246" w="102" /></phr></stem><stem n="web-servic"><phr n="web-services"><ent r="3" t="246" w="105" /></phr></stem><stem n="-services,"><phr n="-services,"><ent r="3" t="246" w="107" /><ent r="3" t="246" w="107" /></phr></stem><stem n="requests-"><phr n="requests-"><ent r="3" t="246" w="127" /></phr></stem><stem n="object-container-boundari"><phr n="object-container-boundaries"><ent r="3" t="246" w="130" /></phr></stem><stem n="container-boundari"><phr n="container-boundaries"><ent r="3" t="246" w="131" /></phr></stem><stem n="boundari"><phr n="boundaries"><ent r="3" t="246" w="132" /><ent r="3" t="246" w="185" /></phr><phr n="boundary"><ent r="3" t="247" w="29" /></phr></stem><stem n="-container-boundaries."><phr n="-container-boundaries."><ent r="3" t="246" w="133" /><ent r="3" t="246" w="134" /></phr></stem><stem n="ids-field"><phr n="ids-fields"><ent r="3" t="246" w="154" /></phr></stem><stem n="&quot;merg"><phr n="&quot;Merging"><ent r="64" t="246" w="212" /><ent r="64" t="260" w="362" /></phr></stem><stem n="&quot;intern"><phr n="&quot;Internal"><ent r="64" t="247" w="57" /></phr></stem><stem n="&quot;exampl"><phr n="&quot;Example"><ent r="64" t="247" w="68" /><ent r="64" t="247" w="130" /><ent r="64" t="247" w="227" /><ent r="64" t="247" w="321" /><ent r="64" t="252" w="101" /><ent r="64" t="253" w="340" /></phr></stem><stem n="worldwid"><phr n="worldwide"><ent r="8" t="247" w="142" /><ent r="8" t="247" w="239" /></phr></stem><stem n="portabl"><phr n="portable"><ent r="8" t="247" w="250" /></phr></stem><stem n="id-gener"><phr n="ID-Generator"><ent r="92" t="247" w="278" /><ent r="3" t="247" w="294" /><ent r="64" t="247" w="322" /><ent r="8" t="247" w="363" /><ent r="1000" t="251" w="2" /><ent r="102" t="251" w="6" /><ent r="3" t="251" w="240" /></phr><phr n="ID-generator"><ent r="3" t="251" w="17" /></phr><phr n="ID-generators"><ent r="3" t="251" w="32" /></phr><phr n="id-generator"><ent r="3" t="251" w="278" /></phr></stem><stem n="-generator&quot;"><phr n="-Generator&quot;"><ent r="64" t="247" w="324" /><ent r="64" t="247" w="324" /></phr></stem><stem n="familiar"><phr n="Familiar"><ent r="8" t="247" w="335" /></phr><phr n="familiar"><ent r="3" t="301" w="72" /></phr><phr n="familiarize"><ent r="3" t="307" w="21" /></phr></stem><stem n="-world."><phr n="-world."><ent r="8" t="247" w="348" /><ent r="8" t="247" w="348" /></phr></stem><stem n="-generator."><phr n="-Generator."><ent r="8" t="247" w="365" /><ent r="8" t="247" w="365" /><ent r="3" t="251" w="242" /><ent r="3" t="251" w="242" /></phr><phr n="-generator."><ent r="3" t="251" w="280" /><ent r="3" t="251" w="280" /></phr></stem><stem n="trivial"><phr n="trivial"><ent r="8" t="247" w="368" /></phr></stem><stem n="-uuids:"><phr n="-UUIDs:"><ent r="3" t="249" w="33" /><ent r="3" t="249" w="33" /></phr></stem><stem n="guid.newguid"><phr n="Guid.NewGuid"><ent r="4" t="250" w="72" /><ent r="4" t="250" w="71" /><ent r="4" t="250" w="108" /><ent r="4" t="250" w="107" /></phr></stem><stem n="newguid"><phr n="NewGuid"><ent r="4" t="250" w="72" /><ent r="4" t="250" w="108" /></phr></stem><stem n=".newguid();"><phr n=".NewGuid();"><ent r="4" t="250" w="73" /></phr></stem><stem n="objectid"><phr n="ObjectId"><ent r="4" t="250" w="77" /><ent r="4" t="250" w="116" /><ent r="4" t="250" w="247" /><ent r="4" t="250" w="282" /><ent r="4" t="250" w="324" /><ent r="4" t="250" w="365" /><ent r="4" t="254" w="87" /><ent r="4" t="254" w="130" /><ent r="4" t="254" w="133" /><ent r="4" t="254" w="213" /><ent r="4" t="254" w="267" /><ent r="4" t="254" w="272" /></phr></stem><stem n=".newguid()"><phr n=".NewGuid()"><ent r="4" t="250" w="109" /></phr></stem><stem n="-field,"><phr n="-field,"><ent r="3" t="250" w="156" /><ent r="3" t="250" w="156" /></phr></stem><stem n="&quot;guid&quot;"><phr n="&quot;guid&quot;"><ent r="5" t="250" w="177" /><ent r="5" t="250" w="206" /></phr></stem><stem n="uuidonobject"><phr n="UuidOnObject"><ent r="4" t="250" w="183" /><ent r="4" t="250" w="212" /><ent r="4" t="250" w="249" /><ent r="4" t="250" w="284" /><ent r="4" t="250" w="333" /><ent r="4" t="250" w="372" /></phr></stem><stem n="uuidonobject.c"><phr n="UuidOnObject.cs"><ent r="4" t="250" w="184" /><ent r="4" t="250" w="183" /><ent r="4" t="250" w="250" /><ent r="4" t="250" w="249" /><ent r="4" t="250" w="334" /><ent r="4" t="250" w="333" /></phr></stem><stem n="uuid-field"><phr n="uuid-field"><ent r="4" t="250" w="187" /><ent r="4" t="250" w="216" /></phr></stem><stem n="uuidonobject.vb"><phr n="UuidOnObject.vb"><ent r="4" t="250" w="213" /><ent r="4" t="250" w="212" /><ent r="4" t="250" w="285" /><ent r="4" t="250" w="284" /><ent r="4" t="250" w="373" /><ent r="4" t="250" w="372" /></phr></stem><stem n="uuidhold"><phr n="uuidHolder"><ent r="4" t="250" w="241" /><ent r="4" t="250" w="246" /><ent r="4" t="250" w="263" /><ent r="4" t="250" w="281" /></phr></stem><stem n="(idholder)"><phr n="(IDHolder)"><ent r="4" t="250" w="243" /><ent r="4" t="251" w="429" /></phr></stem><stem n="uuidholder.objectid"><phr n="uuidHolder.ObjectId"><ent r="4" t="250" w="247" /><ent r="4" t="250" w="246" /><ent r="4" t="250" w="282" /><ent r="4" t="250" w="281" /></phr></stem><stem n=".objectid;"><phr n=".ObjectId;"><ent r="4" t="250" w="248" /></phr></stem><stem n=".objectid"><phr n=".ObjectId"><ent r="4" t="250" w="282" /></phr></stem><stem n="o.objectid"><phr n="o.ObjectId"><ent r="4" t="250" w="324" /><ent r="4" t="250" w="323" /><ent r="4" t="250" w="365" /><ent r="4" t="250" w="364" /></phr></stem><stem n="o.objectid.equ"><phr n="o.ObjectId.Equals"><ent r="4" t="250" w="325" /><ent r="4" t="250" w="323" /></phr></stem><stem n=".objectid.equals(idforobject)"><phr n=".ObjectId.Equals(idForObject)"><ent r="4" t="250" w="327" /></phr></stem><stem n=").single();"><phr n=").Single();"><ent r="4" t="250" w="332" /><ent r="4" t="251" w="520" /></phr></stem></index>