﻿<?xml version="1.0" encoding="utf-8"?><index><stem n="importantexceptioncas"><phr n="ImportantExceptionCases"><ent r="6" t="128" w="99" /><ent r="6" t="128" w="157" /><ent r="6" t="128" w="221" /><ent r="6" t="128" w="287" /><ent r="6" t="128" w="362" /><ent r="6" t="128" w="426" /></phr></stem><stem n="importantexceptioncases.c"><phr n="ImportantExceptionCases.cs"><ent r="6" t="128" w="100" /><ent r="6" t="128" w="99" /><ent r="6" t="128" w="222" /><ent r="6" t="128" w="221" /><ent r="6" t="128" w="363" /><ent r="6" t="128" w="362" /></phr></stem><stem n="importantexceptioncases.vb"><phr n="ImportantExceptionCases.vb"><ent r="6" t="128" w="158" /><ent r="6" t="128" w="157" /><ent r="6" t="128" w="288" /><ent r="6" t="128" w="287" /><ent r="6" t="128" w="427" /><ent r="6" t="128" w="426" /></phr></stem><stem n="db4oclientserver.opencli"><phr n="Db4oClientServer.OpenClient"><ent r="6" t="128" w="185" /><ent r="6" t="128" w="184" /><ent r="6" t="128" w="245" /><ent r="6" t="128" w="244" /><ent r="4" t="142" w="342" /><ent r="4" t="142" w="341" /><ent r="4" t="142" w="391" /><ent r="4" t="142" w="390" /><ent r="4" t="226" w="293" /><ent r="4" t="226" w="292" /><ent r="4" t="226" w="333" /><ent r="4" t="226" w="332" /><ent r="4" t="233" w="248" /><ent r="4" t="233" w="247" /><ent r="4" t="233" w="278" /><ent r="4" t="233" w="277" /><ent r="4" t="236" w="753" /><ent r="4" t="236" w="752" /><ent r="4" t="236" w="807" /><ent r="4" t="236" w="806" /></phr></stem><stem n="opencli"><phr n="OpenClient"><ent r="6" t="128" w="185" /><ent r="6" t="128" w="245" /><ent r="4" t="142" w="342" /><ent r="4" t="142" w="391" /><ent r="4" t="226" w="293" /><ent r="4" t="226" w="333" /><ent r="4" t="229" w="121" /><ent r="4" t="229" w="187" /><ent r="4" t="233" w="248" /><ent r="4" t="233" w="278" /><ent r="4" t="236" w="753" /><ent r="4" t="236" w="807" /><ent r="4" t="256" w="271" /><ent r="4" t="256" w="337" /></phr></stem><stem n=".openclient("><phr n=".OpenClient("><ent r="6" t="128" w="186" /><ent r="6" t="128" w="246" /><ent r="4" t="226" w="294" /><ent r="4" t="226" w="334" /><ent r="4" t="233" w="249" /><ent r="4" t="233" w="279" /></phr></stem><stem n="localhost"><phr n="localhost"><ent r="7" t="128" w="187" /><ent r="7" t="128" w="247" /><ent r="5" t="142" w="345" /><ent r="5" t="142" w="394" /><ent r="5" t="226" w="295" /><ent r="5" t="226" w="335" /><ent r="5" t="233" w="250" /><ent r="5" t="233" w="280" /><ent r="5" t="236" w="756" /><ent r="5" t="236" w="810" /><ent r="5" t="265" w="801" /></phr></stem><stem n="&quot;localhost&quot;"><phr n="&quot;localhost&quot;"><ent r="7" t="128" w="188" /><ent r="7" t="128" w="248" /><ent r="5" t="142" w="346" /><ent r="5" t="142" w="395" /><ent r="5" t="226" w="296" /><ent r="5" t="226" w="336" /><ent r="5" t="233" w="251" /><ent r="5" t="233" w="281" /><ent r="5" t="236" w="757" /><ent r="5" t="236" w="811" /></phr></stem><stem n="1337"><phr n="1337"><ent r="6" t="128" w="189" /><ent r="6" t="128" w="249" /><ent r="4" t="142" w="246" /><ent r="4" t="142" w="289" /><ent r="4" t="142" w="347" /><ent r="4" t="142" w="396" /></phr></stem><stem n="sa"><phr n="sa"><ent r="7" t="128" w="191" /><ent r="7" t="128" w="194" /><ent r="7" t="128" w="251" /><ent r="7" t="128" w="254" /></phr></stem><stem n="&quot;sa&quot;"><phr n="&quot;sa&quot;"><ent r="7" t="128" w="192" /><ent r="7" t="128" w="195" /><ent r="7" t="128" w="252" /><ent r="7" t="128" w="255" /></phr></stem><stem n="(db4oioexcept"><phr n="(Db4oIOException"><ent r="6" t="128" w="199" /></phr></stem><stem n="db4oioexcept"><phr n="Db4oIOException"><ent r="6" t="128" w="199" /><ent r="6" t="128" w="263" /></phr></stem><stem n="connection-set"><phr n="connection-settings"><ent r="7" t="128" w="212" /><ent r="7" t="128" w="275" /></phr></stem><stem n="-uniqu"><phr n="-unique"><ent r="66" t="128" w="304" /><ent r="66" t="128" w="304" /></phr></stem><stem n="db4o-uniqu"><phr n="db4o-unique"><ent r="66" t="128" w="304" /></phr></stem><stem n="unique-constraint"><phr n="unique-constraint"><ent r="7" t="128" w="346" /><ent r="7" t="128" w="406" /></phr></stem><stem n="-constraint!"><phr n="-constraint!"><ent r="7" t="128" w="348" /><ent r="7" t="128" w="348" /><ent r="7" t="128" w="408" /><ent r="7" t="128" w="408" /></phr></stem><stem n="retri"><phr n="Retry"><ent r="7" t="128" w="349" /><ent r="7" t="128" w="409" /></phr></stem><stem n="clr"><phr n="CLR"><ent r="4" t="129" w="26" /><ent r="4" t="129" w="55" /><ent r="4" t="149" w="28" /><ent r="3" t="245" w="27" /></phr></stem><stem n="descript"><phr n="description"><ent r="3" t="129" w="47" /><ent r="3" t="272" w="558" /><ent r="3" t="307" w="124" /></phr></stem><stem n="programm"><phr n="programmer"><ent r="3" t="129" w="66" /></phr></stem><stem n="configuration.common.reflectwith"><phr n="configuration.Common.ReflectWith"><ent r="4" t="129" w="119" /><ent r="4" t="129" w="117" /><ent r="4" t="129" w="148" /><ent r="4" t="129" w="146" /><ent r="4" t="168" w="109" /><ent r="4" t="168" w="107" /><ent r="4" t="168" w="138" /><ent r="4" t="168" w="136" /></phr></stem><stem n="reflectwith"><phr n="ReflectWith"><ent r="4" t="129" w="119" /><ent r="4" t="129" w="148" /><ent r="68" t="143" w="338" /><ent r="4" t="168" w="109" /><ent r="4" t="168" w="138" /></phr></stem><stem n=".common.reflectwith("><phr n=".Common.ReflectWith("><ent r="4" t="129" w="120" /><ent r="4" t="129" w="149" /><ent r="4" t="168" w="110" /><ent r="4" t="168" w="139" /></phr></stem><stem n="fastnetreflector"><phr n="FastNetReflector"><ent r="4" t="129" w="123" /><ent r="4" t="129" w="152" /><ent r="5" t="129" w="189" /><ent r="5" t="168" w="68" /><ent r="4" t="168" w="113" /><ent r="4" t="168" w="142" /></phr></stem><stem n="commonconfigurationexampl"><phr n="CommonConfigurationExamples"><ent r="4" t="129" w="125" /><ent r="4" t="129" w="154" /><ent r="4" t="140" w="63" /><ent r="4" t="140" w="94" /><ent r="4" t="145" w="61" /><ent r="4" t="145" w="87" /><ent r="4" t="146" w="93" /><ent r="4" t="146" w="120" /><ent r="4" t="148" w="99" /><ent r="4" t="148" w="151" /><ent r="4" t="149" w="89" /><ent r="4" t="149" w="116" /><ent r="4" t="150" w="192" /><ent r="4" t="150" w="220" /><ent r="4" t="151" w="97" /><ent r="4" t="151" w="123" /><ent r="4" t="152" w="100" /><ent r="4" t="152" w="126" /><ent r="4" t="153" w="121" /><ent r="4" t="153" w="148" /><ent r="4" t="154" w="36" /><ent r="4" t="154" w="67" /><ent r="4" t="155" w="60" /><ent r="4" t="155" w="90" /><ent r="4" t="156" w="40" /><ent r="4" t="156" w="66" /><ent r="4" t="157" w="55" /><ent r="4" t="157" w="87" /><ent r="4" t="158" w="62" /><ent r="4" t="158" w="89" /><ent r="4" t="159" w="60" /><ent r="4" t="159" w="87" /><ent r="4" t="160" w="41" /><ent r="4" t="160" w="74" /><ent r="4" t="161" w="71" /><ent r="4" t="161" w="101" /><ent r="4" t="163" w="47" /><ent r="4" t="163" w="75" /><ent r="4" t="164" w="142" /><ent r="4" t="164" w="171" /><ent r="4" t="168" w="115" /><ent r="4" t="168" w="144" /><ent r="4" t="169" w="159" /><ent r="4" t="169" w="187" /><ent r="4" t="170" w="80" /><ent r="4" t="170" w="109" /><ent r="4" t="171" w="54" /><ent r="4" t="171" w="83" /><ent r="4" t="172" w="72" /><ent r="4" t="172" w="99" /></phr></stem><stem n="commonconfigurationexamples.c"><phr n="CommonConfigurationExamples.cs"><ent r="4" t="129" w="126" /><ent r="4" t="129" w="125" /><ent r="4" t="140" w="64" /><ent r="4" t="140" w="63" /><ent r="4" t="145" w="62" /><ent r="4" t="145" w="61" /><ent r="4" t="146" w="94" /><ent r="4" t="146" w="93" /><ent r="4" t="148" w="100" /><ent r="4" t="148" w="99" /><ent r="4" t="149" w="90" /><ent r="4" t="149" w="89" /><ent r="4" t="150" w="193" /><ent r="4" t="150" w="192" /><ent r="4" t="151" w="98" /><ent r="4" t="151" w="97" /><ent r="4" t="152" w="101" /><ent r="4" t="152" w="100" /><ent r="4" t="153" w="122" /><ent r="4" t="153" w="121" /><ent r="4" t="154" w="37" /><ent r="4" t="154" w="36" /><ent r="4" t="155" w="61" /><ent r="4" t="155" w="60" /><ent r="4" t="156" w="41" /><ent r="4" t="156" w="40" /><ent r="4" t="157" w="56" /><ent r="4" t="157" w="55" /><ent r="4" t="158" w="63" /><ent r="4" t="158" w="62" /><ent r="4" t="159" w="61" /><ent r="4" t="159" w="60" /><ent r="4" t="160" w="42" /><ent r="4" t="160" w="41" /><ent r="4" t="161" w="72" /><ent r="4" t="161" w="71" /><ent r="4" t="163" w="48" /><ent r="4" t="163" w="47" /><ent r="4" t="164" w="143" /><ent r="4" t="164" w="142" /><ent r="4" t="168" w="116" /><ent r="4" t="168" w="115" /><ent r="4" t="169" w="160" /><ent r="4" t="169" w="159" /><ent r="4" t="170" w="81" /><ent r="4" t="170" w="80" /><ent r="4" t="171" w="55" /><ent r="4" t="171" w="54" /><ent r="4" t="172" w="73" /><ent r="4" t="172" w="72" /></phr></stem><stem n="commonconfigurationexamples.vb"><phr n="CommonConfigurationExamples.vb"><ent r="4" t="129" w="155" /><ent r="4" t="129" w="154" /><ent r="4" t="140" w="95" /><ent r="4" t="140" w="94" /><ent r="4" t="145" w="88" /><ent r="4" t="145" w="87" /><ent r="4" t="146" w="121" /><ent r="4" t="146" w="120" /><ent r="4" t="148" w="152" /><ent r="4" t="148" w="151" /><ent r="4" t="149" w="117" /><ent r="4" t="149" w="116" /><ent r="4" t="150" w="221" /><ent r="4" t="150" w="220" /><ent r="4" t="151" w="124" /><ent r="4" t="151" w="123" /><ent r="4" t="152" w="127" /><ent r="4" t="152" w="126" /><ent r="4" t="153" w="149" /><ent r="4" t="153" w="148" /><ent r="4" t="154" w="68" /><ent r="4" t="154" w="67" /><ent r="4" t="155" w="91" /><ent r="4" t="155" w="90" /><ent r="4" t="156" w="67" /><ent r="4" t="156" w="66" /><ent r="4" t="157" w="88" /><ent r="4" t="157" w="87" /><ent r="4" t="158" w="90" /><ent r="4" t="158" w="89" /><ent r="4" t="159" w="88" /><ent r="4" t="159" w="87" /><ent r="4" t="160" w="75" /><ent r="4" t="160" w="74" /><ent r="4" t="161" w="102" /><ent r="4" t="161" w="101" /><ent r="4" t="163" w="76" /><ent r="4" t="163" w="75" /><ent r="4" t="164" w="172" /><ent r="4" t="164" w="171" /><ent r="4" t="168" w="145" /><ent r="4" t="168" w="144" /><ent r="4" t="169" w="188" /><ent r="4" t="169" w="187" /><ent r="4" t="170" w="110" /><ent r="4" t="170" w="109" /><ent r="4" t="171" w="84" /><ent r="4" t="171" w="83" /><ent r="4" t="172" w="100" /><ent r="4" t="172" w="99" /></phr></stem><stem n="netreflector"><phr n="NetReflector"><ent r="5" t="129" w="173" /><ent r="4" t="129" w="210" /><ent r="4" t="130" w="17" /><ent r="4" t="130" w="107" /><ent r="4" t="130" w="300" /><ent r="5" t="168" w="52" /><ent r="4" t="168" w="89" /></phr></stem><stem n="inspect"><phr n="inspecting"><ent r="4" t="129" w="184" /><ent r="4" t="168" w="63" /></phr><phr n="inspect"><ent r="3" t="168" w="29" /><ent r="3" t="266" w="200" /></phr></stem><stem n="-code"><phr n="-code"><ent r="4" t="129" w="196" /><ent r="4" t="129" w="196" /><ent r="4" t="168" w="75" /><ent r="4" t="168" w="75" /><ent r="4" t="294" w="169" /><ent r="4" t="294" w="169" /><ent r="3" t="302" w="53" /><ent r="3" t="302" w="53" /><ent r="3" t="304" w="70" /><ent r="3" t="304" w="70" /></phr></stem><stem n="access-cod"><phr n="access-code"><ent r="4" t="129" w="196" /><ent r="4" t="168" w="75" /></phr></stem><stem n="-consumpt"><phr n="-consumption"><ent r="4" t="129" w="216" /><ent r="4" t="129" w="216" /><ent r="4" t="168" w="95" /><ent r="4" t="168" w="95" /></phr></stem><stem n="memory-consumpt"><phr n="memory-consumption"><ent r="4" t="129" w="216" /><ent r="4" t="168" w="95" /></phr></stem><stem n="&quot;creat"><phr n="&quot;Creating"><ent r="64" t="129" w="240" /></phr><phr n="&quot;Create"><ent r="3" t="307" w="35" /></phr></stem><stem n="genericreflector"><phr n="GenericReflector"><ent r="64" t="129" w="264" /><ent r="1000" t="131" w="1" /><ent r="102" t="131" w="3" /><ent r="64" t="231" w="48" /><ent r="3" t="231" w="60" /></phr></stem><stem n="&quot;genericreflector&quot;"><phr n="&quot;GenericReflector&quot;"><ent r="64" t="129" w="265" /></phr></stem><stem n="log"><phr n="logging"><ent r="3" t="130" w="64" /><ent r="6" t="143" w="266" /><ent r="3" t="193" w="46" /><ent r="4" t="193" w="338" /><ent r="6" t="313" w="273" /></phr><phr n="Logging"><ent r="4" t="130" w="258" /><ent r="4" t="130" w="616" /><ent r="1000" t="193" w="1" /><ent r="102" t="193" w="4" /></phr><phr n="log"><ent r="6" t="143" w="323" /><ent r="3" t="193" w="20" /><ent r="4" t="193" w="134" /><ent r="4" t="193" w="157" /><ent r="4" t="193" w="178" /><ent r="4" t="193" w="217" /><ent r="4" t="193" w="255" /><ent r="4" t="193" w="384" /><ent r="4" t="193" w="413" /><ent r="4" t="193" w="437" /><ent r="4" t="193" w="487" /><ent r="4" t="193" w="534" /><ent r="3" t="261" w="191" /></phr></stem><stem n="loggerreflector"><phr n="LoggerReflector"><ent r="4" t="130" w="87" /><ent r="4" t="130" w="99" /><ent r="4" t="130" w="111" /><ent r="4" t="130" w="250" /><ent r="4" t="130" w="271" /><ent r="4" t="130" w="597" /></phr></stem><stem n="ireflector"><phr n="IReflector"><ent r="4" t="130" w="88" /><ent r="4" t="130" w="94" /><ent r="4" t="130" w="112" /><ent r="4" t="130" w="230" /><ent r="4" t="130" w="251" /><ent r="4" t="130" w="275" /><ent r="4" t="130" w="285" /><ent r="4" t="130" w="319" /><ent r="4" t="130" w="346" /><ent r="4" t="130" w="368" /><ent r="4" t="130" w="400" /><ent r="4" t="130" w="442" /><ent r="4" t="130" w="484" /><ent r="4" t="130" w="529" /><ent r="4" t="130" w="554" /><ent r="4" t="130" w="558" /><ent r="4" t="130" w="590" /><ent r="4" t="130" w="604" /></phr></stem><stem n="readreflector"><phr n="readReflector"><ent r="4" t="130" w="95" /><ent r="4" t="130" w="103" /><ent r="4" t="130" w="113" /><ent r="4" t="130" w="117" /><ent r="4" t="130" w="118" /><ent r="4" t="130" w="127" /><ent r="4" t="130" w="138" /><ent r="4" t="130" w="158" /><ent r="4" t="130" w="181" /><ent r="4" t="130" w="207" /><ent r="4" t="130" w="221" /><ent r="4" t="130" w="232" /><ent r="4" t="130" w="252" /><ent r="4" t="130" w="281" /><ent r="4" t="130" w="296" /><ent r="4" t="130" w="315" /><ent r="4" t="130" w="323" /><ent r="4" t="130" w="324" /><ent r="4" t="130" w="348" /><ent r="4" t="130" w="373" /><ent r="4" t="130" w="413" /><ent r="4" t="130" w="455" /><ent r="4" t="130" w="500" /><ent r="4" t="130" w="534" /><ent r="4" t="130" w="560" /><ent r="4" t="130" w="601" /></phr></stem><stem n=".readreflector"><phr n=".readReflector"><ent r="4" t="130" w="103" /><ent r="4" t="130" w="117" /><ent r="4" t="130" w="296" /><ent r="4" t="130" w="323" /></phr></stem><stem n="(ireflector"><phr n="(IReflector"><ent r="4" t="130" w="112" /><ent r="4" t="130" w="230" /></phr></stem><stem n="(ireflectorconfigur"><phr n="(IReflectorConfiguration"><ent r="4" t="130" w="125" /></phr></stem><stem n="ireflectorconfigur"><phr n="IReflectorConfiguration"><ent r="4" t="130" w="125" /><ent r="4" t="130" w="342" /></phr></stem><stem n="reflectorconfigur"><phr n="reflectorConfiguration"><ent r="4" t="130" w="126" /><ent r="4" t="130" w="129" /><ent r="4" t="130" w="338" /><ent r="4" t="130" w="350" /></phr></stem><stem n="readreflector.configur"><phr n="readReflector.Configuration"><ent r="4" t="130" w="128" /><ent r="4" t="130" w="127" /><ent r="4" t="130" w="349" /><ent r="4" t="130" w="348" /></phr></stem><stem n=".configuration(reflectorconfiguration);"><phr n=".Configuration(reflectorConfiguration);"><ent r="4" t="130" w="130" /></phr></stem><stem n="ireflectarrai"><phr n="IReflectArray"><ent r="4" t="130" w="133" /><ent r="4" t="130" w="364" /></phr></stem><stem n="readreflector.arrai"><phr n="readReflector.Array"><ent r="4" t="130" w="139" /><ent r="4" t="130" w="138" /><ent r="4" t="130" w="374" /><ent r="4" t="130" w="373" /></phr></stem><stem n=".array();"><phr n=".Array();"><ent r="4" t="130" w="140" /></phr></stem><stem n="ireflectclass"><phr n="IReflectClass"><ent r="4" t="130" w="143" /><ent r="4" t="130" w="164" /><ent r="4" t="130" w="187" /><ent r="4" t="130" w="216" /><ent r="4" t="130" w="396" /><ent r="4" t="130" w="438" /><ent r="4" t="130" w="480" /><ent r="4" t="130" w="520" /></phr></stem><stem n="reflector.forclass"><phr n="Reflector.forClass"><ent r="5" t="130" w="151" /><ent r="5" t="130" w="150" /><ent r="5" t="130" w="406" /><ent r="5" t="130" w="405" /></phr></stem><stem n="&quot;reflector.forclass({0})&quot;"><phr n="&quot;Reflector.forClass({0})&quot;"><ent r="5" t="130" w="153" /><ent r="5" t="130" w="408" /></phr></stem><stem n="readreflector.forclass"><phr n="readReflector.ForClass"><ent r="4" t="130" w="159" /><ent r="4" t="130" w="158" /><ent r="4" t="130" w="414" /><ent r="4" t="130" w="413" /></phr></stem><stem n=".forclass(type);"><phr n=".ForClass(type);"><ent r="4" t="130" w="161" /></phr></stem><stem n="fornam"><phr n="ForName"><ent r="4" t="130" w="165" /><ent r="4" t="130" w="182" /><ent r="4" t="130" w="425" /><ent r="4" t="130" w="443" /><ent r="4" t="130" w="456" /></phr><phr n="forName"><ent r="5" t="130" w="174" /><ent r="5" t="130" w="448" /></phr></stem><stem n="classnam"><phr n="className"><ent r="4" t="130" w="169" /><ent r="4" t="130" w="177" /><ent r="4" t="130" w="183" /><ent r="4" t="130" w="429" /><ent r="4" t="130" w="451" /><ent r="4" t="130" w="457" /></phr><phr n="classname"><ent r="3" t="147" w="184" /><ent r="5" t="298" w="193" /></phr><phr n="ClassName"><ent r="3" t="267" w="36" /><ent r="3" t="267" w="143" /><ent r="3" t="267" w="162" /><ent r="4" t="277" w="62" /></phr></stem><stem n="reflector.fornam"><phr n="Reflector.forName"><ent r="5" t="130" w="174" /><ent r="5" t="130" w="173" /><ent r="5" t="130" w="448" /><ent r="5" t="130" w="447" /></phr></stem><stem n="&quot;reflector.forname({0})&quot;"><phr n="&quot;Reflector.forName({0})&quot;"><ent r="5" t="130" w="176" /><ent r="5" t="130" w="450" /></phr></stem><stem n="readreflector.fornam"><phr n="readReflector.ForName"><ent r="4" t="130" w="182" /><ent r="4" t="130" w="181" /><ent r="4" t="130" w="456" /><ent r="4" t="130" w="455" /></phr></stem><stem n=".forname(classname);"><phr n=".ForName(className);"><ent r="4" t="130" w="184" /></phr></stem><stem n="forobject"><phr n="ForObject"><ent r="4" t="130" w="188" /><ent r="4" t="130" w="208" /><ent r="4" t="130" w="467" /><ent r="4" t="130" w="485" /><ent r="4" t="130" w="501" /></phr><phr n="forObject"><ent r="5" t="130" w="197" /><ent r="5" t="130" w="490" /></phr></stem><stem n="reflector.forobject"><phr n="Reflector.forObject"><ent r="5" t="130" w="197" /><ent r="5" t="130" w="196" /><ent r="5" t="130" w="490" /><ent r="5" t="130" w="489" /></phr></stem><stem n="&quot;reflector.forobject(&quot;"><phr n="&quot;Reflector.forObject(&quot;"><ent r="5" t="130" w="198" /><ent r="5" t="130" w="491" /></phr></stem><stem n="&quot;)&quot;"><phr n="&quot;)&quot;"><ent r="5" t="130" w="203" /><ent r="5" t="130" w="496" /></phr></stem><stem n="readreflector.forobject"><phr n="readReflector.ForObject"><ent r="4" t="130" w="208" /><ent r="4" t="130" w="207" /><ent r="4" t="130" w="501" /><ent r="4" t="130" w="500" /></phr></stem><stem n=".forobject(o);"><phr n=".ForObject(o);"><ent r="4" t="130" w="210" /></phr></stem><stem n="iscollect"><phr n="IsCollection"><ent r="4" t="130" w="215" /><ent r="4" t="130" w="222" /><ent r="4" t="130" w="512" /><ent r="4" t="130" w="530" /><ent r="4" t="130" w="535" /></phr></stem><stem n="(ireflectclass"><phr n="(IReflectClass"><ent r="4" t="130" w="216" /></phr></stem><stem n="reflectclass"><phr n="reflectClass"><ent r="4" t="130" w="217" /><ent r="4" t="130" w="223" /><ent r="4" t="130" w="516" /><ent r="4" t="130" w="536" /></phr></stem><stem n="readreflector.iscollect"><phr n="readReflector.IsCollection"><ent r="4" t="130" w="222" /><ent r="4" t="130" w="221" /><ent r="4" t="130" w="535" /><ent r="4" t="130" w="534" /></phr></stem><stem n=".iscollection(reflectclass);"><phr n=".IsCollection(reflectClass);"><ent r="4" t="130" w="224" /></phr></stem><stem n="setpar"><phr n="SetParent"><ent r="4" t="130" w="229" /><ent r="4" t="130" w="233" /><ent r="4" t="130" w="546" /><ent r="4" t="130" w="559" /><ent r="4" t="130" w="561" /></phr></stem><stem n="readreflector.setpar"><phr n="readReflector.SetParent"><ent r="4" t="130" w="233" /><ent r="4" t="130" w="232" /><ent r="4" t="130" w="561" /><ent r="4" t="130" w="560" /></phr></stem><stem n=".setparent(reflector);"><phr n=".SetParent(reflector);"><ent r="4" t="130" w="235" /></phr></stem><stem n="deepclon"><phr n="DeepClone"><ent r="4" t="130" w="240" /><ent r="4" t="130" w="253" /><ent r="4" t="130" w="572" /><ent r="4" t="130" w="591" /><ent r="4" t="130" w="602" /></phr></stem><stem n="((ireflector)"><phr n="((IReflector)"><ent r="4" t="130" w="252" /></phr></stem><stem n="readreflector.deepclon"><phr n="readReflector.DeepClone"><ent r="4" t="130" w="253" /><ent r="4" t="130" w="252" /><ent r="4" t="130" w="602" /><ent r="4" t="130" w="601" /></phr></stem><stem n=".deepclone(o));"><phr n=".DeepClone(o));"><ent r="4" t="130" w="255" /></phr></stem><stem n="reflectorexampl"><phr n="ReflectorExamples"><ent r="4" t="130" w="256" /><ent r="4" t="130" w="614" /></phr></stem><stem n="reflectorexamples.c"><phr n="ReflectorExamples.cs"><ent r="4" t="130" w="257" /><ent r="4" t="130" w="256" /></phr></stem><stem n=".configur"><phr n=".Configuration"><ent r="4" t="130" w="347" /></phr></stem><stem n="ireflector.configur"><phr n="IReflector.Configuration"><ent r="4" t="130" w="347" /><ent r="4" t="130" w="346" /></phr></stem><stem n=".configuration(reflectorconfiguration)"><phr n=".Configuration(reflectorConfiguration)"><ent r="4" t="130" w="351" /></phr></stem><stem n=".arrai"><phr n=".Array"><ent r="4" t="130" w="369" /></phr></stem><stem n="ireflector.arrai"><phr n="IReflector.Array"><ent r="4" t="130" w="369" /><ent r="4" t="130" w="368" /></phr></stem><stem n=".array()"><phr n=".Array()"><ent r="4" t="130" w="375" /></phr></stem><stem n=".forclass"><phr n=".ForClass"><ent r="4" t="130" w="401" /></phr></stem><stem n="ireflector.forclass"><phr n="IReflector.ForClass"><ent r="4" t="130" w="401" /><ent r="4" t="130" w="400" /></phr></stem><stem n=".forclass(type)"><phr n=".ForClass(type)"><ent r="4" t="130" w="416" /></phr></stem><stem n=".fornam"><phr n=".ForName"><ent r="4" t="130" w="443" /></phr></stem><stem n="ireflector.fornam"><phr n="IReflector.ForName"><ent r="4" t="130" w="443" /><ent r="4" t="130" w="442" /></phr></stem><stem n=".forname(classname)"><phr n=".ForName(className)"><ent r="4" t="130" w="458" /></phr></stem><stem n=".forobject"><phr n=".ForObject"><ent r="4" t="130" w="485" /></phr></stem><stem n="ireflector.forobject"><phr n="IReflector.ForObject"><ent r="4" t="130" w="485" /><ent r="4" t="130" w="484" /></phr></stem><stem n=".tostring(o)"><phr n=".ToString(o)"><ent r="4" t="130" w="495" /></phr></stem><stem n=".forobject(o)"><phr n=".ForObject(o)"><ent r="4" t="130" w="503" /></phr></stem><stem n=".iscollect"><phr n=".IsCollection"><ent r="4" t="130" w="530" /></phr></stem><stem n="ireflector.iscollect"><phr n="IReflector.IsCollection"><ent r="4" t="130" w="530" /><ent r="4" t="130" w="529" /></phr></stem><stem n=".iscollection(reflectclass)"><phr n=".IsCollection(reflectClass)"><ent r="4" t="130" w="537" /></phr></stem><stem n=".setpar"><phr n=".SetParent"><ent r="4" t="130" w="559" /></phr></stem><stem n="ireflector.setpar"><phr n="IReflector.SetParent"><ent r="4" t="130" w="559" /><ent r="4" t="130" w="558" /></phr></stem><stem n=".setparent(reflector)"><phr n=".SetParent(reflector)"><ent r="4" t="130" w="563" /></phr></stem><stem n=".deepclon"><phr n=".DeepClone"><ent r="4" t="130" w="591" /></phr></stem><stem n="ireflector.deepclon"><phr n="IReflector.DeepClone"><ent r="4" t="130" w="591" /><ent r="4" t="130" w="590" /></phr></stem><stem n="(readreflector.deepclone(o),"><phr n="(readReflector.DeepClone(o),"><ent r="4" t="130" w="604" /></phr></stem><stem n="reflectorexamples.vb"><phr n="ReflectorExamples.vb"><ent r="4" t="130" w="615" /><ent r="4" t="130" w="614" /></phr></stem><stem n="rout"><phr n="routed"><ent r="3" t="131" w="82" /></phr><phr n="Routing"><ent r="4" t="257" w="111" /><ent r="4" t="257" w="115" /></phr></stem><stem n="objectmanag"><phr n="ObjectManager"><ent r="3" t="131" w="194" /></phr></stem><stem n="crucial"><phr n="crucial"><ent r="3" t="132" w="31" /></phr></stem><stem n="estim"><phr n="estimate"><ent r="3" t="132" w="71" /></phr></stem><stem n="hardwar"><phr n="hardware"><ent r="3" t="132" w="72" /><ent r="3" t="178" w="97" /><ent r="3" t="185" w="83" /><ent r="3" t="286" w="78" /></phr></stem><stem n="stabil"><phr n="stability"><ent r="3" t="132" w="77" /></phr></stem><stem n="latter"><phr n="latter"><ent r="3" t="132" w="83" /></phr></stem><stem n="-tune"><phr n="-tune"><ent r="3" t="132" w="91" /><ent r="3" t="132" w="91" /></phr></stem><stem n="fine-tun"><phr n="fine-tune"><ent r="3" t="132" w="91" /></phr></stem><stem n="publish"><phr n="published"><ent r="3" t="132" w="123" /><ent r="3" t="133" w="17" /></phr></stem><stem n="&quot;instal"><phr n="&quot;Install"><ent r="64" t="132" w="145" /></phr></stem><stem n="lifecycl"><phr n="Lifecycle"><ent r="65" t="132" w="169" /><ent r="65" t="133" w="133" /><ent r="1000" t="135" w="3" /><ent r="102" t="135" w="7" /><ent r="92" t="135" w="33" /><ent r="92" t="135" w="102" /></phr><phr n="lifecycle"><ent r="3" t="135" w="14" /><ent r="3" t="135" w="43" /><ent r="4" t="135" w="69" /><ent r="4" t="135" w="91" /></phr><phr n="lifecycles"><ent r="3" t="144" w="135" /></phr></stem><stem n="io"><phr n="IO"><ent r="65" t="132" w="182" /><ent r="4" t="132" w="187" /><ent r="65" t="133" w="146" /><ent r="4" t="133" w="151" /><ent r="1000" t="136" w="2" /><ent r="102" t="136" w="5" /><ent r="3" t="136" w="11" /><ent r="92" t="136" w="29" /><ent r="3" t="136" w="38" /><ent r="3" t="136" w="47" /><ent r="4" t="136" w="62" /><ent r="4" t="136" w="82" /><ent r="92" t="136" w="92" /><ent r="3" t="144" w="88" /><ent r="3" t="179" w="512" /><ent r="3" t="186" w="14" /><ent r="3" t="186" w="88" /><ent r="3" t="191" w="9" /><ent r="3" t="192" w="31" /><ent r="3" t="193" w="24" /><ent r="4" t="193" w="66" /><ent r="4" t="193" w="138" /><ent r="4" t="193" w="295" /><ent r="4" t="193" w="388" /><ent r="3" t="266" w="517" /></phr></stem><stem n="io-oper"><phr n="IO-operations"><ent r="4" t="132" w="187" /><ent r="4" t="133" w="151" /><ent r="3" t="136" w="11" /></phr></stem><stem n="-support"><phr n="-support"><ent r="3" t="133" w="61" /><ent r="3" t="133" w="61" /><ent r="3" t="208" w="91" /><ent r="3" t="208" w="91" /><ent r="5" t="237" w="185" /><ent r="5" t="237" w="185" /><ent r="5" t="237" w="247" /><ent r="5" t="237" w="247" /><ent r="5" t="237" w="293" /><ent r="5" t="237" w="293" /><ent r="5" t="237" w="328" /><ent r="5" t="237" w="328" /><ent r="64" t="268" w="46" /><ent r="64" t="268" w="46" /><ent r="65" t="308" w="75" /><ent r="65" t="308" w="75" /></phr></stem><stem n="monitoring-support"><phr n="monitoring-support"><ent r="3" t="133" w="61" /><ent r="64" t="268" w="46" /></phr></stem><stem n="optional-"><phr n="optional-"><ent r="64" t="133" w="67" /></phr></stem><stem n="machin"><phr n="machine"><ent r="4" t="133" w="203" /><ent r="4" t="238" w="212" /><ent r="3" t="245" w="24" /><ent r="3" t="276" w="41" /><ent r="3" t="297" w="84" /><ent r="82" t="306" w="266" /><ent r="3" t="306" w="274" /></phr><phr n="machines"><ent r="4" t="238" w="129" /></phr></stem><stem n="privileg"><phr n="privileges"><ent r="4" t="133" w="214" /><ent r="4" t="133" w="266" /><ent r="4" t="133" w="327" /><ent r="3" t="266" w="551" /></phr></stem><stem n="install-method"><phr n="install-method"><ent r="4" t="133" w="251" /></phr></stem><stem n="db4operformancecount"><phr n="Db4oPerformanceCounters"><ent r="4" t="133" w="255" /><ent r="5" t="133" w="274" /><ent r="5" t="133" w="290" /></phr></stem></index>