﻿<?xml version="1.0" encoding="utf-8"?><index><stem n="short"><phr n="short"><ent r="2" t="4" w="81" /><ent r="3" t="37" w="26" /><ent r="3" t="40" w="292" /><ent r="3" t="90" w="63" /><ent r="3" t="92" w="62" /><ent r="4" t="227" w="331" /><ent r="3" t="233" w="67" /><ent r="3" t="270" w="279" /></phr></stem><stem n="achiev"><phr n="achieved"><ent r="2" t="4" w="87" /><ent r="6" t="5" w="323" /></phr><phr n="achieve"><ent r="6" t="5" w="202" /><ent r="3" t="77" w="100" /><ent r="3" t="227" w="46" /><ent r="3" t="238" w="91" /></phr></stem><stem n="current"><phr n="currently"><ent r="2" t="4" w="96" /><ent r="3" t="28" w="84" /><ent r="3" t="28" w="229" /><ent r="3" t="28" w="390" /><ent r="3" t="51" w="88" /><ent r="3" t="90" w="120" /><ent r="3" t="109" w="89" /><ent r="3" t="129" w="168" /><ent r="3" t="139" w="119" /><ent r="3" t="147" w="158" /><ent r="3" t="168" w="47" /><ent r="4" t="237" w="91" /><ent r="3" t="283" w="318" /><ent r="3" t="283" w="343" /><ent r="3" t="305" w="75" /></phr><phr n="current"><ent r="3" t="5" w="443" /><ent r="3" t="17" w="396" /><ent r="4" t="20" w="526" /><ent r="3" t="34" w="78" /><ent r="3" t="55" w="158" /><ent r="3" t="62" w="192" /><ent r="3" t="77" w="68" /><ent r="3" t="95" w="94" /><ent r="3" t="99" w="452" /><ent r="3" t="127" w="280" /><ent r="3" t="127" w="380" /><ent r="3" t="152" w="26" /><ent r="3" t="165" w="121" /><ent r="3" t="188" w="394" /><ent r="3" t="238" w="230" /><ent r="4" t="242" w="77" /><ent r="4" t="242" w="105" /><ent r="4" t="242" w="120" /><ent r="3" t="277" w="91" /><ent r="3" t="299" w="83" /></phr><phr n="Current"><ent r="4" t="20" w="463" /><ent r="4" t="109" w="312" /><ent r="4" t="109" w="417" /><ent r="5" t="147" w="317" /><ent r="5" t="147" w="395" /><ent r="4" t="257" w="279" /><ent r="4" t="257" w="283" /><ent r="4" t="257" w="308" /><ent r="4" t="257" w="351" /><ent r="4" t="257" w="467" /><ent r="4" t="257" w="476" /><ent r="4" t="257" w="496" /><ent r="4" t="257" w="543" /></phr><phr n="Currently"><ent r="3" t="52" w="279" /><ent r="3" t="62" w="218" /><ent r="3" t="123" w="91" /><ent r="3" t="127" w="72" /><ent r="3" t="132" w="152" /><ent r="3" t="133" w="116" /><ent r="3" t="158" w="16" /><ent r="3" t="186" w="20" /><ent r="4" t="237" w="72" /><ent r="3" t="241" w="7" /><ent r="3" t="266" w="35" /><ent r="3" t="268" w="11" /></phr></stem><stem n="boast"><phr n="boasting"><ent r="2" t="4" w="97" /></phr></stem><stem n="60"><phr n="60"><ent r="2" t="4" w="99" /><ent r="3" t="4" w="474" /><ent r="4" t="201" w="29" /><ent r="4" t="201" w="56" /><ent r="4" t="225" w="83" /><ent r="4" t="225" w="111" /></phr></stem><stem n=",000"><phr n=",000"><ent r="2" t="4" w="100" /></phr></stem><stem n="60,000"><phr n="60,000"><ent r="2" t="4" w="100" /><ent r="2" t="4" w="99" /><ent r="3" t="4" w="475" /><ent r="3" t="4" w="474" /></phr></stem><stem n="000"><phr n="000"><ent r="2" t="4" w="100" /><ent r="3" t="4" w="475" /><ent r="4" t="59" w="403" /><ent r="3" t="61" w="148" /><ent r="3" t="150" w="178" /><ent r="4" t="286" w="126" /></phr></stem><stem n="member"><phr n="members"><ent r="2" t="4" w="101" /><ent r="4" t="28" w="281" /><ent r="4" t="28" w="333" /><ent r="4" t="41" w="199" /><ent r="3" t="58" w="27" /><ent r="4" t="58" w="116" /><ent r="4" t="58" w="186" /><ent r="4" t="114" w="975" /><ent r="3" t="240" w="1010" /><ent r="4" t="240" w="1020" /><ent r="4" t="240" w="1036" /><ent r="4" t="240" w="1039" /><ent r="4" t="240" w="1058" /><ent r="4" t="240" w="1061" /><ent r="4" t="240" w="1088" /><ent r="4" t="240" w="1118" /><ent r="4" t="240" w="1125" /><ent r="4" t="240" w="1158" /><ent r="4" t="240" w="1165" /><ent r="4" t="265" w="283" /><ent r="4" t="265" w="352" /><ent r="4" t="265" w="356" /><ent r="3" t="283" w="336" /><ent r="3" t="291" w="60" /><ent r="3" t="291" w="120" /></phr><phr n="member"><ent r="5" t="20" w="476" /><ent r="3" t="28" w="207" /><ent r="3" t="41" w="127" /><ent r="3" t="58" w="207" /><ent r="3" t="109" w="62" /><ent r="3" t="240" w="964" /><ent r="3" t="240" w="968" /><ent r="3" t="240" w="978" /></phr><phr n="Members"><ent r="92" t="28" w="189" /><ent r="92" t="58" w="198" /><ent r="4" t="265" w="345" /></phr></stem><stem n="db4o'"><phr n="db4o's"><ent r="2" t="4" w="109" /><ent r="2" t="4" w="108" /><ent r="3" t="4" w="469" /><ent r="3" t="4" w="468" /><ent r="3" t="7" w="303" /><ent r="3" t="7" w="302" /><ent r="3" t="7" w="354" /><ent r="3" t="7" w="353" /><ent r="3" t="7" w="496" /><ent r="3" t="7" w="495" /><ent r="3" t="7" w="651" /><ent r="3" t="7" w="650" /><ent r="92" t="12" w="385" /><ent r="92" t="12" w="384" /><ent r="3" t="12" w="398" /><ent r="3" t="12" w="397" /><ent r="64" t="15" w="426" /><ent r="64" t="15" w="425" /><ent r="3" t="26" w="19" /><ent r="3" t="26" w="18" /><ent r="1000" t="37" w="2" /><ent r="1000" t="37" w="1" /><ent r="102" t="37" w="7" /><ent r="102" t="37" w="6" /><ent r="3" t="42" w="13" /><ent r="3" t="42" w="12" /><ent r="3" t="45" w="15" /><ent r="3" t="45" w="14" /><ent r="3" t="45" w="74" /><ent r="3" t="45" w="73" /><ent r="3" t="47" w="12" /><ent r="3" t="47" w="11" /><ent r="3" t="65" w="248" /><ent r="3" t="65" w="247" /><ent r="3" t="82" w="12" /><ent r="3" t="82" w="11" /><ent r="3" t="108" w="32" /><ent r="3" t="108" w="31" /><ent r="3" t="109" w="18" /><ent r="3" t="109" w="17" /><ent r="3" t="121" w="21" /><ent r="3" t="121" w="20" /><ent r="3" t="121" w="582" /><ent r="3" t="121" w="581" /><ent r="4" t="132" w="208" /><ent r="4" t="132" w="207" /><ent r="4" t="133" w="172" /><ent r="4" t="133" w="171" /><ent r="3" t="144" w="161" /><ent r="3" t="144" w="160" /><ent r="3" t="190" w="13" /><ent r="3" t="190" w="12" /><ent r="3" t="208" w="90" /><ent r="3" t="208" w="89" /><ent r="3" t="226" w="13" /><ent r="3" t="226" w="12" /><ent r="3" t="231" w="108" /><ent r="3" t="231" w="107" /><ent r="92" t="261" w="40" /><ent r="92" t="261" w="39" /><ent r="92" t="282" w="38" /><ent r="92" t="282" w="37" /><ent r="3" t="309" w="404" /><ent r="3" t="309" w="403" /></phr></stem><stem n="effici"><phr n="efficient"><ent r="2" t="4" w="110" /><ent r="3" t="59" w="20" /><ent r="3" t="65" w="239" /><ent r="3" t="107" w="17" /><ent r="4" t="148" w="254" /><ent r="3" t="176" w="205" /><ent r="3" t="238" w="93" /><ent r="3" t="251" w="239" /></phr><phr n="efficiently"><ent r="3" t="7" w="322" /><ent r="3" t="14" w="367" /><ent r="3" t="14" w="1635" /><ent r="3" t="31" w="298" /><ent r="3" t="108" w="59" /></phr></stem><stem n="nativ"><phr n="native"><ent r="2" t="4" w="113" /><ent r="3" t="4" w="529" /><ent r="6" t="5" w="104" /><ent r="3" t="7" w="15" /><ent r="3" t="7" w="170" /><ent r="3" t="7" w="250" /><ent r="3" t="7" w="485" /><ent r="3" t="7" w="604" /><ent r="3" t="7" w="652" /><ent r="3" t="7" w="704" /><ent r="4" t="17" w="47" /><ent r="64" t="17" w="162" /><ent r="3" t="17" w="191" /><ent r="3" t="17" w="233" /><ent r="3" t="17" w="321" /><ent r="3" t="17" w="330" /><ent r="3" t="17" w="374" /><ent r="3" t="17" w="384" /><ent r="4" t="18" w="42" /><ent r="3" t="18" w="50" /><ent r="3" t="18" w="94" /><ent r="3" t="18" w="900" /><ent r="4" t="19" w="46" /><ent r="4" t="20" w="46" /><ent r="3" t="20" w="92" /><ent r="4" t="20" w="459" /><ent r="3" t="20" w="538" /><ent r="4" t="21" w="44" /><ent r="3" t="21" w="51" /><ent r="5" t="21" w="231" /><ent r="4" t="21" w="242" /><ent r="5" t="21" w="318" /><ent r="4" t="21" w="342" /><ent r="3" t="21" w="370" /><ent r="3" t="21" w="417" /><ent r="4" t="22" w="48" /><ent r="4" t="22" w="184" /><ent r="3" t="65" w="91" /><ent r="3" t="90" w="239" /><ent r="3" t="90" w="259" /><ent r="3" t="91" w="20" /><ent r="6" t="92" w="222" /><ent r="3" t="134" w="65" /><ent r="4" t="134" w="204" /><ent r="3" t="134" w="212" /><ent r="4" t="134" w="219" /><ent r="3" t="134" w="228" /><ent r="4" t="140" w="411" /><ent r="4" t="140" w="440" /><ent r="3" t="144" w="104" /><ent r="3" t="161" w="16" /><ent r="3" t="161" w="47" /><ent r="4" t="161" w="76" /><ent r="4" t="161" w="106" /><ent r="4" t="186" w="95" /><ent r="3" t="192" w="30" /><ent r="3" t="230" w="36" /><ent r="4" t="230" w="73" /><ent r="4" t="231" w="137" /><ent r="3" t="231" w="181" /><ent r="3" t="231" w="209" /><ent r="3" t="231" w="227" /><ent r="3" t="283" w="26" /><ent r="3" t="283" w="77" /><ent r="4" t="283" w="116" /><ent r="3" t="283" w="164" /><ent r="3" t="296" w="49" /><ent r="4" t="304" w="174" /><ent r="4" t="304" w="211" /><ent r="4" t="305" w="170" /><ent r="4" t="306" w="166" /><ent r="65" t="308" w="302" /><ent r="4" t="308" w="357" /><ent r="6" t="309" w="332" /><ent r="6" t="309" w="364" /></phr><phr n="natively"><ent r="3" t="4" w="649" /></phr><phr n="Native"><ent r="6" t="5" w="340" /><ent r="3" t="7" w="187" /><ent r="5" t="7" w="192" /><ent r="3" t="7" w="215" /><ent r="3" t="7" w="259" /><ent r="3" t="11" w="96" /><ent r="1000" t="17" w="1" /><ent r="100" t="17" w="5" /><ent r="100" t="17" w="8" /><ent r="102" t="17" w="11" /><ent r="3" t="17" w="108" /><ent r="3" t="17" w="121" /><ent r="3" t="17" w="140" /><ent r="92" t="17" w="312" /><ent r="64" t="17" w="410" /><ent r="1000" t="18" w="1" /><ent r="102" t="18" w="5" /><ent r="1000" t="19" w="1" /><ent r="100" t="19" w="6" /><ent r="102" t="19" w="9" /><ent r="3" t="19" w="49" /><ent r="4" t="19" w="101" /><ent r="4" t="19" w="136" /><ent r="1000" t="20" w="1" /><ent r="100" t="20" w="5" /><ent r="102" t="20" w="9" /><ent r="3" t="20" w="49" /><ent r="3" t="20" w="67" /><ent r="3" t="20" w="121" /><ent r="93" t="20" w="411" /><ent r="4" t="20" w="415" /><ent r="100" t="21" w="4" /><ent r="1000" t="22" w="1" /><ent r="102" t="22" w="8" /><ent r="65" t="26" w="111" /><ent r="65" t="90" w="136" /><ent r="5" t="90" w="273" /><ent r="6" t="92" w="411" /><ent r="92" t="134" w="200" /><ent r="1000" t="161" w="3" /><ent r="102" t="161" w="8" /><ent r="64" t="161" w="22" /><ent r="1000" t="230" w="1" /><ent r="102" t="230" w="4" /><ent r="3" t="230" w="7" /><ent r="5" t="230" w="106" /><ent r="4" t="231" w="148" /><ent r="92" t="231" w="166" /><ent r="3" t="231" w="169" /><ent r="92" t="283" w="10" /><ent r="64" t="283" w="169" /></phr><phr n="nativ"><ent r="3" t="269" w="124" /></phr></stem><stem n="deploy"><phr n="deployment"><ent r="2" t="4" w="115" /><ent r="4" t="309" w="61" /></phr><phr n="deployments"><ent r="3" t="4" w="266" /></phr></stem><stem n="present"><phr n="present"><ent r="3" t="4" w="143" /><ent r="3" t="32" w="173" /><ent r="3" t="83" w="79" /><ent r="3" t="121" w="78" /><ent r="3" t="188" w="199" /><ent r="3" t="231" w="22" /></phr><phr n="presented"><ent r="3" t="99" w="87" /></phr></stem><stem n="legaci"><phr n="legacy"><ent r="3" t="4" w="154" /></phr></stem><stem n="i"><phr n="i"><ent r="3" t="4" w="155" /><ent r="4" t="14" w="188" /><ent r="4" t="14" w="196" /><ent r="4" t="14" w="202" /><ent r="4" t="14" w="223" /><ent r="4" t="14" w="235" /><ent r="4" t="14" w="241" /><ent r="4" t="14" w="288" /><ent r="4" t="14" w="296" /><ent r="4" t="14" w="302" /><ent r="4" t="14" w="321" /><ent r="4" t="14" w="333" /><ent r="4" t="14" w="340" /><ent r="4" t="14" w="674" /><ent r="4" t="14" w="682" /><ent r="4" t="14" w="689" /><ent r="4" t="14" w="708" /><ent r="4" t="14" w="720" /><ent r="4" t="14" w="727" /><ent r="4" t="14" w="747" /><ent r="4" t="14" w="755" /><ent r="4" t="14" w="759" /><ent r="4" t="14" w="766" /><ent r="4" t="14" w="785" /><ent r="4" t="14" w="797" /><ent r="4" t="14" w="804" /><ent r="4" t="14" w="811" /><ent r="4" t="14" w="841" /><ent r="4" t="14" w="849" /><ent r="4" t="14" w="855" /><ent r="4" t="14" w="877" /><ent r="4" t="14" w="889" /><ent r="4" t="14" w="895" /><ent r="4" t="14" w="918" /><ent r="4" t="14" w="926" /><ent r="4" t="14" w="933" /><ent r="4" t="14" w="954" /><ent r="4" t="14" w="966" /><ent r="4" t="14" w="973" /><ent r="4" t="14" w="1097" /><ent r="4" t="14" w="1105" /><ent r="4" t="14" w="1112" /><ent r="4" t="14" w="1132" /><ent r="4" t="14" w="1144" /><ent r="4" t="14" w="1151" /><ent r="4" t="14" w="1312" /><ent r="4" t="14" w="1314" /><ent r="4" t="14" w="1360" /><ent r="4" t="14" w="1361" /><ent r="4" t="14" w="1438" /><ent r="4" t="14" w="1446" /><ent r="4" t="14" w="1452" /><ent r="4" t="14" w="1471" /><ent r="4" t="14" w="1483" /><ent r="4" t="14" w="1489" /><ent r="4" t="14" w="1509" /><ent r="4" t="14" w="1517" /><ent r="4" t="14" w="1522" /><ent r="4" t="14" w="1542" /><ent r="4" t="14" w="1554" /><ent r="4" t="14" w="1559" /><ent r="3" t="111" w="41" /><ent r="3" t="117" w="593" /><ent r="3" t="188" w="550" /><ent r="3" t="234" w="40" /><ent r="4" t="241" w="228" /><ent r="4" t="241" w="230" /><ent r="4" t="241" w="237" /><ent r="4" t="241" w="459" /><ent r="4" t="241" w="474" /><ent r="3" t="285" w="91" /><ent r="3" t="305" w="104" /></phr><phr n="I"><ent r="4" t="54" w="76" /><ent r="92" t="59" w="247" /><ent r="3" t="60" w="20" /><ent r="3" t="60" w="126" /><ent r="3" t="60" w="137" /><ent r="4" t="114" w="76" /><ent r="4" t="114" w="83" /><ent r="4" t="114" w="120" /><ent r="4" t="114" w="142" /><ent r="4" t="114" w="694" /><ent r="4" t="114" w="710" /><ent r="4" t="115" w="116" /><ent r="4" t="117" w="262" /><ent r="4" t="130" w="43" /><ent r="5" t="269" w="44" /><ent r="92" t="294" w="30" /><ent r="6" t="299" w="246" /></phr></stem><stem n="i."><phr n="i.e"><ent r="3" t="4" w="156" /><ent r="3" t="4" w="155" /><ent r="3" t="111" w="42" /><ent r="3" t="111" w="41" /><ent r="3" t="117" w="594" /><ent r="3" t="117" w="593" /><ent r="3" t="188" w="551" /><ent r="3" t="188" w="550" /><ent r="3" t="234" w="41" /><ent r="3" t="234" w="40" /><ent r="3" t="285" w="92" /><ent r="3" t="285" w="91" /><ent r="3" t="305" w="105" /><ent r="3" t="305" w="104" /></phr></stem><stem n="e"><phr n="e"><ent r="3" t="4" w="156" /><ent r="4" t="67" w="274" /><ent r="4" t="67" w="278" /><ent r="4" t="67" w="318" /><ent r="4" t="67" w="326" /><ent r="3" t="111" w="42" /><ent r="3" t="117" w="594" /><ent r="6" t="128" w="81" /><ent r="6" t="128" w="132" /><ent r="6" t="128" w="200" /><ent r="6" t="128" w="259" /><ent r="6" t="128" w="342" /><ent r="6" t="128" w="398" /><ent r="3" t="188" w="551" /><ent r="3" t="234" w="41" /><ent r="4" t="257" w="462" /><ent r="4" t="257" w="491" /><ent r="3" t="261" w="183" /><ent r="4" t="263" w="555" /><ent r="4" t="263" w="559" /><ent r="4" t="263" w="601" /><ent r="4" t="263" w="617" /><ent r="4" t="281" w="376" /><ent r="4" t="281" w="403" /><ent r="4" t="281" w="491" /><ent r="4" t="281" w="521" /><ent r="3" t="285" w="92" /><ent r="4" t="297" w="699" /><ent r="3" t="305" w="105" /></phr></stem><stem n="i.e."><phr n="i.e."><ent r="3" t="4" w="156" /><ent r="3" t="4" w="155" /><ent r="3" t="111" w="42" /><ent r="3" t="111" w="41" /><ent r="3" t="117" w="594" /><ent r="3" t="117" w="593" /><ent r="3" t="188" w="551" /><ent r="3" t="188" w="550" /><ent r="3" t="234" w="41" /><ent r="3" t="234" w="40" /><ent r="3" t="285" w="92" /><ent r="3" t="285" w="91" /><ent r="3" t="305" w="105" /><ent r="3" t="305" w="104" /></phr></stem><stem n=".e."><phr n=".e."><ent r="3" t="4" w="157" /><ent r="3" t="117" w="595" /><ent r="3" t="188" w="552" /><ent r="3" t="234" w="42" /><ent r="3" t="285" w="93" /><ent r="3" t="305" w="106" /></phr></stem><stem n="primarili"><phr n="primarily"><ent r="3" t="4" w="157" /><ent r="3" t="5" w="489" /></phr></stem><stem n="equip"><phr n="equipment"><ent r="64" t="4" w="160" /></phr></stem><stem n="desktop"><phr n="desktop"><ent r="64" t="4" w="167" /><ent r="3" t="38" w="417" /><ent r="3" t="73" w="202" /><ent r="3" t="243" w="229" /><ent r="3" t="243" w="235" /><ent r="3" t="243" w="268" /><ent r="3" t="245" w="118" /><ent r="3" t="245" w="126" /></phr><phr n="Desktop"><ent r="92" t="243" w="220" /></phr></stem><stem n="typic"><phr n="Typical"><ent r="3" t="4" w="174" /><ent r="3" t="102" w="30" /><ent r="3" t="126" w="78" /><ent r="3" t="126" w="192" /></phr><phr n="Typically"><ent r="3" t="5" w="529" /><ent r="3" t="187" w="147" /></phr><phr n="typical"><ent r="3" t="55" w="51" /><ent r="3" t="66" w="31" /><ent r="3" t="76" w="34" /><ent r="3" t="246" w="100" /></phr><phr n="typically"><ent r="3" t="90" w="77" /></phr></stem><stem n=",,"><phr n=",,"><ent r="3" t="4" w="194" /><ent r="3" t="200" w="139" /></phr></stem><stem n="consum"><phr n="consumer"><ent r="64" t="4" w="195" /></phr><phr n="consuming"><ent r="3" t="7" w="59" /><ent r="3" t="191" w="106" /></phr><phr n="consume"><ent r="3" t="31" w="1469" /><ent r="3" t="135" w="122" /><ent r="4" t="166" w="204" /><ent r="3" t="206" w="77" /><ent r="3" t="265" w="747" /><ent r="3" t="285" w="127" /><ent r="3" t="285" w="166" /></phr><phr n="consumed"><ent r="3" t="61" w="76" /><ent r="3" t="61" w="87" /><ent r="3" t="179" w="453" /></phr><phr n="consumes"><ent r="3" t="88" w="58" /><ent r="3" t="150" w="124" /><ent r="3" t="199" w="31" /></phr><phr n="Consuming"><ent r="92" t="265" w="732" /></phr></stem><stem n="other"><phr n="others"><ent r="3" t="4" w="202" /><ent r="3" t="7" w="258" /><ent r="4" t="165" w="196" /><ent r="3" t="309" w="261" /></phr></stem><stem n="-class"><phr n="-class"><ent r="3" t="4" w="208" /><ent r="3" t="4" w="208" /><ent r="4" t="51" w="97" /><ent r="4" t="51" w="97" /><ent r="4" t="52" w="291" /><ent r="4" t="52" w="291" /><ent r="4" t="114" w="755" /><ent r="4" t="114" w="755" /><ent r="4" t="114" w="808" /><ent r="4" t="114" w="808" /></phr><phr n="-classes"><ent r="3" t="121" w="117" /><ent r="3" t="121" w="117" /></phr></stem><stem n="world-class"><phr n="world-class"><ent r="3" t="4" w="208" /></phr></stem><stem n="broad"><phr n="broad"><ent r="3" t="4" w="230" /><ent r="3" t="4" w="489" /></phr></stem><stem n="emea"><phr n="EMEA"><ent r="3" t="4" w="241" /></phr></stem><stem n="asia"><phr n="Asia"><ent r="3" t="4" w="243" /></phr></stem><stem n="asia-pacif"><phr n="Asia-Pacific"><ent r="3" t="4" w="243" /></phr></stem><stem n="pacif"><phr n="Pacific"><ent r="3" t="4" w="244" /></phr></stem><stem n="-pacific."><phr n="-Pacific."><ent r="3" t="4" w="245" /><ent r="3" t="4" w="245" /></phr></stem><stem n="client-sid"><phr n="client-side"><ent r="3" t="4" w="248" /></phr></stem><stem n="-side,"><phr n="-side,"><ent r="3" t="4" w="250" /><ent r="3" t="4" w="250" /></phr></stem><stem n="embedd"><phr n="embeddable"><ent r="3" t="4" w="250" /></phr></stem><stem n="particularli"><phr n="particularly"><ent r="3" t="4" w="254" /></phr></stem><stem n="suit"><phr n="suited"><ent r="3" t="4" w="255" /><ent r="3" t="5" w="382" /></phr><phr n="suite"><ent r="3" t="50" w="492" /><ent r="3" t="301" w="192" /><ent r="4" t="304" w="155" /><ent r="4" t="304" w="201" /><ent r="4" t="304" w="235" /><ent r="4" t="304" w="243" /></phr><phr n="suit"><ent r="3" t="234" w="75" /></phr><phr n="Suite"><ent r="4" t="268" w="445" /><ent r="3" t="310" w="57" /></phr></stem><stem n="deploi"><phr n="deployed"><ent r="3" t="4" w="258" /><ent r="3" t="4" w="598" /><ent r="3" t="132" w="58" /><ent r="3" t="231" w="44" /><ent r="4" t="267" w="90" /><ent r="3" t="270" w="481" /></phr><phr n="deploying"><ent r="4" t="131" w="160" /><ent r="3" t="258" w="39" /><ent r="3" t="269" w="154" /></phr><phr n="deploy"><ent r="3" t="142" w="501" /><ent r="3" t="230" w="119" /><ent r="3" t="270" w="459" /></phr><phr n="Deployed"><ent r="1000" t="231" w="5" /><ent r="102" t="231" w="11" /></phr></stem><stem n="/server"><phr n="/server"><ent r="3" t="4" w="274" /><ent r="3" t="95" w="103" /><ent r="3" t="100" w="362" /><ent r="3" t="105" w="198" /><ent r="3" t="142" w="461" /><ent r="3" t="203" w="20" /><ent r="3" t="227" w="34" /><ent r="3" t="232" w="30" /><ent r="3" t="236" w="12" /><ent r="2" t="238" w="13" /><ent r="3" t="238" w="95" /><ent r="4" t="267" w="85" /></phr><phr n="/Server"><ent r="4" t="105" w="61" /><ent r="3" t="167" w="199" /><ent r="3" t="231" w="17" /></phr></stem><stem n="client/serv"><phr n="client/server"><ent r="3" t="4" w="274" /><ent r="3" t="4" w="273" /><ent r="3" t="95" w="103" /><ent r="3" t="95" w="102" /><ent r="3" t="100" w="362" /><ent r="3" t="100" w="361" /><ent r="3" t="105" w="198" /><ent r="3" t="105" w="197" /><ent r="3" t="142" w="461" /><ent r="3" t="142" w="460" /><ent r="3" t="203" w="20" /><ent r="3" t="203" w="19" /><ent r="3" t="227" w="34" /><ent r="3" t="227" w="33" /><ent r="3" t="232" w="30" /><ent r="3" t="232" w="29" /><ent r="3" t="236" w="12" /><ent r="3" t="236" w="11" /><ent r="2" t="238" w="13" /><ent r="2" t="238" w="12" /><ent r="3" t="238" w="95" /><ent r="3" t="238" w="94" /></phr><phr n="Client/Server"><ent r="4" t="105" w="61" /><ent r="4" t="105" w="60" /><ent r="3" t="167" w="199" /><ent r="3" t="167" w="198" /><ent r="3" t="231" w="17" /><ent r="3" t="231" w="16" /></phr><phr n="Client/server"><ent r="4" t="267" w="85" /><ent r="4" t="267" w="84" /></phr></stem><stem n="line"><phr n="line"><ent r="3" t="4" w="281" /><ent r="6" t="5" w="72" /><ent r="3" t="7" w="46" /><ent r="4" t="90" w="400" /><ent r="3" t="91" w="53" /><ent r="3" t="92" w="11" /><ent r="4" t="93" w="94" /><ent r="3" t="239" w="67" /><ent r="3" t="269" w="147" /><ent r="3" t="270" w="98" /><ent r="3" t="299" w="28" /><ent r="3" t="299" w="78" /><ent r="3" t="299" w="90" /><ent r="3" t="299" w="101" /><ent r="3" t="299" w="152" /><ent r="6" t="300" w="474" /><ent r="65" t="308" w="388" /><ent r="6" t="309" w="390" /></phr><phr n="lines"><ent r="3" t="17" w="131" /></phr><phr n="Line"><ent r="67" t="296" w="75" /><ent r="1000" t="299" w="3" /><ent r="102" t="299" w="8" /></phr></stem><stem n="deliv"><phr n="deliver"><ent r="3" t="4" w="283" /><ent r="3" t="99" w="10" /></phr><phr n="delivered"><ent r="3" t="165" w="111" /></phr><phr n="delivering"><ent r="3" t="166" w="167" /></phr></stem><stem n="equal"><phr n="equal"><ent r="3" t="4" w="287" /><ent r="3" t="23" w="85" /><ent r="3" t="109" w="248" /><ent r="5" t="109" w="362" /></phr><phr n="Equals"><ent r="4" t="13" w="146" /><ent r="5" t="13" w="188" /><ent r="82" t="14" w="165" /><ent r="4" t="14" w="206" /><ent r="4" t="14" w="245" /><ent r="4" t="14" w="457" /><ent r="4" t="14" w="515" /><ent r="4" t="15" w="251" /><ent r="5" t="15" w="300" /><ent r="82" t="31" w="107" /><ent r="4" t="31" w="144" /><ent r="4" t="31" w="177" /><ent r="4" t="31" w="388" /><ent r="4" t="31" w="444" /><ent r="4" t="31" w="1652" /><ent r="5" t="31" w="1728" /><ent r="4" t="74" w="304" /><ent r="5" t="74" w="386" /><ent r="4" t="75" w="246" /><ent r="5" t="75" w="331" /><ent r="4" t="76" w="221" /><ent r="5" t="76" w="307" /><ent r="4" t="96" w="366" /><ent r="5" t="96" w="475" /><ent r="4" t="112" w="463" /><ent r="4" t="112" w="511" /><ent r="4" t="112" w="559" /><ent r="5" t="112" w="899" /><ent r="5" t="112" w="978" /><ent r="5" t="112" w="1026" /><ent r="5" t="112" w="1045" /><ent r="4" t="250" w="325" /><ent r="5" t="250" w="367" /><ent r="4" t="254" w="131" /><ent r="5" t="254" w="269" /></phr><phr n="equals"><ent r="3" t="14" w="172" /><ent r="3" t="14" w="257" /><ent r="3" t="14" w="266" /><ent r="4" t="14" w="307" /><ent r="4" t="14" w="345" /><ent r="3" t="14" w="531" /><ent r="3" t="14" w="1055" /><ent r="4" t="27" w="444" /><ent r="4" t="27" w="494" /><ent r="3" t="31" w="114" /><ent r="3" t="31" w="189" /><ent r="3" t="31" w="198" /><ent r="4" t="31" w="236" /><ent r="4" t="31" w="273" /><ent r="3" t="31" w="460" /><ent r="3" t="31" w="1114" /><ent r="3" t="39" w="23" /><ent r="3" t="39" w="206" /><ent r="4" t="39" w="268" /><ent r="3" t="283" w="212" /><ent r="3" t="283" w="220" /><ent r="3" t="283" w="242" /></phr><phr n="equality"><ent r="4" t="17" w="268" /><ent r="4" t="17" w="301" /><ent r="3" t="18" w="110" /><ent r="4" t="18" w="144" /><ent r="4" t="18" w="177" /><ent r="4" t="20" w="179" /><ent r="4" t="20" w="212" /><ent r="3" t="27" w="215" /><ent r="3" t="27" w="745" /><ent r="4" t="38" w="147" /><ent r="4" t="38" w="200" /><ent r="3" t="38" w="501" /><ent r="3" t="39" w="356" /><ent r="3" t="62" w="107" /><ent r="3" t="109" w="238" /><ent r="5" t="109" w="323" /><ent r="4" t="109" w="385" /><ent r="5" t="109" w="433" /><ent r="4" t="109" w="480" /><ent r="3" t="112" w="1161" /></phr><phr n="Equality"><ent r="92" t="18" w="97" /><ent r="5" t="20" w="482" /><ent r="100" t="38" w="7" /><ent r="64" t="38" w="515" /><ent r="1000" t="39" w="3" /><ent r="102" t="39" w="7" /></phr><phr n="Equal"><ent r="4" t="27" w="432" /><ent r="4" t="27" w="476" /></phr></stem><stem n="eas"><phr n="ease"><ent r="3" t="4" w="288" /><ent r="3" t="297" w="32" /></phr></stem><stem n="surprisingli"><phr n="surprisingly"><ent r="3" t="4" w="293" /></phr></stem><stem n="low"><phr n="low"><ent r="3" t="4" w="294" /><ent r="3" t="4" w="446" /><ent r="3" t="7" w="645" /><ent r="3" t="12" w="399" /><ent r="3" t="26" w="20" /><ent r="3" t="31" w="895" /><ent r="3" t="36" w="16" /><ent r="5" t="46" w="142" /><ent r="5" t="46" w="291" /><ent r="3" t="68" w="171" /><ent r="3" t="79" w="62" /><ent r="3" t="81" w="11" /><ent r="3" t="116" w="227" /><ent r="3" t="134" w="175" /><ent r="3" t="137" w="177" /><ent r="3" t="137" w="252" /><ent r="3" t="166" w="440" /><ent r="3" t="235" w="282" /><ent r="5" t="275" w="250" /><ent r="5" t="275" w="399" /></phr></stem><stem n="compar"><phr n="compared"><ent r="3" t="4" w="296" /><ent r="3" t="27" w="743" /><ent r="5" t="27" w="1141" /><ent r="5" t="27" w="1206" /></phr><phr n="compare"><ent r="3" t="18" w="104" /><ent r="3" t="18" w="115" /><ent r="3" t="18" w="231" /><ent r="3" t="27" w="735" /><ent r="3" t="27" w="1058" /><ent r="3" t="27" w="1067" /><ent r="3" t="28" w="376" /><ent r="3" t="28" w="695" /><ent r="3" t="32" w="165" /><ent r="3" t="109" w="240" /><ent r="5" t="112" w="1216" /><ent r="5" t="112" w="1278" /><ent r="3" t="181" w="19" /></phr><phr n="Compare"><ent r="4" t="18" w="258" /><ent r="4" t="18" w="290" /><ent r="92" t="27" w="1043" /><ent r="4" t="27" w="1159" /><ent r="4" t="27" w="1230" /><ent r="3" t="29" w="92" /><ent r="4" t="30" w="415" /><ent r="4" t="30" w="476" /><ent r="4" t="30" w="504" /><ent r="4" t="112" w="1259" /><ent r="4" t="112" w="1331" /></phr><phr n="comparator"><ent r="3" t="19" w="57" /><ent r="3" t="30" w="52" /><ent r="3" t="30" w="315" /><ent r="3" t="30" w="325" /><ent r="4" t="30" w="353" /><ent r="4" t="30" w="398" /></phr><phr n="comparing"><ent r="3" t="39" w="55" /><ent r="3" t="39" w="211" /><ent r="3" t="112" w="1200" /><ent r="3" t="112" w="1376" /></phr><phr n="compares"><ent r="4" t="109" w="380" /><ent r="4" t="109" w="475" /></phr></stem><stem n="now-establish"><phr n="now-established"><ent r="3" t="4" w="310" /></phr></stem><stem n="establish"><phr n="established"><ent r="3" t="4" w="311" /><ent r="3" t="233" w="37" /></phr><phr n="establish"><ent r="3" t="233" w="26" /></phr></stem><stem n="-established,"><phr n="-established,"><ent r="3" t="4" w="312" /><ent r="3" t="4" w="312" /></phr></stem></index>