﻿<?xml version="1.0" encoding="utf-8"?><index><stem n="uniqu"><phr n="unique"><ent r="65" t="0" w="225" /><ent r="3" t="7" w="497" /><ent r="3" t="8" w="360" /><ent r="3" t="39" w="60" /><ent r="3" t="39" w="123" /><ent r="3" t="39" w="151" /><ent r="3" t="39" w="387" /><ent r="3" t="65" w="46" /><ent r="3" t="67" w="23" /><ent r="3" t="67" w="57" /><ent r="3" t="67" w="108" /><ent r="3" t="67" w="120" /><ent r="4" t="67" w="163" /><ent r="4" t="67" w="212" /><ent r="3" t="67" w="224" /><ent r="3" t="67" w="360" /><ent r="3" t="69" w="94" /><ent r="3" t="69" w="452" /><ent r="3" t="69" w="461" /><ent r="3" t="69" w="475" /><ent r="4" t="98" w="34" /><ent r="64" t="127" w="142" /><ent r="66" t="128" w="305" /><ent r="7" t="128" w="346" /><ent r="6" t="128" w="367" /><ent r="7" t="128" w="406" /><ent r="6" t="128" w="431" /><ent r="3" t="144" w="58" /><ent r="8" t="247" w="143" /><ent r="8" t="247" w="240" /><ent r="64" t="263" w="20" /></phr><phr n="uniquely"><ent r="3" t="4" w="573" /></phr><phr n="Unique"><ent r="64" t="65" w="52" /><ent r="1000" t="67" w="1" /><ent r="100" t="67" w="6" /><ent r="102" t="67" w="9" /><ent r="3" t="67" w="12" /><ent r="3" t="67" w="59" /><ent r="92" t="67" w="92" /><ent r="64" t="144" w="63" /><ent r="64" t="247" w="118" /></phr><phr n="uniqueness"><ent r="3" t="67" w="234" /><ent r="4" t="98" w="66" /></phr></stem><stem n="constrain"><phr n="constrains"><ent r="65" t="0" w="226" /><ent r="3" t="24" w="621" /><ent r="3" t="27" w="191" /><ent r="3" t="27" w="523" /><ent r="4" t="27" w="568" /><ent r="4" t="27" w="626" /><ent r="5" t="27" w="881" /><ent r="5" t="27" w="965" /><ent r="3" t="28" w="890" /><ent r="4" t="28" w="985" /><ent r="4" t="28" w="1041" /><ent r="3" t="32" w="146" /><ent r="3" t="32" w="149" /><ent r="64" t="32" w="154" /><ent r="3" t="65" w="47" /><ent r="3" t="67" w="361" /><ent r="3" t="152" w="41" /></phr><phr n="constrain"><ent r="3" t="20" w="282" /><ent r="4" t="20" w="350" /><ent r="4" t="20" w="400" /><ent r="3" t="24" w="48" /><ent r="3" t="24" w="260" /><ent r="4" t="25" w="34" /><ent r="3" t="27" w="109" /><ent r="4" t="27" w="134" /><ent r="4" t="27" w="174" /><ent r="3" t="27" w="203" /><ent r="3" t="27" w="212" /><ent r="4" t="27" w="246" /><ent r="4" t="27" w="296" /><ent r="4" t="27" w="359" /><ent r="4" t="27" w="406" /><ent r="4" t="27" w="445" /><ent r="4" t="27" w="495" /><ent r="3" t="27" w="641" /><ent r="4" t="27" w="674" /><ent r="4" t="27" w="721" /><ent r="3" t="27" w="1095" /><ent r="3" t="28" w="68" /><ent r="3" t="28" w="93" /><ent r="4" t="28" w="131" /><ent r="4" t="28" w="178" /><ent r="3" t="28" w="238" /><ent r="3" t="28" w="369" /><ent r="3" t="28" w="399" /><ent r="4" t="28" w="439" /><ent r="4" t="28" w="488" /><ent r="3" t="28" w="671" /><ent r="3" t="28" w="717" /><ent r="64" t="28" w="915" /><ent r="3" t="28" w="933" /><ent r="3" t="28" w="1083" /><ent r="3" t="29" w="58" /><ent r="3" t="29" w="328" /><ent r="3" t="29" w="442" /><ent r="3" t="30" w="186" /><ent r="4" t="67" w="164" /><ent r="4" t="67" w="213" /><ent r="3" t="67" w="225" /><ent r="4" t="67" w="285" /><ent r="4" t="67" w="337" /><ent r="64" t="127" w="143" /></phr><phr n="Constrain"><ent r="4" t="20" w="327" /><ent r="4" t="20" w="337" /><ent r="4" t="20" w="371" /><ent r="4" t="20" w="381" /><ent r="4" t="27" w="121" /><ent r="4" t="27" w="155" /><ent r="4" t="27" w="223" /><ent r="4" t="27" w="233" /><ent r="4" t="27" w="267" /><ent r="4" t="27" w="277" /><ent r="4" t="27" w="336" /><ent r="4" t="27" w="346" /><ent r="4" t="27" w="377" /><ent r="4" t="27" w="387" /><ent r="4" t="27" w="419" /><ent r="4" t="27" w="429" /><ent r="4" t="27" w="463" /><ent r="4" t="27" w="473" /><ent r="4" t="27" w="536" /><ent r="4" t="27" w="546" /><ent r="4" t="27" w="555" /><ent r="4" t="27" w="586" /><ent r="4" t="27" w="596" /><ent r="4" t="27" w="607" /><ent r="92" t="27" w="635" /><ent r="4" t="27" w="653" /><ent r="4" t="27" w="663" /><ent r="4" t="27" w="692" /><ent r="4" t="27" w="702" /><ent r="4" t="27" w="829" /><ent r="4" t="27" w="849" /><ent r="4" t="27" w="871" /><ent r="4" t="27" w="902" /><ent r="4" t="27" w="936" /><ent r="4" t="27" w="985" /><ent r="4" t="27" w="998" /><ent r="4" t="27" w="1013" /><ent r="4" t="27" w="1128" /><ent r="4" t="27" w="1150" /><ent r="4" t="27" w="1193" /><ent r="4" t="27" w="1215" /><ent r="4" t="27" w="1289" /><ent r="4" t="27" w="1303" /><ent r="4" t="27" w="1335" /><ent r="4" t="27" w="1349" /><ent r="4" t="28" w="108" /><ent r="4" t="28" w="118" /><ent r="4" t="28" w="149" /><ent r="4" t="28" w="159" /><ent r="4" t="28" w="253" /><ent r="4" t="28" w="267" /><ent r="4" t="28" w="299" /><ent r="4" t="28" w="313" /><ent r="4" t="28" w="414" /><ent r="4" t="28" w="424" /><ent r="4" t="28" w="457" /><ent r="4" t="28" w="467" /><ent r="4" t="28" w="541" /><ent r="4" t="28" w="551" /><ent r="4" t="28" w="597" /><ent r="4" t="28" w="607" /><ent r="4" t="28" w="724" /><ent r="4" t="28" w="765" /><ent r="4" t="28" w="796" /><ent r="4" t="28" w="840" /><ent r="4" t="28" w="971" /><ent r="4" t="28" w="1019" /><ent r="4" t="28" w="1090" /><ent r="4" t="28" w="1123" /><ent r="4" t="28" w="1158" /><ent r="4" t="28" w="1191" /><ent r="4" t="29" w="335" /><ent r="4" t="29" w="341" /><ent r="4" t="29" w="372" /><ent r="4" t="29" w="378" /><ent r="4" t="29" w="452" /><ent r="4" t="29" w="462" /><ent r="4" t="29" w="494" /><ent r="4" t="29" w="504" /><ent r="4" t="29" w="754" /><ent r="4" t="29" w="764" /><ent r="4" t="29" w="802" /><ent r="4" t="29" w="812" /><ent r="4" t="30" w="98" /><ent r="4" t="30" w="137" /><ent r="4" t="30" w="209" /><ent r="4" t="30" w="254" /><ent r="4" t="30" w="332" /><ent r="4" t="30" w="371" /><ent r="4" t="31" w="129" /><ent r="4" t="31" w="139" /><ent r="4" t="31" w="161" /><ent r="4" t="31" w="172" /><ent r="4" t="31" w="219" /><ent r="4" t="31" w="229" /><ent r="4" t="31" w="253" /><ent r="4" t="31" w="264" /><ent r="4" t="31" w="369" /><ent r="4" t="31" w="383" /><ent r="4" t="31" w="423" /><ent r="4" t="31" w="439" /><ent r="4" t="31" w="481" /><ent r="4" t="31" w="491" /><ent r="4" t="31" w="521" /><ent r="4" t="31" w="532" /><ent r="4" t="31" w="566" /><ent r="4" t="31" w="576" /><ent r="4" t="31" w="597" /><ent r="4" t="31" w="608" /><ent r="4" t="31" w="629" /><ent r="4" t="31" w="639" /><ent r="4" t="31" w="648" /><ent r="4" t="31" w="669" /><ent r="4" t="31" w="680" /><ent r="4" t="31" w="691" /><ent r="4" t="31" w="722" /><ent r="4" t="31" w="732" /><ent r="4" t="31" w="755" /><ent r="4" t="31" w="766" /><ent r="4" t="31" w="789" /><ent r="4" t="31" w="799" /><ent r="4" t="31" w="822" /><ent r="4" t="31" w="833" /><ent r="4" t="31" w="1006" /><ent r="4" t="31" w="1020" /><ent r="4" t="31" w="1066" /><ent r="4" t="31" w="1082" /><ent r="4" t="31" w="1141" /><ent r="4" t="31" w="1151" /><ent r="4" t="31" w="1173" /><ent r="4" t="31" w="1184" /><ent r="4" t="31" w="1206" /><ent r="4" t="31" w="1216" /><ent r="4" t="31" w="1238" /><ent r="4" t="31" w="1249" /><ent r="4" t="31" w="1306" /><ent r="4" t="31" w="1316" /><ent r="4" t="31" w="1337" /><ent r="4" t="31" w="1348" /><ent r="4" t="31" w="1369" /><ent r="4" t="31" w="1383" /><ent r="4" t="31" w="1404" /><ent r="4" t="31" w="1420" /><ent r="4" t="31" w="1480" /><ent r="4" t="31" w="1512" /><ent r="4" t="31" w="1556" /><ent r="4" t="31" w="1566" /><ent r="4" t="31" w="1588" /><ent r="4" t="31" w="1599" /><ent r="92" t="32" w="125" /></phr><phr n="Constrains"><ent r="92" t="28" w="186" /></phr></stem><stem n="backup"><phr n="backups"><ent r="65" t="0" w="229" /><ent r="3" t="65" w="59" /><ent r="4" t="242" w="142" /><ent r="64" t="281" w="20" /></phr><phr n="backup"><ent r="6" t="37" w="199" /><ent r="3" t="68" w="10" /><ent r="3" t="68" w="13" /><ent r="5" t="68" w="30" /><ent r="4" t="68" w="38" /><ent r="5" t="68" w="54" /><ent r="4" t="68" w="62" /><ent r="3" t="68" w="85" /><ent r="3" t="68" w="98" /><ent r="5" t="68" w="110" /><ent r="4" t="68" w="118" /><ent r="5" t="68" w="137" /><ent r="4" t="68" w="145" /><ent r="4" t="78" w="89" /><ent r="3" t="78" w="106" /><ent r="3" t="78" w="127" /><ent r="4" t="78" w="146" /><ent r="4" t="78" w="171" /><ent r="3" t="79" w="130" /><ent r="3" t="79" w="175" /><ent r="3" t="80" w="93" /><ent r="3" t="80" w="115" /><ent r="3" t="80" w="122" /><ent r="4" t="80" w="156" /><ent r="4" t="80" w="193" /><ent r="3" t="84" w="30" /><ent r="3" t="84" w="40" /><ent r="4" t="84" w="69" /><ent r="4" t="84" w="107" /><ent r="4" t="86" w="58" /><ent r="4" t="86" w="95" /><ent r="3" t="87" w="30" /><ent r="3" t="87" w="53" /><ent r="3" t="87" w="71" /><ent r="4" t="87" w="107" /><ent r="4" t="87" w="146" /><ent r="4" t="102" w="57" /><ent r="4" t="105" w="58" /><ent r="3" t="127" w="120" /><ent r="3" t="189" w="13" /><ent r="3" t="189" w="16" /><ent r="5" t="189" w="34" /><ent r="4" t="189" w="42" /><ent r="5" t="189" w="61" /><ent r="4" t="189" w="69" /><ent r="4" t="236" w="39" /><ent r="4" t="242" w="85" /><ent r="4" t="242" w="111" /><ent r="3" t="281" w="194" /></phr><phr n="Backup"><ent r="64" t="65" w="67" /><ent r="1000" t="68" w="1" /><ent r="100" t="68" w="3" /><ent r="102" t="68" w="5" /><ent r="4" t="68" w="28" /><ent r="4" t="68" w="52" /><ent r="4" t="68" w="103" /><ent r="4" t="68" w="130" /><ent r="4" t="78" w="281" /><ent r="64" t="79" w="42" /><ent r="64" t="79" w="147" /><ent r="64" t="79" w="216" /><ent r="1000" t="80" w="4" /><ent r="102" t="80" w="9" /><ent r="1000" t="84" w="3" /><ent r="102" t="84" w="7" /><ent r="1000" t="87" w="4" /><ent r="102" t="87" w="10" /><ent r="4" t="101" w="18" /><ent r="4" t="120" w="249" /><ent r="4" t="148" w="226" /><ent r="64" t="189" w="23" /><ent r="4" t="189" w="27" /><ent r="4" t="189" w="54" /></phr><phr n="Backups"><ent r="4" t="106" w="50" /></phr></stem><stem n="id"><phr n="ids"><ent r="65" t="0" w="233" /><ent r="3" t="32" w="133" /><ent r="3" t="65" w="180" /><ent r="3" t="69" w="55" /><ent r="4" t="69" w="152" /><ent r="4" t="69" w="179" /><ent r="3" t="70" w="258" /><ent r="3" t="99" w="35" /><ent r="3" t="99" w="55" /><ent r="3" t="99" w="65" /><ent r="4" t="99" w="970" /><ent r="4" t="99" w="1027" /><ent r="4" t="126" w="89" /><ent r="6" t="195" w="103" /><ent r="3" t="200" w="34" /><ent r="3" t="200" w="156" /><ent r="3" t="224" w="132" /><ent r="4" t="224" w="151" /><ent r="4" t="224" w="181" /><ent r="3" t="224" w="224" /><ent r="4" t="224" w="244" /><ent r="4" t="224" w="275" /><ent r="3" t="224" w="293" /><ent r="3" t="224" w="299" /><ent r="3" t="224" w="303" /><ent r="3" t="224" w="386" /><ent r="3" t="241" w="34" /><ent r="3" t="246" w="122" /><ent r="3" t="246" w="141" /><ent r="3" t="246" w="147" /><ent r="3" t="246" w="154" /><ent r="3" t="247" w="21" /><ent r="92" t="247" w="33" /><ent r="3" t="247" w="38" /><ent r="3" t="247" w="50" /><ent r="8" t="247" w="77" /><ent r="3" t="247" w="299" /><ent r="3" t="248" w="18" /><ent r="3" t="248" w="35" /><ent r="3" t="248" w="47" /><ent r="4" t="248" w="88" /><ent r="4" t="248" w="115" /><ent r="3" t="251" w="267" /><ent r="4" t="251" w="346" /><ent r="4" t="251" w="403" /><ent r="3" t="260" w="157" /><ent r="3" t="260" w="215" /><ent r="3" t="260" w="236" /><ent r="4" t="260" w="304" /><ent r="3" t="260" w="320" /><ent r="3" t="281" w="284" /></phr><phr n="id"><ent r="3" t="8" w="346" /><ent r="6" t="37" w="62" /><ent r="6" t="37" w="79" /><ent r="6" t="37" w="105" /><ent r="6" t="37" w="129" /><ent r="6" t="37" w="151" /><ent r="6" t="37" w="191" /><ent r="3" t="40" w="61" /><ent r="3" t="40" w="64" /><ent r="5" t="67" w="132" /><ent r="5" t="67" w="150" /><ent r="5" t="67" w="181" /><ent r="5" t="67" w="199" /><ent r="3" t="69" w="90" /><ent r="3" t="69" w="92" /><ent r="3" t="69" w="114" /><ent r="3" t="69" w="121" /><ent r="3" t="69" w="128" /><ent r="3" t="69" w="196" /><ent r="3" t="69" w="207" /><ent r="5" t="69" w="238" /><ent r="4" t="69" w="266" /><ent r="5" t="69" w="299" /><ent r="4" t="69" w="327" /><ent r="3" t="69" w="462" /><ent r="3" t="69" w="476" /><ent r="3" t="79" w="223" /><ent r="3" t="88" w="25" /><ent r="4" t="88" w="111" /><ent r="4" t="88" w="160" /><ent r="3" t="89" w="31" /><ent r="3" t="99" w="110" /><ent r="3" t="99" w="123" /><ent r="4" t="99" w="129" /><ent r="4" t="99" w="142" /><ent r="4" t="99" w="146" /><ent r="4" t="99" w="151" /><ent r="4" t="99" w="163" /><ent r="4" t="99" w="184" /><ent r="4" t="99" w="202" /><ent r="4" t="99" w="215" /><ent r="3" t="99" w="247" /><ent r="3" t="99" w="443" /><ent r="4" t="99" w="507" /><ent r="4" t="99" w="606" /><ent r="3" t="99" w="879" /><ent r="3" t="99" w="900" /><ent r="3" t="99" w="1042" /><ent r="5" t="99" w="1060" /><ent r="4" t="99" w="1071" /><ent r="5" t="99" w="1089" /><ent r="4" t="99" w="1100" /><ent r="3" t="121" w="139" /><ent r="4" t="121" w="160" /><ent r="5" t="121" w="171" /><ent r="4" t="121" w="192" /><ent r="5" t="121" w="207" /><ent r="5" t="121" w="309" /><ent r="4" t="121" w="351" /><ent r="5" t="121" w="477" /><ent r="4" t="121" w="533" /><ent r="64" t="137" w="200" /><ent r="64" t="137" w="268" /><ent r="64" t="142" w="120" /><ent r="64" t="142" w="223" /><ent r="64" t="142" w="325" /><ent r="64" t="150" w="41" /><ent r="3" t="224" w="8" /><ent r="3" t="224" w="26" /><ent r="3" t="224" w="31" /><ent r="3" t="224" w="38" /><ent r="3" t="224" w="55" /><ent r="3" t="224" w="74" /><ent r="3" t="224" w="78" /><ent r="3" t="224" w="86" /><ent r="3" t="224" w="206" /><ent r="3" t="224" w="289" /><ent r="4" t="224" w="337" /><ent r="4" t="224" w="365" /><ent r="3" t="224" w="380" /><ent r="3" t="224" w="388" /><ent r="3" t="224" w="399" /><ent r="3" t="224" w="429" /><ent r="4" t="224" w="461" /><ent r="4" t="224" w="489" /><ent r="3" t="224" w="509" /><ent r="3" t="224" w="519" /><ent r="4" t="224" w="540" /><ent r="4" t="224" w="571" /><ent r="64" t="225" w="46" /><ent r="8" t="247" w="95" /><ent r="8" t="247" w="144" /><ent r="64" t="247" w="216" /><ent r="8" t="247" w="241" /><ent r="8" t="247" w="255" /><ent r="3" t="247" w="285" /><ent r="64" t="247" w="310" /><ent r="8" t="247" w="331" /><ent r="8" t="247" w="352" /><ent r="3" t="248" w="57" /><ent r="3" t="248" w="67" /><ent r="3" t="248" w="128" /><ent r="5" t="248" w="174" /><ent r="4" t="248" w="202" /><ent r="5" t="248" w="235" /><ent r="4" t="248" w="263" /><ent r="4" t="250" w="90" /><ent r="4" t="250" w="140" /><ent r="3" t="250" w="154" /><ent r="3" t="250" w="162" /><ent r="3" t="250" w="226" /><ent r="3" t="251" w="56" /><ent r="4" t="251" w="62" /><ent r="4" t="251" w="75" /><ent r="4" t="251" w="79" /><ent r="4" t="251" w="84" /><ent r="4" t="251" w="96" /><ent r="4" t="251" w="117" /><ent r="4" t="251" w="135" /><ent r="4" t="251" w="148" /><ent r="3" t="251" w="163" /><ent r="3" t="251" w="169" /><ent r="5" t="251" w="183" /><ent r="4" t="251" w="194" /><ent r="5" t="251" w="212" /><ent r="4" t="251" w="223" /><ent r="3" t="251" w="278" /><ent r="3" t="251" w="412" /><ent r="4" t="251" w="433" /><ent r="4" t="251" w="441" /><ent r="4" t="251" w="464" /><ent r="4" t="251" w="477" /><ent r="4" t="251" w="514" /><ent r="4" t="251" w="528" /><ent r="4" t="251" w="556" /><ent r="4" t="251" w="572" /><ent r="3" t="255" w="96" /><ent r="3" t="260" w="149" /><ent r="4" t="260" w="257" /><ent r="4" t="260" w="268" /><ent r="4" t="260" w="374" /><ent r="4" t="260" w="380" /><ent r="3" t="281" w="274" /><ent r="4" t="281" w="331" /><ent r="4" t="281" w="347" /><ent r="5" t="281" w="389" /><ent r="4" t="281" w="399" /><ent r="4" t="281" w="441" /><ent r="4" t="281" w="462" /><ent r="5" t="281" w="508" /><ent r="4" t="281" w="517" /><ent r="4" t="292" w="204" /></phr><phr n="IDs"><ent r="3" t="32" w="117" /><ent r="3" t="32" w="198" /><ent r="64" t="65" w="188" /><ent r="1000" t="69" w="1" /><ent r="100" t="69" w="6" /><ent r="102" t="69" w="10" /><ent r="3" t="69" w="22" /><ent r="64" t="69" w="71" /><ent r="92" t="69" w="74" /><ent r="4" t="98" w="35" /><ent r="3" t="165" w="25" /><ent r="4" t="165" w="259" /><ent r="3" t="166" w="85" /><ent r="1000" t="200" w="2" /><ent r="102" t="200" w="8" /><ent r="3" t="200" w="17" /><ent r="3" t="200" w="73" /><ent r="64" t="246" w="176" /><ent r="1000" t="247" w="4" /><ent r="100" t="247" w="6" /><ent r="102" t="247" w="11" /><ent r="64" t="247" w="58" /><ent r="64" t="247" w="120" /><ent r="64" t="248" w="41" /><ent r="64" t="249" w="38" /><ent r="64" t="250" w="41" /><ent r="64" t="251" w="39" /><ent r="64" t="260" w="163" /><ent r="92" t="260" w="211" /></phr><phr n="Id"><ent r="4" t="99" w="135" /><ent r="4" t="99" w="173" /><ent r="4" t="99" w="943" /><ent r="3" t="117" w="596" /><ent r="1000" t="224" w="1" /><ent r="102" t="224" w="4" /><ent r="92" t="224" w="106" /><ent r="92" t="224" w="191" /><ent r="92" t="224" w="285" /><ent r="92" t="224" w="376" /><ent r="92" t="224" w="499" /><ent r="64" t="247" w="70" /><ent r="1000" t="248" w="3" /><ent r="102" t="248" w="7" /><ent r="4" t="251" w="68" /><ent r="4" t="251" w="106" /><ent r="4" t="251" w="319" /><ent r="4" t="251" w="435" /><ent r="4" t="251" w="471" /><ent r="4" t="251" w="513" /><ent r="4" t="251" w="555" /></phr><phr n="ID"><ent r="3" t="127" w="294" /><ent r="3" t="166" w="101" /><ent r="4" t="166" w="213" /><ent r="3" t="200" w="66" /><ent r="92" t="247" w="272" /><ent r="92" t="247" w="278" /><ent r="3" t="247" w="294" /><ent r="64" t="247" w="322" /><ent r="8" t="247" w="363" /><ent r="1000" t="251" w="2" /><ent r="102" t="251" w="6" /><ent r="3" t="251" w="17" /><ent r="3" t="251" w="32" /><ent r="3" t="251" w="240" /><ent r="4" t="260" w="259" /><ent r="4" t="260" w="270" /></phr></stem><stem n="uuid"><phr n="UUIDs"><ent r="65" t="0" w="235" /><ent r="3" t="65" w="183" /><ent r="64" t="65" w="190" /><ent r="1000" t="69" w="3" /><ent r="100" t="69" w="8" /><ent r="102" t="69" w="12" /><ent r="92" t="69" w="336" /><ent r="3" t="69" w="343" /><ent r="3" t="69" w="348" /><ent r="6" t="173" w="204" /><ent r="1000" t="180" w="2" /><ent r="102" t="180" w="5" /><ent r="3" t="180" w="10" /><ent r="3" t="180" w="16" /><ent r="92" t="180" w="43" /><ent r="3" t="180" w="51" /><ent r="92" t="180" w="116" /><ent r="3" t="181" w="38" /><ent r="6" t="209" w="241" /><ent r="1000" t="215" w="2" /><ent r="102" t="215" w="5" /><ent r="3" t="215" w="8" /><ent r="3" t="215" w="14" /><ent r="92" t="247" w="104" /><ent r="3" t="247" w="109" /><ent r="8" t="247" w="155" /><ent r="3" t="249" w="17" /><ent r="3" t="249" w="32" /><ent r="3" t="249" w="46" /><ent r="3" t="249" w="96" /><ent r="3" t="285" w="105" /></phr><phr n="UUID"><ent r="3" t="69" w="364" /><ent r="3" t="69" w="438" /><ent r="3" t="69" w="545" /><ent r="3" t="180" w="61" /><ent r="64" t="247" w="132" /><ent r="8" t="247" w="139" /><ent r="8" t="247" w="160" /><ent r="1000" t="249" w="3" /><ent r="102" t="249" w="7" /><ent r="3" t="249" w="103" /><ent r="3" t="249" w="113" /><ent r="3" t="249" w="174" /><ent r="4" t="250" w="339" /><ent r="4" t="250" w="378" /></phr><phr n="uuids"><ent r="4" t="69" w="399" /><ent r="4" t="69" w="427" /><ent r="4" t="180" w="78" /><ent r="4" t="180" w="106" /><ent r="3" t="180" w="125" /><ent r="4" t="180" w="156" /><ent r="4" t="180" w="197" /><ent r="67" t="209" w="227" /><ent r="4" t="215" w="42" /><ent r="4" t="215" w="77" /><ent r="64" t="246" w="150" /><ent r="4" t="249" w="62" /><ent r="4" t="249" w="83" /></phr><phr n="uuid"><ent r="3" t="69" w="483" /><ent r="4" t="69" w="491" /><ent r="4" t="69" w="503" /><ent r="4" t="69" w="513" /><ent r="4" t="69" w="529" /><ent r="5" t="69" w="580" /><ent r="4" t="69" w="608" /><ent r="5" t="69" w="631" /><ent r="4" t="69" w="659" /><ent r="4" t="249" w="123" /><ent r="4" t="249" w="135" /><ent r="4" t="249" w="145" /><ent r="4" t="249" w="161" /><ent r="5" t="249" w="214" /><ent r="4" t="249" w="242" /><ent r="5" t="249" w="265" /><ent r="4" t="249" w="293" /><ent r="4" t="250" w="187" /><ent r="4" t="250" w="216" /><ent r="4" t="250" w="245" /><ent r="4" t="250" w="253" /><ent r="4" t="250" w="276" /><ent r="4" t="250" w="288" /></phr></stem><stem n="-inform"><phr n="-information"><ent r="65" t="0" w="239" /><ent r="65" t="0" w="239" /><ent r="4" t="120" w="287" /><ent r="4" t="120" w="287" /></phr><phr n="-Information"><ent r="1000" t="70" w="2" /><ent r="1000" t="70" w="2" /><ent r="100" t="70" w="5" /><ent r="100" t="70" w="5" /><ent r="102" t="70" w="9" /><ent r="102" t="70" w="9" /></phr></stem><stem n="meta"><phr n="meta"><ent r="65" t="0" w="239" /><ent r="3" t="1" w="231" /><ent r="3" t="10" w="196" /><ent r="3" t="27" w="54" /><ent r="64" t="63" w="31" /><ent r="64" t="64" w="57" /><ent r="3" t="64" w="65" /><ent r="3" t="65" w="199" /><ent r="3" t="70" w="13" /><ent r="3" t="70" w="39" /><ent r="3" t="70" w="63" /><ent r="3" t="70" w="234" /><ent r="3" t="70" w="262" /><ent r="3" t="70" w="276" /><ent r="3" t="70" w="303" /><ent r="3" t="70" w="610" /><ent r="4" t="70" w="723" /><ent r="4" t="70" w="822" /><ent r="3" t="79" w="112" /><ent r="3" t="83" w="9" /><ent r="3" t="83" w="27" /><ent r="3" t="83" w="42" /><ent r="3" t="83" w="72" /><ent r="3" t="96" w="656" /><ent r="3" t="112" w="154" /><ent r="3" t="233" w="44" /></phr><phr n="Meta"><ent r="64" t="65" w="211" /><ent r="1000" t="70" w="2" /><ent r="100" t="70" w="5" /><ent r="102" t="70" w="9" /></phr></stem><stem n="meta-inform"><phr n="meta-information"><ent r="65" t="0" w="239" /></phr><phr n="Meta-Information"><ent r="64" t="65" w="211" /><ent r="1000" t="70" w="2" /><ent r="100" t="70" w="5" /><ent r="102" t="70" w="9" /></phr></stem><stem n="callback"><phr n="Callbacks"><ent r="65" t="0" w="243" /><ent r="3" t="65" w="128" /><ent r="64" t="65" w="141" /><ent r="64" t="67" w="85" /><ent r="1000" t="94" w="1" /><ent r="100" t="94" w="3" /><ent r="102" t="94" w="9" /><ent r="3" t="94" w="11" /><ent r="64" t="94" w="65" /><ent r="1000" t="95" w="2" /><ent r="100" t="95" w="4" /><ent r="102" t="95" w="7" /><ent r="1000" t="102" w="3" /><ent r="102" t="102" w="7" /><ent r="65" t="113" w="121" /><ent r="68" t="143" w="179" /><ent r="1000" t="151" w="2" /><ent r="102" t="151" w="5" /><ent r="4" t="151" w="92" /><ent r="4" t="151" w="119" /><ent r="6" t="228" w="106" /><ent r="92" t="228" w="275" /><ent r="65" t="234" w="94" /></phr><phr n="callbacks"><ent r="64" t="56" w="358" /><ent r="3" t="94" w="41" /><ent r="3" t="98" w="14" /><ent r="3" t="99" w="80" /><ent r="3" t="99" w="867" /><ent r="3" t="101" w="10" /><ent r="3" t="102" w="11" /><ent r="3" t="102" w="36" /><ent r="3" t="102" w="72" /><ent r="4" t="113" w="108" /><ent r="4" t="126" w="85" /><ent r="6" t="143" w="183" /><ent r="3" t="151" w="56" /><ent r="3" t="151" w="82" /><ent r="4" t="151" w="100" /><ent r="4" t="151" w="126" /><ent r="64" t="207" w="130" /><ent r="3" t="228" w="88" /><ent r="64" t="244" w="396" /></phr><phr n="Callback"><ent r="3" t="95" w="9" /></phr><phr n="callback"><ent r="3" t="95" w="105" /><ent r="3" t="95" w="124" /><ent r="3" t="126" w="60" /><ent r="3" t="127" w="339" /><ent r="3" t="140" w="38" /><ent r="64" t="151" w="10" /><ent r="3" t="151" w="30" /><ent r="4" t="237" w="272" /><ent r="5" t="237" w="382" /><ent r="5" t="237" w="466" /><ent r="64" t="244" w="111" /><ent r="64" t="251" w="259" /></phr></stem><stem n="allow"><phr n="allow"><ent r="4" t="0" w="245" /><ent r="3" t="29" w="546" /><ent r="3" t="39" w="20" /><ent r="3" t="55" w="189" /><ent r="3" t="59" w="19" /><ent r="3" t="65" w="129" /><ent r="3" t="67" w="14" /><ent r="3" t="94" w="16" /><ent r="3" t="102" w="12" /><ent r="3" t="147" w="6" /><ent r="3" t="148" w="20" /><ent r="6" t="173" w="155" /><ent r="3" t="264" w="13" /><ent r="3" t="306" w="11" /></phr><phr n="allows"><ent r="6" t="5" w="180" /><ent r="6" t="5" w="200" /><ent r="6" t="5" w="286" /><ent r="3" t="7" w="474" /><ent r="3" t="19" w="52" /><ent r="3" t="20" w="81" /><ent r="3" t="27" w="1257" /><ent r="3" t="28" w="210" /><ent r="3" t="42" w="41" /><ent r="3" t="48" w="227" /><ent r="3" t="65" w="272" /><ent r="3" t="70" w="641" /><ent r="3" t="83" w="37" /><ent r="3" t="92" w="27" /><ent r="3" t="92" w="37" /><ent r="3" t="114" w="57" /><ent r="3" t="114" w="105" /><ent r="3" t="116" w="63" /><ent r="3" t="129" w="29" /><ent r="3" t="129" w="64" /><ent r="3" t="142" w="16" /><ent r="4" t="147" w="111" /><ent r="3" t="157" w="8" /><ent r="3" t="158" w="8" /><ent r="3" t="159" w="11" /><ent r="3" t="162" w="19" /><ent r="3" t="166" w="46" /><ent r="3" t="167" w="12" /><ent r="3" t="168" w="16" /><ent r="3" t="174" w="72" /><ent r="3" t="176" w="50" /><ent r="3" t="176" w="185" /><ent r="3" t="186" w="8" /><ent r="3" t="188" w="16" /><ent r="3" t="191" w="121" /><ent r="3" t="192" w="15" /><ent r="3" t="196" w="16" /><ent r="3" t="200" w="68" /><ent r="3" t="203" w="12" /><ent r="3" t="206" w="61" /><ent r="3" t="208" w="10" /><ent r="3" t="236" w="725" /><ent r="3" t="245" w="36" /><ent r="3" t="265" w="32" /><ent r="3" t="275" w="457" /><ent r="3" t="289" w="205" /><ent r="3" t="296" w="27" /><ent r="3" t="301" w="132" /><ent r="3" t="301" w="180" /><ent r="3" t="306" w="35" /></phr><phr n="allowing"><ent r="3" t="26" w="24" /><ent r="3" t="132" w="20" /><ent r="3" t="164" w="62" /><ent r="4" t="289" w="121" /></phr><phr n="allowed"><ent r="3" t="55" w="182" /><ent r="4" t="102" w="98" /><ent r="4" t="236" w="51" /><ent r="3" t="265" w="671" /><ent r="3" t="265" w="679" /><ent r="6" t="270" w="383" /></phr><phr n="Allow"><ent r="6" t="143" w="137" /><ent r="1000" t="148" w="1" /><ent r="102" t="148" w="5" /><ent r="4" t="174" w="103" /><ent r="4" t="174" w="134" /></phr><phr n="Allows"><ent r="4" t="147" w="87" /><ent r="4" t="147" w="99" /><ent r="4" t="193" w="132" /><ent r="4" t="193" w="382" /><ent r="3" t="204" w="9" /><ent r="3" t="223" w="662" /></phr></stem><stem n="action"><phr n="action"><ent r="4" t="0" w="249" /><ent r="3" t="42" w="16" /><ent r="3" t="45" w="19" /><ent r="4" t="49" w="1131" /><ent r="4" t="49" w="1283" /><ent r="3" t="78" w="117" /><ent r="3" t="95" w="95" /><ent r="3" t="100" w="46" /><ent r="4" t="227" w="298" /><ent r="3" t="232" w="148" /><ent r="3" t="260" w="239" /></phr><phr n="Action"><ent r="64" t="41" w="233" /><ent r="1000" t="42" w="3" /><ent r="102" t="42" w="7" /><ent r="64" t="44" w="277" /><ent r="1000" t="45" w="4" /><ent r="102" t="45" w="9" /><ent r="4" t="74" w="205" /><ent r="4" t="76" w="133" /></phr><phr n="actions"><ent r="3" t="120" w="244" /><ent r="3" t="232" w="87" /><ent r="3" t="232" w="97" /><ent r="3" t="260" w="223" /><ent r="3" t="260" w="326" /></phr></stem></index>