﻿<?xml version="1.0" encoding="utf-8"?><index><stem n="soda"><phr n="SODA"><ent r="65" t="0" w="91" /><ent r="64" t="11" w="71" /><ent r="3" t="11" w="111" /><ent r="3" t="11" w="134" /><ent r="3" t="14" w="59" /><ent r="3" t="14" w="1027" /><ent r="3" t="14" w="1082" /><ent r="64" t="15" w="13" /><ent r="3" t="15" w="33" /><ent r="64" t="17" w="337" /><ent r="64" t="18" w="862" /><ent r="64" t="20" w="74" /><ent r="64" t="20" w="103" /><ent r="3" t="20" w="150" /><ent r="3" t="20" w="287" /><ent r="3" t="20" w="319" /><ent r="64" t="21" w="63" /><ent r="1000" t="26" w="1" /><ent r="100" t="26" w="5" /><ent r="100" t="26" w="8" /><ent r="102" t="26" w="10" /><ent r="3" t="26" w="14" /><ent r="3" t="26" w="33" /><ent r="3" t="26" w="82" /><ent r="3" t="26" w="97" /><ent r="4" t="26" w="109" /><ent r="4" t="26" w="124" /><ent r="65" t="26" w="136" /><ent r="3" t="26" w="140" /><ent r="3" t="26" w="166" /><ent r="3" t="26" w="173" /><ent r="64" t="26" w="177" /><ent r="3" t="26" w="183" /><ent r="64" t="26" w="195" /><ent r="3" t="26" w="201" /><ent r="3" t="26" w="215" /><ent r="64" t="26" w="219" /><ent r="64" t="26" w="237" /><ent r="1000" t="27" w="1" /><ent r="102" t="27" w="5" /><ent r="3" t="27" w="14" /><ent r="3" t="27" w="82" /><ent r="3" t="27" w="84" /><ent r="1000" t="28" w="1" /><ent r="102" t="28" w="6" /><ent r="3" t="28" w="24" /><ent r="64" t="28" w="33" /><ent r="100" t="28" w="37" /><ent r="3" t="28" w="54" /><ent r="3" t="28" w="504" /><ent r="3" t="28" w="870" /><ent r="3" t="28" w="878" /><ent r="3" t="28" w="1060" /><ent r="1000" t="29" w="1" /><ent r="102" t="29" w="4" /><ent r="3" t="29" w="12" /><ent r="3" t="29" w="26" /><ent r="3" t="29" w="110" /><ent r="3" t="29" w="319" /><ent r="100" t="29" w="532" /><ent r="1000" t="30" w="1" /><ent r="100" t="30" w="5" /><ent r="102" t="30" w="7" /><ent r="3" t="30" w="19" /><ent r="1000" t="31" w="1" /><ent r="100" t="31" w="5" /><ent r="102" t="31" w="11" /><ent r="3" t="31" w="892" /><ent r="1000" t="32" w="1" /><ent r="102" t="32" w="4" /><ent r="3" t="32" w="8" /><ent r="3" t="32" w="21" /><ent r="3" t="32" w="65" /><ent r="3" t="32" w="106" /><ent r="64" t="32" w="153" /><ent r="3" t="32" w="174" /><ent r="3" t="32" w="189" /><ent r="3" t="230" w="12" /><ent r="64" t="230" w="140" /><ent r="64" t="231" w="176" /><ent r="3" t="231" w="187" /><ent r="64" t="231" w="242" /><ent r="3" t="283" w="128" /><ent r="92" t="283" w="362" /><ent r="64" t="283" w="385" /></phr><phr n="Soda"><ent r="100" t="31" w="9" /></phr></stem><stem n="take"><phr n="Take"><ent r="4" t="0" w="94" /><ent r="4" t="0" w="211" /><ent r="4" t="0" w="281" /><ent r="3" t="23" w="182" /><ent r="3" t="26" w="161" /><ent r="3" t="28" w="25" /><ent r="3" t="44" w="255" /><ent r="3" t="51" w="189" /><ent r="3" t="77" w="104" /><ent r="3" t="77" w="119" /><ent r="3" t="96" w="32" /><ent r="3" t="106" w="396" /><ent r="3" t="117" w="54" /><ent r="3" t="123" w="138" /><ent r="3" t="126" w="216" /><ent r="3" t="128" w="44" /><ent r="3" t="132" w="99" /><ent r="3" t="140" w="169" /><ent r="3" t="143" w="447" /><ent r="3" t="145" w="141" /><ent r="3" t="228" w="295" /><ent r="4" t="237" w="129" /><ent r="3" t="241" w="103" /><ent r="3" t="247" w="60" /><ent r="3" t="247" w="122" /><ent r="3" t="247" w="219" /><ent r="3" t="247" w="313" /><ent r="3" t="248" w="27" /><ent r="3" t="249" w="24" /><ent r="3" t="250" w="25" /><ent r="3" t="251" w="25" /><ent r="3" t="255" w="124" /><ent r="3" t="255" w="139" /><ent r="4" t="255" w="177" /><ent r="3" t="260" w="151" /><ent r="3" t="261" w="130" /><ent r="3" t="265" w="431" /><ent r="3" t="280" w="49" /><ent r="3" t="283" w="365" /><ent r="3" t="315" w="29" /></phr><phr n="take"><ent r="4" t="0" w="248" /><ent r="3" t="6" w="121" /><ent r="3" t="12" w="204" /><ent r="3" t="13" w="12" /><ent r="3" t="48" w="177" /><ent r="3" t="48" w="196" /><ent r="3" t="48" w="220" /><ent r="3" t="48" w="241" /><ent r="3" t="65" w="33" /><ent r="3" t="69" w="60" /><ent r="3" t="76" w="60" /><ent r="3" t="90" w="289" /><ent r="3" t="114" w="91" /><ent r="3" t="114" w="176" /><ent r="3" t="114" w="212" /><ent r="3" t="148" w="203" /><ent r="3" t="150" w="136" /><ent r="3" t="151" w="43" /><ent r="3" t="153" w="38" /><ent r="4" t="165" w="238" /><ent r="3" t="170" w="41" /><ent r="3" t="207" w="116" /><ent r="4" t="227" w="296" /><ent r="5" t="233" w="404" /><ent r="5" t="233" w="487" /><ent r="3" t="240" w="151" /><ent r="3" t="241" w="125" /><ent r="3" t="246" w="165" /><ent r="3" t="259" w="23" /><ent r="3" t="262" w="35" /><ent r="3" t="270" w="464" /><ent r="3" t="274" w="400" /><ent r="3" t="280" w="89" /><ent r="3" t="282" w="229" /><ent r="3" t="282" w="277" /><ent r="3" t="282" w="284" /><ent r="3" t="283" w="253" /></phr><phr n="taking"><ent r="3" t="7" w="542" /></phr><phr n="takes"><ent r="3" t="23" w="74" /><ent r="4" t="33" w="129" /><ent r="3" t="141" w="362" /><ent r="3" t="146" w="163" /><ent r="3" t="146" w="184" /><ent r="3" t="153" w="25" /><ent r="3" t="164" w="50" /><ent r="3" t="165" w="35" /><ent r="4" t="166" w="236" /><ent r="3" t="179" w="32" /><ent r="3" t="190" w="192" /><ent r="3" t="201" w="13" /><ent r="3" t="225" w="67" /><ent r="3" t="238" w="327" /><ent r="4" t="274" w="366" /><ent r="4" t="274" w="473" /><ent r="3" t="298" w="75" /><ent r="6" t="300" w="116" /><ent r="4" t="309" w="65" /></phr></stem><stem n="look"><phr n="look"><ent r="4" t="0" w="96" /><ent r="4" t="0" w="213" /><ent r="4" t="0" w="283" /><ent r="3" t="3" w="37" /><ent r="3" t="6" w="39" /><ent r="4" t="6" w="139" /><ent r="3" t="12" w="206" /><ent r="3" t="13" w="14" /><ent r="64" t="14" w="1599" /><ent r="3" t="15" w="489" /><ent r="3" t="17" w="228" /><ent r="3" t="17" w="236" /><ent r="3" t="23" w="41" /><ent r="3" t="23" w="184" /><ent r="3" t="26" w="163" /><ent r="3" t="28" w="28" /><ent r="64" t="31" w="1795" /><ent r="3" t="39" w="191" /><ent r="3" t="41" w="24" /><ent r="3" t="44" w="257" /><ent r="3" t="48" w="179" /><ent r="3" t="48" w="198" /><ent r="3" t="48" w="222" /><ent r="3" t="48" w="243" /><ent r="3" t="61" w="36" /><ent r="3" t="62" w="169" /><ent r="3" t="62" w="209" /><ent r="3" t="65" w="35" /><ent r="3" t="69" w="62" /><ent r="3" t="74" w="659" /><ent r="3" t="76" w="62" /><ent r="3" t="77" w="106" /><ent r="3" t="77" w="121" /><ent r="3" t="96" w="34" /><ent r="3" t="106" w="398" /><ent r="3" t="110" w="36" /><ent r="3" t="114" w="178" /><ent r="3" t="117" w="56" /><ent r="3" t="117" w="75" /><ent r="3" t="123" w="140" /><ent r="3" t="126" w="218" /><ent r="3" t="128" w="47" /><ent r="3" t="132" w="101" /><ent r="3" t="140" w="171" /><ent r="3" t="143" w="449" /><ent r="3" t="145" w="144" /><ent r="3" t="190" w="318" /><ent r="3" t="192" w="106" /><ent r="3" t="228" w="297" /><ent r="4" t="237" w="131" /><ent r="3" t="240" w="153" /><ent r="3" t="241" w="105" /><ent r="3" t="247" w="62" /><ent r="3" t="247" w="124" /><ent r="3" t="247" w="221" /><ent r="3" t="247" w="315" /><ent r="3" t="248" w="29" /><ent r="3" t="249" w="26" /><ent r="3" t="250" w="27" /><ent r="3" t="251" w="27" /><ent r="3" t="255" w="126" /><ent r="3" t="255" w="141" /><ent r="4" t="255" w="179" /><ent r="3" t="260" w="153" /><ent r="3" t="261" w="132" /><ent r="3" t="262" w="37" /><ent r="3" t="265" w="434" /><ent r="3" t="270" w="131" /><ent r="3" t="280" w="51" /><ent r="3" t="280" w="91" /><ent r="64" t="282" w="232" /><ent r="3" t="282" w="279" /><ent r="3" t="282" w="286" /><ent r="3" t="283" w="255" /><ent r="3" t="283" w="367" /><ent r="3" t="289" w="11" /><ent r="3" t="301" w="70" /><ent r="3" t="303" w="9" /><ent r="3" t="315" w="31" /></phr><phr n="looking"><ent r="3" t="4" w="500" /><ent r="3" t="250" w="157" /></phr><phr n="looks"><ent r="3" t="32" w="33" /><ent r="3" t="32" w="107" /><ent r="3" t="39" w="100" /><ent r="3" t="44" w="116" /><ent r="3" t="51" w="191" /><ent r="3" t="99" w="1045" /><ent r="3" t="151" w="27" /><ent r="3" t="246" w="167" /><ent r="3" t="267" w="134" /><ent r="3" t="267" w="150" /><ent r="3" t="272" w="349" /></phr><phr n="Look"><ent r="3" t="115" w="108" /><ent r="3" t="265" w="47" /></phr></stem><stem n="concept"><phr n="concepts"><ent r="4" t="0" w="100" /><ent r="3" t="2" w="585" /><ent r="3" t="2" w="611" /><ent r="3" t="2" w="624" /><ent r="3" t="8" w="294" /><ent r="3" t="8" w="357" /><ent r="3" t="33" w="27" /></phr><phr n="concept"><ent r="65" t="0" w="133" /><ent r="3" t="8" w="366" /><ent r="3" t="38" w="412" /><ent r="3" t="145" w="10" /><ent r="3" t="213" w="12" /><ent r="3" t="223" w="300" /><ent r="3" t="274" w="20" /></phr><phr n="Concepts"><ent r="1000" t="8" w="3" /><ent r="102" t="8" w="7" /><ent r="92" t="8" w="288" /></phr><phr n="Concept"><ent r="64" t="8" w="354" /><ent r="64" t="8" w="381" /><ent r="64" t="8" w="394" /><ent r="1000" t="38" w="2" /><ent r="102" t="38" w="10" /><ent r="1000" t="41" w="2" /><ent r="102" t="41" w="7" /><ent r="1000" t="44" w="2" /><ent r="100" t="44" w="5" /><ent r="102" t="44" w="8" /><ent r="64" t="69" w="47" /><ent r="64" t="146" w="47" /><ent r="64" t="222" w="47" /></phr></stem><stem n="like"><phr n="like"><ent r="4" t="0" w="101" /><ent r="4" t="0" w="219" /><ent r="3" t="1" w="160" /><ent r="3" t="3" w="121" /><ent r="3" t="3" w="152" /><ent r="3" t="4" w="211" /><ent r="3" t="5" w="27" /><ent r="3" t="5" w="495" /><ent r="3" t="6" w="95" /><ent r="3" t="8" w="320" /><ent r="3" t="8" w="363" /><ent r="3" t="9" w="172" /><ent r="3" t="13" w="11" /><ent r="3" t="14" w="1067" /><ent r="3" t="14" w="1069" /><ent r="3" t="15" w="113" /><ent r="3" t="17" w="237" /><ent r="3" t="20" w="133" /><ent r="3" t="23" w="48" /><ent r="4" t="25" w="38" /><ent r="3" t="26" w="190" /><ent r="3" t="27" w="86" /><ent r="3" t="27" w="767" /><ent r="5" t="27" w="856" /><ent r="5" t="27" w="859" /><ent r="5" t="27" w="952" /><ent r="5" t="27" w="955" /><ent r="3" t="28" w="531" /><ent r="5" t="28" w="741" /><ent r="5" t="28" w="813" /><ent r="3" t="28" w="880" /><ent r="3" t="30" w="319" /><ent r="3" t="31" w="1126" /><ent r="3" t="31" w="1128" /><ent r="3" t="38" w="93" /><ent r="3" t="38" w="447" /><ent r="3" t="39" w="39" /><ent r="3" t="39" w="178" /><ent r="3" t="40" w="215" /><ent r="3" t="41" w="98" /><ent r="3" t="46" w="13" /><ent r="4" t="53" w="105" /><ent r="4" t="53" w="118" /><ent r="3" t="55" w="92" /><ent r="3" t="56" w="383" /><ent r="3" t="59" w="10" /><ent r="3" t="62" w="36" /><ent r="3" t="62" w="66" /><ent r="3" t="62" w="110" /><ent r="3" t="62" w="151" /><ent r="3" t="62" w="229" /><ent r="3" t="69" w="81" /><ent r="3" t="71" w="47" /><ent r="3" t="71" w="111" /><ent r="3" t="74" w="64" /><ent r="3" t="74" w="660" /><ent r="3" t="74" w="1102" /><ent r="3" t="74" w="1119" /><ent r="3" t="77" w="27" /><ent r="3" t="81" w="38" /><ent r="6" t="92" w="356" /><ent r="4" t="103" w="88" /><ent r="4" t="103" w="110" /><ent r="4" t="103" w="196" /><ent r="3" t="109" w="77" /><ent r="5" t="109" w="131" /><ent r="5" t="109" w="184" /><ent r="3" t="109" w="221" /><ent r="3" t="111" w="15" /><ent r="3" t="111" w="76" /><ent r="3" t="111" w="80" /><ent r="3" t="112" w="234" /><ent r="3" t="114" w="832" /><ent r="3" t="118" w="96" /><ent r="4" t="126" w="202" /><ent r="4" t="140" w="402" /><ent r="3" t="159" w="19" /><ent r="3" t="161" w="32" /><ent r="3" t="172" w="43" /><ent r="3" t="203" w="120" /><ent r="3" t="218" w="41" /><ent r="3" t="252" w="124" /><ent r="3" t="254" w="341" /><ent r="3" t="257" w="583" /><ent r="3" t="261" w="59" /><ent r="4" t="263" w="53" /><ent r="3" t="266" w="57" /><ent r="3" t="267" w="132" /><ent r="3" t="267" w="135" /><ent r="3" t="267" w="151" /><ent r="3" t="270" w="132" /><ent r="3" t="272" w="350" /><ent r="3" t="275" w="92" /><ent r="3" t="281" w="121" /><ent r="3" t="282" w="118" /><ent r="3" t="283" w="353" /><ent r="4" t="305" w="186" /><ent r="3" t="306" w="43" /><ent r="4" t="306" w="182" /><ent r="4" t="308" w="233" /><ent r="3" t="315" w="69" /><ent r="3" t="315" w="177" /></phr><phr n="Like"><ent r="4" t="0" w="311" /><ent r="3" t="14" w="529" /><ent r="82" t="14" w="1043" /><ent r="4" t="27" w="875" /><ent r="5" t="27" w="1003" /><ent r="3" t="31" w="458" /><ent r="82" t="31" w="1102" /><ent r="4" t="31" w="1218" /><ent r="4" t="31" w="1222" /><ent r="5" t="31" w="1252" /><ent r="4" t="31" w="1257" /><ent r="3" t="240" w="733" /><ent r="4" t="308" w="262" /></phr><phr n="likely"><ent r="3" t="5" w="422" /><ent r="3" t="185" w="43" /></phr></stem><stem n="transact"><phr n="transaction"><ent r="65" t="0" w="103" /><ent r="4" t="33" w="54" /><ent r="4" t="33" w="81" /><ent r="4" t="33" w="101" /><ent r="4" t="33" w="128" /><ent r="4" t="33" w="155" /><ent r="3" t="33" w="209" /><ent r="3" t="33" w="211" /><ent r="3" t="33" w="227" /><ent r="3" t="34" w="19" /><ent r="3" t="34" w="27" /><ent r="3" t="34" w="30" /><ent r="3" t="34" w="39" /><ent r="3" t="34" w="63" /><ent r="3" t="34" w="79" /><ent r="3" t="34" w="200" /><ent r="3" t="34" w="486" /><ent r="3" t="35" w="98" /><ent r="3" t="35" w="289" /><ent r="3" t="35" w="437" /><ent r="3" t="36" w="34" /><ent r="3" t="37" w="30" /><ent r="6" t="37" w="71" /><ent r="6" t="37" w="96" /><ent r="6" t="37" w="140" /><ent r="6" t="37" w="173" /><ent r="6" t="37" w="214" /><ent r="3" t="37" w="232" /><ent r="5" t="50" w="1007" /><ent r="5" t="50" w="1068" /><ent r="64" t="54" w="15" /><ent r="3" t="54" w="53" /><ent r="3" t="65" w="27" /><ent r="3" t="66" w="70" /><ent r="3" t="66" w="99" /><ent r="3" t="66" w="316" /><ent r="3" t="66" w="587" /><ent r="3" t="67" w="232" /><ent r="3" t="74" w="627" /><ent r="3" t="74" w="645" /><ent r="3" t="74" w="647" /><ent r="3" t="74" w="654" /><ent r="4" t="74" w="699" /><ent r="4" t="74" w="770" /><ent r="3" t="74" w="785" /><ent r="4" t="74" w="838" /><ent r="4" t="74" w="918" /><ent r="4" t="74" w="986" /><ent r="4" t="74" w="1079" /><ent r="3" t="75" w="410" /><ent r="64" t="75" w="419" /><ent r="3" t="75" w="443" /><ent r="4" t="75" w="483" /><ent r="4" t="75" w="551" /><ent r="4" t="75" w="597" /><ent r="4" t="75" w="665" /><ent r="4" t="75" w="732" /><ent r="4" t="75" w="814" /><ent r="4" t="75" w="884" /><ent r="4" t="75" w="979" /><ent r="64" t="76" w="529" /><ent r="3" t="76" w="578" /><ent r="3" t="76" w="769" /><ent r="3" t="76" w="917" /><ent r="3" t="82" w="30" /><ent r="3" t="82" w="58" /><ent r="3" t="102" w="26" /><ent r="3" t="165" w="122" /><ent r="3" t="166" w="160" /><ent r="5" t="166" w="261" /><ent r="3" t="166" w="432" /><ent r="3" t="167" w="120" /><ent r="4" t="167" w="141" /><ent r="3" t="174" w="214" /><ent r="3" t="174" w="244" /><ent r="3" t="178" w="58" /><ent r="3" t="178" w="109" /><ent r="3" t="181" w="14" /><ent r="3" t="227" w="31" /><ent r="3" t="227" w="414" /><ent r="3" t="227" w="423" /><ent r="3" t="229" w="27" /><ent r="3" t="229" w="255" /><ent r="3" t="229" w="280" /><ent r="3" t="233" w="195" /><ent r="3" t="233" w="316" /><ent r="3" t="233" w="382" /><ent r="5" t="233" w="423" /><ent r="5" t="233" w="511" /><ent r="64" t="243" w="110" /><ent r="3" t="256" w="53" /><ent r="3" t="256" w="76" /><ent r="3" t="286" w="14" /><ent r="3" t="286" w="20" /><ent r="3" t="286" w="32" /><ent r="3" t="286" w="63" /><ent r="4" t="286" w="193" /></phr><phr n="transactions"><ent r="3" t="2" w="622" /><ent r="3" t="5" w="444" /><ent r="3" t="8" w="321" /><ent r="3" t="33" w="238" /><ent r="3" t="33" w="269" /><ent r="3" t="34" w="497" /><ent r="3" t="34" w="510" /><ent r="3" t="35" w="13" /><ent r="3" t="35" w="70" /><ent r="3" t="37" w="15" /><ent r="6" t="37" w="46" /><ent r="3" t="66" w="64" /><ent r="3" t="66" w="76" /><ent r="3" t="66" w="395" /><ent r="3" t="165" w="129" /><ent r="4" t="165" w="215" /><ent r="3" t="166" w="153" /><ent r="4" t="166" w="253" /><ent r="3" t="167" w="219" /><ent r="3" t="233" w="393" /><ent r="3" t="255" w="56" /><ent r="64" t="256" w="36" /></phr><phr n="Transactions"><ent r="64" t="8" w="332" /><ent r="1000" t="33" w="4" /><ent r="102" t="33" w="12" /><ent r="64" t="33" w="278" /><ent r="1000" t="34" w="2" /><ent r="100" t="34" w="4" /><ent r="102" t="34" w="7" /><ent r="92" t="34" w="56" /><ent r="4" t="34" w="144" /><ent r="4" t="34" w="176" /><ent r="4" t="34" w="230" /><ent r="4" t="34" w="262" /><ent r="4" t="34" w="364" /><ent r="4" t="34" w="427" /><ent r="92" t="34" w="494" /><ent r="100" t="66" w="6" /><ent r="100" t="66" w="8" /><ent r="92" t="66" w="296" /><ent r="92" t="75" w="399" /></phr><phr n="transactional"><ent r="3" t="34" w="13" /><ent r="3" t="82" w="13" /></phr><phr n="Transaction"><ent r="92" t="34" w="191" /><ent r="92" t="74" w="612" /></phr></stem><stem n="handl"><phr n="handling"><ent r="65" t="0" w="104" /><ent r="3" t="65" w="250" /><ent r="3" t="96" w="215" /><ent r="4" t="96" w="241" /><ent r="4" t="96" w="287" /><ent r="3" t="103" w="72" /><ent r="4" t="105" w="138" /><ent r="3" t="126" w="17" /><ent r="3" t="126" w="245" /><ent r="3" t="128" w="17" /><ent r="3" t="128" w="43" /><ent r="3" t="162" w="27" /><ent r="3" t="190" w="207" /><ent r="3" t="238" w="98" /></phr><phr n="handle"><ent r="3" t="3" w="69" /><ent r="3" t="7" w="572" /><ent r="5" t="96" w="231" /><ent r="5" t="96" w="274" /><ent r="3" t="108" w="56" /><ent r="3" t="114" w="61" /><ent r="3" t="114" w="157" /><ent r="3" t="117" w="30" /><ent r="3" t="117" w="88" /><ent r="3" t="121" w="595" /><ent r="7" t="128" w="93" /><ent r="7" t="128" w="148" /><ent r="7" t="128" w="215" /><ent r="7" t="128" w="278" /><ent r="7" t="128" w="355" /><ent r="7" t="128" w="415" /><ent r="3" t="207" w="31" /><ent r="3" t="224" w="385" /><ent r="3" t="236" w="253" /></phr><phr n="handles"><ent r="3" t="7" w="500" /><ent r="3" t="119" w="20" /></phr><phr n="handled"><ent r="3" t="49" w="175" /><ent r="3" t="62" w="63" /><ent r="3" t="62" w="150" /><ent r="3" t="117" w="693" /><ent r="3" t="117" w="777" /><ent r="3" t="118" w="106" /><ent r="3" t="126" w="140" /><ent r="3" t="275" w="91" /></phr><phr n="Handling"><ent r="64" t="65" w="257" /><ent r="64" t="65" w="299" /><ent r="1000" t="103" w="2" /><ent r="100" t="103" w="5" /><ent r="102" t="103" w="8" /><ent r="100" t="107" w="6" /><ent r="1000" t="126" w="2" /><ent r="100" t="126" w="5" /><ent r="102" t="126" w="8" /><ent r="3" t="126" w="234" /><ent r="100" t="127" w="5" /></phr><phr n="Handle"><ent r="92" t="126" w="213" /></phr></stem><stem n="acid"><phr n="ACID"><ent r="65" t="0" w="108" /><ent r="65" t="8" w="324" /><ent r="64" t="8" w="329" /><ent r="1000" t="33" w="1" /><ent r="100" t="33" w="6" /><ent r="102" t="33" w="9" /><ent r="64" t="33" w="16" /><ent r="64" t="33" w="198" /><ent r="3" t="33" w="220" /><ent r="65" t="36" w="77" /><ent r="4" t="36" w="110" /><ent r="4" t="36" w="148" /><ent r="3" t="36" w="162" /><ent r="3" t="36" w="183" /><ent r="4" t="36" w="209" /><ent r="4" t="36" w="229" /><ent r="65" t="174" w="212" /><ent r="64" t="178" w="37" /></phr></stem><stem n="properti"><phr n="properties"><ent r="65" t="0" w="109" /><ent r="3" t="8" w="326" /><ent r="3" t="14" w="1390" /><ent r="64" t="33" w="17" /><ent r="3" t="33" w="200" /><ent r="3" t="33" w="221" /><ent r="3" t="36" w="79" /><ent r="4" t="36" w="111" /><ent r="4" t="36" w="149" /><ent r="3" t="36" w="163" /><ent r="4" t="36" w="210" /><ent r="4" t="36" w="230" /><ent r="4" t="50" w="299" /><ent r="4" t="50" w="306" /><ent r="4" t="50" w="310" /><ent r="4" t="50" w="332" /><ent r="4" t="50" w="339" /><ent r="3" t="59" w="115" /><ent r="3" t="76" w="537" /><ent r="64" t="178" w="38" /><ent r="64" t="223" w="120" /><ent r="3" t="262" w="102" /><ent r="3" t="264" w="11" /><ent r="3" t="264" w="327" /><ent r="4" t="264" w="402" /><ent r="4" t="264" w="439" /><ent r="3" t="265" w="456" /><ent r="5" t="265" w="488" /><ent r="3" t="266" w="222" /><ent r="3" t="266" w="227" /><ent r="3" t="266" w="253" /><ent r="4" t="289" w="104" /><ent r="4" t="289" w="111" /><ent r="4" t="297" w="723" /><ent r="82" t="306" w="267" /><ent r="3" t="306" w="275" /><ent r="3" t="315" w="99" /><ent r="3" t="315" w="112" /></phr><phr n="Properties"><ent r="64" t="8" w="330" /><ent r="82" t="14" w="1384" /><ent r="1000" t="33" w="2" /><ent r="100" t="33" w="7" /><ent r="102" t="33" w="10" /><ent r="4" t="93" w="80" /><ent r="67" t="245" w="212" /><ent r="1000" t="264" w="2" /><ent r="100" t="264" w="5" /><ent r="102" t="264" w="8" /><ent r="92" t="264" w="309" /><ent r="4" t="289" w="100" /><ent r="5" t="294" w="200" /></phr><phr n="property"><ent r="3" t="14" w="1402" /><ent r="4" t="14" w="1457" /><ent r="4" t="14" w="1494" /><ent r="4" t="18" w="107" /><ent r="5" t="20" w="501" /><ent r="4" t="49" w="740" /><ent r="4" t="49" w="755" /><ent r="4" t="49" w="768" /><ent r="4" t="55" w="85" /><ent r="4" t="55" w="108" /><ent r="3" t="59" w="108" /><ent r="4" t="143" w="38" /><ent r="4" t="173" w="50" /><ent r="4" t="202" w="36" /><ent r="3" t="223" w="114" /><ent r="4" t="224" w="42" /><ent r="3" t="257" w="520" /><ent r="3" t="264" w="27" /><ent r="4" t="264" w="55" /><ent r="4" t="264" w="86" /><ent r="3" t="264" w="105" /><ent r="3" t="264" w="121" /><ent r="3" t="264" w="130" /><ent r="64" t="264" w="151" /><ent r="3" t="264" w="160" /><ent r="4" t="264" w="221" /><ent r="4" t="264" w="295" /><ent r="3" t="264" w="374" /><ent r="3" t="268" w="144" /><ent r="3" t="268" w="147" /><ent r="3" t="268" w="396" /><ent r="3" t="268" w="399" /><ent r="5" t="297" w="150" /><ent r="3" t="297" w="610" /><ent r="3" t="297" w="625" /><ent r="6" t="299" w="350" /><ent r="6" t="300" w="345" /><ent r="6" t="300" w="353" /><ent r="6" t="300" w="356" /><ent r="6" t="300" w="372" /></phr><phr n="Property"><ent r="5" t="42" w="246" /><ent r="5" t="42" w="267" /><ent r="5" t="42" w="273" /><ent r="5" t="42" w="294" /><ent r="5" t="49" w="849" /><ent r="5" t="49" w="896" /><ent r="5" t="52" w="232" /><ent r="5" t="52" w="259" /><ent r="5" t="99" w="171" /><ent r="5" t="99" w="211" /><ent r="5" t="112" w="816" /><ent r="5" t="112" w="837" /><ent r="5" t="112" w="843" /><ent r="5" t="112" w="864" /><ent r="5" t="112" w="870" /><ent r="5" t="112" w="891" /><ent r="5" t="240" w="457" /><ent r="5" t="240" w="478" /><ent r="5" t="240" w="1372" /><ent r="5" t="240" w="1394" /><ent r="5" t="250" w="114" /><ent r="5" t="250" w="134" /><ent r="5" t="251" w="104" /><ent r="5" t="251" w="144" /><ent r="5" t="263" w="167" /><ent r="5" t="263" w="207" /><ent r="5" t="264" w="71" /><ent r="5" t="264" w="248" /><ent r="5" t="264" w="286" /><ent r="3" t="289" w="166" /></phr></stem><stem n="ident"><phr n="identity"><ent r="65" t="0" w="114" /><ent r="3" t="2" w="90" /><ent r="3" t="8" w="338" /><ent r="3" t="27" w="1075" /><ent r="3" t="27" w="1110" /><ent r="5" t="27" w="1143" /><ent r="5" t="27" w="1208" /><ent r="3" t="28" w="699" /><ent r="3" t="38" w="45" /><ent r="3" t="38" w="260" /><ent r="3" t="38" w="265" /><ent r="3" t="38" w="411" /><ent r="3" t="38" w="497" /><ent r="3" t="38" w="523" /><ent r="3" t="39" w="69" /><ent r="3" t="39" w="359" /><ent r="3" t="39" w="397" /><ent r="3" t="40" w="23" /><ent r="64" t="44" w="113" /><ent r="3" t="99" w="42" /><ent r="3" t="109" w="233" /><ent r="3" t="109" w="253" /><ent r="5" t="109" w="321" /><ent r="4" t="109" w="382" /><ent r="5" t="109" w="431" /><ent r="4" t="109" w="477" /><ent r="3" t="121" w="148" /><ent r="64" t="246" w="20" /><ent r="3" t="246" w="57" /><ent r="3" t="246" w="72" /><ent r="3" t="246" w="85" /><ent r="3" t="246" w="95" /><ent r="64" t="253" w="24" /><ent r="3" t="292" w="28" /></phr><phr n="Identity"><ent r="64" t="8" w="353" /><ent r="1000" t="38" w="1" /><ent r="100" t="38" w="4" /><ent r="102" t="38" w="9" /><ent r="64" t="38" w="513" /><ent r="1000" t="39" w="1" /><ent r="102" t="39" w="5" /><ent r="64" t="69" w="46" /><ent r="4" t="121" w="159" /><ent r="4" t="121" w="161" /><ent r="4" t="121" w="196" /><ent r="4" t="121" w="197" /><ent r="4" t="121" w="355" /><ent r="4" t="121" w="537" /></phr><phr n="identities"><ent r="3" t="69" w="33" /></phr><phr n="Identical"><ent r="4" t="269" w="81" /></phr></stem><stem n="idea"><phr n="idea"><ent r="4" t="0" w="121" /><ent r="3" t="14" w="34" /><ent r="3" t="14" w="1397" /><ent r="3" t="31" w="33" /><ent r="3" t="39" w="43" /><ent r="3" t="244" w="482" /><ent r="4" t="286" w="132" /><ent r="3" t="303" w="40" /></phr></stem><stem n="load"><phr n="loads"><ent r="4" t="0" w="124" /><ent r="3" t="14" w="1211" /><ent r="3" t="41" w="160" /><ent r="3" t="104" w="15" /><ent r="3" t="106" w="267" /><ent r="3" t="169" w="11" /><ent r="3" t="210" w="15" /></phr><phr n="load"><ent r="3" t="6" w="84" /><ent r="3" t="38" w="69" /><ent r="3" t="38" w="232" /><ent r="3" t="38" w="370" /><ent r="3" t="38" w="407" /><ent r="4" t="39" w="276" /><ent r="3" t="40" w="98" /><ent r="3" t="40" w="140" /><ent r="3" t="41" w="153" /><ent r="3" t="49" w="1004" /><ent r="3" t="51" w="74" /><ent r="3" t="66" w="354" /><ent r="3" t="66" w="369" /><ent r="3" t="73" w="250" /><ent r="3" t="90" w="43" /><ent r="4" t="99" w="717" /><ent r="4" t="99" w="847" /><ent r="4" t="105" w="120" /><ent r="3" t="105" w="205" /><ent r="4" t="106" w="78" /><ent r="3" t="112" w="1177" /><ent r="4" t="124" w="130" /><ent r="4" t="125" w="138" /><ent r="4" t="140" w="438" /><ent r="3" t="156" w="123" /><ent r="4" t="203" w="153" /><ent r="3" t="217" w="21" /><ent r="3" t="217" w="23" /><ent r="4" t="238" w="134" /><ent r="3" t="241" w="40" /><ent r="3" t="246" w="42" /><ent r="3" t="252" w="70" /><ent r="3" t="253" w="317" /><ent r="3" t="274" w="288" /><ent r="3" t="281" w="288" /><ent r="3" t="282" w="107" /></phr><phr n="loaded"><ent r="3" t="8" w="372" /><ent r="3" t="38" w="532" /><ent r="3" t="41" w="107" /><ent r="3" t="43" w="126" /><ent r="3" t="44" w="121" /><ent r="3" t="44" w="128" /><ent r="4" t="47" w="97" /><ent r="5" t="49" w="1078" /><ent r="5" t="49" w="1219" /><ent r="4" t="49" w="1359" /><ent r="5" t="50" w="751" /><ent r="5" t="50" w="828" /><ent r="3" t="66" w="343" /><ent r="3" t="66" w="580" /><ent r="3" t="76" w="546" /><ent r="6" t="97" w="262" /><ent r="3" t="99" w="629" /><ent r="4" t="106" w="104" /><ent r="3" t="109" w="284" /><ent r="3" t="111" w="96" /><ent r="3" t="112" w="157" /><ent r="3" t="112" w="1365" /><ent r="4" t="114" w="999" /><ent r="3" t="129" w="22" /><ent r="3" t="130" w="76" /><ent r="4" t="164" w="94" /><ent r="4" t="167" w="167" /><ent r="3" t="171" w="23" /><ent r="3" t="172" w="18" /><ent r="3" t="197" w="63" /><ent r="3" t="198" w="66" /><ent r="3" t="241" w="24" /><ent r="3" t="252" w="85" /><ent r="3" t="253" w="36" /><ent r="3" t="273" w="34" /><ent r="3" t="274" w="31" /></phr><phr n="Loading"><ent r="4" t="38" w="289" /><ent r="4" t="38" w="337" /><ent r="100" t="43" w="9" /><ent r="4" t="105" w="47" /><ent r="92" t="282" w="126" /></phr><phr n="loading"><ent r="3" t="40" w="115" /><ent r="3" t="145" w="17" /><ent r="3" t="213" w="19" /><ent r="3" t="223" w="307" /><ent r="3" t="281" w="293" /></phr><phr n="Load"><ent r="4" t="106" w="282" /><ent r="4" t="106" w="302" /><ent r="4" t="114" w="911" /><ent r="4" t="114" w="938" /></phr></stem></index>