﻿<?xml version="1.0" encoding="utf-8"?><index><stem n=".c"><phr n=".cs"><ent r="4" t="193" w="50" /><ent r="7" t="313" w="70" /><ent r="6" t="313" w="131" /><ent r="6" t="313" w="192" /><ent r="6" t="313" w="246" /></phr></stem><stem n="loggingstorage.c"><phr n="LoggingStorage.cs"><ent r="4" t="193" w="50" /><ent r="4" t="193" w="49" /></phr></stem><stem n="/**//*"><phr n="/**//*"><ent r="4" t="193" w="51" /></phr></stem><stem n="copyright"><phr n="Copyright"><ent r="4" t="193" w="51" /><ent r="4" t="193" w="280" /></phr><phr n="copyright"><ent r="6" t="299" w="442" /></phr></stem><stem n="(c)"><phr n="(C)"><ent r="4" t="193" w="53" /><ent r="4" t="193" w="282" /></phr></stem><stem n="2009"><phr n="2009"><ent r="4" t="193" w="54" /><ent r="4" t="193" w="283" /></phr></stem><stem n="://www.versant.com"><phr n="://www.versant.com"><ent r="4" t="193" w="60" /><ent r="4" t="193" w="289" /></phr></stem><stem n="*/"><phr n="*/"><ent r="4" t="193" w="61" /><ent r="4" t="193" w="105" /><ent r="6" t="300" w="156" /><ent r="6" t="300" w="179" /><ent r="6" t="300" w="203" /><ent r="6" t="300" w="242" /><ent r="6" t="300" w="357" /><ent r="6" t="300" w="431" /><ent r="6" t="300" w="487" /><ent r="6" t="300" w="550" /><ent r="6" t="300" w="615" /></phr></stem><stem n="db4objects.db4o.io"><phr n="Db4objects.Db4o.IO"><ent r="4" t="193" w="66" /><ent r="4" t="193" w="64" /><ent r="4" t="193" w="295" /><ent r="4" t="193" w="293" /></phr></stem><stem n=".db4o.io;"><phr n=".Db4o.IO;"><ent r="4" t="193" w="67" /></phr></stem><stem n="/**//**"><phr n="/**//**"><ent r="4" t="193" w="98" /></phr></stem><stem n="(binconfigur"><phr n="(BinConfiguration"><ent r="4" t="193" w="109" /></phr></stem><stem n="binconfigur"><phr n="BinConfiguration"><ent r="4" t="193" w="109" /><ent r="4" t="193" w="352" /></phr></stem><stem n="base.open"><phr n="base.Open"><ent r="4" t="193" w="114" /><ent r="4" t="193" w="113" /></phr></stem><stem n=".open(config);"><phr n=".Open(config);"><ent r="4" t="193" w="116" /></phr></stem><stem n="(config.readonly())"><phr n="(config.ReadOnly())"><ent r="4" t="193" w="119" /></phr></stem><stem n="readonlybin"><phr n="ReadOnlyBin"><ent r="4" t="193" w="121" /><ent r="4" t="193" w="368" /></phr></stem><stem n="loggingbin"><phr n="LoggingBin"><ent r="4" t="193" w="123" /><ent r="4" t="193" w="127" /><ent r="4" t="193" w="130" /><ent r="4" t="193" w="143" /><ent r="4" t="193" w="146" /><ent r="4" t="193" w="370" /><ent r="4" t="193" w="376" /><ent r="4" t="193" w="380" /><ent r="4" t="193" w="392" /></phr></stem><stem n="(storage));"><phr n="(storage));"><ent r="4" t="193" w="125" /></phr></stem><stem n="(storage);"><phr n="(storage);"><ent r="4" t="193" w="129" /></phr></stem><stem n="/**////"><phr n="/**////"><ent r="4" t="193" w="129" /></phr></stem><stem n="&lt;summary&gt;"><phr n="&lt;summary&gt;"><ent r="4" t="193" w="129" /></phr></stem><stem n="///"><phr n="///"><ent r="4" t="193" w="130" /><ent r="4" t="193" w="136" /><ent r="4" t="193" w="140" /><ent r="5" t="265" w="516" /><ent r="5" t="265" w="530" /><ent r="5" t="265" w="544" /><ent r="5" t="265" w="550" /><ent r="5" t="265" w="567" /></phr></stem><stem n="/summary&gt;"><phr n="/summary&gt;"><ent r="4" t="193" w="141" /></phr></stem><stem n="&lt;/summary&gt;"><phr n="&lt;/summary&gt;"><ent r="4" t="193" w="141" /><ent r="4" t="193" w="140" /></phr></stem><stem n="summary&gt;"><phr n="summary&gt;"><ent r="4" t="193" w="141" /></phr></stem><stem n="(ibin"><phr n="(IBin"><ent r="4" t="193" w="147" /></phr></stem><stem n="(bin)"><phr n="(bin)"><ent r="4" t="193" w="151" /></phr></stem><stem n="base.clos"><phr n="base.Close"><ent r="4" t="193" w="165" /><ent r="4" t="193" w="164" /></phr></stem><stem n="system.consol"><phr n="System.Console"><ent r="4" t="193" w="167" /><ent r="4" t="193" w="166" /><ent r="4" t="193" w="194" /><ent r="4" t="193" w="193" /><ent r="4" t="193" w="233" /><ent r="4" t="193" w="232" /><ent r="4" t="193" w="265" /><ent r="4" t="193" w="264" /><ent r="4" t="193" w="424" /><ent r="4" t="193" w="423" /><ent r="4" t="193" w="462" /><ent r="4" t="193" w="461" /><ent r="4" t="193" w="510" /><ent r="4" t="193" w="509" /><ent r="4" t="193" w="545" /><ent r="4" t="193" w="544" /></phr></stem><stem n="system.console.writelin"><phr n="System.Console.WriteLine"><ent r="4" t="193" w="168" /><ent r="4" t="193" w="166" /><ent r="4" t="193" w="195" /><ent r="4" t="193" w="193" /><ent r="4" t="193" w="234" /><ent r="4" t="193" w="232" /><ent r="4" t="193" w="266" /><ent r="4" t="193" w="264" /><ent r="4" t="193" w="425" /><ent r="4" t="193" w="423" /><ent r="4" t="193" w="463" /><ent r="4" t="193" w="461" /><ent r="4" t="193" w="511" /><ent r="4" t="193" w="509" /><ent r="4" t="193" w="546" /><ent r="4" t="193" w="544" /></phr></stem><stem n=".console.writeline(string.format"><phr n=".Console.WriteLine(string.Format"><ent r="4" t="193" w="170" /></phr></stem><stem n="string.format"><phr n="string.Format"><ent r="4" t="193" w="170" /><ent r="4" t="193" w="169" /><ent r="4" t="193" w="197" /><ent r="4" t="193" w="196" /><ent r="4" t="193" w="236" /><ent r="4" t="193" w="235" /><ent r="4" t="193" w="268" /><ent r="4" t="193" w="267" /></phr><phr n="String.Format"><ent r="4" t="193" w="427" /><ent r="4" t="193" w="426" /><ent r="4" t="193" w="465" /><ent r="4" t="193" w="464" /><ent r="4" t="193" w="513" /><ent r="4" t="193" w="512" /><ent r="4" t="193" w="548" /><ent r="4" t="193" w="547" /></phr></stem><stem n="(&quot;{0}"><phr n="(&quot;{0}"><ent r="4" t="193" w="172" /></phr></stem><stem n="datetime.now"><phr n="DateTime.Now"><ent r="4" t="193" w="176" /><ent r="4" t="193" w="175" /><ent r="4" t="193" w="207" /><ent r="4" t="193" w="206" /><ent r="4" t="193" w="246" /><ent r="4" t="193" w="245" /><ent r="4" t="193" w="273" /><ent r="4" t="193" w="272" /><ent r="4" t="193" w="433" /><ent r="4" t="193" w="432" /><ent r="4" t="193" w="475" /><ent r="4" t="193" w="474" /><ent r="4" t="193" w="523" /><ent r="4" t="193" w="522" /><ent r="4" t="193" w="553" /><ent r="4" t="193" w="552" /></phr></stem><stem n="datetime.now.tostr"><phr n="DateTime.Now.ToString"><ent r="4" t="193" w="177" /><ent r="4" t="193" w="175" /><ent r="4" t="193" w="208" /><ent r="4" t="193" w="206" /><ent r="4" t="193" w="247" /><ent r="4" t="193" w="245" /><ent r="4" t="193" w="274" /><ent r="4" t="193" w="272" /><ent r="4" t="193" w="434" /><ent r="4" t="193" w="432" /><ent r="4" t="193" w="476" /><ent r="4" t="193" w="474" /><ent r="4" t="193" w="524" /><ent r="4" t="193" w="522" /><ent r="4" t="193" w="554" /><ent r="4" t="193" w="552" /></phr></stem><stem n=".now.tostring()));"><phr n=".Now.ToString()));"><ent r="4" t="193" w="178" /><ent r="4" t="193" w="275" /></phr></stem><stem n="(long"><phr n="(long"><ent r="4" t="193" w="187" /><ent r="4" t="193" w="226" /></phr></stem><stem n="po"><phr n="pos"><ent r="4" t="193" w="188" /><ent r="4" t="193" w="210" /><ent r="4" t="193" w="214" /><ent r="4" t="193" w="227" /><ent r="4" t="193" w="249" /><ent r="4" t="193" w="252" /><ent r="4" t="193" w="448" /><ent r="4" t="193" w="478" /><ent r="4" t="193" w="482" /><ent r="4" t="193" w="498" /><ent r="4" t="193" w="526" /><ent r="4" t="193" w="529" /></phr></stem><stem n=".console.writeline("><phr n=".Console.WriteLine("><ent r="4" t="193" w="196" /><ent r="4" t="193" w="235" /><ent r="4" t="193" w="267" /><ent r="4" t="193" w="426" /><ent r="4" t="193" w="464" /><ent r="4" t="193" w="547" /></phr></stem><stem n=".format(&quot;{0}"><phr n=".Format(&quot;{0}"><ent r="4" t="193" w="199" /><ent r="4" t="193" w="238" /><ent r="4" t="193" w="270" /><ent r="4" t="193" w="429" /><ent r="4" t="193" w="467" /><ent r="4" t="193" w="515" /><ent r="4" t="193" w="550" /></phr></stem><stem n="{1}"><phr n="{1}"><ent r="4" t="193" w="202" /><ent r="4" t="193" w="241" /><ent r="4" t="193" w="470" /><ent r="4" t="193" w="518" /></phr></stem><stem n="{2}"><phr n="{2}"><ent r="4" t="193" w="205" /><ent r="4" t="193" w="244" /><ent r="4" t="193" w="473" /><ent r="4" t="193" w="521" /></phr></stem><stem n=".now.tostring(),"><phr n=".Now.ToString(),"><ent r="4" t="193" w="209" /><ent r="4" t="193" w="248" /><ent r="4" t="193" w="477" /><ent r="4" t="193" w="525" /></phr></stem><stem n="base.read"><phr n="base.Read"><ent r="4" t="193" w="213" /><ent r="4" t="193" w="212" /></phr></stem><stem n=".read(pos,"><phr n=".Read(pos,"><ent r="4" t="193" w="215" /><ent r="4" t="193" w="483" /></phr></stem><stem n="base.writ"><phr n="base.Write"><ent r="4" t="193" w="251" /><ent r="4" t="193" w="250" /></phr></stem><stem n=".write(pos,"><phr n=".Write(pos,"><ent r="4" t="193" w="253" /><ent r="4" t="193" w="530" /></phr></stem><stem n="base.sync"><phr n="base.Sync"><ent r="4" t="193" w="276" /><ent r="4" t="193" w="275" /></phr></stem><stem n=".sync();"><phr n=".Sync();"><ent r="4" t="193" w="277" /></phr></stem><stem n=".vb"><phr n=".vb"><ent r="4" t="193" w="279" /></phr></stem><stem n="loggingstorage.vb"><phr n="LoggingStorage.vb"><ent r="4" t="193" w="279" /><ent r="4" t="193" w="278" /></phr></stem><stem n=".db4o.io"><phr n=".Db4o.IO"><ent r="4" t="193" w="295" /></phr></stem><stem n=".storag"><phr n=".Storage"><ent r="4" t="193" w="298" /></phr></stem><stem n="db4odoc.storag"><phr n="Db4odoc.Storage"><ent r="4" t="193" w="298" /><ent r="4" t="193" w="297" /></phr></stem><stem n="mybase.new"><phr n="MyBase.New"><ent r="4" t="193" w="313" /><ent r="4" t="193" w="312" /><ent r="4" t="193" w="332" /><ent r="4" t="193" w="331" /><ent r="4" t="193" w="403" /><ent r="4" t="193" w="402" /></phr></stem><stem n=".new(new"><phr n=".New(New"><ent r="4" t="193" w="314" /></phr></stem><stem n="(byval"><phr n="(ByVal"><ent r="4" t="193" w="321" /><ent r="4" t="193" w="349" /><ent r="4" t="193" w="398" /><ent r="4" t="193" w="447" /><ent r="4" t="193" w="497" /></phr></stem><stem n=".new(storage)"><phr n=".New(storage)"><ent r="4" t="193" w="334" /></phr></stem><stem n="mybase.open"><phr n="MyBase.Open"><ent r="4" t="193" w="360" /><ent r="4" t="193" w="359" /></phr></stem><stem n=".open(config)"><phr n=".Open(config)"><ent r="4" t="193" w="362" /></phr></stem><stem n=".[readonly]()"><phr n=".[ReadOnly]()"><ent r="4" t="193" w="365" /></phr></stem><stem n="(storage))"><phr n="(storage))"><ent r="4" t="193" w="372" /></phr></stem><stem n=".new(bin)"><phr n=".New(bin)"><ent r="4" t="193" w="405" /></phr></stem><stem n="mybase.clos"><phr n="MyBase.Close"><ent r="4" t="193" w="422" /><ent r="4" t="193" w="421" /></phr></stem><stem n=".now.tostring()))"><phr n=".Now.ToString()))"><ent r="4" t="193" w="435" /><ent r="4" t="193" w="555" /></phr></stem><stem n="mybase.read"><phr n="MyBase.Read"><ent r="4" t="193" w="481" /><ent r="4" t="193" w="480" /></phr></stem><stem n=".console.writeline(_"><phr n=".Console.WriteLine(_"><ent r="4" t="193" w="512" /></phr></stem><stem n="mybase.writ"><phr n="MyBase.Write"><ent r="4" t="193" w="528" /><ent r="4" t="193" w="527" /></phr></stem><stem n="mybase.sync"><phr n="MyBase.Sync"><ent r="4" t="193" w="556" /><ent r="4" t="193" w="555" /></phr></stem><stem n=".sync()"><phr n=".Sync()"><ent r="4" t="193" w="557" /></phr></stem><stem n="(you"><phr n="(you"><ent r="3" t="193" w="574" /><ent r="4" t="245" w="65" /></phr></stem><stem n="config.fil"><phr n="config.File"><ent r="5" t="193" w="589" /><ent r="5" t="193" w="588" /><ent r="5" t="193" w="598" /><ent r="5" t="193" w="597" /></phr></stem><stem n="config.file.storag"><phr n="config.File.Storage"><ent r="5" t="193" w="590" /><ent r="5" t="193" w="588" /><ent r="5" t="193" w="599" /><ent r="5" t="193" w="597" /></phr></stem><stem n=".file.storage(new"><phr n=".File.Storage(new"><ent r="5" t="193" w="591" /></phr><phr n=".File.Storage(New"><ent r="5" t="193" w="600" /></phr></stem><stem n=":isolatedstorag"><phr n=":IsolatedStorage"><ent r="100" t="194" w="7" /></phr></stem><stem n="isolatedstorag"><phr n="IsolatedStorage"><ent r="100" t="194" w="7" /><ent r="3" t="194" w="22" /></phr></stem><stem n="isolatedstorage-storag"><phr n="IsolatedStorage-storage"><ent r="3" t="194" w="22" /></phr></stem><stem n="-storage."><phr n="-storage."><ent r="3" t="194" w="24" /><ent r="3" t="194" w="24" /></phr></stem><stem n="ioexampl"><phr n="IOExamples"><ent r="4" t="194" w="62" /><ent r="4" t="194" w="109" /><ent r="4" t="266" w="129" /><ent r="4" t="266" w="172" /><ent r="4" t="266" w="591" /><ent r="4" t="266" w="638" /></phr></stem><stem n="ioexamples.c"><phr n="IOExamples.cs"><ent r="4" t="194" w="63" /><ent r="4" t="194" w="62" /><ent r="4" t="266" w="130" /><ent r="4" t="266" w="129" /><ent r="4" t="266" w="592" /><ent r="4" t="266" w="591" /></phr></stem><stem n="ioexamples.vb"><phr n="IOExamples.vb"><ent r="4" t="194" w="110" /><ent r="4" t="194" w="109" /><ent r="4" t="266" w="173" /><ent r="4" t="266" w="172" /><ent r="4" t="266" w="639" /><ent r="4" t="266" w="638" /></phr></stem><stem n=":client"><phr n=":Client"><ent r="100" t="195" w="5" /></phr></stem><stem n="-and"><phr n="-and"><ent r="3" t="195" w="43" /><ent r="3" t="195" w="43" /></phr></stem><stem n="client-set"><phr n="client-settings"><ent r="3" t="195" w="61" /></phr></stem><stem n="messagesend"><phr n="MessageSender"><ent r="68" t="195" w="68" /><ent r="4" t="236" w="746" /><ent r="4" t="236" w="797" /></phr></stem><stem n="-sender"><phr n="-sender"><ent r="6" t="195" w="74" /><ent r="6" t="195" w="74" /></phr></stem><stem n="message-send"><phr n="message-sender"><ent r="6" t="195" w="74" /></phr></stem><stem n="prefetchdepth"><phr n="PrefetchDepth"><ent r="68" t="195" w="83" /><ent r="4" t="197" w="100" /><ent r="4" t="197" w="126" /></phr></stem><stem n="prefetch"><phr n="prefetched"><ent r="6" t="195" w="92" /><ent r="6" t="195" w="105" /><ent r="6" t="195" w="120" /><ent r="3" t="197" w="169" /><ent r="3" t="198" w="170" /><ent r="3" t="199" w="21" /><ent r="3" t="200" w="82" /></phr><phr n="Prefetch"><ent r="1000" t="197" w="1" /><ent r="100" t="197" w="5" /><ent r="102" t="197" w="8" /><ent r="1000" t="198" w="1" /><ent r="102" t="198" w="9" /><ent r="1000" t="199" w="1" /><ent r="102" t="199" w="10" /></phr><phr n="Prefetching"><ent r="100" t="197" w="4" /><ent r="100" t="198" w="5" /><ent r="100" t="199" w="6" /><ent r="1000" t="200" w="1" /><ent r="102" t="200" w="7" /><ent r="92" t="282" w="349" /></phr><phr n="prefetch"><ent r="3" t="197" w="44" /><ent r="4" t="197" w="107" /><ent r="4" t="197" w="133" /><ent r="64" t="197" w="144" /><ent r="64" t="197" w="150" /><ent r="3" t="197" w="161" /><ent r="3" t="197" w="175" /><ent r="2" t="198" w="46" /><ent r="4" t="198" w="106" /><ent r="4" t="198" w="133" /><ent r="64" t="198" w="145" /><ent r="64" t="198" w="151" /><ent r="3" t="198" w="162" /><ent r="3" t="198" w="176" /><ent r="64" t="282" w="376" /></phr><phr n="Prefetched"><ent r="3" t="197" w="71" /><ent r="3" t="198" w="70" /></phr><phr n="prefetching"><ent r="3" t="282" w="369" /></phr></stem><stem n="prefetchidcount"><phr n="PrefetchIDCount"><ent r="68" t="195" w="97" /><ent r="3" t="200" w="67" /><ent r="3" t="200" w="95" /><ent r="3" t="200" w="118" /><ent r="3" t="200" w="141" /><ent r="3" t="200" w="160" /></phr></stem><stem n="prefetchobjectcount"><phr n="PrefetchObjectCount"><ent r="68" t="195" w="113" /><ent r="4" t="198" w="99" /><ent r="4" t="198" w="126" /></phr></stem><stem n="prefetchslotcaches"><phr n="PrefetchSlotCacheSize"><ent r="68" t="195" w="125" /><ent r="4" t="199" w="40" /><ent r="4" t="199" w="66" /></phr></stem><stem n="slot-cach"><phr n="slot-cache"><ent r="6" t="195" w="129" /></phr></stem><stem n="timeoutclientsocket"><phr n="TimeoutClientSocket"><ent r="68" t="195" w="133" /><ent r="4" t="201" w="27" /><ent r="4" t="201" w="54" /></phr></stem><stem n="timeout"><phr n="timeout"><ent r="6" t="195" w="138" /><ent r="4" t="201" w="36" /><ent r="4" t="201" w="63" /><ent r="4" t="225" w="91" /><ent r="4" t="225" w="119" /><ent r="5" t="235" w="108" /><ent r="5" t="235" w="189" /><ent r="3" t="238" w="247" /><ent r="3" t="238" w="331" /><ent r="4" t="238" w="366" /><ent r="5" t="298" w="211" /></phr><phr n="Timeout"><ent r="1000" t="201" w="1" /><ent r="102" t="201" w="5" /><ent r="92" t="225" w="61" /></phr><phr n="Timeouts"><ent r="1000" t="238" w="3" /><ent r="102" t="238" w="9" /></phr><phr n="timeouts"><ent r="3" t="238" w="341" /></phr></stem><stem n="&quot;messaging&quot;"><phr n="&quot;Messaging&quot;"><ent r="64" t="196" w="27" /><ent r="64" t="205" w="20" /></phr></stem><stem n=":prefetch"><phr n=":Prefetch"><ent r="100" t="197" w="5" /></phr></stem><stem n="latenc"><phr n="latency"><ent r="3" t="197" w="17" /><ent r="2" t="198" w="19" /></phr></stem><stem n="biggest"><phr n="biggest"><ent r="3" t="197" w="22" /><ent r="2" t="198" w="24" /></phr></stem><stem n="bulk"><phr n="bulk"><ent r="3" t="197" w="37" /><ent r="2" t="198" w="39" /><ent r="3" t="203" w="121" /><ent r="4" t="203" w="158" /><ent r="4" t="286" w="120" /></phr></stem><stem n="prefect"><phr n="prefect"><ent r="3" t="197" w="53" /><ent r="3" t="198" w="55" /></phr></stem><stem n="roundtrip"><phr n="roundtrip"><ent r="3" t="197" w="75" /><ent r="3" t="198" w="74" /><ent r="3" t="206" w="71" /><ent r="3" t="282" w="362" /></phr></stem><stem n="roundtrip'"><phr n="roundtrip's"><ent r="3" t="197" w="76" /><ent r="3" t="197" w="75" /><ent r="3" t="198" w="75" /><ent r="3" t="198" w="74" /><ent r="3" t="206" w="72" /><ent r="3" t="206" w="71" /><ent r="3" t="282" w="363" /><ent r="3" t="282" w="362" /></phr></stem><stem n=".prefetchdepth"><phr n=".PrefetchDepth"><ent r="4" t="197" w="100" /><ent r="4" t="197" w="126" /></phr></stem><stem n="configuration.prefetchdepth"><phr n="configuration.PrefetchDepth"><ent r="4" t="197" w="100" /><ent r="4" t="197" w="99" /><ent r="4" t="197" w="126" /><ent r="4" t="197" w="125" /></phr></stem><stem n="clientconfigurationexampl"><phr n="ClientConfigurationExamples"><ent r="4" t="197" w="103" /><ent r="4" t="197" w="129" /><ent r="4" t="198" w="102" /><ent r="4" t="198" w="129" /><ent r="4" t="199" w="43" /><ent r="4" t="199" w="69" /><ent r="4" t="201" w="32" /><ent r="4" t="201" w="59" /></phr></stem><stem n="clientconfigurationexamples.c"><phr n="ClientConfigurationExamples.cs"><ent r="4" t="197" w="104" /><ent r="4" t="197" w="103" /><ent r="4" t="198" w="103" /><ent r="4" t="198" w="102" /><ent r="4" t="199" w="44" /><ent r="4" t="199" w="43" /><ent r="4" t="201" w="33" /><ent r="4" t="201" w="32" /></phr></stem><stem n="clientconfigurationexamples.vb"><phr n="ClientConfigurationExamples.vb"><ent r="4" t="197" w="130" /><ent r="4" t="197" w="129" /><ent r="4" t="198" w="130" /><ent r="4" t="198" w="129" /><ent r="4" t="199" w="70" /><ent r="4" t="199" w="69" /><ent r="4" t="201" w="60" /><ent r="4" t="201" w="59" /></phr></stem><stem n="query-result"><phr n="query-result"><ent r="3" t="197" w="172" /><ent r="3" t="198" w="63" /><ent r="3" t="198" w="173" /></phr></stem><stem n="-result."><phr n="-result."><ent r="3" t="197" w="174" /><ent r="3" t="197" w="174" /><ent r="3" t="198" w="175" /><ent r="3" t="198" w="175" /></phr></stem><stem n="prefetch-depth"><phr n="prefetch-depth"><ent r="3" t="197" w="175" /><ent r="3" t="198" w="176" /></phr></stem><stem n=":object"><phr n=":Object"><ent r="100" t="198" w="6" /></phr></stem><stem n="-result"><phr n="-result"><ent r="3" t="198" w="63" /><ent r="3" t="198" w="63" /></phr></stem><stem n=".prefetchobjectcount"><phr n=".PrefetchObjectCount"><ent r="4" t="198" w="99" /><ent r="4" t="198" w="126" /></phr></stem><stem n="configuration.prefetchobjectcount"><phr n="configuration.PrefetchObjectCount"><ent r="4" t="198" w="99" /><ent r="4" t="198" w="98" /><ent r="4" t="198" w="126" /><ent r="4" t="198" w="125" /></phr></stem><stem n="500"><phr n="500"><ent r="4" t="198" w="100" /><ent r="4" t="198" w="127" /></phr></stem><stem n=":cach"><phr n=":Cache"><ent r="100" t="199" w="7" /></phr></stem><stem n=".prefetchslotcaches"><phr n=".PrefetchSlotCacheSize"><ent r="4" t="199" w="40" /><ent r="4" t="199" w="66" /></phr></stem><stem n="configuration.prefetchslotcaches"><phr n="configuration.PrefetchSlotCacheSize"><ent r="4" t="199" w="40" /><ent r="4" t="199" w="39" /><ent r="4" t="199" w="66" /><ent r="4" t="199" w="65" /></phr></stem><stem n="-alloc"><phr n="-allocated"><ent r="3" t="200" w="20" /><ent r="3" t="200" w="20" /><ent r="3" t="200" w="76" /><ent r="3" t="200" w="76" /></phr></stem><stem n="pre-alloc"><phr n="pre-allocated"><ent r="3" t="200" w="20" /><ent r="3" t="200" w="76" /></phr></stem><stem n="approxim"><phr n="approximately"><ent r="3" t="200" w="100" /></phr></stem><stem n="prealloc"><phr n="preallocated"><ent r="3" t="200" w="155" /></phr></stem><stem n="socket"><phr n="Socket"><ent r="1000" t="201" w="3" /><ent r="102" t="201" w="7" /><ent r="92" t="225" w="60" /><ent r="6" t="270" w="454" /></phr><phr n="socket"><ent r="6" t="202" w="121" /><ent r="3" t="208" w="19" /><ent r="4" t="208" w="38" /><ent r="4" t="208" w="68" /><ent r="3" t="208" w="83" /><ent r="4" t="225" w="90" /><ent r="4" t="225" w="118" /><ent r="64" t="237" w="52" /><ent r="6" t="270" w="398" /></phr><phr n="Sockets"><ent r="1000" t="208" w="2" /><ent r="102" t="208" w="7" /></phr><phr n="sockets"><ent r="3" t="237" w="57" /></phr></stem><stem n="inact"><phr n="inactive"><ent r="3" t="201" w="16" /><ent r="3" t="225" w="70" /></phr></stem><stem n=".timeoutclientsocket"><phr n=".TimeoutClientSocket"><ent r="4" t="201" w="27" /><ent r="4" t="201" w="54" /></phr></stem><stem n="configuration.timeoutclientsocket"><phr n="configuration.TimeoutClientSocket"><ent r="4" t="201" w="27" /><ent r="4" t="201" w="26" /><ent r="4" t="201" w="54" /><ent r="4" t="201" w="53" /></phr></stem><stem n=":network"><phr n=":Network"><ent r="100" t="202" w="5" /></phr></stem><stem n="networking-configur"><phr n="networking-configuration"><ent r="3" t="202" w="12" /></phr></stem><stem n="networking-"><phr n="networking-"><ent r="3" t="202" w="33" /></phr></stem><stem n="batchmessag"><phr n="BatchMessages"><ent r="68" t="202" w="75" /><ent r="4" t="203" w="34" /><ent r="4" t="203" w="64" /></phr></stem><stem n="batch"><phr n="batch"><ent r="6" t="202" w="79" /><ent r="6" t="202" w="105" /><ent r="4" t="203" w="44" /><ent r="4" t="203" w="73" /><ent r="3" t="203" w="92" /><ent r="4" t="206" w="95" /><ent r="4" t="206" w="124" /><ent r="4" t="236" w="63" /></phr><phr n="Batch"><ent r="1000" t="203" w="1" /><ent r="100" t="203" w="4" /><ent r="102" t="203" w="7" /><ent r="3" t="203" w="10" /><ent r="3" t="203" w="131" /><ent r="65" t="203" w="176" /><ent r="1000" t="206" w="2" /><ent r="102" t="206" w="7" /></phr></stem><stem n="messagerecipi"><phr n="MessageRecipient"><ent r="68" t="202" w="82" /><ent r="4" t="236" w="292" /><ent r="4" t="236" w="332" /><ent r="4" t="236" w="542" /><ent r="4" t="236" w="575" /></phr></stem><stem n="clientserverfactori"><phr n="ClientServerFactory"><ent r="68" t="202" w="89" /><ent r="4" t="204" w="46" /><ent r="4" t="204" w="81" /></phr></stem><stem n="maxbatchqueues"><phr n="MaxBatchQueueSize"><ent r="68" t="202" w="97" /><ent r="4" t="206" w="87" /><ent r="4" t="206" w="116" /></phr></stem><stem n="singlethreadedcli"><phr n="SingleThreadedClient"><ent r="68" t="202" w="108" /><ent r="4" t="207" w="43" /><ent r="4" t="207" w="71" /></phr></stem><stem n="socketfactori"><phr n="SocketFactory"><ent r="68" t="202" w="117" /><ent r="4" t="208" w="28" /><ent r="4" t="208" w="58" /></phr></stem><stem n="socket-factori"><phr n="socket-factory"><ent r="6" t="202" w="121" /><ent r="4" t="208" w="38" /><ent r="4" t="208" w="68" /></phr></stem><stem n="-factory."><phr n="-factory."><ent r="6" t="202" w="123" /><ent r="6" t="202" w="123" /></phr></stem><stem n="configuration.network"><phr n="configuration.Networking"><ent r="4" t="203" w="33" /><ent r="4" t="203" w="32" /><ent r="4" t="203" w="63" /><ent r="4" t="203" w="62" /><ent r="4" t="204" w="45" /><ent r="4" t="204" w="44" /><ent r="4" t="204" w="80" /><ent r="4" t="204" w="79" /><ent r="4" t="206" w="86" /><ent r="4" t="206" w="85" /><ent r="4" t="206" w="115" /><ent r="4" t="206" w="114" /><ent r="4" t="207" w="42" /><ent r="4" t="207" w="41" /><ent r="4" t="207" w="70" /><ent r="4" t="207" w="69" /><ent r="4" t="208" w="27" /><ent r="4" t="208" w="26" /><ent r="4" t="208" w="57" /><ent r="4" t="208" w="56" /><ent r="4" t="236" w="291" /><ent r="4" t="236" w="290" /><ent r="4" t="236" w="331" /><ent r="4" t="236" w="330" /><ent r="4" t="236" w="541" /><ent r="4" t="236" w="540" /><ent r="4" t="236" w="574" /><ent r="4" t="236" w="573" /></phr></stem><stem n=".networking.batchmessag"><phr n=".Networking.BatchMessages"><ent r="4" t="203" w="34" /><ent r="4" t="203" w="64" /></phr></stem><stem n="configuration.networking.batchmessag"><phr n="configuration.Networking.BatchMessages"><ent r="4" t="203" w="34" /><ent r="4" t="203" w="32" /><ent r="4" t="203" w="64" /><ent r="4" t="203" w="62" /></phr></stem><stem n="networkconfigurationexampl"><phr n="NetworkConfigurationExample"><ent r="4" t="203" w="39" /><ent r="4" t="203" w="68" /><ent r="4" t="204" w="52" /><ent r="4" t="204" w="87" /><ent r="4" t="206" w="90" /><ent r="4" t="206" w="119" /><ent r="4" t="207" w="48" /><ent r="4" t="207" w="75" /><ent r="4" t="208" w="34" /><ent r="4" t="208" w="64" /></phr></stem><stem n="networkconfigurationexample.c"><phr n="NetworkConfigurationExample.cs"><ent r="4" t="203" w="40" /><ent r="4" t="203" w="39" /><ent r="4" t="204" w="53" /><ent r="4" t="204" w="52" /><ent r="4" t="206" w="91" /><ent r="4" t="206" w="90" /><ent r="4" t="207" w="49" /><ent r="4" t="207" w="48" /><ent r="4" t="208" w="35" /><ent r="4" t="208" w="34" /></phr></stem><stem n="networkconfigurationexample.vb"><phr n="NetworkConfigurationExample.vb"><ent r="4" t="203" w="69" /><ent r="4" t="203" w="68" /><ent r="4" t="204" w="88" /><ent r="4" t="204" w="87" /><ent r="4" t="206" w="120" /><ent r="4" t="206" w="119" /><ent r="4" t="207" w="76" /><ent r="4" t="207" w="75" /><ent r="4" t="208" w="65" /><ent r="4" t="208" w="64" /></phr></stem><stem n="ineffici"><phr n="inefficient"><ent r="3" t="203" w="110" /><ent r="3" t="233" w="77" /></phr></stem><stem n="&quot;max"><phr n="&quot;Max"><ent r="65" t="203" w="175" /></phr></stem><stem n=".networking.clientserverfactori"><phr n=".Networking.ClientServerFactory"><ent r="4" t="204" w="46" /><ent r="4" t="204" w="81" /></phr></stem><stem n="configuration.networking.clientserverfactori"><phr n="configuration.Networking.ClientServerFactory"><ent r="4" t="204" w="46" /><ent r="4" t="204" w="44" /><ent r="4" t="204" w="81" /><ent r="4" t="204" w="79" /></phr></stem><stem n="standardclientserverfactori"><phr n="StandardClientServerFactory"><ent r="4" t="204" w="50" /><ent r="4" t="204" w="85" /></phr></stem><stem n="recipi"><phr n="Recipient"><ent r="1000" t="205" w="2" /><ent r="102" t="205" w="5" /></phr><phr n="recipient"><ent r="3" t="205" w="10" /><ent r="3" t="236" w="264" /></phr></stem><stem n="queu"><phr n="queued"><ent r="3" t="206" w="42" /><ent r="3" t="206" w="74" /></phr></stem><stem n="roundtrip's."><phr n="roundtrip's."><ent r="3" t="206" w="72" /><ent r="3" t="206" w="71" /><ent r="3" t="282" w="363" /><ent r="3" t="282" w="362" /></phr></stem><stem n=".networking.maxbatchqueues"><phr n=".Networking.MaxBatchQueueSize"><ent r="4" t="206" w="87" /><ent r="4" t="206" w="116" /></phr></stem><stem n="configuration.networking.maxbatchqueues"><phr n="configuration.Networking.MaxBatchQueueSize"><ent r="4" t="206" w="87" /><ent r="4" t="206" w="85" /><ent r="4" t="206" w="116" /><ent r="4" t="206" w="114" /></phr></stem><stem n=".networking.singlethreadedcli"><phr n=".Networking.SingleThreadedClient"><ent r="4" t="207" w="43" /><ent r="4" t="207" w="71" /></phr></stem></index>