﻿<?xml version="1.0" encoding="utf-8"?><index><stem n="nativetypesystem"><phr n="nativeTypeSystem"><ent r="3" t="298" w="546" /><ent r="6" t="299" w="222" /></phr></stem><stem n="-nativeinterfac"><phr n="-nativeInterfaces"><ent r="3" t="298" w="547" /><ent r="3" t="298" w="547" /><ent r="6" t="299" w="242" /><ent r="6" t="299" w="242" /></phr></stem><stem n="nativeinterfac"><phr n="nativeInterfaces"><ent r="3" t="298" w="547" /><ent r="6" t="299" w="242" /></phr></stem><stem n="&lt;sharpen"><phr n="&lt;sharpen"><ent r="4" t="299" w="38" /><ent r="4" t="299" w="113" /></phr></stem><stem n="target.dir"><phr n="target.dir"><ent r="4" t="299" w="42" /><ent r="4" t="299" w="41" /></phr></stem><stem n="=&quot;${target.dir}&quot;"><phr n="=&quot;${target.dir}&quot;"><ent r="4" t="299" w="43" /></phr></stem><stem n="sharpened_exampl"><phr n="sharpened_examples"><ent r="4" t="299" w="45" /><ent r="4" t="299" w="44" /></phr></stem><stem n="sharpened_examples/src"><phr n="sharpened_examples/src"><ent r="4" t="299" w="46" /><ent r="4" t="299" w="44" /></phr></stem><stem n="=&quot;sharpened_examples/src&quot;&gt;"><phr n="=&quot;sharpened_examples/src&quot;&gt;"><ent r="4" t="299" w="47" /></phr></stem><stem n="&lt;args&gt;"><phr n="&lt;args&gt;"><ent r="4" t="299" w="48" /><ent r="4" t="299" w="123" /></phr></stem><stem n="&lt;arg"><phr n="&lt;arg"><ent r="4" t="299" w="59" /><ent r="4" t="299" w="124" /><ent r="4" t="299" w="128" /><ent r="4" t="299" w="135" /><ent r="6" t="299" w="195" /><ent r="6" t="299" w="200" /></phr></stem><stem n="sharpen-al"><phr n="sharpen-all"><ent r="4" t="299" w="61" /><ent r="3" t="299" w="71" /><ent r="4" t="299" w="137" /></phr></stem><stem n="sharpen-all-opt"><phr n="sharpen-all-options"><ent r="4" t="299" w="61" /><ent r="3" t="299" w="71" /><ent r="4" t="299" w="137" /></phr></stem><stem n="all-opt"><phr n="all-options"><ent r="4" t="299" w="62" /><ent r="3" t="299" w="72" /><ent r="4" t="299" w="138" /></phr></stem><stem n="=&quot;@sharpen-all-options&quot;"><phr n="=&quot;@sharpen-all-options&quot;"><ent r="4" t="299" w="64" /><ent r="4" t="299" w="140" /></phr></stem><stem n="/args&gt;"><phr n="/args&gt;"><ent r="4" t="299" w="66" /><ent r="4" t="299" w="142" /></phr></stem><stem n="&lt;/args&gt;"><phr n="&lt;/args&gt;"><ent r="4" t="299" w="66" /><ent r="4" t="299" w="65" /><ent r="4" t="299" w="142" /><ent r="4" t="299" w="141" /></phr></stem><stem n="args&gt;"><phr n="args&gt;"><ent r="4" t="299" w="66" /><ent r="4" t="299" w="142" /></phr></stem><stem n="/sharpen&gt;"><phr n="/sharpen&gt;"><ent r="4" t="299" w="68" /><ent r="4" t="299" w="144" /></phr></stem><stem n="&lt;/sharpen&gt;"><phr n="&lt;/sharpen&gt;"><ent r="4" t="299" w="68" /><ent r="4" t="299" w="67" /><ent r="4" t="299" w="144" /><ent r="4" t="299" w="143" /></phr></stem><stem n="sharpen&gt;"><phr n="sharpen&gt;"><ent r="4" t="299" w="68" /><ent r="4" t="299" w="144" /></phr></stem><stem n="-all-opt"><phr n="-all-options"><ent r="3" t="299" w="71" /><ent r="3" t="299" w="72" /></phr></stem><stem n="dir.sharpen"><phr n="dir.sharpen"><ent r="4" t="299" w="117" /><ent r="4" t="299" w="116" /></phr></stem><stem n="=&quot;${dir.sharpen}&quot;"><phr n="=&quot;${dir.sharpen}&quot;"><ent r="4" t="299" w="118" /></phr></stem><stem n="db4oj"><phr n="db4oj"><ent r="4" t="299" w="119" /><ent r="6" t="313" w="74" /><ent r="6" t="313" w="82" /><ent r="7" t="313" w="109" /><ent r="7" t="313" w="116" /><ent r="6" t="313" w="121" /><ent r="7" t="313" w="123" /><ent r="6" t="313" w="132" /><ent r="6" t="313" w="133" /><ent r="6" t="313" w="145" /><ent r="6" t="313" w="146" /><ent r="6" t="313" w="148" /><ent r="6" t="313" w="160" /><ent r="6" t="313" w="161" /><ent r="6" t="313" w="163" /><ent r="5" t="313" w="175" /><ent r="6" t="313" w="185" /><ent r="6" t="313" w="193" /><ent r="6" t="313" w="247" /><ent r="6" t="313" w="340" /><ent r="6" t="313" w="344" /><ent r="6" t="313" w="425" /><ent r="6" t="313" w="426" /></phr></stem><stem n="db4oj/cor"><phr n="db4oj/core"><ent r="4" t="299" w="120" /><ent r="4" t="299" w="119" /></phr></stem><stem n="db4oj/core/src"><phr n="db4oj/core/src"><ent r="4" t="299" w="121" /><ent r="4" t="299" w="119" /></phr></stem><stem n="=&quot;db4oj/core/src&quot;&gt;"><phr n="=&quot;db4oj/core/src&quot;&gt;"><ent r="4" t="299" w="122" /></phr></stem><stem n="xmldoc"><phr n="xmldoc"><ent r="4" t="299" w="126" /><ent r="6" t="299" w="446" /><ent r="6" t="299" w="461" /></phr></stem><stem n="=&quot;-xmldoc&quot;/&gt;"><phr n="=&quot;-xmldoc&quot;/&gt;"><ent r="4" t="299" w="127" /></phr></stem><stem n="config/sharpen"><phr n="config/sharpen"><ent r="4" t="299" w="131" /><ent r="4" t="299" w="130" /><ent r="6" t="299" w="463" /><ent r="6" t="299" w="462" /></phr></stem><stem n="config/sharpen/apioverlai"><phr n="config/sharpen/ApiOverlay"><ent r="4" t="299" w="132" /><ent r="4" t="299" w="130" /><ent r="6" t="299" w="464" /><ent r="6" t="299" w="462" /></phr></stem><stem n="apioverlai"><phr n="ApiOverlay"><ent r="4" t="299" w="132" /><ent r="6" t="299" w="464" /></phr></stem><stem n="config/sharpen/apioverlay.xml"><phr n="config/sharpen/ApiOverlay.xml"><ent r="4" t="299" w="133" /><ent r="4" t="299" w="130" /><ent r="6" t="299" w="465" /><ent r="6" t="299" w="462" /></phr></stem><stem n="=&quot;config/sharpen/apioverlay.xml&quot;"><phr n="=&quot;config/sharpen/ApiOverlay.xml&quot;"><ent r="4" t="299" w="134" /></phr></stem><stem n="-pascalcas"><phr n="-pascalCase"><ent r="6" t="299" w="164" /><ent r="6" t="299" w="164" /></phr></stem><stem n="pascalcas"><phr n="pascalCase"><ent r="6" t="299" w="164" /></phr></stem><stem n="indentifi"><phr n="indentifiers"><ent r="6" t="299" w="177" /></phr></stem><stem n="(namespaces)"><phr n="(namespaces)"><ent r="6" t="299" w="182" /></phr></stem><stem n="-cp"><phr n="-cp"><ent r="6" t="299" w="186" /><ent r="6" t="299" w="186" /></phr></stem><stem n="cp"><phr n="cp"><ent r="6" t="299" w="186" /><ent r="6" t="299" w="197" /></phr></stem><stem n="=&quot;-cp&quot;"><phr n="=&quot;-cp&quot;"><ent r="6" t="299" w="198" /></phr></stem><stem n="db4o-7"><phr n="db4o-7"><ent r="6" t="299" w="203" /></phr></stem><stem n="7"><phr n="7"><ent r="6" t="299" w="204" /><ent r="6" t="313" w="253" /></phr></stem><stem n="lib/db4o-7.2"><phr n="lib/db4o-7.2"><ent r="6" t="299" w="205" /><ent r="6" t="299" w="202" /></phr></stem><stem n="lib/db4o-7.2.37"><phr n="lib/db4o-7.2.37"><ent r="6" t="299" w="206" /><ent r="6" t="299" w="202" /></phr></stem><stem n="37"><phr n="37"><ent r="6" t="299" w="206" /></phr></stem><stem n="10417"><phr n="10417"><ent r="6" t="299" w="207" /></phr></stem><stem n="10417-java5"><phr n="10417-java5"><ent r="6" t="299" w="207" /></phr></stem><stem n="java5"><phr n="java5"><ent r="6" t="299" w="208" /></phr></stem><stem n="lib/db4o-7.2.37.10417-java5.jar"><phr n="lib/db4o-7.2.37.10417-java5.jar"><ent r="6" t="299" w="209" /><ent r="6" t="299" w="202" /></phr></stem><stem n="=&quot;lib/db4o-7.2.37.10417-java5.jar&quot;"><phr n="=&quot;lib/db4o-7.2.37.10417-java5.jar&quot;"><ent r="6" t="299" w="210" /></phr></stem><stem n="-srcfolder"><phr n="-srcFolder"><ent r="6" t="299" w="212" /><ent r="6" t="299" w="212" /></phr></stem><stem n="srcfolder"><phr n="srcFolder"><ent r="6" t="299" w="212" /></phr></stem><stem n="java.lang"><phr n="java.lang"><ent r="6" t="299" w="237" /><ent r="6" t="299" w="236" /></phr></stem><stem n="lang"><phr n="lang"><ent r="6" t="299" w="237" /></phr></stem><stem n=".lang.class"><phr n=".lang.Class"><ent r="6" t="299" w="238" /></phr></stem><stem n="java.lang.class"><phr n="java.lang.Class"><ent r="6" t="299" w="238" /><ent r="6" t="299" w="236" /></phr></stem><stem n=".type"><phr n=".Type"><ent r="6" t="299" w="240" /></phr></stem><stem n="system.typ"><phr n="System.Type"><ent r="6" t="299" w="240" /><ent r="6" t="299" w="239" /></phr></stem><stem n="&quot;i&quot;"><phr n="&quot;I&quot;"><ent r="6" t="299" w="247" /></phr></stem><stem n="-organizeus"><phr n="-organizeUsings"><ent r="6" t="299" w="254" /><ent r="6" t="299" w="254" /></phr></stem><stem n="organizeus"><phr n="organizeUsings"><ent r="6" t="299" w="254" /></phr></stem><stem n="&quot;using&quot;"><phr n="&quot;using&quot;"><ent r="6" t="299" w="258" /></phr></stem><stem n="-fullyqualifi"><phr n="-fullyQualify"><ent r="6" t="299" w="263" /><ent r="6" t="299" w="263" /><ent r="6" t="299" w="272" /><ent r="6" t="299" w="272" /></phr></stem><stem n="fullyqualifi"><phr n="fullyQualify"><ent r="6" t="299" w="263" /><ent r="6" t="299" w="272" /></phr></stem><stem n="-qualifi"><phr n="-qualified"><ent r="6" t="299" w="268" /><ent r="6" t="299" w="268" /></phr></stem><stem n="fully-qualifi"><phr n="fully-qualified"><ent r="6" t="299" w="268" /></phr></stem><stem n="qualifi"><phr n="qualified"><ent r="6" t="299" w="269" /></phr></stem><stem n="-namespacemap"><phr n="-namespaceMapping"><ent r="6" t="299" w="275" /><ent r="6" t="299" w="275" /><ent r="6" t="299" w="289" /><ent r="6" t="299" w="289" /></phr></stem><stem n="namespacemap"><phr n="namespaceMapping"><ent r="6" t="299" w="275" /><ent r="6" t="299" w="289" /></phr></stem><stem n="-methodmap"><phr n="-methodMapping"><ent r="6" t="299" w="295" /><ent r="6" t="299" w="295" /><ent r="6" t="299" w="315" /><ent r="6" t="299" w="315" /></phr></stem><stem n="methodmap"><phr n="methodMapping"><ent r="6" t="299" w="295" /><ent r="6" t="299" w="315" /></phr></stem><stem n="(can"><phr n="(can"><ent r="6" t="299" w="306" /></phr></stem><stem n="java.util"><phr n="java.util"><ent r="6" t="299" w="317" /><ent r="6" t="299" w="316" /></phr></stem><stem n="java.util.d"><phr n="java.util.Date"><ent r="6" t="299" w="318" /><ent r="6" t="299" w="316" /></phr></stem><stem n=".util.date.gettim"><phr n=".util.Date.getTime"><ent r="6" t="299" w="319" /></phr></stem><stem n="java.util.date.gettim"><phr n="java.util.Date.getTime"><ent r="6" t="299" w="319" /><ent r="6" t="299" w="316" /></phr></stem><stem n="gettim"><phr n="getTime"><ent r="6" t="299" w="319" /></phr></stem><stem n="sharpen.runtim"><phr n="Sharpen.Runtime"><ent r="6" t="299" w="321" /><ent r="6" t="299" w="320" /></phr></stem><stem n=".runtime.tojavamillisecond"><phr n=".Runtime.ToJavaMilliseconds"><ent r="6" t="299" w="322" /></phr></stem><stem n="sharpen.runtime.tojavamillisecond"><phr n="Sharpen.Runtime.ToJavaMilliseconds"><ent r="6" t="299" w="322" /><ent r="6" t="299" w="320" /></phr></stem><stem n="tojavamillisecond"><phr n="ToJavaMilliseconds"><ent r="6" t="299" w="322" /></phr></stem><stem n="-typemap"><phr n="-typeMapping"><ent r="6" t="299" w="324" /><ent r="6" t="299" w="324" /><ent r="6" t="299" w="334" /><ent r="6" t="299" w="334" /></phr></stem><stem n="typemap"><phr n="typeMapping"><ent r="6" t="299" w="324" /><ent r="6" t="299" w="334" /></phr></stem><stem n=".db4o.db4o"><phr n=".db4o.Db4o"><ent r="6" t="299" w="337" /></phr></stem><stem n="com.db4o.db4o"><phr n="com.db4o.Db4o"><ent r="6" t="299" w="337" /><ent r="6" t="299" w="335" /></phr></stem><stem n=".db4o.db4ofactori"><phr n=".Db4o.Db4oFactory"><ent r="6" t="299" w="340" /></phr></stem><stem n="db4objects.db4o.db4ofactori"><phr n="Db4objects.Db4o.Db4oFactory"><ent r="6" t="299" w="340" /><ent r="6" t="299" w="338" /></phr></stem><stem n="db4ofactori"><phr n="Db4oFactory"><ent r="6" t="299" w="340" /><ent r="6" t="300" w="126" /></phr></stem><stem n="-propertymap"><phr n="-propertyMapping"><ent r="6" t="299" w="342" /><ent r="6" t="299" w="342" /><ent r="6" t="299" w="352" /><ent r="6" t="299" w="352" /></phr></stem><stem n="propertymap"><phr n="propertyMapping"><ent r="6" t="299" w="342" /><ent r="6" t="299" w="352" /></phr></stem><stem n="com.db4odoc"><phr n="com.db4odoc"><ent r="6" t="299" w="354" /><ent r="6" t="299" w="353" /></phr></stem><stem n="com.db4odoc.structur"><phr n="com.db4odoc.structured"><ent r="6" t="299" w="355" /><ent r="6" t="299" w="353" /></phr></stem><stem n="com.db4odoc.structured.car"><phr n="com.db4odoc.structured.Car"><ent r="6" t="299" w="356" /><ent r="6" t="299" w="353" /></phr></stem><stem n=".db4odoc.structured.car.getpilot"><phr n=".db4odoc.structured.Car.getPilot"><ent r="6" t="299" w="357" /></phr></stem><stem n="com.db4odoc.structured.car.getpilot"><phr n="com.db4odoc.structured.Car.getPilot"><ent r="6" t="299" w="357" /><ent r="6" t="299" w="353" /></phr></stem><stem n="getpilot"><phr n="getPilot"><ent r="6" t="299" w="357" /></phr></stem><stem n="-runtimetypenam"><phr n="-runtimeTypeName"><ent r="6" t="299" w="360" /><ent r="6" t="299" w="360" /></phr></stem><stem n="string.substr"><phr n="String.substring"><ent r="6" t="299" w="399" /><ent r="6" t="299" w="398" /></phr></stem><stem n="string.substring,"><phr n="String.substring,"><ent r="6" t="299" w="399" /><ent r="6" t="299" w="398" /></phr></stem><stem n=".substring,"><phr n=".substring,"><ent r="6" t="299" w="400" /></phr></stem><stem n="string.valueof"><phr n="String.valueOf"><ent r="6" t="299" w="401" /><ent r="6" t="299" w="400" /></phr></stem><stem n="valueof"><phr n="valueOf"><ent r="6" t="299" w="401" /></phr></stem><stem n="string.valueof,"><phr n="String.valueOf,"><ent r="6" t="299" w="401" /><ent r="6" t="299" w="400" /></phr></stem><stem n=".valueof,"><phr n=".valueOf,"><ent r="6" t="299" w="402" /></phr></stem><stem n="exception.printstacktrac"><phr n="Exception.printStackTrace"><ent r="6" t="299" w="403" /><ent r="6" t="299" w="402" /></phr></stem><stem n="printstacktrac"><phr n="printStackTrace"><ent r="6" t="299" w="403" /></phr></stem><stem n="exception.printstacktrace,"><phr n="Exception.printStackTrace,"><ent r="6" t="299" w="403" /><ent r="6" t="299" w="402" /></phr></stem><stem n=".printstacktrace,"><phr n=".printStackTrace,"><ent r="6" t="299" w="404" /></phr></stem><stem n="#runtimemethod"><phr n="#runtimeMethod"><ent r="6" t="299" w="424" /></phr></stem><stem n="runtimemethod"><phr n="runtimeMethod"><ent r="6" t="299" w="424" /></phr></stem><stem n="-header"><phr n="-header"><ent r="6" t="299" w="428" /><ent r="6" t="299" w="428" /><ent r="6" t="299" w="440" /><ent r="6" t="299" w="440" /></phr></stem><stem n="config/copyright"><phr n="config/copyright"><ent r="6" t="299" w="442" /><ent r="6" t="299" w="441" /></phr></stem><stem n="config/copyright_com"><phr n="config/copyright_comment"><ent r="6" t="299" w="443" /><ent r="6" t="299" w="441" /></phr></stem><stem n="/copyright_comment.txt"><phr n="/copyright_comment.txt"><ent r="6" t="299" w="444" /></phr></stem><stem n="config/copyright_comment.txt"><phr n="config/copyright_comment.txt"><ent r="6" t="299" w="444" /><ent r="6" t="299" w="441" /></phr></stem><stem n="txt"><phr n="txt"><ent r="6" t="299" w="444" /><ent r="3" t="309" w="91" /></phr></stem><stem n="-xmldoc"><phr n="-xmldoc"><ent r="6" t="299" w="446" /><ent r="6" t="299" w="446" /><ent r="6" t="299" w="461" /><ent r="6" t="299" w="461" /></phr></stem><stem n="-overlai"><phr n="-overlay"><ent r="6" t="299" w="450" /><ent r="6" t="299" w="450" /></phr></stem><stem n="xml-overlai"><phr n="xml-overlay"><ent r="6" t="299" w="450" /></phr></stem><stem n="overlai"><phr n="overlay"><ent r="6" t="299" w="451" /></phr></stem><stem n="/sharpen/apioverlay.xml"><phr n="/sharpen/ApiOverlay.xml"><ent r="6" t="299" w="465" /></phr></stem><stem n="-eventmap"><phr n="-eventMapping"><ent r="5" t="299" w="467" /><ent r="5" t="299" w="467" /></phr></stem><stem n="eventmap"><phr n="eventMapping"><ent r="5" t="299" w="467" /></phr></stem><stem n="-eventaddmap"><phr n="-eventAddMapping"><ent r="5" t="299" w="476" /><ent r="5" t="299" w="476" /></phr></stem><stem n="eventaddmap"><phr n="eventAddMapping"><ent r="5" t="299" w="476" /></phr></stem><stem n="subscript"><phr n="subscription"><ent r="5" t="299" w="484" /><ent r="5" t="299" w="503" /><ent r="6" t="300" w="278" /><ent r="6" t="300" w="297" /></phr></stem><stem n="invoc"><phr n="Invocations"><ent r="5" t="299" w="486" /><ent r="6" t="300" w="280" /></phr><phr n="invocation"><ent r="6" t="300" w="461" /></phr></stem><stem n="&lt;target&gt;"><phr n="&lt;target&gt;"><ent r="5" t="299" w="493" /><ent r="5" t="299" w="505" /><ent r="6" t="300" w="287" /><ent r="6" t="300" w="299" /></phr></stem><stem n="&lt;target&gt;.method"><phr n="&lt;target&gt;.method"><ent r="5" t="299" w="494" /><ent r="5" t="299" w="493" /><ent r="6" t="300" w="288" /><ent r="6" t="300" w="287" /></phr></stem><stem n="&lt;argument&gt;"><phr n="&lt;argument&gt;"><ent r="5" t="299" w="495" /><ent r="5" t="299" w="507" /><ent r="6" t="300" w="289" /><ent r="6" t="300" w="301" /></phr></stem><stem n=".method(&lt;argument&gt;)"><phr n=".method(&lt;argument&gt;)"><ent r="5" t="299" w="496" /><ent r="6" t="300" w="290" /></phr></stem><stem n="idiom"><phr n="idiom"><ent r="5" t="299" w="504" /><ent r="6" t="300" w="298" /></phr></stem><stem n="-conditionalcompil"><phr n="-conditionalCompilation"><ent r="5" t="299" w="509" /><ent r="5" t="299" w="509" /><ent r="6" t="299" w="521" /><ent r="6" t="299" w="521" /></phr></stem><stem n="conditionalcompil"><phr n="conditionalCompilation"><ent r="5" t="299" w="509" /><ent r="6" t="299" w="521" /></phr></stem><stem n="com.db4o.db4ounit"><phr n="com.db4o.db4ounit"><ent r="6" t="299" w="524" /><ent r="6" t="299" w="522" /></phr></stem><stem n="db4ounit"><phr n="db4ounit"><ent r="6" t="299" w="524" /><ent r="3" t="301" w="9" /><ent r="3" t="301" w="20" /><ent r="3" t="301" w="54" /><ent r="3" t="301" w="68" /><ent r="3" t="301" w="74" /><ent r="3" t="301" w="85" /><ent r="3" t="301" w="105" /><ent r="3" t="301" w="129" /><ent r="3" t="301" w="176" /><ent r="3" t="302" w="26" /><ent r="3" t="302" w="33" /><ent r="3" t="302" w="38" /><ent r="3" t="302" w="64" /><ent r="3" t="302" w="80" /><ent r="3" t="302" w="92" /><ent r="3" t="303" w="142" /><ent r="4" t="305" w="190" /><ent r="4" t="305" w="196" /><ent r="4" t="306" w="186" /><ent r="4" t="306" w="192" /><ent r="6" t="313" w="21" /><ent r="6" t="313" w="83" /><ent r="6" t="313" w="84" /><ent r="6" t="313" w="135" /><ent r="6" t="313" w="136" /><ent r="6" t="313" w="150" /><ent r="6" t="313" w="151" /><ent r="6" t="313" w="165" /><ent r="6" t="313" w="166" /><ent r="5" t="313" w="178" /><ent r="5" t="313" w="179" /><ent r="7" t="313" w="182" /><ent r="7" t="313" w="187" /><ent r="6" t="313" w="194" /><ent r="6" t="313" w="248" /><ent r="6" t="313" w="346" /><ent r="6" t="313" w="347" /></phr><phr n="Db4ounit"><ent r="3" t="301" w="103" /><ent r="66" t="301" w="218" /><ent r="1000" t="303" w="1" /><ent r="102" t="303" w="4" /><ent r="92" t="303" w="241" /></phr><phr n="Db4oUnit"><ent r="3" t="302" w="68" /><ent r="3" t="302" w="70" /><ent r="4" t="304" w="257" /><ent r="4" t="304" w="264" /></phr></stem><stem n="com.db4o.db4ounit.common"><phr n="com.db4o.db4ounit.common"><ent r="6" t="299" w="525" /><ent r="6" t="299" w="522" /></phr></stem><stem n=".db4o.db4ounit.common.c"><phr n=".db4o.db4ounit.common.cs"><ent r="6" t="299" w="526" /></phr></stem><stem n="com.db4o.db4ounit.common.c"><phr n="com.db4o.db4ounit.common.cs"><ent r="6" t="299" w="526" /><ent r="6" t="299" w="522" /></phr></stem><stem n="!silverlight"><phr n="!SILVERLIGHT"><ent r="6" t="299" w="527" /></phr></stem><stem n="-configurationclass"><phr n="-configurationClass"><ent r="5" t="299" w="529" /><ent r="5" t="299" w="529" /></phr></stem><stem n="configurationclass"><phr n="configurationClass"><ent r="5" t="299" w="529" /></phr></stem><stem n="sharpen.core.defaultconfigur"><phr n="sharpen.core.DefaultConfiguration"><ent r="5" t="299" w="540" /><ent r="5" t="299" w="538" /></phr></stem><stem n="defaultconfigur"><phr n="DefaultConfiguration"><ent r="5" t="299" w="540" /></phr></stem><stem n="sharpen.core.defaultconfiguration'"><phr n="sharpen.core.DefaultConfiguration'"><ent r="5" t="299" w="540" /><ent r="5" t="299" w="538" /></phr></stem><stem n="'sharpen.core.defaultconfiguration'"><phr n="'sharpen.core.DefaultConfiguration'"><ent r="5" t="299" w="541" /></phr></stem><stem n="@sharpen.enum"><phr n="@sharpen.enum"><ent r="6" t="300" w="92" /></phr></stem><stem n="sharpen.enum"><phr n="sharpen.enum"><ent r="6" t="300" w="92" /><ent r="6" t="300" w="91" /></phr></stem><stem n="@sharpen.renam"><phr n="@sharpen.rename"><ent r="6" t="300" w="106" /><ent r="6" t="300" w="125" /></phr></stem><stem n="sharpen.renam"><phr n="sharpen.rename"><ent r="6" t="300" w="106" /><ent r="6" t="300" w="105" /><ent r="6" t="300" w="125" /><ent r="6" t="300" w="124" /></phr></stem><stem n="@sharpen.priv"><phr n="@sharpen.private"><ent r="6" t="300" w="129" /><ent r="6" t="300" w="155" /></phr></stem><stem n="sharpen.priv"><phr n="sharpen.private"><ent r="6" t="300" w="129" /><ent r="6" t="300" w="128" /><ent r="6" t="300" w="155" /><ent r="6" t="300" w="154" /></phr></stem><stem n="/*"><phr n="/*"><ent r="6" t="300" w="154" /><ent r="6" t="300" w="548" /><ent r="6" t="300" w="612" /></phr></stem><stem n="list4"><phr n="List4"><ent r="6" t="300" w="158" /></phr></stem><stem n="_first;"><phr n="_first;"><ent r="6" t="300" w="160" /></phr></stem><stem n="@sharpen.intern"><phr n="@sharpen.internal"><ent r="6" t="300" w="162" /><ent r="6" t="300" w="178" /></phr></stem><stem n="sharpen.intern"><phr n="sharpen.internal"><ent r="6" t="300" w="162" /><ent r="6" t="300" w="161" /><ent r="6" t="300" w="178" /><ent r="6" t="300" w="177" /></phr></stem><stem n="/**"><phr n="/**"><ent r="6" t="300" w="177" /><ent r="6" t="300" w="201" /><ent r="6" t="300" w="236" /><ent r="6" t="300" w="355" /><ent r="6" t="300" w="426" /><ent r="6" t="300" w="484" /></phr></stem><stem n="@sharpen.protect"><phr n="@sharpen.protected"><ent r="5" t="300" w="186" /><ent r="6" t="300" w="202" /></phr></stem><stem n="sharpen.protect"><phr n="sharpen.protected"><ent r="5" t="300" w="186" /><ent r="5" t="300" w="185" /><ent r="6" t="300" w="202" /><ent r="6" t="300" w="201" /></phr></stem><stem n="@sharpen.new"><phr n="@sharpen.new"><ent r="5" t="300" w="210" /></phr></stem><stem n="sharpen.new"><phr n="sharpen.new"><ent r="5" t="300" w="210" /><ent r="5" t="300" w="209" /></phr></stem><stem n="#-'new'"><phr n="#-'new'"><ent r="5" t="300" w="216" /></phr></stem><stem n="@sharpen.ev"><phr n="@sharpen.event"><ent r="6" t="300" w="223" /><ent r="6" t="300" w="237" /></phr></stem><stem n="sharpen.ev"><phr n="sharpen.event"><ent r="6" t="300" w="223" /><ent r="6" t="300" w="222" /><ent r="6" t="300" w="237" /><ent r="6" t="300" w="236" /><ent r="6" t="300" w="269" /><ent r="6" t="300" w="268" /><ent r="6" t="300" w="304" /><ent r="6" t="300" w="303" /></phr></stem><stem n="com.db4o.ev"><phr n="com.db4o.events"><ent r="6" t="300" w="240" /><ent r="6" t="300" w="238" /></phr></stem><stem n=".db4o.events.queryeventarg"><phr n=".db4o.events.QueryEventArgs"><ent r="6" t="300" w="241" /></phr><phr n=".Db4o.Events.QueryEventArgs"><ent r="6" t="300" w="259" /></phr></stem><stem n="com.db4o.events.queryeventarg"><phr n="com.db4o.events.QueryEventArgs"><ent r="6" t="300" w="241" /><ent r="6" t="300" w="238" /></phr></stem><stem n="queryeventarg"><phr n="QueryEventArgs"><ent r="6" t="300" w="241" /><ent r="6" t="300" w="259" /></phr></stem><stem n="event4"><phr n="Event4"><ent r="6" t="300" w="243" /></phr></stem><stem n="queryeventhandl"><phr n="QueryEventHandler"><ent r="6" t="300" w="253" /><ent r="6" t="300" w="265" /></phr></stem><stem n="db4objects.db4o.ev"><phr n="Db4objects.Db4o.Events"><ent r="6" t="300" w="258" /><ent r="6" t="300" w="256" /><ent r="6" t="300" w="264" /><ent r="6" t="300" w="262" /></phr></stem><stem n="db4objects.db4o.events.queryeventarg"><phr n="Db4objects.Db4o.Events.QueryEventArgs"><ent r="6" t="300" w="259" /><ent r="6" t="300" w="256" /></phr></stem><stem n="......."><phr n="......."><ent r="6" t="300" w="261" /></phr></stem><stem n=".db4o.events.queryeventhandl"><phr n=".Db4o.Events.QueryEventHandler"><ent r="6" t="300" w="265" /></phr></stem><stem n="db4objects.db4o.events.queryeventhandl"><phr n="Db4objects.Db4o.Events.QueryEventHandler"><ent r="6" t="300" w="265" /><ent r="6" t="300" w="262" /></phr></stem><stem n="@sharpen.event.add"><phr n="@sharpen.event.add"><ent r="6" t="300" w="270" /></phr></stem><stem n="sharpen.event.add"><phr n="sharpen.event.add"><ent r="6" t="300" w="270" /><ent r="6" t="300" w="268" /></phr></stem><stem n="@sharpen.event.onadd"><phr n="@sharpen.event.onAdd"><ent r="6" t="300" w="305" /></phr></stem><stem n="sharpen.event.onadd"><phr n="sharpen.event.onAdd"><ent r="6" t="300" w="305" /><ent r="6" t="300" w="303" /></phr></stem><stem n="onadd"><phr n="onAdd"><ent r="6" t="300" w="305" /></phr></stem><stem n="sharpen_ev"><phr n="SHARPEN_EVENT"><ent r="6" t="300" w="313" /><ent r="6" t="300" w="312" /></phr></stem><stem n="(sharpen_event)."><phr n="(SHARPEN_EVENT)."><ent r="6" t="300" w="314" /></phr></stem><stem n="@sharpen.if"><phr n="@sharpen.if"><ent r="6" t="300" w="332" /><ent r="6" t="300" w="341" /></phr></stem><stem n="sharpen.if"><phr n="sharpen.if"><ent r="6" t="300" w="332" /><ent r="6" t="300" w="331" /><ent r="6" t="300" w="341" /><ent r="6" t="300" w="340" /></phr></stem><stem n="#if"><phr n="#if"><ent r="6" t="300" w="335" /></phr></stem><stem n="&lt;expression&gt;"><phr n="&lt;expression&gt;"><ent r="6" t="300" w="336" /><ent r="6" t="300" w="342" /></phr></stem><stem n="#endif"><phr n="#endif"><ent r="6" t="300" w="337" /></phr></stem><stem n="endif"><phr n="endif"><ent r="6" t="300" w="337" /></phr></stem><stem n="@sharpen.properti"><phr n="@sharpen.property"><ent r="6" t="300" w="345" /><ent r="6" t="300" w="356" /></phr></stem><stem n="@sharpen.index"><phr n="@sharpen.indexer"><ent r="6" t="300" w="364" /></phr></stem><stem n="sharpen.index"><phr n="sharpen.indexer"><ent r="6" t="300" w="364" /><ent r="6" t="300" w="363" /></phr></stem><stem n="@sharpen.ignor"><phr n="@sharpen.ignore"><ent r="6" t="300" w="375" /></phr></stem><stem n="sharpen.ignor"><phr n="sharpen.ignore"><ent r="6" t="300" w="375" /><ent r="6" t="300" w="374" /><ent r="6" t="300" w="384" /><ent r="6" t="300" w="383" /><ent r="6" t="300" w="397" /><ent r="6" t="300" w="396" /></phr></stem><stem n="@sharpen.ignore.extend"><phr n="@sharpen.ignore.extends"><ent r="6" t="300" w="385" /></phr></stem><stem n="sharpen.ignore.extend"><phr n="sharpen.ignore.extends"><ent r="6" t="300" w="385" /><ent r="6" t="300" w="383" /></phr></stem><stem n="claus"><phr n="clause"><ent r="6" t="300" w="390" /><ent r="6" t="300" w="403" /><ent r="6" t="300" w="415" /></phr></stem><stem n="@sharpen.ignore.impl"><phr n="@sharpen.ignore.implements"><ent r="6" t="300" w="398" /></phr></stem><stem n="sharpen.ignore.impl"><phr n="sharpen.ignore.implements"><ent r="6" t="300" w="398" /><ent r="6" t="300" w="396" /></phr></stem><stem n="@sharpen.extend"><phr n="@sharpen.extends"><ent r="6" t="300" w="410" /><ent r="6" t="300" w="427" /></phr></stem><stem n="sharpen.extend"><phr n="sharpen.extends"><ent r="6" t="300" w="410" /><ent r="6" t="300" w="409" /><ent r="6" t="300" w="427" /><ent r="6" t="300" w="426" /></phr></stem><stem n=".collections.ilist"><phr n=".Collections.IList"><ent r="6" t="300" w="430" /><ent r="6" t="300" w="443" /></phr></stem><stem n="system.collections.ilist"><phr n="System.Collections.IList"><ent r="6" t="300" w="430" /><ent r="6" t="300" w="428" /><ent r="6" t="300" w="443" /><ent r="6" t="300" w="441" /></phr></stem><stem n="{..."><phr n="{..."><ent r="6" t="300" w="434" /></phr></stem><stem n="@sharpen.parti"><phr n="@sharpen.partial"><ent r="6" t="300" w="446" /></phr></stem><stem n="sharpen.parti"><phr n="sharpen.partial"><ent r="6" t="300" w="446" /><ent r="6" t="300" w="445" /></phr></stem><stem n="@sharpen.remov"><phr n="@sharpen.remove"><ent r="6" t="300" w="456" /></phr></stem><stem n="sharpen.remov"><phr n="sharpen.remove"><ent r="6" t="300" w="456" /><ent r="6" t="300" w="455" /><ent r="5" t="300" w="468" /><ent r="5" t="300" w="467" /><ent r="6" t="300" w="485" /><ent r="6" t="300" w="484" /></phr></stem><stem n="@sharpen.remove.first"><phr n="@sharpen.remove.first"><ent r="5" t="300" w="469" /><ent r="6" t="300" w="486" /></phr></stem><stem n="sharpen.remove.first"><phr n="sharpen.remove.first"><ent r="5" t="300" w="469" /><ent r="5" t="300" w="467" /><ent r="6" t="300" w="486" /><ent r="6" t="300" w="484" /></phr></stem><stem n="/constructor"><phr n="/constructor"><ent r="6" t="300" w="478" /></phr></stem><stem n="method/constructor"><phr n="method/constructor"><ent r="6" t="300" w="478" /><ent r="6" t="300" w="477" /></phr></stem></index>