﻿<?xml version="1.0" encoding="utf-8"?><index><stem n="unsurprisingli"><phr n="unsurprisingly"><ent r="3" t="8" w="61" /></phr></stem><stem n="&quot;the"><phr n="&quot;The"><ent r="64" t="8" w="70" /><ent r="5" t="35" w="166" /><ent r="64" t="38" w="536" /><ent r="5" t="63" w="81" /><ent r="5" t="63" w="98" /><ent r="5" t="63" w="175" /><ent r="5" t="63" w="190" /><ent r="5" t="76" w="646" /><ent r="5" t="109" w="316" /><ent r="5" t="109" w="426" /><ent r="5" t="236" w="386" /><ent r="5" t="236" w="469" /><ent r="5" t="236" w="616" /><ent r="5" t="236" w="680" /><ent r="64" t="273" w="56" /></phr></stem><stem n="(iobjectcontain"><phr n="(IObjectContainer"><ent r="4" t="8" w="76" /><ent r="4" t="10" w="82" /><ent r="4" t="10" w="212" /><ent r="4" t="10" w="325" /><ent r="4" t="10" w="494" /><ent r="4" t="10" w="635" /><ent r="4" t="34" w="550" /><ent r="4" t="34" w="572" /><ent r="4" t="45" w="90" /><ent r="4" t="45" w="146" /><ent r="4" t="46" w="48" /><ent r="4" t="46" w="111" /><ent r="4" t="46" w="374" /><ent r="4" t="49" w="1028" /><ent r="4" t="49" w="1041" /><ent r="4" t="57" w="87" /><ent r="4" t="66" w="164" /><ent r="4" t="66" w="186" /><ent r="4" t="74" w="280" /><ent r="4" t="74" w="453" /><ent r="4" t="75" w="62" /><ent r="4" t="75" w="221" /><ent r="4" t="76" w="193" /><ent r="4" t="76" w="198" /><ent r="4" t="76" w="380" /><ent r="4" t="76" w="385" /><ent r="4" t="114" w="305" /><ent r="4" t="114" w="335" /><ent r="4" t="114" w="392" /><ent r="4" t="121" w="246" /><ent r="4" t="226" w="290" /><ent r="4" t="227" w="431" /><ent r="4" t="227" w="449" /><ent r="4" t="229" w="118" /><ent r="4" t="236" w="750" /><ent r="4" t="253" w="66" /><ent r="4" t="253" w="91" /><ent r="4" t="253" w="100" /><ent r="4" t="253" w="346" /><ent r="4" t="253" w="368" /><ent r="4" t="254" w="70" /><ent r="4" t="256" w="97" /><ent r="4" t="256" w="119" /><ent r="4" t="256" w="268" /><ent r="4" t="272" w="152" /><ent r="4" t="272" w="370" /><ent r="4" t="275" w="156" /><ent r="4" t="275" w="219" /><ent r="4" t="275" w="478" /></phr></stem><stem n="iobjectcontain"><phr n="IObjectContainer"><ent r="4" t="8" w="76" /><ent r="4" t="8" w="175" /><ent r="4" t="10" w="82" /><ent r="4" t="10" w="125" /><ent r="4" t="10" w="212" /><ent r="4" t="10" w="251" /><ent r="4" t="10" w="325" /><ent r="4" t="10" w="392" /><ent r="4" t="10" w="494" /><ent r="4" t="10" w="560" /><ent r="4" t="10" w="635" /><ent r="4" t="10" w="690" /><ent r="4" t="34" w="550" /><ent r="4" t="34" w="572" /><ent r="4" t="34" w="614" /><ent r="4" t="34" w="639" /><ent r="4" t="45" w="90" /><ent r="4" t="45" w="146" /><ent r="4" t="45" w="199" /><ent r="4" t="45" w="267" /><ent r="4" t="46" w="48" /><ent r="4" t="46" w="111" /><ent r="4" t="46" w="174" /><ent r="4" t="46" w="250" /><ent r="4" t="46" w="374" /><ent r="4" t="46" w="416" /><ent r="4" t="49" w="82" /><ent r="4" t="49" w="124" /><ent r="4" t="49" w="192" /><ent r="4" t="49" w="238" /><ent r="4" t="49" w="1028" /><ent r="4" t="49" w="1041" /><ent r="4" t="49" w="1145" /><ent r="4" t="49" w="1171" /><ent r="4" t="50" w="632" /><ent r="4" t="50" w="674" /><ent r="4" t="50" w="908" /><ent r="4" t="50" w="954" /><ent r="4" t="57" w="87" /><ent r="4" t="57" w="139" /><ent r="4" t="66" w="164" /><ent r="4" t="66" w="186" /><ent r="4" t="66" w="228" /><ent r="4" t="66" w="253" /><ent r="4" t="74" w="207" /><ent r="4" t="74" w="280" /><ent r="4" t="74" w="355" /><ent r="4" t="74" w="453" /><ent r="4" t="74" w="509" /><ent r="4" t="75" w="62" /><ent r="4" t="75" w="125" /><ent r="4" t="75" w="221" /><ent r="4" t="75" w="304" /><ent r="4" t="76" w="135" /><ent r="4" t="76" w="193" /><ent r="4" t="76" w="198" /><ent r="4" t="76" w="273" /><ent r="4" t="76" w="281" /><ent r="4" t="76" w="380" /><ent r="4" t="76" w="385" /><ent r="4" t="76" w="441" /><ent r="4" t="76" w="449" /><ent r="4" t="100" w="109" /><ent r="4" t="100" w="209" /><ent r="4" t="114" w="305" /><ent r="4" t="114" w="335" /><ent r="4" t="114" w="392" /><ent r="4" t="114" w="449" /><ent r="4" t="114" w="513" /><ent r="4" t="114" w="625" /><ent r="4" t="114" w="738" /><ent r="4" t="114" w="792" /><ent r="4" t="121" w="246" /><ent r="4" t="121" w="391" /><ent r="6" t="128" w="69" /><ent r="6" t="128" w="122" /><ent r="6" t="128" w="182" /><ent r="6" t="128" w="243" /><ent r="4" t="142" w="134" /><ent r="4" t="142" w="177" /><ent r="4" t="142" w="339" /><ent r="4" t="142" w="389" /><ent r="4" t="148" w="90" /><ent r="4" t="148" w="143" /><ent r="4" t="187" w="45" /><ent r="4" t="187" w="101" /><ent r="4" t="187" w="183" /><ent r="4" t="187" w="253" /><ent r="4" t="188" w="57" /><ent r="4" t="188" w="298" /><ent r="4" t="188" w="351" /><ent r="4" t="190" w="92" /><ent r="4" t="190" w="162" /><ent r="4" t="191" w="222" /><ent r="4" t="191" w="302" /><ent r="4" t="194" w="52" /><ent r="4" t="194" w="100" /><ent r="4" t="226" w="290" /><ent r="4" t="226" w="331" /><ent r="4" t="227" w="431" /><ent r="4" t="227" w="449" /><ent r="4" t="227" w="481" /><ent r="4" t="227" w="505" /><ent r="4" t="229" w="118" /><ent r="4" t="229" w="185" /><ent r="4" t="233" w="245" /><ent r="4" t="233" w="276" /><ent r="4" t="233" w="415" /><ent r="4" t="233" w="463" /><ent r="4" t="233" w="504" /><ent r="4" t="233" w="557" /><ent r="4" t="233" w="635" /><ent r="4" t="233" w="681" /><ent r="4" t="236" w="750" /><ent r="4" t="236" w="805" /><ent r="4" t="253" w="66" /><ent r="4" t="253" w="91" /><ent r="4" t="253" w="100" /><ent r="4" t="253" w="177" /><ent r="4" t="253" w="208" /><ent r="4" t="253" w="224" /><ent r="4" t="253" w="346" /><ent r="4" t="253" w="368" /><ent r="4" t="253" w="421" /><ent r="4" t="253" w="456" /><ent r="4" t="254" w="70" /><ent r="4" t="254" w="192" /><ent r="4" t="256" w="97" /><ent r="4" t="256" w="119" /><ent r="4" t="256" w="161" /><ent r="4" t="256" w="186" /><ent r="4" t="256" w="268" /><ent r="4" t="256" w="335" /><ent r="4" t="257" w="463" /><ent r="4" t="257" w="465" /><ent r="4" t="257" w="470" /><ent r="4" t="257" w="492" /><ent r="4" t="257" w="494" /><ent r="4" t="257" w="533" /><ent r="4" t="257" w="541" /><ent r="5" t="265" w="553" /><ent r="5" t="265" w="558" /><ent r="4" t="265" w="580" /><ent r="4" t="266" w="119" /><ent r="4" t="266" w="163" /><ent r="4" t="266" w="581" /><ent r="4" t="266" w="629" /><ent r="4" t="272" w="152" /><ent r="4" t="272" w="226" /><ent r="4" t="272" w="370" /><ent r="4" t="272" w="443" /><ent r="4" t="275" w="156" /><ent r="4" t="275" w="219" /><ent r="4" t="275" w="282" /><ent r="4" t="275" w="358" /><ent r="4" t="275" w="478" /><ent r="4" t="275" w="520" /><ent r="5" t="277" w="180" /><ent r="5" t="277" w="234" /></phr></stem><stem n="="><phr n="="><ent r="4" t="8" w="78" /><ent r="4" t="8" w="92" /><ent r="4" t="8" w="110" /><ent r="4" t="8" w="138" /><ent r="4" t="8" w="142" /><ent r="4" t="8" w="176" /><ent r="4" t="8" w="211" /><ent r="4" t="8" w="243" /><ent r="4" t="8" w="247" /><ent r="4" t="10" w="84" /><ent r="4" t="10" w="126" /><ent r="4" t="10" w="214" /><ent r="4" t="10" w="222" /><ent r="4" t="10" w="252" /><ent r="4" t="10" w="327" /><ent r="4" t="10" w="337" /><ent r="4" t="10" w="393" /><ent r="4" t="10" w="403" /><ent r="4" t="10" w="420" /><ent r="4" t="10" w="496" /><ent r="4" t="10" w="506" /><ent r="4" t="10" w="529" /><ent r="4" t="10" w="561" /><ent r="4" t="10" w="571" /><ent r="4" t="10" w="588" /><ent r="4" t="10" w="594" /><ent r="4" t="10" w="637" /><ent r="4" t="10" w="647" /><ent r="4" t="10" w="691" /><ent r="4" t="10" w="701" /><ent r="4" t="10" w="718" /><ent r="4" t="12" w="147" /><ent r="4" t="12" w="175" /><ent r="4" t="12" w="281" /><ent r="4" t="12" w="287" /><ent r="4" t="12" w="334" /><ent r="4" t="12" w="342" /><ent r="4" t="13" w="63" /><ent r="4" t="13" w="91" /><ent r="4" t="13" w="132" /><ent r="4" t="13" w="170" /><ent r="4" t="13" w="226" /><ent r="4" t="13" w="263" /><ent r="4" t="13" w="320" /><ent r="4" t="13" w="363" /><ent r="4" t="13" w="425" /><ent r="4" t="13" w="431" /><ent r="4" t="13" w="478" /><ent r="4" t="13" w="486" /><ent r="4" t="14" w="184" /><ent r="4" t="14" w="220" /><ent r="4" t="14" w="237" /><ent r="4" t="14" w="284" /><ent r="4" t="14" w="318" /><ent r="4" t="14" w="434" /><ent r="4" t="14" w="489" /><ent r="4" t="14" w="507" /><ent r="4" t="14" w="563" /><ent r="4" t="14" w="616" /><ent r="4" t="14" w="670" /><ent r="4" t="14" w="705" /><ent r="4" t="14" w="743" /><ent r="4" t="14" w="782" /><ent r="4" t="14" w="837" /><ent r="4" t="14" w="874" /><ent r="4" t="14" w="891" /><ent r="4" t="14" w="914" /><ent r="4" t="14" w="951" /><ent r="4" t="14" w="1093" /><ent r="4" t="14" w="1129" /><ent r="4" t="14" w="1222" /><ent r="4" t="14" w="1258" /><ent r="4" t="14" w="1297" /><ent r="4" t="14" w="1337" /><ent r="4" t="14" w="1363" /><ent r="4" t="14" w="1434" /><ent r="4" t="14" w="1468" /><ent r="4" t="14" w="1485" /><ent r="4" t="14" w="1505" /><ent r="4" t="14" w="1539" /><ent r="4" t="15" w="122" /><ent r="4" t="15" w="169" /><ent r="4" t="15" w="236" /><ent r="4" t="15" w="281" /><ent r="4" t="15" w="497" /><ent r="4" t="15" w="544" /><ent r="4" t="15" w="641" /><ent r="4" t="15" w="669" /><ent r="4" t="15" w="710" /><ent r="4" t="15" w="744" /><ent r="4" t="17" w="248" /><ent r="4" t="17" w="288" /><ent r="4" t="18" w="124" /><ent r="4" t="18" w="164" /><ent r="4" t="18" w="208" /><ent r="4" t="18" w="241" /><ent r="4" t="18" w="279" /><ent r="4" t="18" w="374" /><ent r="4" t="18" w="418" /><ent r="4" t="18" w="511" /><ent r="4" t="18" w="561" /><ent r="4" t="18" w="620" /><ent r="4" t="18" w="751" /><ent r="4" t="18" w="777" /><ent r="4" t="18" w="807" /><ent r="4" t="18" w="916" /><ent r="4" t="18" w="928" /><ent r="4" t="18" w="970" /><ent r="4" t="18" w="1017" /><ent r="4" t="18" w="1040" /><ent r="4" t="19" w="69" /><ent r="4" t="19" w="121" /><ent r="4" t="20" w="159" /><ent r="4" t="20" w="199" /><ent r="4" t="20" w="243" /><ent r="4" t="20" w="324" /><ent r="4" t="20" w="343" /><ent r="4" t="20" w="368" /><ent r="4" t="20" w="393" /><ent r="4" t="23" w="114" /><ent r="4" t="23" w="120" /><ent r="4" t="23" w="125" /><ent r="4" t="23" w="154" /><ent r="4" t="23" w="164" /><ent r="4" t="24" w="93" /><ent r="4" t="24" w="99" /><ent r="4" t="24" w="104" /><ent r="4" t="24" w="133" /><ent r="4" t="24" w="143" /><ent r="4" t="24" w="180" /><ent r="4" t="24" w="186" /><ent r="4" t="24" w="189" /><ent r="4" t="24" w="219" /><ent r="4" t="24" w="228" /><ent r="4" t="24" w="291" /><ent r="4" t="24" w="297" /><ent r="4" t="24" w="302" /><ent r="4" t="24" w="305" /><ent r="4" t="24" w="335" /><ent r="4" t="24" w="340" /><ent r="4" t="24" w="349" /><ent r="4" t="24" w="391" /><ent r="4" t="24" w="397" /><ent r="4" t="24" w="437" /><ent r="4" t="24" w="472" /><ent r="4" t="24" w="504" /><ent r="4" t="24" w="548" /><ent r="4" t="24" w="572" /><ent r="4" t="24" w="637" /><ent r="4" t="24" w="643" /><ent r="4" t="24" w="648" /><ent r="4" t="24" w="654" /><ent r="4" t="24" w="657" /><ent r="4" t="24" w="684" /><ent r="4" t="24" w="698" /><ent r="4" t="24" w="707" /><ent r="4" t="24" w="772" /><ent r="4" t="24" w="783" /><ent r="4" t="24" w="821" /><ent r="4" t="24" w="877" /><ent r="4" t="24" w="892" /><ent r="4" t="24" w="933" /><ent r="4" t="27" w="118" /><ent r="4" t="27" w="128" /><ent r="4" t="27" w="152" /><ent r="4" t="27" w="168" /><ent r="4" t="27" w="220" /><ent r="4" t="27" w="239" /><ent r="4" t="27" w="264" /><ent r="4" t="27" w="289" /><ent r="4" t="27" w="333" /><ent r="4" t="27" w="351" /><ent r="4" t="27" w="374" /><ent r="4" t="27" w="398" /><ent r="4" t="27" w="416" /><ent r="4" t="27" w="435" /><ent r="4" t="27" w="460" /><ent r="4" t="27" w="485" /><ent r="4" t="27" w="533" /><ent r="4" t="27" w="560" /><ent r="4" t="27" w="583" /><ent r="4" t="27" w="618" /><ent r="4" t="27" w="650" /><ent r="4" t="27" w="668" /><ent r="4" t="27" w="689" /><ent r="4" t="27" w="715" /><ent r="4" t="27" w="826" /><ent r="4" t="27" w="912" /><ent r="4" t="27" w="933" /><ent r="4" t="27" w="1029" /><ent r="4" t="27" w="1120" /><ent r="4" t="27" w="1125" /><ent r="4" t="27" w="1154" /><ent r="4" t="27" w="1177" /><ent r="4" t="27" w="1190" /><ent r="4" t="27" w="1225" /><ent r="4" t="27" w="1286" /><ent r="4" t="27" w="1309" /><ent r="4" t="27" w="1332" /><ent r="4" t="27" w="1361" /><ent r="4" t="28" w="105" /><ent r="4" t="28" w="124" /><ent r="4" t="28" w="146" /><ent r="4" t="28" w="171" /><ent r="4" t="28" w="250" /><ent r="4" t="28" w="273" /><ent r="4" t="28" w="296" /><ent r="4" t="28" w="325" /><ent r="4" t="28" w="411" /><ent r="4" t="28" w="430" /><ent r="4" t="28" w="454" /><ent r="4" t="28" w="479" /><ent r="4" t="28" w="538" /><ent r="4" t="28" w="565" /><ent r="4" t="28" w="594" /><ent r="4" t="28" w="626" /><ent r="4" t="28" w="721" /><ent r="4" t="28" w="752" /><ent r="4" t="28" w="769" /><ent r="4" t="28" w="793" /><ent r="4" t="28" w="850" /><ent r="4" t="28" w="952" /><ent r="4" t="28" w="978" /><ent r="4" t="28" w="1000" /><ent r="4" t="28" w="1034" /><ent r="4" t="28" w="1087" /><ent r="4" t="28" w="1130" /><ent r="4" t="28" w="1155" /><ent r="4" t="28" w="1206" /><ent r="4" t="29" w="207" /><ent r="4" t="29" w="268" /><ent r="4" t="29" w="332" /><ent r="4" t="29" w="348" /><ent r="4" t="29" w="369" /><ent r="4" t="29" w="391" /><ent r="4" t="29" w="449" /><ent r="4" t="29" w="469" /><ent r="4" t="29" w="491" /><ent r="4" t="29" w="517" /><ent r="4" t="29" w="592" /><ent r="4" t="29" w="609" /><ent r="4" t="29" w="668" /><ent r="4" t="29" w="705" /><ent r="4" t="29" w="751" /><ent r="4" t="29" w="775" /><ent r="4" t="29" w="799" /><ent r="4" t="29" w="829" /><ent r="4" t="30" w="95" /><ent r="4" t="30" w="111" /><ent r="4" t="30" w="134" /><ent r="4" t="30" w="156" /><ent r="4" t="30" w="206" /><ent r="4" t="30" w="228" /><ent r="4" t="30" w="251" /><ent r="4" t="30" w="279" /><ent r="4" t="30" w="329" /><ent r="4" t="30" w="345" /><ent r="4" t="30" w="368" /><ent r="4" t="30" w="390" /><ent r="4" t="30" w="426" /><ent r="4" t="30" w="430" /><ent r="4" t="30" w="513" /><ent r="4" t="30" w="526" /><ent r="4" t="31" w="126" /><ent r="4" t="31" w="158" /><ent r="4" t="31" w="216" /><ent r="4" t="31" w="250" /><ent r="4" t="31" w="366" /><ent r="4" t="31" w="420" /><ent r="4" t="31" w="473" /><ent r="4" t="31" w="478" /><ent r="4" t="31" w="513" /><ent r="4" t="31" w="518" /><ent r="4" t="31" w="563" /><ent r="4" t="31" w="594" /><ent r="4" t="31" w="626" /><ent r="4" t="31" w="666" /><ent r="4" t="31" w="719" /><ent r="4" t="31" w="752" /><ent r="4" t="31" w="786" /><ent r="4" t="31" w="819" /><ent r="4" t="31" w="1003" /><ent r="4" t="31" w="1063" /><ent r="4" t="31" w="1138" /><ent r="4" t="31" w="1170" /><ent r="4" t="31" w="1203" /><ent r="4" t="31" w="1235" /><ent r="4" t="31" w="1303" /><ent r="4" t="31" w="1334" /><ent r="4" t="31" w="1366" /><ent r="4" t="31" w="1401" /><ent r="4" t="31" w="1477" /><ent r="4" t="31" w="1509" /><ent r="4" t="31" w="1553" /><ent r="4" t="31" w="1585" /><ent r="4" t="31" w="1643" /><ent r="4" t="31" w="1715" /><ent r="4" t="34" w="323" /><ent r="4" t="34" w="328" /><ent r="4" t="34" w="384" /><ent r="4" t="34" w="391" /><ent r="4" t="34" w="552" /><ent r="4" t="34" w="574" /><ent r="4" t="34" w="615" /><ent r="4" t="34" w="640" /><ent r="4" t="35" w="113" /><ent r="4" t="35" w="118" /><ent r="4" t="35" w="152" /><ent r="4" t="35" w="207" /><ent r="4" t="35" w="212" /><ent r="4" t="35" w="253" /><ent r="4" t="35" w="305" /><ent r="4" t="35" w="322" /><ent r="4" t="35" w="329" /><ent r="4" t="35" w="336" /><ent r="4" t="35" w="368" /><ent r="4" t="35" w="388" /><ent r="4" t="35" w="395" /><ent r="4" t="35" w="407" /><ent r="4" t="36" w="86" /><ent r="4" t="36" w="95" /><ent r="4" t="36" w="126" /><ent r="4" t="36" w="133" /><ent r="4" t="38" w="126" /><ent r="4" t="38" w="131" /><ent r="4" t="38" w="136" /><ent r="4" t="38" w="162" /><ent r="4" t="38" w="175" /><ent r="4" t="38" w="188" /><ent r="4" t="38" w="275" /><ent r="4" t="38" w="280" /><ent r="4" t="38" w="312" /><ent r="4" t="38" w="325" /><ent r="4" t="40" w="335" /><ent r="4" t="40" w="369" /><ent r="4" t="42" w="85" /><ent r="4" t="42" w="100" /><ent r="4" t="42" w="105" /><ent r="4" t="42" w="189" /><ent r="4" t="42" w="196" /><ent r="4" t="42" w="230" /><ent r="4" t="42" w="236" /><ent r="4" t="42" w="371" /><ent r="4" t="42" w="375" /><ent r="4" t="42" w="429" /><ent r="4" t="42" w="454" /><ent r="4" t="42" w="464" /><ent r="4" t="42" w="523" /><ent r="4" t="42" w="567" /><ent r="4" t="42" w="585" /><ent r="4" t="42" w="612" /><ent r="4" t="42" w="635" /><ent r="4" t="45" w="92" /><ent r="4" t="45" w="97" /><ent r="4" t="45" w="101" /><ent r="4" t="45" w="108" /><ent r="4" t="45" w="148" /><ent r="4" t="45" w="153" /><ent r="4" t="45" w="200" /><ent r="4" t="45" w="211" /><ent r="4" t="45" w="215" /><ent r="4" t="45" w="222" /><ent r="4" t="45" w="268" /><ent r="4" t="45" w="279" /><ent r="4" t="45" w="375" /><ent r="4" t="45" w="379" /><ent r="4" t="45" w="386" /><ent r="4" t="45" w="437" /><ent r="4" t="45" w="441" /><ent r="4" t="45" w="448" /><ent r="4" t="45" w="516" /><ent r="4" t="45" w="520" /><ent r="4" t="45" w="527" /><ent r="4" t="45" w="566" /><ent r="4" t="45" w="570" /><ent r="4" t="45" w="577" /><ent r="4" t="46" w="50" /><ent r="4" t="46" w="55" /><ent r="4" t="46" w="113" /><ent r="4" t="46" w="118" /><ent r="4" t="46" w="175" /><ent r="4" t="46" w="186" /><ent r="4" t="46" w="251" /><ent r="4" t="46" w="262" /><ent r="4" t="46" w="365" /><ent r="4" t="46" w="370" /><ent r="4" t="46" w="376" /><ent r="4" t="46" w="403" /><ent r="4" t="46" w="408" /><ent r="4" t="46" w="417" /><ent r="4" t="49" w="73" /><ent r="4" t="49" w="84" /><ent r="4" t="49" w="108" /><ent r="4" t="49" w="125" /><ent r="4" t="49" w="179" /><ent r="4" t="49" w="194" /><ent r="4" t="49" w="218" /><ent r="4" t="49" w="239" /><ent r="4" t="49" w="531" /><ent r="4" t="49" w="644" /><ent r="4" t="49" w="800" /><ent r="4" t="49" w="888" /><ent r="4" t="49" w="1030" /><ent r="4" t="49" w="1033" /><ent r="4" t="49" w="1043" /><ent r="4" t="49" w="1046" /><ent r="4" t="49" w="1055" /><ent r="4" t="49" w="1091" /><ent r="4" t="49" w="1119" /><ent r="4" t="49" w="1146" /><ent r="4" t="49" w="1155" /><ent r="4" t="49" w="1172" /><ent r="4" t="49" w="1181" /><ent r="4" t="49" w="1196" /><ent r="4" t="49" w="1234" /><ent r="4" t="49" w="1267" /><ent r="4" t="50" w="123" /><ent r="4" t="50" w="127" /><ent r="4" t="50" w="623" /><ent r="4" t="50" w="634" /><ent r="4" t="50" w="658" /><ent r="4" t="50" w="675" /><ent r="4" t="50" w="719" /><ent r="4" t="50" w="728" /><ent r="4" t="50" w="764" /><ent r="4" t="50" w="790" /><ent r="4" t="50" w="805" /><ent r="4" t="50" w="843" /><ent r="4" t="50" w="895" /><ent r="4" t="50" w="910" /><ent r="4" t="50" w="934" /><ent r="4" t="50" w="955" /><ent r="4" t="50" w="986" /><ent r="4" t="50" w="995" /><ent r="4" t="50" w="999" /><ent r="4" t="50" w="1042" /><ent r="4" t="50" w="1057" /><ent r="4" t="50" w="1061" /><ent r="4" t="52" w="126" /><ent r="4" t="52" w="196" /><ent r="5" t="53" w="135" /><ent r="5" t="53" w="206" /><ent r="5" t="53" w="313" /><ent r="5" t="53" w="380" /><ent r="5" t="53" w="525" /><ent r="4" t="54" w="140" /><ent r="4" t="54" w="173" /><ent r="4" t="54" w="212" /><ent r="4" t="54" w="217" /><ent r="4" t="54" w="261" /><ent r="4" t="54" w="268" /><ent r="4" t="56" w="54" /><ent r="4" t="56" w="110" /><ent r="4" t="56" w="195" /><ent r="4" t="56" w="220" /><ent r="4" t="56" w="253" /><ent r="4" t="56" w="296" /><ent r="4" t="57" w="67" /><ent r="4" t="57" w="89" /><ent r="4" t="57" w="115" /><ent r="4" t="57" w="140" /><ent r="4" t="57" w="176" /><ent r="4" t="57" w="213" /><ent r="4" t="58" w="71" /><ent r="4" t="58" w="75" /><ent r="4" t="58" w="131" /><ent r="4" t="58" w="141" /><ent r="4" t="58" w="219" /><ent r="4" t="58" w="223" /><ent r="4" t="58" w="275" /><ent r="4" t="58" w="285" /><ent r="4" t="59" w="174" /><ent r="4" t="59" w="212" /><ent r="4" t="63" w="45" /><ent r="4" t="63" w="131" /><ent r="4" t="64" w="93" /><ent r="4" t="64" w="135" /><ent r="4" t="64" w="190" /><ent r="4" t="64" w="245" /><ent r="4" t="66" w="166" /><ent r="4" t="66" w="188" /><ent r="4" t="66" w="229" /><ent r="4" t="66" w="254" /><ent r="4" t="66" w="600" /><ent r="4" t="66" w="605" /><ent r="4" t="66" w="610" /><ent r="4" t="66" w="678" /><ent r="4" t="66" w="691" /><ent r="4" t="66" w="698" /><ent r="4" t="69" w="141" /><ent r="4" t="69" w="168" /><ent r="4" t="69" w="226" /><ent r="4" t="69" w="231" /><ent r="4" t="69" w="282" /><ent r="4" t="69" w="292" /><ent r="4" t="69" w="387" /><ent r="4" t="69" w="392" /><ent r="4" t="69" w="415" /><ent r="4" t="69" w="420" /><ent r="4" t="69" w="492" /><ent r="4" t="69" w="518" /><ent r="4" t="69" w="573" /><ent r="4" t="69" w="624" /><ent r="4" t="70" w="111" /><ent r="4" t="70" w="136" /><ent r="4" t="70" w="171" /><ent r="4" t="70" w="208" /><ent r="4" t="70" w="325" /><ent r="4" t="70" w="366" /><ent r="4" t="70" w="398" /><ent r="4" t="70" w="420" /><ent r="4" t="70" w="433" /><ent r="4" t="70" w="456" /><ent r="4" t="70" w="508" /><ent r="4" t="70" w="545" /><ent r="4" t="70" w="572" /><ent r="4" t="70" w="590" /><ent r="4" t="70" w="670" /><ent r="4" t="70" w="679" /><ent r="4" t="70" w="689" /><ent r="4" t="70" w="704" /><ent r="4" t="70" w="739" /><ent r="4" t="70" w="754" /><ent r="4" t="70" w="772" /><ent r="4" t="70" w="799" /><ent r="4" t="72" w="32" /><ent r="4" t="72" w="66" /><ent r="4" t="72" w="169" /><ent r="4" t="72" w="204" /><ent r="4" t="72" w="272" /><ent r="4" t="72" w="305" /><ent r="4" t="74" w="158" /><ent r="4" t="74" w="163" /><ent r="4" t="74" w="208" /><ent r="4" t="74" w="216" /><ent r="4" t="74" w="290" /><ent r="4" t="74" w="323" /><ent r="4" t="74" w="368" /><ent r="4" t="74" w="411" /><ent r="4" t="74" w="808" /><ent r="4" t="74" w="869" /><ent r="4" t="74" w="944" /><ent r="4" t="74" w="975" /><ent r="4" t="74" w="1017" /><ent r="4" t="74" w="1034" /><ent r="4" t="74" w="1057" /><ent r="4" t="75" w="232" /><ent r="4" t="75" w="265" /><ent r="4" t="75" w="313" /><ent r="4" t="75" w="356" /><ent r="4" t="75" w="700" /><ent r="4" t="75" w="763" /><ent r="4" t="75" w="840" /><ent r="4" t="75" w="871" /><ent r="4" t="75" w="915" /><ent r="4" t="75" w="932" /><ent r="4" t="75" w="955" /><ent r="4" t="76" w="86" /><ent r="4" t="76" w="91" /><ent r="4" t="76" w="136" /><ent r="4" t="76" w="144" /><ent r="4" t="76" w="200" /><ent r="4" t="76" w="207" /><ent r="4" t="76" w="240" /><ent r="4" t="76" w="282" /><ent r="4" t="76" w="289" /><ent r="4" t="76" w="332" /><ent r="4" t="76" w="387" /><ent r="4" t="76" w="450" /><ent r="4" t="76" w="593" /><ent r="4" t="76" w="598" /><ent r="4" t="76" w="632" /><ent r="4" t="76" w="687" /><ent r="4" t="76" w="692" /><ent r="4" t="76" w="733" /><ent r="4" t="76" w="785" /><ent r="4" t="76" w="802" /><ent r="4" t="76" w="809" /><ent r="4" t="76" w="816" /><ent r="4" t="76" w="848" /><ent r="4" t="76" w="868" /><ent r="4" t="76" w="875" /><ent r="4" t="76" w="887" /><ent r="4" t="78" w="200" /><ent r="4" t="80" w="35" /><ent r="4" t="80" w="133" /><ent r="4" t="81" w="59" /><ent r="4" t="81" w="86" /><ent r="4" t="81" w="145" /><ent r="4" t="82" w="68" /><ent r="4" t="83" w="84" /><ent r="4" t="84" w="48" /><ent r="4" t="85" w="40" /><ent r="4" t="86" w="36" /><ent r="4" t="87" w="81" /><ent r="4" t="88" w="83" /><ent r="4" t="88" w="89" /><ent r="4" t="88" w="128" /><ent r="4" t="89" w="146" /><ent r="4" t="96" w="118" /><ent r="4" t="96" w="142" /><ent r="4" t="96" w="174" /><ent r="4" t="96" w="332" /><ent r="4" t="96" w="338" /><ent r="4" t="96" w="358" /><ent r="4" t="96" w="393" /><ent r="4" t="96" w="463" /><ent r="4" t="96" w="540" /><ent r="4" t="96" w="546" /><ent r="4" t="96" w="574" /><ent r="4" t="96" w="586" /><ent r="4" t="96" w="687" /><ent r="4" t="96" w="693" /><ent r="4" t="96" w="792" /><ent r="4" t="99" w="147" /><ent r="4" t="99" w="203" /><ent r="4" t="99" w="268" /><ent r="4" t="99" w="299" /><ent r="4" t="99" w="302" /><ent r="4" t="99" w="305" /><ent r="4" t="99" w="343" /><ent r="4" t="99" w="391" /><ent r="4" t="99" w="399" /><ent r="4" t="99" w="402" /><ent r="4" t="99" w="472" /><ent r="4" t="99" w="547" /><ent r="4" t="99" w="655" /><ent r="4" t="99" w="667" /><ent r="4" t="99" w="751" /><ent r="4" t="99" w="784" /><ent r="4" t="99" w="792" /><ent r="4" t="99" w="807" /><ent r="4" t="99" w="907" /><ent r="4" t="99" w="914" /><ent r="4" t="99" w="939" /><ent r="4" t="99" w="944" /><ent r="4" t="99" w="951" /><ent r="4" t="99" w="996" /><ent r="4" t="100" w="99" /><ent r="4" t="100" w="111" /><ent r="4" t="100" w="115" /><ent r="4" t="100" w="188" /><ent r="4" t="100" w="210" /><ent r="4" t="100" w="222" /><ent r="4" t="100" w="283" /><ent r="4" t="100" w="289" /><ent r="4" t="100" w="309" /><ent r="4" t="101" w="111" /><ent r="4" t="101" w="117" /><ent r="4" t="101" w="140" /><ent r="4" t="101" w="173" /><ent r="4" t="101" w="251" /><ent r="4" t="106" w="145" /><ent r="4" t="106" w="150" /><ent r="4" t="106" w="174" /><ent r="4" t="106" w="179" /><ent r="4" t="109" w="119" /><ent r="4" t="109" w="170" /><ent r="4" t="109" w="305" /><ent r="4" t="109" w="311" /><ent r="4" t="109" w="348" /><ent r="4" t="109" w="410" /><ent r="4" t="109" w="416" /><ent r="4" t="112" w="59" /><ent r="4" t="112" w="91" /><ent r="4" t="112" w="293" /><ent r="4" t="112" w="309" /><ent r="4" t="112" w="325" /><ent r="4" t="112" w="341" /><ent r="4" t="112" w="357" /><ent r="4" t="112" w="408" /><ent r="4" t="112" w="413" /><ent r="4" t="112" w="418" /><ent r="4" t="112" w="577" /><ent r="4" t="112" w="579" /><ent r="4" t="112" w="584" /><ent r="4" t="112" w="794" /><ent r="4" t="112" w="800" /><ent r="4" t="112" w="806" /><ent r="4" t="112" w="947" /><ent r="4" t="112" w="955" /><ent r="4" t="112" w="963" /><ent r="4" t="112" w="1077" /><ent r="4" t="112" w="1080" /><ent r="4" t="112" w="1088" /><ent r="4" t="112" w="1384" /><ent r="4" t="112" w="1419" /><ent r="4" t="114" w="313" /><ent r="4" t="114" w="347" /><ent r="4" t="114" w="351" /><ent r="4" t="114" w="477" /><ent r="4" t="114" w="545" /><ent r="4" t="114" w="552" /><ent r="4" t="114" w="724" /><ent r="4" t="114" w="740" /><ent r="4" t="114" w="771" /><ent r="4" t="114" w="793" /><ent r="4" t="114" w="905" /><ent r="4" t="114" w="930" /><ent r="4" t="116" w="154" /><ent r="4" t="116" w="191" /><ent r="4" t="117" w="120" /><ent r="4" t="117" w="126" /><ent r="4" t="117" w="132" /><ent r="4" t="117" w="191" /><ent r="4" t="117" w="205" /><ent r="4" t="117" w="216" /><ent r="4" t="117" w="323" /><ent r="4" t="117" w="329" /><ent r="4" t="117" w="393" /><ent r="4" t="117" w="404" /><ent r="4" t="117" w="480" /><ent r="4" t="117" w="550" /><ent r="4" t="117" w="704" /><ent r="4" t="117" w="741" /><ent r="4" t="121" w="161" /><ent r="5" t="121" w="172" /><ent r="4" t="121" w="197" /><ent r="5" t="121" w="208" /><ent r="4" t="121" w="248" /><ent r="4" t="121" w="266" /><ent r="4" t="121" w="289" /><ent r="4" t="121" w="306" /><ent r="4" t="121" w="340" /><ent r="4" t="121" w="352" /><ent r="4" t="121" w="392" /><ent r="4" t="121" w="417" /><ent r="4" t="121" w="452" /><ent r="4" t="121" w="474" /><ent r="4" t="121" w="516" /><ent r="4" t="121" w="534" /><ent r="4" t="122" w="244" /><ent r="4" t="122" w="257" /><ent r="4" t="122" w="263" /><ent r="4" t="122" w="305" /><ent r="4" t="122" w="335" /><ent r="4" t="124" w="171" /><ent r="4" t="124" w="184" /><ent r="4" t="124" w="192" /><ent r="4" t="124" w="196" /><ent r="4" t="124" w="200" /><ent r="4" t="124" w="238" /><ent r="4" t="124" w="270" /><ent r="4" t="124" w="274" /><ent r="4" t="124" w="278" /><ent r="4" t="125" w="179" /><ent r="4" t="125" w="192" /><ent r="4" t="125" w="200" /><ent r="4" t="125" w="204" /><ent r="4" t="125" w="208" /><ent r="4" t="125" w="246" /><ent r="4" t="125" w="278" /><ent r="4" t="125" w="282" /><ent r="4" t="125" w="286" /><ent r="6" t="128" w="71" /><ent r="6" t="128" w="123" /><ent r="6" t="128" w="184" /><ent r="6" t="128" w="244" /><ent r="4" t="129" w="115" /><ent r="4" t="129" w="144" /><ent r="4" t="130" w="104" /><ent r="4" t="130" w="118" /><ent r="4" t="130" w="297" /><ent r="4" t="130" w="324" /><ent r="4" t="140" w="52" /><ent r="4" t="140" w="83" /><ent r="4" t="141" w="163" /><ent r="4" t="141" w="168" /><ent r="4" t="141" w="183" /><ent r="4" t="141" w="268" /><ent r="4" t="141" w="273" /><ent r="4" t="141" w="311" /><ent r="4" t="141" w="387" /><ent r="4" t="141" w="426" /><ent r="4" t="142" w="127" /><ent r="4" t="142" w="136" /><ent r="4" t="142" w="164" /><ent r="4" t="142" w="178" /><ent r="4" t="142" w="230" /><ent r="4" t="142" w="239" /><ent r="4" t="142" w="268" /><ent r="4" t="142" w="282" /><ent r="4" t="142" w="332" /><ent r="4" t="142" w="341" /><ent r="4" t="142" w="376" /><ent r="4" t="142" w="390" /><ent r="4" t="145" w="54" /><ent r="4" t="145" w="59" /><ent r="4" t="145" w="80" /><ent r="4" t="145" w="85" /><ent r="4" t="145" w="178" /><ent r="4" t="145" w="210" /><ent r="4" t="146" w="86" /><ent r="4" t="146" w="91" /><ent r="4" t="146" w="113" /><ent r="4" t="146" w="118" /><ent r="4" t="146" w="211" /><ent r="4" t="146" w="243" /><ent r="4" t="148" w="71" /><ent r="4" t="148" w="76" /><ent r="4" t="148" w="92" /><ent r="4" t="148" w="119" /><ent r="4" t="148" w="124" /><ent r="4" t="148" w="144" /><ent r="4" t="149" w="80" /><ent r="4" t="149" w="85" /><ent r="4" t="149" w="108" /><ent r="4" t="149" w="113" /><ent r="4" t="150" w="185" /><ent r="4" t="150" w="190" /><ent r="4" t="150" w="213" /><ent r="4" t="150" w="218" /><ent r="4" t="151" w="88" /><ent r="4" t="151" w="93" /><ent r="4" t="151" w="115" /><ent r="4" t="151" w="120" /><ent r="4" t="152" w="91" /><ent r="4" t="152" w="96" /><ent r="4" t="152" w="118" /><ent r="4" t="152" w="123" /><ent r="4" t="152" w="163" /><ent r="4" t="152" w="195" /><ent r="4" t="153" w="112" /><ent r="4" t="153" w="117" /><ent r="4" t="153" w="140" /><ent r="4" t="153" w="145" /><ent r="4" t="154" w="25" /><ent r="4" t="154" w="56" /><ent r="4" t="155" w="51" /><ent r="4" t="155" w="56" /><ent r="4" t="155" w="82" /><ent r="4" t="155" w="87" /><ent r="4" t="156" w="31" /><ent r="4" t="156" w="36" /><ent r="4" t="156" w="58" /><ent r="4" t="156" w="63" /><ent r="4" t="157" w="44" /><ent r="4" t="157" w="76" /><ent r="4" t="158" w="24" /><ent r="4" t="158" w="55" /><ent r="4" t="158" w="60" /><ent r="4" t="158" w="82" /><ent r="4" t="158" w="87" /><ent r="4" t="159" w="53" /><ent r="4" t="159" w="58" /><ent r="4" t="159" w="80" /><ent r="4" t="159" w="85" /><ent r="4" t="160" w="28" /><ent r="4" t="160" w="61" /><ent r="4" t="161" w="62" /><ent r="4" t="161" w="67" /><ent r="4" t="161" w="93" /><ent r="4" t="161" w="98" /><ent r="4" t="163" w="39" /><ent r="4" t="163" w="44" /><ent r="4" t="163" w="67" /><ent r="4" t="163" w="72" /><ent r="4" t="164" w="133" /><ent r="4" t="164" w="162" /><ent r="4" t="168" w="105" /><ent r="4" t="168" w="134" /><ent r="4" t="169" w="151" /><ent r="4" t="169" w="156" /><ent r="4" t="169" w="179" /><ent r="4" t="169" w="184" /><ent r="4" t="170" w="71" /><ent r="4" t="170" w="76" /><ent r="4" t="170" w="101" /><ent r="4" t="170" w="106" /><ent r="4" t="171" w="46" /><ent r="4" t="171" w="51" /><ent r="4" t="171" w="75" /><ent r="4" t="171" w="80" /><ent r="4" t="172" w="63" /><ent r="4" t="172" w="68" /><ent r="4" t="172" w="91" /><ent r="4" t="172" w="96" /><ent r="4" t="174" w="92" /><ent r="4" t="174" w="97" /><ent r="4" t="174" w="124" /><ent r="4" t="174" w="129" /><ent r="4" t="175" w="54" /><ent r="4" t="175" w="59" /><ent r="4" t="175" w="83" /><ent r="4" t="175" w="88" /><ent r="4" t="176" w="127" /><ent r="4" t="176" w="132" /><ent r="4" t="176" w="156" /><ent r="4" t="176" w="161" /><ent r="4" t="177" w="110" /><ent r="4" t="177" w="115" /><ent r="4" t="177" w="137" /><ent r="4" t="177" w="142" /><ent r="4" t="178" w="149" /><ent r="4" t="178" w="174" /><ent r="4" t="179" w="141" /><ent r="4" t="179" w="174" /><ent r="4" t="179" w="275" /><ent r="4" t="179" w="303" /><ent r="4" t="179" w="395" /><ent r="4" t="179" w="421" /><ent r="4" t="179" w="519" /><ent r="4" t="179" w="550" /><ent r="4" t="180" w="66" /><ent r="4" t="180" w="71" /><ent r="4" t="180" w="94" /><ent r="4" t="180" w="99" /><ent r="4" t="180" w="133" /><ent r="4" t="180" w="138" /><ent r="4" t="180" w="174" /><ent r="4" t="180" w="179" /><ent r="4" t="181" w="42" /><ent r="4" t="181" w="47" /><ent r="4" t="181" w="71" /><ent r="4" t="181" w="76" /><ent r="4" t="182" w="70" /><ent r="4" t="182" w="75" /><ent r="4" t="182" w="100" /><ent r="4" t="182" w="105" /><ent r="4" t="183" w="47" /><ent r="4" t="183" w="52" /><ent r="4" t="183" w="76" /><ent r="4" t="183" w="83" /><ent r="4" t="184" w="84" /><ent r="4" t="184" w="89" /><ent r="4" t="184" w="117" /><ent r="4" t="184" w="122" /><ent r="4" t="185" w="129" /><ent r="4" t="185" w="134" /><ent r="4" t="185" w="156" /><ent r="4" t="185" w="161" /><ent r="4" t="187" w="31" /><ent r="4" t="187" w="35" /><ent r="4" t="187" w="44" /><ent r="4" t="187" w="47" /><ent r="4" t="187" w="76" /><ent r="4" t="187" w="86" /><ent r="4" t="187" w="93" /><ent r="4" t="187" w="102" /><ent r="4" t="187" w="162" /><ent r="4" t="187" w="166" /><ent r="4" t="187" w="172" /><ent r="4" t="187" w="182" /><ent r="4" t="187" w="185" /><ent r="4" t="187" w="213" /><ent r="4" t="187" w="223" /><ent r="4" t="187" w="235" /><ent r="4" t="187" w="245" /><ent r="4" t="187" w="254" /><ent r="4" t="188" w="43" /><ent r="4" t="188" w="47" /><ent r="4" t="188" w="56" /><ent r="4" t="188" w="59" /><ent r="4" t="188" w="86" /><ent r="4" t="188" w="101" /><ent r="4" t="188" w="286" /><ent r="4" t="188" w="290" /><ent r="4" t="188" w="297" /><ent r="4" t="188" w="300" /><ent r="4" t="188" w="328" /><ent r="4" t="188" w="343" /><ent r="4" t="188" w="352" /><ent r="4" t="188" w="438" /><ent r="4" t="188" w="445" /><ent r="4" t="188" w="453" /><ent r="4" t="188" w="478" /><ent r="4" t="188" w="497" /><ent r="3" t="188" w="572" /><ent r="4" t="190" w="69" /><ent r="4" t="190" w="73" /><ent r="4" t="190" w="79" /><ent r="4" t="190" w="91" /><ent r="4" t="190" w="94" /><ent r="4" t="190" w="122" /><ent r="4" t="190" w="132" /><ent r="4" t="190" w="144" /><ent r="4" t="190" w="154" /><ent r="4" t="190" w="163" /><ent r="3" t="190" w="276" /><ent r="3" t="190" w="279" /><ent r="4" t="190" w="420" /><ent r="4" t="190" w="445" /><ent r="4" t="190" w="518" /><ent r="4" t="190" w="569" /><ent r="4" t="191" w="191" /><ent r="4" t="191" w="195" /><ent r="4" t="191" w="213" /><ent r="4" t="191" w="221" /><ent r="4" t="191" w="224" /><ent r="4" t="191" w="253" /><ent r="4" t="191" w="263" /><ent r="4" t="191" w="286" /><ent r="4" t="191" w="294" /><ent r="4" t="191" w="303" /><ent r="4" t="193" w="113" /><ent r="4" t="193" w="359" /><ent r="4" t="194" w="43" /><ent r="4" t="194" w="48" /><ent r="4" t="194" w="54" /><ent r="4" t="194" w="84" /><ent r="4" t="194" w="89" /><ent r="4" t="194" w="101" /><ent r="4" t="197" w="97" /><ent r="4" t="197" w="101" /><ent r="4" t="197" w="123" /><ent r="4" t="197" w="127" /><ent r="4" t="198" w="96" /><ent r="4" t="198" w="100" /><ent r="4" t="198" w="123" /><ent r="4" t="198" w="127" /><ent r="4" t="199" w="37" /><ent r="4" t="199" w="41" /><ent r="4" t="199" w="63" /><ent r="4" t="199" w="67" /><ent r="4" t="201" w="24" /><ent r="4" t="201" w="28" /><ent r="4" t="201" w="51" /><ent r="4" t="201" w="55" /><ent r="4" t="203" w="30" /><ent r="4" t="203" w="35" /><ent r="4" t="203" w="60" /><ent r="4" t="203" w="65" /><ent r="4" t="204" w="42" /><ent r="4" t="204" w="47" /><ent r="4" t="204" w="77" /><ent r="4" t="204" w="82" /><ent r="4" t="206" w="83" /><ent r="4" t="206" w="88" /><ent r="4" t="206" w="112" /><ent r="4" t="206" w="117" /><ent r="4" t="207" w="39" /><ent r="4" t="207" w="44" /><ent r="4" t="207" w="67" /><ent r="4" t="207" w="72" /><ent r="4" t="208" w="24" /><ent r="4" t="208" w="29" /><ent r="4" t="208" w="54" /><ent r="4" t="208" w="59" /><ent r="4" t="210" w="61" /><ent r="4" t="210" w="93" /><ent r="4" t="211" w="22" /><ent r="4" t="211" w="58" /><ent r="4" t="212" w="43" /><ent r="4" t="212" w="79" /><ent r="4" t="213" w="69" /><ent r="4" t="213" w="105" /><ent r="4" t="214" w="44" /><ent r="4" t="214" w="77" /><ent r="4" t="215" w="25" /><ent r="4" t="215" w="60" /><ent r="4" t="216" w="47" /><ent r="4" t="216" w="79" /><ent r="4" t="217" w="47" /><ent r="4" t="217" w="79" /><ent r="4" t="218" w="79" /><ent r="4" t="218" w="111" /><ent r="4" t="219" w="28" /><ent r="4" t="219" w="63" /><ent r="4" t="220" w="39" /><ent r="4" t="220" w="76" /><ent r="4" t="221" w="32" /><ent r="4" t="221" w="66" /><ent r="4" t="222" w="60" /><ent r="4" t="222" w="92" /><ent r="4" t="223" w="203" /><ent r="4" t="223" w="241" /><ent r="4" t="223" w="353" /><ent r="4" t="223" w="397" /><ent r="4" t="223" w="476" /><ent r="4" t="223" w="520" /><ent r="4" t="223" w="578" /><ent r="4" t="223" w="622" /><ent r="4" t="223" w="677" /><ent r="4" t="223" w="714" /><ent r="4" t="224" w="136" /><ent r="4" t="224" w="166" /><ent r="4" t="224" w="228" /><ent r="4" t="224" w="259" /><ent r="4" t="224" w="325" /><ent r="4" t="224" w="353" /><ent r="4" t="224" w="449" /><ent r="4" t="224" w="477" /><ent r="4" t="224" w="525" /><ent r="4" t="224" w="556" /><ent r="4" t="225" w="78" /><ent r="4" t="225" w="82" /><ent r="4" t="225" w="106" /><ent r="4" t="225" w="110" /><ent r="4" t="226" w="159" /><ent r="4" t="226" w="202" /><ent r="4" t="226" w="292" /><ent r="4" t="226" w="332" /><ent r="4" t="227" w="100" /><ent r="4" t="227" w="104" /><ent r="4" t="227" w="113" /><ent r="4" t="227" w="183" /><ent r="4" t="227" w="193" /><ent r="4" t="227" w="202" /><ent r="4" t="227" w="433" /><ent r="4" t="227" w="451" /><ent r="4" t="227" w="482" /><ent r="4" t="227" w="506" /><ent r="4" t="229" w="96" /><ent r="4" t="229" w="120" /><ent r="4" t="229" w="159" /><ent r="4" t="229" w="186" /><ent r="4" t="232" w="215" /><ent r="4" t="232" w="221" /><ent r="4" t="232" w="249" /><ent r="4" t="232" w="261" /><ent r="4" t="233" w="247" /><ent r="4" t="233" w="277" /><ent r="4" t="233" w="417" /><ent r="4" t="233" w="465" /><ent r="4" t="233" w="505" /><ent r="4" t="233" w="558" /><ent r="4" t="233" w="637" /><ent r="4" t="233" w="682" /><ent r="4" t="235" w="115" /><ent r="4" t="235" w="201" /><ent r="4" t="236" w="142" /><ent r="4" t="236" w="203" /><ent r="4" t="236" w="288" /><ent r="4" t="236" w="293" /><ent r="4" t="236" w="299" /><ent r="4" t="236" w="328" /><ent r="4" t="236" w="333" /><ent r="4" t="236" w="345" /><ent r="4" t="236" w="538" /><ent r="4" t="236" w="543" /><ent r="4" t="236" w="571" /><ent r="4" t="236" w="576" /><ent r="4" t="236" w="745" /><ent r="4" t="236" w="752" /><ent r="4" t="236" w="796" /><ent r="4" t="236" w="806" /><ent r="5" t="237" w="145" /><ent r="5" t="237" w="166" /><ent r="5" t="237" w="204" /><ent r="5" t="237" w="280" /><ent r="5" t="237" w="312" /><ent r="4" t="240" w="165" /><ent r="4" t="240" w="223" /><ent r="4" t="240" w="522" /><ent r="4" t="240" w="531" /><ent r="4" t="240" w="570" /><ent r="4" t="240" w="579" /><ent r="4" t="240" w="826" /><ent r="4" t="240" w="878" /><ent r="4" t="240" w="1021" /><ent r="4" t="240" w="1095" /><ent r="4" t="240" w="1201" /><ent r="4" t="240" w="1286" /><ent r="4" t="241" w="212" /><ent r="4" t="241" w="218" /><ent r="4" t="241" w="229" /><ent r="4" t="241" w="264" /><ent r="4" t="241" w="272" /><ent r="4" t="241" w="436" /><ent r="4" t="241" w="450" /><ent r="4" t="241" w="465" /><ent r="4" t="241" w="536" /><ent r="4" t="241" w="544" /><ent r="4" t="241" w="599" /><ent r="4" t="241" w="603" /><ent r="4" t="241" w="631" /><ent r="4" t="241" w="645" /><ent r="4" t="244" w="154" /><ent r="4" t="244" w="221" /><ent r="4" t="244" w="227" /><ent r="4" t="244" w="234" /><ent r="4" t="244" w="289" /><ent r="4" t="248" w="77" /><ent r="4" t="248" w="104" /><ent r="4" t="248" w="162" /><ent r="4" t="248" w="167" /><ent r="4" t="248" w="218" /><ent r="4" t="248" w="228" /><ent r="4" t="249" w="56" /><ent r="4" t="249" w="77" /><ent r="4" t="249" w="124" /><ent r="4" t="249" w="150" /><ent r="4" t="249" w="207" /><ent r="4" t="249" w="258" /><ent r="4" t="250" w="71" /><ent r="4" t="250" w="107" /><ent r="4" t="250" w="242" /><ent r="4" t="250" w="246" /><ent r="4" t="250" w="268" /><ent r="4" t="250" w="281" /><ent r="4" t="250" w="311" /><ent r="4" t="250" w="354" /><ent r="4" t="251" w="80" /><ent r="4" t="251" w="136" /><ent r="4" t="251" w="283" /><ent r="4" t="251" w="290" /><ent r="4" t="251" w="315" /><ent r="4" t="251" w="320" /><ent r="4" t="251" w="327" /><ent r="4" t="251" w="372" /><ent r="4" t="251" w="428" /><ent r="4" t="251" w="434" /><ent r="4" t="251" w="456" /><ent r="4" t="251" w="470" /><ent r="4" t="251" w="500" /><ent r="4" t="251" w="539" /><ent r="4" t="251" w="556" /><ent r="4" t="253" w="68" /><ent r="4" t="253" w="70" /><ent r="4" t="253" w="84" /><ent r="4" t="253" w="93" /><ent r="4" t="253" w="102" /><ent r="4" t="253" w="119" /><ent r="4" t="253" w="178" /><ent r="4" t="253" w="180" /><ent r="4" t="253" w="198" /><ent r="4" t="253" w="209" /><ent r="4" t="253" w="225" /><ent r="4" t="253" w="249" /><ent r="4" t="253" w="348" /><ent r="4" t="253" w="351" /><ent r="4" t="253" w="358" /><ent r="4" t="253" w="370" /><ent r="4" t="253" w="373" /><ent r="4" t="253" w="422" /><ent r="4" t="253" w="431" /><ent r="4" t="253" w="438" /><ent r="4" t="253" w="457" /><ent r="4" t="253" w="468" /><ent r="4" t="254" w="72" /><ent r="4" t="254" w="84" /><ent r="4" t="254" w="101" /><ent r="4" t="254" w="111" /><ent r="4" t="254" w="115" /><ent r="4" t="254" w="145" /><ent r="4" t="254" w="149" /><ent r="4" t="254" w="162" /><ent r="4" t="254" w="193" /><ent r="4" t="254" w="210" /><ent r="4" t="254" w="227" /><ent r="4" t="254" w="242" /><ent r="4" t="254" w="252" /><ent r="4" t="254" w="286" /><ent r="4" t="254" w="290" /><ent r="4" t="254" w="302" /><ent r="4" t="256" w="99" /><ent r="4" t="256" w="121" /><ent r="4" t="256" w="162" /><ent r="4" t="256" w="187" /><ent r="4" t="256" w="246" /><ent r="4" t="256" w="270" /><ent r="4" t="256" w="309" /><ent r="4" t="256" w="336" /><ent r="4" t="257" w="286" /><ent r="4" t="257" w="298" /><ent r="4" t="257" w="307" /><ent r="4" t="257" w="350" /><ent r="4" t="257" w="446" /><ent r="4" t="257" w="450" /><ent r="4" t="257" w="465" /><ent r="4" t="257" w="472" /><ent r="4" t="257" w="479" /><ent r="4" t="257" w="494" /><ent r="5" t="259" w="150" /><ent r="5" t="259" w="177" /><ent r="4" t="259" w="213" /><ent r="4" t="259" w="224" /><ent r="4" t="259" w="302" /><ent r="4" t="259" w="315" /><ent r="4" t="260" w="186" /><ent r="4" t="260" w="269" /><ent r="4" t="260" w="379" /><ent r="4" t="260" w="383" /><ent r="4" t="260" w="387" /><ent r="4" t="262" w="165" /><ent r="4" t="262" w="191" /><ent r="4" t="262" w="196" /><ent r="4" t="262" w="233" /><ent r="4" t="262" w="247" /><ent r="5" t="262" w="264" /><ent r="4" t="263" w="136" /><ent r="4" t="263" w="199" /><ent r="4" t="263" w="254" /><ent r="4" t="263" w="374" /><ent r="4" t="263" w="380" /><ent r="4" t="263" w="384" /><ent r="4" t="263" w="410" /><ent r="4" t="263" w="481" /><ent r="4" t="263" w="486" /><ent r="4" t="263" w="509" /><ent r="4" t="263" w="515" /><ent r="4" t="263" w="538" /><ent r="4" t="263" w="543" /><ent r="4" t="263" w="558" /><ent r="4" t="263" w="585" /><ent r="4" t="263" w="591" /><ent r="4" t="263" w="614" /><ent r="4" t="264" w="216" /><ent r="4" t="264" w="278" /><ent r="4" t="264" w="379" /><ent r="4" t="264" w="417" /><ent r="4" t="265" w="200" /><ent r="4" t="265" w="205" /><ent r="4" t="265" w="223" /><ent r="4" t="265" w="241" /><ent r="4" t="265" w="284" /><ent r="4" t="265" w="304" /><ent r="4" t="265" w="322" /><ent r="4" t="265" w="340" /><ent r="4" t="265" w="357" /><ent r="4" t="265" w="795" /><ent r="4" t="265" w="810" /><ent r="4" t="265" w="819" /><ent r="4" t="266" w="111" /><ent r="4" t="266" w="121" /><ent r="4" t="266" w="148" /><ent r="4" t="266" w="164" /><ent r="4" t="266" w="371" /><ent r="4" t="266" w="425" /><ent r="4" t="266" w="570" /><ent r="4" t="266" w="577" /><ent r="4" t="266" w="583" /><ent r="4" t="266" w="613" /><ent r="4" t="266" w="618" /><ent r="4" t="266" w="630" /><ent r="4" t="272" w="154" /><ent r="4" t="272" w="162" /><ent r="4" t="272" w="175" /><ent r="4" t="272" w="189" /><ent r="4" t="272" w="227" /><ent r="4" t="272" w="267" /><ent r="4" t="272" w="372" /><ent r="4" t="272" w="380" /><ent r="4" t="272" w="393" /><ent r="4" t="272" w="405" /><ent r="4" t="272" w="444" /><ent r="4" t="272" w="488" /><ent r="4" t="274" w="94" /><ent r="4" t="274" w="98" /><ent r="4" t="274" w="152" /><ent r="4" t="274" w="177" /><ent r="4" t="274" w="187" /><ent r="4" t="274" w="246" /><ent r="4" t="275" w="158" /><ent r="4" t="275" w="163" /><ent r="4" t="275" w="221" /><ent r="4" t="275" w="226" /><ent r="4" t="275" w="283" /><ent r="4" t="275" w="294" /><ent r="4" t="275" w="359" /><ent r="4" t="275" w="370" /><ent r="4" t="275" w="469" /><ent r="4" t="275" w="474" /><ent r="4" t="275" w="480" /><ent r="4" t="275" w="507" /><ent r="4" t="275" w="512" /><ent r="4" t="275" w="521" /><ent r="5" t="277" w="165" /><ent r="5" t="277" w="182" /><ent r="5" t="277" w="196" /><ent r="5" t="277" w="216" /><ent r="5" t="277" w="235" /><ent r="5" t="277" w="251" /><ent r="4" t="281" w="317" /><ent r="4" t="281" w="343" /><ent r="4" t="281" w="428" /><ent r="4" t="281" w="456" /><ent r="4" t="284" w="71" /><ent r="4" t="284" w="76" /><ent r="4" t="284" w="100" /><ent r="4" t="284" w="105" /><ent r="5" t="297" w="140" /><ent r="5" t="297" w="154" /><ent r="5" t="297" w="163" /><ent r="5" t="297" w="181" /><ent r="5" t="297" w="198" /><ent r="5" t="297" w="205" /><ent r="5" t="297" w="212" /><ent r="5" t="297" w="220" /><ent r="5" t="297" w="228" /><ent r="5" t="297" w="239" /><ent r="5" t="297" w="250" /><ent r="5" t="297" w="270" /><ent r="5" t="297" w="286" /><ent r="5" t="297" w="302" /><ent r="5" t="297" w="319" /><ent r="5" t="297" w="336" /><ent r="5" t="297" w="353" /><ent r="5" t="297" w="370" /><ent r="5" t="297" w="386" /><ent r="5" t="297" w="421" /><ent r="5" t="297" w="438" /><ent r="5" t="297" w="455" /><ent r="5" t="297" w="471" /><ent r="5" t="297" w="527" /><ent r="5" t="297" w="536" /><ent r="5" t="297" w="550" /><ent r="5" t="297" w="567" /><ent r="5" t="298" w="116" /><ent r="5" t="298" w="129" /><ent r="5" t="298" w="142" /><ent r="5" t="298" w="155" /><ent r="5" t="298" w="162" /><ent r="5" t="298" w="181" /><ent r="5" t="298" w="188" /><ent r="5" t="298" w="195" /><ent r="5" t="298" w="206" /><ent r="5" t="298" w="213" /><ent r="5" t="298" w="232" /><ent r="5" t="298" w="248" /><ent r="5" t="298" w="277" /><ent r="5" t="298" w="290" /><ent r="5" t="298" w="303" /><ent r="5" t="298" w="316" /><ent r="5" t="298" w="329" /><ent r="5" t="298" w="344" /><ent r="5" t="298" w="427" /><ent r="5" t="298" w="440" /><ent r="5" t="298" w="449" /><ent r="5" t="298" w="469" /><ent r="5" t="299" w="507" /><ent r="6" t="300" w="301" /><ent r="6" t="300" w="566" /><ent r="6" t="300" w="594" /><ent r="4" t="302" w="166" /><ent r="4" t="302" w="222" /><ent r="4" t="302" w="254" /></phr></stem></index>