﻿<?xml version="1.0" encoding="utf-8"?><index><stem n="altern"><phr n="alternative"><ent r="4" t="0" w="81" /><ent r="3" t="45" w="607" /><ent r="3" t="50" w="106" /><ent r="4" t="50" w="382" /><ent r="3" t="59" w="163" /><ent r="3" t="90" w="251" /><ent r="3" t="114" w="275" /><ent r="3" t="130" w="20" /><ent r="3" t="223" w="192" /><ent r="3" t="223" w="274" /><ent r="3" t="269" w="138" /></phr><phr n="Alternatively"><ent r="3" t="24" w="460" /><ent r="3" t="74" w="1144" /><ent r="3" t="240" w="659" /><ent r="4" t="287" w="54" /></phr><phr n="Alternative"><ent r="83" t="50" w="377" /></phr><phr n="Alternatives"><ent r="92" t="74" w="1142" /></phr><phr n="alternatives"><ent r="3" t="260" w="155" /></phr><phr n="alternatively"><ent r="3" t="315" w="63" /></phr></stem><stem n="method"><phr n="methods"><ent r="4" t="0" w="83" /><ent r="3" t="14" w="1388" /><ent r="3" t="14" w="1426" /><ent r="3" t="17" w="103" /><ent r="5" t="20" w="490" /><ent r="5" t="20" w="511" /><ent r="3" t="49" w="411" /><ent r="3" t="49" w="457" /><ent r="4" t="49" w="557" /><ent r="4" t="49" w="699" /><ent r="3" t="55" w="91" /><ent r="3" t="68" w="156" /><ent r="3" t="75" w="444" /><ent r="3" t="94" w="46" /><ent r="3" t="95" w="10" /><ent r="3" t="95" w="34" /><ent r="3" t="95" w="57" /><ent r="3" t="95" w="72" /><ent r="3" t="95" w="90" /><ent r="3" t="95" w="106" /><ent r="3" t="95" w="125" /><ent r="3" t="99" w="431" /><ent r="3" t="104" w="42" /><ent r="3" t="127" w="301" /><ent r="3" t="129" w="60" /><ent r="3" t="129" w="78" /><ent r="64" t="151" w="11" /><ent r="3" t="228" w="96" /><ent r="3" t="241" w="89" /><ent r="3" t="241" w="110" /><ent r="3" t="241" w="117" /><ent r="3" t="241" w="126" /><ent r="4" t="241" w="288" /><ent r="4" t="241" w="572" /><ent r="3" t="241" w="589" /><ent r="6" t="299" w="373" /><ent r="5" t="299" w="471" /><ent r="6" t="300" w="539" /><ent r="3" t="303" w="43" /><ent r="3" t="303" w="79" /><ent r="3" t="303" w="91" /><ent r="3" t="303" w="157" /><ent r="3" t="303" w="193" /><ent r="3" t="303" w="233" /><ent r="3" t="303" w="250" /></phr><phr n="method"><ent r="3" t="10" w="179" /><ent r="3" t="10" w="316" /><ent r="4" t="14" w="1528" /><ent r="4" t="14" w="1565" /><ent r="4" t="18" w="653" /><ent r="4" t="18" w="694" /><ent r="4" t="18" w="719" /><ent r="4" t="18" w="762" /><ent r="5" t="20" w="498" /><ent r="3" t="23" w="22" /><ent r="3" t="27" w="646" /><ent r="3" t="29" w="64" /><ent r="3" t="29" w="71" /><ent r="3" t="29" w="81" /><ent r="3" t="29" w="104" /><ent r="3" t="30" w="38" /><ent r="3" t="30" w="74" /><ent r="3" t="34" w="70" /><ent r="3" t="34" w="527" /><ent r="3" t="39" w="207" /><ent r="4" t="41" w="196" /><ent r="3" t="44" w="25" /><ent r="3" t="45" w="498" /><ent r="3" t="49" w="423" /><ent r="3" t="49" w="440" /><ent r="3" t="49" w="728" /><ent r="3" t="49" w="744" /><ent r="3" t="49" w="774" /><ent r="5" t="49" w="822" /><ent r="4" t="49" w="835" /><ent r="5" t="49" w="924" /><ent r="4" t="49" w="941" /><ent r="3" t="54" w="36" /><ent r="3" t="54" w="87" /><ent r="3" t="54" w="102" /><ent r="3" t="55" w="78" /><ent r="3" t="55" w="95" /><ent r="3" t="55" w="104" /><ent r="3" t="56" w="25" /><ent r="3" t="56" w="42" /><ent r="3" t="57" w="19" /><ent r="3" t="64" w="79" /><ent r="3" t="72" w="138" /><ent r="4" t="74" w="700" /><ent r="4" t="74" w="771" /><ent r="3" t="74" w="786" /><ent r="4" t="75" w="484" /><ent r="4" t="75" w="552" /><ent r="4" t="75" w="598" /><ent r="4" t="75" w="666" /><ent r="3" t="94" w="52" /><ent r="3" t="105" w="165" /><ent r="5" t="114" w="377" /><ent r="5" t="114" w="603" /><ent r="3" t="117" w="98" /><ent r="3" t="117" w="310" /><ent r="3" t="117" w="577" /><ent r="4" t="133" w="229" /><ent r="4" t="133" w="252" /><ent r="3" t="142" w="90" /><ent r="3" t="142" w="493" /><ent r="6" t="143" w="239" /><ent r="3" t="151" w="31" /><ent r="3" t="156" w="15" /><ent r="3" t="156" w="24" /><ent r="3" t="157" w="34" /><ent r="3" t="166" w="65" /><ent r="4" t="166" w="388" /><ent r="3" t="178" w="119" /><ent r="3" t="178" w="134" /><ent r="3" t="184" w="66" /><ent r="3" t="185" w="101" /><ent r="3" t="190" w="376" /><ent r="3" t="200" w="87" /><ent r="3" t="226" w="151" /><ent r="3" t="228" w="213" /><ent r="3" t="228" w="230" /><ent r="3" t="229" w="67" /><ent r="3" t="233" w="180" /><ent r="3" t="240" w="640" /><ent r="3" t="257" w="337" /><ent r="64" t="257" w="407" /><ent r="4" t="259" w="125" /><ent r="3" t="263" w="230" /><ent r="4" t="269" w="22" /><ent r="3" t="270" w="290" /><ent r="3" t="272" w="307" /><ent r="3" t="283" w="192" /><ent r="3" t="283" w="213" /><ent r="3" t="283" w="221" /><ent r="3" t="283" w="243" /><ent r="6" t="299" w="300" /><ent r="6" t="299" w="305" /><ent r="6" t="299" w="308" /><ent r="6" t="299" w="347" /><ent r="6" t="299" w="413" /><ent r="5" t="299" w="480" /><ent r="5" t="299" w="485" /><ent r="5" t="299" w="489" /><ent r="5" t="299" w="494" /><ent r="6" t="300" w="274" /><ent r="6" t="300" w="279" /><ent r="6" t="300" w="283" /><ent r="6" t="300" w="288" /><ent r="6" t="300" w="316" /><ent r="6" t="300" w="350" /><ent r="6" t="300" w="460" /><ent r="6" t="300" w="477" /><ent r="6" t="300" w="521" /><ent r="6" t="300" w="529" /><ent r="3" t="302" w="106" /><ent r="3" t="302" w="108" /><ent r="3" t="302" w="118" /><ent r="3" t="302" w="123" /><ent r="3" t="303" w="117" /><ent r="3" t="303" w="203" /></phr><phr n="Methods"><ent r="82" t="14" w="1383" /><ent r="82" t="283" w="175" /><ent r="66" t="301" w="219" /><ent r="1000" t="303" w="2" /><ent r="102" t="303" w="5" /></phr><phr n="Method"><ent r="93" t="18" w="642" /></phr></stem><stem n=":"><phr n=":"><ent r="4" t="0" w="84" /><ent r="3" t="1" w="75" /><ent r="4" t="1" w="77" /><ent r="4" t="1" w="92" /><ent r="4" t="1" w="111" /><ent r="4" t="1" w="121" /><ent r="4" t="1" w="129" /><ent r="3" t="3" w="153" /><ent r="3" t="5" w="63" /><ent r="6" t="5" w="111" /><ent r="3" t="6" w="125" /><ent r="3" t="8" w="283" /><ent r="3" t="9" w="154" /><ent r="3" t="9" w="186" /><ent r="3" t="9" w="230" /><ent r="3" t="9" w="247" /><ent r="4" t="9" w="346" /><ent r="3" t="14" w="384" /><ent r="82" t="14" w="1043" /><ent r="3" t="15" w="118" /><ent r="3" t="15" w="232" /><ent r="3" t="15" w="371" /><ent r="3" t="15" w="493" /><ent r="3" t="15" w="637" /><ent r="3" t="17" w="203" /><ent r="3" t="17" w="323" /><ent r="3" t="18" w="696" /><ent r="3" t="18" w="774" /><ent r="3" t="19" w="66" /><ent r="3" t="20" w="156" /><ent r="3" t="20" w="321" /><ent r="4" t="20" w="426" /><ent r="4" t="20" w="470" /><ent r="3" t="25" w="21" /><ent r="3" t="26" w="101" /><ent r="3" t="28" w="905" /><ent r="3" t="29" w="192" /><ent r="4" t="29" w="196" /><ent r="3" t="29" w="570" /><ent r="4" t="29" w="574" /><ent r="3" t="29" w="748" /><ent r="3" t="31" w="315" /><ent r="3" t="31" w="715" /><ent r="82" t="31" w="1102" /><ent r="4" t="31" w="1620" /><ent r="92" t="32" w="17" /><ent r="92" t="32" w="125" /><ent r="3" t="33" w="40" /><ent r="4" t="33" w="43" /><ent r="4" t="33" w="86" /><ent r="4" t="33" w="116" /><ent r="4" t="33" w="144" /><ent r="4" t="33" w="172" /><ent r="6" t="37" w="104" /><ent r="3" t="38" w="87" /><ent r="3" t="39" w="108" /><ent r="3" t="39" w="214" /><ent r="3" t="41" w="179" /><ent r="3" t="41" w="229" /><ent r="3" t="41" w="243" /><ent r="3" t="42" w="56" /><ent r="3" t="44" w="308" /><ent r="3" t="47" w="72" /><ent r="3" t="48" w="248" /><ent r="4" t="49" w="343" /><ent r="3" t="49" w="1327" /><ent r="4" t="50" w="136" /><ent r="4" t="50" w="286" /><ent r="4" t="50" w="362" /><ent r="83" t="50" w="378" /><ent r="4" t="50" w="390" /><ent r="3" t="50" w="716" /><ent r="3" t="50" w="892" /><ent r="3" t="51" w="90" /><ent r="4" t="51" w="92" /><ent r="4" t="51" w="101" /><ent r="3" t="51" w="194" /><ent r="3" t="52" w="41" /><ent r="3" t="52" w="112" /><ent r="4" t="52" w="118" /><ent r="3" t="52" w="284" /><ent r="4" t="52" w="286" /><ent r="4" t="52" w="295" /><ent r="93" t="53" w="90" /><ent r="4" t="53" w="120" /><ent r="4" t="53" w="298" /><ent r="93" t="53" w="459" /><ent r="3" t="57" w="64" /><ent r="3" t="59" w="263" /><ent r="4" t="59" w="300" /><ent r="4" t="59" w="341" /><ent r="4" t="60" w="202" /><ent r="4" t="64" w="175" /><ent r="3" t="68" w="100" /><ent r="3" t="69" w="384" /><ent r="3" t="71" w="49" /><ent r="3" t="71" w="113" /><ent r="3" t="72" w="25" /><ent r="5" t="72" w="42" /><ent r="5" t="72" w="76" /><ent r="5" t="72" w="179" /><ent r="5" t="72" w="214" /><ent r="5" t="72" w="281" /><ent r="3" t="73" w="62" /><ent r="3" t="74" w="66" /><ent r="3" t="74" w="150" /><ent r="3" t="74" w="662" /><ent r="3" t="75" w="45" /><ent r="3" t="75" w="56" /><ent r="3" t="75" w="445" /><ent r="3" t="75" w="684" /><ent r="3" t="76" w="78" /><ent r="3" t="76" w="187" /><ent r="3" t="77" w="144" /><ent r="3" t="78" w="21" /><ent r="3" t="78" w="130" /><ent r="3" t="78" w="197" /><ent r="3" t="78" w="280" /><ent r="4" t="89" w="67" /><ent r="3" t="90" w="99" /><ent r="3" t="90" w="129" /><ent r="3" t="90" w="199" /><ent r="3" t="92" w="19" /><ent r="4" t="92" w="21" /><ent r="6" t="92" w="117" /><ent r="6" t="92" w="132" /><ent r="6" t="92" w="304" /><ent r="6" t="92" w="331" /><ent r="6" t="92" w="427" /><ent r="6" t="92" w="477" /><ent r="6" t="92" w="494" /><ent r="6" t="92" w="509" /><ent r="6" t="92" w="519" /><ent r="3" t="92" w="539" /><ent r="3" t="93" w="54" /><ent r="4" t="93" w="100" /><ent r="3" t="95" w="116" /><ent r="3" t="95" w="126" /><ent r="3" t="96" w="329" /><ent r="3" t="98" w="16" /><ent r="2" t="98" w="75" /><ent r="3" t="100" w="81" /><ent r="3" t="101" w="17" /><ent r="3" t="102" w="37" /><ent r="3" t="102" w="81" /><ent r="4" t="102" w="84" /><ent r="4" t="102" w="149" /><ent r="3" t="103" w="83" /><ent r="3" t="103" w="151" /><ent r="3" t="105" w="42" /><ent r="3" t="105" w="78" /><ent r="3" t="105" w="102" /><ent r="4" t="106" w="39" /><ent r="3" t="106" w="219" /><ent r="3" t="106" w="339" /><ent r="3" t="108" w="27" /><ent r="3" t="109" w="116" /><ent r="5" t="109" w="135" /><ent r="5" t="109" w="188" /><ent r="3" t="110" w="40" /><ent r="3" t="112" w="51" /><ent r="5" t="112" w="610" /><ent r="5" t="112" w="612" /><ent r="5" t="112" w="1125" /><ent r="5" t="112" w="1127" /><ent r="4" t="113" w="17" /><ent r="4" t="114" w="290" /><ent r="4" t="115" w="40" /><ent r="4" t="115" w="69" /><ent r="3" t="116" w="87" /><ent r="5" t="116" w="93" /><ent r="3" t="117" w="106" /><ent r="3" t="117" w="256" /><ent r="3" t="117" w="311" /><ent r="3" t="117" w="456" /><ent r="3" t="117" w="579" /><ent r="3" t="118" w="22" /><ent r="3" t="119" w="24" /><ent r="3" t="120" w="248" /><ent r="3" t="121" w="131" /><ent r="5" t="121" w="168" /><ent r="5" t="121" w="204" /><ent r="3" t="121" w="243" /><ent r="3" t="122" w="76" /><ent r="3" t="123" w="18" /><ent r="3" t="123" w="57" /><ent r="3" t="126" w="82" /><ent r="3" t="126" w="197" /><ent r="3" t="127" w="45" /><ent r="4" t="127" w="52" /><ent r="3" t="127" w="78" /><ent r="3" t="127" w="84" /><ent r="3" t="129" w="172" /><ent r="4" t="129" w="175" /><ent r="4" t="129" w="191" /><ent r="3" t="130" w="82" /><ent r="4" t="130" w="88" /><ent r="3" t="131" w="154" /><ent r="4" t="132" w="161" /><ent r="4" t="132" w="172" /><ent r="4" t="132" w="185" /><ent r="4" t="132" w="195" /><ent r="4" t="132" w="206" /><ent r="3" t="133" w="121" /><ent r="4" t="133" w="125" /><ent r="4" t="133" w="136" /><ent r="4" t="133" w="149" /><ent r="4" t="133" w="159" /><ent r="4" t="133" w="170" /><ent r="3" t="134" w="131" /><ent r="3" t="134" w="190" /><ent r="3" t="134" w="208" /><ent r="3" t="134" w="223" /><ent r="3" t="134" w="262" /><ent r="3" t="134" w="278" /><ent r="3" t="135" w="109" /><ent r="3" t="135" w="177" /><ent r="3" t="135" w="191" /><ent r="3" t="135" w="205" /><ent r="3" t="136" w="99" /><ent r="3" t="136" w="116" /><ent r="3" t="137" w="101" /><ent r="3" t="137" w="127" /><ent r="3" t="137" w="208" /><ent r="3" t="137" w="234" /><ent r="3" t="138" w="176" /><ent r="3" t="138" w="195" /><ent r="3" t="138" w="213" /><ent r="3" t="138" w="231" /><ent r="3" t="139" w="113" /><ent r="3" t="140" w="33" /><ent r="4" t="140" w="134" /><ent r="4" t="140" w="183" /><ent r="4" t="140" w="226" /><ent r="4" t="140" w="241" /><ent r="4" t="140" w="277" /><ent r="4" t="140" w="316" /><ent r="4" t="140" w="361" /><ent r="4" t="140" w="373" /><ent r="4" t="140" w="410" /><ent r="4" t="140" w="436" /><ent r="4" t="140" w="458" /><ent r="4" t="140" w="484" /><ent r="3" t="141" w="127" /><ent r="4" t="141" w="133" /><ent r="3" t="142" w="100" /><ent r="3" t="142" w="533" /><ent r="3" t="143" w="60" /><ent r="6" t="143" w="115" /><ent r="6" t="143" w="125" /><ent r="6" t="143" w="137" /><ent r="6" t="143" w="150" /><ent r="6" t="143" w="162" /><ent r="6" t="143" w="181" /><ent r="6" t="143" w="192" /><ent r="6" t="143" w="205" /><ent r="6" t="143" w="215" /><ent r="6" t="143" w="223" /><ent r="6" t="143" w="235" /><ent r="6" t="143" w="249" /><ent r="6" t="143" w="264" /><ent r="6" t="143" w="274" /><ent r="6" t="143" w="287" /><ent r="6" t="143" w="303" /><ent r="6" t="143" w="312" /><ent r="6" t="143" w="321" /><ent r="6" t="143" w="332" /><ent r="6" t="143" w="340" /><ent r="6" t="143" w="348" /><ent r="6" t="143" w="358" /><ent r="6" t="143" w="369" /><ent r="6" t="143" w="381" /><ent r="6" t="143" w="390" /><ent r="6" t="143" w="406" /><ent r="3" t="145" w="35" /><ent r="2" t="146" w="50" /><ent r="4" t="147" w="87" /><ent r="4" t="147" w="99" /><ent r="3" t="147" w="215" /><ent r="3" t="148" w="68" /><ent r="2" t="148" w="225" /><ent r="3" t="158" w="22" /><ent r="4" t="158" w="25" /><ent r="4" t="158" w="32" /><ent r="4" t="158" w="37" /><ent r="4" t="158" w="47" /><ent r="3" t="163" w="36" /><ent r="3" t="164" w="77" /><ent r="4" t="164" w="80" /><ent r="4" t="164" w="98" /><ent r="4" t="164" w="110" /><ent r="3" t="165" w="13" /><ent r="3" t="165" w="173" /><ent r="4" t="166" w="249" /><ent r="4" t="166" w="272" /><ent r="3" t="168" w="51" /><ent r="4" t="168" w="54" /><ent r="4" t="168" w="70" /><ent r="3" t="169" w="36" /><ent r="3" t="173" w="72" /><ent r="6" t="173" w="128" /><ent r="6" t="173" w="136" /><ent r="6" t="173" w="146" /><ent r="6" t="173" w="164" /><ent r="6" t="173" w="181" /><ent r="6" t="173" w="191" /><ent r="6" t="173" w="201" /><ent r="6" t="173" w="212" /><ent r="6" t="173" w="224" /><ent r="6" t="173" w="235" /><ent r="6" t="173" w="247" /><ent r="6" t="173" w="260" /><ent r="6" t="173" w="270" /><ent r="3" t="174" w="216" /><ent r="3" t="180" w="130" /><ent r="3" t="185" w="71" /><ent r="3" t="186" w="26" /><ent r="65" t="186" w="28" /><ent r="65" t="186" w="33" /><ent r="65" t="186" w="46" /><ent r="65" t="186" w="52" /><ent r="3" t="186" w="90" /><ent r="3" t="187" w="159" /><ent r="3" t="188" w="559" /><ent r="3" t="188" w="634" /><ent r="3" t="190" w="273" /><ent r="3" t="190" w="327" /><ent r="3" t="190" w="344" /><ent r="4" t="190" w="397" /><ent r="4" t="190" w="435" /><ent r="3" t="191" w="120" /><ent r="3" t="192" w="45" /><ent r="3" t="193" w="48" /><ent r="4" t="193" w="74" /><ent r="4" t="193" w="83" /><ent r="4" t="193" w="96" /><ent r="4" t="193" w="144" /><ent r="4" t="193" w="149" /><ent r="4" t="193" w="173" /><ent r="4" t="193" w="200" /><ent r="4" t="193" w="239" /><ent r="4" t="193" w="271" /><ent r="4" t="193" w="430" /><ent r="4" t="193" w="468" /><ent r="4" t="193" w="516" /><ent r="4" t="193" w="551" /><ent r="3" t="193" w="606" /><ent r="3" t="195" w="67" /><ent r="6" t="195" w="70" /><ent r="6" t="195" w="85" /><ent r="6" t="195" w="115" /><ent r="6" t="195" w="127" /><ent r="6" t="195" w="135" /><ent r="3" t="202" w="74" /><ent r="6" t="202" w="77" /><ent r="6" t="202" w="84" /><ent r="6" t="202" w="91" /><ent r="6" t="202" w="99" /><ent r="6" t="202" w="110" /><ent r="6" t="202" w="119" /><ent r="3" t="208" w="96" /><ent r="3" t="209" w="163" /><ent r="6" t="209" w="166" /><ent r="6" t="209" w="177" /><ent r="6" t="209" w="189" /><ent r="6" t="209" w="201" /><ent r="6" t="209" w="213" /><ent r="6" t="209" w="224" /><ent r="6" t="209" w="240" /><ent r="6" t="209" w="249" /><ent r="6" t="209" w="259" /><ent r="6" t="209" w="267" /><ent r="6" t="209" w="275" /><ent r="6" t="209" w="286" /><ent r="6" t="209" w="297" /><ent r="6" t="209" w="306" /><ent r="6" t="209" w="313" /><ent r="2" t="212" w="21" /><ent r="2" t="213" w="50" /><ent r="2" t="216" w="28" /><ent r="2" t="217" w="28" /><ent r="3" t="223" w="200" /><ent r="2" t="223" w="334" /><ent r="2" t="223" w="454" /><ent r="5" t="227" w="446" /><ent r="5" t="227" w="498" /><ent r="3" t="228" w="231" /><ent r="3" t="228" w="301" /><ent r="3" t="230" w="32" /><ent r="3" t="230" w="50" /><ent r="3" t="231" w="91" /><ent r="3" t="231" w="127" /><ent r="3" t="234" w="91" /><ent r="3" t="236" w="29" /><ent r="4" t="236" w="370" /><ent r="4" t="236" w="600" /><ent r="2" t="238" w="48" /><ent r="3" t="238" w="109" /><ent r="3" t="238" w="240" /><ent r="3" t="238" w="358" /><ent r="92" t="240" w="55" /><ent r="92" t="240" w="289" /><ent r="92" t="240" w="624" /><ent r="92" t="240" w="729" /><ent r="92" t="240" w="938" /><ent r="5" t="241" w="205" /><ent r="5" t="241" w="421" /><ent r="92" t="242" w="70" /><ent r="3" t="244" w="120" /><ent r="3" t="245" w="46" /><ent r="3" t="245" w="128" /><ent r="3" t="245" w="143" /><ent r="3" t="245" w="192" /><ent r="3" t="246" w="171" /><ent r="3" t="248" w="36" /><ent r="3" t="250" w="36" /><ent r="5" t="253" w="127" /><ent r="5" t="253" w="259" /><ent r="5" t="253" w="381" /><ent r="5" t="253" w="478" /><ent r="3" t="257" w="67" /><ent r="3" t="257" w="213" /><ent r="3" t="257" w="342" /><ent r="3" t="258" w="58" /><ent r="3" t="259" w="73" /><ent r="4" t="259" w="146" /><ent r="4" t="259" w="204" /><ent r="3" t="263" w="108" /><ent r="3" t="263" w="238" /><ent r="3" t="264" w="35" /><ent r="3" t="264" w="376" /><ent r="4" t="265" w="480" /><ent r="4" t="265" w="694" /><ent r="3" t="267" w="34" /><ent r="3" t="267" w="72" /><ent r="3" t="267" w="153" /><ent r="3" t="268" w="38" /><ent r="3" t="268" w="142" /><ent r="3" t="268" w="197" /><ent r="3" t="270" w="86" /><ent r="3" t="270" w="120" /><ent r="3" t="270" w="134" /><ent r="6" t="270" w="386" /><ent r="3" t="270" w="487" /><ent r="4" t="270" w="492" /><ent r="4" t="270" w="503" /><ent r="3" t="270" w="524" /><ent r="3" t="270" w="550" /><ent r="3" t="271" w="34" /><ent r="3" t="272" w="64" /><ent r="3" t="272" w="102" /><ent r="3" t="272" w="367" /><ent r="3" t="272" w="544" /><ent r="3" t="274" w="91" /><ent r="3" t="276" w="48" /><ent r="3" t="276" w="173" /><ent r="2" t="276" w="239" /><ent r="3" t="277" w="60" /><ent r="3" t="277" w="120" /><ent r="5" t="277" w="162" /><ent r="4" t="277" w="202" /><ent r="5" t="277" w="211" /><ent r="3" t="280" w="95" /><ent r="3" t="280" w="134" /><ent r="3" t="281" w="71" /><ent r="3" t="281" w="123" /><ent r="92" t="282" w="128" /><ent r="92" t="282" w="348" /><ent r="3" t="283" w="85" /><ent r="3" t="283" w="157" /><ent r="3" t="283" w="167" /><ent r="4" t="287" w="124" /><ent r="3" t="288" w="23" /><ent r="3" t="288" w="48" /><ent r="3" t="289" w="79" /><ent r="3" t="289" w="86" /><ent r="4" t="289" w="89" /><ent r="4" t="289" w="101" /><ent r="4" t="289" w="120" /><ent r="4" t="289" w="133" /><ent r="3" t="289" w="161" /><ent r="3" t="290" w="18" /><ent r="3" t="290" w="46" /><ent r="3" t="290" w="112" /><ent r="3" t="290" w="154" /><ent r="3" t="291" w="115" /><ent r="3" t="292" w="201" /><ent r="3" t="292" w="297" /><ent r="3" t="293" w="73" /><ent r="3" t="293" w="104" /><ent r="3" t="293" w="117" /><ent r="3" t="294" w="138" /><ent r="54" t="295" w="68" /><ent r="3" t="295" w="78" /><ent r="66" t="295" w="85" /><ent r="3" t="296" w="62" /><ent r="3" t="297" w="21" /><ent r="3" t="297" w="39" /><ent r="3" t="297" w="133" /><ent r="3" t="297" w="520" /><ent r="3" t="298" w="420" /><ent r="3" t="298" w="544" /><ent r="3" t="299" w="112" /><ent r="3" t="299" w="159" /><ent r="6" t="299" w="194" /><ent r="6" t="299" w="236" /><ent r="6" t="299" w="271" /><ent r="6" t="299" w="288" /><ent r="6" t="299" w="314" /><ent r="6" t="299" w="333" /><ent r="6" t="299" w="351" /><ent r="6" t="299" w="398" /><ent r="6" t="299" w="460" /><ent r="5" t="299" w="505" /><ent r="6" t="300" w="123" /><ent r="6" t="300" w="153" /><ent r="6" t="300" w="176" /><ent r="6" t="300" w="200" /><ent r="6" t="300" w="233" /><ent r="6" t="300" w="235" /><ent r="6" t="300" w="249" /><ent r="6" t="300" w="299" /><ent r="6" t="300" w="339" /><ent r="6" t="300" w="354" /><ent r="6" t="300" w="423" /><ent r="6" t="300" w="425" /><ent r="6" t="300" w="441" /><ent r="6" t="300" w="498" /><ent r="6" t="300" w="577" /><ent r="6" t="300" w="611" /><ent r="6" t="300" w="623" /><ent r="3" t="301" w="29" /><ent r="3" t="301" w="126" /><ent r="3" t="301" w="193" /><ent r="3" t="301" w="212" /><ent r="4" t="302" w="134" /><ent r="3" t="304" w="99" /><ent r="4" t="304" w="246" /><ent r="4" t="304" w="253" /><ent r="4" t="304" w="258" /><ent r="4" t="305" w="116" /><ent r="4" t="305" w="161" /><ent r="4" t="305" w="168" /><ent r="4" t="305" w="175" /><ent r="4" t="305" w="183" /><ent r="4" t="305" w="191" /><ent r="4" t="305" w="204" /><ent r="4" t="305" w="230" /><ent r="4" t="305" w="236" /><ent r="4" t="306" w="112" /><ent r="4" t="306" w="157" /><ent r="4" t="306" w="164" /><ent r="4" t="306" w="171" /><ent r="4" t="306" w="179" /><ent r="4" t="306" w="187" /><ent r="4" t="306" w="200" /><ent r="4" t="306" w="226" /><ent r="4" t="306" w="232" /><ent r="4" t="306" w="254" /><ent r="4" t="306" w="262" /><ent r="3" t="306" w="334" /><ent r="3" t="306" w="450" /><ent r="3" t="306" w="547" /><ent r="3" t="307" w="54" /><ent r="3" t="308" w="40" /><ent r="3" t="309" w="30" /><ent r="3" t="309" w="51" /><ent r="3" t="309" w="113" /><ent r="2" t="309" w="276" /><ent r="3" t="309" w="298" /><ent r="4" t="310" w="68" /><ent r="4" t="310" w="75" /><ent r="4" t="310" w="82" /><ent r="3" t="315" w="115" /><ent r="3" t="315" w="126" /></phr></stem><stem n="exampl"><phr n="example"><ent r="65" t="0" w="87" /><ent r="6" t="5" w="96" /><ent r="3" t="5" w="387" /><ent r="3" t="9" w="92" /><ent r="3" t="12" w="218" /><ent r="64" t="12" w="230" /><ent r="3" t="13" w="26" /><ent r="64" t="13" w="38" /><ent r="3" t="14" w="1399" /><ent r="3" t="15" w="109" /><ent r="3" t="15" w="492" /><ent r="3" t="15" w="599" /><ent r="3" t="17" w="243" /><ent r="3" t="18" w="113" /><ent r="3" t="18" w="354" /><ent r="3" t="20" w="155" /><ent r="4" t="22" w="140" /><ent r="4" t="22" w="180" /><ent r="3" t="23" w="28" /><ent r="3" t="23" w="57" /><ent r="3" t="23" w="110" /><ent r="4" t="23" w="135" /><ent r="4" t="23" w="174" /><ent r="3" t="23" w="192" /><ent r="3" t="24" w="23" /><ent r="3" t="24" w="73" /><ent r="4" t="24" w="114" /><ent r="4" t="24" w="153" /><ent r="3" t="24" w="262" /><ent r="3" t="24" w="379" /><ent r="4" t="24" w="390" /><ent r="4" t="24" w="399" /><ent r="4" t="24" w="412" /><ent r="4" t="24" w="422" /><ent r="4" t="24" w="439" /><ent r="4" t="24" w="452" /><ent r="3" t="24" w="600" /><ent r="3" t="24" w="602" /><ent r="3" t="24" w="624" /><ent r="4" t="24" w="665" /><ent r="4" t="24" w="715" /><ent r="3" t="24" w="735" /><ent r="3" t="24" w="752" /><ent r="3" t="24" w="754" /><ent r="3" t="24" w="855" /><ent r="4" t="25" w="70" /><ent r="3" t="27" w="318" /><ent r="64" t="27" w="1102" /><ent r="3" t="28" w="62" /><ent r="64" t="28" w="669" /><ent r="3" t="28" w="681" /><ent r="3" t="28" w="705" /><ent r="3" t="28" w="716" /><ent r="5" t="28" w="744" /><ent r="4" t="28" w="778" /><ent r="5" t="28" w="816" /><ent r="4" t="28" w="859" /><ent r="3" t="28" w="901" /><ent r="3" t="29" w="161" /><ent r="4" t="33" w="76" /><ent r="5" t="34" w="561" /><ent r="5" t="34" w="624" /><ent r="3" t="35" w="85" /><ent r="3" t="38" w="241" /><ent r="3" t="38" w="467" /><ent r="3" t="39" w="65" /><ent r="3" t="39" w="194" /><ent r="3" t="41" w="27" /><ent r="3" t="41" w="224" /><ent r="3" t="42" w="29" /><ent r="3" t="42" w="325" /><ent r="3" t="44" w="261" /><ent r="3" t="46" w="337" /><ent r="3" t="48" w="182" /><ent r="5" t="50" w="413" /><ent r="5" t="50" w="450" /><ent r="3" t="51" w="178" /><ent r="4" t="52" w="61" /><ent r="3" t="52" w="111" /><ent r="4" t="53" w="113" /><ent r="4" t="53" w="489" /><ent r="3" t="56" w="355" /><ent r="3" t="57" w="51" /><ent r="3" t="66" w="32" /><ent r="5" t="66" w="175" /><ent r="5" t="66" w="238" /><ent r="3" t="69" w="383" /><ent r="3" t="74" w="100" /><ent r="3" t="74" w="137" /><ent r="3" t="74" w="1096" /><ent r="3" t="75" w="12" /><ent r="3" t="75" w="413" /><ent r="64" t="75" w="421" /><ent r="3" t="76" w="35" /><ent r="3" t="76" w="65" /><ent r="3" t="76" w="177" /><ent r="3" t="76" w="565" /><ent r="6" t="92" w="399" /><ent r="5" t="92" w="463" /><ent r="3" t="96" w="37" /><ent r="3" t="96" w="328" /><ent r="4" t="96" w="984" /><ent r="3" t="99" w="92" /><ent r="3" t="99" w="100" /><ent r="3" t="99" w="238" /><ent r="3" t="100" w="57" /><ent r="3" t="101" w="27" /><ent r="3" t="106" w="402" /><ent r="3" t="109" w="52" /><ent r="3" t="109" w="290" /><ent r="3" t="112" w="171" /><ent r="3" t="112" w="264" /><ent r="3" t="114" w="18" /><ent r="3" t="114" w="181" /><ent r="4" t="114" w="410" /><ent r="4" t="114" w="665" /><ent r="3" t="115" w="106" /><ent r="64" t="116" w="261" /><ent r="3" t="117" w="13" /><ent r="3" t="121" w="130" /><ent r="3" t="122" w="75" /><ent r="3" t="122" w="173" /><ent r="3" t="122" w="373" /><ent r="3" t="123" w="52" /><ent r="3" t="123" w="61" /><ent r="3" t="123" w="143" /><ent r="3" t="124" w="28" /><ent r="4" t="124" w="110" /><ent r="3" t="124" w="310" /><ent r="3" t="125" w="30" /><ent r="4" t="125" w="116" /><ent r="3" t="125" w="320" /><ent r="3" t="126" w="56" /><ent r="3" t="130" w="61" /><ent r="3" t="143" w="436" /><ent r="3" t="147" w="190" /><ent r="3" t="147" w="245" /><ent r="3" t="152" w="151" /><ent r="4" t="166" w="412" /><ent r="3" t="170" w="23" /><ent r="3" t="176" w="43" /><ent r="3" t="179" w="241" /><ent r="3" t="182" w="23" /><ent r="3" t="190" w="385" /><ent r="3" t="191" w="169" /><ent r="64" t="192" w="110" /><ent r="3" t="193" w="9" /><ent r="3" t="193" w="579" /><ent r="3" t="193" w="604" /><ent r="3" t="210" w="33" /><ent r="3" t="228" w="300" /><ent r="5" t="229" w="107" /><ent r="5" t="229" w="170" /><ent r="3" t="231" w="102" /><ent r="3" t="232" w="177" /><ent r="4" t="233" w="227" /><ent r="3" t="235" w="303" /><ent r="4" t="236" w="62" /><ent r="3" t="236" w="736" /><ent r="6" t="237" w="156" /><ent r="6" t="237" w="215" /><ent r="3" t="240" w="62" /><ent r="3" t="240" w="687" /><ent r="3" t="240" w="746" /><ent r="3" t="240" w="959" /><ent r="3" t="241" w="108" /><ent r="3" t="243" w="278" /><ent r="3" t="247" w="65" /><ent r="3" t="247" w="127" /><ent r="3" t="247" w="224" /><ent r="3" t="247" w="318" /><ent r="3" t="248" w="10" /><ent r="3" t="249" w="10" /><ent r="3" t="250" w="9" /><ent r="3" t="250" w="44" /><ent r="3" t="251" w="10" /><ent r="3" t="251" w="42" /><ent r="3" t="251" w="244" /><ent r="3" t="253" w="43" /><ent r="3" t="254" w="10" /><ent r="4" t="255" w="182" /><ent r="3" t="256" w="55" /><ent r="5" t="256" w="108" /><ent r="5" t="256" w="171" /><ent r="5" t="256" w="257" /><ent r="5" t="256" w="320" /><ent r="3" t="257" w="12" /><ent r="3" t="257" w="576" /><ent r="3" t="260" w="12" /><ent r="4" t="260" w="40" /><ent r="3" t="260" w="78" /><ent r="64" t="260" w="86" /><ent r="3" t="260" w="127" /><ent r="3" t="260" w="228" /><ent r="3" t="260" w="328" /><ent r="3" t="261" w="136" /><ent r="3" t="261" w="184" /><ent r="3" t="262" w="16" /><ent r="3" t="264" w="128" /><ent r="3" t="264" w="158" /><ent r="3" t="264" w="369" /><ent r="3" t="265" w="416" /><ent r="5" t="265" w="546" /><ent r="3" t="265" w="750" /><ent r="3" t="267" w="128" /><ent r="3" t="268" w="177" /><ent r="3" t="268" w="196" /><ent r="4" t="268" w="452" /><ent r="3" t="270" w="548" /><ent r="3" t="272" w="125" /><ent r="4" t="273" w="99" /><ent r="3" t="274" w="82" /><ent r="3" t="275" w="73" /><ent r="3" t="275" w="105" /><ent r="3" t="275" w="433" /><ent r="3" t="277" w="119" /><ent r="4" t="278" w="180" /><ent r="3" t="283" w="207" /><ent r="3" t="290" w="153" /><ent r="5" t="294" w="233" /><ent r="3" t="297" w="622" /><ent r="4" t="297" w="747" /><ent r="5" t="298" w="451" /><ent r="4" t="298" w="496" /><ent r="4" t="298" w="500" /><ent r="3" t="298" w="543" /><ent r="3" t="298" w="574" /><ent r="3" t="299" w="87" /><ent r="3" t="299" w="157" /><ent r="6" t="299" w="235" /><ent r="6" t="299" w="287" /><ent r="6" t="299" w="313" /><ent r="3" t="300" w="57" /><ent r="6" t="300" w="122" /><ent r="6" t="300" w="232" /><ent r="6" t="300" w="422" /><ent r="3" t="303" w="115" /><ent r="3" t="306" w="333" /><ent r="3" t="315" w="14" /></phr><phr n="Example"><ent r="64" t="11" w="39" /><ent r="92" t="17" w="224" /><ent r="1000" t="23" w="3" /><ent r="100" t="23" w="8" /><ent r="102" t="23" w="12" /><ent r="3" t="23" w="16" /><ent r="64" t="23" w="198" /><ent r="3" t="23" w="203" /><ent r="64" t="23" w="216" /><ent r="1000" t="24" w="3" /><ent r="102" t="24" w="8" /><ent r="92" t="24" w="13" /><ent r="92" t="24" w="724" /><ent r="1000" t="25" w="3" /><ent r="102" t="25" w="8" /><ent r="3" t="25" w="13" /><ent r="65" t="26" w="104" /><ent r="92" t="28" w="652" /><ent r="64" t="48" w="188" /><ent r="64" t="49" w="44" /><ent r="64" t="49" w="981" /><ent r="1000" t="50" w="4" /><ent r="100" t="50" w="7" /><ent r="102" t="50" w="12" /><ent r="64" t="53" w="33" /><ent r="92" t="74" w="97" /><ent r="1000" t="75" w="4" /><ent r="102" t="75" w="9" /><ent r="1000" t="101" w="3" /><ent r="102" t="101" w="7" /><ent r="1000" t="117" w="3" /><ent r="102" t="117" w="7" /><ent r="64" t="228" w="305" /><ent r="64" t="247" w="68" /><ent r="64" t="247" w="130" /><ent r="64" t="247" w="227" /><ent r="64" t="247" w="321" /><ent r="1000" t="248" w="1" /><ent r="102" t="248" w="5" /><ent r="1000" t="249" w="1" /><ent r="102" t="249" w="5" /><ent r="1000" t="250" w="1" /><ent r="102" t="250" w="4" /><ent r="1000" t="251" w="1" /><ent r="102" t="251" w="5" /><ent r="64" t="252" w="101" /><ent r="64" t="253" w="340" /><ent r="1000" t="254" w="1" /><ent r="102" t="254" w="5" /><ent r="64" t="255" w="156" /><ent r="65" t="255" w="197" /><ent r="1000" t="257" w="4" /><ent r="102" t="257" w="9" /><ent r="1000" t="260" w="4" /><ent r="102" t="260" w="9" /><ent r="64" t="261" w="146" /><ent r="64" t="261" w="158" /><ent r="1000" t="262" w="2" /><ent r="102" t="262" w="9" /><ent r="1000" t="315" w="5" /><ent r="102" t="315" w="11" /></phr><phr n="examples"><ent r="64" t="12" w="242" /><ent r="3" t="13" w="47" /><ent r="3" t="18" w="52" /><ent r="3" t="23" w="188" /><ent r="3" t="23" w="193" /><ent r="3" t="26" w="167" /><ent r="3" t="27" w="16" /><ent r="3" t="27" w="62" /><ent r="3" t="28" w="15" /><ent r="64" t="28" w="34" /><ent r="3" t="289" w="40" /><ent r="4" t="299" w="45" /><ent r="3" t="300" w="85" /></phr><phr n="Examples"><ent r="1000" t="13" w="2" /><ent r="102" t="13" w="5" /><ent r="1000" t="18" w="3" /><ent r="102" t="18" w="7" /><ent r="64" t="23" w="199" /><ent r="1000" t="24" w="4" /><ent r="102" t="24" w="9" /><ent r="64" t="26" w="179" /><ent r="64" t="26" w="198" /><ent r="1000" t="27" w="3" /><ent r="102" t="27" w="7" /><ent r="1000" t="28" w="4" /><ent r="102" t="28" w="9" /></phr></stem></index>