﻿<?xml version="1.0" encoding="utf-8"?><index><stem n="ve"><phr n="ve"><ent r="3" t="9" w="117" /><ent r="3" t="9" w="128" /><ent r="3" t="9" w="264" /><ent r="3" t="21" w="423" /><ent r="3" t="38" w="13" /><ent r="3" t="49" w="1016" /><ent r="5" t="56" w="61" /><ent r="5" t="56" w="117" /><ent r="3" t="66" w="408" /><ent r="3" t="96" w="680" /><ent r="4" t="103" w="123" /><ent r="3" t="123" w="54" /><ent r="4" t="140" w="204" /><ent r="3" t="281" w="180" /><ent r="4" t="287" w="80" /><ent r="3" t="289" w="69" /><ent r="3" t="298" w="14" /><ent r="3" t="301" w="145" /><ent r="3" t="306" w="506" /></phr></stem><stem n="chosen"><phr n="chosen"><ent r="3" t="9" w="118" /><ent r="3" t="9" w="129" /><ent r="3" t="284" w="192" /><ent r="3" t="284" w="228" /></phr></stem><stem n="unpack"><phr n="unpack"><ent r="3" t="9" w="123" /></phr><phr n="unpacked"><ent r="3" t="9" w="267" /></phr></stem><stem n="-instal"><phr n="-installer"><ent r="3" t="9" w="131" /><ent r="3" t="9" w="131" /></phr></stem><stem n="db4o-fold"><phr n="db4o-folder"><ent r="4" t="9" w="150" /><ent r="4" t="9" w="182" /><ent r="3" t="9" w="197" /><ent r="3" t="9" w="207" /><ent r="3" t="9" w="219" /><ent r="4" t="9" w="226" /><ent r="4" t="9" w="243" /></phr></stem><stem n="folder"><phr n="folder"><ent r="4" t="9" w="151" /><ent r="3" t="9" w="164" /><ent r="4" t="9" w="183" /><ent r="3" t="9" w="198" /><ent r="3" t="9" w="208" /><ent r="3" t="9" w="220" /><ent r="4" t="9" w="227" /><ent r="4" t="9" w="244" /><ent r="5" t="9" w="376" /><ent r="5" t="9" w="381" /><ent r="3" t="85" w="27" /><ent r="4" t="93" w="68" /><ent r="6" t="93" w="104" /><ent r="6" t="93" w="124" /><ent r="3" t="106" w="137" /><ent r="3" t="257" w="163" /><ent r="3" t="257" w="186" /><ent r="3" t="257" w="195" /><ent r="4" t="260" w="64" /><ent r="3" t="266" w="28" /><ent r="3" t="268" w="88" /><ent r="3" t="268" w="134" /><ent r="3" t="268" w="168" /><ent r="4" t="287" w="77" /><ent r="4" t="287" w="96" /><ent r="6" t="299" w="218" /><ent r="3" t="302" w="45" /><ent r="3" t="305" w="108" /><ent r="3" t="306" w="279" /><ent r="3" t="306" w="502" /><ent r="4" t="306" w="561" /><ent r="4" t="306" w="604" /></phr><phr n="folders"><ent r="3" t="9" w="167" /><ent r="3" t="268" w="312" /><ent r="3" t="268" w="483" /><ent r="3" t="289" w="242" /><ent r="3" t="289" w="251" /></phr></stem><stem n="-folder/bin"><phr n="-folder/bin"><ent r="4" t="9" w="152" /><ent r="4" t="9" w="152" /></phr></stem><stem n="db4o-folder/bin"><phr n="db4o-folder/bin"><ent r="4" t="9" w="152" /><ent r="4" t="9" w="151" /></phr></stem><stem n="bin"><phr n="bin"><ent r="4" t="9" w="152" /><ent r="4" t="93" w="67" /><ent r="3" t="188" w="580" /><ent r="4" t="193" w="148" /><ent r="4" t="193" w="150" /><ent r="4" t="193" w="339" /><ent r="4" t="193" w="399" /><ent r="4" t="193" w="404" /><ent r="3" t="266" w="29" /><ent r="3" t="268" w="310" /><ent r="3" t="268" w="481" /><ent r="4" t="297" w="674" /><ent r="3" t="306" w="341" /><ent r="3" t="306" w="359" /><ent r="6" t="313" w="318" /></phr><phr n="bins"><ent r="3" t="188" w="526" /></phr><phr n="Bin"><ent r="3" t="192" w="66" /><ent r="4" t="193" w="100" /><ent r="3" t="270" w="93" /></phr></stem><stem n="-folder"><phr n="-folders"><ent r="3" t="9" w="166" /><ent r="3" t="9" w="166" /></phr><phr n="-folder"><ent r="4" t="287" w="95" /><ent r="4" t="287" w="95" /></phr></stem><stem n="sub"><phr n="sub"><ent r="3" t="9" w="166" /><ent r="3" t="41" w="70" /><ent r="3" t="114" w="134" /><ent r="3" t="114" w="705" /><ent r="4" t="305" w="218" /><ent r="4" t="305" w="246" /><ent r="4" t="306" w="214" /><ent r="4" t="306" w="242" /></phr><phr n="Sub"><ent r="5" t="21" w="262" /><ent r="5" t="21" w="333" /><ent r="5" t="29" w="244" /><ent r="5" t="29" w="287" /><ent r="5" t="29" w="651" /><ent r="5" t="29" w="676" /><ent r="5" t="29" w="680" /><ent r="5" t="29" w="721" /><ent r="5" t="31" w="1685" /><ent r="5" t="31" w="1752" /><ent r="5" t="42" w="174" /><ent r="5" t="42" w="200" /><ent r="5" t="42" w="204" /><ent r="5" t="42" w="240" /><ent r="5" t="49" w="567" /><ent r="5" t="49" w="597" /><ent r="5" t="49" w="648" /><ent r="5" t="49" w="652" /><ent r="5" t="49" w="691" /><ent r="5" t="52" w="205" /><ent r="5" t="52" w="226" /><ent r="6" t="53" w="246" /><ent r="6" t="53" w="264" /><ent r="6" t="53" w="420" /><ent r="6" t="53" w="438" /><ent r="6" t="53" w="640" /><ent r="6" t="53" w="658" /><ent r="5" t="60" w="261" /><ent r="5" t="60" w="317" /><ent r="5" t="64" w="227" /><ent r="5" t="64" w="260" /><ent r="5" t="74" w="502" /><ent r="5" t="74" w="552" /><ent r="5" t="74" w="851" /><ent r="5" t="74" w="913" /><ent r="5" t="74" w="999" /><ent r="5" t="74" w="1074" /><ent r="5" t="75" w="118" /><ent r="5" t="75" w="173" /><ent r="5" t="75" w="297" /><ent r="5" t="75" w="377" /><ent r="5" t="75" w="745" /><ent r="5" t="75" w="807" /><ent r="5" t="75" w="897" /><ent r="5" t="75" w="972" /><ent r="5" t="76" w="266" /><ent r="5" t="76" w="348" /><ent r="5" t="76" w="434" /><ent r="5" t="76" w="490" /><ent r="5" t="89" w="104" /><ent r="5" t="89" w="126" /><ent r="5" t="96" w="253" /><ent r="5" t="96" w="280" /><ent r="5" t="96" w="422" /><ent r="5" t="96" w="497" /><ent r="5" t="96" w="820" /><ent r="5" t="96" w="932" /><ent r="5" t="99" w="565" /><ent r="5" t="99" w="599" /><ent r="5" t="100" w="159" /><ent r="5" t="100" w="268" /><ent r="5" t="101" w="207" /><ent r="5" t="101" w="264" /><ent r="5" t="112" w="758" /><ent r="5" t="112" w="810" /><ent r="5" t="114" w="503" /><ent r="5" t="114" w="562" /><ent r="5" t="117" w="158" /><ent r="5" t="117" w="230" /><ent r="5" t="117" w="503" /><ent r="5" t="117" w="524" /><ent r="5" t="117" w="530" /><ent r="5" t="117" w="561" /><ent r="5" t="117" w="631" /><ent r="5" t="117" w="652" /><ent r="5" t="130" w="289" /><ent r="5" t="130" w="304" /><ent r="5" t="130" w="308" /><ent r="5" t="130" w="328" /><ent r="5" t="130" w="332" /><ent r="5" t="130" w="354" /><ent r="5" t="130" w="544" /><ent r="5" t="130" w="566" /><ent r="5" t="141" w="242" /><ent r="5" t="141" w="283" /><ent r="5" t="141" w="287" /><ent r="5" t="141" w="334" /><ent r="5" t="190" w="495" /><ent r="5" t="190" w="522" /><ent r="5" t="190" w="526" /><ent r="5" t="190" w="573" /><ent r="4" t="193" w="304" /><ent r="4" t="193" w="317" /><ent r="4" t="193" w="319" /><ent r="4" t="193" w="335" /><ent r="4" t="193" w="396" /><ent r="4" t="193" w="406" /><ent r="4" t="193" w="419" /><ent r="4" t="193" w="436" /><ent r="4" t="193" w="495" /><ent r="4" t="193" w="533" /><ent r="4" t="193" w="542" /><ent r="4" t="193" w="558" /><ent r="5" t="236" w="186" /><ent r="5" t="236" w="207" /><ent r="5" t="236" w="441" /><ent r="5" t="236" w="499" /><ent r="5" t="236" w="652" /><ent r="5" t="236" w="691" /><ent r="5" t="240" w="232" /><ent r="5" t="240" w="246" /><ent r="5" t="240" w="250" /><ent r="5" t="240" w="264" /><ent r="5" t="240" w="887" /><ent r="5" t="240" w="901" /><ent r="5" t="240" w="905" /><ent r="5" t="240" w="919" /><ent r="5" t="240" w="1104" /><ent r="5" t="240" w="1142" /><ent r="5" t="240" w="1146" /><ent r="5" t="240" w="1180" /><ent r="5" t="240" w="1295" /><ent r="5" t="240" w="1330" /><ent r="5" t="240" w="1334" /><ent r="5" t="240" w="1366" /><ent r="5" t="244" w="125" /><ent r="5" t="244" w="204" /><ent r="5" t="263" w="300" /><ent r="5" t="263" w="359" /><ent r="5" t="302" w="206" /><ent r="5" t="302" w="231" /><ent r="5" t="302" w="235" /><ent r="5" t="302" w="268" /></phr></stem><stem n="sub-fold"><phr n="sub-folders"><ent r="3" t="9" w="166" /></phr></stem><stem n="regular"><phr n="regular"><ent r="3" t="9" w="174" /><ent r="3" t="14" w="530" /><ent r="3" t="15" w="475" /><ent r="3" t="29" w="11" /><ent r="3" t="29" w="327" /><ent r="3" t="29" w="562" /><ent r="3" t="29" w="567" /><ent r="3" t="30" w="321" /><ent r="3" t="31" w="459" /><ent r="64" t="32" w="152" /><ent r="3" t="38" w="452" /><ent r="3" t="40" w="263" /><ent r="3" t="44" w="282" /><ent r="5" t="46" w="74" /><ent r="5" t="46" w="205" /><ent r="64" t="46" w="333" /><ent r="3" t="56" w="384" /><ent r="3" t="58" w="58" /><ent r="3" t="77" w="97" /><ent r="5" t="81" w="81" /><ent r="5" t="81" w="135" /><ent r="6" t="92" w="149" /><ent r="3" t="103" w="69" /><ent r="3" t="111" w="77" /><ent r="3" t="121" w="599" /><ent r="3" t="126" w="243" /><ent r="3" t="132" w="136" /><ent r="3" t="133" w="30" /><ent r="3" t="133" w="92" /><ent r="3" t="141" w="370" /><ent r="3" t="172" w="47" /><ent r="3" t="174" w="26" /><ent r="3" t="175" w="33" /><ent r="3" t="188" w="140" /><ent r="3" t="226" w="47" /><ent r="64" t="229" w="83" /><ent r="3" t="233" w="31" /><ent r="3" t="238" w="284" /><ent r="3" t="244" w="116" /><ent r="3" t="247" w="206" /><ent r="3" t="250" w="305" /><ent r="3" t="251" w="494" /><ent r="3" t="261" w="279" /><ent r="3" t="264" w="104" /><ent r="3" t="266" w="230" /><ent r="3" t="266" w="556" /><ent r="3" t="268" w="52" /><ent r="3" t="268" w="114" /><ent r="3" t="275" w="94" /><ent r="5" t="275" w="182" /><ent r="5" t="275" w="313" /><ent r="3" t="281" w="18" /><ent r="3" t="285" w="342" /><ent r="3" t="315" w="156" /></phr><phr n="Regular"><ent r="100" t="29" w="537" /><ent r="92" t="268" w="98" /></phr></stem><stem n="compact"><phr n="compact"><ent r="3" t="9" w="178" /><ent r="3" t="15" w="88" /><ent r="4" t="304" w="113" /><ent r="4" t="308" w="120" /></phr><phr n="Compact"><ent r="3" t="12" w="430" /><ent r="64" t="12" w="436" /><ent r="64" t="15" w="105" /><ent r="1000" t="16" w="3" /><ent r="102" t="16" w="8" /><ent r="3" t="16" w="11" /><ent r="3" t="16" w="106" /><ent r="4" t="245" w="152" /><ent r="8" t="268" w="234" /><ent r="6" t="268" w="245" /><ent r="92" t="269" w="116" /><ent r="8" t="313" w="102" /></phr></stem><stem n="-folder/doc"><phr n="-folder/doc"><ent r="4" t="9" w="184" /><ent r="4" t="9" w="184" /></phr></stem><stem n="db4o-folder/doc"><phr n="db4o-folder/doc"><ent r="4" t="9" w="184" /><ent r="4" t="9" w="183" /><ent r="3" t="9" w="199" /><ent r="3" t="9" w="198" /><ent r="3" t="9" w="209" /><ent r="3" t="9" w="208" /><ent r="3" t="9" w="221" /><ent r="3" t="9" w="220" /></phr></stem><stem n="doc"><phr n="doc"><ent r="4" t="9" w="184" /><ent r="3" t="9" w="199" /><ent r="3" t="9" w="209" /><ent r="3" t="9" w="221" /></phr></stem><stem n="complet"><phr n="complete"><ent r="3" t="9" w="194" /><ent r="3" t="20" w="318" /><ent r="4" t="53" w="76" /><ent r="3" t="55" w="134" /><ent r="3" t="95" w="26" /><ent r="3" t="106" w="401" /><ent r="3" t="107" w="88" /><ent r="3" t="270" w="287" /><ent r="6" t="299" w="408" /><ent r="3" t="303" w="28" /></phr><phr n="completed"><ent r="4" t="33" w="58" /><ent r="4" t="33" w="160" /><ent r="6" t="37" w="171" /><ent r="6" t="37" w="177" /><ent r="3" t="174" w="38" /><ent r="3" t="174" w="63" /></phr><phr n="completely"><ent r="6" t="37" w="137" /><ent r="6" t="37" w="211" /><ent r="3" t="38" w="393" /><ent r="4" t="102" w="113" /><ent r="4" t="102" w="161" /><ent r="3" t="145" w="156" /><ent r="3" t="301" w="77" /></phr><phr n="completes"><ent r="3" t="37" w="234" /></phr><phr n="Completed"><ent r="4" t="106" w="346" /><ent r="4" t="106" w="372" /></phr></stem><stem n="-document"><phr n="-documentation"><ent r="3" t="9" w="195" /><ent r="3" t="9" w="195" /></phr></stem><stem n="api-document"><phr n="API-documentation"><ent r="3" t="9" w="195" /></phr></stem><stem n="db4o-folder/doc/api"><phr n="db4o-folder/doc/api"><ent r="3" t="9" w="200" /><ent r="3" t="9" w="198" /><ent r="3" t="9" w="222" /><ent r="3" t="9" w="220" /></phr></stem><stem n="db4o-folder/doc/api/"><phr n="db4o-folder/doc/api/"><ent r="3" t="9" w="200" /><ent r="3" t="9" w="198" /></phr></stem><stem n="(db4o-folder/doc/api/"><phr n="(db4o-folder/doc/api/"><ent r="3" t="9" w="201" /></phr></stem><stem n=".chm"><phr n=".chm"><ent r="4" t="9" w="203" /></phr></stem><stem n="db4o.chm"><phr n="db4o.chm"><ent r="4" t="9" w="203" /><ent r="4" t="9" w="202" /></phr></stem><stem n="chm"><phr n="chm"><ent r="4" t="9" w="203" /></phr></stem><stem n="tutori"><phr n="tutorial"><ent r="3" t="9" w="206" /><ent r="3" t="9" w="210" /><ent r="3" t="12" w="212" /><ent r="4" t="304" w="255" /><ent r="4" t="306" w="259" /><ent r="4" t="306" w="261" /><ent r="4" t="306" w="264" /><ent r="3" t="306" w="444" /></phr><phr n="tutorials"><ent r="3" t="13" w="20" /></phr><phr n="Tutorial"><ent r="7" t="313" w="422" /></phr></stem><stem n="db4o-folder/doc/tutori"><phr n="db4o-folder/doc/tutorial"><ent r="3" t="9" w="210" /><ent r="3" t="9" w="208" /></phr></stem><stem n="db4o-folder/doc/tutorial/"><phr n="db4o-folder/doc/tutorial/"><ent r="3" t="9" w="210" /><ent r="3" t="9" w="208" /></phr></stem><stem n="(db4o-folder/doc/tutorial/"><phr n="(db4o-folder/doc/tutorial/"><ent r="3" t="9" w="211" /></phr></stem><stem n="db4otutori"><phr n="Db4oTutorial"><ent r="4" t="9" w="212" /><ent r="4" t="304" w="252" /></phr></stem><stem n=".ex"><phr n=".exe"><ent r="4" t="9" w="213" /><ent r="4" t="50" w="67" /><ent r="3" t="71" w="51" /><ent r="3" t="71" w="115" /><ent r="3" t="91" w="6" /><ent r="3" t="92" w="54" /><ent r="7" t="92" w="123" /><ent r="7" t="92" w="138" /><ent r="7" t="92" w="159" /><ent r="7" t="92" w="176" /><ent r="7" t="92" w="207" /><ent r="7" t="92" w="233" /><ent r="7" t="92" w="256" /><ent r="7" t="92" w="284" /><ent r="7" t="92" w="337" /><ent r="7" t="92" w="361" /><ent r="7" t="92" w="417" /><ent r="7" t="92" w="431" /><ent r="7" t="92" w="451" /><ent r="7" t="92" w="499" /><ent r="7" t="92" w="524" /><ent r="4" t="93" w="59" /><ent r="4" t="133" w="336" /><ent r="4" t="258" w="147" /><ent r="5" t="258" w="156" /><ent r="3" t="269" w="145" /><ent r="4" t="270" w="122" /><ent r="4" t="277" w="122" /><ent r="4" t="277" w="146" /><ent r="3" t="281" w="125" /><ent r="93" t="308" w="381" /><ent r="4" t="308" w="450" /><ent r="4" t="308" w="453" /><ent r="6" t="309" w="321" /><ent r="6" t="309" w="352" /><ent r="6" t="309" w="380" /><ent r="6" t="309" w="394" /></phr></stem><stem n="db4otutorial.ex"><phr n="Db4oTutorial.exe"><ent r="4" t="9" w="213" /><ent r="4" t="9" w="212" /></phr></stem><stem n="ex"><phr n="exe"><ent r="4" t="9" w="213" /><ent r="4" t="50" w="67" /><ent r="4" t="50" w="367" /><ent r="3" t="71" w="51" /><ent r="3" t="71" w="115" /><ent r="3" t="90" w="19" /><ent r="3" t="91" w="6" /><ent r="3" t="92" w="54" /><ent r="7" t="92" w="123" /><ent r="7" t="92" w="138" /><ent r="7" t="92" w="159" /><ent r="7" t="92" w="176" /><ent r="7" t="92" w="207" /><ent r="7" t="92" w="233" /><ent r="7" t="92" w="256" /><ent r="7" t="92" w="284" /><ent r="7" t="92" w="337" /><ent r="7" t="92" w="361" /><ent r="7" t="92" w="417" /><ent r="7" t="92" w="431" /><ent r="7" t="92" w="451" /><ent r="7" t="92" w="499" /><ent r="7" t="92" w="524" /><ent r="4" t="93" w="59" /><ent r="6" t="93" w="106" /><ent r="4" t="133" w="336" /><ent r="4" t="133" w="360" /><ent r="4" t="258" w="147" /><ent r="5" t="258" w="156" /><ent r="3" t="269" w="145" /><ent r="4" t="270" w="122" /><ent r="4" t="277" w="122" /><ent r="4" t="277" w="146" /><ent r="3" t="281" w="125" /><ent r="4" t="297" w="676" /><ent r="3" t="306" w="343" /><ent r="3" t="306" w="361" /><ent r="3" t="306" w="387" /><ent r="93" t="308" w="381" /><ent r="4" t="308" w="450" /><ent r="4" t="308" w="453" /><ent r="6" t="309" w="321" /><ent r="6" t="309" w="352" /><ent r="6" t="309" w="380" /><ent r="6" t="309" w="394" /></phr></stem><stem n="db4o-folder/doc/api/index"><phr n="db4o-folder/doc/api/index"><ent r="3" t="9" w="223" /><ent r="3" t="9" w="220" /></phr></stem><stem n="db4o-folder/doc/api/index.html"><phr n="db4o-folder/doc/api/index.html"><ent r="3" t="9" w="224" /><ent r="3" t="9" w="220" /></phr></stem><stem n="html"><phr n="html"><ent r="3" t="9" w="224" /></phr><phr n="Html"><ent r="4" t="260" w="252" /><ent r="4" t="260" w="263" /><ent r="4" t="260" w="276" /><ent r="4" t="260" w="285" /></phr></stem><stem n="(db4o-folder/doc/api/index.html)"><phr n="(db4o-folder/doc/api/index.html)"><ent r="3" t="9" w="225" /></phr></stem><stem n="-folder/omn"><phr n="-folder/omn"><ent r="4" t="9" w="228" /><ent r="4" t="9" w="228" /></phr></stem><stem n="db4o-folder/omn"><phr n="db4o-folder/omn"><ent r="4" t="9" w="228" /><ent r="4" t="9" w="227" /></phr></stem><stem n="omn"><phr n="omn"><ent r="4" t="9" w="228" /><ent r="7" t="313" w="362" /></phr></stem><stem n="&quot;object"><phr n="&quot;Object"><ent r="64" t="9" w="239" /><ent r="5" t="49" w="518" /><ent r="5" t="49" w="628" /><ent r="64" t="73" w="172" /><ent r="64" t="94" w="64" /><ent r="3" t="291" w="83" /><ent r="3" t="292" w="265" /></phr></stem><stem n="enterpris"><phr n="Enterprise"><ent r="64" t="9" w="241" /><ent r="1000" t="287" w="3" /><ent r="102" t="287" w="7" /><ent r="4" t="287" w="11" /><ent r="3" t="289" w="49" /><ent r="3" t="290" w="273" /><ent r="100" t="291" w="6" /><ent r="3" t="291" w="85" /><ent r="100" t="292" w="9" /><ent r="3" t="292" w="267" /></phr></stem><stem n="-folder/src"><phr n="-folder/src"><ent r="4" t="9" w="245" /><ent r="4" t="9" w="245" /></phr></stem><stem n="db4o-folder/src"><phr n="db4o-folder/src"><ent r="4" t="9" w="245" /><ent r="4" t="9" w="244" /></phr></stem><stem n="src"><phr n="src"><ent r="4" t="9" w="245" /><ent r="3" t="268" w="87" /><ent r="5" t="297" w="245" /><ent r="5" t="297" w="548" /><ent r="5" t="298" w="452" /><ent r="4" t="299" w="46" /><ent r="4" t="299" w="121" /><ent r="3" t="304" w="29" /><ent r="3" t="306" w="370" /></phr></stem><stem n="core"><phr n="core"><ent r="3" t="9" w="277" /><ent r="3" t="82" w="14" /><ent r="3" t="126" w="134" /><ent r="3" t="126" w="155" /><ent r="3" t="126" w="165" /><ent r="3" t="245" w="32" /><ent r="3" t="266" w="38" /><ent r="3" t="266" w="46" /><ent r="4" t="297" w="44" /><ent r="5" t="297" w="157" /><ent r="5" t="297" w="169" /><ent r="5" t="297" w="243" /><ent r="5" t="297" w="306" /><ent r="5" t="297" w="323" /><ent r="5" t="297" w="341" /><ent r="5" t="297" w="390" /><ent r="5" t="297" w="429" /><ent r="5" t="297" w="459" /><ent r="5" t="297" w="558" /><ent r="5" t="297" w="573" /><ent r="5" t="298" w="199" /><ent r="5" t="298" w="332" /><ent r="4" t="299" w="120" /><ent r="5" t="299" w="539" /><ent r="4" t="301" w="31" /><ent r="4" t="304" w="104" /><ent r="65" t="308" w="50" /><ent r="3" t="309" w="406" /><ent r="6" t="313" w="202" /><ent r="7" t="313" w="388" /><ent r="6" t="313" w="400" /><ent r="6" t="313" w="413" /></phr><phr n="Core"><ent r="3" t="16" w="52" /><ent r="3" t="16" w="73" /></phr></stem><stem n="db4object"><phr n="Db4objects"><ent r="4" t="9" w="284" /><ent r="4" t="12" w="28" /><ent r="4" t="12" w="88" /><ent r="4" t="12" w="112" /><ent r="3" t="15" w="378" /><ent r="3" t="15" w="384" /><ent r="3" t="17" w="203" /><ent r="5" t="20" w="431" /><ent r="5" t="20" w="436" /><ent r="7" t="92" w="172" /><ent r="4" t="193" w="64" /><ent r="4" t="193" w="293" /><ent r="4" t="226" w="77" /><ent r="5" t="258" w="158" /><ent r="3" t="265" w="93" /><ent r="3" t="265" w="98" /><ent r="4" t="269" w="28" /><ent r="3" t="270" w="106" /><ent r="4" t="270" w="124" /><ent r="4" t="270" w="488" /><ent r="4" t="270" w="499" /><ent r="6" t="270" w="530" /><ent r="6" t="270" w="538" /><ent r="3" t="271" w="41" /><ent r="4" t="283" w="54" /><ent r="3" t="283" w="85" /><ent r="6" t="299" w="292" /><ent r="6" t="299" w="338" /><ent r="6" t="300" w="256" /><ent r="6" t="300" w="262" /><ent r="4" t="304" w="100" /><ent r="4" t="304" w="106" /><ent r="4" t="304" w="116" /><ent r="4" t="304" w="125" /><ent r="4" t="304" w="137" /><ent r="4" t="304" w="149" /><ent r="4" t="304" w="163" /><ent r="4" t="304" w="177" /><ent r="4" t="304" w="185" /><ent r="4" t="304" w="189" /><ent r="4" t="304" w="194" /><ent r="4" t="304" w="207" /><ent r="4" t="304" w="215" /><ent r="4" t="304" w="223" /><ent r="4" t="304" w="227" /><ent r="4" t="304" w="237" /><ent r="93" t="308" w="41" /><ent r="93" t="308" w="65" /><ent r="93" t="308" w="139" /><ent r="93" t="308" w="166" /><ent r="93" t="308" w="218" /><ent r="93" t="308" w="242" /><ent r="4" t="308" w="273" /><ent r="4" t="308" w="276" /><ent r="4" t="308" w="280" /><ent r="4" t="308" w="286" /><ent r="93" t="308" w="292" /><ent r="6" t="309" w="315" /></phr><phr n="Db4object"><ent r="3" t="17" w="207" /><ent r="3" t="283" w="89" /><ent r="4" t="308" w="85" /><ent r="4" t="308" w="159" /><ent r="4" t="308" w="187" /><ent r="4" t="308" w="199" /><ent r="4" t="308" w="309" /><ent r="4" t="308" w="312" /><ent r="4" t="308" w="333" /><ent r="4" t="308" w="401" /><ent r="4" t="308" w="404" /><ent r="4" t="308" w="408" /><ent r="4" t="308" w="412" /><ent r="4" t="308" w="416" /></phr><phr n="db4objects"><ent r="4" t="287" w="74" /><ent r="64" t="293" w="121" /><ent r="3" t="306" w="454" /><ent r="3" t="306" w="461" /><ent r="3" t="306" w="466" /><ent r="3" t="306" w="494" /><ent r="3" t="306" w="509" /><ent r="3" t="306" w="526" /><ent r="4" t="309" w="114" /><ent r="65" t="309" w="128" /></phr></stem><stem n="db4objects.db4o"><phr n="Db4objects.Db4o"><ent r="4" t="9" w="285" /><ent r="4" t="9" w="284" /><ent r="4" t="12" w="29" /><ent r="4" t="12" w="28" /><ent r="4" t="12" w="89" /><ent r="4" t="12" w="88" /><ent r="4" t="12" w="113" /><ent r="4" t="12" w="112" /><ent r="3" t="15" w="379" /><ent r="3" t="15" w="378" /><ent r="3" t="15" w="385" /><ent r="3" t="15" w="384" /><ent r="3" t="17" w="204" /><ent r="3" t="17" w="203" /><ent r="5" t="20" w="432" /><ent r="5" t="20" w="431" /><ent r="5" t="20" w="437" /><ent r="5" t="20" w="436" /><ent r="7" t="92" w="173" /><ent r="7" t="92" w="172" /><ent r="4" t="193" w="65" /><ent r="4" t="193" w="64" /><ent r="4" t="193" w="294" /><ent r="4" t="193" w="293" /><ent r="4" t="226" w="78" /><ent r="4" t="226" w="77" /><ent r="5" t="258" w="159" /><ent r="5" t="258" w="158" /><ent r="3" t="265" w="94" /><ent r="3" t="265" w="93" /><ent r="3" t="265" w="99" /><ent r="3" t="265" w="98" /><ent r="4" t="269" w="29" /><ent r="4" t="269" w="28" /><ent r="3" t="270" w="107" /><ent r="3" t="270" w="106" /><ent r="4" t="270" w="125" /><ent r="4" t="270" w="124" /><ent r="4" t="270" w="489" /><ent r="4" t="270" w="488" /><ent r="4" t="270" w="500" /><ent r="4" t="270" w="499" /><ent r="6" t="270" w="531" /><ent r="6" t="270" w="530" /><ent r="6" t="270" w="539" /><ent r="6" t="270" w="538" /><ent r="3" t="271" w="42" /><ent r="3" t="271" w="41" /><ent r="4" t="283" w="55" /><ent r="4" t="283" w="54" /><ent r="3" t="283" w="86" /><ent r="3" t="283" w="85" /><ent r="6" t="299" w="293" /><ent r="6" t="299" w="292" /><ent r="6" t="299" w="339" /><ent r="6" t="299" w="338" /><ent r="6" t="300" w="257" /><ent r="6" t="300" w="256" /><ent r="6" t="300" w="263" /><ent r="6" t="300" w="262" /><ent r="4" t="304" w="101" /><ent r="4" t="304" w="100" /><ent r="4" t="304" w="107" /><ent r="4" t="304" w="106" /><ent r="4" t="304" w="117" /><ent r="4" t="304" w="116" /><ent r="4" t="304" w="126" /><ent r="4" t="304" w="125" /><ent r="4" t="304" w="138" /><ent r="4" t="304" w="137" /><ent r="4" t="304" w="150" /><ent r="4" t="304" w="149" /><ent r="4" t="304" w="164" /><ent r="4" t="304" w="163" /><ent r="4" t="304" w="178" /><ent r="4" t="304" w="177" /><ent r="4" t="304" w="186" /><ent r="4" t="304" w="185" /><ent r="4" t="304" w="190" /><ent r="4" t="304" w="189" /><ent r="4" t="304" w="195" /><ent r="4" t="304" w="194" /><ent r="4" t="304" w="208" /><ent r="4" t="304" w="207" /><ent r="4" t="304" w="216" /><ent r="4" t="304" w="215" /><ent r="4" t="304" w="224" /><ent r="4" t="304" w="223" /><ent r="4" t="304" w="228" /><ent r="4" t="304" w="227" /><ent r="4" t="304" w="238" /><ent r="4" t="304" w="237" /><ent r="93" t="308" w="42" /><ent r="93" t="308" w="41" /><ent r="93" t="308" w="66" /><ent r="93" t="308" w="65" /><ent r="93" t="308" w="140" /><ent r="93" t="308" w="139" /><ent r="93" t="308" w="167" /><ent r="93" t="308" w="166" /><ent r="93" t="308" w="219" /><ent r="93" t="308" w="218" /><ent r="93" t="308" w="243" /><ent r="93" t="308" w="242" /><ent r="4" t="308" w="274" /><ent r="4" t="308" w="273" /><ent r="4" t="308" w="277" /><ent r="4" t="308" w="276" /><ent r="4" t="308" w="281" /><ent r="4" t="308" w="280" /><ent r="4" t="308" w="287" /><ent r="4" t="308" w="286" /><ent r="93" t="308" w="293" /><ent r="93" t="308" w="292" /><ent r="6" t="309" w="316" /><ent r="6" t="309" w="315" /></phr></stem><stem n=".db4o.dll"><phr n=".Db4o.dll"><ent r="4" t="9" w="286" /><ent r="5" t="258" w="160" /><ent r="3" t="270" w="108" /><ent r="4" t="270" w="126" /><ent r="3" t="271" w="43" /><ent r="93" t="308" w="43" /><ent r="4" t="308" w="87" /><ent r="4" t="308" w="161" /><ent r="4" t="308" w="189" /></phr></stem><stem n="db4objects.db4o.dl"><phr n="Db4objects.Db4o.dll"><ent r="4" t="9" w="286" /><ent r="4" t="9" w="284" /><ent r="5" t="258" w="160" /><ent r="5" t="258" w="158" /><ent r="3" t="270" w="108" /><ent r="3" t="270" w="106" /><ent r="4" t="270" w="126" /><ent r="4" t="270" w="124" /><ent r="3" t="271" w="43" /><ent r="3" t="271" w="41" /><ent r="93" t="308" w="43" /><ent r="93" t="308" w="41" /><ent r="4" t="308" w="275" /><ent r="4" t="308" w="273" /></phr></stem><stem n="assembl"><phr n="assembly"><ent r="4" t="9" w="289" /><ent r="5" t="9" w="385" /><ent r="3" t="12" w="45" /><ent r="3" t="15" w="81" /><ent r="3" t="15" w="100" /><ent r="3" t="16" w="95" /><ent r="4" t="22" w="92" /><ent r="5" t="90" w="351" /><ent r="5" t="90" w="357" /><ent r="3" t="92" w="41" /><ent r="6" t="92" w="263" /><ent r="6" t="92" w="330" /><ent r="3" t="93" w="36" /><ent r="4" t="93" w="147" /><ent r="64" t="120" w="68" /><ent r="64" t="120" w="169" /><ent r="65" t="133" w="70" /><ent r="5" t="140" w="448" /><ent r="3" t="147" w="187" /><ent r="3" t="147" w="196" /><ent r="4" t="226" w="81" /><ent r="4" t="255" w="167" /><ent r="5" t="258" w="103" /><ent r="4" t="258" w="141" /><ent r="3" t="259" w="28" /><ent r="3" t="259" w="44" /><ent r="3" t="259" w="48" /><ent r="3" t="259" w="67" /><ent r="4" t="259" w="121" /><ent r="4" t="259" w="143" /><ent r="5" t="259" w="165" /><ent r="5" t="259" w="192" /><ent r="4" t="259" w="271" /><ent r="4" t="259" w="400" /><ent r="3" t="266" w="362" /><ent r="4" t="269" w="52" /><ent r="3" t="270" w="68" /><ent r="3" t="270" w="461" /><ent r="3" t="270" w="477" /><ent r="64" t="273" w="118" /><ent r="3" t="277" w="58" /><ent r="3" t="277" w="73" /><ent r="3" t="277" w="93" /><ent r="4" t="277" w="124" /><ent r="4" t="277" w="148" /><ent r="3" t="291" w="73" /><ent r="3" t="291" w="99" /><ent r="3" t="292" w="281" /><ent r="5" t="294" w="197" /><ent r="4" t="308" w="17" /><ent r="4" t="308" w="27" /><ent r="4" t="308" w="46" /><ent r="4" t="308" w="71" /><ent r="4" t="308" w="123" /><ent r="4" t="308" w="145" /><ent r="4" t="308" w="173" /><ent r="4" t="308" w="190" /><ent r="4" t="308" w="193" /><ent r="4" t="308" w="207" /><ent r="4" t="308" w="224" /><ent r="4" t="308" w="249" /><ent r="4" t="308" w="290" /><ent r="4" t="308" w="298" /><ent r="4" t="308" w="363" /><ent r="4" t="308" w="372" /></phr><phr n="assemblies"><ent r="4" t="9" w="299" /><ent r="4" t="9" w="324" /><ent r="3" t="12" w="40" /><ent r="3" t="16" w="85" /><ent r="3" t="17" w="199" /><ent r="4" t="20" w="450" /><ent r="5" t="21" w="234" /><ent r="5" t="21" w="321" /><ent r="4" t="21" w="427" /><ent r="4" t="50" w="36" /><ent r="93" t="50" w="44" /><ent r="6" t="92" w="245" /><ent r="4" t="260" w="60" /><ent r="3" t="266" w="21" /><ent r="3" t="266" w="81" /><ent r="3" t="267" w="49" /><ent r="3" t="269" w="151" /><ent r="3" t="270" w="469" /><ent r="3" t="270" w="486" /><ent r="3" t="270" w="523" /><ent r="4" t="283" w="42" /><ent r="3" t="283" w="66" /><ent r="3" t="283" w="84" /><ent r="3" t="292" w="254" /><ent r="4" t="308" w="63" /></phr><phr n="Assemblies"><ent r="4" t="22" w="132" /><ent r="4" t="22" w="170" /><ent r="5" t="50" w="442" /></phr><phr n="Assembly"><ent r="65" t="255" w="174" /><ent r="1000" t="259" w="3" /><ent r="102" t="259" w="8" /><ent r="4" t="259" w="228" /><ent r="5" t="259" w="320" /><ent r="7" t="270" w="525" /><ent r="3" t="291" w="91" /><ent r="3" t="292" w="273" /></phr></stem></index>