﻿<?xml version="1.0" encoding="utf-8"?><index><stem n="-foreign"><phr n="-foreign"><ent r="3" t="2" w="371" /><ent r="3" t="2" w="371" /></phr></stem><stem n="primary-foreign"><phr n="primary-foreign"><ent r="3" t="2" w="371" /></phr></stem><stem n="pair"><phr n="pairs"><ent r="3" t="2" w="374" /></phr><phr n="paired"><ent r="3" t="7" w="29" /></phr><phr n="pair"><ent r="3" t="306" w="511" /></phr></stem><stem n="mean"><phr n="means"><ent r="3" t="2" w="376" /><ent r="3" t="6" w="64" /><ent r="3" t="7" w="520" /><ent r="3" t="8" w="340" /><ent r="3" t="14" w="1029" /><ent r="3" t="15" w="48" /><ent r="3" t="24" w="50" /><ent r="3" t="28" w="1051" /><ent r="3" t="29" w="141" /><ent r="3" t="31" w="879" /><ent r="3" t="32" w="63" /><ent r="3" t="32" w="105" /><ent r="4" t="33" w="44" /><ent r="4" t="33" w="145" /><ent r="4" t="33" w="185" /><ent r="3" t="33" w="223" /><ent r="3" t="35" w="52" /><ent r="3" t="38" w="355" /><ent r="3" t="39" w="165" /><ent r="3" t="40" w="277" /><ent r="3" t="41" w="124" /><ent r="3" t="44" w="204" /><ent r="3" t="46" w="17" /><ent r="3" t="48" w="71" /><ent r="4" t="53" w="73" /><ent r="3" t="62" w="154" /><ent r="3" t="62" w="203" /><ent r="3" t="66" w="54" /><ent r="3" t="66" w="112" /><ent r="3" t="66" w="350" /><ent r="3" t="67" w="36" /><ent r="3" t="76" w="549" /><ent r="3" t="82" w="49" /><ent r="3" t="89" w="36" /><ent r="3" t="112" w="180" /><ent r="3" t="112" w="1198" /><ent r="3" t="112" w="1355" /><ent r="3" t="121" w="602" /><ent r="3" t="132" w="130" /><ent r="3" t="133" w="24" /><ent r="3" t="134" w="145" /><ent r="4" t="140" w="256" /><ent r="3" t="142" w="434" /><ent r="3" t="153" w="65" /><ent r="3" t="165" w="146" /><ent r="3" t="166" w="144" /><ent r="3" t="174" w="196" /><ent r="3" t="190" w="205" /><ent r="3" t="203" w="88" /><ent r="3" t="213" w="35" /><ent r="3" t="227" w="73" /><ent r="3" t="228" w="33" /><ent r="3" t="232" w="370" /><ent r="3" t="233" w="139" /><ent r="3" t="233" w="364" /><ent r="3" t="241" w="50" /><ent r="3" t="243" w="123" /><ent r="3" t="243" w="167" /><ent r="3" t="244" w="358" /><ent r="3" t="244" w="376" /><ent r="3" t="266" w="208" /><ent r="3" t="267" w="41" /><ent r="3" t="273" w="127" /><ent r="3" t="274" w="284" /><ent r="3" t="282" w="87" /><ent r="3" t="283" w="326" /></phr><phr n="Meaning"><ent r="6" t="92" w="543" /><ent r="7" t="300" w="89" /></phr><phr n="Means"><ent r="4" t="140" w="277" /></phr><phr n="mean"><ent r="3" t="190" w="230" /><ent r="3" t="191" w="75" /><ent r="3" t="228" w="42" /><ent r="3" t="243" w="226" /></phr><phr n="meaning"><ent r="3" t="299" w="155" /><ent r="3" t="300" w="83" /></phr></stem><stem n="constantli"><phr n="constantly"><ent r="3" t="2" w="381" /><ent r="3" t="235" w="94" /></phr></stem><stem n="-discov"><phr n="-discover"><ent r="3" t="2" w="382" /><ent r="3" t="2" w="382" /></phr></stem><stem n="re"><phr n="re"><ent r="3" t="2" w="382" /><ent r="3" t="9" w="89" /><ent r="3" t="9" w="332" /><ent r="3" t="9" w="404" /><ent r="3" t="22" w="55" /><ent r="3" t="27" w="96" /><ent r="3" t="36" w="190" /><ent r="3" t="44" w="270" /><ent r="4" t="59" w="333" /><ent r="4" t="59" w="350" /><ent r="3" t="65" w="162" /><ent r="3" t="69" w="58" /><ent r="3" t="81" w="9" /><ent r="3" t="114" w="687" /><ent r="3" t="117" w="780" /><ent r="4" t="120" w="299" /><ent r="3" t="129" w="234" /><ent r="4" t="140" w="431" /><ent r="4" t="140" w="496" /><ent r="3" t="190" w="381" /><ent r="3" t="210" w="23" /><ent r="3" t="219" w="17" /><ent r="3" t="220" w="27" /><ent r="3" t="229" w="40" /><ent r="3" t="233" w="578" /><ent r="3" t="241" w="63" /><ent r="3" t="244" w="371" /><ent r="3" t="265" w="744" /><ent r="3" t="266" w="514" /><ent r="3" t="268" w="344" /><ent r="4" t="276" w="84" /><ent r="3" t="276" w="234" /><ent r="4" t="278" w="65" /><ent r="3" t="293" w="146" /><ent r="3" t="293" w="173" /><ent r="3" t="302" w="86" /><ent r="3" t="306" w="520" /><ent r="3" t="308" w="34" /></phr><phr n="Re"><ent r="3" t="290" w="170" /></phr></stem><stem n="re-discov"><phr n="re-discover"><ent r="3" t="2" w="382" /></phr></stem><stem n="discov"><phr n="discover"><ent r="3" t="2" w="383" /></phr><phr n="discovering"><ent r="3" t="2" w="407" /><ent r="3" t="2" w="493" /></phr></stem><stem n="relationship"><phr n="relationships"><ent r="3" t="2" w="385" /><ent r="3" t="2" w="499" /><ent r="3" t="39" w="142" /><ent r="3" t="274" w="87" /></phr><phr n="relationship"><ent r="3" t="2" w="497" /><ent r="3" t="240" w="634" /><ent r="3" t="240" w="689" /><ent r="3" t="240" w="717" /></phr></stem><stem n="immens"><phr n="immense"><ent r="3" t="2" w="390" /></phr></stem><stem n="cpu"><phr n="CPU"><ent r="3" t="2" w="391" /></phr></stem><stem n="consumpt"><phr n="consumption"><ent r="3" t="2" w="392" /><ent r="3" t="4" w="658" /><ent r="3" t="43" w="107" /><ent r="4" t="129" w="217" /><ent r="3" t="150" w="23" /><ent r="3" t="164" w="71" /><ent r="3" t="166" w="71" /><ent r="3" t="166" w="104" /><ent r="3" t="166" w="438" /><ent r="4" t="168" w="96" /><ent r="3" t="187" w="27" /><ent r="3" t="190" w="233" /><ent r="3" t="190" w="262" /><ent r="4" t="203" w="165" /></phr></stem><stem n="someth"><phr n="something"><ent r="3" t="2" w="394" /><ent r="3" t="27" w="322" /><ent r="3" t="27" w="328" /><ent r="3" t="34" w="92" /><ent r="3" t="243" w="251" /><ent r="5" t="266" w="404" /><ent r="5" t="266" w="466" /><ent r="6" t="300" w="569" /><ent r="6" t="300" w="596" /></phr><phr n="Something"><ent r="3" t="292" w="149" /></phr></stem><stem n="inher"><phr n="inherent"><ent r="3" t="2" w="399" /></phr></stem><stem n="further"><phr n="Further"><ent r="3" t="2" w="405" /><ent r="3" t="2" w="443" /><ent r="6" t="5" w="151" /><ent r="92" t="38" w="486" /><ent r="4" t="164" w="121" /><ent r="3" t="166" w="29" /></phr><phr n="further"><ent r="3" t="7" w="299" /><ent r="3" t="28" w="203" /><ent r="3" t="126" w="169" /><ent r="3" t="153" w="82" /><ent r="3" t="269" w="112" /><ent r="3" t="289" w="233" /><ent r="4" t="309" w="142" /></phr></stem><stem n="again"><phr n="again"><ent r="3" t="2" w="413" /><ent r="3" t="10" w="487" /><ent r="3" t="41" w="46" /><ent r="3" t="44" w="26" /><ent r="3" t="54" w="119" /><ent r="5" t="54" w="233" /><ent r="5" t="54" w="283" /><ent r="3" t="112" w="203" /><ent r="3" t="112" w="1380" /><ent r="3" t="290" w="151" /><ent r="3" t="291" w="114" /><ent r="3" t="292" w="296" /></phr></stem><stem n="continu"><phr n="continual"><ent r="3" t="2" w="415" /></phr><phr n="Continuous"><ent r="4" t="3" w="154" /><ent r="4" t="3" w="160" /></phr><phr n="continually"><ent r="2" t="4" w="105" /></phr><phr n="continue"><ent r="3" t="7" w="509" /><ent r="3" t="126" w="70" /><ent r="3" t="174" w="78" /></phr><phr n="continues"><ent r="3" t="9" w="53" /></phr><phr n="continuously"><ent r="3" t="185" w="25" /></phr></stem><stem n="access"><phr n="access"><ent r="3" t="2" w="416" /><ent r="6" t="5" w="242" /><ent r="3" t="5" w="512" /><ent r="3" t="6" w="72" /><ent r="3" t="6" w="87" /><ent r="4" t="6" w="169" /><ent r="3" t="7" w="229" /><ent r="3" t="10" w="21" /><ent r="5" t="20" w="477" /><ent r="3" t="26" w="26" /><ent r="4" t="33" w="150" /><ent r="3" t="48" w="68" /><ent r="3" t="49" w="763" /><ent r="4" t="49" w="839" /><ent r="4" t="49" w="945" /><ent r="3" t="55" w="112" /><ent r="3" t="65" w="177" /><ent r="3" t="65" w="197" /><ent r="3" t="65" w="217" /><ent r="3" t="69" w="112" /><ent r="3" t="70" w="18" /><ent r="3" t="70" w="37" /><ent r="3" t="70" w="630" /><ent r="3" t="70" w="644" /><ent r="3" t="73" w="17" /><ent r="3" t="74" w="52" /><ent r="3" t="74" w="60" /><ent r="3" t="74" w="130" /><ent r="3" t="74" w="265" /><ent r="3" t="74" w="1136" /><ent r="3" t="74" w="1161" /><ent r="3" t="96" w="86" /><ent r="3" t="100" w="22" /><ent r="3" t="107" w="37" /><ent r="3" t="121" w="85" /><ent r="3" t="121" w="635" /><ent r="3" t="122" w="29" /><ent r="3" t="129" w="16" /><ent r="4" t="129" w="196" /><ent r="4" t="131" w="165" /><ent r="3" t="150" w="112" /><ent r="4" t="168" w="75" /><ent r="3" t="173" w="24" /><ent r="3" t="174" w="59" /><ent r="4" t="182" w="54" /><ent r="65" t="186" w="30" /><ent r="3" t="187" w="16" /><ent r="3" t="188" w="33" /><ent r="3" t="188" w="617" /><ent r="3" t="190" w="28" /><ent r="3" t="191" w="52" /><ent r="3" t="191" w="98" /><ent r="3" t="192" w="71" /><ent r="6" t="195" w="71" /><ent r="3" t="196" w="10" /><ent r="3" t="214" w="31" /><ent r="3" t="226" w="150" /><ent r="3" t="227" w="25" /><ent r="8" t="228" w="156" /><ent r="3" t="232" w="393" /><ent r="3" t="235" w="34" /><ent r="3" t="240" w="23" /><ent r="3" t="241" w="47" /><ent r="3" t="241" w="69" /><ent r="3" t="243" w="337" /><ent r="3" t="247" w="48" /><ent r="3" t="257" w="523" /><ent r="4" t="257" w="550" /><ent r="3" t="259" w="58" /><ent r="4" t="259" w="95" /><ent r="5" t="265" w="483" /><ent r="3" t="266" w="242" /><ent r="3" t="266" w="248" /><ent r="3" t="266" w="492" /><ent r="6" t="270" w="396" /><ent r="3" t="274" w="57" /><ent r="4" t="274" w="373" /><ent r="4" t="274" w="480" /><ent r="3" t="277" w="101" /><ent r="3" t="282" w="95" /><ent r="3" t="282" w="110" /><ent r="3" t="283" w="185" /><ent r="3" t="315" w="120" /></phr><phr n="accessible"><ent r="3" t="2" w="505" /><ent r="4" t="93" w="73" /><ent r="4" t="106" w="60" /><ent r="4" t="119" w="94" /><ent r="3" t="143" w="32" /><ent r="3" t="173" w="44" /><ent r="3" t="202" w="30" /><ent r="3" t="224" w="35" /><ent r="3" t="257" w="198" /></phr><phr n="accesses"><ent r="3" t="6" w="54" /><ent r="3" t="150" w="67" /><ent r="3" t="150" w="78" /><ent r="3" t="282" w="77" /></phr><phr n="Accessing"><ent r="92" t="10" w="32" /><ent r="5" t="70" w="356" /><ent r="5" t="70" w="375" /><ent r="4" t="70" w="439" /><ent r="5" t="70" w="493" /><ent r="5" t="70" w="517" /><ent r="4" t="70" w="596" /><ent r="64" t="273" w="144" /><ent r="92" t="274" w="47" /><ent r="1000" t="277" w="1" /><ent r="102" t="277" w="9" /><ent r="3" t="277" w="19" /></phr><phr n="accessing"><ent r="3" t="10" w="43" /><ent r="3" t="14" w="1412" /><ent r="3" t="55" w="69" /><ent r="3" t="64" w="50" /><ent r="3" t="74" w="788" /><ent r="4" t="129" w="186" /><ent r="4" t="168" w="65" /><ent r="3" t="182" w="24" /><ent r="3" t="224" w="297" /><ent r="3" t="241" w="56" /><ent r="3" t="273" w="135" /></phr><phr n="accessed"><ent r="3" t="49" w="721" /><ent r="3" t="72" w="24" /></phr><phr n="Access"><ent r="92" t="55" w="66" /><ent r="5" t="70" w="333" /><ent r="5" t="70" w="464" /><ent r="4" t="70" w="721" /><ent r="4" t="70" w="820" /><ent r="4" t="74" w="67" /><ent r="5" t="121" w="325" /><ent r="5" t="121" w="496" /><ent r="92" t="209" w="85" /><ent r="92" t="223" w="55" /><ent r="3" t="305" w="43" /></phr></stem><stem n="structur"><phr n="structures"><ent r="3" t="2" w="419" /><ent r="3" t="2" w="514" /><ent r="3" t="7" w="124" /><ent r="3" t="7" w="132" /><ent r="3" t="59" w="17" /></phr><phr n="Structured"><ent r="92" t="24" w="837" /><ent r="4" t="24" w="898" /><ent r="4" t="24" w="939" /></phr><phr n="structure"><ent r="3" t="41" w="32" /><ent r="3" t="70" w="22" /><ent r="3" t="71" w="72" /><ent r="3" t="129" w="34" /><ent r="3" t="153" w="15" /><ent r="3" t="232" w="391" /><ent r="3" t="281" w="146" /></phr><phr n="structured"><ent r="3" t="77" w="12" /><ent r="3" t="105" w="28" /><ent r="6" t="299" w="355" /></phr></stem><stem n="content"><phr n="contention"><ent r="3" t="2" w="427" /><ent r="3" t="2" w="520" /></phr><phr n="Content"><ent r="92" t="9" w="137" /></phr><phr n="content"><ent r="3" t="9" w="148" /><ent r="3" t="51" w="76" /><ent r="3" t="71" w="63" /><ent r="3" t="104" w="60" /><ent r="4" t="117" w="268" /><ent r="4" t="117" w="493" /><ent r="4" t="117" w="567" /><ent r="4" t="117" w="621" /><ent r="4" t="117" w="658" /><ent r="3" t="121" w="95" /><ent r="3" t="156" w="89" /><ent r="3" t="179" w="478" /><ent r="3" t="188" w="146" /><ent r="3" t="188" w="172" /><ent r="3" t="188" w="253" /><ent r="3" t="261" w="206" /><ent r="3" t="281" w="137" /><ent r="3" t="314" w="14" /></phr><phr n="contents"><ent r="4" t="289" w="92" /><ent r="3" t="306" w="281" /></phr></stem><stem n="within"><phr n="within"><ent r="3" t="2" w="431" /><ent r="3" t="2" w="592" /><ent r="3" t="9" w="15" /><ent r="3" t="17" w="105" /><ent r="3" t="49" w="759" /><ent r="3" t="69" w="95" /><ent r="3" t="69" w="463" /><ent r="4" t="96" w="979" /><ent r="4" t="98" w="67" /><ent r="3" t="129" w="52" /><ent r="4" t="259" w="138" /><ent r="3" t="267" w="21" /><ent r="3" t="267" w="47" /><ent r="3" t="276" w="209" /><ent r="3" t="276" w="219" /><ent r="3" t="283" w="193" /><ent r="3" t="286" w="11" /><ent r="4" t="286" w="191" /></phr></stem><stem n="scalabl"><phr n="scalability"><ent r="3" t="2" w="437" /><ent r="3" t="282" w="21" /></phr><phr n="scalable"><ent r="3" t="2" w="544" /><ent r="64" t="4" w="271" /><ent r="3" t="224" w="126" /></phr><phr n="Scalability"><ent r="1000" t="6" w="1" /><ent r="102" t="6" w="3" /><ent r="92" t="280" w="77" /><ent r="64" t="280" w="99" /><ent r="1000" t="282" w="3" /><ent r="100" t="282" w="9" /><ent r="102" t="282" w="13" /></phr></stem><stem n="process"><phr n="processes"><ent r="3" t="2" w="441" /><ent r="3" t="2" w="541" /><ent r="3" t="5" w="407" /><ent r="3" t="66" w="38" /><ent r="3" t="79" w="15" /><ent r="3" t="174" w="76" /><ent r="3" t="255" w="42" /><ent r="3" t="256" w="23" /></phr><phr n="process"><ent r="3" t="4" w="605" /><ent r="6" t="5" w="253" /><ent r="3" t="14" w="1215" /><ent r="3" t="17" w="402" /><ent r="3" t="22" w="89" /><ent r="3" t="41" w="228" /><ent r="3" t="41" w="242" /><ent r="3" t="44" w="305" /><ent r="3" t="49" w="972" /><ent r="3" t="78" w="74" /><ent r="3" t="78" w="188" /><ent r="3" t="78" w="266" /><ent r="4" t="78" w="296" /><ent r="3" t="79" w="57" /><ent r="3" t="79" w="94" /><ent r="3" t="79" w="229" /><ent r="3" t="80" w="90" /><ent r="3" t="81" w="35" /><ent r="3" t="84" w="11" /><ent r="3" t="84" w="36" /><ent r="4" t="84" w="73" /><ent r="4" t="84" w="111" /><ent r="3" t="85" w="34" /><ent r="3" t="87" w="17" /><ent r="3" t="89" w="18" /><ent r="3" t="90" w="59" /><ent r="3" t="90" w="287" /><ent r="3" t="93" w="27" /><ent r="3" t="103" w="43" /><ent r="3" t="104" w="65" /><ent r="4" t="106" w="112" /><ent r="3" t="118" w="45" /><ent r="3" t="127" w="114" /><ent r="3" t="127" w="185" /><ent r="4" t="140" w="480" /><ent r="3" t="164" w="13" /><ent r="4" t="165" w="201" /><ent r="3" t="178" w="79" /><ent r="3" t="226" w="22" /><ent r="3" t="239" w="82" /><ent r="3" t="244" w="13" /><ent r="3" t="245" w="179" /><ent r="3" t="254" w="334" /><ent r="3" t="261" w="259" /><ent r="3" t="272" w="97" /><ent r="3" t="285" w="324" /><ent r="3" t="285" w="335" /><ent r="3" t="305" w="25" /><ent r="3" t="306" w="432" /></phr><phr n="processed"><ent r="3" t="29" w="136" /><ent r="3" t="38" w="362" /><ent r="3" t="82" w="55" /><ent r="3" t="93" w="35" /><ent r="4" t="166" w="199" /><ent r="3" t="300" w="40" /><ent r="6" t="300" w="99" /></phr><phr n="Processing"><ent r="1000" t="32" w="2" /><ent r="102" t="32" w="5" /></phr><phr n="processing"><ent r="3" t="32" w="9" /><ent r="3" t="68" w="182" /><ent r="4" t="105" w="62" /><ent r="3" t="127" w="88" /><ent r="4" t="164" w="113" /><ent r="4" t="164" w="122" /><ent r="3" t="165" w="73" /><ent r="4" t="165" w="220" /><ent r="3" t="166" w="31" /><ent r="3" t="166" w="35" /><ent r="3" t="167" w="40" /><ent r="4" t="167" w="125" /><ent r="4" t="167" w="145" /><ent r="3" t="174" w="215" /><ent r="3" t="245" w="85" /></phr><phr n="Process"><ent r="1000" t="37" w="4" /><ent r="102" t="37" w="9" /><ent r="92" t="285" w="300" /></phr></stem><stem n="lack"><phr n="lack"><ent r="3" t="2" w="444" /></phr></stem><stem n="caus"><phr n="cause"><ent r="3" t="2" w="450" /><ent r="3" t="67" w="71" /><ent r="3" t="126" w="158" /><ent r="3" t="126" w="168" /><ent r="3" t="127" w="40" /><ent r="3" t="153" w="104" /><ent r="3" t="188" w="183" /><ent r="4" t="263" w="557" /><ent r="4" t="263" w="563" /><ent r="4" t="263" w="609" /><ent r="4" t="263" w="622" /><ent r="3" t="275" w="560" /></phr><phr n="causing"><ent r="3" t="3" w="29" /></phr><phr n="causes"><ent r="3" t="176" w="219" /></phr></stem><stem n="instead"><phr n="instead"><ent r="3" t="2" w="458" /><ent r="3" t="2" w="531" /><ent r="4" t="17" w="45" /><ent r="4" t="18" w="40" /><ent r="3" t="18" w="92" /><ent r="4" t="19" w="44" /><ent r="4" t="20" w="44" /><ent r="4" t="21" w="42" /><ent r="4" t="22" w="46" /><ent r="3" t="49" w="33" /><ent r="3" t="51" w="118" /><ent r="5" t="52" w="69" /><ent r="4" t="53" w="107" /><ent r="4" t="53" w="721" /><ent r="3" t="109" w="234" /><ent r="4" t="125" w="130" /><ent r="3" t="147" w="44" /><ent r="3" t="155" w="43" /><ent r="3" t="161" w="52" /><ent r="6" t="173" w="218" /><ent r="3" t="184" w="60" /><ent r="6" t="209" w="255" /><ent r="3" t="226" w="39" /><ent r="3" t="244" w="49" /><ent r="5" t="244" w="168" /><ent r="5" t="244" w="248" /><ent r="3" t="252" w="55" /><ent r="3" t="253" w="46" /><ent r="5" t="253" w="104" /><ent r="5" t="253" w="227" /><ent r="3" t="261" w="125" /><ent r="3" t="268" w="330" /><ent r="3" t="292" w="162" /><ent r="3" t="303" w="234" /><ent r="4" t="308" w="133" /></phr><phr n="Instead"><ent r="3" t="28" w="1070" /><ent r="3" t="41" w="158" /><ent r="3" t="115" w="93" /><ent r="3" t="121" w="50" /><ent r="3" t="166" w="19" /><ent r="3" t="179" w="457" /><ent r="3" t="197" w="25" /><ent r="2" t="198" w="27" /><ent r="3" t="227" w="361" /><ent r="3" t="227" w="415" /><ent r="3" t="235" w="292" /><ent r="3" t="252" w="66" /><ent r="3" t="291" w="47" /></phr></stem><stem n="fundament"><phr n="fundamental"><ent r="3" t="2" w="471" /><ent r="3" t="23" w="205" /><ent r="3" t="126" w="23" /></phr></stem><stem n="so"><phr n="So"><ent r="3" t="2" w="477" /><ent r="3" t="15" w="629" /><ent r="3" t="38" w="35" /><ent r="3" t="39" w="386" /><ent r="3" t="41" w="149" /><ent r="3" t="45" w="340" /><ent r="3" t="64" w="22" /><ent r="3" t="66" w="574" /><ent r="3" t="96" w="667" /><ent r="4" t="96" w="960" /><ent r="3" t="109" w="243" /><ent r="3" t="133" w="74" /><ent r="4" t="140" w="343" /><ent r="3" t="149" w="41" /><ent r="3" t="156" w="120" /><ent r="3" t="227" w="390" /><ent r="3" t="232" w="156" /><ent r="3" t="248" w="151" /><ent r="3" t="249" w="108" /><ent r="3" t="249" w="196" /><ent r="3" t="253" w="307" /><ent r="3" t="255" w="81" /><ent r="3" t="258" w="36" /><ent r="3" t="259" w="45" /><ent r="3" t="275" w="430" /><ent r="4" t="278" w="178" /></phr><phr n="so"><ent r="3" t="7" w="506" /><ent r="3" t="11" w="113" /><ent r="3" t="22" w="265" /><ent r="3" t="31" w="1462" /><ent r="3" t="37" w="17" /><ent r="3" t="41" w="51" /><ent r="3" t="41" w="54" /><ent r="3" t="44" w="48" /><ent r="5" t="46" w="77" /><ent r="5" t="46" w="208" /><ent r="3" t="62" w="73" /><ent r="5" t="69" w="245" /><ent r="5" t="69" w="306" /><ent r="5" t="69" w="587" /><ent r="5" t="69" w="638" /><ent r="3" t="72" w="128" /><ent r="3" t="90" w="183" /><ent r="3" t="112" w="1164" /><ent r="3" t="130" w="36" /><ent r="3" t="133" w="105" /><ent r="3" t="152" w="59" /><ent r="4" t="166" w="232" /><ent r="4" t="238" w="213" /><ent r="4" t="238" w="388" /><ent r="3" t="240" w="1002" /><ent r="3" t="243" w="140" /><ent r="3" t="244" w="400" /><ent r="3" t="244" w="440" /><ent r="3" t="246" w="164" /><ent r="5" t="248" w="181" /><ent r="5" t="248" w="242" /><ent r="5" t="249" w="221" /><ent r="5" t="249" w="272" /><ent r="3" t="250" w="233" /><ent r="3" t="251" w="419" /><ent r="5" t="275" w="185" /><ent r="5" t="275" w="316" /><ent r="3" t="292" w="113" /><ent r="3" t="293" w="131" /><ent r="3" t="294" w="129" /><ent r="3" t="297" w="612" /></phr></stem><stem n="suffer"><phr n="suffer"><ent r="3" t="2" w="488" /></phr></stem><stem n="-m"><phr n="-M"><ent r="3" t="2" w="495" /><ent r="3" t="2" w="495" /></phr></stem><stem n="m"><phr n="M"><ent r="3" t="2" w="495" /><ent r="3" t="2" w="496" /></phr><phr n="m"><ent r="5" t="31" w="169" /><ent r="5" t="31" w="261" /><ent r="5" t="31" w="431" /><ent r="5" t="31" w="436" /><ent r="5" t="31" w="529" /><ent r="5" t="31" w="605" /><ent r="5" t="31" w="677" /><ent r="5" t="31" w="763" /><ent r="5" t="31" w="830" /><ent r="5" t="31" w="1074" /><ent r="5" t="31" w="1079" /><ent r="5" t="31" w="1181" /><ent r="5" t="31" w="1246" /><ent r="5" t="31" w="1345" /><ent r="5" t="31" w="1412" /><ent r="5" t="31" w="1417" /><ent r="5" t="31" w="1520" /><ent r="5" t="31" w="1596" /><ent r="4" t="42" w="156" /><ent r="4" t="42" w="165" /><ent r="4" t="42" w="187" /><ent r="4" t="42" w="189" /><ent r="4" t="42" w="194" /><ent r="4" t="42" w="228" /><ent r="4" t="42" w="234" /><ent r="4" t="42" w="258" /><ent r="4" t="42" w="285" /><ent r="4" t="49" w="382" /><ent r="4" t="49" w="586" /><ent r="4" t="49" w="613" /><ent r="4" t="49" w="642" /><ent r="4" t="49" w="671" /><ent r="4" t="49" w="680" /><ent r="4" t="49" w="865" /><ent r="4" t="49" w="886" /><ent r="4" t="52" w="188" /><ent r="4" t="52" w="219" /><ent r="4" t="52" w="250" /><ent r="4" t="59" w="142" /><ent r="4" t="99" w="162" /><ent r="4" t="99" w="183" /><ent r="4" t="99" w="201" /><ent r="4" t="112" w="727" /><ent r="4" t="112" w="738" /><ent r="4" t="112" w="749" /><ent r="4" t="112" w="792" /><ent r="4" t="112" w="798" /><ent r="4" t="112" w="804" /><ent r="4" t="112" w="828" /><ent r="4" t="112" w="855" /><ent r="4" t="112" w="882" /><ent r="4" t="112" w="945" /><ent r="4" t="112" w="947" /><ent r="4" t="112" w="953" /><ent r="4" t="112" w="955" /><ent r="4" t="112" w="961" /><ent r="4" t="112" w="963" /><ent r="4" t="112" w="1077" /><ent r="4" t="112" w="1085" /><ent r="4" t="112" w="1093" /><ent r="4" t="112" w="1129" /><ent r="4" t="112" w="1131" /><ent r="4" t="112" w="1133" /><ent r="4" t="121" w="191" /><ent r="4" t="223" w="172" /><ent r="4" t="240" w="446" /><ent r="4" t="240" w="469" /><ent r="4" t="240" w="1087" /><ent r="4" t="240" w="1117" /><ent r="4" t="240" w="1124" /><ent r="4" t="240" w="1157" /><ent r="4" t="240" w="1164" /><ent r="4" t="251" w="95" /><ent r="4" t="251" w="116" /><ent r="4" t="251" w="134" /><ent r="4" t="263" w="155" /><ent r="4" t="263" w="179" /><ent r="4" t="263" w="197" /></phr></stem><stem n="m-m"><phr n="M-M"><ent r="3" t="2" w="495" /></phr></stem><stem n="just"><phr n="just"><ent r="3" t="2" w="501" /><ent r="3" t="8" w="39" /><ent r="3" t="13" w="55" /><ent r="3" t="14" w="1210" /><ent r="3" t="18" w="657" /><ent r="3" t="28" w="364" /><ent r="3" t="28" w="888" /><ent r="3" t="28" w="906" /><ent r="4" t="33" w="173" /><ent r="4" t="33" w="184" /><ent r="3" t="38" w="446" /><ent r="3" t="44" w="21" /><ent r="3" t="44" w="77" /><ent r="4" t="50" w="774" /><ent r="4" t="50" w="858" /><ent r="3" t="64" w="24" /><ent r="3" t="77" w="26" /><ent r="3" t="90" w="227" /><ent r="3" t="100" w="33" /><ent r="3" t="102" w="20" /><ent r="3" t="102" w="23" /><ent r="3" t="105" w="158" /><ent r="3" t="109" w="220" /><ent r="3" t="111" w="14" /><ent r="3" t="111" w="75" /><ent r="4" t="113" w="65" /><ent r="3" t="117" w="305" /><ent r="3" t="117" w="445" /><ent r="3" t="169" w="211" /><ent r="3" t="174" w="239" /><ent r="3" t="188" w="530" /><ent r="3" t="231" w="98" /><ent r="3" t="268" w="117" /><ent r="3" t="271" w="35" /><ent r="3" t="272" w="99" /><ent r="3" t="290" w="18" /><ent r="3" t="292" w="110" /></phr><phr n="Just"><ent r="3" t="34" w="201" /><ent r="5" t="49" w="1108" /><ent r="5" t="49" w="1256" /><ent r="5" t="50" w="1004" /><ent r="4" t="50" w="1019" /><ent r="5" t="50" w="1065" /><ent r="4" t="50" w="1080" /><ent r="3" t="55" w="209" /><ent r="3" t="240" w="648" /><ent r="3" t="260" w="174" /><ent r="3" t="315" w="93" /></phr></stem><stem n="immedi"><phr n="immediately"><ent r="3" t="2" w="504" /><ent r="3" t="93" w="37" /><ent r="3" t="126" w="109" /><ent r="3" t="126" w="184" /><ent r="4" t="164" w="87" /><ent r="3" t="166" w="55" /><ent r="3" t="174" w="70" /><ent r="3" t="206" w="31" /><ent r="3" t="238" w="244" /><ent r="3" t="238" w="293" /><ent r="4" t="242" w="96" /></phr><phr n="immediate"><ent r="3" t="4" w="491" /></phr><phr n="Immediate"><ent r="65" t="164" w="78" /><ent r="4" t="164" w="140" /><ent r="4" t="164" w="169" /><ent r="1000" t="165" w="1" /><ent r="102" t="165" w="4" /><ent r="3" t="167" w="80" /></phr></stem><stem n="request"><phr n="requesting"><ent r="3" t="2" w="508" /></phr><phr n="requests"><ent r="3" t="2" w="524" /><ent r="3" t="66" w="40" /><ent r="3" t="197" w="31" /><ent r="2" t="198" w="33" /><ent r="3" t="200" w="30" /><ent r="3" t="246" w="115" /><ent r="3" t="246" w="127" /><ent r="3" t="255" w="40" /><ent r="3" t="255" w="88" /><ent r="3" t="257" w="28" /><ent r="3" t="257" w="393" /><ent r="3" t="260" w="138" /></phr><phr n="request"><ent r="5" t="34" w="568" /><ent r="5" t="34" w="631" /><ent r="5" t="66" w="182" /><ent r="5" t="66" w="245" /><ent r="3" t="73" w="193" /><ent r="3" t="76" w="43" /><ent r="3" t="142" w="99" /><ent r="3" t="166" w="142" /><ent r="5" t="229" w="114" /><ent r="5" t="229" w="177" /><ent r="3" t="233" w="302" /><ent r="64" t="243" w="354" /><ent r="3" t="243" w="357" /><ent r="3" t="243" w="373" /><ent r="3" t="243" w="376" /><ent r="3" t="255" w="49" /><ent r="3" t="255" w="80" /><ent r="3" t="255" w="150" /><ent r="3" t="256" w="21" /><ent r="3" t="256" w="29" /><ent r="3" t="256" w="57" /><ent r="5" t="256" w="115" /><ent r="5" t="256" w="178" /><ent r="5" t="256" w="264" /><ent r="5" t="256" w="327" /><ent r="3" t="257" w="23" /><ent r="3" t="257" w="412" /><ent r="3" t="257" w="415" /><ent r="3" t="257" w="430" /><ent r="4" t="257" w="508" /><ent r="3" t="257" w="526" /><ent r="3" t="257" w="592" /><ent r="64" t="260" w="85" /><ent r="3" t="260" w="96" /><ent r="3" t="260" w="100" /><ent r="3" t="260" w="116" /><ent r="3" t="260" w="177" /><ent r="3" t="265" w="414" /><ent r="3" t="265" w="430" /><ent r="64" t="265" w="446" /><ent r="5" t="265" w="542" /><ent r="5" t="265" w="574" /></phr><phr n="Request"><ent r="64" t="255" w="155" /><ent r="100" t="256" w="7" /><ent r="1000" t="257" w="3" /><ent r="102" t="257" w="8" /></phr></stem><stem n="thread"><phr n="thread"><ent r="3" t="2" w="509" /><ent r="3" t="68" w="176" /><ent r="3" t="101" w="330" /><ent r="4" t="102" w="156" /><ent r="3" t="174" w="54" /><ent r="3" t="207" w="112" /><ent r="3" t="232" w="380" /><ent r="4" t="238" w="227" /><ent r="3" t="238" w="273" /><ent r="3" t="238" w="292" /><ent r="3" t="243" w="120" /><ent r="3" t="243" w="295" /><ent r="3" t="243" w="304" /></phr><phr n="threaded"><ent r="3" t="6" w="52" /><ent r="6" t="202" w="115" /><ent r="3" t="207" w="17" /><ent r="4" t="207" w="51" /><ent r="4" t="207" w="78" /><ent r="3" t="207" w="135" /><ent r="3" t="282" w="75" /></phr><phr n="Threads"><ent r="92" t="73" w="41" /><ent r="64" t="73" w="290" /><ent r="1000" t="74" w="6" /><ent r="102" t="74" w="17" /></phr><phr n="threads"><ent r="4" t="73" w="70" /><ent r="3" t="73" w="78" /><ent r="3" t="73" w="96" /><ent r="3" t="73" w="255" /><ent r="3" t="73" w="275" /><ent r="3" t="74" w="28" /><ent r="3" t="74" w="38" /><ent r="3" t="76" w="32" /><ent r="3" t="207" w="29" /><ent r="3" t="207" w="97" /><ent r="3" t="243" w="308" /></phr><phr n="Thread"><ent r="4" t="106" w="347" /><ent r="4" t="106" w="373" /></phr><phr n="Threaded"><ent r="1000" t="207" w="2" /><ent r="102" t="207" w="6" /></phr><phr n="Threading"><ent r="3" t="276" w="189" /></phr></stem></index>