﻿<?xml version="1.0" encoding="utf-8"?><index><stem n=".newserverconfiguration()"><phr n=".NewServerConfiguration()"><ent r="4" t="142" w="270" /><ent r="4" t="225" w="108" /><ent r="4" t="236" w="330" /><ent r="5" t="237" w="206" /></phr></stem><stem n="client-configur"><phr n="Client-Configuration"><ent r="92" t="142" w="304" /></phr><phr n="client-configuration"><ent r="3" t="195" w="12" /></phr></stem><stem n="iclientconfigur"><phr n="IClientConfiguration"><ent r="4" t="142" w="330" /><ent r="4" t="142" w="375" /><ent r="4" t="197" w="95" /><ent r="4" t="197" w="122" /><ent r="4" t="198" w="94" /><ent r="4" t="198" w="122" /><ent r="4" t="199" w="35" /><ent r="4" t="199" w="62" /><ent r="4" t="201" w="22" /><ent r="4" t="201" w="50" /><ent r="4" t="203" w="28" /><ent r="4" t="203" w="59" /><ent r="4" t="204" w="40" /><ent r="4" t="204" w="76" /><ent r="4" t="206" w="81" /><ent r="4" t="206" w="111" /><ent r="4" t="207" w="37" /><ent r="4" t="207" w="66" /><ent r="4" t="208" w="22" /><ent r="4" t="208" w="53" /><ent r="4" t="236" w="536" /><ent r="4" t="236" w="570" /><ent r="5" t="237" w="278" /><ent r="5" t="237" w="311" /></phr></stem><stem n="db4oclientserver.newclientconfigur"><phr n="Db4oClientServer.NewClientConfiguration"><ent r="4" t="142" w="333" /><ent r="4" t="142" w="332" /><ent r="4" t="142" w="377" /><ent r="4" t="142" w="376" /><ent r="4" t="197" w="98" /><ent r="4" t="197" w="97" /><ent r="4" t="197" w="124" /><ent r="4" t="197" w="123" /><ent r="4" t="198" w="97" /><ent r="4" t="198" w="96" /><ent r="4" t="198" w="124" /><ent r="4" t="198" w="123" /><ent r="4" t="199" w="38" /><ent r="4" t="199" w="37" /><ent r="4" t="199" w="64" /><ent r="4" t="199" w="63" /><ent r="4" t="201" w="25" /><ent r="4" t="201" w="24" /><ent r="4" t="201" w="52" /><ent r="4" t="201" w="51" /><ent r="4" t="203" w="31" /><ent r="4" t="203" w="30" /><ent r="4" t="203" w="61" /><ent r="4" t="203" w="60" /><ent r="4" t="204" w="43" /><ent r="4" t="204" w="42" /><ent r="4" t="204" w="78" /><ent r="4" t="204" w="77" /><ent r="4" t="206" w="84" /><ent r="4" t="206" w="83" /><ent r="4" t="206" w="113" /><ent r="4" t="206" w="112" /><ent r="4" t="207" w="40" /><ent r="4" t="207" w="39" /><ent r="4" t="207" w="68" /><ent r="4" t="207" w="67" /><ent r="4" t="208" w="25" /><ent r="4" t="208" w="24" /><ent r="4" t="208" w="55" /><ent r="4" t="208" w="54" /><ent r="4" t="236" w="539" /><ent r="4" t="236" w="538" /><ent r="4" t="236" w="572" /><ent r="4" t="236" w="571" /><ent r="5" t="237" w="281" /><ent r="5" t="237" w="280" /><ent r="5" t="237" w="313" /><ent r="5" t="237" w="312" /></phr></stem><stem n="newclientconfigur"><phr n="NewClientConfiguration"><ent r="4" t="142" w="333" /><ent r="4" t="142" w="377" /><ent r="4" t="197" w="98" /><ent r="4" t="197" w="124" /><ent r="4" t="198" w="97" /><ent r="4" t="198" w="124" /><ent r="4" t="199" w="38" /><ent r="4" t="199" w="64" /><ent r="4" t="201" w="25" /><ent r="4" t="201" w="52" /><ent r="4" t="203" w="31" /><ent r="4" t="203" w="61" /><ent r="4" t="204" w="43" /><ent r="4" t="204" w="78" /><ent r="4" t="206" w="84" /><ent r="4" t="206" w="113" /><ent r="4" t="207" w="40" /><ent r="4" t="207" w="68" /><ent r="4" t="208" w="25" /><ent r="4" t="208" w="55" /><ent r="4" t="236" w="539" /><ent r="4" t="236" w="572" /><ent r="5" t="237" w="281" /><ent r="5" t="237" w="313" /></phr></stem><stem n=".newclientconfiguration();"><phr n=".NewClientConfiguration();"><ent r="4" t="142" w="334" /><ent r="4" t="197" w="99" /><ent r="4" t="198" w="98" /><ent r="4" t="199" w="39" /><ent r="4" t="201" w="26" /><ent r="4" t="203" w="32" /><ent r="4" t="204" w="44" /><ent r="4" t="206" w="85" /><ent r="4" t="207" w="41" /><ent r="4" t="208" w="26" /><ent r="4" t="236" w="540" /><ent r="5" t="237" w="282" /></phr></stem><stem n=".openclient(configuration,"><phr n=".OpenClient(configuration,"><ent r="4" t="142" w="344" /><ent r="4" t="142" w="393" /><ent r="4" t="236" w="755" /><ent r="4" t="236" w="809" /></phr></stem><stem n="&quot;user&quot;"><phr n="&quot;user&quot;"><ent r="5" t="142" w="350" /><ent r="5" t="142" w="399" /><ent r="5" t="226" w="170" /><ent r="5" t="226" w="213" /><ent r="5" t="226" w="300" /><ent r="5" t="226" w="340" /></phr></stem><stem n="pwd"><phr n="pwd"><ent r="5" t="142" w="352" /><ent r="5" t="142" w="401" /></phr></stem><stem n="&quot;pwd&quot;"><phr n="&quot;pwd&quot;"><ent r="5" t="142" w="353" /><ent r="5" t="142" w="402" /></phr></stem><stem n=".newclientconfiguration()"><phr n=".NewClientConfiguration()"><ent r="4" t="142" w="378" /><ent r="4" t="197" w="125" /><ent r="4" t="198" w="125" /><ent r="4" t="199" w="65" /><ent r="4" t="201" w="53" /><ent r="4" t="203" w="62" /><ent r="4" t="204" w="79" /><ent r="4" t="206" w="114" /><ent r="4" t="207" w="69" /><ent r="4" t="208" w="56" /><ent r="4" t="236" w="573" /><ent r="5" t="237" w="314" /></phr></stem><stem n="/server-mod"><phr n="/Server-Mode"><ent r="92" t="142" w="453" /></phr><phr n="/server-mode"><ent r="3" t="232" w="34" /></phr></stem><stem n="configuration-set"><phr n="Configuration-Settings"><ent r="92" t="142" w="513" /></phr><phr n="configuration-settings"><ent r="3" t="142" w="518" /><ent r="3" t="143" w="54" /><ent r="3" t="173" w="17" /><ent r="3" t="173" w="66" /><ent r="3" t="202" w="68" /><ent r="3" t="209" w="157" /></phr><phr n="configuration-setting"><ent r="3" t="176" w="89" /></phr></stem><stem n="-client,"><phr n="-client,"><ent r="3" t="142" w="525" /><ent r="3" t="142" w="525" /></phr></stem><stem n="&quot;common"><phr n="&quot;Common"><ent r="64" t="142" w="535" /><ent r="64" t="143" w="457" /></phr></stem><stem n=":common"><phr n=":Common"><ent r="100" t="143" w="5" /></phr></stem><stem n="common-configur"><phr n="common-configuration"><ent r="3" t="143" w="12" /><ent r="3" t="143" w="433" /><ent r="64" t="282" w="414" /></phr></stem><stem n="embedded-"><phr n="embedded-"><ent r="3" t="143" w="17" /><ent r="3" t="224" w="14" /></phr></stem><stem n="client-"><phr n="client-"><ent r="3" t="143" w="19" /><ent r="3" t="202" w="17" /></phr></stem><stem n="-mode"><phr n="-mode"><ent r="3" t="143" w="23" /><ent r="3" t="143" w="23" /><ent r="3" t="202" w="21" /><ent r="3" t="202" w="21" /><ent r="3" t="209" w="66" /><ent r="3" t="209" w="66" /><ent r="3" t="223" w="35" /><ent r="3" t="223" w="35" /><ent r="3" t="224" w="18" /><ent r="3" t="224" w="18" /></phr><phr n="-Mode"><ent r="1000" t="232" w="4" /><ent r="1000" t="232" w="4" /><ent r="102" t="232" w="10" /><ent r="102" t="232" w="10" /></phr></stem><stem n="common-"><phr n="common-"><ent r="3" t="143" w="35" /></phr></stem><stem n="configuration-object"><phr n="configuration-object"><ent r="3" t="143" w="42" /><ent r="3" t="173" w="54" /><ent r="3" t="202" w="40" /><ent r="3" t="224" w="46" /></phr></stem><stem n="/s"><phr n="/S"><ent r="68" t="143" w="66" /><ent r="66" t="167" w="185" /></phr></stem><stem n="c/"><phr n="C/S"><ent r="68" t="143" w="66" /><ent r="68" t="143" w="65" /><ent r="66" t="167" w="185" /><ent r="66" t="167" w="184" /></phr></stem><stem n="activationdepth"><phr n="ActivationDepth"><ent r="68" t="143" w="113" /><ent r="4" t="145" w="58" /><ent r="4" t="145" w="84" /></phr></stem><stem n="alias"><phr n="Aliases"><ent r="68" t="143" w="123" /><ent r="1000" t="147" w="1" /><ent r="102" t="147" w="3" /><ent r="3" t="147" w="5" /><ent r="92" t="147" w="51" /><ent r="64" t="277" w="269" /></phr><phr n="aliases"><ent r="6" t="143" w="126" /><ent r="3" t="147" w="56" /><ent r="3" t="147" w="74" /><ent r="3" t="147" w="228" /><ent r="4" t="147" w="325" /><ent r="4" t="147" w="403" /></phr><phr n="aliasing"><ent r="65" t="259" w="111" /><ent r="64" t="277" w="81" /></phr></stem><stem n="package-nam"><phr n="package-names"><ent r="6" t="143" w="130" /></phr></stem><stem n="-names."><phr n="-names."><ent r="6" t="143" w="132" /><ent r="6" t="143" w="132" /></phr></stem><stem n="allowversionupd"><phr n="AllowVersionUpdates"><ent r="68" t="143" w="135" /><ent r="4" t="148" w="75" /><ent r="4" t="148" w="123" /></phr></stem><stem n="/disallow"><phr n="/Disallow"><ent r="6" t="143" w="138" /></phr></stem><stem n="allow/disallow"><phr n="Allow/Disallow"><ent r="6" t="143" w="138" /><ent r="6" t="143" w="137" /></phr></stem><stem n="disallow"><phr n="Disallow"><ent r="6" t="143" w="138" /></phr></stem><stem n="database-format"><phr n="database-format"><ent r="6" t="143" w="142" /><ent r="4" t="148" w="103" /><ent r="4" t="148" w="155" /></phr></stem><stem n="-format."><phr n="-format."><ent r="6" t="143" w="144" /><ent r="6" t="143" w="144" /></phr></stem><stem n="automaticshutdown"><phr n="AutomaticShutDown"><ent r="68" t="143" w="148" /><ent r="4" t="149" w="84" /><ent r="4" t="149" w="112" /></phr></stem><stem n="btreenodes"><phr n="BTreeNodeSize"><ent r="68" t="143" w="160" /><ent r="4" t="150" w="189" /><ent r="4" t="150" w="217" /></phr></stem><stem n="-tree-nod"><phr n="-tree-node"><ent r="6" t="143" w="167" /><ent r="6" t="143" w="168" /></phr></stem><stem n="b-tree-nod"><phr n="B-tree-node"><ent r="6" t="143" w="167" /></phr></stem><stem n="tree-nod"><phr n="tree-node"><ent r="6" t="143" w="168" /></phr></stem><stem n="-callback"><phr n="-callbacks"><ent r="6" t="143" w="182" /><ent r="6" t="143" w="182" /><ent r="64" t="207" w="129" /><ent r="64" t="207" w="129" /></phr></stem><stem n="object-callback"><phr n="object-callbacks"><ent r="6" t="143" w="182" /></phr></stem><stem n="callconstructor"><phr n="CallConstructors"><ent r="68" t="143" w="190" /><ent r="4" t="152" w="95" /><ent r="4" t="152" w="122" /></phr><phr n="CallConstructor"><ent r="4" t="152" w="172" /><ent r="4" t="152" w="204" /><ent r="68" t="209" w="164" /><ent r="4" t="210" w="70" /><ent r="4" t="210" w="102" /></phr></stem><stem n="detectschemachang"><phr n="DetectSchemaChanges"><ent r="68" t="143" w="203" /><ent r="4" t="153" w="116" /><ent r="4" t="153" w="144" /></phr></stem><stem n="/enabl"><phr n="/Enable"><ent r="6" t="143" w="206" /></phr></stem><stem n="disable/en"><phr n="Disable/Enable"><ent r="6" t="143" w="206" /><ent r="6" t="143" w="205" /></phr></stem><stem n="diagnostic-listen"><phr n="diagnostic-listeners"><ent r="6" t="143" w="216" /></phr></stem><stem n="-listeners."><phr n="-listeners."><ent r="6" t="143" w="218" /><ent r="6" t="143" w="218" /></phr></stem><stem n="exceptionsonnotstor"><phr n="ExceptionsOnNotStorable"><ent r="68" t="143" w="221" /><ent r="4" t="155" w="55" /><ent r="4" t="155" w="86" /></phr></stem><stem n="/disabl"><phr n="/Disable"><ent r="6" t="143" w="224" /><ent r="6" t="202" w="78" /></phr><phr n="/disable"><ent r="6" t="143" w="407" /><ent r="6" t="173" w="225" /></phr></stem><stem n="enable/dis"><phr n="Enable/Disable"><ent r="6" t="143" w="224" /><ent r="6" t="143" w="223" /><ent r="6" t="202" w="78" /><ent r="6" t="202" w="77" /></phr><phr n="Enable/disable"><ent r="6" t="143" w="407" /><ent r="6" t="143" w="406" /><ent r="6" t="173" w="225" /><ent r="6" t="173" w="224" /></phr></stem><stem n="internstr"><phr n="InternStrings"><ent r="68" t="143" w="233" /><ent r="4" t="156" w="35" /><ent r="4" t="156" w="62" /></phr></stem><stem n="intern-method"><phr n="intern-method"><ent r="6" t="143" w="238" /></phr></stem><stem n="marktransi"><phr n="MarkTransient"><ent r="68" t="143" w="247" /><ent r="4" t="157" w="48" /><ent r="4" t="157" w="80" /></phr></stem><stem n="messagelevel"><phr n="MessageLevel"><ent r="68" t="143" w="262" /><ent r="4" t="158" w="59" /><ent r="4" t="158" w="86" /></phr></stem><stem n="-messag"><phr n="-message"><ent r="6" t="143" w="266" /><ent r="6" t="143" w="266" /></phr><phr n="-messages"><ent r="3" t="158" w="12" /><ent r="3" t="158" w="12" /></phr></stem><stem n="logging-messag"><phr n="logging-message"><ent r="6" t="143" w="266" /></phr></stem><stem n="nameprovid"><phr n="NameProvider"><ent r="68" t="143" w="272" /><ent r="4" t="160" w="32" /><ent r="4" t="160" w="65" /></phr></stem><stem n="maxstacks"><phr n="MaxStackSize"><ent r="68" t="143" w="285" /></phr></stem><stem n="class-specif"><phr n="class-specific"><ent r="6" t="143" w="304" /></phr></stem><stem n="optimizenativequeri"><phr n="OptimizeNativeQueries"><ent r="68" t="143" w="310" /><ent r="4" t="161" w="66" /><ent r="4" t="161" w="97" /></phr></stem><stem n="outstream"><phr n="OutStream"><ent r="68" t="143" w="319" /><ent r="4" t="163" w="43" /><ent r="4" t="163" w="71" /></phr></stem><stem n="stringencod"><phr n="StringEncoding"><ent r="68" t="143" w="356" /><ent r="4" t="169" w="155" /><ent r="4" t="169" w="183" /></phr><phr n="StringEncodings"><ent r="4" t="169" w="156" /><ent r="4" t="169" w="184" /></phr></stem><stem n="-encoding."><phr n="-encoding."><ent r="6" t="143" w="362" /><ent r="6" t="143" w="362" /></phr></stem><stem n="testconstructor"><phr n="TestConstructors"><ent r="68" t="143" w="367" /><ent r="4" t="170" w="75" /><ent r="4" t="170" w="105" /></phr></stem><stem n="weakreferencecollectioninterv"><phr n="WeakReferenceCollectionInterval"><ent r="68" t="143" w="388" /><ent r="4" t="171" w="50" /><ent r="4" t="171" w="79" /></phr></stem><stem n="cleanup"><phr n="cleanup"><ent r="6" t="143" w="394" /></phr></stem><stem n="millisecond"><phr n="milliseconds"><ent r="6" t="143" w="400" /><ent r="5" t="235" w="110" /><ent r="5" t="235" w="191" /></phr></stem><stem n="weakrefer"><phr n="WeakReferences"><ent r="68" t="143" w="404" /><ent r="4" t="172" w="67" /><ent r="4" t="172" w="95" /></phr></stem><stem n="free-space-manag"><phr n="free-space-manager"><ent r="3" t="144" w="73" /></phr></stem><stem n="space-manag"><phr n="space-manager"><ent r="3" t="144" w="74" /></phr></stem><stem n="-space-manager."><phr n="-space-manager."><ent r="3" t="144" w="76" /><ent r="3" t="144" w="77" /></phr></stem><stem n="&quot;runtim"><phr n="&quot;Runtime"><ent r="64" t="144" w="78" /><ent r="64" t="144" w="94" /><ent r="64" t="144" w="108" /><ent r="64" t="144" w="124" /><ent r="64" t="144" w="138" /><ent r="64" t="144" w="151" /><ent r="64" t="144" w="166" /><ent r="65" t="280" w="41" /></phr></stem><stem n="-activ"><phr n="-activity"><ent r="3" t="144" w="88" /><ent r="3" t="144" w="88" /></phr></stem><stem n="io-act"><phr n="IO-activity"><ent r="3" t="144" w="88" /></phr></stem><stem n=".common.activationdepth"><phr n=".Common.ActivationDepth"><ent r="4" t="145" w="58" /><ent r="4" t="145" w="84" /></phr></stem><stem n="configuration.common.activationdepth"><phr n="configuration.Common.ActivationDepth"><ent r="4" t="145" w="58" /><ent r="4" t="145" w="56" /><ent r="4" t="145" w="84" /><ent r="4" t="145" w="82" /></phr></stem><stem n="face"><phr n="face"><ent r="3" t="145" w="114" /><ent r="2" t="238" w="17" /></phr></stem><stem n="balanc"><phr n="balance"><ent r="3" t="145" w="136" /><ent r="3" t="164" w="67" /></phr></stem><stem n="&quot;objectclass"><phr n="&quot;ObjectClass"><ent r="64" t="145" w="173" /><ent r="64" t="146" w="206" /></phr></stem><stem n="minimumactivationdepth"><phr n="MinimumActivationDepth"><ent r="4" t="145" w="187" /><ent r="4" t="145" w="219" /><ent r="4" t="217" w="56" /><ent r="4" t="217" w="88" /></phr></stem><stem n="(person)).minimumactivationdepth(2);"><phr n="(Person)).MinimumActivationDepth(2);"><ent r="4" t="145" w="189" /><ent r="4" t="217" w="58" /></phr></stem><stem n="(person)).minimumactivationdepth(2)"><phr n="(Person)).MinimumActivationDepth(2)"><ent r="4" t="145" w="221" /><ent r="4" t="217" w="90" /></phr></stem><stem n="configuration.common.updatedepth"><phr n="configuration.Common.UpdateDepth"><ent r="4" t="146" w="90" /><ent r="4" t="146" w="88" /><ent r="4" t="146" w="117" /><ent r="4" t="146" w="115" /></phr></stem><stem n="(person)).updatedepth(2);"><phr n="(Person)).UpdateDepth(2);"><ent r="4" t="146" w="222" /><ent r="4" t="222" w="71" /></phr></stem><stem n="(person)).updatedepth(2)"><phr n="(Person)).UpdateDepth(2)"><ent r="4" t="146" w="254" /><ent r="4" t="222" w="103" /></phr></stem><stem n="alias-nam"><phr n="alias-name"><ent r="3" t="147" w="40" /></phr></stem><stem n="typealia"><phr n="TypeAlias"><ent r="4" t="147" w="86" /><ent r="3" t="147" w="249" /><ent r="4" t="147" w="269" /><ent r="4" t="147" w="347" /><ent r="5" t="277" w="172" /><ent r="5" t="277" w="223" /></phr></stem><stem n="wildcardalia"><phr n="WildCardAlias"><ent r="4" t="147" w="98" /><ent r="3" t="147" w="253" /></phr><phr n="WildcardAlias"><ent r="4" t="147" w="302" /><ent r="4" t="147" w="380" /></phr></stem><stem n="wildcard"><phr n="wildcard"><ent r="4" t="147" w="116" /><ent r="3" t="289" w="219" /></phr></stem><stem n="(the"><phr n="(The"><ent r="4" t="147" w="120" /></phr><phr n="(the"><ent r="3" t="240" w="91" /><ent r="3" t="240" w="97" /><ent r="3" t="240" w="315" /><ent r="3" t="240" w="321" /></phr></stem><stem n="charact"><phr n="character"><ent r="4" t="147" w="121" /><ent r="3" t="169" w="54" /><ent r="3" t="169" w="64" /><ent r="3" t="169" w="82" /><ent r="3" t="169" w="105" /></phr></stem><stem n="*-character)"><phr n="*-character)"><ent r="4" t="147" w="122" /></phr></stem><stem n="alias-interfac"><phr n="Alias-interface"><ent r="4" t="147" w="129" /></phr></stem><stem n="types-nam"><phr n="types-names"><ent r="64" t="147" w="177" /></phr></stem><stem n="assembly-nam"><phr n="assembly-name"><ent r="3" t="147" w="187" /><ent r="64" t="273" w="118" /></phr></stem><stem n="-name."><phr n="-name."><ent r="3" t="147" w="189" /><ent r="3" t="147" w="189" /><ent r="3" t="298" w="520" /><ent r="3" t="298" w="520" /></phr></stem><stem n="myproject"><phr n="MyProject"><ent r="3" t="147" w="198" /><ent r="3" t="147" w="218" /></phr></stem><stem n="'myproject',"><phr n="'MyProject',"><ent r="3" t="147" w="199" /></phr></stem><stem n="company.project"><phr n="Company.Project"><ent r="3" t="147" w="202" /><ent r="3" t="147" w="201" /><ent r="3" t="147" w="216" /><ent r="3" t="147" w="215" /></phr></stem><stem n="company.project'"><phr n="Company.Project'"><ent r="3" t="147" w="202" /><ent r="3" t="147" w="201" /></phr></stem><stem n="'company.project'"><phr n="'Company.Project'"><ent r="3" t="147" w="203" /></phr></stem><stem n="company.project.person"><phr n="Company.Project.Person"><ent r="3" t="147" w="217" /><ent r="3" t="147" w="215" /></phr></stem><stem n="company.project.person,"><phr n="Company.Project.Person,"><ent r="3" t="147" w="217" /><ent r="3" t="147" w="215" /></phr></stem><stem n="'company.project.person,"><phr n="'Company.Project.Person,"><ent r="3" t="147" w="218" /></phr></stem><stem n="configuration.common.addalia"><phr n="configuration.Common.AddAlias"><ent r="4" t="147" w="265" /><ent r="4" t="147" w="263" /><ent r="4" t="147" w="298" /><ent r="4" t="147" w="296" /><ent r="4" t="147" w="343" /><ent r="4" t="147" w="341" /><ent r="4" t="147" w="376" /><ent r="4" t="147" w="374" /><ent r="5" t="277" w="170" /><ent r="5" t="277" w="168" /><ent r="5" t="277" w="221" /><ent r="5" t="277" w="219" /></phr></stem><stem n="addalia"><phr n="AddAlias"><ent r="4" t="147" w="265" /><ent r="4" t="147" w="298" /><ent r="4" t="147" w="343" /><ent r="4" t="147" w="376" /><ent r="5" t="259" w="154" /><ent r="5" t="259" w="181" /><ent r="5" t="277" w="170" /><ent r="5" t="277" w="221" /></phr></stem><stem n=".common.addalias("><phr n=".Common.AddAlias("><ent r="4" t="147" w="266" /><ent r="4" t="147" w="299" /><ent r="4" t="147" w="344" /><ent r="4" t="147" w="377" /><ent r="5" t="259" w="155" /><ent r="5" t="259" w="182" /></phr></stem><stem n="db4odoc.code.configur"><phr n="Db4oDoc.Code.Configuration"><ent r="5" t="147" w="273" /><ent r="5" t="147" w="271" /><ent r="5" t="147" w="281" /><ent r="5" t="147" w="279" /><ent r="5" t="147" w="306" /><ent r="5" t="147" w="304" /><ent r="5" t="147" w="315" /><ent r="5" t="147" w="313" /><ent r="5" t="147" w="351" /><ent r="5" t="147" w="349" /><ent r="5" t="147" w="359" /><ent r="5" t="147" w="357" /><ent r="5" t="147" w="384" /><ent r="5" t="147" w="382" /><ent r="5" t="147" w="393" /><ent r="5" t="147" w="391" /></phr></stem><stem n="db4odoc.code.configuration.alia"><phr n="Db4oDoc.Code.Configuration.Alias"><ent r="5" t="147" w="274" /><ent r="5" t="147" w="271" /><ent r="5" t="147" w="282" /><ent r="5" t="147" w="279" /><ent r="5" t="147" w="307" /><ent r="5" t="147" w="304" /><ent r="5" t="147" w="316" /><ent r="5" t="147" w="313" /><ent r="5" t="147" w="352" /><ent r="5" t="147" w="349" /><ent r="5" t="147" w="360" /><ent r="5" t="147" w="357" /><ent r="5" t="147" w="385" /><ent r="5" t="147" w="382" /><ent r="5" t="147" w="394" /><ent r="5" t="147" w="391" /></phr></stem><stem n="db4odoc.code.configuration.alias.oldtypeindatabas"><phr n="Db4oDoc.Code.Configuration.Alias.OldTypeInDatabase"><ent r="5" t="147" w="275" /><ent r="5" t="147" w="271" /><ent r="5" t="147" w="353" /><ent r="5" t="147" w="349" /></phr></stem><stem n="oldtypeindatabas"><phr n="OldTypeInDatabase"><ent r="5" t="147" w="275" /><ent r="5" t="147" w="353" /></phr></stem><stem n="db4odoc.code.configuration.alias.oldtypeindatabase,"><phr n="Db4oDoc.Code.Configuration.Alias.OldTypeInDatabase,"><ent r="5" t="147" w="275" /><ent r="5" t="147" w="271" /><ent r="5" t="147" w="353" /><ent r="5" t="147" w="349" /></phr></stem><stem n="&quot;db4odoc.code.configuration.alias.oldtypeindatabase,"><phr n="&quot;Db4oDoc.Code.Configuration.Alias.OldTypeInDatabase,"><ent r="5" t="147" w="276" /><ent r="5" t="147" w="354" /></phr></stem><stem n="db4odoc.code.configuration.alias.newtyp"><phr n="Db4oDoc.Code.Configuration.Alias.NewType"><ent r="5" t="147" w="283" /><ent r="5" t="147" w="279" /><ent r="5" t="147" w="361" /><ent r="5" t="147" w="357" /></phr></stem><stem n="newtyp"><phr n="NewType"><ent r="5" t="147" w="283" /><ent r="5" t="147" w="361" /></phr></stem><stem n="db4odoc.code.configuration.alias.newtype,"><phr n="Db4oDoc.Code.Configuration.Alias.NewType,"><ent r="5" t="147" w="283" /><ent r="5" t="147" w="279" /><ent r="5" t="147" w="361" /><ent r="5" t="147" w="357" /></phr></stem><stem n="&quot;db4odoc.code.configuration.alias.newtype,"><phr n="&quot;Db4oDoc.Code.Configuration.Alias.NewType,"><ent r="5" t="147" w="284" /><ent r="5" t="147" w="362" /></phr></stem><stem n="db4odoc.code.configuration.alias.old"><phr n="Db4oDoc.Code.Configuration.Alias.Old"><ent r="5" t="147" w="308" /><ent r="5" t="147" w="304" /><ent r="5" t="147" w="386" /><ent r="5" t="147" w="382" /></phr></stem><stem n="db4odoc.code.configuration.alias.old.namespac"><phr n="Db4oDoc.Code.Configuration.Alias.Old.Namespace"><ent r="5" t="147" w="309" /><ent r="5" t="147" w="304" /><ent r="5" t="147" w="387" /><ent r="5" t="147" w="382" /></phr></stem><stem n="db4odoc.code.configuration.alias.old.namespace."><phr n="Db4oDoc.Code.Configuration.Alias.Old.Namespace."><ent r="5" t="147" w="309" /><ent r="5" t="147" w="304" /><ent r="5" t="147" w="387" /><ent r="5" t="147" w="382" /></phr></stem><stem n="&quot;db4odoc.code.configuration.alias.old.namespace.*,"><phr n="&quot;Db4oDoc.Code.Configuration.Alias.Old.Namespace.*,"><ent r="5" t="147" w="310" /><ent r="5" t="147" w="388" /></phr></stem><stem n="db4odoc.code.configuration.alias.curr"><phr n="Db4oDoc.Code.Configuration.Alias.Current"><ent r="5" t="147" w="317" /><ent r="5" t="147" w="313" /><ent r="5" t="147" w="395" /><ent r="5" t="147" w="391" /></phr></stem><stem n="db4odoc.code.configuration.alias.current.namespac"><phr n="Db4oDoc.Code.Configuration.Alias.Current.Namespace"><ent r="5" t="147" w="318" /><ent r="5" t="147" w="313" /><ent r="5" t="147" w="396" /><ent r="5" t="147" w="391" /></phr></stem><stem n="db4odoc.code.configuration.alias.current.namespace."><phr n="Db4oDoc.Code.Configuration.Alias.Current.Namespace."><ent r="5" t="147" w="318" /><ent r="5" t="147" w="313" /><ent r="5" t="147" w="396" /><ent r="5" t="147" w="391" /></phr></stem><stem n="&quot;db4odoc.code.configuration.alias.current.namespace.*,"><phr n="&quot;Db4oDoc.Code.Configuration.Alias.Current.Namespace.*,"><ent r="5" t="147" w="319" /><ent r="5" t="147" w="397" /></phr></stem><stem n="aliasexampl"><phr n="AliasExamples"><ent r="4" t="147" w="322" /><ent r="4" t="147" w="400" /></phr></stem><stem n="aliasexamples.c"><phr n="AliasExamples.cs"><ent r="4" t="147" w="323" /><ent r="4" t="147" w="322" /></phr></stem><stem n="aliasexamples.vb"><phr n="AliasExamples.vb"><ent r="4" t="147" w="401" /><ent r="4" t="147" w="400" /></phr></stem><stem n="subject"><phr n="subject"><ent r="3" t="148" w="16" /></phr></stem><stem n="progress"><phr n="progress"><ent r="3" t="148" w="21" /><ent r="3" t="174" w="191" /></phr></stem><stem n="downgrad"><phr n="downgrades"><ent r="3" t="148" w="31" /></phr></stem><stem n="accident"><phr n="accidental"><ent r="3" t="148" w="43" /><ent r="3" t="183" w="40" /></phr><phr n="accidentally"><ent r="3" t="216" w="22" /></phr></stem><stem n=".common.allowversionupd"><phr n=".Common.AllowVersionUpdates"><ent r="4" t="148" w="75" /><ent r="4" t="148" w="123" /></phr></stem><stem n="configuration.common.allowversionupd"><phr n="configuration.Common.AllowVersionUpdates"><ent r="4" t="148" w="75" /><ent r="4" t="148" w="73" /><ent r="4" t="148" w="123" /><ent r="4" t="148" w="121" /></phr></stem><stem n="container.clos"><phr n="container.Close"><ent r="4" t="148" w="97" /><ent r="4" t="148" w="96" /><ent r="4" t="148" w="149" /><ent r="4" t="148" w="148" /></phr></stem><stem n=".close();"><phr n=".Close();"><ent r="4" t="148" w="98" /><ent r="4" t="193" w="166" /></phr></stem><stem n="-format"><phr n="-format"><ent r="4" t="148" w="103" /><ent r="4" t="148" w="103" /><ent r="4" t="148" w="155" /><ent r="4" t="148" w="155" /></phr></stem><stem n=".close()"><phr n=".Close()"><ent r="4" t="148" w="150" /><ent r="4" t="193" w="423" /></phr></stem><stem n="shutdown"><phr n="Shutdown"><ent r="1000" t="149" w="2" /><ent r="102" t="149" w="5" /></phr><phr n="shutdown"><ent r="3" t="149" w="14" /><ent r="4" t="149" w="93" /><ent r="4" t="149" w="120" /><ent r="3" t="191" w="151" /><ent r="3" t="191" w="336" /><ent r="3" t="257" w="340" /></phr></stem><stem n="termin"><phr n="terminating"><ent r="3" t="149" w="49" /></phr><phr n="termination"><ent r="3" t="179" w="374" /><ent r="3" t="185" w="78" /></phr><phr n="terminated"><ent r="4" t="238" w="115" /></phr></stem><stem n="dispos"><phr n="dispose"><ent r="4" t="149" w="59" /><ent r="3" t="257" w="336" /></phr><phr n="Dispose"><ent r="4" t="257" w="347" /><ent r="4" t="257" w="366" /><ent r="4" t="257" w="500" /></phr><phr n="disposed"><ent r="3" t="260" w="121" /></phr></stem><stem n="anywai"><phr n="anyway"><ent r="3" t="149" w="70" /></phr></stem><stem n=".common.automaticshutdown"><phr n=".Common.AutomaticShutDown"><ent r="4" t="149" w="84" /><ent r="4" t="149" w="112" /></phr></stem><stem n="configuration.common.automaticshutdown"><phr n="configuration.Common.AutomaticShutDown"><ent r="4" t="149" w="84" /><ent r="4" t="149" w="82" /><ent r="4" t="149" w="112" /><ent r="4" t="149" w="110" /></phr></stem><stem n="-tree"><phr n="-Tree"><ent r="1000" t="150" w="1" /><ent r="1000" t="150" w="1" /><ent r="102" t="150" w="6" /><ent r="102" t="150" w="6" /><ent r="92" t="282" w="385" /><ent r="92" t="282" w="385" /></phr><phr n="-tree"><ent r="3" t="150" w="13" /><ent r="3" t="150" w="13" /><ent r="3" t="150" w="148" /><ent r="3" t="150" w="148" /><ent r="4" t="150" w="195" /><ent r="4" t="150" w="195" /><ent r="4" t="150" w="223" /><ent r="4" t="150" w="223" /><ent r="3" t="179" w="329" /><ent r="3" t="179" w="329" /><ent r="3" t="179" w="338" /><ent r="3" t="179" w="338" /><ent r="3" t="179" w="377" /><ent r="3" t="179" w="377" /><ent r="4" t="224" w="239" /><ent r="4" t="224" w="239" /><ent r="4" t="224" w="270" /><ent r="4" t="224" w="270" /><ent r="3" t="282" w="403" /><ent r="3" t="282" w="403" /></phr><phr n="-trees"><ent r="3" t="150" w="24" /><ent r="3" t="150" w="24" /><ent r="3" t="150" w="44" /><ent r="3" t="150" w="44" /><ent r="3" t="150" w="71" /><ent r="3" t="150" w="71" /><ent r="64" t="150" w="86" /><ent r="64" t="150" w="86" /><ent r="3" t="150" w="97" /><ent r="3" t="150" w="97" /><ent r="3" t="150" w="168" /><ent r="3" t="150" w="168" /><ent r="4" t="224" w="146" /><ent r="4" t="224" w="146" /><ent r="4" t="224" w="176" /><ent r="4" t="224" w="176" /></phr></stem></index>