﻿<?xml version="1.0" encoding="utf-8"?><index><stem n="eventregistryfactori"><phr n="EventRegistryFactory"><ent r="4" t="96" w="118" /><ent r="4" t="96" w="142" /><ent r="4" t="96" w="332" /><ent r="4" t="96" w="393" /><ent r="4" t="96" w="546" /><ent r="4" t="96" w="586" /><ent r="4" t="96" w="687" /><ent r="4" t="96" w="792" /><ent r="4" t="99" w="914" /><ent r="4" t="99" w="996" /><ent r="4" t="100" w="283" /><ent r="4" t="100" w="309" /><ent r="4" t="101" w="111" /><ent r="4" t="101" w="173" /><ent r="4" t="232" w="221" /><ent r="4" t="232" w="261" /><ent r="4" t="244" w="221" /><ent r="4" t="244" w="289" /><ent r="4" t="251" w="290" /><ent r="4" t="251" w="372" /><ent r="4" t="263" w="374" /><ent r="4" t="263" w="410" /></phr></stem><stem n="eventregistryfactory.forobjectcontain"><phr n="EventRegistryFactory.ForObjectContainer"><ent r="4" t="96" w="119" /><ent r="4" t="96" w="118" /><ent r="4" t="96" w="143" /><ent r="4" t="96" w="142" /><ent r="4" t="96" w="333" /><ent r="4" t="96" w="332" /><ent r="4" t="96" w="394" /><ent r="4" t="96" w="393" /><ent r="4" t="96" w="547" /><ent r="4" t="96" w="546" /><ent r="4" t="96" w="587" /><ent r="4" t="96" w="586" /><ent r="4" t="96" w="688" /><ent r="4" t="96" w="687" /><ent r="4" t="96" w="793" /><ent r="4" t="96" w="792" /><ent r="4" t="99" w="915" /><ent r="4" t="99" w="914" /><ent r="4" t="99" w="997" /><ent r="4" t="99" w="996" /><ent r="4" t="100" w="284" /><ent r="4" t="100" w="283" /><ent r="4" t="100" w="310" /><ent r="4" t="100" w="309" /><ent r="4" t="101" w="112" /><ent r="4" t="101" w="111" /><ent r="4" t="101" w="174" /><ent r="4" t="101" w="173" /><ent r="4" t="232" w="222" /><ent r="4" t="232" w="221" /><ent r="4" t="232" w="262" /><ent r="4" t="232" w="261" /><ent r="4" t="244" w="222" /><ent r="4" t="244" w="221" /><ent r="4" t="244" w="290" /><ent r="4" t="244" w="289" /><ent r="4" t="251" w="291" /><ent r="4" t="251" w="290" /><ent r="4" t="251" w="373" /><ent r="4" t="251" w="372" /><ent r="4" t="263" w="375" /><ent r="4" t="263" w="374" /><ent r="4" t="263" w="411" /><ent r="4" t="263" w="410" /></phr></stem><stem n="forobjectcontain"><phr n="ForObjectContainer"><ent r="4" t="96" w="119" /><ent r="4" t="96" w="143" /><ent r="4" t="96" w="333" /><ent r="4" t="96" w="394" /><ent r="4" t="96" w="547" /><ent r="4" t="96" w="587" /><ent r="4" t="96" w="688" /><ent r="4" t="96" w="793" /><ent r="4" t="99" w="915" /><ent r="4" t="99" w="997" /><ent r="4" t="100" w="284" /><ent r="4" t="100" w="310" /><ent r="4" t="101" w="112" /><ent r="4" t="101" w="174" /><ent r="4" t="109" w="120" /><ent r="4" t="109" w="171" /><ent r="4" t="232" w="222" /><ent r="4" t="232" w="262" /><ent r="4" t="244" w="222" /><ent r="4" t="244" w="290" /><ent r="4" t="251" w="291" /><ent r="4" t="251" w="373" /><ent r="4" t="263" w="375" /><ent r="4" t="263" w="411" /></phr></stem><stem n=".forobjectcontainer(container);"><phr n=".ForObjectContainer(container);"><ent r="4" t="96" w="121" /><ent r="4" t="96" w="335" /><ent r="4" t="96" w="690" /><ent r="4" t="99" w="917" /><ent r="4" t="100" w="286" /><ent r="4" t="101" w="114" /><ent r="4" t="244" w="224" /><ent r="4" t="251" w="293" /><ent r="4" t="263" w="377" /></phr></stem><stem n="eventregistryexampl"><phr n="EventRegistryExamples"><ent r="4" t="96" w="122" /><ent r="4" t="96" w="146" /><ent r="4" t="96" w="176" /><ent r="4" t="96" w="198" /><ent r="4" t="96" w="236" /><ent r="4" t="96" w="282" /><ent r="4" t="96" w="374" /><ent r="4" t="96" w="406" /><ent r="4" t="96" w="499" /><ent r="4" t="96" w="552" /><ent r="4" t="96" w="592" /><ent r="4" t="96" w="774" /><ent r="4" t="96" w="805" /><ent r="4" t="96" w="934" /><ent r="4" t="232" w="227" /><ent r="4" t="232" w="267" /></phr></stem><stem n="eventregistryexamples.c"><phr n="EventRegistryExamples.cs"><ent r="4" t="96" w="123" /><ent r="4" t="96" w="122" /><ent r="4" t="96" w="177" /><ent r="4" t="96" w="176" /><ent r="4" t="96" w="237" /><ent r="4" t="96" w="236" /><ent r="4" t="96" w="375" /><ent r="4" t="96" w="374" /><ent r="4" t="96" w="553" /><ent r="4" t="96" w="552" /><ent r="4" t="96" w="775" /><ent r="4" t="96" w="774" /><ent r="4" t="232" w="228" /><ent r="4" t="232" w="227" /></phr></stem><stem n="-registri"><phr n="-registry"><ent r="4" t="96" w="126" /><ent r="4" t="96" w="126" /><ent r="4" t="96" w="150" /><ent r="4" t="96" w="150" /></phr></stem><stem n="event-registri"><phr n="event-registry"><ent r="4" t="96" w="126" /><ent r="4" t="96" w="150" /><ent r="4" t="96" w="1012" /><ent r="3" t="232" w="80" /></phr></stem><stem n=".forobjectcontainer(container)"><phr n=".ForObjectContainer(container)"><ent r="4" t="96" w="145" /><ent r="4" t="96" w="396" /><ent r="4" t="96" w="795" /><ent r="4" t="99" w="999" /><ent r="4" t="100" w="312" /><ent r="4" t="101" w="176" /><ent r="4" t="244" w="292" /><ent r="4" t="251" w="375" /><ent r="4" t="263" w="413" /></phr></stem><stem n="eventregistryexamples.vb"><phr n="EventRegistryExamples.vb"><ent r="4" t="96" w="147" /><ent r="4" t="96" w="146" /><ent r="4" t="96" w="199" /><ent r="4" t="96" w="198" /><ent r="4" t="96" w="283" /><ent r="4" t="96" w="282" /><ent r="4" t="96" w="407" /><ent r="4" t="96" w="406" /><ent r="4" t="96" w="500" /><ent r="4" t="96" w="499" /><ent r="4" t="96" w="593" /><ent r="4" t="96" w="592" /><ent r="4" t="96" w="806" /><ent r="4" t="96" w="805" /><ent r="4" t="96" w="935" /><ent r="4" t="96" w="934" /><ent r="4" t="232" w="268" /><ent r="4" t="232" w="267" /></phr></stem><stem n="-handler"><phr n="-handlers"><ent r="3" t="96" w="164" /><ent r="3" t="96" w="164" /><ent r="3" t="162" w="13" /><ent r="3" t="162" w="13" /></phr><phr n="-handler"><ent r="4" t="101" w="269" /><ent r="4" t="101" w="269" /><ent r="3" t="101" w="283" /><ent r="3" t="101" w="283" /><ent r="3" t="162" w="40" /><ent r="3" t="162" w="40" /><ent r="3" t="232" w="373" /><ent r="3" t="232" w="373" /></phr></stem><stem n="event-handl"><phr n="event-handlers"><ent r="3" t="96" w="164" /><ent r="3" t="232" w="396" /></phr><phr n="event-handler"><ent r="4" t="96" w="981" /><ent r="3" t="101" w="99" /><ent r="3" t="101" w="283" /><ent r="3" t="232" w="373" /></phr></stem><stem n="handler"><phr n="handlers"><ent r="3" t="96" w="165" /><ent r="3" t="100" w="337" /><ent r="64" t="103" w="229" /><ent r="3" t="104" w="192" /><ent r="64" t="104" w="201" /><ent r="3" t="116" w="39" /><ent r="3" t="116" w="81" /><ent r="5" t="116" w="127" /><ent r="3" t="162" w="14" /><ent r="3" t="232" w="397" /></phr><phr n="Handler"><ent r="4" t="96" w="504" /><ent r="4" t="96" w="938" /><ent r="1000" t="162" w="3" /><ent r="102" t="162" w="7" /></phr><phr n="handler"><ent r="4" t="96" w="982" /><ent r="3" t="100" w="77" /><ent r="4" t="100" w="294" /><ent r="4" t="100" w="325" /><ent r="3" t="101" w="100" /><ent r="4" t="101" w="270" /><ent r="3" t="101" w="284" /><ent r="3" t="116" w="61" /><ent r="4" t="116" w="176" /><ent r="4" t="116" w="213" /><ent r="3" t="116" w="224" /><ent r="3" t="116" w="252" /><ent r="3" t="117" w="671" /><ent r="4" t="117" w="726" /><ent r="4" t="117" w="763" /><ent r="3" t="117" w="782" /><ent r="3" t="162" w="41" /><ent r="3" t="232" w="374" /><ent r="3" t="236" w="251" /><ent r="3" t="236" w="530" /><ent r="4" t="244" w="211" /><ent r="4" t="257" w="135" /><ent r="64" t="282" w="170" /><ent r="6" t="300" w="324" /></phr><phr n="Handlers"><ent r="4" t="257" w="90" /></phr></stem><stem n=".commit"><phr n=".Committing"><ent r="4" t="96" w="172" /><ent r="4" t="99" w="949" /><ent r="4" t="251" w="325" /></phr><phr n=".Committed"><ent r="4" t="96" w="691" /><ent r="4" t="101" w="115" /></phr></stem><stem n="events.commit"><phr n="events.Committing"><ent r="4" t="96" w="172" /><ent r="4" t="96" w="171" /><ent r="4" t="96" w="192" /><ent r="4" t="96" w="191" /></phr><phr n="events.Committed"><ent r="4" t="96" w="691" /><ent r="4" t="96" w="690" /><ent r="4" t="96" w="799" /><ent r="4" t="96" w="798" /><ent r="4" t="101" w="115" /><ent r="4" t="101" w="114" /><ent r="4" t="101" w="180" /><ent r="4" t="101" w="179" /></phr></stem><stem n="handlecommit"><phr n="HandleCommitting"><ent r="4" t="96" w="174" /><ent r="4" t="96" w="196" /><ent r="4" t="96" w="223" /><ent r="4" t="96" w="255" /></phr><phr n="HandleCommiting"><ent r="4" t="99" w="1018" /><ent r="4" t="251" w="394" /></phr></stem><stem n="addhandl"><phr n="AddHandler"><ent r="5" t="96" w="189" /><ent r="5" t="96" w="397" /><ent r="5" t="96" w="796" /><ent r="5" t="99" w="1000" /><ent r="5" t="99" w="1010" /><ent r="5" t="100" w="313" /><ent r="5" t="101" w="177" /><ent r="5" t="244" w="293" /><ent r="5" t="251" w="376" /><ent r="5" t="251" w="386" /><ent r="5" t="263" w="414" /><ent r="5" t="263" w="423" /></phr></stem><stem n="events.committing,"><phr n="events.Committing,"><ent r="4" t="96" w="192" /><ent r="4" t="96" w="191" /></phr></stem><stem n=".committing,"><phr n=".Committing,"><ent r="4" t="96" w="193" /><ent r="4" t="99" w="1014" /><ent r="4" t="251" w="390" /></phr></stem><stem n="sender"><phr n="sender"><ent r="4" t="96" w="227" /><ent r="4" t="96" w="259" /><ent r="4" t="96" w="344" /><ent r="4" t="96" w="428" /><ent r="4" t="96" w="699" /><ent r="4" t="96" w="826" /><ent r="4" t="99" w="925" /><ent r="4" t="99" w="957" /><ent r="4" t="100" w="92" /><ent r="4" t="100" w="165" /><ent r="4" t="101" w="123" /><ent r="4" t="101" w="213" /><ent r="6" t="195" w="75" /><ent r="3" t="196" w="14" /><ent r="3" t="236" w="721" /><ent r="3" t="236" w="724" /><ent r="4" t="236" w="744" /><ent r="4" t="236" w="761" /><ent r="4" t="236" w="778" /><ent r="4" t="236" w="791" /><ent r="4" t="236" w="815" /><ent r="4" t="236" w="836" /><ent r="5" t="237" w="350" /><ent r="5" t="237" w="404" /><ent r="4" t="244" w="131" /><ent r="4" t="244" w="227" /><ent r="4" t="251" w="301" /><ent r="4" t="251" w="333" /><ent r="4" t="257" w="460" /><ent r="4" t="257" w="489" /><ent r="4" t="263" w="249" /><ent r="4" t="263" w="306" /><ent r="6" t="300" w="255" /></phr><phr n="Sender"><ent r="1000" t="196" w="2" /><ent r="102" t="196" w="5" /><ent r="4" t="236" w="403" /><ent r="4" t="236" w="486" /></phr></stem><stem n="commiteventarg"><phr n="CommitEventArgs"><ent r="4" t="96" w="228" /><ent r="4" t="96" w="272" /><ent r="4" t="96" w="700" /><ent r="4" t="96" w="839" /><ent r="4" t="99" w="958" /><ent r="4" t="101" w="124" /><ent r="4" t="101" w="226" /><ent r="4" t="251" w="334" /></phr><phr n="commitEventArgs"><ent r="4" t="96" w="229" /><ent r="4" t="96" w="268" /></phr></stem><stem n="cancel"><phr n="Cancelable"><ent r="92" t="96" w="295" /></phr><phr n="cancel"><ent r="3" t="96" w="301" /><ent r="3" t="96" w="312" /><ent r="3" t="96" w="317" /><ent r="3" t="100" w="44" /><ent r="4" t="102" w="100" /></phr><phr n="Cancel"><ent r="4" t="96" w="372" /><ent r="4" t="96" w="376" /><ent r="4" t="96" w="408" /><ent r="4" t="96" w="485" /><ent r="4" t="96" w="501" /><ent r="4" t="100" w="142" /><ent r="4" t="100" w="256" /><ent r="4" t="244" w="196" /><ent r="4" t="244" w="269" /></phr><phr n="Cancellable"><ent r="6" t="97" w="33" /></phr></stem><stem n="-paramet"><phr n="-parameter"><ent r="3" t="96" w="309" /><ent r="3" t="96" w="309" /></phr></stem><stem n="cancellableobjecteventarg"><phr n="CancellableObjectEventArgs"><ent r="3" t="96" w="309" /><ent r="4" t="96" w="345" /><ent r="4" t="96" w="441" /><ent r="4" t="99" w="926" /><ent r="4" t="100" w="93" /><ent r="4" t="100" w="178" /><ent r="4" t="244" w="144" /><ent r="4" t="251" w="302" /><ent r="4" t="263" w="250" /><ent r="4" t="263" w="319" /></phr></stem><stem n="cancellableobjecteventargs-paramet"><phr n="CancellableObjectEventArgs-parameter"><ent r="3" t="96" w="309" /></phr></stem><stem n=".creat"><phr n=".Creating"><ent r="4" t="96" w="336" /><ent r="4" t="263" w="378" /></phr></stem><stem n="events.cr"><phr n="events.Creating"><ent r="4" t="96" w="336" /><ent r="4" t="96" w="335" /><ent r="4" t="96" w="400" /><ent r="4" t="96" w="399" /><ent r="4" t="263" w="378" /><ent r="4" t="263" w="377" /><ent r="4" t="263" w="417" /><ent r="4" t="263" w="416" /></phr></stem><stem n="arg"><phr n="args"><ent r="4" t="96" w="346" /><ent r="4" t="96" w="350" /><ent r="4" t="96" w="359" /><ent r="4" t="96" w="371" /><ent r="4" t="96" w="437" /><ent r="4" t="96" w="447" /><ent r="4" t="96" w="466" /><ent r="4" t="96" w="484" /><ent r="4" t="96" w="701" /><ent r="4" t="96" w="710" /><ent r="4" t="96" w="728" /><ent r="4" t="96" w="746" /><ent r="4" t="96" w="835" /><ent r="4" t="96" w="853" /><ent r="4" t="96" w="877" /><ent r="4" t="96" w="901" /><ent r="4" t="99" w="927" /><ent r="4" t="99" w="931" /><ent r="4" t="99" w="940" /><ent r="4" t="99" w="959" /><ent r="4" t="101" w="125" /><ent r="4" t="101" w="134" /><ent r="4" t="101" w="142" /><ent r="4" t="101" w="222" /><ent r="4" t="101" w="240" /><ent r="4" t="101" w="253" /><ent r="4" t="244" w="140" /><ent r="4" t="244" w="154" /><ent r="4" t="244" w="191" /><ent r="4" t="244" w="195" /><ent r="4" t="244" w="228" /><ent r="4" t="244" w="234" /><ent r="4" t="244" w="264" /><ent r="4" t="244" w="268" /><ent r="4" t="251" w="303" /><ent r="4" t="251" w="307" /><ent r="4" t="251" w="316" /><ent r="4" t="251" w="335" /><ent r="5" t="298" w="157" /><ent r="5" t="298" w="353" /><ent r="5" t="298" w="459" /><ent r="5" t="298" w="479" /><ent r="6" t="300" w="260" /><ent r="4" t="302" w="146" /><ent r="4" t="302" w="212" /><ent r="3" t="306" w="348" /></phr><phr n="arg"><ent r="5" t="298" w="273" /><ent r="5" t="298" w="286" /><ent r="5" t="298" w="299" /><ent r="5" t="298" w="312" /><ent r="5" t="298" w="325" /><ent r="5" t="298" w="340" /><ent r="5" t="298" w="465" /></phr></stem><stem n="(args.object"><phr n="(args.Object"><ent r="4" t="96" w="351" /><ent r="4" t="99" w="932" /><ent r="4" t="251" w="308" /></phr></stem><stem n="args.object"><phr n="args.Object"><ent r="4" t="96" w="351" /><ent r="4" t="96" w="350" /><ent r="4" t="96" w="360" /><ent r="4" t="96" w="359" /><ent r="4" t="96" w="448" /><ent r="4" t="96" w="447" /><ent r="4" t="96" w="467" /><ent r="4" t="96" w="466" /><ent r="4" t="99" w="932" /><ent r="4" t="99" w="931" /><ent r="4" t="99" w="941" /><ent r="4" t="99" w="940" /><ent r="4" t="244" w="155" /><ent r="4" t="244" w="154" /><ent r="4" t="244" w="235" /><ent r="4" t="244" w="234" /><ent r="4" t="251" w="308" /><ent r="4" t="251" w="307" /><ent r="4" t="251" w="317" /><ent r="4" t="251" w="316" /></phr></stem><stem n="(person)"><phr n="(Person)"><ent r="4" t="96" w="359" /><ent r="4" t="281" w="344" /></phr><phr n="(person)"><ent r="4" t="121" w="521" /></phr></stem><stem n=".object;"><phr n=".Object;"><ent r="4" t="96" w="361" /><ent r="4" t="100" w="101" /><ent r="4" t="244" w="236" /></phr></stem><stem n="(p.name.equals("><phr n="(p.Name.Equals("><ent r="4" t="96" w="367" /></phr></stem><stem n="&quot;joe"><phr n="&quot;Joe"><ent r="5" t="96" w="368" /><ent r="5" t="96" w="478" /><ent r="5" t="253" w="85" /><ent r="5" t="253" w="199" /><ent r="5" t="253" w="359" /><ent r="5" t="253" w="439" /></phr></stem><stem n="junior"><phr n="Junior"><ent r="5" t="96" w="369" /><ent r="5" t="96" w="479" /></phr></stem><stem n="args.cancel"><phr n="args.Cancel"><ent r="4" t="96" w="372" /><ent r="4" t="96" w="371" /><ent r="4" t="96" w="485" /><ent r="4" t="96" w="484" /><ent r="4" t="244" w="196" /><ent r="4" t="244" w="195" /><ent r="4" t="244" w="269" /><ent r="4" t="244" w="268" /></phr></stem><stem n=".cancel();"><phr n=".Cancel();"><ent r="4" t="96" w="373" /><ent r="4" t="100" w="143" /><ent r="4" t="244" w="270" /></phr></stem><stem n="};"><phr n="};"><ent r="4" t="96" w="373" /><ent r="4" t="96" w="773" /><ent r="4" t="99" w="948" /><ent r="4" t="99" w="962" /><ent r="4" t="101" w="148" /><ent r="4" t="244" w="270" /><ent r="4" t="251" w="324" /><ent r="4" t="251" w="338" /><ent r="4" t="262" w="198" /><ent r="4" t="263" w="489" /><ent r="4" t="263" w="545" /></phr></stem><stem n="events.creating,"><phr n="events.Creating,"><ent r="4" t="96" w="400" /><ent r="4" t="96" w="399" /><ent r="4" t="263" w="417" /><ent r="4" t="263" w="416" /></phr></stem><stem n=".creating,"><phr n=".Creating,"><ent r="4" t="96" w="401" /><ent r="4" t="99" w="1004" /><ent r="4" t="251" w="380" /><ent r="4" t="263" w="418" /></phr></stem><stem n="handlecreatingev"><phr n="HandleCreatingEvent"><ent r="4" t="96" w="404" /><ent r="4" t="96" w="424" /></phr></stem><stem n=".object"><phr n=".Object"><ent r="4" t="96" w="448" /><ent r="4" t="100" w="189" /><ent r="4" t="244" w="155" /></phr></stem><stem n="args.object,"><phr n="args.Object,"><ent r="4" t="96" w="467" /><ent r="4" t="96" w="466" /></phr></stem><stem n="(args.object,"><phr n="(args.Object,"><ent r="4" t="96" w="468" /></phr></stem><stem n=".cancel()"><phr n=".Cancel()"><ent r="4" t="96" w="486" /><ent r="4" t="100" w="257" /><ent r="4" t="244" w="197" /></phr></stem><stem n="server-contain"><phr n="server-container"><ent r="3" t="96" w="535" /></phr></stem><stem n="iobjectserv"><phr n="IObjectServer"><ent r="4" t="96" w="538" /><ent r="4" t="96" w="573" /><ent r="4" t="142" w="237" /><ent r="4" t="142" w="281" /><ent r="4" t="226" w="157" /><ent r="4" t="226" w="201" /><ent r="4" t="229" w="94" /><ent r="4" t="229" w="158" /><ent r="4" t="232" w="213" /><ent r="4" t="232" w="248" /><ent r="4" t="236" w="297" /><ent r="4" t="236" w="344" /><ent r="4" t="256" w="244" /><ent r="4" t="256" w="308" /></phr></stem><stem n="db4oclientserv"><phr n="Db4oClientServer"><ent r="4" t="96" w="540" /><ent r="4" t="96" w="574" /><ent r="6" t="128" w="184" /><ent r="6" t="128" w="244" /><ent r="4" t="142" w="230" /><ent r="4" t="142" w="239" /><ent r="4" t="142" w="268" /><ent r="4" t="142" w="282" /><ent r="4" t="142" w="332" /><ent r="4" t="142" w="341" /><ent r="4" t="142" w="376" /><ent r="4" t="142" w="390" /><ent r="4" t="197" w="97" /><ent r="4" t="197" w="123" /><ent r="4" t="198" w="96" /><ent r="4" t="198" w="123" /><ent r="4" t="199" w="37" /><ent r="4" t="199" w="63" /><ent r="4" t="201" w="24" /><ent r="4" t="201" w="51" /><ent r="4" t="203" w="30" /><ent r="4" t="203" w="60" /><ent r="4" t="204" w="42" /><ent r="4" t="204" w="77" /><ent r="4" t="206" w="83" /><ent r="4" t="206" w="112" /><ent r="4" t="207" w="39" /><ent r="4" t="207" w="67" /><ent r="4" t="208" w="24" /><ent r="4" t="208" w="54" /><ent r="4" t="225" w="78" /><ent r="4" t="225" w="106" /><ent r="4" t="226" w="159" /><ent r="4" t="226" w="202" /><ent r="4" t="226" w="292" /><ent r="4" t="226" w="332" /><ent r="4" t="229" w="96" /><ent r="4" t="229" w="159" /><ent r="4" t="232" w="215" /><ent r="4" t="232" w="249" /><ent r="4" t="233" w="247" /><ent r="4" t="233" w="277" /><ent r="4" t="236" w="288" /><ent r="4" t="236" w="299" /><ent r="4" t="236" w="328" /><ent r="4" t="236" w="345" /><ent r="4" t="236" w="538" /><ent r="4" t="236" w="571" /><ent r="4" t="236" w="752" /><ent r="4" t="236" w="806" /><ent r="5" t="237" w="145" /><ent r="5" t="237" w="204" /><ent r="5" t="237" w="280" /><ent r="5" t="237" w="312" /><ent r="4" t="256" w="246" /><ent r="4" t="256" w="309" /></phr></stem><stem n="db4oclientserver.openserv"><phr n="Db4oClientServer.OpenServer"><ent r="4" t="96" w="541" /><ent r="4" t="96" w="540" /><ent r="4" t="96" w="575" /><ent r="4" t="96" w="574" /><ent r="4" t="142" w="240" /><ent r="4" t="142" w="239" /><ent r="4" t="142" w="283" /><ent r="4" t="142" w="282" /><ent r="4" t="226" w="160" /><ent r="4" t="226" w="159" /><ent r="4" t="226" w="203" /><ent r="4" t="226" w="202" /><ent r="4" t="229" w="97" /><ent r="4" t="229" w="96" /><ent r="4" t="229" w="160" /><ent r="4" t="229" w="159" /><ent r="4" t="232" w="216" /><ent r="4" t="232" w="215" /><ent r="4" t="232" w="250" /><ent r="4" t="232" w="249" /><ent r="4" t="236" w="300" /><ent r="4" t="236" w="299" /><ent r="4" t="236" w="346" /><ent r="4" t="236" w="345" /><ent r="4" t="256" w="247" /><ent r="4" t="256" w="246" /><ent r="4" t="256" w="310" /><ent r="4" t="256" w="309" /></phr></stem><stem n="openserv"><phr n="OpenServer"><ent r="4" t="96" w="541" /><ent r="4" t="96" w="575" /><ent r="4" t="142" w="240" /><ent r="4" t="142" w="283" /><ent r="4" t="226" w="160" /><ent r="4" t="226" w="203" /><ent r="4" t="229" w="97" /><ent r="4" t="229" w="160" /><ent r="4" t="232" w="216" /><ent r="4" t="232" w="250" /><ent r="4" t="236" w="300" /><ent r="4" t="236" w="346" /><ent r="4" t="256" w="247" /><ent r="4" t="256" w="310" /></phr></stem><stem n=".openserver(databasefilename,"><phr n=".OpenServer(DatabaseFileName,"><ent r="4" t="96" w="543" /><ent r="4" t="96" w="577" /><ent r="4" t="229" w="99" /><ent r="4" t="229" w="162" /><ent r="4" t="232" w="218" /><ent r="4" t="232" w="252" /><ent r="4" t="256" w="249" /><ent r="4" t="256" w="312" /></phr></stem><stem n="portnumb"><phr n="PortNumber"><ent r="4" t="96" w="543" /><ent r="4" t="96" w="577" /><ent r="4" t="232" w="218" /><ent r="4" t="232" w="252" /><ent r="4" t="236" w="303" /><ent r="4" t="236" w="349" /><ent r="4" t="236" w="758" /><ent r="4" t="236" w="812" /></phr></stem><stem n="eventsonserv"><phr n="eventsOnServer"><ent r="4" t="96" w="545" /><ent r="4" t="96" w="581" /><ent r="4" t="232" w="220" /><ent r="4" t="232" w="256" /></phr></stem><stem n="server.ext"><phr n="server.Ext"><ent r="4" t="96" w="549" /><ent r="4" t="96" w="548" /><ent r="4" t="96" w="589" /><ent r="4" t="96" w="588" /><ent r="4" t="232" w="224" /><ent r="4" t="232" w="223" /><ent r="4" t="232" w="264" /><ent r="4" t="232" w="263" /></phr></stem><stem n="objectcontain"><phr n="ObjectContainer"><ent r="4" t="96" w="550" /><ent r="4" t="96" w="590" /><ent r="4" t="100" w="112" /><ent r="4" t="100" w="211" /><ent r="4" t="101" w="143" /><ent r="4" t="101" w="254" /><ent r="4" t="232" w="225" /><ent r="4" t="232" w="265" /><ent r="4" t="244" w="192" /><ent r="4" t="244" w="265" /></phr><phr n="objectContainer"><ent r="4" t="114" w="306" /><ent r="4" t="114" w="336" /><ent r="4" t="114" w="393" /><ent r="4" t="114" w="445" /><ent r="4" t="114" w="509" /><ent r="4" t="114" w="621" /><ent r="4" t="277" w="126" /></phr></stem><stem n=".forobjectcontainer(server.ext().objectcontainer());"><phr n=".ForObjectContainer(server.Ext().ObjectContainer());"><ent r="4" t="96" w="551" /><ent r="4" t="232" w="226" /></phr></stem><stem n=".forobjectcontainer(server.ext().objectcontainer())"><phr n=".ForObjectContainer(server.Ext().ObjectContainer())"><ent r="4" t="96" w="591" /><ent r="4" t="232" w="266" /></phr></stem><stem n="-event"><phr n="-Events"><ent r="92" t="96" w="607" /><ent r="92" t="96" w="607" /></phr><phr n="-events"><ent r="3" t="96" w="610" /><ent r="3" t="96" w="610" /><ent r="8" t="228" w="194" /><ent r="8" t="228" w="194" /></phr><phr n="-event"><ent r="3" t="96" w="639" /><ent r="3" t="96" w="639" /><ent r="4" t="96" w="987" /><ent r="4" t="96" w="987" /><ent r="4" t="96" w="995" /><ent r="4" t="96" w="995" /><ent r="3" t="99" w="883" /><ent r="3" t="99" w="883" /><ent r="3" t="101" w="65" /><ent r="3" t="101" w="65" /><ent r="4" t="101" w="153" /><ent r="4" t="101" w="153" /><ent r="4" t="101" w="190" /><ent r="4" t="101" w="190" /><ent r="3" t="228" w="284" /><ent r="3" t="228" w="284" /></phr></stem><stem n="commit-ev"><phr n="Commit-Events"><ent r="92" t="96" w="607" /></phr><phr n="Commit-events"><ent r="3" t="96" w="610" /></phr><phr n="commit-event"><ent r="3" t="101" w="98" /></phr></stem><stem n="updated-"><phr n="updated-"><ent r="3" t="96" w="631" /></phr></stem><stem n="added-collect"><phr n="added-collections"><ent r="3" t="96" w="634" /></phr></stem><stem n="lazyobjectrefer"><phr n="LazyObjectReferences"><ent r="3" t="96" w="637" /></phr><phr n="LazyObjectReference"><ent r="4" t="96" w="705" /><ent r="4" t="96" w="723" /><ent r="4" t="96" w="849" /><ent r="4" t="96" w="873" /><ent r="4" t="101" w="129" /><ent r="4" t="101" w="236" /></phr></stem><stem n="deleted-ev"><phr n="deleted-event"><ent r="3" t="96" w="639" /></phr></stem><stem n="frozenobjectinfo"><phr n="FrozenObjectInfos"><ent r="3" t="96" w="642" /></phr><phr n="FrozenObjectInfo"><ent r="4" t="96" w="741" /><ent r="4" t="96" w="897" /></phr></stem><stem n="object-inst"><phr n="object-instance"><ent r="3" t="96" w="650" /></phr></stem><stem n="-info."><phr n="-info."><ent r="3" t="96" w="658" /><ent r="3" t="96" w="658" /></phr></stem><stem n="(lazyobjectrefer"><phr n="(LazyObjectReference"><ent r="4" t="96" w="705" /><ent r="4" t="96" w="723" /><ent r="4" t="101" w="129" /></phr></stem><stem n="args.ad"><phr n="args.Added"><ent r="4" t="96" w="711" /><ent r="4" t="96" w="710" /><ent r="4" t="96" w="854" /><ent r="4" t="96" w="853" /></phr></stem><stem n=".added)"><phr n=".Added)"><ent r="4" t="96" w="712" /></phr></stem><stem n="reference.getobject"><phr n="reference.GetObject"><ent r="4" t="96" w="719" /><ent r="4" t="96" w="718" /><ent r="4" t="96" w="737" /><ent r="4" t="96" w="736" /><ent r="4" t="96" w="772" /><ent r="4" t="96" w="771" /><ent r="4" t="96" w="861" /><ent r="4" t="96" w="860" /><ent r="4" t="96" w="885" /><ent r="4" t="96" w="884" /><ent r="4" t="96" w="926" /><ent r="4" t="96" w="925" /></phr></stem><stem n=".getobject());"><phr n=".GetObject());"><ent r="4" t="96" w="720" /><ent r="4" t="96" w="738" /><ent r="4" t="96" w="773" /></phr></stem><stem n="args.upd"><phr n="args.Updated"><ent r="4" t="96" w="729" /><ent r="4" t="96" w="728" /><ent r="4" t="96" w="878" /><ent r="4" t="96" w="877" /><ent r="4" t="101" w="135" /><ent r="4" t="101" w="134" /><ent r="4" t="101" w="241" /><ent r="4" t="101" w="240" /></phr></stem><stem n=".updated)"><phr n=".Updated)"><ent r="4" t="96" w="730" /><ent r="4" t="101" w="136" /></phr></stem><stem n="(frozenobjectinfo"><phr n="(FrozenObjectInfo"><ent r="4" t="96" w="741" /></phr></stem><stem n="args.delet"><phr n="args.Deleted"><ent r="4" t="96" w="747" /><ent r="4" t="96" w="746" /><ent r="4" t="96" w="902" /><ent r="4" t="96" w="901" /></phr></stem><stem n=".deleted)"><phr n=".Deleted)"><ent r="4" t="96" w="748" /></phr></stem><stem n="//the"><phr n="//the"><ent r="5" t="96" w="749" /></phr></stem><stem n="//return"><phr n="//return"><ent r="5" t="96" w="761" /></phr></stem><stem n="commit-info"><phr n="Commit-info"><ent r="4" t="96" w="776" /><ent r="4" t="96" w="807" /><ent r="4" t="96" w="936" /></phr></stem><stem n="events.committed,"><phr n="events.Committed,"><ent r="4" t="96" w="799" /><ent r="4" t="96" w="798" /><ent r="4" t="101" w="180" /><ent r="4" t="101" w="179" /></phr></stem><stem n=".committed,"><phr n=".Committed,"><ent r="4" t="96" w="800" /><ent r="4" t="101" w="181" /></phr></stem><stem n="handlingcommitev"><phr n="HandlingCommitEvent"><ent r="4" t="96" w="803" /><ent r="4" t="96" w="822" /></phr></stem><stem n=".ad"><phr n=".Added"><ent r="4" t="96" w="854" /></phr></stem><stem n=".getobject())"><phr n=".GetObject())"><ent r="4" t="96" w="862" /><ent r="4" t="96" w="886" /><ent r="4" t="96" w="927" /></phr></stem><stem n=".updat"><phr n=".Updated"><ent r="4" t="96" w="878" /><ent r="4" t="101" w="241" /></phr><phr n=".Updating"><ent r="4" t="263" w="382" /></phr></stem></index>