﻿<?xml version="1.0" encoding="utf-8"?><index><stem n="proxi"><phr n="proxy"><ent r="3" t="276" w="33" /><ent r="4" t="276" w="90" /><ent r="3" t="276" w="158" /></phr></stem><stem n="dcom"><phr n="DCOM"><ent r="4" t="276" w="89" /></phr></stem><stem n="expir"><phr n="expire"><ent r="4" t="276" w="104" /></phr></stem><stem n="marshal"><phr n="marshal"><ent r="3" t="276" w="118" /><ent r="3" t="276" w="235" /></phr></stem><stem n="iserializ"><phr n="ISerializable"><ent r="3" t="276" w="132" /></phr></stem><stem n=".common()"><phr n=".Common()"><ent r="3" t="276" w="176" /><ent r="3" t="276" w="187" /></phr></stem><stem n="system.runtim"><phr n="System.Runtime"><ent r="3" t="276" w="178" /><ent r="3" t="276" w="177" /></phr></stem><stem n="system.runtime.remot"><phr n="System.Runtime.Remoting"><ent r="3" t="276" w="179" /><ent r="3" t="276" w="177" /></phr></stem><stem n="system.runtime.remoting.serverident"><phr n="System.Runtime.Remoting.ServerIdentity"><ent r="3" t="276" w="180" /><ent r="3" t="276" w="177" /></phr></stem><stem n="serverident"><phr n="ServerIdentity"><ent r="3" t="276" w="180" /><ent r="3" t="276" w="203" /></phr></stem><stem n="system.runtime.remoting.serveridentity,"><phr n="System.Runtime.Remoting.ServerIdentity,"><ent r="3" t="276" w="180" /><ent r="3" t="276" w="177" /></phr></stem><stem n=".objectclass(&quot;system.runtime.remoting.serveridentity,"><phr n=".ObjectClass(&quot;System.Runtime.Remoting.ServerIdentity,"><ent r="3" t="276" w="181" /></phr></stem><stem n=".translate(new"><phr n=".Translate(new"><ent r="3" t="276" w="183" /><ent r="3" t="276" w="193" /></phr></stem><stem n="system.thread"><phr n="System.Threading"><ent r="3" t="276" w="189" /><ent r="3" t="276" w="188" /></phr></stem><stem n="system.threading.timercallback"><phr n="System.Threading.TimerCallback"><ent r="3" t="276" w="190" /><ent r="3" t="276" w="188" /></phr></stem><stem n="timercallback"><phr n="TimerCallback"><ent r="3" t="276" w="190" /><ent r="3" t="276" w="205" /></phr></stem><stem n="system.threading.timercallback,mscorlib"><phr n="System.Threading.TimerCallback,mscorlib"><ent r="3" t="276" w="191" /><ent r="3" t="276" w="188" /></phr></stem><stem n=".objectclass(&quot;system.threading.timercallback,mscorlib&quot;)"><phr n=".ObjectClass(&quot;System.Threading.TimerCallback,mscorlib&quot;)"><ent r="3" t="276" w="192" /></phr></stem><stem n="-marshal"><phr n="-marshal"><ent r="3" t="276" w="234" /><ent r="3" t="276" w="234" /></phr></stem><stem n="re-marsh"><phr n="re-marshal"><ent r="3" t="276" w="234" /></phr></stem><stem n="(libraries)"><phr n="(libraries)"><ent r="3" t="277" w="70" /><ent r="3" t="277" w="109" /></phr></stem><stem n="append"><phr n="appended"><ent r="3" t="277" w="88" /></phr></stem><stem n="application1"><phr n="Application1"><ent r="4" t="277" w="121" /><ent r="4" t="277" w="123" /><ent r="4" t="277" w="143" /><ent r="5" t="277" w="161" /><ent r="5" t="277" w="175" /><ent r="5" t="277" w="210" /><ent r="5" t="277" w="226" /></phr></stem><stem n="application1.ex"><phr n="Application1.exe"><ent r="4" t="277" w="122" /><ent r="4" t="277" w="121" /></phr></stem><stem n="(&quot;application1&quot;"><phr n="(&quot;Application1&quot;"><ent r="4" t="277" w="124" /></phr></stem><stem n="objectcontainer.stor"><phr n="objectContainer.Store"><ent r="4" t="277" w="127" /><ent r="4" t="277" w="126" /></phr></stem><stem n=".store(new"><phr n=".Store(new"><ent r="4" t="277" w="128" /></phr></stem><stem n="myclass"><phr n="MyClasses"><ent r="4" t="277" w="129" /><ent r="4" t="277" w="141" /><ent r="5" t="277" w="159" /><ent r="5" t="277" w="173" /><ent r="5" t="277" w="176" /><ent r="5" t="277" w="208" /><ent r="5" t="277" w="224" /><ent r="5" t="277" w="227" /></phr></stem><stem n="myclasses.pilot"><phr n="MyClasses.Pilot"><ent r="4" t="277" w="130" /><ent r="4" t="277" w="129" /><ent r="4" t="277" w="142" /><ent r="4" t="277" w="141" /><ent r="5" t="277" w="160" /><ent r="5" t="277" w="159" /><ent r="5" t="277" w="174" /><ent r="5" t="277" w="173" /><ent r="5" t="277" w="177" /><ent r="5" t="277" w="176" /><ent r="5" t="277" w="209" /><ent r="5" t="277" w="208" /><ent r="5" t="277" w="225" /><ent r="5" t="277" w="224" /><ent r="5" t="277" w="228" /><ent r="5" t="277" w="227" /></phr></stem><stem n=".pilot(&quot;david"><phr n=".Pilot(&quot;David"><ent r="4" t="277" w="131" /></phr></stem><stem n="david"><phr n="David"><ent r="4" t="277" w="131" /></phr></stem><stem n="barrichello"><phr n="Barrichello"><ent r="4" t="277" w="132" /></phr></stem><stem n="99"><phr n="99"><ent r="4" t="277" w="133" /></phr></stem><stem n="&quot;,99))"><phr n="&quot;,99))"><ent r="4" t="277" w="134" /></phr></stem><stem n="myclasses.pilot,"><phr n="MyClasses.Pilot,"><ent r="4" t="277" w="142" /><ent r="4" t="277" w="141" /><ent r="5" t="277" w="160" /><ent r="5" t="277" w="159" /><ent r="5" t="277" w="174" /><ent r="5" t="277" w="173" /><ent r="5" t="277" w="177" /><ent r="5" t="277" w="176" /><ent r="5" t="277" w="209" /><ent r="5" t="277" w="208" /><ent r="5" t="277" w="225" /><ent r="5" t="277" w="224" /><ent r="5" t="277" w="228" /><ent r="5" t="277" w="227" /></phr></stem><stem n="&quot;myclasses.pilot,"><phr n="&quot;MyClasses.Pilot,"><ent r="4" t="277" w="143" /></phr></stem><stem n="application2"><phr n="Application2"><ent r="4" t="277" w="145" /><ent r="4" t="277" w="147" /><ent r="5" t="277" w="178" /><ent r="5" t="277" w="229" /></phr></stem><stem n="application2.ex"><phr n="Application2.exe"><ent r="4" t="277" w="146" /><ent r="4" t="277" w="145" /></phr></stem><stem n="(&quot;application2&quot;"><phr n="(&quot;Application2&quot;"><ent r="4" t="277" w="148" /></phr></stem><stem n=".pilot,"><phr n=".Pilot,"><ent r="5" t="277" w="161" /><ent r="5" t="277" w="178" /><ent r="5" t="277" w="210" /><ent r="5" t="277" w="229" /></phr></stem><stem n=".common.addalias(new"><phr n=".Common.AddAlias(new"><ent r="5" t="277" w="171" /><ent r="5" t="277" w="222" /></phr></stem><stem n="(&quot;myclasses.pilot,"><phr n="(&quot;MyClasses.Pilot,"><ent r="5" t="277" w="175" /><ent r="5" t="277" w="226" /></phr></stem><stem n="&quot;));"><phr n="&quot;));"><ent r="5" t="277" w="179" /></phr></stem><stem n="reference.db4o"><phr n="reference.db4o"><ent r="5" t="277" w="186" /><ent r="5" t="277" w="185" /><ent r="5" t="277" w="239" /><ent r="5" t="277" w="238" /></phr></stem><stem n="&quot;reference.db4o&quot;);"><phr n="&quot;reference.db4o&quot;);"><ent r="5" t="277" w="187" /></phr></stem><stem n=".querybyexample(new"><phr n=".QueryByExample(new"><ent r="5" t="277" w="198" /></phr><phr n=".QueryByExample(New"><ent r="5" t="277" w="253" /></phr></stem><stem n="&quot;))"><phr n="&quot;))"><ent r="5" t="277" w="230" /></phr></stem><stem n="&quot;reference.db4o&quot;)"><phr n="&quot;reference.db4o&quot;)"><ent r="5" t="277" w="240" /></phr></stem><stem n="vulner"><phr n="vulnerable"><ent r="3" t="278" w="23" /></phr></stem><stem n="file-lock"><phr n="file-lock"><ent r="65" t="278" w="27" /><ent r="4" t="278" w="61" /></phr></stem><stem n="-lock,"><phr n="-lock,"><ent r="4" t="278" w="63" /><ent r="4" t="278" w="63" /></phr></stem><stem n="flush-oper"><phr n="flush-operation"><ent r="4" t="278" w="89" /></phr></stem><stem n="class-hierarchi"><phr n="class-hierarchy"><ent r="4" t="278" w="112" /><ent r="4" t="278" w="126" /><ent r="4" t="278" w="137" /></phr></stem><stem n="class-hierarchy-chang"><phr n="class-hierarchy-changes"><ent r="4" t="278" w="112" /></phr></stem><stem n="hierarchy-chang"><phr n="hierarchy-changes"><ent r="4" t="278" w="113" /></phr></stem><stem n="-hierarchy-changes."><phr n="-hierarchy-changes."><ent r="4" t="278" w="115" /><ent r="4" t="278" w="116" /></phr></stem><stem n="back.thi"><phr n="back.This"><ent r="4" t="278" w="163" /><ent r="4" t="278" w="162" /></phr></stem><stem n="paragraph"><phr n="paragraphs"><ent r="3" t="279" w="17" /></phr></stem><stem n="highlight"><phr n="highlight"><ent r="3" t="279" w="18" /></phr></stem><stem n="254gb"><phr n="254GB"><ent r="3" t="279" w="64" /><ent r="3" t="284" w="189" /></phr></stem><stem n="troubleshoot"><phr n="Troubleshooting"><ent r="1000" t="280" w="1" /><ent r="100" t="280" w="3" /><ent r="102" t="280" w="5" /></phr><phr n="troubleshooting"><ent r="3" t="280" w="13" /></phr></stem><stem n="&quot;debug"><phr n="&quot;Debug"><ent r="65" t="280" w="36" /></phr></stem><stem n="investig"><phr n="Investigate"><ent r="92" t="280" w="44" /></phr></stem><stem n="&quot;deal"><phr n="&quot;Deal"><ent r="64" t="280" w="69" /></phr></stem><stem n="&quot;perform"><phr n="&quot;Performance"><ent r="64" t="280" w="97" /></phr></stem><stem n="community.vers"><phr n="community.versant"><ent r="64" t="280" w="137" /><ent r="64" t="280" w="136" /><ent r="64" t="293" w="27" /><ent r="64" t="293" w="26" /><ent r="64" t="293" w="76" /><ent r="64" t="293" w="75" /><ent r="64" t="293" w="107" /><ent r="64" t="293" w="106" /></phr></stem><stem n="community.versant.com"><phr n="community.versant.com"><ent r="64" t="280" w="138" /><ent r="64" t="280" w="136" /><ent r="64" t="293" w="28" /><ent r="64" t="293" w="26" /><ent r="64" t="293" w="77" /><ent r="64" t="293" w="75" /><ent r="64" t="293" w="108" /><ent r="64" t="293" w="106" /></phr></stem><stem n="community.versant.com/forum"><phr n="community.versant.com/Forums"><ent r="64" t="280" w="139" /><ent r="64" t="280" w="136" /><ent r="64" t="293" w="78" /><ent r="64" t="293" w="75" /></phr></stem><stem n="://community.versant.com/forums.aspx"><phr n="://community.versant.com/Forums.aspx"><ent r="64" t="280" w="140" /><ent r="64" t="293" w="79" /></phr></stem><stem n="community.versant.com/forums.aspx"><phr n="community.versant.com/Forums.aspx"><ent r="64" t="280" w="140" /><ent r="64" t="280" w="136" /><ent r="64" t="293" w="79" /><ent r="64" t="293" w="75" /></phr></stem><stem n="riski"><phr n="risky"><ent r="64" t="281" w="55" /></phr></stem><stem n="defiantli"><phr n="defiantly"><ent r="3" t="281" w="181" /></phr></stem><stem n="idsofperson"><phr n="idsOfPersons"><ent r="4" t="281" w="316" /><ent r="4" t="281" w="335" /><ent r="4" t="281" w="422" /><ent r="4" t="281" w="449" /></phr></stem><stem n="(person)).getids();"><phr n="(Person)).GetIDs();"><ent r="4" t="281" w="325" /></phr></stem><stem n=".ext().getbyid(id);"><phr n=".Ext().GetByID(id);"><ent r="4" t="281" w="348" /></phr></stem><stem n=".ext().activate(person,"><phr n=".Ext().Activate(person,"><ent r="4" t="281" w="352" /><ent r="4" t="281" w="468" /></phr></stem><stem n="(except"><phr n="(Exception"><ent r="4" t="281" w="375" /></phr></stem><stem n="&quot;we"><phr n="&quot;We"><ent r="5" t="281" w="381" /><ent r="5" t="281" w="500" /></phr></stem><stem n=".out.writeline(e);"><phr n=".Out.WriteLine(e);"><ent r="4" t="281" w="404" /></phr></stem><stem n="trytoreadsingleobject"><phr n="TryToReadSingleObjects"><ent r="4" t="281" w="405" /><ent r="4" t="281" w="529" /></phr></stem><stem n="trytoreadsingleobjects.c"><phr n="TryToReadSingleObjects.cs"><ent r="4" t="281" w="406" /><ent r="4" t="281" w="405" /></phr></stem><stem n="(person)).getids()"><phr n="(Person)).GetIDs()"><ent r="4" t="281" w="436" /></phr></stem><stem n="(container.ext().getbyid(id),"><phr n="(container.Ext().GetByID(id),"><ent r="4" t="281" w="463" /></phr></stem><stem n=".out.writeline(e)"><phr n=".Out.WriteLine(e)"><ent r="4" t="281" w="522" /></phr></stem><stem n="trytoreadsingleobjects.vb"><phr n="TryToReadSingleObjects.vb"><ent r="4" t="281" w="530" /><ent r="4" t="281" w="529" /></phr></stem><stem n="performance-issu"><phr n="Performance-Issues"><ent r="100" t="282" w="6" /></phr></stem><stem n="experienc"><phr n="experiencing"><ent r="3" t="282" w="18" /></phr></stem><stem n="rel"><phr n="relatively"><ent r="3" t="282" w="318" /></phr></stem><stem n="-optim"><phr n="-optimization"><ent r="3" t="283" w="154" /><ent r="3" t="283" w="154" /></phr></stem><stem n="linq-optim"><phr n="LINQ-optimization"><ent r="3" t="283" w="154" /></phr></stem><stem n="/slow"><phr n="/Slow"><ent r="82" t="283" w="249" /></phr></stem><stem n="fast/slow"><phr n="Fast/Slow"><ent r="82" t="283" w="249" /><ent r="82" t="283" w="248" /></phr></stem><stem n="end-with"><phr n="end-with"><ent r="3" t="283" w="354" /></phr></stem><stem n="-with,"><phr n="-with,"><ent r="3" t="283" w="356" /><ent r="3" t="283" w="356" /></phr></stem><stem n="-with"><phr n="-with"><ent r="3" t="283" w="358" /><ent r="3" t="283" w="358" /></phr></stem><stem n="&quot;block"><phr n="&quot;Block"><ent r="64" t="284" w="49" /></phr></stem><stem n="permit"><phr n="permits"><ent r="3" t="284" w="137" /></phr></stem><stem n="(2gb)"><phr n="(2GB)"><ent r="3" t="284" w="186" /></phr></stem><stem n="(254gb)"><phr n="(254GB)"><ent r="3" t="284" w="190" /></phr></stem><stem n="pad"><phr n="padding"><ent r="3" t="284" w="201" /></phr></stem><stem n="(address"><phr n="(address"><ent r="3" t="284" w="263" /></phr></stem><stem n="address"><phr n="address"><ent r="3" t="284" w="263" /></phr><phr n="Address"><ent r="92" t="310" w="46" /></phr></stem><stem n="header"><phr n="header"><ent r="3" t="285" w="60" /><ent r="6" t="299" w="428" /><ent r="6" t="299" w="440" /></phr><phr n="Header"><ent r="6" t="299" w="430" /></phr></stem><stem n="unneed"><phr n="unneeded"><ent r="3" t="285" w="251" /></phr></stem><stem n="regularli"><phr n="regularly"><ent r="3" t="285" w="287" /><ent r="3" t="285" w="352" /></phr></stem><stem n="kill"><phr n="Killed"><ent r="92" t="285" w="301" /></phr><phr n="killed"><ent r="3" t="285" w="326" /></phr><phr n="kill"><ent r="3" t="285" w="333" /></phr></stem><stem n="application'"><phr n="application's"><ent r="3" t="286" w="56" /><ent r="3" t="286" w="55" /></phr></stem><stem n="perman"><phr n="permanently"><ent r="4" t="286" w="109" /></phr></stem><stem n="(sai"><phr n="(say"><ent r="4" t="286" w="124" /></phr></stem><stem n="sai"><phr n="say"><ent r="4" t="286" w="124" /></phr></stem><stem n="&gt;100"><phr n="&gt;100"><ent r="4" t="286" w="125" /></phr></stem><stem n="om"><phr n="OME"><ent r="66" t="287" w="13" /><ent r="4" t="287" w="34" /><ent r="4" t="287" w="44" /><ent r="4" t="287" w="91" /><ent r="4" t="287" w="95" /><ent r="67" t="287" w="125" /><ent r="1000" t="288" w="1" /><ent r="102" t="288" w="4" /><ent r="65" t="288" w="32" /><ent r="65" t="290" w="249" /><ent r="65" t="291" w="26" /><ent r="3" t="291" w="61" /><ent r="1000" t="292" w="5" /><ent r="102" t="292" w="17" /><ent r="65" t="292" w="47" /><ent r="3" t="292" w="226" /><ent r="3" t="292" w="236" /></phr><phr n="OM"><ent r="3" t="288" w="11" /></phr></stem><stem n="plugin"><phr n="plugin"><ent r="4" t="287" w="43" /><ent r="5" t="297" w="473" /><ent r="5" t="297" w="531" /><ent r="3" t="307" w="47" /><ent r="6" t="313" w="384" /><ent r="6" t="313" w="392" /><ent r="6" t="313" w="404" /><ent r="6" t="313" w="419" /></phr><phr n="plugins"><ent r="5" t="297" w="275" /><ent r="5" t="297" w="570" /><ent r="4" t="297" w="713" /><ent r="4" t="297" w="715" /><ent r="4" t="297" w="720" /><ent r="5" t="298" w="237" /><ent r="4" t="306" w="564" /><ent r="4" t="306" w="603" /><ent r="6" t="313" w="200" /></phr></stem><stem n="opt"><phr n="opt"><ent r="4" t="287" w="57" /></phr></stem><stem n="shortcut"><phr n="shortcut"><ent r="4" t="287" w="70" /><ent r="3" t="289" w="54" /></phr></stem><stem n="menu"><phr n="menu"><ent r="4" t="287" w="76" /><ent r="3" t="288" w="22" /><ent r="3" t="289" w="59" /><ent r="3" t="290" w="276" /><ent r="3" t="291" w="88" /><ent r="3" t="292" w="88" /><ent r="3" t="292" w="270" /><ent r="4" t="306" w="574" /></phr></stem><stem n="ome-fold"><phr n="OME-folder"><ent r="4" t="287" w="95" /></phr></stem><stem n="omefor"><phr n="OMEfor"><ent r="4" t="287" w="107" /></phr></stem><stem n="(om)"><phr n="(OM)"><ent r="3" t="288" w="12" /></phr></stem><stem n="icon"><phr n="icons"><ent r="3" t="288" w="47" /></phr></stem><stem n="-&gt;object"><phr n="-&gt;Object"><ent r="3" t="289" w="46" /><ent r="3" t="289" w="46" /><ent r="3" t="290" w="270" /><ent r="3" t="290" w="270" /></phr></stem><stem n="tools-&gt;object"><phr n="Tools-&gt;Object"><ent r="3" t="289" w="46" /><ent r="3" t="290" w="270" /></phr></stem><stem n="&gt;object"><phr n="&gt;Object"><ent r="3" t="289" w="47" /><ent r="3" t="290" w="271" /></phr></stem><stem n="-&gt;connect"><phr n="-&gt;Connect"><ent r="3" t="289" w="49" /><ent r="3" t="289" w="49" /></phr></stem><stem n="enterprise-&gt;connect"><phr n="Enterprise-&gt;Connect"><ent r="3" t="289" w="49" /></phr></stem><stem n="&gt;connect"><phr n="&gt;Connect"><ent r="3" t="289" w="50" /></phr></stem><stem n="drag"><phr n="drag"><ent r="4" t="289" w="127" /><ent r="3" t="289" w="244" /><ent r="3" t="290" w="157" /><ent r="3" t="290" w="188" /></phr><phr n="Drag"><ent r="3" t="290" w="113" /></phr></stem><stem n="&amp;drop"><phr n="&amp;drop"><ent r="4" t="289" w="128" /><ent r="3" t="289" w="245" /></phr></stem><stem n="drop"><phr n="drop"><ent r="4" t="289" w="128" /><ent r="3" t="289" w="245" /><ent r="3" t="290" w="190" /><ent r="3" t="290" w="221" /></phr></stem><stem n="(pilot),"><phr n="(Pilot),"><ent r="3" t="289" w="157" /></phr></stem><stem n="&quot;indexed&quot;"><phr n="&quot;Indexed&quot;"><ent r="3" t="289" w="182" /></phr></stem><stem n="press"><phr n="pressing"><ent r="3" t="289" w="191" /></phr><phr n="Press"><ent r="4" t="306" w="591" /></phr></stem><stem n="&quot;save"><phr n="&quot;Save"><ent r="3" t="289" w="192" /><ent r="4" t="307" w="71" /></phr></stem><stem n="panel"><phr n="panel"><ent r="3" t="289" w="198" /></phr></stem><stem n="histori"><phr n="history"><ent r="3" t="289" w="226" /><ent r="3" t="290" w="220" /></phr></stem><stem n="favourit"><phr n="favourite"><ent r="3" t="289" w="241" /></phr></stem><stem n="&quot;show"><phr n="&quot;Show"><ent r="3" t="290" w="29" /><ent r="3" t="292" w="81" /><ent r="3" t="292" w="145" /></phr></stem><stem n="shown"><phr n="shown"><ent r="3" t="290" w="40" /></phr></stem><stem n="prompt"><phr n="prompted"><ent r="3" t="290" w="94" /></phr></stem><stem n="&quot;contains&quot;,"><phr n="&quot;Contains&quot;,"><ent r="3" t="290" w="129" /></phr></stem><stem n="&quot;a&quot;"><phr n="&quot;a&quot;"><ent r="3" t="290" w="133" /></phr></stem><stem n="&quot;and&quot;"><phr n="&quot;AND&quot;"><ent r="3" t="290" w="156" /></phr></stem><stem n="&quot;start"><phr n="&quot;Starts"><ent r="3" t="290" w="163" /></phr></stem><stem n="&quot;jo&quot;."><phr n="&quot;Jo&quot;."><ent r="3" t="290" w="170" /></phr></stem><stem n="-run"><phr n="-run"><ent r="3" t="290" w="170" /><ent r="3" t="290" w="170" /></phr></stem><stem n="re-run"><phr n="Re-run"><ent r="3" t="290" w="170" /></phr></stem><stem n="&quot;attribut"><phr n="&quot;Attribute"><ent r="3" t="290" w="199" /></phr></stem><stem n="drop-down"><phr n="drop-down"><ent r="3" t="290" w="221" /></phr></stem><stem n="-down:"><phr n="-down:"><ent r="3" t="290" w="223" /><ent r="3" t="290" w="223" /></phr></stem><stem n="-&gt;"><phr n="-&gt;"><ent r="3" t="290" w="273" /><ent r="3" t="290" w="273" /><ent r="3" t="291" w="82" /><ent r="3" t="291" w="82" /><ent r="3" t="291" w="86" /><ent r="3" t="291" w="86" /><ent r="3" t="292" w="264" /><ent r="3" t="292" w="264" /><ent r="3" t="292" w="268" /><ent r="3" t="292" w="268" /></phr></stem><stem n="enterprise-&gt;"><phr n="Enterprise-&gt;"><ent r="3" t="290" w="273" /></phr></stem><stem n=":view"><phr n=":View"><ent r="100" t="291" w="7" /><ent r="100" t="292" w="10" /></phr></stem><stem n="collection-item"><phr n="collection-items"><ent r="3" t="291" w="45" /></phr></stem><stem n="collection-typ"><phr n="collection-type"><ent r="3" t="291" w="52" /></phr></stem><stem n="-members,"><phr n="-members,"><ent r="3" t="291" w="61" /><ent r="3" t="291" w="61" /></phr></stem><stem n="&quot;tools&quot;"><phr n="&quot;Tools&quot;"><ent r="3" t="291" w="82" /><ent r="3" t="292" w="264" /></phr></stem><stem n="&quot;options&quot;"><phr n="&quot;Options&quot;"><ent r="3" t="291" w="88" /><ent r="3" t="292" w="270" /></phr></stem><stem n="&quot;assembl"><phr n="&quot;Assembly"><ent r="3" t="291" w="91" /><ent r="3" t="292" w="273" /></phr></stem><stem n="...&quot;."><phr n="...&quot;."><ent r="3" t="291" w="94" /><ent r="3" t="292" w="276" /></phr></stem><stem n="collections-memb"><phr n="collections-members"><ent r="3" t="291" w="119" /></phr></stem><stem n=".net-enum"><phr n=".NET-enums"><ent r="64" t="292" w="19" /></phr></stem><stem n="net-enum"><phr n="NET-enums"><ent r="64" t="292" w="19" /></phr></stem><stem n="proce"><phr n="proceed"><ent r="3" t="292" w="78" /></phr></stem><stem n="went"><phr n="went"><ent r="3" t="292" w="150" /></phr></stem><stem n="enum-typ"><phr n="enum-type"><ent r="3" t="292" w="258" /></phr></stem><stem n="particip"><phr n="Participate"><ent r="3" t="293" w="7" /></phr></stem><stem n="community.versant.com/"><phr n="community.versant.com/"><ent r="64" t="293" w="28" /><ent r="64" t="293" w="26" /></phr></stem><stem n="://community.versant.com/"><phr n="://community.versant.com/"><ent r="64" t="293" w="29" /></phr></stem><stem n="community.versant.com/blog"><phr n="community.versant.com/Blogs"><ent r="64" t="293" w="109" /><ent r="64" t="293" w="106" /></phr></stem><stem n="://community.versant.com/blogs.aspx"><phr n="://community.versant.com/Blogs.aspx"><ent r="64" t="293" w="110" /></phr></stem><stem n="community.versant.com/blogs.aspx"><phr n="community.versant.com/Blogs.aspx"><ent r="64" t="293" w="110" /><ent r="64" t="293" w="106" /></phr></stem><stem n="twitter"><phr n="Twitter"><ent r="3" t="293" w="116" /></phr><phr n="twitter"><ent r="64" t="293" w="119" /></phr></stem><stem n="twitter.com"><phr n="twitter.com"><ent r="64" t="293" w="120" /><ent r="64" t="293" w="119" /></phr></stem><stem n="://twitter.com/db4object"><phr n="://twitter.com/db4objects"><ent r="64" t="293" w="121" /></phr></stem><stem n="twitter.com/db4object"><phr n="twitter.com/db4objects"><ent r="64" t="293" w="121" /><ent r="64" t="293" w="119" /></phr></stem><stem n="-track"><phr n="-tracking"><ent r="64" t="293" w="187" /><ent r="64" t="293" w="187" /></phr></stem><stem n="bug-track"><phr n="bug-tracking"><ent r="64" t="293" w="187" /></phr></stem><stem n="reproduc"><phr n="reproduces"><ent r="3" t="293" w="222" /><ent r="4" t="294" w="172" /></phr><phr n="reproduce"><ent r="3" t="293" w="237" /><ent r="4" t="294" w="141" /><ent r="4" t="294" w="158" /></phr></stem><stem n="confus"><phr n="confusion"><ent r="3" t="293" w="233" /></phr></stem><stem n="tracker"><phr n="tracker"><ent r="3" t="294" w="57" /></phr></stem><stem n="room"><phr n="room"><ent r="3" t="294" w="132" /></phr></stem><stem n="instruct"><phr n="instruction"><ent r="4" t="294" w="154" /></phr><phr n="instructions"><ent r="3" t="306" w="316" /></phr></stem><stem n="essenti"><phr n="essential"><ent r="4" t="294" w="162" /></phr></stem><stem n="test-cod"><phr n="test-code"><ent r="4" t="294" w="169" /></phr></stem><stem n="'properties',"><phr n="'Properties',"><ent r="5" t="294" w="201" /></phr></stem><stem n="'details'"><phr n="'Details'"><ent r="5" t="294" w="206" /></phr></stem><stem n="'product"><phr n="'Product"><ent r="5" t="294" w="213" /></phr></stem><stem n="trace"><phr n="trace"><ent r="4" t="294" w="247" /></phr></stem><stem n="review"><phr n="reviewing"><ent r="3" t="295" w="25" /></phr></stem><stem n="svn"><phr n="SVN"><ent r="64" t="295" w="53" /><ent r="54" t="295" w="62" /><ent r="3" t="305" w="30" /><ent r="3" t="306" w="82" /><ent r="3" t="307" w="37" /></phr><phr n="svn"><ent r="3" t="297" w="18" /><ent r="3" t="305" w="98" /><ent r="6" t="313" w="360" /><ent r="6" t="313" w="372" /></phr></stem><stem n="repositori"><phr n="repository"><ent r="64" t="295" w="54" /><ent r="54" t="295" w="63" /><ent r="3" t="297" w="19" /><ent r="3" t="305" w="31" /></phr><phr n="Repository"><ent r="66" t="295" w="99" /><ent r="1000" t="305" w="3" /><ent r="102" t="305" w="7" /></phr></stem><stem n="source.db4o"><phr n="source.db4o"><ent r="115" t="295" w="71" /><ent r="115" t="295" w="70" /><ent r="64" t="297" w="24" /><ent r="64" t="297" w="23" /><ent r="64" t="305" w="66" /><ent r="64" t="305" w="65" /></phr></stem><stem n="source.db4o.com"><phr n="source.db4o.com"><ent r="115" t="295" w="72" /><ent r="115" t="295" w="70" /><ent r="64" t="297" w="25" /><ent r="64" t="297" w="23" /><ent r="64" t="305" w="67" /><ent r="64" t="305" w="65" /></phr></stem><stem n="source.db4o.com/db4o"><phr n="source.db4o.com/db4o"><ent r="115" t="295" w="73" /><ent r="115" t="295" w="70" /><ent r="64" t="297" w="26" /><ent r="64" t="297" w="23" /><ent r="64" t="305" w="68" /><ent r="64" t="305" w="65" /></phr></stem><stem n="source.db4o.com/db4o/trunk"><phr n="source.db4o.com/db4o/trunk"><ent r="115" t="295" w="74" /><ent r="115" t="295" w="70" /><ent r="64" t="297" w="27" /><ent r="64" t="297" w="23" /><ent r="64" t="305" w="69" /><ent r="64" t="305" w="65" /></phr></stem><stem n="trunk"><phr n="trunk"><ent r="115" t="295" w="74" /><ent r="64" t="297" w="27" /><ent r="64" t="305" w="69" /></phr></stem><stem n="source.db4o.com/db4o/trunk/"><phr n="source.db4o.com/db4o/trunk/"><ent r="115" t="295" w="74" /><ent r="115" t="295" w="70" /><ent r="64" t="305" w="69" /><ent r="64" t="305" w="65" /></phr></stem><stem n="://source.db4o.com/db4o/trunk/"><phr n="://source.db4o.com/db4o/trunk/"><ent r="115" t="295" w="75" /><ent r="64" t="305" w="70" /></phr></stem><stem n="sharpen"><phr n="Sharpen"><ent r="66" t="295" w="84" /><ent r="1000" t="296" w="1" /><ent r="100" t="296" w="3" /><ent r="102" t="296" w="5" /><ent r="65" t="296" w="7" /><ent r="5" t="296" w="9" /><ent r="67" t="296" w="66" /><ent r="67" t="296" w="70" /><ent r="67" t="296" w="73" /><ent r="67" t="296" w="78" /><ent r="1000" t="297" w="4" /><ent r="102" t="297" w="9" /><ent r="65" t="297" w="55" /><ent r="5" t="297" w="57" /><ent r="4" t="297" w="501" /><ent r="3" t="297" w="511" /><ent r="4" t="297" w="592" /><ent r="3" t="297" w="642" /><ent r="3" t="297" w="738" /><ent r="1000" t="298" w="3" /><ent r="102" t="298" w="8" /><ent r="65" t="298" w="34" /><ent r="5" t="298" w="36" /><ent r="4" t="298" w="498" /><ent r="3" t="298" w="556" /><ent r="64" t="298" w="568" /><ent r="1000" t="299" w="1" /><ent r="102" t="299" w="6" /><ent r="65" t="299" w="11" /><ent r="5" t="299" w="13" /><ent r="4" t="299" w="50" /><ent r="6" t="299" w="320" /><ent r="1000" t="300" w="1" /><ent r="102" t="300" w="4" /><ent r="65" t="300" w="7" /><ent r="5" t="300" w="9" /></phr><phr n="sharpen"><ent r="3" t="296" w="40" /><ent r="3" t="297" w="14" /><ent r="64" t="297" w="28" /><ent r="3" t="297" w="37" /><ent r="4" t="297" w="40" /><ent r="4" t="297" w="43" /><ent r="4" t="297" w="46" /><ent r="4" t="297" w="49" /><ent r="3" t="297" w="125" /><ent r="5" t="297" w="143" /><ent r="5" t="297" w="156" /><ent r="5" t="297" w="168" /><ent r="5" t="297" w="242" /><ent r="5" t="297" w="428" /><ent r="5" t="297" w="458" /><ent r="4" t="297" w="497" /><ent r="5" t="297" w="530" /><ent r="5" t="297" w="539" /><ent r="5" t="297" w="557" /><ent r="5" t="297" w="572" /><ent r="4" t="297" w="588" /><ent r="4" t="297" w="649" /><ent r="4" t="297" w="701" /><ent r="4" t="297" w="722" /><ent r="4" t="297" w="728" /><ent r="3" t="298" w="16" /><ent r="5" t="298" w="118" /><ent r="5" t="298" w="183" /><ent r="5" t="298" w="331" /><ent r="4" t="298" w="375" /><ent r="4" t="298" w="379" /><ent r="3" t="298" w="395" /><ent r="5" t="298" w="429" /><ent r="5" t="298" w="436" /><ent r="5" t="298" w="471" /><ent r="5" t="298" w="485" /><ent r="4" t="298" w="495" /><ent r="3" t="298" w="514" /><ent r="3" t="298" w="530" /><ent r="4" t="299" w="61" /><ent r="3" t="299" w="71" /><ent r="4" t="299" w="117" /><ent r="4" t="299" w="131" /><ent r="4" t="299" w="137" /><ent r="6" t="299" w="394" /><ent r="6" t="299" w="463" /><ent r="5" t="299" w="538" /><ent r="6" t="300" w="91" /><ent r="6" t="300" w="105" /><ent r="6" t="300" w="124" /><ent r="6" t="300" w="128" /><ent r="6" t="300" w="154" /><ent r="6" t="300" w="161" /><ent r="6" t="300" w="177" /><ent r="5" t="300" w="185" /><ent r="6" t="300" w="201" /><ent r="5" t="300" w="209" /><ent r="6" t="300" w="222" /><ent r="6" t="300" w="236" /><ent r="6" t="300" w="268" /><ent r="6" t="300" w="303" /><ent r="6" t="300" w="331" /><ent r="6" t="300" w="340" /><ent r="6" t="300" w="344" /><ent r="6" t="300" w="355" /><ent r="6" t="300" w="363" /><ent r="6" t="300" w="374" /><ent r="6" t="300" w="383" /><ent r="6" t="300" w="396" /><ent r="6" t="300" w="409" /><ent r="6" t="300" w="426" /><ent r="6" t="300" w="445" /><ent r="6" t="300" w="455" /><ent r="5" t="300" w="467" /><ent r="6" t="300" w="484" /><ent r="6" t="300" w="504" /><ent r="5" t="300" w="516" /><ent r="6" t="300" w="548" /><ent r="5" t="300" w="601" /><ent r="6" t="300" w="612" /><ent r="5" t="300" w="629" /><ent r="4" t="305" w="235" /><ent r="4" t="306" w="231" /><ent r="6" t="313" w="201" /><ent r="7" t="313" w="374" /><ent r="7" t="313" w="387" /><ent r="7" t="313" w="395" /><ent r="6" t="313" w="399" /><ent r="6" t="313" w="401" /><ent r="7" t="313" w="407" /><ent r="6" t="313" w="412" /><ent r="6" t="313" w="414" /><ent r="6" t="313" w="416" /></phr><phr n="sharpened"><ent r="4" t="299" w="44" /></phr><phr n="sharpening"><ent r="6" t="299" w="220" /></phr><phr n="sharpener"><ent r="3" t="300" w="33" /></phr><phr n="SHARPEN"><ent r="6" t="300" w="312" /></phr></stem></index>