﻿<?xml version="1.0" encoding="utf-8"?><index><stem n="query.execut"><phr n="query.Execute"><ent r="4" t="20" w="344" /><ent r="4" t="20" w="343" /><ent r="4" t="20" w="394" /><ent r="4" t="20" w="393" /><ent r="4" t="27" w="129" /><ent r="4" t="27" w="128" /><ent r="4" t="27" w="169" /><ent r="4" t="27" w="168" /><ent r="4" t="27" w="240" /><ent r="4" t="27" w="239" /><ent r="4" t="27" w="290" /><ent r="4" t="27" w="289" /><ent r="4" t="27" w="352" /><ent r="4" t="27" w="351" /><ent r="4" t="27" w="399" /><ent r="4" t="27" w="398" /><ent r="4" t="27" w="436" /><ent r="4" t="27" w="435" /><ent r="4" t="27" w="486" /><ent r="4" t="27" w="485" /><ent r="4" t="27" w="561" /><ent r="4" t="27" w="560" /><ent r="4" t="27" w="619" /><ent r="4" t="27" w="618" /><ent r="4" t="27" w="669" /><ent r="4" t="27" w="668" /><ent r="4" t="27" w="716" /><ent r="4" t="27" w="715" /><ent r="4" t="27" w="913" /><ent r="4" t="27" w="912" /><ent r="4" t="27" w="1030" /><ent r="4" t="27" w="1029" /><ent r="4" t="27" w="1155" /><ent r="4" t="27" w="1154" /><ent r="4" t="27" w="1226" /><ent r="4" t="27" w="1225" /><ent r="4" t="27" w="1310" /><ent r="4" t="27" w="1309" /><ent r="4" t="27" w="1362" /><ent r="4" t="27" w="1361" /><ent r="4" t="28" w="125" /><ent r="4" t="28" w="124" /><ent r="4" t="28" w="172" /><ent r="4" t="28" w="171" /><ent r="4" t="28" w="274" /><ent r="4" t="28" w="273" /><ent r="4" t="28" w="326" /><ent r="4" t="28" w="325" /><ent r="4" t="28" w="431" /><ent r="4" t="28" w="430" /><ent r="4" t="28" w="480" /><ent r="4" t="28" w="479" /><ent r="4" t="28" w="770" /><ent r="4" t="28" w="769" /><ent r="4" t="28" w="851" /><ent r="4" t="28" w="850" /><ent r="4" t="28" w="979" /><ent r="4" t="28" w="978" /><ent r="4" t="28" w="1035" /><ent r="4" t="28" w="1034" /><ent r="4" t="28" w="1131" /><ent r="4" t="28" w="1130" /><ent r="4" t="28" w="1207" /><ent r="4" t="28" w="1206" /><ent r="4" t="29" w="349" /><ent r="4" t="29" w="348" /><ent r="4" t="29" w="392" /><ent r="4" t="29" w="391" /><ent r="4" t="29" w="470" /><ent r="4" t="29" w="469" /><ent r="4" t="29" w="518" /><ent r="4" t="29" w="517" /><ent r="4" t="29" w="776" /><ent r="4" t="29" w="775" /><ent r="4" t="29" w="830" /><ent r="4" t="29" w="829" /><ent r="4" t="30" w="112" /><ent r="4" t="30" w="111" /><ent r="4" t="30" w="157" /><ent r="4" t="30" w="156" /><ent r="4" t="30" w="229" /><ent r="4" t="30" w="228" /><ent r="4" t="30" w="280" /><ent r="4" t="30" w="279" /><ent r="4" t="30" w="346" /><ent r="4" t="30" w="345" /><ent r="4" t="30" w="391" /><ent r="4" t="30" w="390" /></phr><phr n="Query.execute"><ent r="5" t="166" w="179" /><ent r="5" t="166" w="178" /><ent r="4" t="166" w="247" /><ent r="4" t="166" w="246" /></phr></stem><stem n=".execute();"><phr n=".Execute();"><ent r="4" t="20" w="345" /><ent r="4" t="27" w="130" /><ent r="4" t="27" w="241" /><ent r="4" t="27" w="353" /><ent r="4" t="27" w="437" /><ent r="4" t="27" w="562" /><ent r="4" t="27" w="670" /><ent r="4" t="27" w="914" /><ent r="4" t="27" w="1156" /><ent r="4" t="27" w="1311" /><ent r="4" t="28" w="126" /><ent r="4" t="28" w="275" /><ent r="4" t="28" w="432" /><ent r="4" t="28" w="771" /><ent r="4" t="28" w="980" /><ent r="4" t="28" w="1132" /><ent r="4" t="29" w="350" /><ent r="4" t="29" w="471" /><ent r="4" t="29" w="777" /><ent r="4" t="30" w="113" /><ent r="4" t="30" w="230" /><ent r="4" t="30" w="347" /></phr></stem><stem n="sodaqueryexampl"><phr n="SodaQueryExamples"><ent r="4" t="20" w="346" /><ent r="4" t="20" w="396" /><ent r="4" t="27" w="131" /><ent r="4" t="27" w="171" /><ent r="4" t="27" w="242" /><ent r="4" t="27" w="292" /><ent r="4" t="27" w="354" /><ent r="4" t="27" w="401" /><ent r="4" t="27" w="438" /><ent r="4" t="27" w="488" /><ent r="4" t="27" w="563" /><ent r="4" t="27" w="621" /><ent r="4" t="27" w="671" /><ent r="4" t="27" w="718" /><ent r="4" t="27" w="915" /><ent r="4" t="27" w="1032" /><ent r="4" t="27" w="1157" /><ent r="4" t="27" w="1228" /><ent r="4" t="27" w="1312" /><ent r="4" t="27" w="1364" /><ent r="4" t="28" w="127" /><ent r="4" t="28" w="174" /><ent r="4" t="28" w="276" /><ent r="4" t="28" w="328" /><ent r="4" t="28" w="433" /><ent r="4" t="28" w="482" /><ent r="4" t="28" w="572" /><ent r="4" t="28" w="633" /><ent r="4" t="28" w="772" /><ent r="4" t="28" w="853" /><ent r="4" t="28" w="981" /><ent r="4" t="28" w="1037" /><ent r="4" t="28" w="1133" /><ent r="4" t="28" w="1209" /></phr></stem><stem n="sodaqueryexamples.c"><phr n="SodaQueryExamples.cs"><ent r="4" t="20" w="347" /><ent r="4" t="20" w="346" /><ent r="4" t="27" w="132" /><ent r="4" t="27" w="131" /><ent r="4" t="27" w="243" /><ent r="4" t="27" w="242" /><ent r="4" t="27" w="355" /><ent r="4" t="27" w="354" /><ent r="4" t="27" w="439" /><ent r="4" t="27" w="438" /><ent r="4" t="27" w="564" /><ent r="4" t="27" w="563" /><ent r="4" t="27" w="672" /><ent r="4" t="27" w="671" /><ent r="4" t="27" w="916" /><ent r="4" t="27" w="915" /><ent r="4" t="27" w="1158" /><ent r="4" t="27" w="1157" /><ent r="4" t="27" w="1313" /><ent r="4" t="27" w="1312" /><ent r="4" t="28" w="128" /><ent r="4" t="28" w="127" /><ent r="4" t="28" w="277" /><ent r="4" t="28" w="276" /><ent r="4" t="28" w="434" /><ent r="4" t="28" w="433" /><ent r="4" t="28" w="573" /><ent r="4" t="28" w="572" /><ent r="4" t="28" w="773" /><ent r="4" t="28" w="772" /><ent r="4" t="28" w="982" /><ent r="4" t="28" w="981" /><ent r="4" t="28" w="1134" /><ent r="4" t="28" w="1133" /></phr></stem><stem n=".query()"><phr n=".Query()"><ent r="4" t="20" w="370" /><ent r="4" t="27" w="154" /><ent r="4" t="27" w="266" /><ent r="4" t="27" w="376" /><ent r="4" t="27" w="462" /><ent r="4" t="27" w="585" /><ent r="4" t="27" w="691" /><ent r="4" t="27" w="935" /><ent r="4" t="27" w="1192" /><ent r="4" t="27" w="1334" /><ent r="4" t="28" w="148" /><ent r="4" t="28" w="298" /><ent r="4" t="28" w="456" /><ent r="4" t="28" w="596" /><ent r="4" t="28" w="795" /><ent r="4" t="28" w="1002" /><ent r="4" t="28" w="1157" /><ent r="4" t="29" w="371" /><ent r="4" t="29" w="493" /><ent r="4" t="29" w="801" /><ent r="4" t="30" w="136" /><ent r="4" t="30" w="253" /><ent r="4" t="30" w="370" /><ent r="4" t="31" w="160" /><ent r="4" t="31" w="252" /><ent r="4" t="31" w="422" /><ent r="4" t="31" w="520" /><ent r="4" t="31" w="596" /><ent r="4" t="31" w="668" /><ent r="4" t="31" w="754" /><ent r="4" t="31" w="821" /><ent r="4" t="31" w="1065" /><ent r="4" t="31" w="1172" /><ent r="4" t="31" w="1237" /><ent r="4" t="31" w="1336" /><ent r="4" t="31" w="1403" /><ent r="4" t="31" w="1511" /><ent r="4" t="31" w="1587" /></phr></stem><stem n="gettyp"><phr n="GetType"><ent r="5" t="20" w="373" /><ent r="5" t="24" w="507" /><ent r="5" t="27" w="157" /><ent r="5" t="27" w="269" /><ent r="5" t="27" w="379" /><ent r="5" t="27" w="465" /><ent r="5" t="27" w="588" /><ent r="5" t="27" w="694" /><ent r="5" t="27" w="938" /><ent r="5" t="27" w="1195" /><ent r="5" t="27" w="1337" /><ent r="5" t="28" w="151" /><ent r="5" t="28" w="301" /><ent r="5" t="28" w="459" /><ent r="5" t="28" w="599" /><ent r="5" t="28" w="798" /><ent r="5" t="28" w="1160" /><ent r="5" t="29" w="374" /><ent r="5" t="29" w="496" /><ent r="5" t="29" w="804" /><ent r="5" t="30" w="139" /><ent r="5" t="30" w="256" /><ent r="5" t="30" w="373" /><ent r="5" t="31" w="163" /><ent r="5" t="31" w="255" /><ent r="5" t="31" w="425" /><ent r="5" t="31" w="523" /><ent r="5" t="31" w="599" /><ent r="5" t="31" w="671" /><ent r="5" t="31" w="757" /><ent r="5" t="31" w="824" /><ent r="5" t="31" w="1068" /><ent r="5" t="31" w="1175" /><ent r="5" t="31" w="1240" /><ent r="5" t="31" w="1339" /><ent r="5" t="31" w="1406" /><ent r="5" t="31" w="1514" /><ent r="5" t="31" w="1590" /><ent r="5" t="50" w="554" /><ent r="5" t="50" w="559" /><ent r="5" t="50" w="583" /><ent r="5" t="50" w="587" /><ent r="5" t="57" w="121" /><ent r="5" t="59" w="218" /><ent r="5" t="63" w="135" /><ent r="5" t="64" w="139" /><ent r="5" t="64" w="147" /><ent r="5" t="67" w="176" /><ent r="5" t="67" w="195" /><ent r="5" t="70" w="212" /><ent r="5" t="70" w="460" /><ent r="5" t="70" w="551" /><ent r="5" t="70" w="743" /><ent r="4" t="99" w="947" /><ent r="5" t="99" w="1084" /><ent r="5" t="112" w="97" /><ent r="4" t="112" w="546" /><ent r="5" t="112" w="1030" /><ent r="5" t="112" w="1033" /><ent r="5" t="112" w="1425" /><ent r="5" t="114" w="592" /><ent r="5" t="114" w="777" /><ent r="5" t="116" w="201" /><ent r="5" t="117" w="751" /><ent r="5" t="121" w="480" /><ent r="4" t="141" w="184" /><ent r="5" t="141" w="313" /><ent r="5" t="141" w="441" /><ent r="5" t="145" w="216" /><ent r="5" t="146" w="249" /><ent r="5" t="152" w="201" /><ent r="5" t="157" w="82" /><ent r="5" t="180" w="185" /><ent r="5" t="210" w="99" /><ent r="5" t="211" w="64" /><ent r="5" t="212" w="85" /><ent r="5" t="213" w="111" /><ent r="5" t="214" w="83" /><ent r="5" t="215" w="66" /><ent r="5" t="216" w="85" /><ent r="5" t="217" w="85" /><ent r="5" t="218" w="117" /><ent r="5" t="219" w="69" /><ent r="5" t="220" w="82" /><ent r="5" t="221" w="72" /><ent r="5" t="222" w="98" /><ent r="5" t="223" w="247" /><ent r="5" t="223" w="403" /><ent r="5" t="223" w="526" /><ent r="5" t="223" w="628" /><ent r="5" t="223" w="720" /><ent r="5" t="250" w="200" /><ent r="5" t="251" w="207" /><ent r="4" t="251" w="323" /><ent r="5" t="259" w="316" /><ent r="5" t="264" w="423" /><ent r="5" t="272" w="244" /><ent r="5" t="272" w="461" /><ent r="5" t="281" w="432" /></phr></stem><stem n="(pilot))"><phr n="(Pilot))"><ent r="4" t="20" w="376" /><ent r="4" t="24" w="510" /><ent r="4" t="27" w="160" /><ent r="4" t="27" w="272" /><ent r="4" t="27" w="382" /><ent r="4" t="27" w="468" /><ent r="4" t="27" w="591" /><ent r="4" t="27" w="697" /><ent r="4" t="27" w="941" /><ent r="4" t="28" w="1163" /><ent r="4" t="29" w="377" /><ent r="4" t="29" w="807" /><ent r="4" t="30" w="142" /><ent r="4" t="30" w="259" /><ent r="4" t="30" w="376" /></phr></stem><stem n=".execute()"><phr n=".Execute()"><ent r="4" t="20" w="395" /><ent r="4" t="27" w="170" /><ent r="4" t="27" w="291" /><ent r="4" t="27" w="400" /><ent r="4" t="27" w="487" /><ent r="4" t="27" w="620" /><ent r="4" t="27" w="717" /><ent r="4" t="27" w="1031" /><ent r="4" t="27" w="1227" /><ent r="4" t="27" w="1363" /><ent r="4" t="28" w="173" /><ent r="4" t="28" w="327" /><ent r="4" t="28" w="481" /><ent r="4" t="28" w="852" /><ent r="4" t="28" w="1036" /><ent r="4" t="28" w="1208" /><ent r="4" t="29" w="393" /><ent r="4" t="29" w="519" /><ent r="4" t="29" w="831" /><ent r="4" t="30" w="158" /><ent r="4" t="30" w="281" /><ent r="4" t="30" w="392" /></phr><phr n=".execute()"><ent r="5" t="166" w="180" /><ent r="4" t="166" w="248" /></phr></stem><stem n="sodaqueryexamples.vb"><phr n="SodaQueryExamples.vb"><ent r="4" t="20" w="397" /><ent r="4" t="20" w="396" /><ent r="4" t="27" w="172" /><ent r="4" t="27" w="171" /><ent r="4" t="27" w="293" /><ent r="4" t="27" w="292" /><ent r="4" t="27" w="402" /><ent r="4" t="27" w="401" /><ent r="4" t="27" w="489" /><ent r="4" t="27" w="488" /><ent r="4" t="27" w="622" /><ent r="4" t="27" w="621" /><ent r="4" t="27" w="719" /><ent r="4" t="27" w="718" /><ent r="4" t="27" w="1033" /><ent r="4" t="27" w="1032" /><ent r="4" t="27" w="1229" /><ent r="4" t="27" w="1228" /><ent r="4" t="27" w="1365" /><ent r="4" t="27" w="1364" /><ent r="4" t="28" w="175" /><ent r="4" t="28" w="174" /><ent r="4" t="28" w="329" /><ent r="4" t="28" w="328" /><ent r="4" t="28" w="483" /><ent r="4" t="28" w="482" /><ent r="4" t="28" w="634" /><ent r="4" t="28" w="633" /><ent r="4" t="28" w="854" /><ent r="4" t="28" w="853" /><ent r="4" t="28" w="1038" /><ent r="4" t="28" w="1037" /><ent r="4" t="28" w="1210" /><ent r="4" t="28" w="1209" /></phr></stem><stem n="db4objects.db4o.instrument"><phr n="Db4objects.Db4o.Instrumentation"><ent r="5" t="20" w="433" /><ent r="5" t="20" w="431" /><ent r="4" t="270" w="501" /><ent r="4" t="270" w="499" /><ent r="6" t="270" w="540" /><ent r="6" t="270" w="538" /><ent r="4" t="304" w="165" /><ent r="4" t="304" w="163" /><ent r="6" t="309" w="317" /><ent r="6" t="309" w="315" /></phr></stem><stem n=".db4o.instrumentation.dl"><phr n=".Db4o.Instrumentation.dll"><ent r="5" t="20" w="434" /><ent r="4" t="270" w="502" /><ent r="6" t="309" w="318" /></phr></stem><stem n="db4objects.db4o.instrumentation.dl"><phr n="Db4objects.Db4o.Instrumentation.dll"><ent r="5" t="20" w="434" /><ent r="5" t="20" w="431" /><ent r="4" t="270" w="502" /><ent r="4" t="270" w="499" /><ent r="6" t="309" w="318" /><ent r="6" t="309" w="315" /></phr></stem><stem n=".db4o.nativequeries.dl"><phr n=".Db4o.NativeQueries.dll"><ent r="5" t="20" w="439" /><ent r="4" t="270" w="491" /><ent r="93" t="308" w="295" /></phr></stem><stem n=".cecil.dl"><phr n=".Cecil.dll"><ent r="5" t="20" w="443" /><ent r="3" t="266" w="356" /><ent r="4" t="308" w="132" /><ent r="4" t="308" w="343" /><ent r="4" t="308" w="426" /></phr></stem><stem n="must"><phr n="must"><ent r="4" t="20" w="451" /><ent r="4" t="33" w="46" /><ent r="6" t="92" w="366" /><ent r="3" t="238" w="288" /><ent r="3" t="270" w="463" /><ent r="6" t="300" w="135" /><ent r="6" t="300" w="168" /><ent r="6" t="300" w="192" /></phr></stem><stem n="constant"><phr n="constants"><ent r="5" t="20" w="473" /><ent r="3" t="112" w="48" /></phr><phr n="constant"><ent r="4" t="188" w="461" /><ent r="4" t="188" w="505" /><ent r="3" t="268" w="80" /><ent r="3" t="268" w="123" /><ent r="3" t="305" w="82" /></phr></stem><stem n="primit"><phr n="Primitive"><ent r="5" t="20" w="479" /></phr><phr n="primitive"><ent r="3" t="62" w="34" /><ent r="3" t="62" w="50" /><ent r="3" t="62" w="86" /><ent r="3" t="112" w="123" /><ent r="3" t="112" w="232" /></phr><phr n="primitives"><ent r="3" t="62" w="67" /><ent r="3" t="62" w="152" /><ent r="3" t="254" w="54" /></phr></stem><stem n="startswith-"><phr n="StartsWith-"><ent r="5" t="20" w="486" /></phr></stem><stem n="-method"><phr n="-methods"><ent r="5" t="20" w="489" /><ent r="5" t="20" w="489" /><ent r="64" t="151" w="10" /><ent r="64" t="151" w="10" /></phr><phr n="-method"><ent r="3" t="29" w="63" /><ent r="3" t="29" w="63" /><ent r="3" t="29" w="70" /><ent r="3" t="29" w="70" /><ent r="3" t="29" w="80" /><ent r="3" t="29" w="80" /><ent r="3" t="39" w="206" /><ent r="3" t="39" w="206" /><ent r="3" t="44" w="24" /><ent r="3" t="44" w="24" /><ent r="3" t="49" w="422" /><ent r="3" t="49" w="422" /><ent r="3" t="49" w="439" /><ent r="3" t="49" w="439" /><ent r="3" t="49" w="727" /><ent r="3" t="49" w="727" /><ent r="3" t="49" w="773" /><ent r="3" t="49" w="773" /><ent r="5" t="49" w="821" /><ent r="5" t="49" w="821" /><ent r="5" t="49" w="923" /><ent r="5" t="49" w="923" /><ent r="3" t="55" w="103" /><ent r="3" t="55" w="103" /><ent r="3" t="56" w="24" /><ent r="3" t="56" w="24" /><ent r="3" t="57" w="18" /><ent r="3" t="57" w="18" /><ent r="3" t="64" w="78" /><ent r="3" t="64" w="78" /><ent r="4" t="133" w="251" /><ent r="4" t="133" w="251" /><ent r="6" t="143" w="238" /><ent r="6" t="143" w="238" /><ent r="3" t="151" w="30" /><ent r="3" t="151" w="30" /><ent r="3" t="228" w="212" /><ent r="3" t="228" w="212" /><ent r="3" t="257" w="336" /><ent r="3" t="257" w="336" /></phr></stem><stem n="endswith"><phr n="EndsWith"><ent r="5" t="20" w="489" /><ent r="4" t="27" w="906" /><ent r="4" t="27" w="1017" /></phr><phr n="endsWith"><ent r="5" t="27" w="878" /><ent r="5" t="27" w="962" /></phr></stem><stem n="endswith-method"><phr n="EndsWith-methods"><ent r="5" t="20" w="489" /></phr></stem><stem n=",includ"><phr n=",including"><ent r="5" t="20" w="500" /></phr></stem><stem n="calls,includ"><phr n="calls,including"><ent r="5" t="20" w="500" /><ent r="5" t="20" w="499" /></phr></stem><stem n="accessor"><phr n="accessors"><ent r="5" t="20" w="502" /></phr></stem><stem n="predic"><phr n="predicate"><ent r="5" t="20" w="504" /><ent r="3" t="90" w="276" /><ent r="3" t="117" w="686" /><ent r="4" t="230" w="74" /></phr><phr n="predicates"><ent r="3" t="230" w="109" /></phr></stem><stem n="(without"><phr n="(without"><ent r="5" t="20" w="506" /><ent r="3" t="306" w="471" /></phr></stem><stem n="argument"><phr n="arguments"><ent r="5" t="20" w="508" /><ent r="3" t="104" w="119" /><ent r="3" t="104" w="138" /><ent r="3" t="104" w="147" /><ent r="3" t="141" w="364" /><ent r="3" t="147" w="136" /><ent r="3" t="152" w="83" /><ent r="3" t="298" w="77" /><ent r="3" t="299" w="29" /><ent r="3" t="299" w="102" /><ent r="6" t="300" w="230" /></phr><phr n="argument"><ent r="3" t="147" w="139" /><ent r="3" t="147" w="152" /><ent r="3" t="298" w="80" /><ent r="6" t="300" w="120" /></phr><phr n="Arguments"><ent r="67" t="296" w="76" /><ent r="1000" t="299" w="4" /><ent r="102" t="299" w="9" /></phr><phr n="Argument"><ent r="7" t="299" w="160" /></phr></stem><stem n="candid"><phr n="Candidate"><ent r="5" t="20" w="510" /></phr><phr n="candidate"><ent r="3" t="29" w="86" /><ent r="4" t="29" w="204" /><ent r="4" t="29" w="208" /><ent r="4" t="29" w="210" /><ent r="4" t="29" w="250" /><ent r="4" t="29" w="271" /><ent r="4" t="29" w="274" /><ent r="4" t="29" w="604" /><ent r="4" t="29" w="612" /><ent r="4" t="29" w="614" /><ent r="4" t="29" w="686" /><ent r="4" t="29" w="708" /><ent r="4" t="29" w="713" /><ent r="4" t="31" w="1628" /><ent r="4" t="31" w="1632" /><ent r="4" t="31" w="1646" /><ent r="4" t="31" w="1656" /><ent r="4" t="31" w="1688" /><ent r="4" t="31" w="1703" /><ent r="4" t="31" w="1718" /><ent r="4" t="31" w="1736" /><ent r="3" t="32" w="56" /><ent r="3" t="32" w="120" /><ent r="3" t="32" w="178" /><ent r="4" t="167" w="163" /></phr><phr n="candidates"><ent r="3" t="32" w="101" /><ent r="4" t="166" w="224" /></phr></stem><stem n="compos"><phr n="composed"><ent r="5" t="20" w="512" /><ent r="3" t="103" w="79" /></phr></stem><stem n="abov"><phr n="above"><ent r="5" t="20" w="515" /><ent r="5" t="20" w="521" /><ent r="3" t="74" w="579" /><ent r="3" t="100" w="376" /><ent r="4" t="103" w="130" /><ent r="3" t="117" w="251" /><ent r="3" t="123" w="68" /><ent r="3" t="240" w="641" /><ent r="3" t="268" w="393" /></phr></stem><stem n="chain"><phr n="Chained"><ent r="5" t="20" w="517" /></phr><phr n="chained"><ent r="3" t="127" w="35" /></phr><phr n="chain"><ent r="5" t="237" w="354" /><ent r="5" t="237" w="421" /></phr></stem><stem n="polymorph"><phr n="polymorphism"><ent r="4" t="20" w="531" /></phr></stem><stem n="yet"><phr n="yet"><ent r="4" t="20" w="532" /><ent r="3" t="27" w="1091" /><ent r="4" t="33" w="159" /><ent r="3" t="294" w="77" /></phr></stem><stem n=":optimis"><phr n=":Optimisation"><ent r="100" t="21" w="6" /></phr></stem><stem n="optimis"><phr n="Optimisation"><ent r="100" t="21" w="6" /></phr><phr n="optimisation"><ent r="5" t="21" w="233" /><ent r="5" t="21" w="320" /></phr></stem><stem n="isn"><phr n="isn"><ent r="3" t="21" w="68" /><ent r="3" t="21" w="128" /><ent r="3" t="24" w="55" /><ent r="3" t="24" w="61" /><ent r="3" t="24" w="68" /><ent r="4" t="33" w="69" /><ent r="3" t="40" w="132" /><ent r="3" t="45" w="65" /><ent r="3" t="54" w="30" /><ent r="3" t="56" w="327" /><ent r="3" t="56" w="340" /><ent r="5" t="63" w="106" /><ent r="5" t="63" w="196" /><ent r="3" t="79" w="132" /><ent r="3" t="122" w="16" /><ent r="2" t="146" w="66" /><ent r="3" t="179" w="454" /><ent r="2" t="212" w="37" /><ent r="2" t="223" w="470" /><ent r="3" t="231" w="217" /><ent r="3" t="232" w="36" /><ent r="3" t="232" w="173" /><ent r="3" t="233" w="135" /><ent r="5" t="233" w="458" /><ent r="5" t="233" w="546" /><ent r="8" t="247" w="366" /><ent r="5" t="263" w="272" /><ent r="5" t="263" w="344" /><ent r="3" t="275" w="128" /><ent r="3" t="282" w="52" /></phr></stem><stem n="isn't"><phr n="isn't"><ent r="3" t="21" w="69" /><ent r="3" t="21" w="68" /><ent r="3" t="21" w="129" /><ent r="3" t="21" w="128" /><ent r="3" t="24" w="56" /><ent r="3" t="24" w="55" /><ent r="3" t="24" w="62" /><ent r="3" t="24" w="61" /><ent r="3" t="24" w="69" /><ent r="3" t="24" w="68" /><ent r="4" t="33" w="70" /><ent r="4" t="33" w="69" /><ent r="3" t="40" w="133" /><ent r="3" t="40" w="132" /><ent r="3" t="45" w="66" /><ent r="3" t="45" w="65" /><ent r="3" t="54" w="31" /><ent r="3" t="54" w="30" /><ent r="3" t="56" w="328" /><ent r="3" t="56" w="327" /><ent r="3" t="56" w="341" /><ent r="3" t="56" w="340" /><ent r="5" t="63" w="107" /><ent r="5" t="63" w="106" /><ent r="5" t="63" w="197" /><ent r="5" t="63" w="196" /><ent r="3" t="79" w="133" /><ent r="3" t="79" w="132" /><ent r="3" t="122" w="17" /><ent r="3" t="122" w="16" /><ent r="2" t="146" w="67" /><ent r="2" t="146" w="66" /><ent r="3" t="179" w="455" /><ent r="3" t="179" w="454" /><ent r="2" t="212" w="38" /><ent r="2" t="212" w="37" /><ent r="2" t="223" w="471" /><ent r="2" t="223" w="470" /><ent r="3" t="231" w="218" /><ent r="3" t="231" w="217" /><ent r="3" t="232" w="174" /><ent r="3" t="232" w="173" /><ent r="3" t="233" w="136" /><ent r="3" t="233" w="135" /><ent r="5" t="233" w="459" /><ent r="5" t="233" w="458" /><ent r="5" t="233" w="547" /><ent r="5" t="233" w="546" /><ent r="8" t="247" w="367" /><ent r="8" t="247" w="366" /><ent r="5" t="263" w="273" /><ent r="5" t="263" w="272" /><ent r="5" t="263" w="345" /><ent r="5" t="263" w="344" /><ent r="3" t="275" w="129" /><ent r="3" t="275" w="128" /><ent r="3" t="282" w="53" /><ent r="3" t="282" w="52" /></phr></stem><stem n="doubt"><phr n="doubt"><ent r="3" t="21" w="75" /></phr></stem><stem n="correct"><phr n="correctness"><ent r="3" t="21" w="78" /></phr><phr n="correct"><ent r="3" t="55" w="190" /><ent r="3" t="55" w="227" /></phr></stem><stem n="convers"><phr n="conversion"><ent r="3" t="21" w="81" /><ent r="3" t="300" w="63" /><ent r="6" t="300" w="538" /></phr><phr n="Conversion"><ent r="67" t="296" w="71" /><ent r="1000" t="298" w="4" /><ent r="102" t="298" w="9" /></phr></stem><stem n="probabl"><phr n="probably"><ent r="3" t="21" w="115" /><ent r="3" t="45" w="367" /><ent r="3" t="65" w="156" /><ent r="3" t="228" w="36" /><ent r="3" t="268" w="416" /></phr><phr n="Probably"><ent r="3" t="49" w="745" /><ent r="8" t="228" w="172" /></phr></stem><stem n="warn"><phr n="warned"><ent r="3" t="21" w="124" /></phr><phr n="warning"><ent r="4" t="53" w="481" /></phr></stem><stem n="configuration.common"><phr n="configuration.Common"><ent r="4" t="21" w="142" /><ent r="4" t="21" w="141" /><ent r="4" t="21" w="166" /><ent r="4" t="21" w="165" /><ent r="4" t="49" w="76" /><ent r="4" t="49" w="75" /><ent r="4" t="49" w="111" /><ent r="4" t="49" w="110" /><ent r="4" t="49" w="182" /><ent r="4" t="49" w="181" /><ent r="4" t="49" w="221" /><ent r="4" t="49" w="220" /><ent r="4" t="50" w="626" /><ent r="4" t="50" w="625" /><ent r="4" t="50" w="661" /><ent r="4" t="50" w="660" /><ent r="4" t="50" w="898" /><ent r="4" t="50" w="897" /><ent r="4" t="50" w="937" /><ent r="4" t="50" w="936" /><ent r="4" t="54" w="143" /><ent r="4" t="54" w="142" /><ent r="4" t="54" w="176" /><ent r="4" t="54" w="175" /><ent r="4" t="59" w="177" /><ent r="4" t="59" w="176" /><ent r="4" t="59" w="215" /><ent r="4" t="59" w="214" /><ent r="4" t="60" w="335" /><ent r="4" t="60" w="334" /><ent r="4" t="60" w="359" /><ent r="4" t="60" w="358" /><ent r="4" t="67" w="124" /><ent r="4" t="67" w="123" /><ent r="4" t="67" w="139" /><ent r="4" t="67" w="138" /><ent r="4" t="67" w="173" /><ent r="4" t="67" w="172" /><ent r="4" t="67" w="188" /><ent r="4" t="67" w="187" /><ent r="4" t="99" w="1052" /><ent r="4" t="99" w="1051" /><ent r="4" t="99" w="1081" /><ent r="4" t="99" w="1080" /><ent r="4" t="112" w="62" /><ent r="4" t="112" w="61" /><ent r="4" t="112" w="94" /><ent r="4" t="112" w="93" /><ent r="4" t="112" w="1387" /><ent r="4" t="112" w="1386" /><ent r="4" t="112" w="1422" /><ent r="4" t="112" w="1421" /><ent r="4" t="114" w="727" /><ent r="4" t="114" w="726" /><ent r="4" t="114" w="774" /><ent r="4" t="114" w="773" /><ent r="4" t="116" w="157" /><ent r="4" t="116" w="156" /><ent r="4" t="116" w="194" /><ent r="4" t="116" w="193" /><ent r="4" t="117" w="707" /><ent r="4" t="117" w="706" /><ent r="4" t="117" w="744" /><ent r="4" t="117" w="743" /><ent r="4" t="120" w="73" /><ent r="4" t="120" w="72" /><ent r="4" t="120" w="106" /><ent r="4" t="120" w="105" /><ent r="4" t="120" w="174" /><ent r="4" t="120" w="173" /><ent r="4" t="120" w="205" /><ent r="4" t="120" w="204" /><ent r="4" t="129" w="118" /><ent r="4" t="129" w="117" /><ent r="4" t="129" w="147" /><ent r="4" t="129" w="146" /><ent r="4" t="134" w="69" /><ent r="4" t="134" w="68" /><ent r="4" t="134" w="76" /><ent r="4" t="134" w="75" /><ent r="4" t="134" w="96" /><ent r="4" t="134" w="95" /><ent r="4" t="134" w="103" /><ent r="4" t="134" w="102" /><ent r="4" t="135" w="57" /><ent r="4" t="135" w="56" /><ent r="4" t="135" w="79" /><ent r="4" t="135" w="78" /><ent r="4" t="136" w="52" /><ent r="4" t="136" w="51" /><ent r="4" t="136" w="72" /><ent r="4" t="136" w="71" /><ent r="4" t="137" w="49" /><ent r="4" t="137" w="48" /><ent r="4" t="137" w="71" /><ent r="4" t="137" w="70" /><ent r="4" t="138" w="65" /><ent r="4" t="138" w="64" /><ent r="4" t="138" w="87" /><ent r="4" t="138" w="86" /><ent r="4" t="139" w="63" /><ent r="4" t="139" w="62" /><ent r="4" t="139" w="84" /><ent r="4" t="139" w="83" /><ent r="4" t="140" w="55" /><ent r="4" t="140" w="54" /><ent r="4" t="140" w="86" /><ent r="4" t="140" w="85" /><ent r="4" t="141" w="390" /><ent r="4" t="141" w="389" /><ent r="4" t="141" w="429" /><ent r="4" t="141" w="428" /><ent r="4" t="145" w="57" /><ent r="4" t="145" w="56" /><ent r="4" t="145" w="83" /><ent r="4" t="145" w="82" /><ent r="4" t="145" w="181" /><ent r="4" t="145" w="180" /><ent r="4" t="145" w="213" /><ent r="4" t="145" w="212" /><ent r="4" t="146" w="89" /><ent r="4" t="146" w="88" /><ent r="4" t="146" w="116" /><ent r="4" t="146" w="115" /><ent r="4" t="146" w="214" /><ent r="4" t="146" w="213" /><ent r="4" t="146" w="246" /><ent r="4" t="146" w="245" /><ent r="4" t="147" w="264" /><ent r="4" t="147" w="263" /><ent r="4" t="147" w="297" /><ent r="4" t="147" w="296" /><ent r="4" t="147" w="342" /><ent r="4" t="147" w="341" /><ent r="4" t="147" w="375" /><ent r="4" t="147" w="374" /><ent r="4" t="148" w="74" /><ent r="4" t="148" w="73" /><ent r="4" t="148" w="122" /><ent r="4" t="148" w="121" /><ent r="4" t="149" w="83" /><ent r="4" t="149" w="82" /><ent r="4" t="149" w="111" /><ent r="4" t="149" w="110" /><ent r="4" t="150" w="188" /><ent r="4" t="150" w="187" /><ent r="4" t="150" w="216" /><ent r="4" t="150" w="215" /><ent r="4" t="151" w="91" /><ent r="4" t="151" w="90" /><ent r="4" t="151" w="118" /><ent r="4" t="151" w="117" /><ent r="4" t="152" w="94" /><ent r="4" t="152" w="93" /><ent r="4" t="152" w="121" /><ent r="4" t="152" w="120" /><ent r="4" t="152" w="166" /><ent r="4" t="152" w="165" /><ent r="4" t="152" w="198" /><ent r="4" t="152" w="197" /><ent r="4" t="153" w="115" /><ent r="4" t="153" w="114" /><ent r="4" t="153" w="143" /><ent r="4" t="153" w="142" /><ent r="4" t="154" w="28" /><ent r="4" t="154" w="27" /><ent r="4" t="154" w="59" /><ent r="4" t="154" w="58" /><ent r="4" t="155" w="54" /><ent r="4" t="155" w="53" /><ent r="4" t="155" w="85" /><ent r="4" t="155" w="84" /><ent r="4" t="156" w="34" /><ent r="4" t="156" w="33" /><ent r="4" t="156" w="61" /><ent r="4" t="156" w="60" /><ent r="4" t="157" w="47" /><ent r="4" t="157" w="46" /><ent r="4" t="157" w="79" /><ent r="4" t="157" w="78" /><ent r="4" t="158" w="58" /><ent r="4" t="158" w="57" /><ent r="4" t="158" w="85" /><ent r="4" t="158" w="84" /><ent r="4" t="159" w="56" /><ent r="4" t="159" w="55" /><ent r="4" t="159" w="83" /><ent r="4" t="159" w="82" /><ent r="4" t="160" w="31" /><ent r="4" t="160" w="30" /><ent r="4" t="160" w="64" /><ent r="4" t="160" w="63" /><ent r="4" t="161" w="65" /><ent r="4" t="161" w="64" /><ent r="4" t="161" w="96" /><ent r="4" t="161" w="95" /><ent r="4" t="163" w="42" /><ent r="4" t="163" w="41" /><ent r="4" t="163" w="70" /><ent r="4" t="163" w="69" /><ent r="4" t="164" w="136" /><ent r="4" t="164" w="135" /><ent r="4" t="164" w="165" /><ent r="4" t="164" w="164" /><ent r="4" t="168" w="108" /><ent r="4" t="168" w="107" /><ent r="4" t="168" w="137" /><ent r="4" t="168" w="136" /><ent r="4" t="169" w="154" /><ent r="4" t="169" w="153" /><ent r="4" t="169" w="182" /><ent r="4" t="169" w="181" /><ent r="4" t="170" w="74" /><ent r="4" t="170" w="73" /><ent r="4" t="170" w="104" /><ent r="4" t="170" w="103" /><ent r="4" t="171" w="49" /><ent r="4" t="171" w="48" /><ent r="4" t="171" w="78" /><ent r="4" t="171" w="77" /><ent r="4" t="172" w="66" /><ent r="4" t="172" w="65" /><ent r="4" t="172" w="94" /><ent r="4" t="172" w="93" /><ent r="4" t="180" w="141" /><ent r="4" t="180" w="140" /><ent r="4" t="180" w="182" /><ent r="4" t="180" w="181" /><ent r="4" t="210" w="64" /><ent r="4" t="210" w="63" /><ent r="4" t="210" w="96" /><ent r="4" t="210" w="95" /><ent r="4" t="211" w="25" /><ent r="4" t="211" w="24" /><ent r="4" t="211" w="61" /><ent r="4" t="211" w="60" /><ent r="4" t="212" w="46" /><ent r="4" t="212" w="45" /><ent r="4" t="212" w="82" /><ent r="4" t="212" w="81" /><ent r="4" t="213" w="72" /><ent r="4" t="213" w="71" /><ent r="4" t="213" w="108" /><ent r="4" t="213" w="107" /><ent r="4" t="214" w="47" /><ent r="4" t="214" w="46" /><ent r="4" t="214" w="80" /><ent r="4" t="214" w="79" /><ent r="4" t="215" w="28" /><ent r="4" t="215" w="27" /><ent r="4" t="215" w="63" /><ent r="4" t="215" w="62" /><ent r="4" t="216" w="50" /><ent r="4" t="216" w="49" /><ent r="4" t="216" w="82" /><ent r="4" t="216" w="81" /><ent r="4" t="217" w="50" /><ent r="4" t="217" w="49" /><ent r="4" t="217" w="82" /><ent r="4" t="217" w="81" /><ent r="4" t="218" w="82" /><ent r="4" t="218" w="81" /><ent r="4" t="218" w="114" /><ent r="4" t="218" w="113" /><ent r="4" t="219" w="31" /><ent r="4" t="219" w="30" /><ent r="4" t="219" w="66" /><ent r="4" t="219" w="65" /><ent r="4" t="220" w="42" /><ent r="4" t="220" w="41" /><ent r="4" t="220" w="79" /><ent r="4" t="220" w="78" /><ent r="4" t="221" w="35" /><ent r="4" t="221" w="34" /><ent r="4" t="221" w="69" /><ent r="4" t="221" w="68" /><ent r="4" t="222" w="63" /><ent r="4" t="222" w="62" /><ent r="4" t="222" w="95" /><ent r="4" t="222" w="94" /><ent r="4" t="223" w="206" /><ent r="4" t="223" w="205" /><ent r="4" t="223" w="244" /><ent r="4" t="223" w="243" /><ent r="4" t="223" w="356" /><ent r="4" t="223" w="355" /><ent r="4" t="223" w="400" /><ent r="4" t="223" w="399" /><ent r="4" t="223" w="479" /><ent r="4" t="223" w="478" /><ent r="4" t="223" w="523" /><ent r="4" t="223" w="522" /><ent r="4" t="223" w="581" /><ent r="4" t="223" w="580" /><ent r="4" t="223" w="625" /><ent r="4" t="223" w="624" /><ent r="4" t="223" w="680" /><ent r="4" t="223" w="679" /><ent r="4" t="223" w="717" /><ent r="4" t="223" w="716" /><ent r="4" t="250" w="168" /><ent r="4" t="250" w="167" /><ent r="4" t="250" w="197" /><ent r="4" t="250" w="196" /><ent r="4" t="251" w="175" /><ent r="4" t="251" w="174" /><ent r="4" t="251" w="204" /><ent r="4" t="251" w="203" /><ent r="4" t="264" w="382" /><ent r="4" t="264" w="381" /><ent r="4" t="264" w="420" /><ent r="4" t="264" w="419" /><ent r="3" t="276" w="175" /><ent r="3" t="276" w="174" /><ent r="3" t="276" w="186" /><ent r="3" t="276" w="185" /><ent r="5" t="277" w="169" /><ent r="5" t="277" w="168" /><ent r="5" t="277" w="220" /><ent r="5" t="277" w="219" /></phr></stem></index>