﻿<?xml version="1.0" encoding="utf-8"?><index><stem n="diagnost"><phr n="diagnostic"><ent r="64" t="14" w="1596" /><ent r="64" t="21" w="137" /><ent r="4" t="21" w="200" /><ent r="4" t="21" w="204" /><ent r="4" t="21" w="222" /><ent r="4" t="21" w="237" /><ent r="4" t="21" w="268" /><ent r="4" t="21" w="283" /><ent r="4" t="21" w="300" /><ent r="4" t="21" w="306" /><ent r="4" t="21" w="325" /><ent r="3" t="21" w="356" /><ent r="64" t="31" w="1792" /><ent r="64" t="60" w="150" /><ent r="4" t="60" w="210" /><ent r="4" t="60" w="214" /><ent r="4" t="60" w="232" /><ent r="4" t="60" w="236" /><ent r="4" t="60" w="267" /><ent r="4" t="60" w="282" /><ent r="4" t="60" w="304" /><ent r="4" t="60" w="309" /><ent r="3" t="140" w="41" /><ent r="4" t="140" w="67" /><ent r="4" t="140" w="98" /><ent r="4" t="140" w="127" /><ent r="4" t="140" w="138" /><ent r="3" t="140" w="150" /><ent r="3" t="141" w="115" /><ent r="3" t="141" w="125" /><ent r="4" t="141" w="180" /><ent r="4" t="141" w="183" /><ent r="4" t="141" w="193" /><ent r="4" t="141" w="293" /><ent r="4" t="141" w="311" /><ent r="4" t="141" w="326" /><ent r="6" t="143" w="216" /><ent r="3" t="154" w="9" /><ent r="4" t="154" w="40" /><ent r="4" t="154" w="71" /></phr><phr n="Diagnostic"><ent r="4" t="21" w="143" /><ent r="4" t="21" w="167" /><ent r="4" t="60" w="336" /><ent r="4" t="60" w="360" /><ent r="4" t="140" w="56" /><ent r="4" t="140" w="87" /><ent r="1000" t="141" w="1" /><ent r="102" t="141" w="5" /><ent r="4" t="141" w="391" /><ent r="4" t="141" w="430" /><ent r="68" t="143" w="213" /><ent r="4" t="154" w="29" /><ent r="4" t="154" w="60" /></phr><phr n="diagnostics"><ent r="4" t="21" w="153" /><ent r="4" t="21" w="177" /><ent r="4" t="60" w="241" /><ent r="4" t="60" w="326" /><ent r="3" t="140" w="18" /><ent r="3" t="280" w="24" /><ent r="3" t="280" w="29" /></phr><phr n="Diagnostics"><ent r="1000" t="140" w="1" /><ent r="102" t="140" w="5" /><ent r="3" t="140" w="20" /><ent r="3" t="141" w="46" /><ent r="1000" t="154" w="1" /><ent r="102" t="154" w="3" /><ent r="64" t="154" w="21" /><ent r="92" t="280" w="19" /><ent r="65" t="280" w="33" /></phr></stem><stem n="listen"><phr n="listener"><ent r="64" t="14" w="1597" /><ent r="4" t="21" w="244" /><ent r="4" t="21" w="344" /><ent r="3" t="21" w="357" /><ent r="64" t="31" w="1793" /><ent r="3" t="77" w="137" /><ent r="3" t="89" w="14" /><ent r="3" t="89" w="20" /><ent r="4" t="89" w="83" /><ent r="4" t="89" w="135" /><ent r="4" t="89" w="167" /><ent r="4" t="89" w="201" /><ent r="3" t="94" w="72" /><ent r="3" t="101" w="324" /><ent r="4" t="140" w="68" /><ent r="4" t="140" w="99" /><ent r="3" t="141" w="126" /><ent r="3" t="141" w="360" /><ent r="3" t="141" w="371" /><ent r="4" t="154" w="41" /><ent r="4" t="154" w="72" /></phr><phr n="listeners"><ent r="64" t="21" w="138" /><ent r="3" t="140" w="116" /><ent r="3" t="141" w="11" /><ent r="6" t="143" w="217" /><ent r="3" t="154" w="10" /><ent r="3" t="280" w="30" /></phr><phr n="Listeners"><ent r="92" t="140" w="109" /></phr></stem><stem n="loadedfromclassindex"><phr n="LoadedFromClassIndex"><ent r="64" t="14" w="1602" /><ent r="64" t="31" w="1798" /><ent r="3" t="60" w="158" /><ent r="4" t="60" w="218" /><ent r="4" t="60" w="231" /><ent r="4" t="60" w="286" /><ent r="4" t="60" w="305" /><ent r="5" t="140" w="239" /><ent r="4" t="141" w="404" /><ent r="4" t="141" w="443" /></phr></stem><stem n="messag"><phr n="message"><ent r="3" t="14" w="1604" /><ent r="3" t="14" w="1606" /><ent r="3" t="15" w="339" /><ent r="3" t="15" w="370" /><ent r="3" t="15" w="410" /><ent r="3" t="21" w="380" /><ent r="3" t="21" w="402" /><ent r="3" t="21" w="404" /><ent r="3" t="31" w="1800" /><ent r="3" t="31" w="1802" /><ent r="3" t="60" w="159" /><ent r="3" t="60" w="163" /><ent r="3" t="60" w="181" /><ent r="6" t="92" w="561" /><ent r="6" t="92" w="575" /><ent r="3" t="140" w="151" /><ent r="4" t="141" w="199" /><ent r="4" t="141" w="344" /><ent r="6" t="143" w="267" /><ent r="6" t="143" w="324" /><ent r="3" t="158" w="18" /><ent r="4" t="158" w="66" /><ent r="4" t="158" w="93" /><ent r="4" t="193" w="159" /><ent r="4" t="193" w="180" /><ent r="4" t="193" w="219" /><ent r="4" t="193" w="257" /><ent r="4" t="193" w="415" /><ent r="4" t="193" w="439" /><ent r="4" t="193" w="489" /><ent r="4" t="193" w="536" /><ent r="6" t="195" w="74" /><ent r="3" t="196" w="13" /><ent r="6" t="202" w="86" /><ent r="3" t="203" w="97" /><ent r="3" t="205" w="9" /><ent r="3" t="206" w="36" /><ent r="3" t="206" w="55" /><ent r="3" t="232" w="336" /><ent r="3" t="236" w="86" /><ent r="3" t="236" w="99" /><ent r="4" t="236" w="129" /><ent r="4" t="236" w="137" /><ent r="4" t="236" w="141" /><ent r="4" t="236" w="142" /><ent r="4" t="236" w="154" /><ent r="4" t="236" w="159" /><ent r="4" t="236" w="178" /><ent r="4" t="236" w="193" /><ent r="4" t="236" w="202" /><ent r="4" t="236" w="203" /><ent r="4" t="236" w="223" /><ent r="4" t="236" w="236" /><ent r="3" t="236" w="263" /><ent r="3" t="236" w="275" /><ent r="3" t="236" w="284" /><ent r="4" t="236" w="309" /><ent r="4" t="236" w="355" /><ent r="4" t="236" w="382" /><ent r="5" t="236" w="391" /><ent r="4" t="236" w="393" /><ent r="4" t="236" w="417" /><ent r="4" t="236" w="455" /><ent r="5" t="236" w="474" /><ent r="4" t="236" w="476" /><ent r="4" t="236" w="508" /><ent r="4" t="236" w="552" /><ent r="4" t="236" w="585" /><ent r="4" t="236" w="612" /><ent r="5" t="236" w="621" /><ent r="4" t="236" w="623" /><ent r="4" t="236" w="628" /><ent r="4" t="236" w="666" /><ent r="5" t="236" w="685" /><ent r="4" t="236" w="687" /><ent r="4" t="236" w="700" /><ent r="3" t="236" w="720" /><ent r="3" t="236" w="723" /><ent r="3" t="236" w="730" /><ent r="3" t="236" w="741" /><ent r="4" t="236" w="777" /><ent r="4" t="236" w="835" /></phr><phr n="messages"><ent r="3" t="21" w="362" /><ent r="3" t="21" w="366" /><ent r="5" t="116" w="147" /><ent r="4" t="138" w="209" /><ent r="3" t="138" w="217" /><ent r="3" t="140" w="42" /><ent r="4" t="140" w="128" /><ent r="4" t="140" w="139" /><ent r="3" t="140" w="163" /><ent r="64" t="140" w="179" /><ent r="3" t="141" w="19" /><ent r="3" t="141" w="379" /><ent r="3" t="158" w="13" /><ent r="4" t="158" w="26" /><ent r="4" t="158" w="33" /><ent r="4" t="158" w="38" /><ent r="4" t="158" w="48" /><ent r="3" t="163" w="14" /><ent r="3" t="193" w="21" /><ent r="6" t="195" w="78" /><ent r="3" t="196" w="20" /><ent r="6" t="202" w="80" /><ent r="3" t="203" w="116" /><ent r="3" t="203" w="140" /><ent r="3" t="206" w="43" /><ent r="3" t="206" w="66" /><ent r="3" t="206" w="76" /><ent r="64" t="207" w="123" /><ent r="3" t="236" w="17" /><ent r="3" t="236" w="109" /><ent r="3" t="236" w="255" /><ent r="3" t="236" w="534" /><ent r="3" t="238" w="278" /></phr><phr n="Messages"><ent r="92" t="140" w="146" /><ent r="1000" t="141" w="2" /><ent r="102" t="141" w="6" /><ent r="92" t="236" w="69" /></phr><phr n="Message"><ent r="1000" t="158" w="1" /><ent r="102" t="158" w="4" /><ent r="1000" t="196" w="1" /><ent r="102" t="196" w="4" /><ent r="1000" t="205" w="1" /><ent r="102" t="205" w="4" /></phr><phr n="Messaging"><ent r="64" t="196" w="26" /><ent r="64" t="205" w="19" /><ent r="1000" t="236" w="1" /><ent r="100" t="236" w="4" /><ent r="100" t="236" w="6" /><ent r="102" t="236" w="8" /><ent r="65" t="280" w="37" /></phr><phr n="messaging"><ent r="3" t="203" w="90" /><ent r="3" t="203" w="132" /></phr></stem><stem n="couldn"><phr n="couldn"><ent r="3" t="14" w="1611" /><ent r="3" t="21" w="387" /><ent r="3" t="21" w="409" /><ent r="3" t="31" w="1807" /><ent r="3" t="60" w="141" /><ent r="5" t="60" w="224" /><ent r="5" t="60" w="295" /><ent r="3" t="114" w="961" /><ent r="3" t="134" w="149" /><ent r="4" t="140" w="188" /><ent r="4" t="140" w="245" /><ent r="4" t="140" w="282" /><ent r="4" t="140" w="413" /><ent r="5" t="281" w="382" /><ent r="5" t="281" w="501" /></phr><phr n="Couldn"><ent r="7" t="128" w="202" /><ent r="7" t="128" w="265" /><ent r="4" t="140" w="436" /><ent r="5" t="235" w="149" /><ent r="5" t="235" w="237" /></phr></stem><stem n="couldn't"><phr n="couldn't"><ent r="3" t="14" w="1612" /><ent r="3" t="14" w="1611" /><ent r="3" t="21" w="388" /><ent r="3" t="21" w="387" /><ent r="3" t="21" w="410" /><ent r="3" t="21" w="409" /><ent r="3" t="31" w="1808" /><ent r="3" t="31" w="1807" /><ent r="3" t="60" w="142" /><ent r="3" t="60" w="141" /><ent r="5" t="60" w="225" /><ent r="5" t="60" w="224" /><ent r="5" t="60" w="296" /><ent r="5" t="60" w="295" /><ent r="3" t="114" w="962" /><ent r="3" t="114" w="961" /><ent r="3" t="134" w="150" /><ent r="3" t="134" w="149" /><ent r="4" t="140" w="189" /><ent r="4" t="140" w="188" /><ent r="4" t="140" w="246" /><ent r="4" t="140" w="245" /><ent r="4" t="140" w="283" /><ent r="4" t="140" w="282" /><ent r="4" t="140" w="414" /><ent r="4" t="140" w="413" /><ent r="5" t="281" w="383" /><ent r="5" t="281" w="382" /><ent r="5" t="281" w="502" /><ent r="5" t="281" w="501" /></phr><phr n="Couldn't"><ent r="7" t="128" w="203" /><ent r="7" t="128" w="202" /><ent r="7" t="128" w="266" /><ent r="7" t="128" w="265" /><ent r="4" t="140" w="437" /><ent r="4" t="140" w="436" /><ent r="5" t="235" w="150" /><ent r="5" t="235" w="149" /><ent r="5" t="235" w="238" /><ent r="5" t="235" w="237" /></phr></stem><stem n="convert"><phr n="converted"><ent r="3" t="15" w="10" /><ent r="3" t="15" w="31" /><ent r="3" t="20" w="71" /><ent r="3" t="20" w="147" /><ent r="3" t="21" w="60" /><ent r="4" t="26" w="132" /><ent r="6" t="299" w="437" /><ent r="3" t="300" w="42" /><ent r="3" t="300" w="55" /><ent r="6" t="300" w="114" /><ent r="6" t="300" w="141" /><ent r="6" t="300" w="174" /><ent r="6" t="300" w="198" /><ent r="6" t="300" w="247" /><ent r="6" t="300" w="418" /><ent r="6" t="300" w="450" /><ent r="6" t="300" w="511" /><ent r="6" t="300" w="575" /><ent r="6" t="300" w="609" /><ent r="6" t="300" w="621" /></phr><phr n="convert"><ent r="3" t="17" w="333" /><ent r="3" t="20" w="312" /><ent r="65" t="26" w="121" /><ent r="3" t="114" w="196" /><ent r="3" t="121" w="93" /><ent r="3" t="121" w="237" /><ent r="3" t="121" w="616" /><ent r="3" t="121" w="643" /><ent r="3" t="169" w="16" /><ent r="3" t="296" w="30" /><ent r="3" t="297" w="107" /><ent r="4" t="297" w="690" /><ent r="3" t="299" w="82" /><ent r="4" t="301" w="46" /></phr><phr n="Convert"><ent r="4" t="21" w="298" /><ent r="4" t="21" w="323" /><ent r="4" t="117" w="265" /><ent r="4" t="130" w="492" /><ent r="6" t="299" w="166" /><ent r="6" t="299" w="175" /><ent r="6" t="300" w="347" /></phr><phr n="convertion"><ent r="3" t="121" w="597" /></phr><phr n="Converting"><ent r="66" t="295" w="85" /></phr><phr n="converters"><ent r="3" t="296" w="46" /></phr><phr n="Converts"><ent r="6" t="299" w="265" /><ent r="5" t="299" w="469" /></phr><phr n="converting"><ent r="6" t="300" w="381" /><ent r="6" t="300" w="480" /></phr><phr n="converts"><ent r="6" t="300" w="435" /><ent r="6" t="300" w="496" /></phr><phr n="converter"><ent r="4" t="305" w="212" /><ent r="4" t="305" w="240" /><ent r="4" t="306" w="208" /><ent r="4" t="306" w="236" /></phr></stem><stem n="hood"><phr n="hood"><ent r="3" t="15" w="18" /><ent r="3" t="17" w="325" /><ent r="3" t="26" w="100" /><ent r="3" t="230" w="15" /></phr></stem><stem n="downsid"><phr n="downside"><ent r="3" t="15" w="20" /><ent r="3" t="179" w="127" /><ent r="3" t="238" w="320" /></phr></stem><stem n="back"><phr n="back"><ent r="3" t="15" w="39" /><ent r="3" t="21" w="92" /><ent r="3" t="32" w="80" /><ent r="5" t="34" w="346" /><ent r="5" t="34" w="409" /><ent r="6" t="37" w="99" /><ent r="6" t="37" w="143" /><ent r="3" t="37" w="238" /><ent r="3" t="42" w="779" /><ent r="3" t="54" w="50" /><ent r="3" t="54" w="207" /><ent r="3" t="74" w="106" /><ent r="5" t="74" w="152" /><ent r="4" t="74" w="184" /><ent r="5" t="74" w="195" /><ent r="4" t="74" w="237" /><ent r="5" t="76" w="80" /><ent r="4" t="76" w="112" /><ent r="5" t="76" w="123" /><ent r="4" t="76" w="165" /><ent r="3" t="80" w="101" /><ent r="5" t="80" w="144" /><ent r="5" t="80" w="181" /><ent r="3" t="86" w="14" /><ent r="3" t="87" w="75" /><ent r="5" t="88" w="100" /><ent r="5" t="88" w="149" /><ent r="3" t="148" w="32" /><ent r="3" t="148" w="180" /><ent r="4" t="148" w="235" /><ent r="3" t="150" w="140" /><ent r="3" t="166" w="383" /><ent r="4" t="278" w="162" /><ent r="3" t="281" w="190" /></phr><phr n="backing"><ent r="3" t="264" w="346" /></phr></stem><stem n="plain"><phr n="plain"><ent r="3" t="15" w="42" /></phr></stem><stem n="instanti"><phr n="instantiated"><ent r="3" t="15" w="53" /><ent r="3" t="29" w="130" /><ent r="6" t="97" w="268" /><ent r="6" t="97" w="275" /><ent r="3" t="107" w="35" /><ent r="4" t="114" w="1001" /><ent r="3" t="127" w="378" /><ent r="3" t="170" w="67" /><ent r="4" t="230" w="65" /></phr><phr n="instantiating"><ent r="3" t="17" w="182" /><ent r="3" t="20" w="98" /><ent r="3" t="131" w="12" /><ent r="6" t="209" w="172" /></phr><phr n="instantiate"><ent r="3" t="17" w="364" /><ent r="3" t="18" w="880" /><ent r="3" t="32" w="176" /><ent r="3" t="134" w="237" /><ent r="3" t="134" w="296" /><ent r="3" t="152" w="15" /></phr><phr n="instantiation"><ent r="3" t="17" w="390" /><ent r="3" t="41" w="17" /><ent r="3" t="43" w="23" /><ent r="3" t="114" w="110" /><ent r="3" t="131" w="30" /></phr><phr n="instantiates"><ent r="3" t="21" w="94" /><ent r="3" t="283" w="148" /></phr><phr n="instantiations"><ent r="3" t="53" w="41" /></phr></stem><stem n="ran"><phr n="ran"><ent r="3" t="15" w="58" /><ent r="3" t="273" w="44" /></phr></stem><stem n="slower"><phr n="slower"><ent r="3" t="15" w="66" /><ent r="3" t="18" w="896" /><ent r="3" t="21" w="109" /><ent r="3" t="59" w="48" /><ent r="3" t="62" w="80" /><ent r="4" t="140" w="422" /><ent r="3" t="152" w="50" /><ent r="3" t="179" w="358" /><ent r="3" t="187" w="131" /><ent r="3" t="283" w="141" /><ent r="4" t="308" w="378" /></phr></stem><stem n=".reflection.dll-assembl"><phr n=".Reflection.dll-assembly"><ent r="3" t="15" w="80" /></phr></stem><stem n="dll-assembl"><phr n="dll-assembly"><ent r="3" t="15" w="80" /><ent r="3" t="15" w="99" /><ent r="4" t="226" w="80" /></phr></stem><stem n="mono.reflection.for"><phr n="Mono.Reflection.for"><ent r="3" t="15" w="82" /><ent r="3" t="15" w="78" /></phr></stem><stem n="mono.cecil"><phr n="Mono.Cecil"><ent r="3" t="15" w="93" /><ent r="3" t="15" w="92" /><ent r="3" t="17" w="216" /><ent r="3" t="17" w="215" /><ent r="5" t="20" w="442" /><ent r="5" t="20" w="441" /><ent r="3" t="266" w="355" /><ent r="3" t="266" w="354" /><ent r="3" t="283" w="98" /><ent r="3" t="283" w="97" /><ent r="4" t="308" w="131" /><ent r="4" t="308" w="130" /><ent r="4" t="308" w="321" /><ent r="4" t="308" w="320" /><ent r="4" t="308" w="342" /><ent r="4" t="308" w="341" /><ent r="4" t="308" w="425" /><ent r="4" t="308" w="424" /><ent r="6" t="309" w="309" /><ent r="6" t="309" w="308" /></phr></stem><stem n="cecil"><phr n="Cecil"><ent r="3" t="15" w="93" /><ent r="3" t="15" w="97" /><ent r="3" t="17" w="211" /><ent r="3" t="17" w="216" /><ent r="5" t="20" w="442" /><ent r="5" t="20" w="445" /><ent r="3" t="266" w="355" /><ent r="3" t="266" w="359" /><ent r="3" t="283" w="93" /><ent r="3" t="283" w="98" /><ent r="4" t="308" w="126" /><ent r="4" t="308" w="131" /><ent r="4" t="308" w="316" /><ent r="4" t="308" w="321" /><ent r="4" t="308" w="337" /><ent r="4" t="308" w="342" /><ent r="4" t="308" w="420" /><ent r="4" t="308" w="425" /><ent r="6" t="309" w="307" /><ent r="6" t="309" w="309" /><ent r="6" t="309" w="323" /><ent r="6" t="309" w="340" /><ent r="6" t="309" w="354" /></phr></stem><stem n=".cecil.dll-"><phr n=".Cecil.dll-"><ent r="3" t="15" w="94" /></phr></stem><stem n="dll-"><phr n="dll-"><ent r="3" t="15" w="94" /></phr></stem><stem n="mono.cecil.and"><phr n="Mono.Cecil.and"><ent r="3" t="15" w="96" /><ent r="3" t="15" w="92" /></phr></stem><stem n="cecil.flowanalysi"><phr n="Cecil.FlowAnalysis"><ent r="3" t="15" w="98" /><ent r="3" t="15" w="97" /><ent r="3" t="17" w="212" /><ent r="3" t="17" w="211" /><ent r="5" t="20" w="446" /><ent r="5" t="20" w="445" /><ent r="3" t="266" w="360" /><ent r="3" t="266" w="359" /><ent r="3" t="283" w="94" /><ent r="3" t="283" w="93" /><ent r="4" t="308" w="127" /><ent r="4" t="308" w="126" /><ent r="4" t="308" w="317" /><ent r="4" t="308" w="316" /><ent r="4" t="308" w="338" /><ent r="4" t="308" w="337" /><ent r="4" t="308" w="421" /><ent r="4" t="308" w="420" /><ent r="6" t="309" w="355" /><ent r="6" t="309" w="354" /></phr></stem><stem n="flowanalysi"><phr n="FlowAnalysis"><ent r="3" t="15" w="98" /><ent r="3" t="17" w="212" /><ent r="5" t="20" w="446" /><ent r="3" t="266" w="360" /><ent r="3" t="283" w="94" /><ent r="4" t="308" w="127" /><ent r="4" t="308" w="317" /><ent r="4" t="308" w="338" /><ent r="4" t="308" w="421" /><ent r="6" t="309" w="341" /><ent r="6" t="309" w="355" /></phr></stem><stem n="cecil.flowanalysis.dll-assembly."><phr n="Cecil.FlowAnalysis.dll-assembly."><ent r="3" t="15" w="100" /><ent r="3" t="15" w="97" /></phr></stem><stem n=".flowanalysis.dll-assembly."><phr n=".FlowAnalysis.dll-assembly."><ent r="3" t="15" w="101" /></phr></stem><stem n="70"><phr n="70"><ent r="4" t="15" w="141" /><ent r="4" t="15" w="194" /><ent r="4" t="15" w="516" /><ent r="4" t="15" w="569" /><ent r="4" t="15" w="660" /><ent r="4" t="15" w="735" /></phr></stem><stem n="optimiz"><phr n="optimizable"><ent r="4" t="15" w="158" /><ent r="4" t="15" w="213" /></phr></stem><stem n="invok"><phr n="invoke"><ent r="3" t="15" w="224" /></phr><phr n="invoked"><ent r="3" t="232" w="376" /><ent r="6" t="300" w="319" /></phr></stem><stem n="p.name.tolowerinvari"><phr n="p.Name.ToLowerInvariant"><ent r="4" t="15" w="250" /><ent r="4" t="15" w="248" /><ent r="4" t="15" w="298" /><ent r="4" t="15" w="296" /></phr></stem><stem n="tolowerinvari"><phr n="ToLowerInvariant"><ent r="4" t="15" w="250" /><ent r="4" t="15" w="298" /><ent r="4" t="18" w="945" /><ent r="4" t="18" w="1039" /></phr></stem><stem n=".name.tolowerinvariant().equals("><phr n=".Name.ToLowerInvariant().Equals("><ent r="4" t="15" w="252" /></phr></stem><stem n="unoptimiz"><phr n="Unoptimizable"><ent r="4" t="15" w="262" /><ent r="4" t="15" w="312" /><ent r="92" t="15" w="442" /><ent r="4" t="15" w="532" /><ent r="4" t="15" w="588" /></phr></stem><stem n="'operations'"><phr n="'operations'"><ent r="4" t="15" w="268" /><ent r="4" t="15" w="318" /></phr></stem><stem n="with"><phr n="withing"><ent r="4" t="15" w="268" /><ent r="4" t="15" w="318" /><ent r="5" t="49" w="814" /><ent r="5" t="49" w="916" /></phr></stem><stem n=".name.tolowerinvariant()."><phr n=".Name.ToLowerInvariant()."><ent r="4" t="15" w="299" /></phr></stem><stem n="unoptim"><phr n="Unoptimized"><ent r="92" t="15" w="329" /></phr><phr n="unoptimized"><ent r="3" t="15" w="346" /><ent r="3" t="15" w="436" /><ent r="4" t="21" w="156" /><ent r="4" t="21" w="180" /><ent r="4" t="134" w="218" /><ent r="3" t="134" w="227" /><ent r="4" t="134" w="273" /><ent r="3" t="134" w="282" /><ent r="3" t="134" w="290" /><ent r="4" t="140" w="418" /></phr></stem><stem n="-output"><phr n="-output"><ent r="3" t="15" w="342" /><ent r="3" t="15" w="342" /><ent r="3" t="60" w="181" /><ent r="3" t="60" w="181" /></phr></stem><stem n="debugg"><phr n="debugger"><ent r="3" t="15" w="342" /><ent r="6" t="92" w="248" /><ent r="3" t="285" w="338" /></phr></stem><stem n="debugger-output"><phr n="debugger-output"><ent r="3" t="15" w="342" /></phr></stem><stem n="output"><phr n="output"><ent r="3" t="15" w="343" /><ent r="3" t="15" w="352" /><ent r="3" t="28" w="898" /><ent r="3" t="60" w="182" /><ent r="3" t="140" w="120" /><ent r="4" t="140" w="143" /><ent r="6" t="143" w="325" /><ent r="3" t="158" w="105" /><ent r="3" t="158" w="116" /><ent r="3" t="158" w="119" /><ent r="3" t="163" w="34" /><ent r="4" t="163" w="51" /><ent r="4" t="163" w="79" /><ent r="3" t="270" w="129" /></phr><phr n="outputted"><ent r="3" t="130" w="79" /></phr><phr n="Output"><ent r="64" t="158" w="125" /><ent r="1000" t="163" w="3" /><ent r="102" t="163" w="8" /></phr></stem><stem n="window"><phr n="window"><ent r="3" t="15" w="353" /><ent r="4" t="140" w="144" /><ent r="4" t="289" w="89" /><ent r="4" t="289" w="101" /><ent r="4" t="289" w="133" /><ent r="3" t="289" w="146" /><ent r="3" t="290" w="201" /></phr><phr n="Windows"><ent r="3" t="132" w="126" /><ent r="3" t="133" w="20" /><ent r="4" t="133" w="356" /><ent r="4" t="133" w="372" /><ent r="4" t="245" w="129" /><ent r="4" t="245" w="146" /><ent r="4" t="245" w="149" /><ent r="3" t="268" w="126" /><ent r="3" t="268" w="163" /><ent r="4" t="268" w="462" /><ent r="3" t="306" w="379" /></phr><phr n="windows"><ent r="3" t="132" w="137" /><ent r="3" t="133" w="31" /><ent r="4" t="289" w="120" /></phr><phr n="Window"><ent r="4" t="258" w="248" /><ent r="3" t="270" w="222" /><ent r="4" t="306" w="572" /></phr></stem><stem n="debug-&gt;window"><phr n="Debug-&gt;Windows"><ent r="3" t="15" w="354" /></phr></stem><stem n="debug-&gt;windows-&gt;output"><phr n="Debug-&gt;Windows-&gt;Output"><ent r="3" t="15" w="354" /></phr></stem><stem n="&gt;window"><phr n="&gt;Windows"><ent r="3" t="15" w="355" /></phr></stem><stem n="&gt;windows-&gt;output"><phr n="&gt;Windows-&gt;Output"><ent r="3" t="15" w="355" /></phr></stem><stem n="&gt;output"><phr n="&gt;Output"><ent r="3" t="15" w="356" /></phr></stem><stem n="(debug-&gt;windows-&gt;output)."><phr n="(Debug-&gt;Windows-&gt;Output)."><ent r="3" t="15" w="357" /></phr></stem><stem n="produc"><phr n="produce"><ent r="3" t="15" w="368" /><ent r="4" t="53" w="479" /><ent r="3" t="141" w="14" /><ent r="3" t="177" w="63" /></phr><phr n="producing"><ent r="4" t="96" w="977" /></phr><phr n="produced"><ent r="3" t="165" w="28" /></phr></stem><stem n="'a"><phr n="'A"><ent r="3" t="15" w="372" /></phr></stem><stem n="chanc"><phr n="chance"><ent r="3" t="15" w="374" /><ent r="5" t="166" w="293" /><ent r="4" t="227" w="341" /><ent r="4" t="286" w="173" /></phr></stem><stem n="except"><phr n="exception"><ent r="3" t="15" w="375" /><ent r="5" t="28" w="1104" /><ent r="5" t="28" w="1172" /><ent r="3" t="64" w="83" /><ent r="4" t="67" w="288" /><ent r="4" t="67" w="340" /><ent r="6" t="92" w="569" /><ent r="3" t="100" w="385" /><ent r="4" t="102" w="107" /><ent r="3" t="104" w="130" /><ent r="3" t="104" w="176" /><ent r="3" t="126" w="25" /><ent r="3" t="126" w="63" /><ent r="3" t="126" w="67" /><ent r="3" t="126" w="107" /><ent r="3" t="126" w="128" /><ent r="3" t="126" w="146" /><ent r="3" t="126" w="150" /><ent r="3" t="126" w="190" /><ent r="3" t="126" w="244" /><ent r="3" t="127" w="43" /><ent r="3" t="127" w="82" /><ent r="3" t="127" w="100" /><ent r="3" t="127" w="108" /><ent r="3" t="127" w="134" /><ent r="3" t="127" w="151" /><ent r="3" t="127" w="168" /><ent r="3" t="127" w="190" /><ent r="3" t="127" w="213" /><ent r="2" t="127" w="233" /><ent r="3" t="127" w="260" /><ent r="3" t="127" w="288" /><ent r="3" t="127" w="308" /><ent r="3" t="127" w="328" /><ent r="3" t="127" w="333" /><ent r="3" t="127" w="344" /><ent r="3" t="127" w="366" /><ent r="3" t="127" w="387" /><ent r="3" t="128" w="16" /><ent r="3" t="128" w="42" /><ent r="3" t="142" w="432" /><ent r="3" t="152" w="87" /><ent r="3" t="155" w="23" /><ent r="3" t="155" w="47" /><ent r="3" t="188" w="189" /><ent r="3" t="232" w="293" /><ent r="3" t="263" w="466" /><ent r="3" t="263" w="470" /><ent r="4" t="263" w="574" /><ent r="4" t="263" w="637" /><ent r="3" t="274" w="269" /><ent r="4" t="276" w="62" /></phr><phr n="except"><ent r="3" t="45" w="337" /><ent r="3" t="62" w="144" /><ent r="3" t="69" w="78" /><ent r="4" t="122" w="110" /><ent r="4" t="122" w="131" /><ent r="64" t="263" w="19" /></phr><phr n="exceptions"><ent r="3" t="65" w="295" /><ent r="3" t="95" w="115" /><ent r="4" t="102" w="166" /><ent r="3" t="126" w="19" /><ent r="3" t="126" w="31" /><ent r="3" t="126" w="35" /><ent r="3" t="126" w="42" /><ent r="3" t="126" w="45" /><ent r="3" t="126" w="80" /><ent r="3" t="126" w="195" /><ent r="4" t="126" w="204" /><ent r="3" t="126" w="228" /><ent r="3" t="126" w="236" /><ent r="3" t="127" w="22" /><ent r="3" t="127" w="25" /><ent r="3" t="127" w="33" /><ent r="3" t="127" w="63" /><ent r="3" t="127" w="75" /><ent r="64" t="128" w="55" /><ent r="5" t="128" w="312" /><ent r="6" t="143" w="225" /><ent r="4" t="155" w="63" /><ent r="4" t="155" w="93" /><ent r="4" t="166" w="354" /><ent r="3" t="184" w="63" /><ent r="3" t="273" w="41" /><ent r="3" t="274" w="66" /><ent r="4" t="294" w="241" /></phr><phr n="Exception"><ent r="64" t="65" w="298" /><ent r="4" t="74" w="684" /><ent r="4" t="74" w="744" /><ent r="4" t="75" w="465" /><ent r="4" t="75" w="526" /><ent r="4" t="75" w="579" /><ent r="4" t="75" w="640" /><ent r="1000" t="126" w="1" /><ent r="100" t="126" w="4" /><ent r="102" t="126" w="7" /><ent r="64" t="126" w="231" /><ent r="1000" t="127" w="1" /><ent r="100" t="127" w="4" /><ent r="100" t="127" w="6" /><ent r="102" t="127" w="9" /><ent r="4" t="281" w="375" /><ent r="4" t="281" w="495" /><ent r="6" t="299" w="402" /></phr><phr n="Except"><ent r="3" t="75" w="25" /><ent r="4" t="96" w="1021" /><ent r="3" t="109" w="225" /></phr><phr n="Exceptions"><ent r="92" t="126" w="38" /><ent r="4" t="126" w="83" /><ent r="92" t="126" w="103" /><ent r="4" t="126" w="198" /><ent r="4" t="126" w="206" /><ent r="92" t="126" w="214" /><ent r="64" t="126" w="253" /><ent r="3" t="127" w="84" /><ent r="1000" t="128" w="6" /><ent r="102" t="128" w="13" /><ent r="1000" t="155" w="1" /><ent r="102" t="155" w="7" /></phr></stem><stem n="db4objects.db4o.linq.queryoptimizationexcept"><phr n="Db4objects.Db4o.Linq.QueryOptimizationException"><ent r="3" t="15" w="381" /><ent r="3" t="15" w="378" /></phr></stem><stem n="queryoptimizationexcept"><phr n="QueryOptimizationException"><ent r="3" t="15" w="381" /></phr></stem><stem n="db4objects.db4o.linq.queryoptimizationexception'"><phr n="Db4objects.Db4o.Linq.QueryOptimizationException'"><ent r="3" t="15" w="381" /><ent r="3" t="15" w="378" /></phr></stem><stem n="'db4objects.db4o.linq.queryoptimizationexception'"><phr n="'Db4objects.Db4o.Linq.QueryOptimizationException'"><ent r="3" t="15" w="382" /></phr></stem><stem n="occur"><phr n="occurred"><ent r="3" t="15" w="382" /></phr><phr n="occurs"><ent r="3" t="41" w="174" /><ent r="3" t="55" w="261" /><ent r="3" t="127" w="394" /></phr><phr n="occurring"><ent r="3" t="127" w="85" /></phr><phr n="occur"><ent r="3" t="174" w="236" /><ent r="3" t="281" w="45" /></phr></stem><stem n="db4objects.db4o.linq.dll'"><phr n="Db4objects.Db4o.Linq.dll'"><ent r="3" t="15" w="387" /><ent r="3" t="15" w="384" /></phr></stem><stem n=".db4o.linq.dll'"><phr n=".Db4o.Linq.dll'"><ent r="3" t="15" w="388" /></phr></stem><stem n="print"><phr n="printed"><ent r="3" t="15" w="413" /><ent r="3" t="163" w="18" /></phr><phr n="print"><ent r="5" t="42" w="384" /><ent r="5" t="42" w="473" /><ent r="3" t="140" w="118" /><ent r="3" t="236" w="271" /><ent r="5" t="274" w="107" /><ent r="5" t="274" w="196" /></phr><phr n="Prints"><ent r="5" t="92" w="288" /><ent r="4" t="140" w="126" /></phr><phr n="prints"><ent r="4" t="140" w="137" /></phr></stem></index>