﻿<?xml version="1.0" encoding="utf-8"?><index><stem n="2-16"><phr n="2-16"><ent r="3" t="6" w="15" /></phr></stem><stem n="16"><phr n="16"><ent r="3" t="6" w="16" /><ent r="3" t="6" w="35" /><ent r="4" t="159" w="58" /><ent r="4" t="159" w="85" /><ent r="3" t="176" w="56" /></phr></stem><stem n="gbyte"><phr n="GByte"><ent r="3" t="6" w="17" /><ent r="3" t="6" w="22" /><ent r="3" t="273" w="178" /></phr></stem><stem n="maximum"><phr n="maximum"><ent r="3" t="6" w="20" /><ent r="3" t="121" w="587" /><ent r="3" t="176" w="32" /><ent r="3" t="190" w="59" /><ent r="6" t="202" w="101" /><ent r="3" t="206" w="52" /><ent r="4" t="206" w="94" /><ent r="4" t="206" w="123" /><ent r="6" t="209" w="261" /><ent r="3" t="216" w="11" /><ent r="4" t="216" w="62" /><ent r="4" t="216" w="94" /><ent r="3" t="279" w="39" /><ent r="3" t="279" w="60" /><ent r="3" t="284" w="157" /></phr><phr n="Maximum"><ent r="64" t="127" w="205" /><ent r="1000" t="216" w="1" /><ent r="102" t="216" w="5" /><ent r="64" t="282" w="66" /><ent r="1000" t="284" w="3" /><ent r="102" t="284" w="10" /><ent r="64" t="285" w="238" /></phr></stem><stem n="256"><phr n="256"><ent r="3" t="6" w="21" /><ent r="3" t="105" w="185" /><ent r="4" t="150" w="190" /><ent r="4" t="150" w="218" /><ent r="5" t="179" w="147" /><ent r="4" t="179" w="154" /><ent r="5" t="179" w="180" /><ent r="4" t="179" w="187" /></phr></stem><stem n="rule"><phr n="rule"><ent r="3" t="6" w="26" /><ent r="4" t="33" w="52" /><ent r="3" t="38" w="84" /><ent r="3" t="59" w="260" /><ent r="3" t="238" w="355" /></phr><phr n="rules"><ent r="3" t="35" w="9" /><ent r="3" t="46" w="326" /><ent r="3" t="51" w="159" /><ent r="3" t="73" w="47" /><ent r="4" t="113" w="10" /><ent r="3" t="263" w="464" /><ent r="3" t="268" w="378" /></phr></stem><stem n="expect"><phr n="expect"><ent r="3" t="6" w="29" /><ent r="3" t="6" w="81" /><ent r="3" t="8" w="316" /><ent r="3" t="282" w="104" /></phr><phr n="Expected"><ent r="5" t="35" w="171" /><ent r="5" t="76" w="651" /></phr><phr n="Expect"><ent r="5" t="50" w="522" /><ent r="5" t="50" w="575" /></phr><phr n="expected"><ent r="3" t="126" w="138" /><ent r="3" t="260" w="173" /></phr></stem><stem n="explicitli"><phr n="explicitly"><ent r="3" t="6" w="50" /><ent r="4" t="41" w="190" /><ent r="3" t="42" w="563" /><ent r="3" t="44" w="81" /><ent r="3" t="45" w="336" /><ent r="3" t="45" w="504" /><ent r="3" t="49" w="53" /><ent r="3" t="56" w="391" /><ent r="3" t="66" w="592" /><ent r="5" t="66" w="639" /><ent r="5" t="66" w="727" /><ent r="3" t="69" w="218" /><ent r="3" t="69" w="565" /><ent r="4" t="78" w="148" /><ent r="4" t="78" w="173" /><ent r="3" t="80" w="119" /><ent r="3" t="112" w="202" /><ent r="3" t="118" w="156" /><ent r="3" t="146" w="147" /><ent r="8" t="228" w="150" /><ent r="3" t="248" w="157" /><ent r="3" t="249" w="202" /><ent r="4" t="274" w="316" /><ent r="4" t="274" w="450" /><ent r="3" t="275" w="58" /><ent r="3" t="275" w="152" /><ent r="3" t="275" w="465" /><ent r="3" t="282" w="73" /></phr><phr n="Explicitly"><ent r="92" t="45" w="321" /><ent r="5" t="45" w="392" /><ent r="4" t="45" w="417" /><ent r="5" t="45" w="453" /><ent r="4" t="45" w="474" /><ent r="5" t="45" w="533" /><ent r="4" t="45" w="547" /><ent r="5" t="45" w="582" /><ent r="4" t="45" w="590" /><ent r="92" t="228" w="202" /></phr></stem><stem n="single-thread"><phr n="single-threaded"><ent r="3" t="6" w="51" /><ent r="3" t="207" w="16" /><ent r="3" t="207" w="134" /><ent r="3" t="282" w="74" /></phr></stem><stem n="-threaded."><phr n="-threaded."><ent r="3" t="6" w="53" /><ent r="3" t="6" w="53" /><ent r="3" t="207" w="18" /><ent r="3" t="207" w="18" /><ent r="3" t="282" w="76" /><ent r="3" t="282" w="76" /></phr></stem><stem n="will"><phr n="will"><ent r="3" t="6" w="55" /><ent r="3" t="7" w="588" /><ent r="3" t="10" w="182" /><ent r="3" t="10" w="192" /><ent r="3" t="11" w="107" /><ent r="3" t="14" w="275" /><ent r="3" t="14" w="1186" /><ent r="3" t="15" w="367" /><ent r="3" t="15" w="431" /><ent r="3" t="15" w="814" /><ent r="3" t="17" w="157" /><ent r="3" t="17" w="235" /><ent r="3" t="17" w="361" /><ent r="3" t="17" w="378" /><ent r="3" t="18" w="879" /><ent r="3" t="19" w="59" /><ent r="3" t="20" w="51" /><ent r="3" t="20" w="69" /><ent r="3" t="20" w="108" /><ent r="3" t="20" w="314" /><ent r="3" t="22" w="88" /><ent r="3" t="22" w="196" /><ent r="3" t="24" w="28" /><ent r="3" t="24" w="43" /><ent r="3" t="24" w="82" /><ent r="3" t="24" w="170" /><ent r="3" t="24" w="256" /><ent r="3" t="24" w="276" /><ent r="3" t="24" w="381" /><ent r="3" t="24" w="542" /><ent r="3" t="26" w="63" /><ent r="3" t="26" w="141" /><ent r="3" t="26" w="151" /><ent r="3" t="27" w="1066" /><ent r="3" t="27" w="1097" /><ent r="3" t="28" w="375" /><ent r="3" t="28" w="694" /><ent r="5" t="28" w="739" /><ent r="5" t="28" w="811" /><ent r="3" t="28" w="921" /><ent r="3" t="28" w="1061" /><ent r="3" t="29" w="60" /><ent r="3" t="31" w="207" /><ent r="3" t="31" w="903" /><ent r="3" t="31" w="1288" /><ent r="3" t="31" w="1546" /><ent r="3" t="32" w="175" /><ent r="3" t="32" w="190" /><ent r="3" t="34" w="72" /><ent r="3" t="34" w="292" /><ent r="3" t="38" w="76" /><ent r="3" t="38" w="114" /><ent r="3" t="38" w="255" /><ent r="3" t="38" w="388" /><ent r="3" t="39" w="79" /><ent r="3" t="39" w="91" /><ent r="3" t="39" w="369" /><ent r="3" t="40" w="101" /><ent r="3" t="40" w="139" /><ent r="3" t="40" w="198" /><ent r="3" t="41" w="72" /><ent r="3" t="41" w="87" /><ent r="3" t="42" w="361" /><ent r="5" t="42" w="383" /><ent r="5" t="42" w="407" /><ent r="5" t="42" w="472" /><ent r="5" t="42" w="496" /><ent r="3" t="42" w="709" /><ent r="3" t="42" w="744" /><ent r="5" t="42" w="816" /><ent r="5" t="42" w="869" /><ent r="3" t="44" w="137" /><ent r="3" t="49" w="1003" /><ent r="5" t="49" w="1071" /><ent r="5" t="49" w="1212" /><ent r="5" t="50" w="744" /><ent r="5" t="50" w="821" /><ent r="3" t="53" w="38" /><ent r="4" t="53" w="478" /><ent r="3" t="54" w="88" /><ent r="3" t="59" w="30" /><ent r="3" t="64" w="80" /><ent r="3" t="65" w="149" /><ent r="3" t="67" w="70" /><ent r="3" t="67" w="247" /><ent r="3" t="68" w="168" /><ent r="3" t="73" w="80" /><ent r="3" t="73" w="100" /><ent r="3" t="77" w="84" /><ent r="3" t="78" w="118" /><ent r="3" t="85" w="11" /><ent r="3" t="89" w="21" /><ent r="3" t="90" w="203" /><ent r="3" t="92" w="58" /><ent r="3" t="93" w="29" /><ent r="4" t="93" w="148" /><ent r="3" t="94" w="57" /><ent r="3" t="94" w="78" /><ent r="3" t="95" w="79" /><ent r="3" t="95" w="91" /><ent r="3" t="95" w="107" /><ent r="3" t="99" w="1047" /><ent r="3" t="100" w="32" /><ent r="3" t="100" w="382" /><ent r="3" t="101" w="55" /><ent r="3" t="101" w="77" /><ent r="4" t="102" w="169" /><ent r="3" t="104" w="172" /><ent r="3" t="106" w="133" /><ent r="3" t="109" w="255" /><ent r="3" t="109" w="282" /><ent r="3" t="111" w="47" /><ent r="3" t="112" w="206" /><ent r="3" t="112" w="1203" /><ent r="3" t="114" w="129" /><ent r="3" t="114" w="699" /><ent r="3" t="114" w="838" /><ent r="3" t="117" w="15" /><ent r="3" t="117" w="68" /><ent r="3" t="121" w="42" /><ent r="3" t="126" w="108" /><ent r="3" t="127" w="15" /><ent r="3" t="127" w="89" /><ent r="3" t="127" w="136" /><ent r="3" t="128" w="18" /><ent r="3" t="134" w="48" /><ent r="3" t="137" w="170" /><ent r="3" t="137" w="228" /><ent r="3" t="142" w="92" /><ent r="3" t="146" w="30" /><ent r="3" t="148" w="202" /><ent r="3" t="149" w="21" /><ent r="3" t="155" w="20" /><ent r="3" t="155" w="35" /><ent r="3" t="165" w="47" /><ent r="3" t="165" w="59" /><ent r="3" t="165" w="167" /><ent r="4" t="165" w="190" /><ent r="4" t="165" w="200" /><ent r="4" t="165" w="237" /><ent r="4" t="165" w="249" /><ent r="3" t="166" w="36" /><ent r="3" t="166" w="161" /><ent r="4" t="166" w="181" /><ent r="4" t="166" w="203" /><ent r="4" t="166" w="396" /><ent r="3" t="167" w="85" /><ent r="4" t="167" w="126" /><ent r="4" t="167" w="150" /><ent r="4" t="167" w="165" /><ent r="4" t="167" w="171" /><ent r="4" t="167" w="190" /><ent r="3" t="174" w="49" /><ent r="3" t="174" w="153" /><ent r="3" t="176" w="36" /><ent r="3" t="176" w="201" /><ent r="3" t="177" w="62" /><ent r="3" t="177" w="99" /><ent r="3" t="185" w="22" /><ent r="3" t="185" w="47" /><ent r="3" t="185" w="58" /><ent r="3" t="185" w="73" /><ent r="3" t="185" w="90" /><ent r="3" t="188" w="133" /><ent r="3" t="188" w="390" /><ent r="3" t="188" w="416" /><ent r="3" t="188" w="426" /><ent r="3" t="188" w="574" /><ent r="3" t="188" w="595" /><ent r="3" t="190" w="229" /><ent r="3" t="190" w="236" /><ent r="3" t="191" w="84" /><ent r="3" t="191" w="91" /><ent r="3" t="191" w="160" /><ent r="3" t="193" w="11" /><ent r="3" t="193" w="19" /><ent r="3" t="200" w="123" /><ent r="3" t="200" w="152" /><ent r="3" t="222" w="30" /><ent r="3" t="226" w="273" /><ent r="3" t="230" w="42" /><ent r="4" t="230" w="55" /><ent r="4" t="230" w="61" /><ent r="4" t="230" w="78" /><ent r="3" t="230" w="114" /><ent r="3" t="230" w="144" /><ent r="4" t="231" w="150" /><ent r="3" t="231" w="189" /><ent r="3" t="232" w="83" /><ent r="3" t="232" w="143" /><ent r="3" t="232" w="306" /><ent r="3" t="233" w="241" /><ent r="3" t="234" w="13" /><ent r="3" t="234" w="22" /><ent r="3" t="234" w="74" /><ent r="3" t="234" w="102" /><ent r="3" t="234" w="110" /><ent r="3" t="238" w="334" /><ent r="3" t="240" w="815" /><ent r="3" t="241" w="39" /><ent r="4" t="242" w="80" /><ent r="4" t="242" w="108" /><ent r="3" t="243" w="316" /><ent r="3" t="245" w="182" /><ent r="3" t="246" w="59" /><ent r="3" t="249" w="100" /><ent r="3" t="250" w="163" /><ent r="3" t="251" w="170" /><ent r="3" t="253" w="52" /><ent r="3" t="257" w="206" /><ent r="3" t="263" w="471" /><ent r="3" t="264" w="132" /><ent r="3" t="264" w="162" /><ent r="3" t="267" w="53" /><ent r="4" t="269" w="88" /><ent r="3" t="270" w="99" /><ent r="3" t="270" w="110" /><ent r="6" t="270" w="414" /><ent r="3" t="272" w="127" /><ent r="3" t="272" w="315" /><ent r="3" t="272" w="566" /><ent r="5" t="274" w="106" /><ent r="5" t="274" w="130" /><ent r="5" t="274" w="195" /><ent r="5" t="274" w="219" /><ent r="3" t="274" w="265" /><ent r="3" t="275" w="22" /><ent r="3" t="275" w="440" /><ent r="3" t="275" w="559" /><ent r="3" t="276" w="199" /><ent r="3" t="276" w="231" /><ent r="3" t="277" w="86" /><ent r="3" t="277" w="110" /><ent r="4" t="278" w="46" /><ent r="4" t="278" w="86" /><ent r="3" t="282" w="78" /><ent r="3" t="283" w="226" /><ent r="3" t="283" w="337" /><ent r="3" t="284" w="217" /><ent r="3" t="285" w="70" /><ent r="3" t="285" w="113" /><ent r="4" t="286" w="202" /><ent r="4" t="286" w="233" /><ent r="4" t="287" w="89" /><ent r="3" t="289" w="72" /><ent r="3" t="290" w="38" /><ent r="3" t="290" w="92" /><ent r="3" t="292" w="62" /><ent r="3" t="292" w="90" /><ent r="3" t="292" w="170" /><ent r="3" t="292" w="214" /><ent r="3" t="298" w="531" /><ent r="5" t="299" w="496" /><ent r="6" t="300" w="290" /><ent r="3" t="303" w="15" /><ent r="3" t="303" w="60" /><ent r="3" t="303" w="119" /><ent r="3" t="303" w="161" /><ent r="3" t="303" w="195" /><ent r="3" t="306" w="10" /><ent r="3" t="306" w="102" /><ent r="3" t="306" w="270" /><ent r="3" t="306" w="394" /><ent r="3" t="306" w="422" /><ent r="3" t="306" w="435" /><ent r="3" t="306" w="514" /><ent r="3" t="306" w="529" /><ent r="3" t="306" w="630" /><ent r="4" t="308" w="111" /><ent r="4" t="308" w="349" /><ent r="4" t="308" w="374" /><ent r="3" t="312" w="20" /></phr><phr n="Will"><ent r="6" t="143" w="235" /><ent r="6" t="300" w="619" /></phr></stem><stem n="global"><phr n="global"><ent r="3" t="6" w="60" /><ent r="3" t="145" w="27" /><ent r="64" t="151" w="72" /><ent r="3" t="156" w="111" /><ent r="3" t="180" w="57" /><ent r="3" t="210" w="49" /><ent r="65" t="274" w="329" /><ent r="3" t="282" w="83" /><ent r="64" t="282" w="187" /></phr><phr n="globally"><ent r="64" t="42" w="669" /><ent r="64" t="45" w="619" /><ent r="64" t="69" w="374" /><ent r="4" t="69" w="400" /><ent r="4" t="69" w="428" /><ent r="6" t="143" w="116" /><ent r="4" t="180" w="79" /><ent r="4" t="180" w="107" /><ent r="64" t="222" w="55" /></phr><phr n="Globally"><ent r="4" t="69" w="393" /><ent r="4" t="69" w="421" /><ent r="4" t="180" w="72" /><ent r="4" t="180" w="100" /><ent r="4" t="249" w="57" /><ent r="4" t="249" w="78" /></phr></stem><stem n="lock"><phr n="lock"><ent r="3" t="6" w="62" /><ent r="4" t="74" w="69" /><ent r="4" t="74" w="93" /><ent r="5" t="74" w="283" /><ent r="4" t="74" w="335" /><ent r="4" t="74" w="437" /><ent r="5" t="74" w="456" /><ent r="4" t="74" w="488" /><ent r="4" t="74" w="558" /><ent r="3" t="74" w="650" /><ent r="5" t="74" w="670" /><ent r="3" t="75" w="38" /><ent r="3" t="75" w="44" /><ent r="3" t="75" w="55" /><ent r="4" t="75" w="104" /><ent r="4" t="75" w="180" /><ent r="3" t="75" w="201" /><ent r="3" t="75" w="208" /><ent r="4" t="75" w="283" /><ent r="4" t="75" w="384" /><ent r="3" t="75" w="435" /><ent r="5" t="99" w="467" /><ent r="5" t="99" w="486" /><ent r="6" t="173" w="229" /><ent r="3" t="182" w="14" /><ent r="4" t="182" w="85" /><ent r="4" t="182" w="114" /><ent r="3" t="232" w="387" /><ent r="5" t="235" w="102" /><ent r="5" t="235" w="131" /><ent r="5" t="235" w="141" /><ent r="5" t="235" w="152" /><ent r="5" t="235" w="160" /><ent r="5" t="235" w="183" /><ent r="5" t="235" w="216" /><ent r="5" t="235" w="229" /><ent r="5" t="235" w="240" /><ent r="5" t="235" w="251" /><ent r="65" t="278" w="28" /><ent r="4" t="278" w="62" /><ent r="3" t="282" w="85" /></phr><phr n="Locking"><ent r="92" t="74" w="572" /></phr><phr n="locking"><ent r="3" t="74" w="577" /><ent r="3" t="74" w="604" /><ent r="3" t="234" w="108" /><ent r="3" t="235" w="308" /></phr><phr n="locks"><ent r="64" t="74" w="594" /><ent r="3" t="74" w="1118" /><ent r="64" t="74" w="1123" /><ent r="3" t="75" w="33" /><ent r="3" t="75" w="406" /><ent r="3" t="75" w="427" /><ent r="3" t="235" w="31" /></phr><phr n="Lock"><ent r="1000" t="75" w="3" /><ent r="102" t="75" w="8" /><ent r="92" t="75" w="398" /><ent r="1000" t="182" w="1" /><ent r="102" t="182" w="5" /></phr><phr n="locked"><ent r="3" t="127" w="182" /><ent r="3" t="234" w="45" /></phr></stem><stem n=".that"><phr n=".That"><ent r="3" t="6" w="63" /><ent r="3" t="31" w="878" /><ent r="3" t="282" w="86" /></phr></stem><stem n="lock.that"><phr n="lock.That"><ent r="3" t="6" w="63" /><ent r="3" t="6" w="62" /><ent r="3" t="282" w="86" /><ent r="3" t="282" w="85" /></phr></stem><stem n="cannot"><phr n="cannot"><ent r="3" t="6" w="66" /><ent r="3" t="14" w="1009" /><ent r="3" t="14" w="1022" /><ent r="3" t="14" w="1057" /><ent r="3" t="14" w="1194" /><ent r="3" t="14" w="1588" /><ent r="3" t="15" w="29" /><ent r="3" t="15" w="229" /><ent r="3" t="15" w="364" /><ent r="3" t="15" w="452" /><ent r="3" t="15" w="607" /><ent r="3" t="18" w="875" /><ent r="4" t="25" w="23" /><ent r="4" t="25" w="33" /><ent r="3" t="28" w="86" /><ent r="3" t="28" w="231" /><ent r="3" t="28" w="392" /><ent r="3" t="31" w="871" /><ent r="3" t="31" w="945" /><ent r="3" t="31" w="959" /><ent r="5" t="31" w="991" /><ent r="5" t="31" w="1051" /><ent r="3" t="31" w="1116" /><ent r="3" t="31" w="1296" /><ent r="3" t="31" w="1542" /><ent r="3" t="31" w="1784" /><ent r="4" t="33" w="149" /><ent r="3" t="36" w="80" /><ent r="3" t="38" w="383" /><ent r="4" t="53" w="491" /><ent r="6" t="53" w="507" /><ent r="6" t="53" w="585" /><ent r="3" t="59" w="72" /><ent r="4" t="60" w="348" /><ent r="4" t="60" w="372" /><ent r="3" t="62" w="188" /><ent r="3" t="62" w="196" /><ent r="3" t="62" w="206" /><ent r="3" t="62" w="223" /><ent r="3" t="67" w="39" /><ent r="3" t="96" w="647" /><ent r="4" t="96" w="972" /><ent r="4" t="96" w="990" /><ent r="4" t="96" w="998" /><ent r="4" t="103" w="177" /><ent r="3" t="114" w="12" /><ent r="3" t="114" w="156" /><ent r="4" t="114" w="1015" /><ent r="3" t="122" w="50" /><ent r="4" t="122" w="78" /><ent r="3" t="123" w="63" /><ent r="2" t="127" w="251" /><ent r="3" t="131" w="114" /><ent r="3" t="137" w="163" /><ent r="3" t="142" w="64" /><ent r="8" t="143" w="105" /><ent r="3" t="155" w="15" /><ent r="3" t="155" w="40" /><ent r="3" t="156" w="116" /><ent r="3" t="169" w="124" /><ent r="8" t="173" w="95" /><ent r="3" t="176" w="103" /><ent r="3" t="207" w="120" /><ent r="3" t="207" w="126" /><ent r="3" t="224" w="52" /><ent r="3" t="224" w="217" /><ent r="3" t="224" w="409" /><ent r="4" t="231" w="140" /><ent r="3" t="231" w="202" /><ent r="3" t="232" w="104" /><ent r="5" t="241" w="186" /><ent r="5" t="241" w="403" /><ent r="3" t="244" w="468" /><ent r="3" t="252" w="38" /><ent r="3" t="253" w="328" /><ent r="5" t="264" w="187" /><ent r="3" t="266" w="223" /><ent r="3" t="266" w="241" /><ent r="3" t="266" w="247" /><ent r="3" t="266" w="491" /><ent r="3" t="269" w="126" /><ent r="4" t="276" w="92" /><ent r="4" t="278" w="108" /><ent r="4" t="278" w="116" /><ent r="4" t="278" w="146" /><ent r="3" t="279" w="67" /><ent r="3" t="281" w="249" /><ent r="3" t="282" w="89" /><ent r="3" t="283" w="144" /><ent r="3" t="283" w="237" /><ent r="3" t="283" w="320" /><ent r="3" t="283" w="344" /><ent r="3" t="291" w="41" /><ent r="4" t="308" w="367" /></phr><phr n="Cannot"><ent r="93" t="53" w="456" /><ent r="5" t="53" w="565" /><ent r="5" t="53" w="666" /><ent r="92" t="62" w="181" /><ent r="5" t="99" w="704" /><ent r="5" t="99" w="826" /><ent r="6" t="128" w="223" /><ent r="6" t="128" w="289" /></phr></stem><stem n="sinc"><phr n="since"><ent r="3" t="6" w="73" /><ent r="3" t="7" w="177" /><ent r="3" t="7" w="205" /><ent r="3" t="15" w="819" /><ent r="3" t="61" w="153" /><ent r="3" t="99" w="36" /><ent r="3" t="107" w="80" /><ent r="3" t="145" w="150" /><ent r="3" t="150" w="65" /><ent r="3" t="150" w="113" /><ent r="4" t="166" w="244" /><ent r="3" t="176" w="81" /><ent r="3" t="176" w="190" /><ent r="3" t="179" w="510" /><ent r="3" t="224" w="403" /><ent r="4" t="276" w="98" /><ent r="3" t="282" w="96" /></phr><phr n="Since"><ent r="4" t="17" w="14" /><ent r="4" t="18" w="9" /><ent r="4" t="19" w="13" /><ent r="4" t="20" w="13" /><ent r="4" t="21" w="11" /><ent r="4" t="22" w="15" /><ent r="3" t="26" w="32" /><ent r="3" t="31" w="891" /><ent r="3" t="40" w="74" /><ent r="3" t="44" w="279" /><ent r="3" t="49" w="454" /><ent r="3" t="66" w="393" /><ent r="4" t="167" w="143" /><ent r="3" t="179" w="345" /><ent r="3" t="207" w="105" /><ent r="4" t="238" w="179" /><ent r="3" t="243" w="245" /><ent r="3" t="266" w="239" /><ent r="3" t="275" w="86" /></phr></stem><stem n="block"><phr n="blocks"><ent r="3" t="6" w="75" /><ent r="3" t="179" w="70" /><ent r="3" t="179" w="90" /><ent r="3" t="179" w="115" /><ent r="3" t="179" w="118" /><ent r="3" t="235" w="37" /><ent r="3" t="282" w="98" /></phr><phr n="block"><ent r="64" t="81" w="45" /><ent r="3" t="165" w="75" /><ent r="4" t="165" w="222" /><ent r="6" t="173" w="148" /><ent r="3" t="176" w="8" /><ent r="3" t="176" w="46" /><ent r="4" t="176" w="137" /><ent r="4" t="176" w="166" /><ent r="3" t="176" w="196" /><ent r="3" t="233" w="202" /><ent r="3" t="235" w="285" /><ent r="64" t="279" w="56" /><ent r="3" t="284" w="25" /><ent r="4" t="284" w="81" /><ent r="4" t="284" w="110" /><ent r="3" t="284" w="126" /><ent r="3" t="284" w="164" /><ent r="3" t="284" w="195" /><ent r="3" t="284" w="213" /><ent r="3" t="285" w="221" /></phr><phr n="blocked"><ent r="4" t="102" w="114" /><ent r="4" t="167" w="153" /></phr><phr n="Blocks"><ent r="6" t="173" w="154" /></phr><phr n="blocking"><ent r="3" t="174" w="55" /></phr><phr n="Block"><ent r="1000" t="176" w="1" /><ent r="102" t="176" w="4" /><ent r="92" t="235" w="277" /><ent r="64" t="284" w="49" /><ent r="92" t="285" w="200" /><ent r="3" t="285" w="203" /></phr></stem><stem n="consid"><phr n="consider"><ent r="3" t="6" w="91" /><ent r="3" t="108" w="68" /><ent r="4" t="140" w="231" /><ent r="4" t="140" w="304" /><ent r="4" t="140" w="353" /><ent r="3" t="233" w="93" /><ent r="3" t="242" w="47" /><ent r="3" t="282" w="114" /><ent r="3" t="282" w="208" /><ent r="3" t="285" w="155" /></phr><phr n="Consider"><ent r="3" t="21" w="391" /><ent r="4" t="140" w="267" /><ent r="4" t="140" w="389" /><ent r="4" t="140" w="427" /></phr><phr n="considered"><ent r="3" t="39" w="94" /><ent r="3" t="126" w="142" /></phr><phr n="considers"><ent r="3" t="42" w="785" /><ent r="3" t="66" w="142" /></phr></stem><stem n="larger"><phr n="larger"><ent r="3" t="6" w="93" /><ent r="3" t="77" w="41" /><ent r="3" t="137" w="112" /><ent r="3" t="137" w="116" /><ent r="4" t="140" w="264" /><ent r="3" t="150" w="130" /><ent r="3" t="150" w="134" /><ent r="3" t="150" w="174" /><ent r="6" t="173" w="156" /><ent r="4" t="176" w="140" /><ent r="4" t="176" w="169" /><ent r="3" t="176" w="183" /><ent r="3" t="176" w="187" /><ent r="3" t="176" w="199" /><ent r="3" t="176" w="211" /><ent r="3" t="179" w="78" /><ent r="3" t="188" w="166" /><ent r="3" t="199" w="25" /><ent r="3" t="206" w="59" /><ent r="3" t="282" w="57" /><ent r="3" t="282" w="116" /><ent r="4" t="284" w="84" /><ent r="4" t="284" w="113" /></phr><phr n="Larger"><ent r="3" t="150" w="106" /><ent r="6" t="173" w="153" /></phr></stem><stem n="sure"><phr n="sure"><ent r="3" t="6" w="108" /><ent r="3" t="31" w="947" /><ent r="3" t="34" w="301" /><ent r="4" t="55" w="230" /><ent r="4" t="93" w="56" /><ent r="3" t="100" w="349" /><ent r="4" t="103" w="179" /><ent r="3" t="170" w="61" /><ent r="3" t="233" w="350" /><ent r="5" t="233" w="420" /><ent r="5" t="233" w="508" /><ent r="4" t="242" w="125" /><ent r="3" t="244" w="464" /><ent r="3" t="257" w="157" /><ent r="3" t="257" w="191" /><ent r="3" t="258" w="43" /><ent r="4" t="286" w="103" /><ent r="4" t="286" w="228" /><ent r="3" t="293" w="148" /><ent r="3" t="293" w="174" /><ent r="3" t="294" w="90" /><ent r="3" t="306" w="492" /></phr></stem><stem n="step"><phr n="steps"><ent r="3" t="6" w="124" /><ent r="3" t="9" w="22" /><ent r="4" t="33" w="85" /><ent r="3" t="48" w="165" /><ent r="3" t="93" w="46" /><ent r="3" t="96" w="96" /><ent r="3" t="117" w="255" /><ent r="3" t="239" w="100" /><ent r="3" t="307" w="53" /></phr><phr n="step"><ent r="3" t="15" w="402" /><ent r="3" t="50" w="79" /><ent r="4" t="50" w="264" /><ent r="4" t="50" w="270" /><ent r="6" t="92" w="242" /><ent r="3" t="117" w="296" /><ent r="6" t="173" w="167" /><ent r="3" t="178" w="43" /><ent r="3" t="178" w="64" /><ent r="3" t="262" w="57" /><ent r="3" t="264" w="19" /><ent r="3" t="265" w="606" /><ent r="3" t="281" w="78" /><ent r="4" t="294" w="151" /><ent r="4" t="294" w="153" /><ent r="3" t="297" w="121" /><ent r="3" t="302" w="22" /></phr><phr n="Step"><ent r="92" t="120" w="236" /><ent r="92" t="120" w="238" /><ent r="92" t="122" w="140" /><ent r="92" t="122" w="142" /><ent r="92" t="124" w="98" /><ent r="92" t="124" w="100" /><ent r="92" t="125" w="98" /><ent r="92" t="125" w="100" /></phr><phr n="Steps"><ent r="4" t="294" w="139" /></phr></stem><stem n="write"><phr n="Write"><ent r="4" t="6" w="126" /><ent r="6" t="37" w="146" /><ent r="6" t="37" w="187" /><ent r="4" t="49" w="798" /><ent r="4" t="49" w="885" /><ent r="4" t="52" w="140" /><ent r="4" t="52" w="218" /><ent r="1000" t="75" w="2" /><ent r="102" t="75" w="7" /><ent r="92" t="75" w="397" /><ent r="4" t="117" w="111" /><ent r="4" t="117" w="146" /><ent r="4" t="117" w="160" /><ent r="4" t="117" w="182" /><ent r="4" t="117" w="234" /><ent r="4" t="117" w="278" /><ent r="4" t="117" w="287" /><ent r="4" t="193" w="225" /><ent r="4" t="193" w="251" /><ent r="4" t="193" w="496" /><ent r="4" t="193" w="528" /><ent r="4" t="227" w="107" /><ent r="4" t="227" w="136" /><ent r="4" t="227" w="157" /><ent r="4" t="227" w="196" /><ent r="4" t="227" w="225" /><ent r="4" t="227" w="246" /></phr><phr n="write"><ent r="3" t="7" w="616" /><ent r="3" t="12" w="64" /><ent r="3" t="12" w="135" /><ent r="3" t="14" w="1631" /><ent r="3" t="17" w="56" /><ent r="3" t="18" w="691" /><ent r="3" t="26" w="55" /><ent r="3" t="26" w="154" /><ent r="6" t="37" w="169" /><ent r="3" t="49" w="449" /><ent r="64" t="74" w="593" /><ent r="64" t="74" w="1122" /><ent r="3" t="75" w="32" /><ent r="3" t="75" w="43" /><ent r="3" t="75" w="200" /><ent r="3" t="75" w="207" /><ent r="4" t="75" w="282" /><ent r="4" t="75" w="383" /><ent r="3" t="75" w="405" /><ent r="3" t="75" w="426" /><ent r="3" t="75" w="434" /><ent r="3" t="75" w="442" /><ent r="4" t="75" w="596" /><ent r="4" t="75" w="664" /><ent r="4" t="75" w="883" /><ent r="4" t="75" w="978" /><ent r="3" t="82" w="16" /><ent r="3" t="106" w="212" /><ent r="3" t="116" w="57" /><ent r="3" t="117" w="18" /><ent r="3" t="117" w="97" /><ent r="3" t="117" w="309" /><ent r="3" t="127" w="218" /><ent r="3" t="134" w="308" /><ent r="3" t="150" w="139" /><ent r="3" t="177" w="91" /><ent r="3" t="185" w="63" /><ent r="4" t="186" w="99" /><ent r="4" t="186" w="112" /><ent r="3" t="191" w="56" /><ent r="3" t="191" w="79" /><ent r="3" t="234" w="49" /><ent r="3" t="251" w="237" /><ent r="4" t="258" w="65" /><ent r="3" t="263" w="227" /><ent r="6" t="270" w="325" /><ent r="4" t="278" w="34" /><ent r="3" t="302" w="89" /></phr><phr n="Writing"><ent r="3" t="12" w="58" /><ent r="4" t="193" w="239" /><ent r="4" t="193" w="516" /></phr><phr n="writes"><ent r="4" t="59" w="304" /><ent r="3" t="191" w="135" /><ent r="3" t="286" w="45" /></phr><phr n="writing"><ent r="3" t="141" w="21" /><ent r="3" t="307" w="17" /></phr></stem><stem n="accommod"><phr n="accommodate"><ent r="4" t="6" w="130" /></phr></stem><stem n="especi"><phr n="Especially"><ent r="4" t="6" w="138" /><ent r="3" t="81" w="36" /><ent r="3" t="109" w="74" /></phr><phr n="especially"><ent r="3" t="18" w="666" /><ent r="3" t="114" w="39" /><ent r="3" t="151" w="46" /><ent r="3" t="153" w="41" /><ent r="3" t="165" w="64" /><ent r="3" t="170" w="44" /><ent r="3" t="285" w="329" /></phr></stem><stem n="captur"><phr n="capture"><ent r="4" t="6" w="142" /></phr></stem><stem n="don"><phr n="don"><ent r="4" t="6" w="149" /><ent r="3" t="22" w="205" /><ent r="5" t="28" w="1112" /><ent r="5" t="28" w="1180" /><ent r="3" t="37" w="221" /><ent r="3" t="38" w="18" /><ent r="3" t="42" w="725" /><ent r="3" t="48" w="74" /><ent r="3" t="48" w="94" /><ent r="3" t="48" w="142" /><ent r="3" t="49" w="1313" /><ent r="3" t="50" w="707" /><ent r="3" t="58" w="12" /><ent r="3" t="62" w="115" /><ent r="3" t="66" w="330" /><ent r="3" t="66" w="338" /><ent r="3" t="70" w="311" /><ent r="3" t="73" w="248" /><ent r="3" t="90" w="164" /><ent r="3" t="99" w="30" /><ent r="3" t="99" w="1036" /><ent r="4" t="103" w="166" /><ent r="4" t="115" w="50" /><ent r="3" t="123" w="35" /><ent r="3" t="126" w="47" /><ent r="3" t="145" w="112" /><ent r="3" t="146" w="143" /><ent r="3" t="151" w="59" /><ent r="3" t="179" w="80" /><ent r="3" t="206" w="25" /><ent r="4" t="227" w="292" /><ent r="3" t="227" w="353" /><ent r="4" t="231" w="143" /><ent r="3" t="233" w="54" /><ent r="3" t="233" w="388" /><ent r="3" t="243" w="142" /><ent r="3" t="243" w="153" /><ent r="3" t="244" w="71" /><ent r="4" t="286" w="149" /><ent r="3" t="289" w="23" /><ent r="3" t="292" w="104" /><ent r="3" t="294" w="72" /><ent r="6" t="299" w="375" /><ent r="4" t="308" w="97" /><ent r="4" t="308" w="328" /></phr><phr n="Don"><ent r="6" t="209" w="213" /><ent r="3" t="247" w="209" /><ent r="3" t="247" w="303" /><ent r="3" t="251" w="157" /><ent r="4" t="286" w="214" /></phr></stem></index>