﻿<?xml version="1.0" encoding="utf-8"?><index><stem n="p.name.equ"><phr n="p.Name.Equals"><ent r="4" t="13" w="146" /><ent r="4" t="13" w="144" /><ent r="4" t="74" w="304" /><ent r="4" t="74" w="302" /><ent r="4" t="75" w="246" /><ent r="4" t="75" w="244" /><ent r="4" t="76" w="221" /><ent r="4" t="76" w="219" /><ent r="4" t="96" w="366" /><ent r="4" t="96" w="364" /></phr></stem><stem n=".name.equals("><phr n=".Name.Equals("><ent r="4" t="13" w="147" /><ent r="4" t="74" w="305" /><ent r="4" t="75" w="247" /><ent r="4" t="76" w="222" /></phr></stem><stem n="p.name."><phr n="p.Name."><ent r="4" t="13" w="186" /><ent r="4" t="13" w="185" /><ent r="4" t="74" w="384" /><ent r="4" t="74" w="383" /><ent r="4" t="75" w="329" /><ent r="4" t="75" w="328" /><ent r="4" t="76" w="305" /><ent r="4" t="76" w="304" /><ent r="4" t="96" w="473" /><ent r="4" t="96" w="472" /></phr></stem><stem n=".name."><phr n=".Name."><ent r="4" t="13" w="187" /><ent r="4" t="74" w="385" /><ent r="4" t="75" w="330" /><ent r="4" t="76" w="306" /><ent r="4" t="96" w="474" /></phr></stem><stem n="21"><phr n="21"><ent r="4" t="13" w="241" /><ent r="4" t="13" w="281" /><ent r="4" t="13" w="335" /><ent r="4" t="13" w="381" /></phr></stem><stem n="constraint"><phr n="constraint"><ent r="4" t="13" w="252" /><ent r="4" t="13" w="292" /><ent r="3" t="23" w="72" /><ent r="3" t="23" w="103" /><ent r="3" t="27" w="80" /><ent r="3" t="28" w="910" /><ent r="3" t="67" w="68" /><ent r="4" t="102" w="39" /><ent r="3" t="127" w="128" /><ent r="7" t="128" w="347" /><ent r="6" t="128" w="368" /><ent r="7" t="128" w="407" /><ent r="6" t="128" w="432" /></phr><phr n="Constraint"><ent r="92" t="27" w="70" /><ent r="92" t="27" w="186" /><ent r="100" t="67" w="4" /><ent r="3" t="67" w="60" /><ent r="4" t="126" w="99" /></phr><phr n="Constraints"><ent r="92" t="27" w="505" /><ent r="64" t="65" w="53" /><ent r="1000" t="67" w="2" /><ent r="100" t="67" w="7" /><ent r="102" t="67" w="10" /><ent r="92" t="67" w="93" /><ent r="64" t="144" w="64" /></phr><phr n="constraints"><ent r="3" t="27" w="513" /><ent r="3" t="27" w="1262" /><ent r="3" t="67" w="13" /><ent r="66" t="128" w="306" /><ent r="5" t="128" w="315" /><ent r="3" t="144" w="60" /><ent r="3" t="167" w="55" /><ent r="3" t="290" w="233" /></phr></stem><stem n="sort"><phr n="Sorting"><ent r="100" t="13" w="300" /><ent r="92" t="13" w="303" /><ent r="1000" t="19" w="3" /><ent r="100" t="19" w="5" /><ent r="102" t="19" w="11" /><ent r="64" t="26" w="238" /><ent r="1000" t="30" w="2" /><ent r="100" t="30" w="4" /><ent r="102" t="30" w="8" /><ent r="92" t="30" w="54" /><ent r="82" t="31" w="1435" /><ent r="4" t="31" w="1494" /><ent r="4" t="31" w="1527" /></phr><phr n="Sort"><ent r="3" t="13" w="310" /><ent r="92" t="30" w="172" /><ent r="92" t="30" w="295" /></phr><phr n="sorting"><ent r="4" t="13" w="349" /><ent r="4" t="13" w="397" /><ent r="4" t="19" w="104" /><ent r="4" t="19" w="139" /><ent r="3" t="30" w="308" /><ent r="3" t="31" w="1443" /><ent r="3" t="31" w="1446" /><ent r="3" t="31" w="1465" /><ent r="3" t="32" w="193" /></phr><phr n="sort"><ent r="3" t="19" w="63" /><ent r="4" t="19" w="222" /><ent r="3" t="26" w="229" /><ent r="3" t="30" w="14" /><ent r="3" t="30" w="59" /><ent r="3" t="30" w="179" /><ent r="5" t="30" w="433" /><ent r="5" t="30" w="532" /><ent r="3" t="192" w="97" /></phr></stem><stem n="characterist"><phr n="Characteristics"><ent r="1000" t="14" w="3" /><ent r="102" t="14" w="14" /><ent r="92" t="14" w="113" /><ent r="92" t="14" w="990" /><ent r="1000" t="31" w="3" /><ent r="102" t="31" w="13" /><ent r="92" t="31" w="55" /><ent r="92" t="31" w="852" /><ent r="64" t="283" w="276" /><ent r="64" t="283" w="387" /></phr><phr n="characteristics"><ent r="64" t="14" w="70" /><ent r="3" t="14" w="1003" /><ent r="3" t="31" w="865" /></phr><phr n="characteristic"><ent r="3" t="258" w="11" /></phr></stem><stem n=":perform"><phr n=":Performance"><ent r="100" t="14" w="6" /><ent r="100" t="31" w="6" /></phr></stem><stem n=":linq-queri"><phr n=":LINQ-Queries"><ent r="100" t="14" w="9" /></phr></stem><stem n="badli"><phr n="badly"><ent r="3" t="14" w="25" /><ent r="3" t="31" w="24" /><ent r="3" t="31" w="906" /></phr></stem><stem n="dataset"><phr n="datasets"><ent r="3" t="14" w="28" /><ent r="3" t="14" w="42" /><ent r="3" t="14" w="52" /><ent r="3" t="31" w="27" /><ent r="3" t="31" w="41" /><ent r="3" t="31" w="51" /></phr></stem><stem n="share"><phr n="share"><ent r="3" t="14" w="63" /><ent r="3" t="66" w="340" /><ent r="4" t="73" w="64" /><ent r="3" t="73" w="73" /><ent r="3" t="74" w="22" /><ent r="3" t="74" w="33" /><ent r="4" t="96" w="955" /><ent r="3" t="142" w="65" /><ent r="3" t="233" w="380" /><ent r="3" t="233" w="392" /></phr><phr n="Shared"><ent r="5" t="18" w="190" /><ent r="5" t="18" w="304" /><ent r="5" t="18" w="445" /><ent r="5" t="18" w="588" /><ent r="5" t="18" w="729" /><ent r="5" t="18" w="992" /><ent r="5" t="19" w="149" /><ent r="5" t="19" w="180" /><ent r="5" t="20" w="225" /><ent r="5" t="96" w="251" /><ent r="5" t="96" w="420" /><ent r="5" t="96" w="818" /><ent r="5" t="100" w="157" /><ent r="5" t="101" w="205" /><ent r="5" t="112" w="640" /><ent r="5" t="112" w="657" /><ent r="5" t="112" w="674" /><ent r="5" t="112" w="691" /><ent r="5" t="112" w="708" /><ent r="5" t="117" w="528" /><ent r="6" t="237" w="396" /><ent r="5" t="241" w="298" /><ent r="5" t="241" w="344" /><ent r="5" t="241" w="488" /><ent r="5" t="244" w="123" /><ent r="5" t="263" w="298" /><ent r="5" t="302" w="204" /></phr><phr n="shares"><ent r="3" t="66" w="104" /><ent r="3" t="229" w="278" /></phr><phr n="Share"><ent r="92" t="73" w="36" /><ent r="64" t="73" w="285" /><ent r="100" t="74" w="9" /></phr><phr n="Sharing"><ent r="92" t="73" w="195" /><ent r="1000" t="74" w="1" /><ent r="102" t="74" w="12" /></phr><phr n="shared"><ent r="3" t="74" w="1138" /><ent r="64" t="75" w="21" /><ent r="3" t="232" w="389" /><ent r="4" t="269" w="79" /></phr><phr n="sharing"><ent r="3" t="74" w="1148" /><ent r="3" t="76" w="29" /><ent r="3" t="233" w="193" /></phr></stem><stem n="subsystem"><phr n="subsystem"><ent r="3" t="14" w="89" /></phr></stem><stem n="variou"><phr n="various"><ent r="3" t="14" w="92" /><ent r="3" t="23" w="187" /><ent r="3" t="101" w="15" /><ent r="3" t="132" w="23" /><ent r="65" t="308" w="392" /></phr></stem><stem n="analys"><phr n="analyses"><ent r="3" t="14" w="93" /></phr><phr n="analyse"><ent r="6" t="309" w="359" /></phr></stem><stem n="slow"><phr n="slow"><ent r="3" t="14" w="104" /><ent r="3" t="14" w="276" /><ent r="64" t="14" w="410" /><ent r="4" t="14" w="1118" /><ent r="4" t="14" w="1157" /><ent r="3" t="14" w="1584" /><ent r="3" t="15" w="615" /><ent r="3" t="28" w="96" /><ent r="3" t="28" w="241" /><ent r="3" t="28" w="402" /><ent r="3" t="29" w="118" /><ent r="3" t="31" w="208" /><ent r="64" t="31" w="342" /><ent r="4" t="31" w="1159" /><ent r="4" t="31" w="1192" /><ent r="4" t="31" w="1224" /><ent r="4" t="31" w="1259" /><ent r="3" t="31" w="1780" /><ent r="3" t="60" w="60" /><ent r="3" t="60" w="76" /><ent r="3" t="82" w="37" /><ent r="3" t="99" w="1049" /><ent r="4" t="114" w="988" /><ent r="3" t="134" w="167" /><ent r="3" t="134" w="243" /><ent r="3" t="134" w="305" /><ent r="4" t="140" w="262" /><ent r="4" t="140" w="301" /><ent r="4" t="140" w="476" /><ent r="3" t="188" w="180" /><ent r="64" t="240" w="130" /><ent r="3" t="240" w="144" /><ent r="64" t="240" w="806" /><ent r="3" t="240" w="818" /><ent r="64" t="240" w="993" /><ent r="3" t="250" w="165" /><ent r="3" t="251" w="172" /><ent r="3" t="283" w="339" /></phr><phr n="Slow"><ent r="92" t="14" w="1574" /><ent r="92" t="31" w="1770" /><ent r="82" t="283" w="249" /></phr><phr n="slows"><ent r="4" t="59" w="370" /><ent r="4" t="140" w="385" /></phr></stem><stem n="subsequ"><phr n="subsequent"><ent r="3" t="14" w="106" /><ent r="3" t="131" w="78" /></phr></stem><stem n="otherwis"><phr n="Otherwise"><ent r="3" t="14" w="133" /><ent r="3" t="20" w="91" /><ent r="3" t="29" w="105" /><ent r="3" t="31" w="75" /><ent r="3" t="44" w="140" /><ent r="3" t="99" w="1044" /><ent r="3" t="153" w="100" /><ent r="3" t="230" w="129" /><ent r="3" t="251" w="165" /></phr><phr n="otherwise"><ent r="3" t="73" w="53" /><ent r="3" t="114" w="965" /><ent r="3" t="250" w="156" /><ent r="3" t="254" w="58" /><ent r="5" t="254" w="155" /><ent r="5" t="254" w="295" /><ent r="3" t="257" w="202" /></phr></stem><stem n="logarithm"><phr n="logarithmically"><ent r="3" t="14" w="148" /><ent r="3" t="31" w="90" /></phr></stem><stem n="assum"><phr n="assume"><ent r="3" t="14" w="158" /><ent r="3" t="18" w="55" /><ent r="3" t="27" w="19" /><ent r="3" t="31" w="100" /></phr><phr n="assumes"><ent r="3" t="99" w="101" /><ent r="3" t="250" w="45" /><ent r="3" t="251" w="43" /></phr><phr n="assumed"><ent r="3" t="306" w="71" /></phr></stem><stem n="’"><phr n="’"><ent r="3" t="14" w="177" /><ent r="3" t="31" w="119" /></phr></stem><stem n="item"><phr n="Item"><ent r="4" t="14" w="187" /><ent r="4" t="14" w="227" /><ent r="4" t="14" w="287" /><ent r="4" t="14" w="325" /><ent r="4" t="14" w="673" /><ent r="4" t="14" w="712" /><ent r="4" t="14" w="746" /><ent r="4" t="14" w="789" /><ent r="4" t="14" w="840" /><ent r="4" t="14" w="881" /><ent r="4" t="14" w="917" /><ent r="4" t="14" w="958" /><ent r="4" t="14" w="1096" /><ent r="4" t="14" w="1136" /><ent r="4" t="14" w="1437" /><ent r="4" t="14" w="1475" /><ent r="4" t="14" w="1508" /><ent r="4" t="14" w="1546" /><ent r="4" t="31" w="133" /><ent r="4" t="31" w="165" /><ent r="4" t="31" w="223" /><ent r="4" t="31" w="257" /><ent r="4" t="31" w="471" /><ent r="4" t="31" w="512" /><ent r="4" t="31" w="570" /><ent r="4" t="31" w="601" /><ent r="4" t="31" w="633" /><ent r="4" t="31" w="673" /><ent r="4" t="31" w="726" /><ent r="4" t="31" w="759" /><ent r="4" t="31" w="793" /><ent r="4" t="31" w="826" /><ent r="4" t="31" w="1145" /><ent r="4" t="31" w="1177" /><ent r="4" t="31" w="1210" /><ent r="4" t="31" w="1242" /><ent r="4" t="31" w="1484" /><ent r="4" t="31" w="1516" /><ent r="4" t="31" w="1560" /><ent r="4" t="31" w="1592" /><ent r="4" t="64" w="99" /><ent r="4" t="64" w="141" /><ent r="4" t="240" w="175" /><ent r="4" t="240" w="186" /><ent r="4" t="240" w="222" /><ent r="4" t="240" w="228" /><ent r="4" t="240" w="239" /><ent r="4" t="240" w="257" /><ent r="3" t="265" w="629" /></phr><phr n="item"><ent r="4" t="14" w="577" /><ent r="4" t="14" w="636" /><ent r="3" t="24" w="846" /><ent r="4" t="31" w="472" /><ent r="4" t="31" w="492" /><ent r="4" t="31" w="508" /><ent r="4" t="31" w="533" /><ent r="5" t="53" w="152" /><ent r="5" t="53" w="158" /><ent r="5" t="53" w="168" /><ent r="5" t="53" w="171" /><ent r="5" t="53" w="223" /><ent r="5" t="53" w="238" /><ent r="5" t="53" w="252" /><ent r="5" t="53" w="260" /><ent r="5" t="53" w="330" /><ent r="5" t="53" w="336" /><ent r="5" t="53" w="346" /><ent r="5" t="53" w="349" /><ent r="5" t="53" w="397" /><ent r="5" t="53" w="412" /><ent r="5" t="53" w="426" /><ent r="5" t="53" w="434" /><ent r="5" t="53" w="542" /><ent r="5" t="53" w="548" /><ent r="5" t="53" w="558" /><ent r="5" t="53" w="561" /><ent r="5" t="53" w="617" /><ent r="5" t="53" w="632" /><ent r="5" t="53" w="646" /><ent r="5" t="53" w="654" /><ent r="3" t="109" w="274" /><ent r="3" t="143" w="446" /><ent r="3" t="262" w="73" /></phr><phr n="Items"><ent r="4" t="14" w="1235" /><ent r="4" t="14" w="1274" /><ent r="4" t="14" w="1310" /><ent r="4" t="14" w="1353" /><ent r="92" t="143" w="415" /><ent r="64" t="143" w="459" /><ent r="1000" t="144" w="3" /><ent r="100" t="144" w="7" /><ent r="102" t="144" w="11" /><ent r="4" t="257" w="477" /><ent r="4" t="257" w="497" /><ent r="4" t="257" w="544" /></phr><phr n="items"><ent r="3" t="24" w="744" /><ent r="5" t="31" w="1314" /><ent r="5" t="31" w="1346" /><ent r="5" t="31" w="1377" /><ent r="5" t="31" w="1413" /><ent r="3" t="109" w="46" /><ent r="3" t="109" w="73" /><ent r="3" t="109" w="242" /><ent r="3" t="109" w="269" /><ent r="3" t="109" w="281" /><ent r="3" t="134" w="45" /><ent r="3" t="138" w="47" /><ent r="3" t="143" w="421" /><ent r="3" t="143" w="454" /><ent r="3" t="144" w="14" /><ent r="3" t="144" w="28" /><ent r="3" t="240" w="69" /><ent r="3" t="240" w="79" /><ent r="3" t="240" w="96" /><ent r="3" t="240" w="116" /><ent r="3" t="240" w="135" /><ent r="4" t="240" w="164" /><ent r="4" t="240" w="177" /><ent r="4" t="240" w="188" /><ent r="4" t="240" w="204" /><ent r="4" t="240" w="216" /><ent r="4" t="240" w="240" /><ent r="4" t="240" w="258" /><ent r="4" t="240" w="278" /><ent r="3" t="240" w="670" /><ent r="3" t="291" w="46" /></phr></stem><stem n=".indexedstr"><phr n=".IndexedString"><ent r="4" t="14" w="197" /><ent r="4" t="14" w="236" /><ent r="4" t="14" w="297" /><ent r="4" t="14" w="334" /><ent r="4" t="14" w="1315" /><ent r="4" t="14" w="1362" /></phr></stem><stem n="i.indexedstr"><phr n="i.IndexedString"><ent r="4" t="14" w="197" /><ent r="4" t="14" w="196" /><ent r="4" t="14" w="236" /><ent r="4" t="14" w="235" /><ent r="4" t="14" w="297" /><ent r="4" t="14" w="296" /><ent r="4" t="14" w="334" /><ent r="4" t="14" w="333" /><ent r="4" t="14" w="1106" /><ent r="4" t="14" w="1105" /><ent r="4" t="14" w="1145" /><ent r="4" t="14" w="1144" /><ent r="4" t="14" w="1315" /><ent r="4" t="14" w="1314" /><ent r="4" t="14" w="1362" /><ent r="4" t="14" w="1361" /></phr></stem><stem n="indexedstr"><phr n="IndexedString"><ent r="4" t="14" w="197" /><ent r="4" t="14" w="236" /><ent r="4" t="14" w="297" /><ent r="4" t="14" w="334" /><ent r="4" t="14" w="448" /><ent r="4" t="14" w="506" /><ent r="4" t="14" w="1106" /><ent r="4" t="14" w="1145" /><ent r="4" t="14" w="1315" /><ent r="4" t="14" w="1362" /></phr><phr n="indexedString"><ent r="5" t="14" w="429" /><ent r="5" t="14" w="484" /><ent r="5" t="14" w="558" /><ent r="5" t="14" w="611" /><ent r="5" t="31" w="137" /><ent r="5" t="31" w="170" /><ent r="5" t="31" w="227" /><ent r="5" t="31" w="262" /><ent r="5" t="31" w="361" /><ent r="5" t="31" w="381" /><ent r="5" t="31" w="415" /><ent r="5" t="31" w="437" /><ent r="5" t="31" w="1018" /><ent r="5" t="31" w="1080" /><ent r="5" t="31" w="1149" /><ent r="5" t="31" w="1182" /><ent r="5" t="31" w="1214" /><ent r="5" t="31" w="1247" /><ent r="5" t="31" w="1381" /><ent r="5" t="31" w="1418" /><ent r="5" t="31" w="1488" /><ent r="5" t="31" w="1521" /><ent r="5" t="31" w="1564" /><ent r="5" t="31" w="1597" /></phr></stem><stem n="criteria"><phr n="criteria"><ent r="4" t="14" w="198" /><ent r="4" t="14" w="237" /><ent r="4" t="14" w="298" /><ent r="4" t="14" w="336" /><ent r="4" t="14" w="449" /><ent r="4" t="14" w="507" /><ent r="4" t="14" w="685" /><ent r="4" t="14" w="723" /><ent r="4" t="14" w="1108" /><ent r="4" t="14" w="1147" /><ent r="4" t="14" w="1316" /><ent r="4" t="14" w="1363" /><ent r="4" t="14" w="1448" /><ent r="4" t="14" w="1485" /><ent r="3" t="24" w="852" /><ent r="4" t="31" w="140" /><ent r="4" t="31" w="173" /><ent r="4" t="31" w="230" /><ent r="4" t="31" w="265" /><ent r="4" t="31" w="384" /><ent r="4" t="31" w="440" /><ent r="4" t="31" w="577" /><ent r="4" t="31" w="609" /><ent r="4" t="31" w="1021" /><ent r="4" t="31" w="1083" /><ent r="4" t="31" w="1152" /><ent r="4" t="31" w="1185" /><ent r="4" t="31" w="1217" /><ent r="4" t="31" w="1250" /><ent r="4" t="31" w="1384" /><ent r="4" t="31" w="1421" /><ent r="3" t="32" w="205" /><ent r="3" t="166" w="15" /></phr><phr n="criterias"><ent r="4" t="18" w="630" /></phr></stem><stem n="goodperform"><phr n="GoodPerformance"><ent r="4" t="14" w="204" /><ent r="4" t="14" w="243" /><ent r="4" t="14" w="304" /><ent r="4" t="14" w="342" /><ent r="4" t="14" w="455" /><ent r="4" t="14" w="513" /><ent r="4" t="14" w="583" /><ent r="4" t="14" w="642" /><ent r="4" t="14" w="691" /><ent r="4" t="14" w="729" /><ent r="4" t="14" w="768" /><ent r="4" t="14" w="813" /><ent r="4" t="14" w="857" /><ent r="4" t="14" w="897" /><ent r="4" t="14" w="935" /><ent r="4" t="14" w="975" /><ent r="4" t="31" w="142" /><ent r="4" t="31" w="175" /><ent r="4" t="31" w="233" /><ent r="4" t="31" w="270" /><ent r="4" t="31" w="386" /><ent r="4" t="31" w="442" /><ent r="4" t="31" w="494" /><ent r="4" t="31" w="535" /><ent r="4" t="31" w="580" /><ent r="4" t="31" w="612" /><ent r="4" t="31" w="652" /><ent r="4" t="31" w="695" /><ent r="4" t="31" w="735" /><ent r="4" t="31" w="769" /><ent r="4" t="31" w="803" /><ent r="4" t="31" w="837" /></phr></stem><stem n="goodperformance.c"><phr n="GoodPerformance.cs"><ent r="4" t="14" w="205" /><ent r="4" t="14" w="204" /><ent r="4" t="14" w="305" /><ent r="4" t="14" w="304" /><ent r="4" t="14" w="456" /><ent r="4" t="14" w="455" /><ent r="4" t="14" w="584" /><ent r="4" t="14" w="583" /><ent r="4" t="14" w="692" /><ent r="4" t="14" w="691" /><ent r="4" t="14" w="769" /><ent r="4" t="14" w="768" /><ent r="4" t="14" w="858" /><ent r="4" t="14" w="857" /><ent r="4" t="14" w="936" /><ent r="4" t="14" w="935" /><ent r="4" t="31" w="143" /><ent r="4" t="31" w="142" /><ent r="4" t="31" w="234" /><ent r="4" t="31" w="233" /><ent r="4" t="31" w="387" /><ent r="4" t="31" w="386" /><ent r="4" t="31" w="495" /><ent r="4" t="31" w="494" /><ent r="4" t="31" w="581" /><ent r="4" t="31" w="580" /><ent r="4" t="31" w="653" /><ent r="4" t="31" w="652" /><ent r="4" t="31" w="736" /><ent r="4" t="31" w="735" /><ent r="4" t="31" w="804" /><ent r="4" t="31" w="803" /></phr></stem><stem n="goodperformance.vb"><phr n="GoodPerformance.vb"><ent r="4" t="14" w="244" /><ent r="4" t="14" w="243" /><ent r="4" t="14" w="343" /><ent r="4" t="14" w="342" /><ent r="4" t="14" w="514" /><ent r="4" t="14" w="513" /><ent r="4" t="14" w="643" /><ent r="4" t="14" w="642" /><ent r="4" t="14" w="730" /><ent r="4" t="14" w="729" /><ent r="4" t="14" w="814" /><ent r="4" t="14" w="813" /><ent r="4" t="14" w="898" /><ent r="4" t="14" w="897" /><ent r="4" t="14" w="976" /><ent r="4" t="14" w="975" /><ent r="4" t="31" w="176" /><ent r="4" t="31" w="175" /><ent r="4" t="31" w="271" /><ent r="4" t="31" w="270" /><ent r="4" t="31" w="443" /><ent r="4" t="31" w="442" /><ent r="4" t="31" w="536" /><ent r="4" t="31" w="535" /><ent r="4" t="31" w="613" /><ent r="4" t="31" w="612" /><ent r="4" t="31" w="696" /><ent r="4" t="31" w="695" /><ent r="4" t="31" w="770" /><ent r="4" t="31" w="769" /><ent r="4" t="31" w="838" /><ent r="4" t="31" w="837" /></phr></stem><stem n="'not"><phr n="'not"><ent r="3" t="14" w="265" /><ent r="3" t="31" w="197" /></phr></stem><stem n="tend"><phr n="tends"><ent r="3" t="14" w="268" /><ent r="3" t="31" w="200" /></phr><phr n="tend"><ent r="3" t="284" w="219" /></phr></stem><stem n="!="><phr n="!="><ent r="4" t="14" w="298" /><ent r="4" t="29" w="215" /><ent r="4" t="49" w="501" /><ent r="4" t="49" w="507" /><ent r="4" t="49" w="546" /><ent r="4" t="49" w="1088" /><ent r="4" t="50" w="761" /><ent r="4" t="99" w="495" /><ent r="4" t="112" w="547" /><ent r="4" t="121" w="349" /><ent r="4" t="257" w="364" /></phr></stem><stem n="&lt;&gt;"><phr n="&lt;&gt;"><ent r="4" t="14" w="335" /><ent r="4" t="29" w="282" /></phr></stem><stem n="long"><phr n="long"><ent r="3" t="14" w="369" /><ent r="3" t="31" w="300" /><ent r="5" t="35" w="110" /><ent r="3" t="62" w="38" /><ent r="3" t="62" w="72" /><ent r="5" t="69" w="138" /><ent r="5" t="69" w="223" /><ent r="5" t="72" w="29" /><ent r="5" t="72" w="269" /><ent r="3" t="73" w="245" /><ent r="5" t="76" w="590" /><ent r="3" t="82" w="29" /><ent r="4" t="103" w="163" /><ent r="3" t="165" w="53" /><ent r="4" t="165" w="227" /><ent r="4" t="167" w="156" /><ent r="3" t="188" w="31" /><ent r="4" t="193" w="187" /><ent r="4" t="193" w="226" /><ent r="3" t="201" w="11" /><ent r="3" t="225" w="65" /><ent r="3" t="233" w="62" /><ent r="3" t="243" w="37" /><ent r="3" t="246" w="68" /><ent r="5" t="248" w="74" /><ent r="5" t="248" w="159" /><ent r="5" t="254" w="94" /><ent r="5" t="254" w="220" /><ent r="3" t="261" w="114" /><ent r="3" t="274" w="402" /><ent r="5" t="281" w="314" /><ent r="5" t="281" w="329" /><ent r="3" t="286" w="62" /><ent r="4" t="309" w="58" /></phr><phr n="Long"><ent r="5" t="35" w="205" /><ent r="5" t="69" w="166" /><ent r="5" t="69" w="280" /><ent r="5" t="72" w="64" /><ent r="5" t="72" w="303" /><ent r="5" t="76" w="685" /><ent r="4" t="193" w="450" /><ent r="4" t="193" w="500" /><ent r="5" t="248" w="102" /><ent r="5" t="248" w="216" /><ent r="5" t="281" w="426" /><ent r="5" t="281" w="445" /></phr><phr n="longs"><ent r="3" t="112" w="236" /><ent r="3" t="218" w="43" /></phr></stem><stem n="everi"><phr n="every"><ent r="3" t="14" w="370" /><ent r="3" t="31" w="301" /><ent r="3" t="49" w="738" /><ent r="4" t="49" w="837" /><ent r="4" t="49" w="943" /><ent r="3" t="49" w="961" /><ent r="3" t="50" w="979" /><ent r="3" t="75" w="209" /><ent r="3" t="112" w="143" /><ent r="3" t="179" w="59" /><ent r="3" t="224" w="311" /><ent r="3" t="232" w="301" /><ent r="3" t="244" w="322" /><ent r="3" t="273" w="84" /><ent r="4" t="286" w="92" /><ent r="4" t="286" w="136" /></phr><phr n="Every"><ent r="3" t="49" w="713" /><ent r="3" t="60" w="160" /><ent r="3" t="99" w="868" /><ent r="4" t="105" w="105" /><ent r="4" t="106" w="32" /><ent r="4" t="122" w="106" /><ent r="4" t="122" w="127" /><ent r="3" t="140" w="149" /><ent r="2" t="238" w="11" /><ent r="3" t="293" w="126" /></phr></stem><stem n="catch"><phr n="catch"><ent r="3" t="14" w="381" /><ent r="3" t="31" w="312" /><ent r="5" t="67" w="271" /><ent r="5" t="74" w="682" /><ent r="5" t="75" w="463" /><ent r="5" t="75" w="577" /><ent r="7" t="128" w="78" /><ent r="7" t="128" w="197" /><ent r="7" t="128" w="339" /><ent r="3" t="230" w="31" /><ent r="5" t="263" w="552" /><ent r="5" t="281" w="373" /></phr><phr n="Catch"><ent r="5" t="67" w="316" /><ent r="5" t="74" w="738" /><ent r="5" t="75" w="520" /><ent r="5" t="75" w="634" /><ent r="7" t="128" w="130" /><ent r="7" t="128" w="257" /><ent r="7" t="128" w="396" /><ent r="5" t="263" w="599" /><ent r="5" t="281" w="489" /></phr></stem><stem n="concret"><phr n="concrete"><ent r="3" t="14" w="392" /><ent r="3" t="31" w="323" /><ent r="64" t="31" w="974" /><ent r="4" t="31" w="1028" /><ent r="4" t="31" w="1090" /><ent r="3" t="41" w="223" /><ent r="3" t="44" w="260" /><ent r="3" t="51" w="121" /><ent r="4" t="52" w="48" /><ent r="4" t="53" w="110" /><ent r="4" t="53" w="470" /><ent r="4" t="53" w="498" /><ent r="6" t="53" w="514" /><ent r="6" t="53" w="592" /><ent r="4" t="53" w="700" /><ent r="4" t="53" w="716" /><ent r="3" t="190" w="321" /><ent r="4" t="265" w="591" /><ent r="4" t="265" w="723" /><ent r="4" t="286" w="199" /></phr><phr n="Concrete"><ent r="93" t="53" w="461" /></phr></stem><stem n="note"><phr n="Note"><ent r="5" t="14" w="413" /><ent r="5" t="14" w="468" /><ent r="5" t="14" w="542" /><ent r="5" t="14" w="595" /><ent r="3" t="15" w="73" /><ent r="3" t="18" w="77" /><ent r="4" t="20" w="523" /><ent r="3" t="27" w="807" /><ent r="3" t="27" w="1077" /><ent r="3" t="27" w="1266" /><ent r="3" t="28" w="82" /><ent r="3" t="28" w="227" /><ent r="3" t="28" w="388" /><ent r="3" t="28" w="518" /><ent r="3" t="28" w="685" /><ent r="3" t="28" w="935" /><ent r="3" t="30" w="75" /><ent r="5" t="31" w="345" /><ent r="5" t="31" w="399" /><ent r="3" t="34" w="273" /><ent r="3" t="34" w="533" /><ent r="4" t="39" w="244" /><ent r="3" t="54" w="304" /><ent r="3" t="59" w="95" /><ent r="3" t="62" w="96" /><ent r="3" t="64" w="75" /><ent r="3" t="66" w="564" /><ent r="3" t="69" w="197" /><ent r="3" t="69" w="546" /><ent r="3" t="70" w="86" /><ent r="3" t="70" w="300" /><ent r="3" t="75" w="202" /><ent r="3" t="96" w="643" /><ent r="3" t="99" w="89" /><ent r="3" t="100" w="358" /><ent r="3" t="101" w="296" /><ent r="4" t="109" w="375" /><ent r="4" t="109" w="470" /><ent r="3" t="116" w="221" /><ent r="3" t="122" w="370" /><ent r="3" t="123" w="32" /><ent r="3" t="124" w="307" /><ent r="3" t="125" w="317" /><ent r="4" t="133" w="317" /><ent r="3" t="142" w="61" /><ent r="3" t="145" w="34" /><ent r="2" t="146" w="49" /><ent r="3" t="146" w="173" /><ent r="3" t="147" w="171" /><ent r="3" t="149" w="53" /><ent r="3" t="151" w="64" /><ent r="3" t="152" w="65" /><ent r="3" t="162" w="35" /><ent r="3" t="165" w="131" /><ent r="3" t="169" w="107" /><ent r="3" t="179" w="505" /><ent r="3" t="185" w="70" /><ent r="3" t="202" w="43" /><ent r="2" t="212" w="20" /><ent r="2" t="213" w="49" /><ent r="2" t="216" w="27" /><ent r="2" t="217" w="27" /><ent r="3" t="218" w="32" /><ent r="3" t="223" w="102" /><ent r="2" t="223" w="333" /><ent r="2" t="223" w="453" /><ent r="3" t="224" w="49" /><ent r="3" t="227" w="402" /><ent r="3" t="232" w="166" /><ent r="3" t="241" w="112" /><ent r="3" t="264" w="311" /><ent r="5" t="265" w="171" /><ent r="3" t="266" w="347" /><ent r="3" t="268" w="276" /><ent r="3" t="272" w="325" /><ent r="2" t="276" w="238" /><ent r="3" t="283" w="315" /><ent r="3" t="304" w="63" /><ent r="4" t="308" w="355" /></phr><phr n="note"><ent r="3" t="148" w="165" /></phr><phr n="noted"><ent r="3" t="229" w="233" /></phr></stem><stem n="indexedrefer"><phr n="indexedReference"><ent r="5" t="14" w="419" /><ent r="5" t="14" w="474" /><ent r="5" t="14" w="548" /><ent r="5" t="14" w="601" /><ent r="5" t="31" w="351" /><ent r="5" t="31" w="377" /><ent r="5" t="31" w="405" /><ent r="5" t="31" w="432" /><ent r="5" t="31" w="489" /><ent r="5" t="31" w="530" /><ent r="5" t="31" w="982" /><ent r="5" t="31" w="1014" /><ent r="5" t="31" w="1042" /><ent r="5" t="31" w="1075" /></phr><phr n="IndexedReference"><ent r="4" t="14" w="447" /><ent r="4" t="14" w="505" /><ent r="4" t="14" w="576" /><ent r="4" t="14" w="632" /></phr></stem><stem n="'indexedreference'"><phr n="'indexedReference'"><ent r="5" t="14" w="420" /><ent r="5" t="14" w="475" /><ent r="5" t="14" w="549" /><ent r="5" t="14" w="602" /><ent r="5" t="31" w="352" /><ent r="5" t="31" w="406" /><ent r="5" t="31" w="983" /><ent r="5" t="31" w="1043" /></phr></stem><stem n="hold"><phr n="holds"><ent r="5" t="14" w="427" /><ent r="5" t="14" w="482" /><ent r="5" t="14" w="556" /><ent r="5" t="14" w="609" /><ent r="5" t="31" w="359" /><ent r="5" t="31" w="413" /><ent r="3" t="40" w="262" /><ent r="3" t="62" w="161" /><ent r="3" t="240" w="668" /><ent r="3" t="250" w="56" /><ent r="3" t="251" w="54" /></phr><phr n="hold"><ent r="3" t="131" w="136" /><ent r="3" t="139" w="120" /><ent r="3" t="139" w="141" /><ent r="4" t="165" w="257" /><ent r="3" t="179" w="220" /><ent r="3" t="179" w="334" /><ent r="3" t="231" w="65" /><ent r="3" t="240" w="68" /><ent r="3" t="250" w="228" /><ent r="3" t="251" w="414" /><ent r="3" t="266" w="236" /></phr><phr n="holding"><ent r="3" t="240" w="655" /></phr></stem><stem n="'indexedstring'"><phr n="'indexedString'"><ent r="5" t="14" w="430" /><ent r="5" t="14" w="485" /><ent r="5" t="14" w="559" /><ent r="5" t="14" w="612" /><ent r="5" t="31" w="362" /><ent r="5" t="31" w="416" /></phr></stem></index>