﻿<?xml version="1.0" encoding="utf-8"?><index><stem n="commons-collect"><phr n="commons-collections"><ent r="6" t="313" w="266" /></phr></stem><stem n="commons-collections-2"><phr n="commons-collections-2"><ent r="6" t="313" w="266" /></phr></stem><stem n="collections-2"><phr n="collections-2"><ent r="6" t="313" w="267" /></phr></stem><stem n="commons-collections-2.1"><phr n="commons-collections-2.1"><ent r="6" t="313" w="269" /><ent r="6" t="313" w="268" /></phr></stem><stem n="commons-collections-2.1.1"><phr n="commons-collections-2.1.1"><ent r="6" t="313" w="270" /><ent r="6" t="313" w="268" /></phr></stem><stem n="-collections-2.1.1.jar"><phr n="-collections-2.1.1.jar"><ent r="6" t="313" w="271" /><ent r="6" t="313" w="272" /></phr></stem><stem n="commons-collections-2.1.1.jar"><phr n="commons-collections-2.1.1.jar"><ent r="6" t="313" w="271" /><ent r="6" t="313" w="268" /></phr></stem><stem n="commons-log"><phr n="commons-logging"><ent r="6" t="313" w="272" /></phr></stem><stem n="commons-logging-1"><phr n="commons-logging-1"><ent r="6" t="313" w="272" /></phr></stem><stem n="logging-1"><phr n="logging-1"><ent r="6" t="313" w="273" /></phr></stem><stem n="commons-logging-1.0"><phr n="commons-logging-1.0"><ent r="6" t="313" w="275" /><ent r="6" t="313" w="274" /></phr></stem><stem n="commons-logging-1.0.4"><phr n="commons-logging-1.0.4"><ent r="6" t="313" w="276" /><ent r="6" t="313" w="274" /></phr></stem><stem n="-logging-1.0.4.jar"><phr n="-logging-1.0.4.jar"><ent r="6" t="313" w="277" /><ent r="6" t="313" w="278" /></phr></stem><stem n="commons-logging-1.0.4.jar"><phr n="commons-logging-1.0.4.jar"><ent r="6" t="313" w="277" /><ent r="6" t="313" w="274" /></phr></stem><stem n="db2"><phr n="db2"><ent r="6" t="313" w="278" /></phr></stem><stem n="db2_licens"><phr n="db2_license"><ent r="6" t="313" w="279" /><ent r="6" t="313" w="278" /></phr></stem><stem n="db2_license_cu"><phr n="db2_license_cu"><ent r="6" t="313" w="280" /><ent r="6" t="313" w="278" /></phr></stem><stem n="cu"><phr n="cu"><ent r="6" t="313" w="280" /></phr></stem><stem n="_license_cu.jar"><phr n="_license_cu.jar"><ent r="6" t="313" w="281" /></phr></stem><stem n="db2_license_cu.jar"><phr n="db2_license_cu.jar"><ent r="6" t="313" w="281" /><ent r="6" t="313" w="278" /></phr></stem><stem n="db4cc"><phr n="db4cc"><ent r="6" t="313" w="282" /></phr></stem><stem n="db4cc.jar"><phr n="db4cc.jar"><ent r="6" t="313" w="283" /><ent r="6" t="313" w="282" /></phr></stem><stem n="derbi"><phr n="derby"><ent r="6" t="313" w="284" /></phr></stem><stem n="derby.jar"><phr n="derby.jar"><ent r="6" t="313" w="285" /><ent r="6" t="313" w="284" /></phr></stem><stem n="doctor.jar"><phr n="doctor.jar"><ent r="6" t="313" w="287" /><ent r="6" t="313" w="286" /></phr></stem><stem n="dom4j"><phr n="dom4j"><ent r="6" t="313" w="288" /></phr></stem><stem n="dom4j-1"><phr n="dom4j-1"><ent r="6" t="313" w="288" /></phr></stem><stem n="dom4j-1.6"><phr n="dom4j-1.6"><ent r="6" t="313" w="290" /><ent r="6" t="313" w="289" /></phr></stem><stem n="dom4j-1.6.1"><phr n="dom4j-1.6.1"><ent r="6" t="313" w="291" /><ent r="6" t="313" w="289" /></phr></stem><stem n="-1.6.1.jar"><phr n="-1.6.1.jar"><ent r="6" t="313" w="292" /><ent r="6" t="313" w="292" /></phr></stem><stem n="dom4j-1.6.1.jar"><phr n="dom4j-1.6.1.jar"><ent r="6" t="313" w="292" /><ent r="6" t="313" w="289" /></phr></stem><stem n="ehcach"><phr n="ehcache"><ent r="6" t="313" w="293" /></phr></stem><stem n="ehcache-1"><phr n="ehcache-1"><ent r="6" t="313" w="293" /></phr></stem><stem n="ehcache-1.2"><phr n="ehcache-1.2"><ent r="6" t="313" w="295" /><ent r="6" t="313" w="294" /></phr></stem><stem n="-1.2.jar"><phr n="-1.2.jar"><ent r="6" t="313" w="296" /><ent r="6" t="313" w="296" /></phr></stem><stem n="ehcache-1.2.jar"><phr n="ehcache-1.2.jar"><ent r="6" t="313" w="296" /><ent r="6" t="313" w="294" /></phr></stem><stem n="hibernate3"><phr n="hibernate3"><ent r="6" t="313" w="297" /></phr></stem><stem n="hibernate3.jar"><phr n="hibernate3.jar"><ent r="6" t="313" w="298" /><ent r="6" t="313" w="297" /></phr></stem><stem n="hsqdb"><phr n="hsqdb"><ent r="6" t="313" w="299" /></phr></stem><stem n="hsqdb.jar"><phr n="hsqdb.jar"><ent r="6" t="313" w="300" /><ent r="6" t="313" w="299" /></phr></stem><stem n="jtext"><phr n="jText"><ent r="6" t="313" w="301" /></phr></stem><stem n="jtext.jar"><phr n="jText.jar"><ent r="6" t="313" w="302" /><ent r="6" t="313" w="301" /></phr></stem><stem n="jta"><phr n="jta"><ent r="6" t="313" w="303" /></phr></stem><stem n="jta.jar"><phr n="jta.jar"><ent r="6" t="313" w="304" /><ent r="6" t="313" w="303" /></phr></stem><stem n="log4j"><phr n="log4j"><ent r="6" t="313" w="307" /></phr></stem><stem n="log4j-1"><phr n="log4j-1"><ent r="6" t="313" w="307" /></phr></stem><stem n="log4j-1.2"><phr n="log4j-1.2"><ent r="6" t="313" w="309" /><ent r="6" t="313" w="308" /></phr></stem><stem n="log4j-1.2.13"><phr n="log4j-1.2.13"><ent r="6" t="313" w="310" /><ent r="6" t="313" w="308" /></phr></stem><stem n="13"><phr n="13"><ent r="6" t="313" w="310" /></phr></stem><stem n="-1.2.13.jar"><phr n="-1.2.13.jar"><ent r="6" t="313" w="311" /><ent r="6" t="313" w="311" /></phr></stem><stem n="log4j-1.2.13.jar"><phr n="log4j-1.2.13.jar"><ent r="6" t="313" w="311" /><ent r="6" t="313" w="308" /></phr></stem><stem n="mysql-connector"><phr n="mysql-connector"><ent r="6" t="313" w="312" /></phr></stem><stem n="mysql-connector-java"><phr n="mysql-connector-java"><ent r="6" t="313" w="312" /></phr></stem><stem n="connector"><phr n="connector"><ent r="6" t="313" w="313" /></phr></stem><stem n="connector-java"><phr n="connector-java"><ent r="6" t="313" w="313" /></phr></stem><stem n="mysql-connector-java.5"><phr n="mysql-connector-java.5"><ent r="6" t="313" w="315" /><ent r="6" t="313" w="314" /></phr></stem><stem n="mysql-connector-java.5.0"><phr n="mysql-connector-java.5.0"><ent r="6" t="313" w="316" /><ent r="6" t="313" w="314" /></phr></stem><stem n="4-bin"><phr n="4-bin"><ent r="6" t="313" w="317" /></phr></stem><stem n="-connector-java.5.0.4-bin.jar"><phr n="-connector-java.5.0.4-bin.jar"><ent r="6" t="313" w="319" /><ent r="6" t="313" w="321" /></phr></stem><stem n="mysql-connector-java.5.0.4-bin.jar"><phr n="mysql-connector-java.5.0.4-bin.jar"><ent r="6" t="313" w="319" /><ent r="6" t="313" w="314" /></phr></stem><stem n="odbc14"><phr n="odbc14"><ent r="6" t="313" w="320" /></phr></stem><stem n="odbc14.jar"><phr n="odbc14.jar"><ent r="6" t="313" w="321" /><ent r="6" t="313" w="320" /></phr></stem><stem n="postgresql"><phr n="postgresql"><ent r="6" t="313" w="322" /></phr></stem><stem n="postgresql-8"><phr n="postgresql-8"><ent r="6" t="313" w="322" /></phr></stem><stem n="1-407"><phr n="1-407"><ent r="6" t="313" w="324" /></phr></stem><stem n="407"><phr n="407"><ent r="6" t="313" w="325" /></phr></stem><stem n="postgresql-8.1-407.jdbc3"><phr n="postgresql-8.1-407.jdbc3"><ent r="6" t="313" w="326" /><ent r="6" t="313" w="323" /></phr></stem><stem n="jdbc3"><phr n="jdbc3"><ent r="6" t="313" w="326" /></phr></stem><stem n="-8.1-407.jdbc3.jar"><phr n="-8.1-407.jdbc3.jar"><ent r="6" t="313" w="327" /><ent r="6" t="313" w="328" /></phr></stem><stem n="postgresql-8.1-407.jdbc3.jar"><phr n="postgresql-8.1-407.jdbc3.jar"><ent r="6" t="313" w="327" /><ent r="6" t="313" w="323" /></phr></stem><stem n="sqljdbc"><phr n="sqljdbc"><ent r="6" t="313" w="328" /></phr></stem><stem n="sqljdbc.jar"><phr n="sqljdbc.jar"><ent r="6" t="313" w="329" /><ent r="6" t="313" w="328" /></phr></stem><stem n="xerc"><phr n="xerces"><ent r="6" t="313" w="330" /></phr></stem><stem n="xerces-2"><phr n="xerces-2"><ent r="6" t="313" w="330" /></phr></stem><stem n="xerces-2.6"><phr n="xerces-2.6"><ent r="6" t="313" w="332" /><ent r="6" t="313" w="331" /></phr></stem><stem n="xerces-2.6.2"><phr n="xerces-2.6.2"><ent r="6" t="313" w="333" /><ent r="6" t="313" w="331" /></phr></stem><stem n="-2.6.2.jar"><phr n="-2.6.2.jar"><ent r="6" t="313" w="334" /><ent r="6" t="313" w="334" /></phr></stem><stem n="xerces-2.6.2.jar"><phr n="xerces-2.6.2.jar"><ent r="6" t="313" w="334" /><ent r="6" t="313" w="331" /></phr></stem><stem n="drspolepo"><phr n="drspolepos"><ent r="7" t="313" w="336" /></phr></stem><stem n="db4ojdk1"><phr n="db4ojdk1"><ent r="6" t="313" w="341" /></phr></stem><stem n=".2"><phr n=".2"><ent r="6" t="313" w="342" /></phr></stem><stem n="db4ojdk1.2"><phr n="db4ojdk1.2"><ent r="6" t="313" w="342" /><ent r="6" t="313" w="341" /></phr></stem><stem n="db4ojdk5"><phr n="db4ojdk5"><ent r="6" t="313" w="343" /></phr></stem><stem n="polepo"><phr n="polepos"><ent r="6" t="313" w="350" /></phr></stem><stem n="omj"><phr n="omj"><ent r="7" t="313" w="352" /></phr></stem><stem n="xstream"><phr n="xstream"><ent r="6" t="313" w="378" /></phr></stem><stem n="xstream-1"><phr n="xstream-1"><ent r="6" t="313" w="378" /></phr></stem><stem n="xstream-1.1"><phr n="xstream-1.1"><ent r="6" t="313" w="380" /><ent r="6" t="313" w="379" /></phr></stem><stem n="xstream-1.1.2"><phr n="xstream-1.1.2"><ent r="6" t="313" w="381" /><ent r="6" t="313" w="379" /></phr></stem><stem n="-1.1.2.jar"><phr n="-1.1.2.jar"><ent r="6" t="313" w="382" /><ent r="6" t="313" w="382" /></phr></stem><stem n="xstream-1.1.2.jar"><phr n="xstream-1.1.2.jar"><ent r="6" t="313" w="382" /><ent r="6" t="313" w="379" /></phr></stem><stem n="jre6"><phr n="JRE6"><ent r="6" t="313" w="390" /><ent r="6" t="313" w="398" /><ent r="6" t="313" w="411" /></phr></stem><stem n=".tool"><phr n=".tools"><ent r="6" t="313" w="427" /></phr></stem><stem n="db4oj.tool"><phr n="db4oj.tools"><ent r="6" t="313" w="427" /><ent r="6" t="313" w="426" /></phr></stem><stem n="ireport"><phr n="iReport"><ent r="64" t="315" w="72" /></phr></stem><stem n="-editor."><phr n="-editor."><ent r="3" t="315" w="75" /><ent r="3" t="315" w="75" /></phr></stem><stem n="dot"><phr n="dots"><ent r="3" t="315" w="114" /></phr></stem><stem n="jrbeancollectiondatasourc"><phr n="JRBeanCollectionDataSource"><ent r="3" t="315" w="150" /></phr></stem><stem n="jrmapcollectiondatasourc"><phr n="JRMapCollectionDataSource"><ent r="3" t="315" w="179" /></phr></stem></index>