﻿<?xml version="1.0" encoding="utf-8"?><index><stem n="absolut"><phr n="absolutely"><ent r="3" t="232" w="349" /><ent r="3" t="292" w="195" /></phr></stem><stem n="-structur"><phr n="-structure"><ent r="3" t="232" w="390" /><ent r="3" t="232" w="390" /></phr></stem><stem n="data-structur"><phr n="data-structure"><ent r="3" t="232" w="390" /></phr></stem><stem n="-handlers."><phr n="-handlers."><ent r="3" t="232" w="398" /><ent r="3" t="232" w="398" /></phr></stem><stem n="-connect"><phr n="-connection"><ent r="3" t="233" w="32" /><ent r="3" t="233" w="32" /></phr></stem><stem n="tcp"><phr n="TCP"><ent r="3" t="233" w="32" /></phr></stem><stem n="tcp-connect"><phr n="TCP-connection"><ent r="3" t="233" w="32" /></phr></stem><stem n="-containers."><phr n="-containers."><ent r="3" t="233" w="99" /><ent r="3" t="233" w="99" /></phr></stem><stem n="dirti"><phr n="dirty"><ent r="3" t="233" w="144" /></phr></stem><stem n="proper"><phr n="proper"><ent r="3" t="233" w="207" /></phr></stem><stem n="userandpassword"><phr n="UserAndPassword"><ent r="4" t="233" w="253" /><ent r="4" t="233" w="254" /><ent r="4" t="233" w="283" /><ent r="4" t="233" w="284" /><ent r="4" t="236" w="759" /><ent r="4" t="236" w="760" /><ent r="4" t="236" w="813" /><ent r="4" t="236" w="814" /></phr></stem><stem n="connectionpoolexampl"><phr n="ConnectionPoolExamples"><ent r="4" t="233" w="256" /><ent r="4" t="233" w="286" /></phr></stem><stem n="connectionpoolexamples.c"><phr n="ConnectionPoolExamples.cs"><ent r="4" t="233" w="257" /><ent r="4" t="233" w="256" /></phr></stem><stem n="connectionpoolexamples.vb"><phr n="ConnectionPoolExamples.vb"><ent r="4" t="233" w="287" /><ent r="4" t="233" w="286" /></phr></stem><stem n=".then"><phr n=".Then"><ent r="3" t="233" w="328" /></phr></stem><stem n="state.then"><phr n="state.Then"><ent r="3" t="233" w="328" /><ent r="3" t="233" w="327" /></phr></stem><stem n="obtainclientcontain"><phr n="ObtainClientContainer"><ent r="4" t="233" w="417" /><ent r="4" t="233" w="505" /></phr></stem><stem n="client.rollback"><phr n="client.Rollback"><ent r="4" t="233" w="430" /><ent r="4" t="233" w="429" /><ent r="4" t="233" w="518" /><ent r="4" t="233" w="517" /></phr></stem><stem n="leas"><phr n="leased"><ent r="5" t="233" w="460" /><ent r="5" t="233" w="548" /></phr><phr n="lease"><ent r="4" t="276" w="70" /></phr></stem><stem n="sessioncontain"><phr n="sessionContainer"><ent r="4" t="233" w="464" /><ent r="4" t="233" w="553" /></phr></stem><stem n=".ext().opensession();"><phr n=".Ext().OpenSession();"><ent r="4" t="233" w="468" /><ent r="4" t="257" w="475" /></phr></stem><stem n="connectionpool"><phr n="ConnectionPool"><ent r="4" t="233" w="469" /><ent r="4" t="233" w="562" /><ent r="4" t="233" w="651" /><ent r="4" t="233" w="696" /></phr></stem><stem n="connectionpool.c"><phr n="ConnectionPool.cs"><ent r="4" t="233" w="470" /><ent r="4" t="233" w="469" /><ent r="4" t="233" w="652" /><ent r="4" t="233" w="651" /></phr></stem><stem n="connectionpool.vb"><phr n="ConnectionPool.vb"><ent r="4" t="233" w="563" /><ent r="4" t="233" w="562" /><ent r="4" t="233" w="697" /><ent r="4" t="233" w="696" /></phr></stem><stem n="-container,"><phr n="-container,"><ent r="3" t="233" w="599" /><ent r="3" t="233" w="599" /></phr></stem><stem n="clientforsess"><phr n="ClientForSession"><ent r="4" t="233" w="637" /><ent r="4" t="233" w="682" /></phr></stem><stem n="(session);"><phr n="(session);"><ent r="4" t="233" w="639" /></phr></stem><stem n="returntothepool"><phr n="ReturnToThePool"><ent r="4" t="233" w="648" /><ent r="4" t="233" w="693" /></phr></stem><stem n="(client);"><phr n="(client);"><ent r="4" t="233" w="650" /></phr></stem><stem n="(session)"><phr n="(session)"><ent r="4" t="233" w="684" /></phr></stem><stem n="(client)"><phr n="(client)"><ent r="4" t="233" w="695" /></phr></stem><stem n="overli"><phr n="overly"><ent r="3" t="234" w="37" /></phr></stem><stem n="optimist"><phr n="optimistic"><ent r="3" t="234" w="38" /></phr></stem><stem n="collis"><phr n="collision"><ent r="3" t="234" w="52" /></phr></stem><stem n="opportun"><phr n="opportunity"><ent r="3" t="234" w="66" /></phr></stem><stem n="semaphor"><phr n="Semaphores"><ent r="65" t="234" w="92" /><ent r="1000" t="235" w="1" /><ent r="100" t="235" w="3" /><ent r="102" t="235" w="5" /><ent r="64" t="235" w="71" /><ent r="3" t="235" w="279" /></phr><phr n="semaphores"><ent r="3" t="235" w="8" /><ent r="3" t="235" w="59" /><ent r="3" t="235" w="301" /><ent r="3" t="235" w="313" /></phr><phr n="semaphore"><ent r="4" t="235" w="173" /><ent r="4" t="235" w="268" /></phr></stem><stem n="articl"><phr n="articles"><ent r="3" t="234" w="97" /></phr><phr n="article"><ent r="3" t="270" w="49" /></phr></stem><stem n="advic"><phr n="advice"><ent r="3" t="234" w="114" /></phr><phr n="Advice"><ent r="92" t="280" w="106" /></phr></stem><stem n="exclus"><phr n="exclusive"><ent r="3" t="235" w="33" /></phr></stem><stem n="signal"><phr n="signal"><ent r="3" t="235" w="42" /></phr></stem><stem n="haslock"><phr n="hasLock"><ent r="4" t="235" w="114" /><ent r="4" t="235" w="135" /><ent r="4" t="235" w="195" /><ent r="4" t="235" w="220" /></phr></stem><stem n="setsemaphor"><phr n="SetSemaphore"><ent r="4" t="235" w="117" /><ent r="4" t="235" w="203" /></phr></stem><stem n=".ext().setsemaphore("><phr n=".Ext().SetSemaphore("><ent r="4" t="235" w="118" /><ent r="4" t="235" w="204" /></phr></stem><stem n="locknam"><phr n="LockName"><ent r="5" t="235" w="119" /><ent r="5" t="235" w="166" /><ent r="5" t="235" w="205" /><ent r="5" t="235" w="257" /></phr></stem><stem n="&quot;lockname&quot;"><phr n="&quot;LockName&quot;"><ent r="5" t="235" w="120" /><ent r="5" t="235" w="167" /><ent r="5" t="235" w="206" /><ent r="5" t="235" w="258" /></phr></stem><stem n="(haslock)"><phr n="(hasLock)"><ent r="4" t="235" w="136" /></phr></stem><stem n="&quot;could"><phr n="&quot;Could"><ent r="5" t="235" w="139" /><ent r="5" t="235" w="227" /></phr></stem><stem n="&quot;couldn't"><phr n="&quot;Couldn't"><ent r="5" t="235" w="150" /><ent r="5" t="235" w="238" /></phr></stem><stem n="releasesemaphor"><phr n="ReleaseSemaphore"><ent r="4" t="235" w="164" /><ent r="4" t="235" w="255" /></phr></stem><stem n=".ext().releasesemaphore("><phr n=".Ext().ReleaseSemaphore("><ent r="4" t="235" w="165" /><ent r="4" t="235" w="256" /></phr></stem><stem n="semaphoreexampl"><phr n="SemaphoreExamples"><ent r="4" t="235" w="169" /><ent r="4" t="235" w="264" /></phr></stem><stem n="semaphoreexamples.c"><phr n="SemaphoreExamples.cs"><ent r="4" t="235" w="170" /><ent r="4" t="235" w="169" /></phr></stem><stem n="semaphoreexamples.vb"><phr n="SemaphoreExamples.vb"><ent r="4" t="235" w="265" /><ent r="4" t="235" w="264" /></phr></stem><stem n="object-lock"><phr n="object-locking"><ent r="3" t="235" w="307" /></phr></stem><stem n="-locking,"><phr n="-locking,"><ent r="3" t="235" w="309" /><ent r="3" t="235" w="309" /></phr></stem><stem n="critic"><phr n="critical"><ent r="3" t="235" w="309" /></phr></stem><stem n="section"><phr n="sections"><ent r="3" t="235" w="310" /></phr><phr n="section"><ent r="3" t="282" w="27" /><ent r="5" t="294" w="215" /></phr></stem><stem n=":messag"><phr n=":Messaging"><ent r="100" t="236" w="4" /></phr></stem><stem n="hellomessag"><phr n="HelloMessage"><ent r="4" t="236" w="121" /><ent r="4" t="236" w="133" /><ent r="4" t="236" w="172" /><ent r="4" t="236" w="408" /><ent r="4" t="236" w="491" /><ent r="4" t="236" w="766" /><ent r="4" t="236" w="820" /></phr></stem><stem n=".messag"><phr n=".message"><ent r="4" t="236" w="141" /><ent r="4" t="236" w="202" /></phr></stem><stem n="messagingexampl"><phr n="MessagingExample"><ent r="4" t="236" w="156" /><ent r="4" t="236" w="233" /><ent r="4" t="236" w="305" /><ent r="4" t="236" w="351" /><ent r="4" t="236" w="414" /><ent r="4" t="236" w="505" /><ent r="4" t="236" w="548" /><ent r="4" t="236" w="581" /><ent r="4" t="236" w="625" /><ent r="4" t="236" w="697" /><ent r="4" t="236" w="773" /><ent r="4" t="236" w="831" /></phr></stem><stem n="messagingexample.c"><phr n="MessagingExample.cs"><ent r="4" t="236" w="157" /><ent r="4" t="236" w="156" /><ent r="4" t="236" w="306" /><ent r="4" t="236" w="305" /><ent r="4" t="236" w="415" /><ent r="4" t="236" w="414" /><ent r="4" t="236" w="549" /><ent r="4" t="236" w="548" /><ent r="4" t="236" w="626" /><ent r="4" t="236" w="625" /><ent r="4" t="236" w="774" /><ent r="4" t="236" w="773" /></phr></stem><stem n="messagingexample.vb"><phr n="MessagingExample.vb"><ent r="4" t="236" w="234" /><ent r="4" t="236" w="233" /><ent r="4" t="236" w="352" /><ent r="4" t="236" w="351" /><ent r="4" t="236" w="506" /><ent r="4" t="236" w="505" /><ent r="4" t="236" w="582" /><ent r="4" t="236" w="581" /><ent r="4" t="236" w="698" /><ent r="4" t="236" w="697" /><ent r="4" t="236" w="832" /><ent r="4" t="236" w="831" /></phr></stem><stem n=".networking.messagerecipi"><phr n=".Networking.MessageRecipient"><ent r="4" t="236" w="292" /><ent r="4" t="236" w="332" /><ent r="4" t="236" w="542" /><ent r="4" t="236" w="575" /></phr></stem><stem n="configuration.networking.messagerecipi"><phr n="configuration.Networking.MessageRecipient"><ent r="4" t="236" w="292" /><ent r="4" t="236" w="290" /><ent r="4" t="236" w="332" /><ent r="4" t="236" w="330" /><ent r="4" t="236" w="542" /><ent r="4" t="236" w="540" /><ent r="4" t="236" w="575" /><ent r="4" t="236" w="573" /></phr></stem><stem n="servermessagereceiv"><phr n="ServerMessageReceiver"><ent r="4" t="236" w="296" /><ent r="4" t="236" w="336" /><ent r="4" t="236" w="369" /><ent r="4" t="236" w="433" /></phr></stem><stem n="imessagerecipi"><phr n="IMessageRecipient"><ent r="4" t="236" w="370" /><ent r="4" t="236" w="437" /><ent r="4" t="236" w="464" /><ent r="4" t="236" w="600" /><ent r="4" t="236" w="648" /><ent r="4" t="236" w="675" /></phr></stem><stem n="processmessag"><phr n="ProcessMessage"><ent r="4" t="236" w="376" /><ent r="4" t="236" w="443" /><ent r="4" t="236" w="465" /><ent r="4" t="236" w="606" /><ent r="4" t="236" w="654" /><ent r="4" t="236" w="676" /></phr></stem><stem n="(imessagecontext"><phr n="(IMessageContext"><ent r="4" t="236" w="377" /><ent r="4" t="236" w="607" /></phr></stem><stem n="imessagecontext"><phr n="IMessageContext"><ent r="4" t="236" w="377" /><ent r="4" t="236" w="451" /><ent r="4" t="236" w="607" /><ent r="4" t="236" w="662" /></phr></stem><stem n="context"><phr n="context"><ent r="4" t="236" w="378" /><ent r="4" t="236" w="402" /><ent r="4" t="236" w="447" /><ent r="4" t="236" w="485" /><ent r="4" t="236" w="608" /><ent r="4" t="236" w="658" /><ent r="3" t="257" w="263" /><ent r="4" t="257" w="271" /><ent r="4" t="257" w="288" /><ent r="4" t="263" w="253" /><ent r="4" t="263" w="280" /><ent r="4" t="263" w="323" /><ent r="4" t="263" w="352" /><ent r="3" t="265" w="385" /><ent r="4" t="265" w="592" /><ent r="3" t="265" w="662" /></phr><phr n="Context"><ent r="92" t="265" w="376" /></phr></stem><stem n="'{0}'"><phr n="'{0}'"><ent r="5" t="236" w="391" /><ent r="5" t="236" w="474" /><ent r="5" t="236" w="621" /><ent r="5" t="236" w="685" /></phr></stem><stem n="respond"><phr n="respond"><ent r="5" t="236" w="397" /><ent r="5" t="236" w="480" /></phr></stem><stem n="context.send"><phr n="context.Sender"><ent r="4" t="236" w="403" /><ent r="4" t="236" w="402" /><ent r="4" t="236" w="486" /><ent r="4" t="236" w="485" /></phr></stem><stem n="context.sender.send"><phr n="context.Sender.Send"><ent r="4" t="236" w="404" /><ent r="4" t="236" w="402" /><ent r="4" t="236" w="487" /><ent r="4" t="236" w="485" /></phr></stem><stem n=".sender.send("><phr n=".Sender.Send("><ent r="4" t="236" w="405" /><ent r="4" t="236" w="488" /></phr></stem><stem n="&quot;hi"><phr n="&quot;Hi"><ent r="5" t="236" w="410" /><ent r="5" t="236" w="493" /><ent r="5" t="236" w="768" /><ent r="5" t="236" w="822" /></phr></stem><stem n="hi"><phr n="Hi"><ent r="5" t="236" w="410" /><ent r="5" t="236" w="493" /><ent r="5" t="236" w="768" /><ent r="5" t="236" w="822" /></phr></stem><stem n="!&quot;"><phr n="!&quot;"><ent r="5" t="236" w="412" /><ent r="5" t="236" w="495" /><ent r="5" t="236" w="770" /><ent r="5" t="236" w="824" /></phr></stem><stem n=".processmessag"><phr n=".ProcessMessage"><ent r="4" t="236" w="465" /><ent r="4" t="236" w="676" /></phr></stem><stem n="imessagerecipient.processmessag"><phr n="IMessageRecipient.ProcessMessage"><ent r="4" t="236" w="465" /><ent r="4" t="236" w="464" /><ent r="4" t="236" w="676" /><ent r="4" t="236" w="675" /></phr></stem><stem n="clientmessagereceiv"><phr n="ClientMessageReceiver"><ent r="4" t="236" w="546" /><ent r="4" t="236" w="579" /><ent r="4" t="236" w="599" /><ent r="4" t="236" w="644" /></phr></stem><stem n=",message);"><phr n=",message);"><ent r="4" t="236" w="624" /></phr></stem><stem n="hello"><phr n="hello"><ent r="3" t="236" w="740" /></phr></stem><stem n="imessagesend"><phr n="IMessageSender"><ent r="4" t="236" w="743" /><ent r="4" t="236" w="795" /></phr></stem><stem n="configuration.messagesend"><phr n="configuration.MessageSender"><ent r="4" t="236" w="746" /><ent r="4" t="236" w="745" /><ent r="4" t="236" w="797" /><ent r="4" t="236" w="796" /></phr></stem><stem n=".messagesender;"><phr n=".MessageSender;"><ent r="4" t="236" w="747" /></phr></stem><stem n="sender.send"><phr n="sender.Send"><ent r="4" t="236" w="762" /><ent r="4" t="236" w="761" /><ent r="4" t="236" w="816" /><ent r="4" t="236" w="815" /></phr></stem><stem n=".send("><phr n=".Send("><ent r="4" t="236" w="763" /><ent r="4" t="236" w="817" /></phr></stem><stem n="waitforawhil"><phr n="WaitForAWhile"><ent r="4" t="236" w="771" /><ent r="4" t="236" w="825" /></phr></stem><stem n=".messagesend"><phr n=".MessageSender"><ent r="4" t="236" w="797" /></phr></stem><stem n="hole"><phr n="hole"><ent r="3" t="237" w="38" /></phr></stem><stem n="authent"><phr n="authentication"><ent r="4" t="237" w="76" /></phr></stem><stem n="certif"><phr n="certificate"><ent r="4" t="237" w="87" /><ent r="4" t="237" w="114" /><ent r="4" t="237" w="128" /><ent r="6" t="237" w="154" /><ent r="6" t="237" w="159" /><ent r="5" t="237" w="165" /><ent r="5" t="237" w="180" /><ent r="6" t="237" w="213" /><ent r="6" t="237" w="218" /><ent r="5" t="237" w="225" /><ent r="5" t="237" w="242" /><ent r="4" t="237" w="275" /><ent r="5" t="237" w="352" /><ent r="5" t="237" w="386" /><ent r="5" t="237" w="413" /><ent r="5" t="237" w="470" /></phr><phr n="certificates"><ent r="4" t="237" w="89" /><ent r="6" t="237" w="363" /><ent r="6" t="237" w="444" /></phr></stem><stem n="-certif"><phr n="-certificates"><ent r="4" t="237" w="88" /><ent r="4" t="237" w="88" /></phr></stem><stem n="clients-certif"><phr n="Clients-certificates"><ent r="4" t="237" w="88" /></phr></stem><stem n="server-certif"><phr n="server-certificate"><ent r="4" t="237" w="127" /></phr></stem><stem n="-certificate."><phr n="-certificate."><ent r="4" t="237" w="129" /><ent r="4" t="237" w="129" /></phr></stem><stem n="x509certificate2"><phr n="X509Certificate2"><ent r="5" t="237" w="164" /><ent r="5" t="237" w="169" /><ent r="5" t="237" w="231" /></phr></stem><stem n="cert"><phr n="cert"><ent r="6" t="237" w="171" /><ent r="6" t="237" w="233" /></phr></stem><stem n="cert.cer"><phr n="cert.cer"><ent r="6" t="237" w="172" /><ent r="6" t="237" w="171" /><ent r="6" t="237" w="234" /><ent r="6" t="237" w="233" /></phr></stem><stem n="cer"><phr n="cer"><ent r="6" t="237" w="172" /><ent r="6" t="237" w="234" /></phr></stem><stem n="&quot;cert.cer&quot;"><phr n="&quot;cert.cer&quot;"><ent r="6" t="237" w="173" /><ent r="6" t="237" w="235" /></phr></stem><stem n="serversslsupport"><phr n="ServerSslSupport"><ent r="5" t="237" w="179" /><ent r="5" t="237" w="241" /></phr></stem><stem n="(certificate));"><phr n="(certificate));"><ent r="5" t="237" w="181" /></phr></stem><stem n="sslexampl"><phr n="SSLExample"><ent r="5" t="237" w="182" /><ent r="5" t="237" w="244" /><ent r="5" t="237" w="290" /><ent r="5" t="237" w="325" /><ent r="5" t="237" w="380" /><ent r="5" t="237" w="464" /></phr></stem><stem n="sslexample.c"><phr n="SSLExample.cs"><ent r="5" t="237" w="183" /><ent r="5" t="237" w="182" /><ent r="5" t="237" w="291" /><ent r="5" t="237" w="290" /><ent r="5" t="237" w="381" /><ent r="5" t="237" w="380" /></phr></stem><stem n="(certificate))"><phr n="(certificate))"><ent r="5" t="237" w="243" /></phr></stem><stem n="sslexample.vb"><phr n="SSLExample.vb"><ent r="5" t="237" w="245" /><ent r="5" t="237" w="244" /><ent r="5" t="237" w="326" /><ent r="5" t="237" w="325" /><ent r="5" t="237" w="465" /><ent r="5" t="237" w="464" /></phr></stem><stem n="verif"><phr n="verification"><ent r="4" t="237" w="276" /></phr></stem><stem n="clientsslsupport"><phr n="ClientSslSupport"><ent r="5" t="237" w="287" /><ent r="5" t="237" w="319" /></phr></stem><stem n="checkcertif"><phr n="CheckCertificate"><ent r="5" t="237" w="288" /><ent r="5" t="237" w="323" /><ent r="5" t="237" w="346" /><ent r="5" t="237" w="400" /></phr></stem><stem n="(checkcertificate));"><phr n="(CheckCertificate));"><ent r="5" t="237" w="289" /></phr></stem><stem n="x509certif"><phr n="X509Certificate"><ent r="5" t="237" w="351" /><ent r="5" t="237" w="417" /></phr></stem><stem n="x509chain"><phr n="X509Chain"><ent r="5" t="237" w="353" /><ent r="5" t="237" w="425" /></phr></stem><stem n="sslpolicyerror"><phr n="SslPolicyErrors"><ent r="5" t="237" w="355" /><ent r="5" t="237" w="433" /></phr><phr n="sslpolicyerrors"><ent r="5" t="237" w="356" /><ent r="5" t="237" w="429" /></phr></stem><stem n="accept"><phr n="accept"><ent r="6" t="237" w="368" /><ent r="6" t="237" w="449" /></phr></stem><stem n="protocol"><phr n="protocols"><ent r="2" t="238" w="25" /></phr><phr n="protocol"><ent r="2" t="238" w="47" /></phr></stem><stem n="screen"><phr n="screen"><ent r="2" t="238" w="26" /><ent r="3" t="289" w="75" /></phr></stem><stem n="end-appl"><phr n="end-application"><ent r="2" t="238" w="28" /></phr></stem><stem n="fixabl"><phr n="fixable"><ent r="2" t="238" w="32" /></phr></stem><stem n="channel"><phr n="channel"><ent r="2" t="238" w="61" /><ent r="3" t="238" w="301" /></phr></stem><stem n="aliv"><phr n="alive"><ent r="4" t="238" w="123" /><ent r="3" t="255" w="77" /></phr></stem><stem n="di"><phr n="dies"><ent r="4" t="238" w="139" /></phr></stem><stem n="peacefulli"><phr n="peacefully"><ent r="4" t="238" w="140" /></phr></stem><stem n="offlin"><phr n="offline"><ent r="4" t="238" w="163" /></phr></stem><stem n="timer"><phr n="timer"><ent r="3" t="238" w="272" /></phr></stem><stem n="repli"><phr n="reply"><ent r="3" t="238" w="289" /></phr></stem><stem n="instabl"><phr n="instable"><ent r="4" t="238" w="384" /></phr></stem><stem n="lower"><phr n="lower"><ent r="4" t="238" w="385" /><ent r="3" t="275" w="573" /></phr></stem><stem n="&quot;paging&quot;"><phr n="&quot;Paging&quot;"><ent r="64" t="239" w="53" /></phr></stem><stem n="lifetim"><phr n="lifetime"><ent r="3" t="239" w="59" /><ent r="3" t="243" w="70" /><ent r="3" t="243" w="81" /><ent r="4" t="276" w="69" /><ent r="4" t="276" w="102" /></phr><phr n="Lifetime"><ent r="64" t="239" w="70" /><ent r="1000" t="243" w="1" /><ent r="102" t="243" w="7" /></phr></stem><stem n="guide-lin"><phr n="guide-line"><ent r="3" t="239" w="66" /></phr></stem><stem n="-line:"><phr n="-line:"><ent r="3" t="239" w="68" /><ent r="3" t="239" w="68" /></phr></stem><stem n="&quot;lifetim"><phr n="&quot;Lifetime"><ent r="64" t="239" w="70" /></phr></stem><stem n="delic"><phr n="delicate"><ent r="3" t="239" w="81" /><ent r="3" t="244" w="12" /></phr></stem><stem n="major"><phr n="major"><ent r="3" t="239" w="93" /><ent r="3" t="242" w="42" /><ent r="3" t="243" w="28" /><ent r="3" t="282" w="357" /></phr></stem><stem n="-n"><phr n="-N"><ent r="92" t="240" w="52" /><ent r="92" t="240" w="52" /><ent r="92" t="240" w="286" /><ent r="92" t="240" w="286" /><ent r="92" t="240" w="621" /><ent r="92" t="240" w="621" /><ent r="3" t="240" w="632" /><ent r="3" t="240" w="632" /><ent r="92" t="240" w="726" /><ent r="92" t="240" w="726" /><ent r="3" t="240" w="734" /><ent r="3" t="240" w="734" /><ent r="3" t="240" w="737" /><ent r="3" t="240" w="737" /><ent r="4" t="240" w="857" /><ent r="4" t="240" w="857" /><ent r="4" t="240" w="925" /><ent r="4" t="240" w="925" /><ent r="92" t="240" w="935" /><ent r="92" t="240" w="935" /><ent r="3" t="240" w="944" /><ent r="3" t="240" w="944" /><ent r="4" t="240" w="1073" /><ent r="4" t="240" w="1073" /><ent r="4" t="240" w="1185" /><ent r="4" t="240" w="1185" /><ent r="4" t="240" w="1265" /><ent r="4" t="240" w="1265" /><ent r="4" t="240" w="1399" /><ent r="4" t="240" w="1399" /></phr><phr n="-n"><ent r="4" t="240" w="195" /><ent r="4" t="240" w="195" /><ent r="4" t="240" w="269" /><ent r="4" t="240" w="269" /><ent r="4" t="240" w="409" /><ent r="4" t="240" w="409" /><ent r="4" t="240" w="483" /><ent r="4" t="240" w="483" /></phr></stem><stem n="1-n"><phr n="1-N"><ent r="92" t="240" w="52" /><ent r="92" t="240" w="286" /><ent r="92" t="240" w="621" /><ent r="3" t="240" w="632" /><ent r="3" t="240" w="734" /></phr><phr n="1-n"><ent r="4" t="240" w="195" /><ent r="4" t="240" w="269" /><ent r="4" t="240" w="409" /><ent r="4" t="240" w="483" /></phr></stem><stem n="shop"><phr n="shopping"><ent r="3" t="240" w="65" /><ent r="3" t="240" w="111" /><ent r="3" t="240" w="140" /></phr></stem><stem n="card"><phr n="cards"><ent r="3" t="240" w="66" /><ent r="3" t="240" w="141" /></phr><phr n="card"><ent r="3" t="240" w="83" /><ent r="3" t="240" w="90" /><ent r="3" t="240" w="112" /><ent r="4" t="240" w="201" /><ent r="4" t="240" w="275" /></phr></stem><stem n="1-part"><phr n="1-part"><ent r="3" t="240" w="92" /><ent r="3" t="240" w="322" /></phr></stem><stem n="-part)"><phr n="-part)"><ent r="3" t="240" w="94" /><ent r="3" t="240" w="94" /><ent r="3" t="240" w="318" /><ent r="3" t="240" w="318" /></phr></stem><stem n="n-part"><phr n="N-part"><ent r="3" t="240" w="98" /><ent r="3" t="240" w="316" /></phr></stem><stem n="-part)."><phr n="-part)."><ent r="3" t="240" w="100" /><ent r="3" t="240" w="100" /><ent r="3" t="240" w="324" /><ent r="3" t="240" w="324" /></phr></stem><stem n="contains-queri"><phr n="contains-query"><ent r="64" t="240" w="124" /><ent r="64" t="240" w="799" /><ent r="64" t="240" w="986" /></phr></stem><stem n="icollection&lt;item&gt;"><phr n="ICollection&lt;Item&gt;"><ent r="4" t="240" w="163" /></phr></stem><stem n="hashset&lt;item&gt;"><phr n="HashSet&lt;Item&gt;"><ent r="4" t="240" w="168" /></phr></stem><stem n="(item"><phr n="(Item"><ent r="4" t="240" w="175" /><ent r="4" t="240" w="186" /></phr></stem><stem n="terrain"><phr n="terrain"><ent r="4" t="240" w="176" /><ent r="4" t="240" w="179" /><ent r="4" t="240" w="235" /><ent r="4" t="240" w="242" /></phr></stem><stem n="items.add"><phr n="items.Add"><ent r="4" t="240" w="178" /><ent r="4" t="240" w="177" /><ent r="4" t="240" w="241" /><ent r="4" t="240" w="240" /></phr></stem><stem n=".add(terrain);"><phr n=".Add(terrain);"><ent r="4" t="240" w="180" /></phr></stem><stem n="items.remov"><phr n="items.Remove"><ent r="4" t="240" w="189" /><ent r="4" t="240" w="188" /><ent r="4" t="240" w="259" /><ent r="4" t="240" w="258" /></phr></stem><stem n=".remove(o);"><phr n=".Remove(o);"><ent r="4" t="240" w="191" /><ent r="4" t="240" w="841" /></phr></stem><stem n="shoppingcard"><phr n="ShoppingCard"><ent r="4" t="240" w="192" /><ent r="4" t="240" w="266" /></phr></stem><stem n="shoppingcard.c"><phr n="ShoppingCard.cs"><ent r="4" t="240" w="193" /><ent r="4" t="240" w="192" /></phr></stem><stem n="hashset"><phr n="HashSet"><ent r="4" t="240" w="226" /><ent r="4" t="240" w="881" /><ent r="4" t="240" w="1098" /><ent r="4" t="240" w="1289" /></phr></stem><stem n="(terrain"><phr n="(terrain"><ent r="4" t="240" w="235" /></phr></stem><stem n=".add(terrain)"><phr n=".Add(terrain)"><ent r="4" t="240" w="243" /></phr></stem><stem n="(o"><phr n="(o"><ent r="4" t="240" w="253" /><ent r="4" t="240" w="890" /><ent r="4" t="250" w="359" /></phr></stem><stem n=".remove(o)"><phr n=".Remove(o)"><ent r="4" t="240" w="261" /><ent r="4" t="240" w="898" /></phr></stem><stem n="shoppingcard.vb"><phr n="ShoppingCard.vb"><ent r="4" t="240" w="267" /><ent r="4" t="240" w="266" /></phr></stem><stem n="imagin"><phr n="Imagine"><ent r="3" t="240" w="295" /><ent r="3" t="252" w="19" /></phr></stem><stem n="born"><phr n="born"><ent r="3" t="240" w="307" /><ent r="3" t="240" w="347" /></phr></stem><stem n="bornin"><phr n="bornIn"><ent r="4" t="240" w="392" /><ent r="4" t="240" w="404" /><ent r="4" t="240" w="447" /><ent r="4" t="240" w="470" /><ent r="3" t="240" w="514" /></phr><phr n="BornIn"><ent r="4" t="240" w="397" /><ent r="4" t="240" w="459" /><ent r="4" t="240" w="544" /><ent r="4" t="240" w="595" /></phr></stem><stem n="_bornin"><phr n="_bornIn"><ent r="4" t="240" w="447" /><ent r="4" t="240" w="470" /></phr></stem><stem n="m_bornin"><phr n="m_bornIn"><ent r="4" t="240" w="447" /><ent r="4" t="240" w="446" /><ent r="4" t="240" w="470" /><ent r="4" t="240" w="469" /></phr></stem><stem n="‘bornin’"><phr n="‘bornIn’"><ent r="3" t="240" w="515" /></phr></stem><stem n="loadcountri"><phr n="LoadCountry"><ent r="4" t="240" w="522" /><ent r="4" t="240" w="570" /></phr></stem><stem n="usa"><phr n="USA"><ent r="5" t="240" w="525" /><ent r="5" t="240" w="573" /><ent r="3" t="310" w="65" /></phr></stem><stem n="&quot;usa&quot;"><phr n="&quot;USA&quot;"><ent r="5" t="240" w="526" /><ent r="5" t="240" w="574" /></phr></stem><stem n="peopleburnintheu"><phr n="peopleBurnInTheUs"><ent r="4" t="240" w="530" /><ent r="4" t="240" w="578" /></phr></stem><stem n=".bornin"><phr n=".BornIn"><ent r="4" t="240" w="544" /><ent r="4" t="240" w="595" /></phr></stem><stem n="p.bornin"><phr n="p.BornIn"><ent r="4" t="240" w="544" /><ent r="4" t="240" w="543" /><ent r="4" t="240" w="595" /><ent r="4" t="240" w="594" /></phr></stem><stem n="relationmanagementexampl"><phr n="RelationManagementExamples"><ent r="4" t="240" w="551" /><ent r="4" t="240" w="605" /></phr></stem><stem n="relationmanagementexamples.c"><phr n="RelationManagementExamples.cs"><ent r="4" t="240" w="552" /><ent r="4" t="240" w="551" /></phr></stem><stem n="burn"><phr n="burn"><ent r="4" t="240" w="556" /><ent r="4" t="240" w="610" /></phr></stem><stem n="relationmanagementexamples.vb"><phr n="RelationManagementExamples.vb"><ent r="4" t="240" w="606" /><ent r="4" t="240" w="605" /></phr></stem><stem n="bidirect"><phr n="Bidirectional"><ent r="92" t="240" w="624" /><ent r="92" t="240" w="938" /><ent r="4" t="240" w="1072" /><ent r="4" t="240" w="1184" /><ent r="4" t="240" w="1264" /><ent r="4" t="240" w="1398" /></phr><phr n="bidirectional"><ent r="3" t="240" w="635" /><ent r="3" t="240" w="943" /></phr></stem><stem n="dog"><phr n="dogs"><ent r="3" t="240" w="691" /><ent r="3" t="240" w="711" /></phr><phr n="dog"><ent r="3" t="240" w="696" /></phr></stem><stem n="owner"><phr n="owners"><ent r="3" t="240" w="694" /><ent r="3" t="309" w="422" /></phr><phr n="owner"><ent r="3" t="240" w="702" /></phr></stem><stem n="n-n"><phr n="N-N"><ent r="92" t="240" w="726" /><ent r="3" t="240" w="737" /><ent r="4" t="240" w="857" /><ent r="4" t="240" w="925" /><ent r="92" t="240" w="935" /><ent r="3" t="240" w="944" /><ent r="4" t="240" w="1073" /><ent r="4" t="240" w="1185" /><ent r="4" t="240" w="1265" /><ent r="4" t="240" w="1399" /></phr></stem><stem n="citizenship"><phr n="citizenships"><ent r="3" t="240" w="752" /></phr><phr n="citizenship"><ent r="3" t="240" w="766" /></phr></stem><stem n="icollection&lt;country&gt;"><phr n="ICollection&lt;Country&gt;"><ent r="4" t="240" w="824" /></phr></stem><stem n="citizenin"><phr n="citizenIn"><ent r="4" t="240" w="825" /><ent r="4" t="240" w="838" /><ent r="4" t="240" w="849" /><ent r="4" t="240" w="871" /><ent r="4" t="240" w="895" /><ent r="4" t="240" w="913" /></phr></stem><stem n="hashset&lt;country&gt;"><phr n="HashSet&lt;Country&gt;"><ent r="4" t="240" w="829" /></phr></stem></index>