﻿<?xml version="1.0" encoding="utf-8"?><index><stem n="therefor"><phr n="therefore"><ent r="3" t="2" w="518" /><ent r="3" t="14" w="61" /><ent r="3" t="14" w="1084" /><ent r="3" t="27" w="819" /><ent r="3" t="28" w="90" /><ent r="3" t="28" w="235" /><ent r="3" t="28" w="396" /><ent r="3" t="28" w="945" /><ent r="3" t="31" w="958" /><ent r="5" t="42" w="394" /><ent r="5" t="42" w="419" /><ent r="5" t="42" w="483" /><ent r="5" t="42" w="508" /><ent r="3" t="54" w="131" /><ent r="3" t="61" w="16" /><ent r="3" t="88" w="76" /><ent r="3" t="90" w="292" /><ent r="4" t="96" w="1015" /><ent r="3" t="100" w="373" /><ent r="3" t="112" w="1370" /><ent r="3" t="114" w="155" /><ent r="3" t="117" w="37" /><ent r="3" t="134" w="156" /><ent r="3" t="134" w="303" /><ent r="3" t="232" w="190" /><ent r="6" t="270" w="349" /><ent r="5" t="274" w="117" /><ent r="5" t="274" w="142" /><ent r="5" t="274" w="206" /><ent r="5" t="274" w="231" /><ent r="3" t="284" w="239" /></phr><phr n="Therefore"><ent r="3" t="14" w="94" /><ent r="3" t="14" w="1063" /><ent r="3" t="15" w="610" /><ent r="3" t="21" w="113" /><ent r="3" t="27" w="105" /><ent r="5" t="31" w="987" /><ent r="5" t="31" w="1047" /><ent r="3" t="31" w="1122" /><ent r="3" t="31" w="1445" /><ent r="3" t="35" w="453" /><ent r="6" t="37" w="87" /><ent r="3" t="38" w="396" /><ent r="3" t="40" w="90" /><ent r="3" t="42" w="558" /><ent r="3" t="48" w="162" /><ent r="3" t="49" w="322" /><ent r="3" t="60" w="37" /><ent r="3" t="61" w="61" /><ent r="3" t="69" w="214" /><ent r="3" t="69" w="561" /><ent r="3" t="73" w="217" /><ent r="3" t="74" w="46" /><ent r="3" t="74" w="264" /><ent r="3" t="76" w="933" /><ent r="3" t="82" w="41" /><ent r="5" t="109" w="331" /><ent r="5" t="109" w="357" /><ent r="5" t="109" w="441" /><ent r="4" t="129" w="201" /><ent r="3" t="133" w="95" /><ent r="4" t="140" w="297" /><ent r="3" t="145" w="133" /><ent r="3" t="146" w="168" /><ent r="3" t="151" w="50" /><ent r="3" t="152" w="18" /><ent r="3" t="152" w="54" /><ent r="3" t="153" w="46" /><ent r="3" t="156" w="113" /><ent r="4" t="168" w="80" /><ent r="3" t="179" w="84" /><ent r="3" t="179" w="104" /><ent r="3" t="179" w="470" /><ent r="3" t="187" w="135" /><ent r="3" t="224" w="313" /><ent r="3" t="224" w="413" /><ent r="3" t="230" w="16" /><ent r="3" t="231" w="226" /><ent r="3" t="232" w="341" /><ent r="3" t="240" w="31" /><ent r="3" t="240" w="324" /><ent r="3" t="243" w="92" /><ent r="3" t="255" w="89" /><ent r="3" t="264" w="356" /><ent r="3" t="266" w="504" /><ent r="3" t="275" w="118" /><ent r="4" t="278" w="49" /><ent r="3" t="285" w="169" /><ent r="3" t="291" w="66" /></phr></stem><stem n="isol"><phr n="isolated"><ent r="3" t="2" w="526" /><ent r="3" t="33" w="271" /><ent r="3" t="66" w="49" /><ent r="3" t="66" w="306" /><ent r="3" t="66" w="397" /><ent r="4" t="66" w="481" /><ent r="4" t="66" w="553" /><ent r="4" t="194" w="66" /><ent r="4" t="194" w="113" /><ent r="3" t="243" w="129" /><ent r="3" t="256" w="87" /><ent r="3" t="257" w="30" /><ent r="64" t="266" w="105" /><ent r="3" t="266" w="502" /><ent r="3" t="266" w="510" /><ent r="3" t="266" w="562" /><ent r="4" t="266" w="595" /><ent r="4" t="266" w="642" /></phr><phr n="Isolation"><ent r="5" t="33" w="142" /><ent r="4" t="33" w="144" /><ent r="65" t="33" w="168" /><ent r="64" t="34" w="546" /><ent r="1000" t="35" w="1" /><ent r="100" t="35" w="3" /><ent r="102" t="35" w="5" /><ent r="3" t="35" w="7" /><ent r="92" t="66" w="298" /><ent r="92" t="76" w="513" /><ent r="64" t="255" w="63" /><ent r="1000" t="256" w="1" /><ent r="100" t="256" w="8" /><ent r="102" t="256" w="10" /><ent r="64" t="257" w="43" /></phr><phr n="isolation"><ent r="4" t="33" w="164" /><ent r="3" t="34" w="543" /><ent r="64" t="35" w="33" /><ent r="3" t="35" w="44" /><ent r="3" t="35" w="58" /><ent r="3" t="35" w="89" /><ent r="3" t="66" w="323" /><ent r="64" t="73" w="165" /><ent r="64" t="76" w="530" /><ent r="3" t="76" w="536" /><ent r="3" t="76" w="539" /><ent r="3" t="76" w="569" /><ent r="3" t="255" w="60" /><ent r="3" t="256" w="45" /></phr><phr n="Isolated"><ent r="1000" t="194" w="1" /><ent r="102" t="194" w="9" /><ent r="3" t="194" w="29" /><ent r="67" t="245" w="214" /><ent r="92" t="266" w="485" /></phr><phr n="isolate"><ent r="3" t="255" w="47" /><ent r="3" t="256" w="27" /></phr></stem><stem n="interest"><phr n="interest"><ent r="3" t="2" w="530" /><ent r="4" t="113" w="99" /></phr><phr n="interested"><ent r="3" t="27" w="98" /><ent r="3" t="41" w="170" /><ent r="3" t="141" w="40" /><ent r="3" t="241" w="64" /></phr><phr n="interesting"><ent r="3" t="166" w="126" /></phr></stem><stem n="leverag"><phr n="leveraging"><ent r="3" t="2" w="533" /></phr></stem><stem n="sequenti"><phr n="sequential"><ent r="3" t="2" w="536" /><ent r="5" t="298" w="171" /><ent r="5" t="298" w="365" /></phr></stem><stem n="scan"><phr n="scans"><ent r="3" t="2" w="537" /><ent r="4" t="134" w="128" /><ent r="3" t="151" w="22" /><ent r="3" t="153" w="12" /></phr><phr n="scan"><ent r="3" t="14" w="137" /><ent r="3" t="31" w="79" /><ent r="3" t="134" w="140" /><ent r="3" t="283" w="303" /></phr></stem><stem n="concurr"><phr n="concurrency"><ent r="3" t="2" w="546" /><ent r="3" t="5" w="402" /><ent r="3" t="234" w="29" /><ent r="3" t="234" w="70" /><ent r="3" t="234" w="86" /></phr><phr n="concurrent"><ent r="3" t="5" w="405" /><ent r="3" t="5" w="450" /><ent r="3" t="6" w="71" /><ent r="3" t="6" w="86" /><ent r="4" t="6" w="168" /><ent r="3" t="34" w="509" /><ent r="3" t="73" w="16" /><ent r="3" t="73" w="118" /><ent r="3" t="74" w="1159" /><ent r="4" t="166" w="352" /><ent r="3" t="167" w="205" /><ent r="3" t="243" w="202" /><ent r="3" t="243" w="336" /><ent r="3" t="255" w="39" /><ent r="3" t="256" w="20" /><ent r="3" t="282" w="94" /><ent r="3" t="282" w="109" /></phr><phr n="Concurrent"><ent r="3" t="6" w="53" /><ent r="92" t="34" w="493" /><ent r="3" t="282" w="76" /></phr><phr n="Concurrency"><ent r="1000" t="73" w="1" /><ent r="100" t="73" w="5" /><ent r="102" t="73" w="7" /><ent r="100" t="74" w="8" /><ent r="1000" t="234" w="1" /><ent r="100" t="234" w="4" /><ent r="102" t="234" w="6" /></phr><phr n="concurrently"><ent r="3" t="243" w="326" /></phr></stem><stem n="ever"><phr n="ever"><ent r="3" t="2" w="550" /><ent r="3" t="7" w="443" /><ent r="4" t="166" w="216" /></phr></stem><stem n="todai"><phr n="today"><ent r="3" t="2" w="553" /><ent r="3" t="272" w="25" /></phr></stem><stem n="whole"><phr n="whole"><ent r="3" t="2" w="557" /><ent r="4" t="33" w="100" /><ent r="3" t="41" w="155" /><ent r="3" t="44" w="185" /><ent r="3" t="73" w="229" /><ent r="3" t="73" w="242" /><ent r="3" t="107" w="30" /><ent r="3" t="116" w="35" /><ent r="3" t="117" w="48" /><ent r="5" t="147" w="293" /><ent r="5" t="147" w="371" /><ent r="3" t="164" w="44" /><ent r="3" t="165" w="14" /><ent r="3" t="165" w="85" /><ent r="3" t="190" w="241" /></phr></stem><stem n="expert"><phr n="experts"><ent r="3" t="2" w="562" /><ent r="3" t="2" w="653" /><ent r="3" t="4" w="625" /></phr><phr n="expert"><ent r="3" t="2" w="571" /><ent r="3" t="2" w="577" /></phr></stem><stem n="anyon"><phr n="Anyone"><ent r="3" t="2" w="567" /></phr></stem><stem n="cycl"><phr n="cycle"><ent r="3" t="2" w="590" /><ent r="3" t="7" w="638" /></phr><phr n="cycles"><ent r="3" t="7" w="667" /></phr></stem><stem n="invent"><phr n="invented"><ent r="3" t="2" w="596" /></phr></stem><stem n="90"><phr n="90"><ent r="3" t="2" w="605" /></phr></stem><stem n="90'"><phr n="90's"><ent r="3" t="2" w="606" /><ent r="3" t="2" w="605" /></phr></stem><stem n="90's."><phr n="90's."><ent r="3" t="2" w="606" /><ent r="3" t="2" w="605" /></phr></stem><stem n="'s."><phr n="'s."><ent r="3" t="2" w="607" /><ent r="3" t="24" w="854" /><ent r="3" t="206" w="73" /><ent r="3" t="268" w="489" /><ent r="3" t="282" w="364" /></phr></stem><stem n="tune"><phr n="tuning"><ent r="3" t="2" w="610" /><ent r="3" t="141" w="36" /><ent r="3" t="154" w="17" /></phr><phr n="tune"><ent r="3" t="11" w="119" /><ent r="3" t="132" w="92" /><ent r="3" t="150" w="95" /><ent r="3" t="150" w="146" /><ent r="3" t="164" w="65" /><ent r="3" t="282" w="373" /><ent r="3" t="282" w="408" /></phr><phr n="Tune"><ent r="6" t="143" w="162" /><ent r="92" t="282" w="297" /><ent r="92" t="282" w="348" /><ent r="92" t="282" w="384" /></phr><phr n="tuned"><ent r="3" t="200" w="98" /></phr></stem><stem n="closur"><phr n="closure"><ent r="3" t="2" w="613" /></phr></stem><stem n="fetch"><phr n="fetch"><ent r="3" t="2" w="614" /></phr><phr n="fetched"><ent r="3" t="43" w="115" /><ent r="3" t="197" w="184" /><ent r="3" t="198" w="185" /></phr></stem><stem n="valu"><phr n="value"><ent r="3" t="2" w="616" /><ent r="3" t="23" w="67" /><ent r="3" t="23" w="76" /><ent r="3" t="23" w="86" /><ent r="3" t="23" w="97" /><ent r="3" t="23" w="99" /><ent r="3" t="24" w="42" /><ent r="3" t="27" w="205" /><ent r="3" t="28" w="80" /><ent r="3" t="28" w="378" /><ent r="3" t="28" w="529" /><ent r="4" t="31" w="1642" /><ent r="4" t="31" w="1651" /><ent r="4" t="31" w="1714" /><ent r="4" t="31" w="1726" /><ent r="3" t="42" w="783" /><ent r="3" t="45" w="338" /><ent r="4" t="49" w="800" /><ent r="4" t="49" w="877" /><ent r="4" t="49" w="888" /><ent r="3" t="62" w="87" /><ent r="4" t="64" w="189" /><ent r="4" t="64" w="201" /><ent r="4" t="64" w="244" /><ent r="4" t="64" w="256" /><ent r="5" t="66" w="626" /><ent r="5" t="66" w="714" /><ent r="3" t="67" w="52" /><ent r="3" t="69" w="79" /><ent r="3" t="72" w="242" /><ent r="4" t="99" w="147" /><ent r="4" t="99" w="195" /><ent r="4" t="99" w="203" /><ent r="3" t="106" w="128" /><ent r="3" t="107" w="24" /><ent r="3" t="111" w="12" /><ent r="3" t="111" w="78" /><ent r="3" t="112" w="193" /><ent r="3" t="112" w="210" /><ent r="3" t="117" w="35" /><ent r="4" t="119" w="49" /><ent r="4" t="119" w="66" /><ent r="4" t="119" w="72" /><ent r="3" t="121" w="230" /><ent r="7" t="128" w="353" /><ent r="7" t="128" w="413" /><ent r="6" t="143" w="277" /><ent r="3" t="159" w="43" /><ent r="3" t="165" w="172" /><ent r="3" t="176" w="19" /><ent r="3" t="176" w="184" /><ent r="3" t="176" w="200" /><ent r="3" t="176" w="212" /><ent r="3" t="204" w="32" /><ent r="3" t="218" w="27" /><ent r="3" t="227" w="66" /><ent r="3" t="227" w="84" /><ent r="4" t="238" w="367" /><ent r="4" t="251" w="80" /><ent r="4" t="251" w="128" /><ent r="4" t="251" w="136" /><ent r="3" t="254" w="35" /><ent r="5" t="254" w="91" /><ent r="5" t="254" w="140" /><ent r="5" t="254" w="217" /><ent r="5" t="254" w="281" /><ent r="4" t="257" w="218" /><ent r="4" t="263" w="136" /><ent r="4" t="263" w="191" /><ent r="4" t="263" w="199" /><ent r="3" t="264" w="34" /><ent r="4" t="264" w="216" /><ent r="4" t="264" w="271" /><ent r="4" t="264" w="278" /><ent r="4" t="265" w="223" /><ent r="4" t="265" w="241" /><ent r="4" t="265" w="322" /><ent r="4" t="265" w="340" /><ent r="4" t="265" w="357" /><ent r="3" t="275" w="550" /><ent r="3" t="276" w="120" /><ent r="3" t="279" w="49" /><ent r="3" t="284" w="136" /><ent r="3" t="284" w="181" /><ent r="3" t="284" w="226" /><ent r="3" t="284" w="250" /><ent r="3" t="285" w="89" /><ent r="3" t="285" w="208" /><ent r="3" t="290" w="131" /><ent r="3" t="290" w="167" /><ent r="4" t="292" w="208" /><ent r="3" t="292" w="243" /><ent r="5" t="298" w="275" /><ent r="5" t="298" w="288" /><ent r="5" t="298" w="314" /><ent r="5" t="298" w="327" /><ent r="5" t="298" w="342" /><ent r="5" t="298" w="467" /><ent r="4" t="299" w="60" /><ent r="4" t="299" w="125" /><ent r="4" t="299" w="136" /><ent r="6" t="299" w="196" /></phr><phr n="values"><ent r="3" t="10" w="202" /><ent r="3" t="18" w="232" /><ent r="4" t="18" w="259" /><ent r="4" t="18" w="291" /><ent r="3" t="18" w="370" /><ent r="4" t="18" w="401" /><ent r="4" t="18" w="435" /><ent r="3" t="24" w="254" /><ent r="4" t="25" w="37" /><ent r="3" t="27" w="316" /><ent r="3" t="30" w="86" /><ent r="3" t="32" w="160" /><ent r="3" t="39" w="77" /><ent r="3" t="39" w="183" /><ent r="3" t="39" w="213" /><ent r="3" t="41" w="148" /><ent r="3" t="64" w="43" /><ent r="3" t="70" w="632" /><ent r="4" t="95" w="129" /><ent r="3" t="104" w="144" /><ent r="3" t="104" w="160" /><ent r="3" t="111" w="43" /><ent r="3" t="112" w="23" /><ent r="3" t="112" w="140" /><ent r="5" t="112" w="1213" /><ent r="5" t="112" w="1275" /><ent r="3" t="114" w="226" /><ent r="4" t="119" w="91" /><ent r="3" t="121" w="70" /><ent r="3" t="121" w="618" /><ent r="3" t="121" w="646" /><ent r="3" t="122" w="24" /><ent r="3" t="122" w="32" /><ent r="4" t="122" w="235" /><ent r="4" t="123" w="117" /><ent r="4" t="124" w="137" /><ent r="4" t="125" w="145" /><ent r="3" t="129" w="100" /><ent r="3" t="131" w="139" /><ent r="3" t="169" w="65" /><ent r="3" t="177" w="61" /><ent r="3" t="188" w="132" /><ent r="3" t="190" w="251" /><ent r="3" t="190" w="269" /><ent r="3" t="231" w="68" /><ent r="4" t="238" w="387" /><ent r="3" t="246" w="205" /><ent r="64" t="263" w="22" /><ent r="3" t="274" w="69" /><ent r="3" t="290" w="61" /><ent r="3" t="292" w="44" /><ent r="3" t="292" w="119" /><ent r="3" t="292" w="157" /><ent r="3" t="292" w="176" /><ent r="3" t="315" w="154" /></phr><phr n="Value"><ent r="92" t="18" w="343" /><ent r="5" t="64" w="198" /><ent r="5" t="64" w="253" /><ent r="3" t="218" w="39" /></phr><phr n="Values"><ent r="92" t="24" w="248" /><ent r="1000" t="64" w="4" /><ent r="102" t="64" w="9" /><ent r="1000" t="292" w="3" /><ent r="102" t="292" w="15" /></phr></stem><stem n="vs"><phr n="vs"><ent r="3" t="2" w="617" /></phr><phr n="Vs"><ent r="64" t="38" w="514" /><ent r="1000" t="39" w="2" /><ent r="102" t="39" w="6" /></phr></stem><stem n="refer"><phr n="reference"><ent r="3" t="2" w="618" /><ent r="3" t="9" w="217" /><ent r="3" t="14" w="373" /><ent r="3" t="14" w="385" /><ent r="4" t="14" w="587" /><ent r="4" t="14" w="646" /><ent r="3" t="16" w="122" /><ent r="3" t="24" w="59" /><ent r="3" t="27" w="1053" /><ent r="3" t="28" w="524" /><ent r="3" t="28" w="658" /><ent r="3" t="31" w="304" /><ent r="3" t="31" w="316" /><ent r="4" t="31" w="498" /><ent r="4" t="31" w="539" /><ent r="4" t="38" w="146" /><ent r="4" t="38" w="199" /><ent r="3" t="38" w="527" /><ent r="3" t="39" w="402" /><ent r="3" t="40" w="47" /><ent r="3" t="40" w="79" /><ent r="3" t="40" w="94" /><ent r="3" t="40" w="106" /><ent r="3" t="40" w="136" /><ent r="3" t="40" w="156" /><ent r="3" t="40" w="170" /><ent r="3" t="40" w="173" /><ent r="3" t="40" w="184" /><ent r="3" t="40" w="253" /><ent r="3" t="40" w="286" /><ent r="3" t="40" w="318" /><ent r="4" t="40" w="353" /><ent r="4" t="40" w="385" /><ent r="4" t="42" w="137" /><ent r="4" t="42" w="305" /><ent r="3" t="56" w="187" /><ent r="5" t="56" w="242" /><ent r="5" t="56" w="280" /><ent r="3" t="62" w="143" /><ent r="3" t="62" w="163" /><ent r="3" t="62" w="177" /><ent r="3" t="66" w="101" /><ent r="3" t="66" w="320" /><ent r="3" t="66" w="572" /><ent r="64" t="74" w="43" /><ent r="3" t="89" w="42" /><ent r="4" t="96" w="706" /><ent r="4" t="96" w="718" /><ent r="4" t="96" w="724" /><ent r="4" t="96" w="736" /><ent r="4" t="96" w="742" /><ent r="4" t="96" w="771" /><ent r="4" t="96" w="845" /><ent r="4" t="96" w="860" /><ent r="4" t="96" w="869" /><ent r="4" t="96" w="884" /><ent r="4" t="96" w="893" /><ent r="4" t="96" w="925" /><ent r="3" t="104" w="149" /><ent r="3" t="112" w="1160" /><ent r="5" t="112" w="1218" /><ent r="4" t="112" w="1261" /><ent r="5" t="112" w="1280" /><ent r="4" t="112" w="1333" /><ent r="4" t="132" w="209" /><ent r="4" t="133" w="173" /><ent r="65" t="133" w="435" /><ent r="64" t="139" w="14" /><ent r="3" t="139" w="29" /><ent r="4" t="139" w="73" /><ent r="4" t="139" w="94" /><ent r="3" t="139" w="123" /><ent r="6" t="143" w="393" /><ent r="3" t="144" w="162" /><ent r="4" t="171" w="58" /><ent r="4" t="171" w="87" /><ent r="3" t="172" w="40" /><ent r="3" t="218" w="35" /><ent r="64" t="227" w="20" /><ent r="3" t="227" w="41" /><ent r="3" t="228" w="19" /><ent r="3" t="229" w="30" /><ent r="3" t="229" w="257" /><ent r="64" t="233" w="117" /><ent r="3" t="233" w="148" /><ent r="3" t="233" w="189" /><ent r="3" t="233" w="345" /><ent r="3" t="240" w="360" /><ent r="3" t="240" w="657" /><ent r="64" t="243" w="115" /><ent r="3" t="244" w="347" /><ent r="3" t="244" w="352" /><ent r="3" t="254" w="39" /><ent r="3" t="256" w="78" /><ent r="3" t="265" w="91" /><ent r="3" t="271" w="39" /><ent r="3" t="275" w="556" /><ent r="5" t="277" w="185" /><ent r="5" t="277" w="238" /><ent r="3" t="303" w="30" /><ent r="4" t="308" w="108" /><ent r="4" t="308" w="346" /></phr><phr n="refer"><ent r="3" t="3" w="176" /><ent r="3" t="93" w="162" /><ent r="3" t="269" w="102" /></phr><phr n="referred"><ent r="3" t="7" w="562" /><ent r="3" t="211" w="17" /><ent r="3" t="212" w="17" /></phr><phr n="References"><ent r="5" t="9" w="359" /><ent r="64" t="40" w="258" /><ent r="1000" t="172" w="3" /><ent r="102" t="172" w="7" /></phr><phr n="Reference"><ent r="5" t="9" w="367" /><ent r="82" t="14" w="526" /><ent r="82" t="31" w="455" /><ent r="100" t="38" w="6" /><ent r="64" t="38" w="537" /><ent r="1000" t="40" w="2" /><ent r="100" t="40" w="6" /><ent r="100" t="40" w="9" /><ent r="102" t="40" w="13" /><ent r="92" t="40" w="146" /><ent r="64" t="40" w="243" /><ent r="92" t="40" w="307" /><ent r="92" t="56" w="163" /><ent r="4" t="56" w="264" /><ent r="4" t="56" w="307" /><ent r="65" t="132" w="202" /><ent r="65" t="133" w="166" /><ent r="1000" t="139" w="2" /><ent r="102" t="139" w="6" /><ent r="92" t="139" w="44" /><ent r="1000" t="171" w="2" /><ent r="102" t="171" w="7" /><ent r="1000" t="227" w="1" /><ent r="102" t="227" w="8" /><ent r="4" t="227" w="164" /><ent r="4" t="227" w="253" /><ent r="3" t="265" w="771" /></phr><phr n="references"><ent r="3" t="14" w="363" /><ent r="3" t="14" w="535" /><ent r="4" t="25" w="47" /><ent r="3" t="31" w="294" /><ent r="3" t="31" w="464" /><ent r="3" t="39" w="117" /><ent r="3" t="39" w="133" /><ent r="3" t="40" w="153" /><ent r="3" t="40" w="165" /><ent r="3" t="40" w="232" /><ent r="3" t="40" w="264" /><ent r="64" t="40" w="330" /><ent r="3" t="41" w="128" /><ent r="5" t="42" w="827" /><ent r="5" t="42" w="880" /><ent r="3" t="43" w="63" /><ent r="5" t="93" w="119" /><ent r="3" t="112" w="1202" /><ent r="3" t="112" w="1378" /><ent r="3" t="114" w="23" /><ent r="3" t="122" w="378" /><ent r="4" t="123" w="129" /><ent r="3" t="124" w="315" /><ent r="3" t="125" w="325" /><ent r="4" t="139" w="111" /><ent r="3" t="139" w="117" /><ent r="3" t="139" w="130" /><ent r="3" t="139" w="143" /><ent r="6" t="143" w="409" /><ent r="3" t="165" w="138" /><ent r="64" t="171" w="17" /><ent r="3" t="171" w="27" /><ent r="3" t="172" w="14" /><ent r="3" t="172" w="48" /><ent r="4" t="172" w="76" /><ent r="4" t="172" w="103" /><ent r="4" t="211" w="43" /><ent r="4" t="211" w="79" /><ent r="4" t="212" w="64" /><ent r="4" t="212" w="100" /><ent r="4" t="213" w="90" /><ent r="4" t="213" w="126" /><ent r="3" t="240" w="16" /><ent r="3" t="240" w="114" /><ent r="5" t="254" w="107" /><ent r="5" t="254" w="233" /><ent r="3" t="274" w="301" /><ent r="3" t="285" w="96" /><ent r="3" t="302" w="78" /></phr><phr n="refers"><ent r="4" t="33" w="174" /><ent r="3" t="240" w="331" /></phr></stem><stem n="type"><phr n="types"><ent r="3" t="2" w="619" /><ent r="3" t="20" w="277" /><ent r="3" t="26" w="189" /><ent r="3" t="28" w="22" /><ent r="4" t="53" w="471" /><ent r="4" t="53" w="701" /><ent r="4" t="53" w="717" /><ent r="3" t="62" w="21" /><ent r="3" t="62" w="35" /><ent r="3" t="62" w="51" /><ent r="3" t="62" w="200" /><ent r="3" t="65" w="204" /><ent r="64" t="69" w="380" /><ent r="6" t="92" w="111" /><ent r="6" t="92" w="145" /><ent r="3" t="103" w="60" /><ent r="3" t="103" w="67" /><ent r="3" t="103" w="82" /><ent r="4" t="103" w="87" /><ent r="4" t="103" w="129" /><ent r="3" t="103" w="142" /><ent r="3" t="104" w="150" /><ent r="3" t="104" w="161" /><ent r="3" t="111" w="13" /><ent r="3" t="111" w="46" /><ent r="3" t="111" w="79" /><ent r="3" t="112" w="233" /><ent r="4" t="113" w="97" /><ent r="3" t="114" w="135" /><ent r="3" t="114" w="173" /><ent r="3" t="114" w="260" /><ent r="3" t="114" w="706" /><ent r="3" t="114" w="959" /><ent r="4" t="114" w="1017" /><ent r="3" t="116" w="42" /><ent r="3" t="121" w="592" /><ent r="3" t="126" w="26" /><ent r="4" t="147" w="109" /><ent r="3" t="147" w="165" /><ent r="64" t="147" w="177" /><ent r="3" t="169" w="28" /><ent r="3" t="210" w="53" /><ent r="3" t="213" w="33" /><ent r="3" t="218" w="36" /><ent r="3" t="218" w="40" /><ent r="3" t="254" w="36" /><ent r="3" t="254" w="40" /><ent r="4" t="269" w="99" /><ent r="65" t="274" w="341" /><ent r="3" t="274" w="424" /><ent r="3" t="283" w="225" /><ent r="3" t="285" w="90" /><ent r="6" t="299" w="260" /></phr><phr n="type"><ent r="3" t="7" w="265" /><ent r="3" t="7" w="583" /><ent r="3" t="14" w="387" /><ent r="3" t="14" w="393" /><ent r="3" t="14" w="397" /><ent r="3" t="14" w="403" /><ent r="5" t="14" w="416" /><ent r="5" t="14" w="424" /><ent r="5" t="14" w="471" /><ent r="5" t="14" w="479" /><ent r="5" t="14" w="545" /><ent r="5" t="14" w="553" /><ent r="5" t="14" w="598" /><ent r="5" t="14" w="606" /><ent r="3" t="15" w="377" /><ent r="3" t="20" w="284" /><ent r="3" t="24" w="387" /><ent r="4" t="24" w="407" /><ent r="4" t="24" w="447" /><ent r="3" t="24" w="468" /><ent r="4" t="24" w="485" /><ent r="4" t="24" w="489" /><ent r="4" t="24" w="517" /><ent r="4" t="24" w="521" /><ent r="3" t="27" w="104" /><ent r="3" t="27" w="111" /><ent r="3" t="27" w="1054" /><ent r="3" t="28" w="659" /><ent r="64" t="28" w="914" /><ent r="3" t="31" w="318" /><ent r="3" t="31" w="324" /><ent r="3" t="31" w="328" /><ent r="3" t="31" w="336" /><ent r="5" t="31" w="348" /><ent r="5" t="31" w="356" /><ent r="5" t="31" w="402" /><ent r="5" t="31" w="410" /><ent r="3" t="31" w="926" /><ent r="64" t="31" w="975" /><ent r="5" t="31" w="979" /><ent r="5" t="31" w="994" /><ent r="5" t="31" w="1039" /><ent r="5" t="31" w="1054" /><ent r="3" t="32" w="92" /><ent r="4" t="52" w="58" /><ent r="4" t="53" w="499" /><ent r="6" t="53" w="515" /><ent r="6" t="53" w="593" /><ent r="3" t="65" w="249" /><ent r="3" t="70" w="84" /><ent r="5" t="70" w="362" /><ent r="5" t="70" w="425" /><ent r="5" t="70" w="499" /><ent r="5" t="70" w="577" /><ent r="3" t="70" w="618" /><ent r="6" t="92" w="130" /><ent r="6" t="92" w="345" /><ent r="3" t="103" w="49" /><ent r="3" t="103" w="71" /><ent r="4" t="103" w="120" /><ent r="4" t="103" w="153" /><ent r="4" t="103" w="175" /><ent r="64" t="103" w="228" /><ent r="64" t="104" w="200" /><ent r="4" t="105" w="82" /><ent r="3" t="106" w="13" /><ent r="3" t="106" w="208" /><ent r="3" t="106" w="319" /><ent r="3" t="111" w="28" /><ent r="3" t="111" w="52" /><ent r="3" t="114" w="127" /><ent r="3" t="114" w="237" /><ent r="3" t="114" w="256" /><ent r="5" t="114" w="357" /><ent r="5" t="114" w="567" /><ent r="3" t="114" w="688" /><ent r="3" t="114" w="720" /><ent r="4" t="114" w="751" /><ent r="4" t="114" w="804" /><ent r="4" t="114" w="871" /><ent r="4" t="114" w="895" /><ent r="4" t="114" w="915" /><ent r="4" t="114" w="942" /><ent r="4" t="115" w="58" /><ent r="4" t="115" w="65" /><ent r="3" t="116" w="38" /><ent r="3" t="116" w="60" /><ent r="3" t="116" w="80" /><ent r="5" t="116" w="103" /><ent r="5" t="116" w="126" /><ent r="4" t="116" w="175" /><ent r="4" t="116" w="212" /><ent r="3" t="116" w="223" /><ent r="3" t="117" w="36" /><ent r="3" t="117" w="60" /><ent r="3" t="117" w="670" /><ent r="3" t="117" w="691" /><ent r="4" t="117" w="725" /><ent r="4" t="117" w="762" /><ent r="3" t="117" w="781" /><ent r="3" t="118" w="134" /><ent r="3" t="118" w="150" /><ent r="3" t="118" w="174" /><ent r="3" t="121" w="37" /><ent r="3" t="121" w="65" /><ent r="3" t="121" w="100" /><ent r="3" t="121" w="105" /><ent r="3" t="121" w="155" /><ent r="4" t="121" w="179" /><ent r="4" t="121" w="215" /><ent r="3" t="121" w="235" /><ent r="3" t="121" w="242" /><ent r="5" t="121" w="285" /><ent r="5" t="121" w="302" /><ent r="4" t="121" w="373" /><ent r="5" t="121" w="443" /><ent r="5" t="121" w="465" /><ent r="4" t="121" w="569" /><ent r="3" t="122" w="15" /><ent r="3" t="122" w="53" /><ent r="3" t="122" w="60" /><ent r="3" t="122" w="73" /><ent r="4" t="122" w="107" /><ent r="4" t="122" w="128" /><ent r="3" t="122" w="148" /><ent r="3" t="122" w="155" /><ent r="4" t="124" w="217" /><ent r="4" t="124" w="295" /><ent r="4" t="125" w="225" /><ent r="4" t="125" w="305" /><ent r="3" t="127" w="103" /><ent r="4" t="130" w="146" /><ent r="4" t="130" w="154" /><ent r="4" t="130" w="160" /><ent r="4" t="130" w="388" /><ent r="4" t="130" w="409" /><ent r="4" t="130" w="415" /><ent r="3" t="140" w="158" /><ent r="4" t="141" w="182" /><ent r="4" t="141" w="190" /><ent r="4" t="141" w="306" /><ent r="4" t="141" w="320" /><ent r="4" t="147" w="96" /><ent r="3" t="147" w="145" /><ent r="3" t="147" w="155" /><ent r="3" t="147" w="213" /><ent r="5" t="147" w="261" /><ent r="5" t="147" w="339" /><ent r="3" t="162" w="13" /><ent r="3" t="162" w="30" /><ent r="3" t="162" w="40" /><ent r="3" t="190" w="365" /><ent r="3" t="209" w="106" /><ent r="3" t="209" w="113" /><ent r="6" t="209" w="220" /><ent r="6" t="209" w="282" /><ent r="6" t="209" w="288" /><ent r="6" t="209" w="302" /><ent r="6" t="209" w="319" /><ent r="3" t="214" w="22" /><ent r="3" t="214" w="28" /><ent r="3" t="215" w="13" /><ent r="4" t="215" w="45" /><ent r="4" t="215" w="80" /><ent r="3" t="216" w="18" /><ent r="3" t="217" w="18" /><ent r="4" t="219" w="48" /><ent r="4" t="219" w="83" /><ent r="3" t="220" w="17" /><ent r="3" t="220" w="32" /><ent r="4" t="220" w="61" /><ent r="4" t="220" w="98" /><ent r="3" t="223" w="74" /><ent r="3" t="223" w="81" /><ent r="64" t="244" w="423" /><ent r="8" t="247" w="164" /><ent r="4" t="257" w="72" /><ent r="4" t="257" w="87" /><ent r="4" t="257" w="108" /><ent r="3" t="267" w="122" /><ent r="64" t="273" w="122" /><ent r="4" t="278" w="160" /><ent r="4" t="278" w="172" /><ent r="4" t="278" w="177" /><ent r="3" t="281" w="281" /><ent r="3" t="285" w="81" /><ent r="3" t="285" w="198" /><ent r="3" t="291" w="53" /><ent r="3" t="291" w="102" /><ent r="3" t="292" w="259" /><ent r="3" t="292" w="284" /><ent r="6" t="299" w="332" /><ent r="6" t="300" w="115" /></phr><phr n="typed"><ent r="3" t="11" w="101" /><ent r="4" t="31" w="1029" /><ent r="4" t="31" w="1091" /><ent r="3" t="112" w="124" /><ent r="3" t="121" w="74" /><ent r="3" t="121" w="127" /></phr><phr n="Type"><ent r="92" t="24" w="372" /><ent r="92" t="27" w="69" /><ent r="4" t="27" w="133" /><ent r="4" t="27" w="173" /><ent r="64" t="65" w="256" /><ent r="4" t="99" w="282" /><ent r="4" t="99" w="339" /><ent r="4" t="99" w="348" /><ent r="4" t="99" w="365" /><ent r="4" t="99" w="464" /><ent r="4" t="99" w="530" /><ent r="1000" t="103" w="1" /><ent r="100" t="103" w="4" /><ent r="102" t="103" w="7" /><ent r="100" t="107" w="5" /><ent r="4" t="114" w="367" /><ent r="4" t="114" w="583" /><ent r="3" t="116" w="251" /><ent r="64" t="118" w="160" /><ent r="1000" t="121" w="2" /><ent r="100" t="121" w="8" /><ent r="100" t="121" w="14" /><ent r="102" t="121" w="17" /><ent r="64" t="122" w="38" /><ent r="4" t="130" w="145" /><ent r="4" t="130" w="392" /><ent r="4" t="141" w="157" /><ent r="4" t="141" w="181" /><ent r="4" t="141" w="228" /><ent r="4" t="141" w="263" /><ent r="4" t="141" w="278" /><ent r="4" t="141" w="310" /><ent r="1000" t="162" w="2" /><ent r="102" t="162" w="6" /><ent r="92" t="190" w="293" /><ent r="6" t="299" w="240" /></phr><phr n="Typed"><ent r="92" t="28" w="868" /></phr><phr n="Types"><ent r="1000" t="62" w="1" /><ent r="102" t="62" w="8" /><ent r="92" t="62" w="26" /><ent r="92" t="62" w="179" /><ent r="92" t="103" w="63" /><ent r="92" t="103" w="132" /><ent r="64" t="126" w="232" /><ent r="1000" t="127" w="2" /><ent r="100" t="127" w="7" /><ent r="102" t="127" w="10" /><ent r="92" t="140" w="147" /></phr></stem></index>