﻿<?xml version="1.0" encoding="utf-8"?><index><stem n="session-contain"><phr n="session-container"><ent r="5" t="34" w="583" /><ent r="5" t="34" w="649" /><ent r="5" t="66" w="197" /><ent r="5" t="66" w="263" /><ent r="3" t="66" w="374" /><ent r="5" t="229" w="128" /><ent r="5" t="229" w="194" /><ent r="64" t="229" w="249" /><ent r="3" t="233" w="340" /><ent r="3" t="233" w="371" /><ent r="3" t="233" w="597" /><ent r="3" t="256" w="71" /><ent r="5" t="256" w="130" /><ent r="5" t="256" w="196" /><ent r="5" t="256" w="278" /><ent r="5" t="256" w="344" /></phr><phr n="session-containers"><ent r="64" t="38" w="244" /><ent r="3" t="66" w="303" /><ent r="3" t="233" w="378" /><ent r="5" t="265" w="570" /></phr></stem><stem n="session.stor"><phr n="session.Store"><ent r="4" t="34" w="587" /><ent r="4" t="34" w="586" /><ent r="4" t="34" w="653" /><ent r="4" t="34" w="652" /><ent r="4" t="66" w="201" /><ent r="4" t="66" w="200" /><ent r="4" t="66" w="267" /><ent r="4" t="66" w="266" /><ent r="4" t="256" w="134" /><ent r="4" t="256" w="133" /><ent r="4" t="256" w="200" /><ent r="4" t="256" w="199" /></phr></stem><stem n="db4osess"><phr n="Db4oSessions"><ent r="4" t="34" w="596" /><ent r="4" t="34" w="670" /><ent r="4" t="66" w="210" /><ent r="4" t="66" w="284" /><ent r="4" t="66" w="477" /><ent r="4" t="66" w="549" /><ent r="4" t="66" w="656" /><ent r="4" t="66" w="744" /><ent r="4" t="229" w="141" /><ent r="4" t="229" w="215" /><ent r="4" t="256" w="143" /><ent r="4" t="256" w="217" /><ent r="4" t="256" w="291" /><ent r="4" t="256" w="365" /></phr></stem><stem n="db4osessions.c"><phr n="Db4oSessions.cs"><ent r="4" t="34" w="597" /><ent r="4" t="34" w="596" /><ent r="4" t="66" w="211" /><ent r="4" t="66" w="210" /><ent r="4" t="66" w="478" /><ent r="4" t="66" w="477" /><ent r="4" t="66" w="657" /><ent r="4" t="66" w="656" /><ent r="4" t="229" w="142" /><ent r="4" t="229" w="141" /><ent r="4" t="256" w="144" /><ent r="4" t="256" w="143" /><ent r="4" t="256" w="292" /><ent r="4" t="256" w="291" /></phr></stem><stem n=".openfile(databasefilename)"><phr n=".OpenFile(DatabaseFileName)"><ent r="4" t="34" w="618" /><ent r="4" t="66" w="232" /><ent r="4" t="256" w="165" /></phr></stem><stem n=".ext().opensession()"><phr n=".Ext().OpenSession()"><ent r="4" t="34" w="643" /><ent r="4" t="66" w="257" /><ent r="4" t="76" w="285" /><ent r="4" t="76" w="453" /><ent r="4" t="227" w="485" /><ent r="4" t="227" w="509" /><ent r="4" t="233" w="561" /><ent r="4" t="256" w="190" /></phr></stem><stem n="db4osessions.vb"><phr n="Db4oSessions.vb"><ent r="4" t="34" w="671" /><ent r="4" t="34" w="670" /><ent r="4" t="66" w="285" /><ent r="4" t="66" w="284" /><ent r="4" t="66" w="550" /><ent r="4" t="66" w="549" /><ent r="4" t="66" w="745" /><ent r="4" t="66" w="744" /><ent r="4" t="229" w="216" /><ent r="4" t="229" w="215" /><ent r="4" t="256" w="218" /><ent r="4" t="256" w="217" /><ent r="4" t="256" w="366" /><ent r="4" t="256" w="365" /></phr></stem><stem n="impos"><phr n="imposes"><ent r="3" t="35" w="8" /><ent r="3" t="169" w="59" /></phr><phr n="impose"><ent r="3" t="172" w="32" /><ent r="3" t="275" w="578" /></phr></stem><stem n="interfer"><phr n="interfere"><ent r="3" t="35" w="16" /><ent r="3" t="66" w="79" /><ent r="3" t="66" w="332" /></phr></stem><stem n="wikipedia"><phr n="Wikipedia"><ent r="64" t="35" w="36" /></phr></stem><stem n="weak"><phr n="weak"><ent r="3" t="35" w="57" /><ent r="3" t="40" w="152" /><ent r="3" t="40" w="231" /><ent r="3" t="40" w="252" /><ent r="64" t="40" w="329" /><ent r="3" t="139" w="129" /><ent r="6" t="143" w="392" /><ent r="6" t="143" w="408" /><ent r="64" t="171" w="16" /><ent r="3" t="171" w="26" /><ent r="4" t="171" w="57" /><ent r="4" t="171" w="86" /><ent r="3" t="172" w="13" /><ent r="3" t="172" w="39" /><ent r="4" t="172" w="75" /><ent r="4" t="172" w="102" /></phr><phr n="Weak"><ent r="92" t="40" w="145" /><ent r="64" t="40" w="242" /><ent r="64" t="40" w="257" /><ent r="1000" t="171" w="1" /><ent r="102" t="171" w="6" /><ent r="1000" t="172" w="2" /><ent r="102" t="172" w="6" /></phr></stem><stem n="uncommit"><phr n="uncommitted"><ent r="3" t="35" w="66" /><ent r="3" t="166" w="155" /><ent r="5" t="166" w="256" /></phr></stem><stem n="guarante"><phr n="guarantee"><ent r="3" t="35" w="75" /></phr><phr n="guaranteed"><ent r="3" t="36" w="82" /><ent r="3" t="305" w="88" /></phr><phr n="guarantees"><ent r="3" t="73" w="169" /><ent r="3" t="174" w="210" /></phr></stem><stem n="account"><phr n="accounts"><ent r="3" t="35" w="96" /><ent r="3" t="35" w="103" /><ent r="4" t="35" w="186" /><ent r="4" t="35" w="272" /><ent r="3" t="76" w="576" /><ent r="3" t="76" w="583" /><ent r="4" t="76" w="666" /><ent r="4" t="76" w="752" /></phr><phr n="account"><ent r="4" t="35" w="135" /><ent r="5" t="35" w="144" /><ent r="4" t="35" w="148" /><ent r="4" t="35" w="152" /><ent r="4" t="35" w="233" /><ent r="5" t="35" w="246" /><ent r="4" t="35" w="249" /><ent r="4" t="35" w="253" /><ent r="3" t="35" w="296" /><ent r="3" t="35" w="441" /><ent r="3" t="35" w="446" /><ent r="4" t="76" w="615" /><ent r="5" t="76" w="624" /><ent r="4" t="76" w="628" /><ent r="4" t="76" w="632" /><ent r="4" t="76" w="713" /><ent r="5" t="76" w="726" /><ent r="4" t="76" w="729" /><ent r="4" t="76" w="733" /><ent r="3" t="76" w="776" /><ent r="3" t="76" w="921" /><ent r="3" t="76" w="926" /><ent r="3" t="166" w="165" /><ent r="4" t="166" w="239" /></phr></stem><stem n="moneyinouraccount"><phr n="moneyInOurAccounts"><ent r="4" t="35" w="112" /><ent r="4" t="35" w="150" /><ent r="4" t="35" w="175" /><ent r="4" t="35" w="201" /><ent r="4" t="35" w="251" /><ent r="4" t="76" w="592" /><ent r="4" t="76" w="630" /><ent r="4" t="76" w="655" /><ent r="4" t="76" w="681" /><ent r="4" t="76" w="731" /></phr></stem><stem n="bankaccount"><phr n="bankAccounts"><ent r="4" t="35" w="117" /><ent r="4" t="35" w="139" /><ent r="4" t="35" w="177" /><ent r="4" t="35" w="211" /><ent r="4" t="35" w="241" /><ent r="4" t="35" w="304" /><ent r="4" t="35" w="322" /><ent r="4" t="35" w="329" /><ent r="4" t="35" w="367" /><ent r="4" t="35" w="388" /><ent r="4" t="35" w="395" /><ent r="4" t="76" w="597" /><ent r="4" t="76" w="619" /><ent r="4" t="76" w="657" /><ent r="4" t="76" w="691" /><ent r="4" t="76" w="721" /><ent r="4" t="76" w="784" /><ent r="4" t="76" w="802" /><ent r="4" t="76" w="809" /><ent r="4" t="76" w="847" /><ent r="4" t="76" w="868" /><ent r="4" t="76" w="875" /></phr><phr n="BankAccount"><ent r="4" t="35" w="121" /><ent r="4" t="35" w="134" /><ent r="4" t="35" w="219" /><ent r="4" t="35" w="237" /><ent r="4" t="35" w="308" /><ent r="4" t="35" w="375" /><ent r="4" t="76" w="601" /><ent r="4" t="76" w="614" /><ent r="4" t="76" w="699" /><ent r="4" t="76" w="717" /><ent r="4" t="76" w="788" /><ent r="4" t="76" w="855" /></phr></stem><stem n="b"><phr n="b"><ent r="4" t="35" w="122" /><ent r="4" t="35" w="130" /><ent r="4" t="35" w="215" /><ent r="4" t="35" w="227" /><ent r="4" t="35" w="309" /><ent r="4" t="35" w="317" /><ent r="4" t="35" w="371" /><ent r="4" t="35" w="383" /><ent r="4" t="76" w="602" /><ent r="4" t="76" w="610" /><ent r="4" t="76" w="695" /><ent r="4" t="76" w="707" /><ent r="4" t="76" w="789" /><ent r="4" t="76" w="797" /><ent r="4" t="76" w="851" /><ent r="4" t="76" w="863" /></phr><phr n="B"><ent r="3" t="109" w="29" /><ent r="6" t="143" w="167" /><ent r="1000" t="150" w="1" /><ent r="102" t="150" w="6" /><ent r="3" t="150" w="13" /><ent r="3" t="150" w="24" /><ent r="3" t="150" w="44" /><ent r="3" t="150" w="71" /><ent r="64" t="150" w="86" /><ent r="3" t="150" w="97" /><ent r="3" t="150" w="148" /><ent r="3" t="150" w="168" /><ent r="4" t="150" w="195" /><ent r="4" t="150" w="223" /><ent r="3" t="179" w="329" /><ent r="3" t="179" w="338" /><ent r="3" t="179" w="377" /><ent r="4" t="224" w="146" /><ent r="4" t="224" w="176" /><ent r="4" t="224" w="239" /><ent r="4" t="224" w="270" /><ent r="92" t="282" w="385" /><ent r="3" t="282" w="403" /></phr></stem><stem n="(bankaccount"><phr n="(BankAccount"><ent r="4" t="35" w="134" /><ent r="4" t="76" w="614" /></phr></stem><stem n="&quot;thi"><phr n="&quot;This"><ent r="5" t="35" w="143" /><ent r="5" t="35" w="245" /><ent r="5" t="60" w="222" /><ent r="5" t="60" w="293" /><ent r="5" t="76" w="623" /><ent r="5" t="76" w="725" /><ent r="5" t="281" w="365" /><ent r="5" t="281" w="481" /></phr></stem><stem n="account.monei"><phr n="account.Money"><ent r="4" t="35" w="149" /><ent r="4" t="35" w="148" /><ent r="4" t="35" w="153" /><ent r="4" t="35" w="152" /><ent r="4" t="35" w="250" /><ent r="4" t="35" w="249" /><ent r="4" t="35" w="254" /><ent r="4" t="35" w="253" /><ent r="4" t="76" w="629" /><ent r="4" t="76" w="628" /><ent r="4" t="76" w="633" /><ent r="4" t="76" w="632" /><ent r="4" t="76" w="730" /><ent r="4" t="76" w="729" /><ent r="4" t="76" w="734" /><ent r="4" t="76" w="733" /></phr></stem><stem n="monei"><phr n="Money"><ent r="4" t="35" w="149" /><ent r="4" t="35" w="153" /><ent r="4" t="35" w="250" /><ent r="4" t="35" w="254" /><ent r="4" t="76" w="629" /><ent r="4" t="76" w="633" /><ent r="4" t="76" w="730" /><ent r="4" t="76" w="734" /></phr><phr n="money"><ent r="5" t="35" w="167" /><ent r="4" t="35" w="191" /><ent r="4" t="35" w="277" /><ent r="3" t="35" w="292" /><ent r="4" t="35" w="357" /><ent r="4" t="35" w="426" /><ent r="5" t="76" w="647" /><ent r="4" t="76" w="671" /><ent r="4" t="76" w="757" /><ent r="3" t="76" w="772" /><ent r="4" t="76" w="837" /><ent r="4" t="76" w="906" /></phr></stem><stem n=".money);"><phr n=".Money);"><ent r="4" t="35" w="150" /><ent r="4" t="76" w="630" /></phr></stem><stem n=".money;"><phr n=".Money;"><ent r="4" t="35" w="154" /><ent r="4" t="76" w="634" /></phr></stem><stem n="movemoneytransactionfinish"><phr n="MoveMoneyTransactionFinishes"><ent r="4" t="35" w="154" /><ent r="4" t="35" w="255" /><ent r="4" t="76" w="634" /><ent r="4" t="76" w="735" /></phr></stem><stem n="answer"><phr n="answer"><ent r="5" t="35" w="160" /><ent r="5" t="35" w="263" /><ent r="5" t="76" w="640" /><ent r="5" t="76" w="743" /><ent r="3" t="236" w="278" /><ent r="3" t="261" w="34" /></phr></stem><stem n="{0}."><phr n="{0}."><ent r="5" t="35" w="171" /><ent r="5" t="76" w="651" /></phr></stem><stem n="{1}&quot;"><phr n="{1}&quot;"><ent r="5" t="35" w="174" /><ent r="5" t="50" w="528" /><ent r="5" t="50" w="581" /><ent r="5" t="76" w="654" /></phr></stem><stem n="initialmoneyononeaccount"><phr n="InitialMoneyOnOneAccount"><ent r="4" t="35" w="176" /><ent r="4" t="76" w="656" /></phr></stem><stem n="bankaccounts.count"><phr n="bankAccounts.Count"><ent r="4" t="35" w="178" /><ent r="4" t="35" w="177" /><ent r="4" t="76" w="658" /><ent r="4" t="76" w="657" /></phr></stem><stem n="*bankaccounts.count());"><phr n="*bankAccounts.Count());"><ent r="4" t="35" w="179" /><ent r="4" t="76" w="659" /></phr></stem><stem n="inconsistentstateread"><phr n="InconsistentStateRead"><ent r="4" t="35" w="180" /><ent r="4" t="35" w="266" /><ent r="4" t="35" w="352" /><ent r="4" t="35" w="421" /><ent r="4" t="76" w="660" /><ent r="4" t="76" w="746" /><ent r="4" t="76" w="832" /><ent r="4" t="76" w="901" /></phr></stem><stem n="inconsistentstateread.c"><phr n="InconsistentStateRead.cs"><ent r="4" t="35" w="181" /><ent r="4" t="35" w="180" /><ent r="4" t="35" w="353" /><ent r="4" t="35" w="352" /><ent r="4" t="76" w="661" /><ent r="4" t="76" w="660" /><ent r="4" t="76" w="833" /><ent r="4" t="76" w="832" /></phr></stem><stem n=".money)"><phr n=".Money)"><ent r="4" t="35" w="251" /><ent r="4" t="76" w="731" /></phr></stem><stem n=".monei"><phr n=".Money"><ent r="4" t="35" w="254" /><ent r="4" t="76" w="734" /></phr></stem><stem n="inconsistentstateread.vb"><phr n="InconsistentStateRead.vb"><ent r="4" t="35" w="267" /><ent r="4" t="35" w="266" /><ent r="4" t="35" w="422" /><ent r="4" t="35" w="421" /><ent r="4" t="76" w="747" /><ent r="4" t="76" w="746" /><ent r="4" t="76" w="902" /><ent r="4" t="76" w="901" /></phr></stem><stem n="debitaccount"><phr n="debitAccount"><ent r="4" t="35" w="321" /><ent r="4" t="35" w="340" /><ent r="4" t="35" w="345" /><ent r="4" t="35" w="387" /><ent r="4" t="35" w="411" /><ent r="4" t="35" w="416" /><ent r="4" t="76" w="801" /><ent r="4" t="76" w="820" /><ent r="4" t="76" w="825" /><ent r="4" t="76" w="867" /><ent r="4" t="76" w="891" /><ent r="4" t="76" w="896" /></phr></stem><stem n="bankaccounts.elementat"><phr n="bankAccounts.ElementAt"><ent r="4" t="35" w="323" /><ent r="4" t="35" w="322" /><ent r="4" t="35" w="330" /><ent r="4" t="35" w="329" /><ent r="4" t="35" w="389" /><ent r="4" t="35" w="388" /><ent r="4" t="35" w="396" /><ent r="4" t="35" w="395" /><ent r="4" t="76" w="803" /><ent r="4" t="76" w="802" /><ent r="4" t="76" w="810" /><ent r="4" t="76" w="809" /><ent r="4" t="76" w="869" /><ent r="4" t="76" w="868" /><ent r="4" t="76" w="876" /><ent r="4" t="76" w="875" /></phr></stem><stem n="elementat"><phr n="ElementAt"><ent r="4" t="35" w="323" /><ent r="4" t="35" w="330" /><ent r="4" t="35" w="389" /><ent r="4" t="35" w="396" /><ent r="4" t="76" w="803" /><ent r="4" t="76" w="810" /><ent r="4" t="76" w="869" /><ent r="4" t="76" w="876" /></phr></stem><stem n=".elementat(0);"><phr n=".ElementAt(0);"><ent r="4" t="35" w="325" /><ent r="4" t="76" w="805" /></phr></stem><stem n="creditaccount"><phr n="creditAccount"><ent r="4" t="35" w="328" /><ent r="4" t="35" w="337" /><ent r="4" t="35" w="348" /><ent r="4" t="35" w="394" /><ent r="4" t="35" w="408" /><ent r="4" t="35" w="419" /><ent r="4" t="76" w="808" /><ent r="4" t="76" w="817" /><ent r="4" t="76" w="828" /><ent r="4" t="76" w="874" /><ent r="4" t="76" w="888" /><ent r="4" t="76" w="899" /></phr></stem><stem n=".elementat(1);"><phr n=".ElementAt(1);"><ent r="4" t="35" w="332" /><ent r="4" t="76" w="812" /></phr></stem><stem n="moneytotransf"><phr n="moneyToTransfer"><ent r="4" t="35" w="335" /><ent r="4" t="35" w="339" /><ent r="4" t="35" w="342" /><ent r="4" t="35" w="401" /><ent r="4" t="35" w="410" /><ent r="4" t="35" w="413" /><ent r="4" t="76" w="815" /><ent r="4" t="76" w="819" /><ent r="4" t="76" w="822" /><ent r="4" t="76" w="881" /><ent r="4" t="76" w="890" /><ent r="4" t="76" w="893" /></phr></stem><stem n="200"><phr n="200"><ent r="4" t="35" w="336" /><ent r="4" t="35" w="407" /><ent r="4" t="76" w="816" /><ent r="4" t="76" w="887" /></phr></stem><stem n="creditaccount.withdraw"><phr n="creditAccount.WithDraw"><ent r="4" t="35" w="338" /><ent r="4" t="35" w="337" /><ent r="4" t="35" w="409" /><ent r="4" t="35" w="408" /><ent r="4" t="76" w="818" /><ent r="4" t="76" w="817" /><ent r="4" t="76" w="889" /><ent r="4" t="76" w="888" /></phr></stem><stem n="withdraw"><phr n="WithDraw"><ent r="4" t="35" w="338" /><ent r="4" t="35" w="409" /><ent r="4" t="76" w="818" /><ent r="4" t="76" w="889" /></phr></stem><stem n=".withdraw(moneytotransfer);"><phr n=".WithDraw(moneyToTransfer);"><ent r="4" t="35" w="340" /><ent r="4" t="76" w="820" /></phr></stem><stem n="debitaccount.deposit"><phr n="debitAccount.Deposit"><ent r="4" t="35" w="341" /><ent r="4" t="35" w="340" /><ent r="4" t="35" w="412" /><ent r="4" t="35" w="411" /><ent r="4" t="76" w="821" /><ent r="4" t="76" w="820" /><ent r="4" t="76" w="892" /><ent r="4" t="76" w="891" /></phr></stem><stem n="deposit"><phr n="Deposit"><ent r="4" t="35" w="341" /><ent r="4" t="35" w="412" /><ent r="4" t="76" w="821" /><ent r="4" t="76" w="892" /></phr></stem><stem n=".deposit(moneytotransfer);"><phr n=".Deposit(moneyToTransfer);"><ent r="4" t="35" w="343" /><ent r="4" t="76" w="823" /></phr></stem><stem n=".store(debitaccount);"><phr n=".Store(debitAccount);"><ent r="4" t="35" w="346" /><ent r="4" t="76" w="826" /></phr></stem><stem n=".store(creditaccount);"><phr n=".Store(creditAccount);"><ent r="4" t="35" w="349" /><ent r="4" t="76" w="829" /></phr></stem><stem n="meanwhil"><phr n="Meanwhile"><ent r="4" t="35" w="354" /><ent r="4" t="35" w="423" /><ent r="4" t="76" w="834" /><ent r="4" t="76" w="903" /><ent r="4" t="119" w="88" /></phr><phr n="meanwhile"><ent r="5" t="166" w="287" /></phr></stem><stem n=".elementat(0)"><phr n=".ElementAt(0)"><ent r="4" t="35" w="391" /><ent r="4" t="76" w="871" /></phr></stem><stem n=".elementat(1)"><phr n=".ElementAt(1)"><ent r="4" t="35" w="398" /><ent r="4" t="76" w="878" /></phr></stem><stem n=".withdraw(moneytotransfer)"><phr n=".WithDraw(moneyToTransfer)"><ent r="4" t="35" w="411" /><ent r="4" t="76" w="891" /></phr></stem><stem n=".deposit(moneytotransfer)"><phr n=".Deposit(moneyToTransfer)"><ent r="4" t="35" w="414" /><ent r="4" t="76" w="894" /></phr></stem><stem n=".store(debitaccount)"><phr n=".Store(debitAccount)"><ent r="4" t="35" w="417" /><ent r="4" t="76" w="897" /></phr></stem><stem n=".store(creditaccount)"><phr n=".Store(creditAccount)"><ent r="4" t="35" w="420" /><ent r="4" t="76" w="900" /></phr></stem><stem n="previou"><phr n="previous"><ent r="3" t="35" w="442" /><ent r="5" t="70" w="388" /><ent r="5" t="70" w="530" /><ent r="3" t="76" w="922" /><ent r="3" t="148" w="34" /><ent r="3" t="259" w="63" /><ent r="3" t="290" w="210" /><ent r="64" t="299" w="96" /></phr></stem><stem n="inconsist"><phr n="inconsistent"><ent r="3" t="35" w="457" /><ent r="3" t="73" w="102" /><ent r="3" t="76" w="937" /><ent r="8" t="228" w="168" /></phr><phr n="inconsistencies"><ent r="3" t="281" w="178" /></phr></stem><stem n="view"><phr n="view"><ent r="3" t="35" w="458" /><ent r="4" t="39" w="257" /><ent r="3" t="73" w="212" /><ent r="3" t="76" w="938" /><ent r="3" t="108" w="35" /><ent r="3" t="260" w="232" /><ent r="4" t="260" w="301" /><ent r="3" t="262" w="144" /><ent r="6" t="287" w="20" /><ent r="5" t="288" w="39" /><ent r="3" t="289" w="82" /><ent r="3" t="289" w="204" /><ent r="3" t="290" w="45" /><ent r="3" t="290" w="55" /><ent r="3" t="290" w="111" /><ent r="3" t="290" w="120" /><ent r="3" t="290" w="125" /><ent r="5" t="290" w="256" /><ent r="3" t="291" w="17" /><ent r="5" t="291" w="33" /><ent r="5" t="292" w="54" /><ent r="3" t="292" w="74" /><ent r="3" t="292" w="139" /><ent r="3" t="304" w="56" /></phr><phr n="views"><ent r="3" t="73" w="103" /><ent r="3" t="260" w="221" /></phr><phr n="View"><ent r="4" t="260" w="192" /><ent r="100" t="291" w="7" /><ent r="100" t="292" w="10" /></phr><phr n="Viewing"><ent r="67" t="287" w="134" /><ent r="67" t="287" w="137" /><ent r="1000" t="291" w="1" /><ent r="102" t="291" w="10" /><ent r="1000" t="292" w="1" /><ent r="102" t="292" w="13" /></phr></stem><stem n="danger"><phr n="Dangerous"><ent r="1000" t="36" w="1" /><ent r="102" t="36" w="4" /><ent r="64" t="273" w="165" /><ent r="1000" t="278" w="1" /><ent r="102" t="278" w="4" /></phr><phr n="dangerous"><ent r="3" t="36" w="51" /><ent r="93" t="53" w="682" /><ent r="3" t="191" w="331" /><ent r="3" t="237" w="36" /><ent r="3" t="273" w="156" /></phr></stem><stem n="thing"><phr n="things"><ent r="3" t="36" w="24" /><ent r="3" t="74" w="149" /><ent r="3" t="76" w="77" /><ent r="3" t="230" w="45" /><ent r="3" t="238" w="235" /><ent r="3" t="265" w="70" /></phr><phr n="thing"><ent r="3" t="74" w="1127" /><ent r="3" t="117" w="93" /><ent r="3" t="118" w="21" /><ent r="3" t="133" w="45" /><ent r="3" t="265" w="123" /></phr></stem><stem n="endang"><phr n="endanger"><ent r="3" t="36" w="26" /><ent r="3" t="126" w="49" /></phr><phr n="endangers"><ent r="3" t="36" w="160" /><ent r="4" t="278" w="100" /></phr></stem><stem n="safeti"><phr n="safety"><ent r="3" t="36" w="28" /><ent r="4" t="186" w="114" /></phr></stem><stem n="avoid"><phr n="avoid"><ent r="3" t="36" w="38" /><ent r="3" t="49" w="329" /><ent r="4" t="53" w="713" /><ent r="3" t="55" w="131" /><ent r="3" t="73" w="142" /><ent r="3" t="74" w="1147" /><ent r="3" t="76" w="28" /><ent r="3" t="134" w="289" /><ent r="4" t="140" w="200" /><ent r="3" t="145" w="16" /><ent r="4" t="166" w="351" /><ent r="3" t="167" w="214" /><ent r="3" t="179" w="486" /><ent r="3" t="188" w="220" /><ent r="3" t="191" w="47" /><ent r="3" t="191" w="345" /><ent r="3" t="197" w="73" /><ent r="3" t="198" w="72" /><ent r="3" t="206" w="12" /><ent r="3" t="206" w="68" /><ent r="3" t="213" w="18" /><ent r="3" t="216" w="21" /><ent r="3" t="223" w="306" /><ent r="3" t="233" w="153" /><ent r="3" t="268" w="67" /><ent r="3" t="273" w="162" /><ent r="3" t="275" w="29" /><ent r="4" t="278" w="52" /><ent r="3" t="282" w="214" /></phr><phr n="avoids"><ent r="3" t="40" w="114" /><ent r="3" t="44" w="177" /><ent r="3" t="51" w="124" /><ent r="3" t="200" w="29" /><ent r="3" t="293" w="232" /></phr><phr n="avoiding"><ent r="3" t="167" w="22" /></phr><phr n="Avoid"><ent r="82" t="283" w="173" /></phr></stem><stem n="disabl"><phr n="disabling"><ent r="3" t="36" w="54" /><ent r="3" t="36" w="165" /><ent r="4" t="278" w="53" /></phr><phr n="Disabling"><ent r="4" t="36" w="204" /><ent r="4" t="36" w="224" /><ent r="65" t="278" w="25" /></phr><phr n="disable"><ent r="3" t="40" w="250" /><ent r="3" t="79" w="168" /><ent r="3" t="86" w="25" /><ent r="6" t="143" w="407" /><ent r="3" t="149" w="12" /><ent r="3" t="149" w="42" /><ent r="3" t="151" w="53" /><ent r="3" t="151" w="69" /><ent r="3" t="153" w="49" /><ent r="3" t="153" w="54" /><ent r="3" t="155" w="31" /><ent r="3" t="161" w="45" /><ent r="3" t="170" w="55" /><ent r="3" t="172" w="38" /><ent r="6" t="173" w="225" /><ent r="3" t="182" w="11" /><ent r="4" t="203" w="43" /><ent r="4" t="203" w="72" /><ent r="3" t="214" w="38" /><ent r="4" t="278" w="59" /><ent r="4" t="278" w="87" /></phr><phr n="Disable"><ent r="64" t="40" w="256" /><ent r="64" t="79" w="179" /><ent r="1000" t="86" w="1" /><ent r="102" t="86" w="6" /><ent r="4" t="86" w="55" /><ent r="4" t="86" w="92" /><ent r="6" t="143" w="205" /><ent r="6" t="143" w="224" /><ent r="4" t="149" w="91" /><ent r="4" t="149" w="118" /><ent r="1000" t="151" w="1" /><ent r="102" t="151" w="4" /><ent r="4" t="151" w="99" /><ent r="4" t="151" w="125" /><ent r="1000" t="153" w="1" /><ent r="102" t="153" w="6" /><ent r="4" t="153" w="123" /><ent r="4" t="153" w="150" /><ent r="4" t="155" w="62" /><ent r="4" t="155" w="92" /><ent r="1000" t="161" w="1" /><ent r="102" t="161" w="6" /><ent r="4" t="161" w="73" /><ent r="4" t="161" w="103" /><ent r="4" t="170" w="82" /><ent r="4" t="170" w="111" /><ent r="1000" t="172" w="1" /><ent r="102" t="172" w="5" /><ent r="4" t="172" w="74" /><ent r="4" t="172" w="101" /><ent r="6" t="173" w="181" /><ent r="1000" t="178" w="1" /><ent r="102" t="178" w="5" /><ent r="4" t="178" w="157" /><ent r="4" t="178" w="182" /><ent r="4" t="182" w="81" /><ent r="4" t="182" w="110" /><ent r="6" t="202" w="78" /><ent r="1000" t="214" w="1" /><ent r="102" t="214" w="5" /><ent r="4" t="214" w="60" /><ent r="4" t="214" w="93" /></phr><phr n="disabled"><ent r="3" t="40" w="326" /><ent r="3" t="151" w="84" /><ent r="3" t="172" w="50" /></phr><phr n="disables"><ent r="65" t="186" w="55" /></phr></stem><stem n="file-flush"><phr n="file-flushes"><ent r="3" t="36" w="55" /><ent r="3" t="36" w="73" /><ent r="4" t="174" w="108" /><ent r="4" t="174" w="139" /></phr></stem><stem n="flush"><phr n="flushes"><ent r="3" t="36" w="56" /><ent r="3" t="36" w="74" /><ent r="4" t="174" w="109" /><ent r="4" t="174" w="140" /><ent r="3" t="286" w="47" /></phr><phr n="flushing"><ent r="3" t="36" w="62" /><ent r="4" t="36" w="106" /><ent r="4" t="36" w="144" /><ent r="3" t="174" w="18" /><ent r="3" t="191" w="28" /><ent r="3" t="191" w="60" /><ent r="5" t="191" w="202" /><ent r="4" t="191" w="237" /><ent r="5" t="191" w="270" /><ent r="4" t="191" w="316" /><ent r="65" t="278" w="81" /></phr><phr n="flush"><ent r="3" t="174" w="85" /><ent r="65" t="186" w="58" /><ent r="4" t="278" w="89" /></phr></stem><stem n="-flushes."><phr n="-flushes."><ent r="3" t="36" w="57" /><ent r="3" t="36" w="57" /></phr></stem><stem n="-flush"><phr n="-flushing"><ent r="3" t="36" w="61" /><ent r="3" t="36" w="61" /><ent r="4" t="36" w="105" /><ent r="4" t="36" w="105" /><ent r="4" t="36" w="143" /><ent r="4" t="36" w="143" /><ent r="5" t="191" w="201" /><ent r="5" t="191" w="201" /><ent r="4" t="191" w="236" /><ent r="4" t="191" w="236" /><ent r="5" t="191" w="269" /><ent r="5" t="191" w="269" /><ent r="4" t="191" w="315" /><ent r="4" t="191" w="315" /><ent r="65" t="278" w="80" /><ent r="65" t="278" w="80" /></phr><phr n="-flushes"><ent r="4" t="174" w="108" /><ent r="4" t="174" w="108" /><ent r="4" t="174" w="139" /><ent r="4" t="174" w="139" /></phr></stem><stem n="non-flush"><phr n="non-flushing"><ent r="3" t="36" w="61" /><ent r="4" t="36" w="105" /><ent r="4" t="36" w="143" /><ent r="5" t="191" w="201" /><ent r="4" t="191" w="236" /><ent r="5" t="191" w="269" /><ent r="4" t="191" w="315" /><ent r="65" t="278" w="80" /></phr></stem><stem n="decor"><phr n="decorator"><ent r="3" t="36" w="63" /><ent r="3" t="131" w="62" /><ent r="3" t="131" w="85" /></phr><phr n="decorate"><ent r="3" t="300" w="24" /></phr></stem><stem n="-flushes,"><phr n="-flushes,"><ent r="3" t="36" w="75" /><ent r="3" t="36" w="75" /></phr></stem><stem n="-properti"><phr n="-properties"><ent r="3" t="36" w="79" /><ent r="3" t="36" w="79" /><ent r="4" t="36" w="110" /><ent r="4" t="36" w="110" /><ent r="4" t="36" w="148" /><ent r="4" t="36" w="148" /><ent r="4" t="36" w="209" /><ent r="4" t="36" w="209" /><ent r="4" t="36" w="229" /><ent r="4" t="36" w="229" /><ent r="64" t="223" w="119" /><ent r="64" t="223" w="119" /><ent r="3" t="266" w="221" /><ent r="3" t="266" w="221" /></phr><phr n="-property"><ent r="3" t="264" w="120" /><ent r="3" t="264" w="120" /><ent r="64" t="264" w="150" /><ent r="64" t="264" w="150" /></phr></stem><stem n="istorag"><phr n="IStorage"><ent r="4" t="36" w="84" /><ent r="4" t="36" w="125" /><ent r="4" t="187" w="33" /><ent r="4" t="187" w="85" /><ent r="4" t="187" w="164" /><ent r="4" t="187" w="170" /><ent r="4" t="187" w="222" /><ent r="4" t="187" w="234" /><ent r="4" t="190" w="71" /><ent r="4" t="190" w="77" /><ent r="4" t="190" w="131" /><ent r="4" t="190" w="143" /><ent r="4" t="190" w="410" /><ent r="4" t="190" w="425" /><ent r="4" t="190" w="506" /><ent r="4" t="190" w="537" /><ent r="4" t="191" w="193" /><ent r="4" t="191" w="211" /><ent r="4" t="191" w="262" /><ent r="4" t="191" w="285" /><ent r="5" t="192" w="48" /><ent r="3" t="192" w="55" /><ent r="4" t="193" w="94" /><ent r="4" t="193" w="324" /></phr></stem><stem n="filestorag"><phr n="fileStorage"><ent r="4" t="36" w="85" /><ent r="4" t="36" w="99" /><ent r="4" t="36" w="121" /><ent r="4" t="36" w="137" /><ent r="4" t="187" w="34" /><ent r="4" t="187" w="44" /><ent r="4" t="187" w="81" /><ent r="4" t="187" w="93" /><ent r="4" t="187" w="165" /><ent r="4" t="187" w="176" /><ent r="4" t="187" w="218" /><ent r="4" t="187" w="239" /><ent r="4" t="190" w="72" /><ent r="4" t="190" w="83" /><ent r="4" t="190" w="127" /><ent r="4" t="190" w="148" /><ent r="4" t="191" w="194" /><ent r="4" t="191" w="217" /><ent r="4" t="191" w="258" /></phr><phr n="FileStorage"><ent r="4" t="36" w="89" /><ent r="4" t="36" w="129" /><ent r="4" t="68" w="107" /><ent r="4" t="68" w="134" /><ent r="4" t="87" w="94" /><ent r="4" t="87" w="133" /><ent r="65" t="186" w="27" /><ent r="1000" t="187" w="1" /><ent r="102" t="187" w="3" /><ent r="3" t="187" w="5" /><ent r="3" t="187" w="21" /><ent r="4" t="187" w="38" /><ent r="4" t="187" w="89" /><ent r="4" t="187" w="169" /><ent r="4" t="187" w="226" /><ent r="4" t="189" w="31" /><ent r="4" t="189" w="58" /><ent r="4" t="190" w="76" /><ent r="4" t="190" w="135" /><ent r="4" t="191" w="198" /><ent r="4" t="191" w="266" /><ent r="4" t="191" w="290" /><ent r="4" t="193" w="85" /><ent r="4" t="193" w="315" /></phr></stem></index>