﻿<?xml version="1.0" encoding="utf-8"?><index><stem n="invalu"><phr n="invaluable"><ent r="3" t="4" w="505" /></phr></stem><stem n="peer"><phr n="peer"><ent r="3" t="4" w="506" /></phr><phr n="peers"><ent r="3" t="7" w="326" /></phr></stem><stem n="experi"><phr n="experiences"><ent r="3" t="4" w="509" /></phr><phr n="experience"><ent r="3" t="149" w="46" /><ent r="4" t="238" w="361" /><ent r="3" t="280" w="82" /><ent r="3" t="289" w="237" /></phr></stem><stem n="neg"><phr n="negative"><ent r="3" t="4" w="512" /></phr></stem><stem n="anoth"><phr n="Another"><ent r="3" t="4" w="514" /><ent r="6" t="5" w="212" /><ent r="3" t="5" w="478" /><ent r="3" t="36" w="157" /><ent r="3" t="90" w="214" /><ent r="3" t="99" w="448" /><ent r="3" t="114" w="205" /><ent r="3" t="260" w="316" /><ent r="3" t="261" w="242" /><ent r="3" t="282" w="390" /><ent r="3" t="285" w="267" /></phr><phr n="another"><ent r="6" t="5" w="282" /><ent r="4" t="33" w="154" /><ent r="3" t="35" w="288" /><ent r="3" t="35" w="298" /><ent r="3" t="38" w="106" /><ent r="3" t="38" w="380" /><ent r="3" t="55" w="207" /><ent r="3" t="66" w="380" /><ent r="3" t="66" w="586" /><ent r="5" t="70" w="385" /><ent r="5" t="70" w="527" /><ent r="3" t="76" w="367" /><ent r="3" t="76" w="768" /><ent r="3" t="76" w="778" /><ent r="4" t="78" w="295" /><ent r="3" t="114" w="202" /><ent r="3" t="118" w="33" /><ent r="3" t="123" w="73" /><ent r="3" t="127" w="113" /><ent r="3" t="127" w="184" /><ent r="7" t="128" w="89" /><ent r="7" t="128" w="144" /><ent r="4" t="140" w="396" /><ent r="3" t="165" w="128" /><ent r="3" t="167" w="119" /><ent r="3" t="228" w="292" /><ent r="3" t="232" w="319" /><ent r="3" t="236" w="283" /><ent r="4" t="242" w="110" /><ent r="3" t="244" w="472" /><ent r="3" t="253" w="38" /><ent r="5" t="253" w="79" /><ent r="5" t="253" w="193" /><ent r="3" t="255" w="51" /><ent r="4" t="272" w="93" /><ent r="3" t="276" w="40" /><ent r="3" t="277" w="33" /><ent r="3" t="281" w="311" /><ent r="5" t="281" w="358" /><ent r="5" t="281" w="474" /><ent r="3" t="294" w="98" /><ent r="6" t="299" w="310" /><ent r="3" t="315" w="169" /></phr></stem><stem n="-gener"><phr n="-generation"><ent r="3" t="4" w="525" /><ent r="3" t="4" w="525" /></phr><phr n="-Generator"><ent r="92" t="247" w="278" /><ent r="92" t="247" w="278" /><ent r="3" t="247" w="294" /><ent r="3" t="247" w="294" /><ent r="1000" t="251" w="2" /><ent r="1000" t="251" w="2" /><ent r="102" t="251" w="6" /><ent r="102" t="251" w="6" /></phr><phr n="-generator"><ent r="3" t="251" w="17" /><ent r="3" t="251" w="17" /></phr></stem><stem n="new-gener"><phr n="new-generation"><ent r="3" t="4" w="525" /></phr></stem><stem n="elimin"><phr n="eliminates"><ent r="3" t="4" w="536" /><ent r="3" t="4" w="653" /><ent r="3" t="188" w="30" /></phr><phr n="eliminating"><ent r="3" t="7" w="56" /></phr><phr n="eliminate"><ent r="3" t="43" w="88" /></phr></stem><stem n="-off"><phr n="-off"><ent r="3" t="4" w="539" /><ent r="3" t="4" w="539" /></phr></stem><stem n="trade"><phr n="trade"><ent r="3" t="4" w="539" /></phr></stem><stem n="trade-off"><phr n="trade-off"><ent r="3" t="4" w="539" /></phr></stem><stem n="off"><phr n="off"><ent r="3" t="4" w="540" /><ent r="3" t="34" w="106" /><ent r="6" t="143" w="186" /><ent r="3" t="178" w="26" /><ent r="3" t="179" w="247" /><ent r="3" t="184" w="26" /></phr></stem><stem n="object-orient"><phr n="object-orientation"><ent r="3" t="4" w="544" /><ent r="3" t="7" w="83" /><ent r="3" t="17" w="96" /></phr></stem><stem n="-orientation."><phr n="-orientation."><ent r="3" t="4" w="546" /><ent r="3" t="4" w="546" /><ent r="3" t="7" w="85" /><ent r="3" t="7" w="85" /></phr></stem><stem n="recent"><phr n="Recent"><ent r="3" t="4" w="546" /></phr></stem><stem n="poleposit"><phr n="PolePosition"><ent r="3" t="4" w="547" /></phr></stem><stem n="benchmark"><phr n="benchmark"><ent r="3" t="4" w="548" /><ent r="3" t="61" w="115" /></phr><phr n="benchmarking"><ent r="3" t="150" w="158" /></phr></stem><stem n="show"><phr n="show"><ent r="3" t="4" w="550" /><ent r="3" t="27" w="820" /><ent r="3" t="28" w="946" /><ent r="4" t="74" w="490" /><ent r="4" t="74" w="560" /><ent r="4" t="75" w="106" /><ent r="4" t="75" w="182" /><ent r="3" t="96" w="97" /><ent r="3" t="234" w="103" /><ent r="3" t="262" w="108" /></phr><phr n="shows"><ent r="3" t="14" w="18" /><ent r="3" t="18" w="101" /><ent r="3" t="31" w="17" /><ent r="3" t="39" w="342" /><ent r="3" t="61" w="140" /><ent r="3" t="97" w="9" /><ent r="3" t="97" w="16" /><ent r="3" t="101" w="28" /><ent r="3" t="191" w="170" /><ent r="3" t="245" w="110" /><ent r="3" t="253" w="44" /><ent r="3" t="254" w="11" /><ent r="3" t="260" w="19" /><ent r="3" t="277" w="38" /><ent r="3" t="289" w="147" /><ent r="3" t="299" w="149" /><ent r="3" t="300" w="79" /></phr><phr n="showed"><ent r="3" t="74" w="578" /></phr><phr n="Show"><ent r="6" t="92" w="300" /><ent r="6" t="92" w="310" /><ent r="6" t="92" w="472" /><ent r="3" t="290" w="29" /><ent r="3" t="292" w="81" /><ent r="3" t="292" w="145" /></phr><phr n="Shows"><ent r="5" t="92" w="456" /></phr><phr n="showing"><ent r="3" t="140" w="16" /></phr></stem><stem n="outperform"><phr n="outperforms"><ent r="3" t="4" w="553" /></phr></stem><stem n="order"><phr n="orders"><ent r="3" t="4" w="558" /></phr><phr n="order"><ent r="3" t="12" w="200" /><ent r="3" t="13" w="8" /><ent r="3" t="15" w="69" /><ent r="3" t="16" w="111" /><ent r="4" t="17" w="27" /><ent r="4" t="18" w="22" /><ent r="3" t="18" w="893" /><ent r="4" t="19" w="26" /><ent r="4" t="20" w="26" /><ent r="4" t="21" w="24" /><ent r="3" t="21" w="48" /><ent r="3" t="21" w="106" /><ent r="4" t="22" w="28" /><ent r="3" t="29" w="120" /><ent r="3" t="30" w="33" /><ent r="3" t="30" w="36" /><ent r="3" t="30" w="70" /><ent r="3" t="30" w="185" /><ent r="3" t="30" w="192" /><ent r="3" t="34" w="59" /><ent r="3" t="38" w="29" /><ent r="3" t="38" w="209" /><ent r="3" t="38" w="518" /><ent r="3" t="49" w="262" /><ent r="3" t="50" w="616" /><ent r="3" t="50" w="888" /><ent r="3" t="51" w="14" /><ent r="3" t="59" w="64" /><ent r="3" t="61" w="100" /><ent r="3" t="65" w="110" /><ent r="3" t="101" w="86" /><ent r="3" t="114" w="848" /><ent r="4" t="114" w="1006" /><ent r="3" t="120" w="242" /><ent r="3" t="127" w="57" /><ent r="3" t="129" w="86" /><ent r="3" t="130" w="33" /><ent r="4" t="133" w="182" /><ent r="3" t="135" w="38" /><ent r="3" t="136" w="34" /><ent r="4" t="140" w="198" /><ent r="3" t="141" w="108" /><ent r="3" t="142" w="29" /><ent r="3" t="147" w="222" /><ent r="3" t="148" w="40" /><ent r="3" t="151" w="17" /><ent r="3" t="169" w="84" /><ent r="3" t="191" w="140" /><ent r="3" t="194" w="15" /><ent r="3" t="224" w="70" /><ent r="3" t="226" w="63" /><ent r="3" t="238" w="89" /><ent r="3" t="238" w="249" /><ent r="3" t="249" w="48" /><ent r="3" t="251" w="263" /><ent r="3" t="253" w="309" /><ent r="3" t="274" w="10" /><ent r="3" t="275" w="132" /><ent r="3" t="277" w="99" /><ent r="3" t="279" w="76" /><ent r="3" t="283" w="138" /><ent r="3" t="283" w="308" /><ent r="3" t="292" w="183" /><ent r="3" t="292" w="246" /><ent r="4" t="294" w="145" /><ent r="3" t="306" w="97" /></phr><phr n="Order"><ent r="5" t="12" w="358" /><ent r="5" t="13" w="383" /><ent r="5" t="13" w="502" /><ent r="5" t="15" w="196" /><ent r="4" t="30" w="116" /><ent r="4" t="30" w="161" /><ent r="4" t="30" w="233" /><ent r="4" t="30" w="284" /><ent r="4" t="30" w="350" /><ent r="4" t="30" w="395" /></phr></stem><stem n="magnitud"><phr n="magnitude"><ent r="3" t="4" w="560" /><ent r="3" t="15" w="71" /><ent r="3" t="18" w="895" /><ent r="3" t="21" w="108" /><ent r="3" t="59" w="66" /><ent r="3" t="61" w="102" /><ent r="3" t="283" w="140" /></phr></stem><stem n="44x"><phr n="44x"><ent r="3" t="4" w="563" /></phr></stem><stem n="case"><phr n="cases"><ent r="3" t="4" w="566" /><ent r="3" t="4" w="691" /><ent r="3" t="5" w="415" /><ent r="3" t="5" w="524" /><ent r="3" t="7" w="678" /><ent r="3" t="15" w="446" /><ent r="3" t="21" w="89" /><ent r="3" t="23" w="211" /><ent r="64" t="27" w="66" /><ent r="3" t="29" w="19" /><ent r="3" t="30" w="41" /><ent r="3" t="30" w="302" /><ent r="3" t="31" w="1455" /><ent r="3" t="36" w="48" /><ent r="3" t="41" w="178" /><ent r="3" t="42" w="794" /><ent r="3" t="56" w="185" /><ent r="3" t="64" w="35" /><ent r="3" t="81" w="23" /><ent r="3" t="90" w="123" /><ent r="3" t="90" w="162" /><ent r="3" t="91" w="31" /><ent r="3" t="96" w="39" /><ent r="3" t="98" w="11" /><ent r="3" t="99" w="44" /><ent r="3" t="102" w="32" /><ent r="3" t="105" w="7" /><ent r="3" t="108" w="62" /><ent r="3" t="112" w="249" /><ent r="3" t="115" w="21" /><ent r="3" t="116" w="51" /><ent r="3" t="118" w="95" /><ent r="3" t="119" w="18" /><ent r="3" t="122" w="11" /><ent r="3" t="131" w="153" /><ent r="3" t="131" w="191" /><ent r="3" t="161" w="42" /><ent r="3" t="186" w="84" /><ent r="3" t="188" w="276" /><ent r="3" t="231" w="247" /><ent r="3" t="236" w="26" /><ent r="2" t="238" w="65" /><ent r="3" t="240" w="73" /><ent r="3" t="244" w="77" /><ent r="3" t="267" w="71" /><ent r="3" t="275" w="53" /><ent r="3" t="276" w="45" /><ent r="2" t="276" w="241" /><ent r="3" t="282" w="47" /><ent r="3" t="294" w="86" /><ent r="4" t="301" w="48" /><ent r="3" t="301" w="97" /><ent r="3" t="303" w="58" /></phr><phr n="case"><ent r="6" t="5" w="139" /><ent r="3" t="5" w="479" /><ent r="3" t="5" w="509" /><ent r="3" t="7" w="599" /><ent r="3" t="9" w="126" /><ent r="3" t="15" w="36" /><ent r="3" t="17" w="359" /><ent r="3" t="20" w="115" /><ent r="3" t="27" w="750" /><ent r="3" t="27" w="771" /><ent r="3" t="27" w="802" /><ent r="5" t="27" w="862" /><ent r="5" t="27" w="889" /><ent r="5" t="27" w="893" /><ent r="5" t="27" w="958" /><ent r="5" t="27" w="973" /><ent r="5" t="27" w="977" /><ent r="4" t="33" w="61" /><ent r="3" t="33" w="246" /><ent r="3" t="38" w="442" /><ent r="3" t="38" w="510" /><ent r="3" t="41" w="122" /><ent r="3" t="45" w="343" /><ent r="3" t="51" w="181" /><ent r="4" t="53" w="98" /><ent r="4" t="78" w="35" /><ent r="4" t="78" w="56" /><ent r="64" t="90" w="145" /><ent r="3" t="90" w="242" /><ent r="4" t="90" w="334" /><ent r="6" t="92" w="178" /><ent r="6" t="92" w="187" /><ent r="7" t="92" w="204" /><ent r="3" t="104" w="94" /><ent r="3" t="105" w="77" /><ent r="92" t="112" w="243" /><ent r="7" t="128" w="95" /><ent r="7" t="128" w="150" /><ent r="7" t="128" w="217" /><ent r="7" t="128" w="280" /><ent r="3" t="129" w="41" /><ent r="3" t="132" w="65" /><ent r="3" t="132" w="84" /><ent r="3" t="147" w="38" /><ent r="3" t="165" w="41" /><ent r="3" t="178" w="117" /><ent r="3" t="188" w="129" /><ent r="3" t="191" w="69" /><ent r="3" t="208" w="79" /><ent r="3" t="229" w="287" /><ent r="3" t="240" w="102" /><ent r="3" t="240" w="339" /><ent r="3" t="240" w="674" /><ent r="3" t="261" w="216" /><ent r="3" t="263" w="458" /><ent r="4" t="269" w="20" /><ent r="4" t="269" w="36" /><ent r="3" t="276" w="128" /><ent r="3" t="281" w="205" /><ent r="3" t="281" w="225" /><ent r="3" t="286" w="72" /><ent r="4" t="286" w="165" /><ent r="3" t="293" w="144" /><ent r="3" t="293" w="231" /><ent r="4" t="294" w="239" /><ent r="6" t="299" w="171" /><ent r="6" t="299" w="184" /><ent r="3" t="301" w="155" /><ent r="3" t="301" w="188" /><ent r="3" t="302" w="19" /><ent r="4" t="302" w="184" /><ent r="4" t="302" w="288" /><ent r="3" t="303" w="186" /><ent r="64" t="307" w="129" /></phr><phr n="Cases"><ent r="64" t="26" w="197" /><ent r="1000" t="28" w="3" /><ent r="102" t="28" w="8" /></phr><phr n="Case"><ent r="6" t="37" w="38" /></phr></stem><stem n="-administration,"><phr n="-administration,"><ent r="3" t="4" w="580" /><ent r="3" t="4" w="580" /></phr></stem><stem n="brows"><phr n="browsing"><ent r="3" t="4" w="585" /><ent r="6" t="270" w="353" /></phr><phr n="Browse"><ent r="5" t="9" w="370" /></phr><phr n="Browsing"><ent r="67" t="287" w="128" /><ent r="1000" t="289" w="1" /><ent r="102" t="289" w="5" /></phr><phr n="browse"><ent r="3" t="289" w="61" /><ent r="4" t="289" w="135" /><ent r="3" t="291" w="111" /><ent r="3" t="292" w="293" /></phr></stem><stem n="small"><phr n="small"><ent r="3" t="4" w="589" /><ent r="6" t="5" w="216" /><ent r="3" t="14" w="51" /><ent r="3" t="31" w="50" /><ent r="3" t="31" w="1460" /><ent r="4" t="59" w="394" /><ent r="3" t="118" w="168" /><ent r="3" t="133" w="88" /><ent r="3" t="159" w="35" /><ent r="3" t="159" w="42" /><ent r="3" t="166" w="69" /><ent r="3" t="172" w="34" /><ent r="6" t="173" w="175" /><ent r="3" t="179" w="69" /><ent r="3" t="179" w="89" /><ent r="3" t="179" w="98" /><ent r="3" t="179" w="114" /><ent r="3" t="179" w="117" /><ent r="3" t="182" w="42" /><ent r="3" t="188" w="228" /><ent r="3" t="188" w="270" /><ent r="3" t="203" w="115" /><ent r="3" t="224" w="213" /><ent r="4" t="238" w="211" /><ent r="3" t="238" w="319" /><ent r="3" t="243" w="66" /><ent r="3" t="245" w="79" /><ent r="4" t="255" w="181" /><ent r="3" t="261" w="135" /><ent r="3" t="275" w="43" /><ent r="3" t="280" w="54" /><ent r="3" t="282" w="49" /><ent r="3" t="282" w="319" /><ent r="3" t="293" w="218" /><ent r="3" t="294" w="137" /></phr><phr n="Small"><ent r="92" t="74" w="96" /></phr></stem><stem n="librari"><phr n="library"><ent r="3" t="4" w="593" /><ent r="3" t="8" w="41" /><ent r="3" t="90" w="37" /><ent r="3" t="90" w="191" /><ent r="4" t="103" w="159" /><ent r="4" t="186" w="96" /><ent r="4" t="259" w="80" /><ent r="4" t="259" w="99" /><ent r="4" t="263" w="63" /><ent r="4" t="270" w="505" /><ent r="4" t="272" w="81" /><ent r="3" t="272" w="563" /><ent r="3" t="277" w="31" /><ent r="3" t="277" w="37" /><ent r="3" t="301" w="125" /><ent r="4" t="305" w="120" /><ent r="4" t="306" w="116" /></phr><phr n="libraries"><ent r="3" t="9" w="162" /><ent r="4" t="20" w="423" /><ent r="3" t="21" w="413" /><ent r="4" t="93" w="64" /><ent r="3" t="114" w="45" /><ent r="3" t="230" w="112" /><ent r="4" t="237" w="66" /><ent r="3" t="252" w="116" /><ent r="3" t="254" w="340" /><ent r="4" t="263" w="52" /><ent r="3" t="267" w="52" /><ent r="4" t="269" w="87" /><ent r="3" t="272" w="50" /><ent r="3" t="277" w="69" /><ent r="3" t="277" w="108" /><ent r="3" t="309" w="297" /><ent r="6" t="309" w="349" /><ent r="6" t="313" w="357" /><ent r="6" t="313" w="369" /><ent r="6" t="313" w="385" /><ent r="6" t="313" w="393" /><ent r="6" t="313" w="405" /><ent r="6" t="313" w="420" /></phr></stem><stem n="jar"><phr n="JAR"><ent r="3" t="4" w="594" /></phr><phr n="jar"><ent r="3" t="90" w="17" /><ent r="5" t="297" w="291" /><ent r="5" t="297" w="308" /><ent r="5" t="297" w="325" /><ent r="5" t="297" w="342" /><ent r="5" t="297" w="359" /><ent r="5" t="297" w="375" /><ent r="5" t="297" w="392" /><ent r="5" t="297" w="417" /><ent r="5" t="297" w="433" /><ent r="5" t="297" w="487" /><ent r="5" t="297" w="562" /><ent r="5" t="297" w="577" /><ent r="5" t="298" w="254" /><ent r="6" t="299" w="209" /><ent r="3" t="301" w="130" /><ent r="3" t="306" w="535" /><ent r="3" t="306" w="545" /><ent r="4" t="306" w="558" /><ent r="4" t="306" w="599" /><ent r="6" t="313" w="24" /><ent r="6" t="313" w="33" /><ent r="6" t="313" w="49" /><ent r="6" t="313" w="58" /><ent r="6" t="313" w="63" /><ent r="6" t="313" w="67" /><ent r="6" t="313" w="87" /><ent r="6" t="313" w="129" /><ent r="6" t="313" w="222" /><ent r="6" t="313" w="226" /><ent r="6" t="313" w="233" /><ent r="6" t="313" w="235" /><ent r="6" t="313" w="237" /><ent r="6" t="313" w="250" /><ent r="6" t="313" w="255" /><ent r="6" t="313" w="257" /><ent r="6" t="313" w="260" /><ent r="6" t="313" w="265" /><ent r="6" t="313" w="271" /><ent r="6" t="313" w="277" /><ent r="6" t="313" w="281" /><ent r="6" t="313" w="283" /><ent r="6" t="313" w="285" /><ent r="6" t="313" w="287" /><ent r="6" t="313" w="292" /><ent r="6" t="313" w="296" /><ent r="6" t="313" w="298" /><ent r="6" t="313" w="300" /><ent r="6" t="313" w="302" /><ent r="6" t="313" w="304" /><ent r="6" t="313" w="306" /><ent r="6" t="313" w="311" /><ent r="6" t="313" w="319" /><ent r="6" t="313" w="321" /><ent r="6" t="313" w="327" /><ent r="6" t="313" w="329" /><ent r="6" t="313" w="334" /><ent r="6" t="313" w="382" /></phr><phr n="Jar"><ent r="4" t="306" w="594" /></phr></stem><stem n="jar/dll"><phr n="JAR/DLL"><ent r="3" t="4" w="595" /><ent r="3" t="4" w="594" /></phr></stem><stem n="dll"><phr n="DLL"><ent r="3" t="4" w="595" /></phr><phr n="dll"><ent r="4" t="9" w="286" /><ent r="4" t="12" w="31" /><ent r="4" t="12" w="38" /><ent r="3" t="15" w="80" /><ent r="3" t="15" w="94" /><ent r="3" t="15" w="99" /><ent r="3" t="15" w="387" /><ent r="3" t="16" w="99" /><ent r="3" t="16" w="127" /><ent r="3" t="17" w="206" /><ent r="3" t="17" w="210" /><ent r="3" t="17" w="213" /><ent r="3" t="17" w="217" /><ent r="5" t="20" w="434" /><ent r="5" t="20" w="439" /><ent r="5" t="20" w="443" /><ent r="5" t="20" w="447" /><ent r="5" t="50" w="396" /><ent r="3" t="90" w="18" /><ent r="4" t="226" w="80" /><ent r="5" t="258" w="160" /><ent r="3" t="265" w="96" /><ent r="3" t="265" w="102" /><ent r="3" t="266" w="356" /><ent r="3" t="266" w="361" /><ent r="4" t="269" w="80" /><ent r="3" t="270" w="108" /><ent r="4" t="270" w="126" /><ent r="4" t="270" w="491" /><ent r="4" t="270" w="502" /><ent r="3" t="271" w="43" /><ent r="4" t="283" w="57" /><ent r="4" t="283" w="64" /><ent r="3" t="283" w="88" /><ent r="3" t="283" w="92" /><ent r="3" t="283" w="95" /><ent r="3" t="283" w="99" /><ent r="93" t="308" w="43" /><ent r="93" t="308" w="68" /><ent r="4" t="308" w="87" /><ent r="4" t="308" w="91" /><ent r="4" t="308" w="105" /><ent r="4" t="308" w="128" /><ent r="4" t="308" w="132" /><ent r="4" t="308" w="137" /><ent r="93" t="308" w="142" /><ent r="4" t="308" w="161" /><ent r="93" t="308" w="170" /><ent r="4" t="308" w="189" /><ent r="4" t="308" w="202" /><ent r="93" t="308" w="221" /><ent r="93" t="308" w="246" /><ent r="4" t="308" w="275" /><ent r="4" t="308" w="279" /><ent r="4" t="308" w="283" /><ent r="4" t="308" w="289" /><ent r="93" t="308" w="295" /><ent r="4" t="308" w="311" /><ent r="4" t="308" w="315" /><ent r="4" t="308" w="318" /><ent r="4" t="308" w="322" /><ent r="4" t="308" w="336" /><ent r="4" t="308" w="339" /><ent r="4" t="308" w="343" /><ent r="4" t="308" w="403" /><ent r="4" t="308" w="407" /><ent r="4" t="308" w="411" /><ent r="4" t="308" w="415" /><ent r="4" t="308" w="419" /><ent r="4" t="308" w="422" /><ent r="4" t="308" w="426" /><ent r="93" t="308" w="430" /><ent r="6" t="309" w="318" /></phr></stem><stem n="(jar/dll)"><phr n="(JAR/DLL)"><ent r="3" t="4" w="596" /></phr></stem><stem n="easili"><phr n="easily"><ent r="3" t="4" w="597" /><ent r="3" t="4" w="678" /><ent r="3" t="7" w="398" /><ent r="3" t="7" w="499" /><ent r="3" t="34" w="520" /><ent r="3" t="57" w="28" /><ent r="3" t="105" w="33" /><ent r="3" t="112" w="1167" /><ent r="4" t="113" w="82" /><ent r="3" t="265" w="35" /><ent r="3" t="297" w="616" /></phr><phr n="Easily"><ent r="6" t="5" w="345" /></phr></stem><stem n="fulli"><phr n="fully"><ent r="3" t="4" w="612" /><ent r="4" t="49" w="1358" /><ent r="3" t="108" w="106" /><ent r="4" t="140" w="473" /><ent r="4" t="166" w="198" /><ent r="4" t="166" w="410" /><ent r="3" t="188" w="25" /><ent r="4" t="259" w="96" /><ent r="3" t="270" w="37" /><ent r="6" t="299" w="268" /></phr></stem><stem n="tunabl"><phr n="tunable"><ent r="3" t="4" w="615" /></phr></stem><stem n="portion"><phr n="portion"><ent r="3" t="4" w="616" /></phr></stem><stem n="analyst"><phr n="analysts"><ent r="3" t="4" w="623" /></phr></stem><stem n="agre"><phr n="agree"><ent r="3" t="4" w="626" /></phr></stem><stem n="retriev"><phr n="retrieves"><ent r="3" t="4" w="647" /></phr><phr n="retrieving"><ent r="3" t="11" w="57" /><ent r="3" t="276" w="224" /></phr><phr n="retrieve"><ent r="3" t="38" w="103" /><ent r="3" t="41" w="64" /><ent r="3" t="69" w="116" /><ent r="3" t="69" w="190" /><ent r="3" t="121" w="121" /><ent r="3" t="184" w="35" /><ent r="3" t="231" w="94" /><ent r="3" t="290" w="9" /></phr><phr n="Retrieve"><ent r="4" t="39" w="232" /><ent r="4" t="272" w="65" /></phr><phr n="retrieved"><ent r="3" t="92" w="84" /><ent r="3" t="105" w="31" /><ent r="3" t="107" w="86" /><ent r="3" t="112" w="166" /><ent r="6" t="143" w="242" /></phr><phr n="retrieval"><ent r="3" t="165" w="161" /></phr></stem><stem n="resourc"><phr n="resource"><ent r="3" t="4" w="657" /><ent r="3" t="7" w="58" /><ent r="3" t="132" w="40" /><ent r="5" t="262" w="242" /><ent r="5" t="298" w="144" /><ent r="5" t="298" w="346" /><ent r="5" t="298" w="447" /><ent r="4" t="299" w="43" /><ent r="4" t="299" w="118" /></phr><phr n="resources"><ent r="3" t="12" w="210" /><ent r="3" t="13" w="18" /><ent r="3" t="66" w="106" /><ent r="3" t="179" w="385" /><ent r="3" t="233" w="606" /><ent r="2" t="238" w="83" /><ent r="4" t="238" w="151" /><ent r="4" t="238" w="197" /><ent r="4" t="238" w="389" /><ent r="3" t="245" w="86" /><ent r="4" t="286" w="207" /><ent r="3" t="293" w="40" /><ent r="5" t="297" w="307" /><ent r="4" t="307" w="88" /></phr><phr n="Resources"><ent r="92" t="293" w="82" /></phr></stem><stem n="greatli"><phr n="greatly"><ent r="3" t="4" w="664" /></phr></stem><stem n="lean"><phr n="lean"><ent r="3" t="4" w="675" /></phr></stem><stem n="integrat"><phr n="integratable"><ent r="3" t="4" w="679" /></phr></stem><stem n="superior"><phr n="superior"><ent r="3" t="4" w="688" /></phr></stem><stem n="educ"><phr n="educational"><ent r="3" t="5" w="18" /><ent r="6" t="5" w="84" /></phr><phr n="Educational"><ent r="6" t="5" w="68" /></phr></stem><stem n="focu"><phr n="focus"><ent r="3" t="5" w="22" /></phr></stem><stem n="(phone"><phr n="(phones"><ent r="3" t="5" w="30" /></phr></stem><stem n="phone"><phr n="phones"><ent r="3" t="5" w="30" /></phr><phr n="Phone"><ent r="4" t="310" w="67" /></phr></stem><stem n="handheld"><phr n="handhelds"><ent r="3" t="5" w="32" /></phr></stem><stem n="),"><phr n="),"><ent r="3" t="5" w="33" /><ent r="3" t="5" w="38" /><ent r="3" t="9" w="205" /><ent r="3" t="38" w="254" /><ent r="4" t="241" w="315" /><ent r="4" t="241" w="361" /><ent r="4" t="241" w="505" /><ent r="3" t="300" w="61" /></phr></stem><stem n="electron"><phr n="electronics"><ent r="3" t="5" w="34" /><ent r="3" t="245" w="99" /></phr></stem><stem n="printer"><phr n="printers"><ent r="3" t="5" w="35" /></phr></stem><stem n="(printers,"><phr n="(printers,"><ent r="3" t="5" w="36" /></phr></stem><stem n="robot"><phr n="robots"><ent r="3" t="5" w="37" /></phr></stem><stem n="scada"><phr n="SCADA"><ent r="3" t="5" w="38" /><ent r="6" t="5" w="193" /><ent r="6" t="5" w="198" /></phr></stem><stem n="follow"><phr n="following"><ent r="3" t="5" w="42" /><ent r="3" t="6" w="123" /><ent r="3" t="9" w="19" /><ent r="3" t="9" w="147" /><ent r="3" t="14" w="155" /><ent r="4" t="20" w="422" /><ent r="4" t="20" w="467" /><ent r="3" t="27" w="1254" /><ent r="3" t="31" w="97" /><ent r="3" t="41" w="177" /><ent r="3" t="50" w="52" /><ent r="3" t="78" w="278" /><ent r="3" t="92" w="18" /><ent r="3" t="93" w="45" /><ent r="3" t="100" w="76" /><ent r="3" t="102" w="78" /><ent r="3" t="103" w="81" /><ent r="3" t="116" w="83" /><ent r="3" t="123" w="15" /><ent r="3" t="123" w="55" /><ent r="3" t="127" w="74" /><ent r="3" t="128" w="36" /><ent r="3" t="131" w="151" /><ent r="3" t="132" w="153" /><ent r="3" t="133" w="117" /><ent r="3" t="148" w="65" /><ent r="3" t="186" w="24" /><ent r="3" t="190" w="272" /><ent r="3" t="191" w="168" /><ent r="3" t="193" w="572" /><ent r="3" t="238" w="103" /><ent r="3" t="245" w="44" /><ent r="3" t="245" w="187" /><ent r="4" t="259" w="124" /><ent r="3" t="267" w="32" /><ent r="3" t="267" w="70" /><ent r="3" t="268" w="426" /><ent r="3" t="270" w="96" /><ent r="3" t="270" w="484" /><ent r="3" t="270" w="514" /><ent r="3" t="276" w="171" /><ent r="3" t="279" w="16" /><ent r="3" t="299" w="147" /><ent r="3" t="300" w="77" /><ent r="3" t="301" w="27" /><ent r="3" t="305" w="56" /><ent r="3" t="305" w="72" /><ent r="3" t="306" w="54" /><ent r="3" t="306" w="108" /><ent r="3" t="306" w="448" /><ent r="3" t="307" w="52" /><ent r="3" t="309" w="294" /></phr><phr n="follow"><ent r="4" t="33" w="47" /><ent r="3" t="274" w="89" /><ent r="3" t="293" w="113" /><ent r="3" t="305" w="20" /></phr><phr n="Following"><ent r="3" t="72" w="20" /><ent r="3" t="147" w="81" /><ent r="3" t="304" w="93" /></phr><phr n="follows"><ent r="3" t="209" w="96" /><ent r="3" t="223" w="65" /></phr></stem><stem n="(but"><phr n="(but"><ent r="3" t="5" w="46" /></phr></stem><stem n="possibl"><phr n="possible"><ent r="3" t="5" w="49" /><ent r="3" t="15" w="457" /><ent r="3" t="17" w="167" /><ent r="3" t="17" w="342" /><ent r="3" t="18" w="868" /><ent r="3" t="20" w="79" /><ent r="3" t="21" w="133" /><ent r="3" t="29" w="412" /><ent r="3" t="32" w="47" /><ent r="3" t="42" w="764" /><ent r="3" t="45" w="630" /><ent r="3" t="51" w="117" /><ent r="3" t="65" w="195" /><ent r="3" t="65" w="234" /><ent r="3" t="68" w="185" /><ent r="4" t="78" w="32" /><ent r="4" t="78" w="53" /><ent r="3" t="78" w="255" /><ent r="3" t="79" w="116" /><ent r="4" t="90" w="391" /><ent r="3" t="95" w="121" /><ent r="3" t="99" w="84" /><ent r="3" t="101" w="51" /><ent r="4" t="106" w="52" /><ent r="4" t="122" w="109" /><ent r="4" t="122" w="130" /><ent r="3" t="123" w="94" /><ent r="3" t="126" w="18" /><ent r="3" t="127" w="200" /><ent r="3" t="131" w="36" /><ent r="3" t="131" w="149" /><ent r="3" t="152" w="35" /><ent r="4" t="166" w="269" /><ent r="3" t="166" w="442" /><ent r="4" t="167" w="129" /><ent r="3" t="176" w="61" /><ent r="3" t="179" w="473" /><ent r="3" t="184" w="39" /><ent r="3" t="185" w="98" /><ent r="3" t="186" w="69" /><ent r="3" t="190" w="360" /><ent r="3" t="224" w="504" /><ent r="8" t="228" w="112" /><ent r="3" t="236" w="14" /><ent r="4" t="238" w="167" /><ent r="3" t="238" w="239" /><ent r="3" t="261" w="106" /><ent r="3" t="264" w="359" /><ent r="3" t="268" w="25" /><ent r="3" t="273" w="21" /><ent r="3" t="279" w="61" /><ent r="3" t="284" w="200" /><ent r="3" t="293" w="215" /><ent r="3" t="294" w="128" /><ent r="4" t="294" w="165" /><ent r="4" t="301" w="43" /></phr><phr n="Possible"><ent r="92" t="13" w="50" /><ent r="64" t="96" w="42" /><ent r="1000" t="98" w="1" /><ent r="102" t="98" w="4" /><ent r="3" t="186" w="82" /><ent r="3" t="236" w="24" /></phr><phr n="possibilities"><ent r="3" t="22" w="256" /><ent r="3" t="90" w="379" /><ent r="3" t="99" w="59" /><ent r="3" t="178" w="96" /><ent r="3" t="246" w="137" /><ent r="3" t="247" w="18" /><ent r="3" t="255" w="103" /></phr><phr n="possibility"><ent r="3" t="29" w="153" /><ent r="3" t="50" w="87" /><ent r="3" t="76" w="16" /><ent r="3" t="104" w="183" /><ent r="3" t="261" w="243" /></phr></stem><stem n="explan"><phr n="explanations"><ent r="3" t="5" w="53" /></phr><phr n="explanation"><ent r="3" t="92" w="100" /><ent r="3" t="270" w="280" /></phr><phr n="Explanation"><ent r="6" t="97" w="31" /></phr></stem></index>