﻿<?xml version="1.0" encoding="utf-8"?><index><stem n="&quot;ident"><phr n="&quot;Identity"><ent r="64" t="8" w="353" /><ent r="64" t="38" w="513" /><ent r="64" t="69" w="46" /></phr></stem><stem n="control"><phr n="controls"><ent r="3" t="8" w="368" /><ent r="3" t="41" w="15" /><ent r="3" t="43" w="21" /><ent r="3" t="274" w="26" /></phr><phr n="control"><ent r="4" t="103" w="169" /><ent r="3" t="103" w="209" /><ent r="3" t="114" w="93" /><ent r="3" t="114" w="108" /><ent r="3" t="116" w="66" /><ent r="4" t="186" w="115" /><ent r="3" t="234" w="30" /><ent r="3" t="234" w="71" /><ent r="3" t="234" w="87" /></phr><phr n="Control"><ent r="92" t="103" w="202" /><ent r="4" t="105" w="143" /><ent r="1000" t="234" w="2" /><ent r="102" t="234" w="7" /></phr><phr n="Controls"><ent r="4" t="262" w="283" /></phr><phr n="controlled"><ent r="3" t="285" w="263" /></phr></stem><stem n="&quot;activ"><phr n="&quot;Activation"><ent r="64" t="8" w="380" /><ent r="64" t="41" w="231" /></phr></stem><stem n="princip"><phr n="principals"><ent r="3" t="8" w="385" /></phr><phr n="principal"><ent r="3" t="18" w="833" /><ent r="3" t="23" w="46" /><ent r="3" t="268" w="365" /></phr></stem><stem n="appli"><phr n="applied"><ent r="3" t="8" w="388" /><ent r="3" t="14" w="49" /><ent r="3" t="29" w="434" /><ent r="3" t="31" w="48" /><ent r="3" t="67" w="227" /><ent r="3" t="90" w="102" /><ent r="3" t="114" w="132" /><ent r="3" t="114" w="702" /><ent r="3" t="114" w="716" /><ent r="3" t="174" w="248" /></phr><phr n="apply"><ent r="3" t="32" w="191" /><ent r="3" t="77" w="93" /><ent r="3" t="90" w="39" /><ent r="3" t="114" w="139" /><ent r="3" t="202" w="14" /><ent r="3" t="268" w="379" /><ent r="4" t="268" w="460" /><ent r="3" t="312" w="33" /></phr><phr n="applies"><ent r="5" t="42" w="824" /><ent r="5" t="42" w="877" /><ent r="3" t="44" w="290" /><ent r="3" t="46" w="23" /><ent r="3" t="76" w="540" /><ent r="3" t="122" w="66" /><ent r="3" t="143" w="14" /><ent r="3" t="195" w="14" /><ent r="3" t="209" w="109" /><ent r="3" t="223" w="77" /><ent r="3" t="224" w="11" /><ent r="3" t="225" w="14" /><ent r="3" t="232" w="25" /><ent r="3" t="264" w="324" /><ent r="3" t="274" w="416" /><ent r="4" t="278" w="165" /></phr><phr n="applying"><ent r="3" t="90" w="211" /></phr></stem><stem n="&quot;updat"><phr n="&quot;Update"><ent r="64" t="8" w="393" /><ent r="64" t="44" w="274" /><ent r="64" t="146" w="46" /><ent r="64" t="222" w="46" /><ent r="64" t="273" w="75" /></phr><phr n="&quot;Updating"><ent r="64" t="44" w="295" /></phr><phr n="&quot;Updated"><ent r="5" t="96" w="733" /><ent r="5" t="96" w="882" /></phr></stem><stem n="&quot;delet"><phr n="&quot;Delete"><ent r="64" t="8" w="401" /><ent r="64" t="79" w="145" /></phr><phr n="&quot;Deleted"><ent r="5" t="96" w="768" /><ent r="5" t="96" w="923" /></phr><phr n="&quot;Deleting"><ent r="64" t="239" w="85" /></phr></stem><stem n="&quot;)"><phr n="&quot;)"><ent r="64" t="8" w="403" /><ent r="3" t="276" w="182" /></phr></stem><stem n="few"><phr n="few"><ent r="3" t="9" w="17" /><ent r="3" t="9" w="21" /><ent r="3" t="12" w="237" /><ent r="3" t="13" w="44" /><ent r="3" t="27" w="61" /><ent r="3" t="41" w="48" /><ent r="3" t="45" w="23" /><ent r="3" t="51" w="158" /><ent r="3" t="52" w="39" /><ent r="3" t="96" w="36" /><ent r="3" t="142" w="431" /><ent r="3" t="233" w="61" /><ent r="3" t="273" w="155" /><ent r="3" t="280" w="10" /><ent r="3" t="282" w="60" /><ent r="4" t="286" w="137" /><ent r="3" t="294" w="20" /></phr></stem><stem n="minut"><phr n="minutes"><ent r="3" t="9" w="18" /></phr></stem><stem n="1"><phr n="1"><ent r="92" t="9" w="24" /><ent r="5" t="35" w="173" /><ent r="4" t="35" w="331" /><ent r="4" t="35" w="397" /><ent r="6" t="37" w="43" /><ent r="4" t="41" w="212" /><ent r="5" t="50" w="527" /><ent r="5" t="50" w="580" /><ent r="4" t="56" w="82" /><ent r="4" t="56" w="140" /><ent r="5" t="76" w="653" /><ent r="4" t="76" w="811" /><ent r="4" t="76" w="877" /><ent r="6" t="92" w="551" /><ent r="8" t="97" w="227" /><ent r="4" t="99" w="302" /><ent r="4" t="99" w="399" /><ent r="4" t="99" w="686" /><ent r="4" t="99" w="806" /><ent r="4" t="101" w="147" /><ent r="4" t="101" w="258" /><ent r="5" t="112" w="610" /><ent r="5" t="112" w="1125" /><ent r="4" t="117" w="410" /><ent r="8" t="143" w="68" /><ent r="4" t="158" w="36" /><ent r="3" t="169" w="42" /><ent r="3" t="169" w="79" /><ent r="8" t="173" w="78" /><ent r="3" t="176" w="23" /><ent r="3" t="176" w="29" /><ent r="64" t="190" w="354" /><ent r="4" t="193" w="201" /><ent r="4" t="193" w="240" /><ent r="4" t="193" w="469" /><ent r="4" t="193" w="517" /><ent r="4" t="201" w="28" /><ent r="4" t="201" w="55" /><ent r="92" t="240" w="52" /><ent r="92" t="240" w="57" /><ent r="3" t="240" w="92" /><ent r="4" t="240" w="195" /><ent r="4" t="240" w="269" /><ent r="92" t="240" w="286" /><ent r="92" t="240" w="293" /><ent r="3" t="240" w="322" /><ent r="4" t="240" w="409" /><ent r="4" t="240" w="483" /><ent r="92" t="240" w="621" /><ent r="3" t="240" w="632" /><ent r="3" t="240" w="734" /><ent r="4" t="241" w="470" /><ent r="4" t="258" w="168" /><ent r="4" t="258" w="174" /><ent r="4" t="258" w="182" /><ent r="4" t="258" w="205" /><ent r="4" t="258" w="226" /><ent r="4" t="258" w="253" /><ent r="4" t="258" w="272" /><ent r="3" t="266" w="526" /><ent r="3" t="270" w="140" /><ent r="3" t="270" w="146" /><ent r="3" t="270" w="154" /><ent r="3" t="270" w="177" /><ent r="3" t="270" w="198" /><ent r="3" t="270" w="227" /><ent r="3" t="270" w="246" /><ent r="3" t="276" w="116" /><ent r="4" t="281" w="352" /><ent r="4" t="281" w="468" /><ent r="3" t="284" w="183" /><ent r="3" t="289" w="151" /><ent r="5" t="297" w="214" /><ent r="5" t="297" w="222" /><ent r="5" t="297" w="430" /><ent r="5" t="297" w="559" /><ent r="5" t="297" w="574" /><ent r="4" t="301" w="38" /><ent r="4" t="302" w="170" /><ent r="4" t="302" w="260" /><ent r="4" t="305" w="206" /><ent r="4" t="305" w="210" /><ent r="4" t="306" w="202" /><ent r="4" t="306" w="206" /><ent r="3" t="306" w="351" /><ent r="6" t="313" w="225" /><ent r="6" t="313" w="263" /><ent r="6" t="313" w="269" /><ent r="6" t="313" w="270" /><ent r="6" t="313" w="274" /><ent r="6" t="313" w="289" /><ent r="6" t="313" w="291" /><ent r="6" t="313" w="294" /><ent r="6" t="313" w="308" /><ent r="6" t="313" w="324" /><ent r="6" t="313" w="379" /><ent r="6" t="313" w="380" /></phr></stem><stem n="offici"><phr n="official"><ent r="64" t="9" w="34" /><ent r="3" t="262" w="33" /><ent r="64" t="262" w="157" /><ent r="65" t="263" w="67" /><ent r="64" t="311" w="27" /><ent r="3" t="315" w="34" /></phr></stem><stem n="site"><phr n="site"><ent r="64" t="9" w="36" /><ent r="3" t="9" w="46" /><ent r="3" t="257" w="167" /><ent r="5" t="258" w="87" /><ent r="3" t="261" w="209" /><ent r="64" t="262" w="48" /><ent r="65" t="263" w="69" /><ent r="3" t="270" w="314" /></phr></stem><stem n="releas"><phr n="releases"><ent r="3" t="9" w="41" /><ent r="3" t="9" w="59" /><ent r="3" t="233" w="604" /><ent r="3" t="265" w="638" /><ent r="3" t="293" w="45" /></phr><phr n="release"><ent r="3" t="9" w="73" /><ent r="5" t="235" w="158" /><ent r="5" t="235" w="249" /></phr><phr n="Release"><ent r="4" t="74" w="91" /><ent r="3" t="268" w="146" /><ent r="3" t="268" w="311" /><ent r="3" t="268" w="398" /><ent r="3" t="268" w="482" /></phr><phr n="released"><ent r="3" t="137" w="146" /></phr><phr n="releasing"><ent r="2" t="238" w="81" /></phr></stem><stem n="latest"><phr n="latest"><ent r="3" t="9" w="48" /><ent r="6" t="37" w="150" /><ent r="6" t="37" w="190" /><ent r="3" t="99" w="244" /><ent r="3" t="281" w="193" /><ent r="3" t="295" w="59" /></phr></stem><stem n="beta"><phr n="beta"><ent r="3" t="9" w="51" /></phr></stem><stem n="older"><phr n="older"><ent r="3" t="9" w="57" /><ent r="3" t="117" w="604" /><ent r="3" t="148" w="183" /><ent r="3" t="242" w="28" /><ent r="3" t="265" w="637" /></phr><phr n="Older"><ent r="4" t="119" w="40" /></phr></stem><stem n="stabl"><phr n="stable"><ent r="3" t="9" w="58" /><ent r="4" t="102" w="131" /><ent r="5" t="116" w="119" /><ent r="3" t="305" w="91" /></phr></stem><stem n="top"><phr n="top"><ent r="3" t="9" w="66" /><ent r="3" t="48" w="110" /><ent r="3" t="109" w="27" /><ent r="65" t="186" w="38" /><ent r="3" t="187" w="156" /><ent r="3" t="224" w="119" /><ent r="3" t="224" w="201" /><ent r="3" t="239" w="44" /><ent r="3" t="243" w="379" /><ent r="3" t="244" w="388" /><ent r="3" t="275" w="565" /><ent r="4" t="278" w="134" /><ent r="3" t="289" w="201" /><ent r="3" t="305" w="94" /><ent r="3" t="306" w="318" /></phr></stem><stem n="there'"><phr n="there's"><ent r="3" t="9" w="75" /><ent r="3" t="9" w="74" /><ent r="3" t="14" w="379" /><ent r="3" t="14" w="378" /><ent r="3" t="18" w="58" /><ent r="3" t="18" w="57" /><ent r="3" t="21" w="73" /><ent r="3" t="21" w="72" /><ent r="3" t="27" w="22" /><ent r="3" t="27" w="21" /><ent r="3" t="29" w="150" /><ent r="3" t="29" w="149" /><ent r="3" t="31" w="310" /><ent r="3" t="31" w="309" /><ent r="3" t="34" w="16" /><ent r="3" t="34" w="15" /><ent r="4" t="59" w="312" /><ent r="4" t="59" w="311" /><ent r="3" t="61" w="63" /><ent r="3" t="61" w="62" /><ent r="3" t="61" w="83" /><ent r="3" t="61" w="82" /><ent r="3" t="67" w="242" /><ent r="3" t="67" w="241" /><ent r="3" t="88" w="65" /><ent r="3" t="88" w="64" /><ent r="3" t="89" w="26" /><ent r="3" t="89" w="25" /><ent r="3" t="106" w="263" /><ent r="3" t="106" w="262" /><ent r="3" t="117" w="46" /><ent r="3" t="117" w="45" /><ent r="3" t="122" w="43" /><ent r="3" t="122" w="42" /><ent r="3" t="135" w="133" /><ent r="3" t="135" w="132" /><ent r="3" t="214" w="12" /><ent r="3" t="214" w="11" /><ent r="3" t="233" w="23" /><ent r="3" t="233" w="22" /><ent r="3" t="233" w="367" /><ent r="3" t="233" w="366" /><ent r="3" t="238" w="317" /><ent r="3" t="238" w="316" /><ent r="3" t="244" w="344" /><ent r="3" t="244" w="343" /><ent r="3" t="244" w="433" /><ent r="3" t="244" w="432" /></phr><phr n="There's"><ent r="3" t="9" w="192" /><ent r="3" t="9" w="191" /><ent r="3" t="10" w="187" /><ent r="3" t="10" w="186" /><ent r="3" t="17" w="317" /><ent r="3" t="17" w="316" /><ent r="3" t="27" w="754" /><ent r="3" t="27" w="753" /><ent r="3" t="41" w="34" /><ent r="3" t="41" w="33" /><ent r="3" t="60" w="78" /><ent r="3" t="60" w="77" /><ent r="3" t="96" w="46" /><ent r="3" t="96" w="45" /><ent r="3" t="226" w="32" /><ent r="3" t="226" w="31" /><ent r="8" t="228" w="146" /><ent r="8" t="228" w="145" /><ent r="3" t="233" w="167" /><ent r="3" t="233" w="166" /></phr></stem><stem n="'re"><phr n="'re"><ent r="3" t="9" w="89" /><ent r="3" t="9" w="332" /><ent r="3" t="9" w="404" /><ent r="3" t="22" w="55" /><ent r="3" t="27" w="96" /><ent r="3" t="44" w="270" /><ent r="4" t="59" w="333" /><ent r="4" t="59" w="350" /><ent r="3" t="65" w="162" /><ent r="3" t="69" w="58" /><ent r="3" t="81" w="9" /><ent r="3" t="114" w="687" /><ent r="3" t="117" w="780" /><ent r="4" t="120" w="299" /><ent r="3" t="129" w="234" /><ent r="4" t="140" w="431" /><ent r="4" t="140" w="496" /><ent r="3" t="190" w="381" /><ent r="3" t="210" w="23" /><ent r="3" t="219" w="17" /><ent r="3" t="220" w="27" /><ent r="3" t="229" w="40" /><ent r="3" t="233" w="578" /><ent r="3" t="241" w="63" /><ent r="3" t="244" w="371" /><ent r="3" t="265" w="744" /><ent r="3" t="266" w="514" /><ent r="3" t="268" w="344" /><ent r="4" t="276" w="84" /><ent r="4" t="278" w="65" /><ent r="3" t="293" w="146" /><ent r="3" t="293" w="173" /><ent r="3" t="302" w="86" /><ent r="3" t="308" w="34" /></phr></stem><stem n="you'r"><phr n="you're"><ent r="3" t="9" w="89" /><ent r="3" t="9" w="88" /><ent r="3" t="9" w="332" /><ent r="3" t="9" w="331" /><ent r="3" t="9" w="404" /><ent r="3" t="9" w="403" /><ent r="3" t="22" w="55" /><ent r="3" t="22" w="54" /><ent r="3" t="27" w="96" /><ent r="3" t="27" w="95" /><ent r="3" t="44" w="270" /><ent r="3" t="44" w="269" /><ent r="4" t="59" w="350" /><ent r="4" t="59" w="349" /><ent r="3" t="65" w="162" /><ent r="3" t="65" w="161" /><ent r="3" t="69" w="58" /><ent r="3" t="69" w="57" /><ent r="3" t="81" w="9" /><ent r="3" t="81" w="8" /><ent r="3" t="114" w="687" /><ent r="3" t="114" w="686" /><ent r="3" t="117" w="780" /><ent r="3" t="117" w="779" /><ent r="4" t="120" w="299" /><ent r="4" t="120" w="298" /><ent r="3" t="129" w="234" /><ent r="3" t="129" w="233" /><ent r="4" t="140" w="431" /><ent r="4" t="140" w="430" /><ent r="4" t="140" w="496" /><ent r="4" t="140" w="495" /><ent r="3" t="190" w="381" /><ent r="3" t="190" w="380" /><ent r="3" t="210" w="23" /><ent r="3" t="210" w="22" /><ent r="3" t="219" w="17" /><ent r="3" t="219" w="16" /><ent r="3" t="220" w="27" /><ent r="3" t="220" w="26" /><ent r="3" t="229" w="40" /><ent r="3" t="229" w="39" /><ent r="3" t="233" w="578" /><ent r="3" t="233" w="577" /><ent r="3" t="241" w="63" /><ent r="3" t="241" w="62" /><ent r="3" t="244" w="371" /><ent r="3" t="244" w="370" /><ent r="3" t="265" w="744" /><ent r="3" t="265" w="743" /><ent r="3" t="266" w="514" /><ent r="3" t="266" w="513" /><ent r="3" t="268" w="344" /><ent r="3" t="268" w="343" /><ent r="4" t="276" w="84" /><ent r="4" t="276" w="83" /><ent r="4" t="278" w="65" /><ent r="4" t="278" w="64" /><ent r="3" t="293" w="146" /><ent r="3" t="293" w="145" /><ent r="3" t="293" w="173" /><ent r="3" t="293" w="172" /><ent r="3" t="308" w="34" /><ent r="3" t="308" w="33" /></phr><phr n="You're"><ent r="4" t="59" w="333" /><ent r="4" t="59" w="332" /></phr></stem><stem n="4"><phr n="4"><ent r="3" t="9" w="94" /><ent r="92" t="9" w="394" /><ent r="6" t="37" w="186" /><ent r="4" t="158" w="60" /><ent r="4" t="158" w="87" /><ent r="3" t="169" w="69" /><ent r="6" t="268" w="223" /><ent r="3" t="274" w="300" /><ent r="4" t="287" w="112" /><ent r="4" t="305" w="211" /><ent r="3" t="306" w="67" /><ent r="4" t="306" w="207" /><ent r="6" t="313" w="29" /><ent r="6" t="313" w="54" /><ent r="6" t="313" w="276" /><ent r="6" t="313" w="317" /></phr></stem><stem n="4.0"><phr n="4.0"><ent r="3" t="9" w="95" /><ent r="3" t="9" w="94" /><ent r="6" t="268" w="224" /><ent r="6" t="268" w="223" /><ent r="4" t="287" w="113" /><ent r="4" t="287" w="112" /></phr></stem><stem n="4.0."><phr n="4.0."><ent r="3" t="9" w="95" /><ent r="3" t="9" w="94" /></phr></stem><stem n=".0."><phr n=".0."><ent r="3" t="9" w="96" /><ent r="3" t="260" w="32" /></phr></stem><stem n="-file"><phr n="-file"><ent r="3" t="9" w="102" /><ent r="3" t="9" w="102" /><ent r="3" t="9" w="120" /><ent r="3" t="9" w="120" /><ent r="3" t="79" w="68" /><ent r="3" t="79" w="68" /><ent r="3" t="80" w="12" /><ent r="3" t="80" w="12" /><ent r="3" t="80" w="110" /><ent r="3" t="80" w="110" /><ent r="3" t="87" w="60" /><ent r="3" t="87" w="60" /><ent r="3" t="87" w="71" /><ent r="3" t="87" w="71" /><ent r="3" t="106" w="332" /><ent r="3" t="106" w="332" /><ent r="7" t="128" w="90" /><ent r="7" t="128" w="90" /><ent r="7" t="128" w="145" /><ent r="7" t="128" w="145" /><ent r="3" t="137" w="168" /><ent r="3" t="137" w="168" /><ent r="6" t="173" w="171" /><ent r="6" t="173" w="171" /><ent r="3" t="177" w="13" /><ent r="3" t="177" w="13" /><ent r="3" t="306" w="462" /><ent r="3" t="306" w="462" /></phr><phr n="-files"><ent r="5" t="9" w="385" /><ent r="5" t="9" w="385" /><ent r="3" t="21" w="429" /><ent r="3" t="21" w="429" /><ent r="3" t="175" w="17" /><ent r="3" t="175" w="17" /><ent r="3" t="268" w="187" /><ent r="3" t="268" w="187" /><ent r="3" t="268" w="382" /><ent r="3" t="268" w="382" /><ent r="3" t="304" w="42" /><ent r="3" t="304" w="42" /></phr><phr n="-File"><ent r="6" t="268" w="198" /><ent r="6" t="268" w="198" /></phr></stem><stem n="zip"><phr n="ZIP"><ent r="3" t="9" w="102" /><ent r="3" t="9" w="120" /></phr><phr n="zip"><ent r="4" t="287" w="86" /></phr></stem><stem n="zip-fil"><phr n="ZIP-file"><ent r="3" t="9" w="102" /><ent r="3" t="9" w="120" /></phr></stem><stem n="file"><phr n="file"><ent r="3" t="9" w="103" /><ent r="3" t="9" w="111" /><ent r="3" t="9" w="121" /><ent r="3" t="10" w="53" /><ent r="3" t="36" w="55" /><ent r="3" t="36" w="73" /><ent r="6" t="37" w="60" /><ent r="3" t="65" w="104" /><ent r="3" t="70" w="26" /><ent r="3" t="71" w="19" /><ent r="3" t="71" w="76" /><ent r="3" t="71" w="94" /><ent r="3" t="71" w="105" /><ent r="3" t="71" w="121" /><ent r="3" t="72" w="152" /><ent r="3" t="77" w="10" /><ent r="3" t="77" w="23" /><ent r="3" t="77" w="29" /><ent r="3" t="77" w="38" /><ent r="3" t="77" w="61" /><ent r="3" t="77" w="70" /><ent r="3" t="77" w="75" /><ent r="3" t="77" w="83" /><ent r="3" t="78" w="18" /><ent r="3" t="78" w="67" /><ent r="3" t="78" w="82" /><ent r="3" t="78" w="107" /><ent r="4" t="78" w="147" /><ent r="4" t="78" w="172" /><ent r="4" t="78" w="282" /><ent r="4" t="78" w="286" /><ent r="4" t="78" w="291" /><ent r="3" t="79" w="34" /><ent r="3" t="79" w="69" /><ent r="3" t="79" w="131" /><ent r="3" t="79" w="159" /><ent r="3" t="79" w="176" /><ent r="3" t="79" w="196" /><ent r="3" t="79" w="202" /><ent r="3" t="80" w="13" /><ent r="3" t="80" w="31" /><ent r="4" t="80" w="51" /><ent r="4" t="80" w="80" /><ent r="3" t="80" w="103" /><ent r="3" t="80" w="111" /><ent r="3" t="80" w="123" /><ent r="4" t="80" w="154" /><ent r="4" t="80" w="157" /><ent r="4" t="80" w="191" /><ent r="4" t="80" w="194" /><ent r="64" t="81" w="18" /><ent r="3" t="82" w="23" /><ent r="3" t="82" w="64" /><ent r="3" t="84" w="22" /><ent r="3" t="84" w="25" /><ent r="3" t="85" w="16" /><ent r="3" t="87" w="36" /><ent r="3" t="87" w="54" /><ent r="3" t="87" w="61" /><ent r="3" t="87" w="72" /><ent r="3" t="88" w="74" /><ent r="5" t="92" w="291" /><ent r="5" t="92" w="296" /><ent r="4" t="105" w="90" /><ent r="4" t="105" w="111" /><ent r="4" t="105" w="135" /><ent r="3" t="105" w="179" /><ent r="4" t="106" w="38" /><ent r="4" t="106" w="43" /><ent r="3" t="106" w="214" /><ent r="4" t="106" w="228" /><ent r="4" t="106" w="248" /><ent r="3" t="106" w="274" /><ent r="4" t="106" w="278" /><ent r="4" t="106" w="298" /><ent r="3" t="106" w="333" /><ent r="3" t="112" w="147" /><ent r="3" t="127" w="180" /><ent r="3" t="127" w="272" /><ent r="3" t="127" w="351" /><ent r="3" t="127" w="357" /><ent r="5" t="128" w="61" /><ent r="7" t="128" w="91" /><ent r="7" t="128" w="146" /><ent r="3" t="137" w="169" /><ent r="3" t="137" w="244" /><ent r="3" t="140" w="32" /><ent r="64" t="142" w="116" /><ent r="64" t="142" w="213" /><ent r="3" t="148" w="12" /><ent r="3" t="148" w="170" /><ent r="3" t="148" w="188" /><ent r="3" t="148" w="201" /><ent r="4" t="148" w="229" /><ent r="4" t="148" w="241" /><ent r="3" t="169" w="90" /><ent r="3" t="173" w="12" /><ent r="3" t="173" w="23" /><ent r="3" t="173" w="41" /><ent r="3" t="173" w="47" /><ent r="3" t="173" w="65" /><ent r="8" t="173" w="124" /><ent r="6" t="173" w="172" /><ent r="6" t="173" w="228" /><ent r="3" t="174" w="24" /><ent r="3" t="174" w="58" /><ent r="4" t="174" w="108" /><ent r="4" t="174" w="139" /><ent r="3" t="174" w="218" /><ent r="3" t="175" w="31" /><ent r="3" t="176" w="34" /><ent r="3" t="177" w="14" /><ent r="3" t="177" w="37" /><ent r="3" t="177" w="74" /><ent r="3" t="177" w="88" /><ent r="3" t="178" w="56" /><ent r="3" t="178" w="85" /><ent r="3" t="178" w="103" /><ent r="3" t="178" w="129" /><ent r="3" t="179" w="23" /><ent r="3" t="179" w="43" /><ent r="4" t="182" w="57" /><ent r="4" t="182" w="84" /><ent r="4" t="182" w="113" /><ent r="3" t="183" w="28" /><ent r="3" t="185" w="124" /><ent r="65" t="186" w="29" /><ent r="4" t="186" w="108" /><ent r="3" t="187" w="15" /><ent r="4" t="187" w="60" /><ent r="4" t="187" w="115" /><ent r="3" t="187" w="127" /><ent r="3" t="188" w="623" /><ent r="3" t="193" w="15" /><ent r="4" t="193" w="79" /><ent r="4" t="193" w="310" /><ent r="3" t="224" w="395" /><ent r="64" t="225" w="43" /><ent r="3" t="226" w="113" /><ent r="6" t="237" w="162" /><ent r="6" t="237" w="221" /><ent r="3" t="239" w="104" /><ent r="3" t="242" w="60" /><ent r="4" t="242" w="116" /><ent r="3" t="257" w="155" /><ent r="4" t="258" w="72" /><ent r="4" t="259" w="132" /><ent r="5" t="262" w="259" /><ent r="3" t="266" w="494" /><ent r="3" t="267" w="24" /><ent r="4" t="267" w="82" /><ent r="6" t="270" w="338" /><ent r="6" t="270" w="348" /><ent r="6" t="270" w="395" /><ent r="4" t="272" w="174" /><ent r="4" t="272" w="205" /><ent r="4" t="272" w="250" /><ent r="4" t="272" w="282" /><ent r="3" t="272" w="321" /><ent r="3" t="272" w="344" /><ent r="3" t="272" w="366" /><ent r="4" t="272" w="392" /><ent r="4" t="272" w="408" /><ent r="4" t="272" w="467" /><ent r="4" t="272" w="493" /><ent r="3" t="278" w="22" /><ent r="65" t="278" w="27" /><ent r="4" t="278" w="39" /><ent r="4" t="278" w="61" /><ent r="3" t="279" w="41" /><ent r="3" t="281" w="150" /><ent r="3" t="281" w="168" /><ent r="64" t="282" w="293" /><ent r="3" t="282" w="320" /><ent r="64" t="284" w="63" /><ent r="3" t="284" w="235" /><ent r="3" t="285" w="25" /><ent r="3" t="285" w="55" /><ent r="3" t="285" w="69" /><ent r="3" t="285" w="293" /><ent r="3" t="286" w="25" /><ent r="3" t="289" w="65" /><ent r="3" t="292" w="190" /><ent r="3" t="297" w="611" /><ent r="3" t="297" w="626" /><ent r="5" t="298" w="301" /><ent r="3" t="298" w="518" /><ent r="3" t="298" w="528" /><ent r="3" t="298" w="534" /><ent r="3" t="299" w="36" /><ent r="4" t="299" w="57" /><ent r="3" t="299" w="74" /><ent r="3" t="299" w="92" /><ent r="4" t="299" w="129" /><ent r="6" t="299" w="452" /><ent r="6" t="300" w="142" /><ent r="6" t="300" w="175" /><ent r="6" t="300" w="199" /><ent r="3" t="304" w="54" /><ent r="3" t="306" w="276" /><ent r="3" t="306" w="284" /><ent r="3" t="306" w="299" /><ent r="3" t="306" w="335" /><ent r="3" t="306" w="344" /><ent r="3" t="306" w="353" /><ent r="3" t="306" w="462" /><ent r="3" t="306" w="496" /><ent r="3" t="306" w="622" /><ent r="4" t="307" w="78" /><ent r="3" t="309" w="88" /><ent r="3" t="315" w="61" /></phr><phr n="files"><ent r="5" t="9" w="386" /><ent r="3" t="21" w="429" /><ent r="3" t="22" w="106" /><ent r="3" t="22" w="114" /><ent r="3" t="87" w="28" /><ent r="4" t="95" w="149" /><ent r="4" t="106" w="55" /><ent r="4" t="106" w="65" /><ent r="4" t="106" w="90" /><ent r="4" t="126" w="211" /><ent r="3" t="148" w="38" /><ent r="3" t="148" w="211" /><ent r="3" t="175" w="18" /><ent r="3" t="175" w="34" /><ent r="3" t="176" w="78" /><ent r="3" t="177" w="66" /><ent r="3" t="185" w="16" /><ent r="4" t="186" w="102" /><ent r="3" t="257" w="183" /><ent r="3" t="268" w="188" /><ent r="3" t="268" w="383" /><ent r="6" t="270" w="359" /><ent r="3" t="284" w="171" /><ent r="3" t="284" w="216" /><ent r="6" t="299" w="438" /><ent r="3" t="304" w="43" /></phr><phr n="File"><ent r="4" t="36" w="91" /><ent r="4" t="36" w="131" /><ent r="4" t="36" w="199" /><ent r="4" t="36" w="219" /><ent r="4" t="69" w="390" /><ent r="4" t="69" w="418" /><ent r="1000" t="71" w="4" /><ent r="102" t="71" w="10" /><ent r="92" t="71" w="100" /><ent r="64" t="79" w="164" /><ent r="64" t="79" w="217" /><ent r="1000" t="85" w="3" /><ent r="102" t="85" w="7" /><ent r="1000" t="87" w="5" /><ent r="102" t="87" w="11" /><ent r="4" t="106" w="148" /><ent r="4" t="106" w="177" /><ent r="64" t="127" w="207" /><ent r="1000" t="173" w="1" /><ent r="100" t="173" w="5" /><ent r="102" t="173" w="8" /><ent r="1000" t="174" w="2" /><ent r="102" t="174" w="6" /><ent r="4" t="174" w="95" /><ent r="4" t="174" w="127" /><ent r="4" t="175" w="57" /><ent r="4" t="175" w="86" /><ent r="4" t="176" w="130" /><ent r="4" t="176" w="159" /><ent r="4" t="177" w="113" /><ent r="4" t="177" w="140" /><ent r="4" t="178" w="152" /><ent r="4" t="178" w="177" /><ent r="4" t="179" w="151" /><ent r="4" t="179" w="184" /><ent r="4" t="179" w="278" /><ent r="4" t="179" w="306" /><ent r="4" t="179" w="398" /><ent r="4" t="179" w="424" /><ent r="4" t="179" w="522" /><ent r="4" t="179" w="553" /><ent r="4" t="180" w="69" /><ent r="4" t="180" w="97" /><ent r="4" t="180" w="136" /><ent r="4" t="180" w="177" /><ent r="4" t="181" w="45" /><ent r="4" t="181" w="74" /><ent r="1000" t="182" w="3" /><ent r="102" t="182" w="7" /><ent r="4" t="182" w="73" /><ent r="4" t="182" w="103" /><ent r="4" t="183" w="50" /><ent r="4" t="183" w="79" /><ent r="4" t="184" w="87" /><ent r="4" t="184" w="120" /><ent r="4" t="185" w="132" /><ent r="4" t="185" w="159" /><ent r="4" t="187" w="40" /><ent r="4" t="187" w="91" /><ent r="4" t="187" w="180" /><ent r="4" t="187" w="243" /><ent r="4" t="188" w="52" /><ent r="4" t="188" w="99" /><ent r="4" t="188" w="295" /><ent r="4" t="188" w="341" /><ent r="4" t="188" w="451" /><ent r="4" t="188" w="495" /><ent r="4" t="190" w="87" /><ent r="4" t="190" w="152" /><ent r="4" t="191" w="219" /><ent r="4" t="191" w="292" /><ent r="4" t="193" w="173" /><ent r="4" t="193" w="430" /><ent r="5" t="193" w="589" /><ent r="5" t="193" w="598" /><ent r="4" t="194" w="46" /><ent r="4" t="194" w="87" /><ent r="4" t="249" w="54" /><ent r="4" t="249" w="75" /><ent r="4" t="266" w="573" /><ent r="4" t="266" w="616" /><ent r="6" t="268" w="199" /><ent r="6" t="270" w="323" /><ent r="64" t="282" w="68" /><ent r="1000" t="284" w="5" /><ent r="102" t="284" w="12" /><ent r="4" t="284" w="74" /><ent r="4" t="284" w="103" /><ent r="64" t="285" w="240" /><ent r="6" t="299" w="273" /><ent r="4" t="307" w="73" /></phr><phr n="Files"><ent r="92" t="279" w="32" /></phr></stem><stem n="msi"><phr n="MSI"><ent r="3" t="9" w="106" /><ent r="3" t="9" w="131" /></phr></stem><stem n="msi-instal"><phr n="MSI-installer"><ent r="3" t="9" w="106" /><ent r="3" t="9" w="131" /></phr></stem><stem n="-installer."><phr n="-installer."><ent r="3" t="9" w="108" /><ent r="3" t="9" w="108" /></phr></stem><stem n="comput"><phr n="computer"><ent r="3" t="9" w="114" /></phr></stem><stem n="'ve"><phr n="'ve"><ent r="3" t="9" w="117" /><ent r="3" t="9" w="128" /><ent r="3" t="9" w="264" /><ent r="3" t="21" w="423" /><ent r="3" t="38" w="13" /><ent r="3" t="49" w="1016" /><ent r="5" t="56" w="61" /><ent r="5" t="56" w="117" /><ent r="3" t="66" w="408" /><ent r="3" t="96" w="680" /><ent r="4" t="103" w="123" /><ent r="3" t="123" w="54" /><ent r="4" t="140" w="204" /><ent r="3" t="281" w="180" /><ent r="4" t="287" w="80" /><ent r="3" t="289" w="69" /><ent r="3" t="298" w="14" /><ent r="3" t="301" w="145" /><ent r="3" t="306" w="506" /></phr></stem><stem n="you'v"><phr n="you've"><ent r="3" t="9" w="117" /><ent r="3" t="9" w="116" /><ent r="3" t="9" w="128" /><ent r="3" t="9" w="127" /><ent r="3" t="9" w="264" /><ent r="3" t="9" w="263" /><ent r="3" t="21" w="423" /><ent r="3" t="21" w="422" /><ent r="3" t="49" w="1016" /><ent r="3" t="49" w="1015" /><ent r="3" t="66" w="408" /><ent r="3" t="66" w="407" /><ent r="3" t="96" w="680" /><ent r="3" t="96" w="679" /><ent r="4" t="103" w="123" /><ent r="4" t="103" w="122" /><ent r="4" t="140" w="204" /><ent r="4" t="140" w="203" /><ent r="3" t="281" w="180" /><ent r="3" t="281" w="179" /><ent r="4" t="287" w="80" /><ent r="4" t="287" w="79" /><ent r="3" t="289" w="69" /><ent r="3" t="289" w="68" /><ent r="3" t="298" w="14" /><ent r="3" t="298" w="13" /><ent r="3" t="301" w="145" /><ent r="3" t="301" w="144" /><ent r="3" t="306" w="506" /><ent r="3" t="306" w="505" /></phr><phr n="You've"><ent r="3" t="38" w="13" /><ent r="3" t="38" w="12" /></phr></stem></index>