﻿<?xml version="1.0" encoding="utf-8"?><index><stem n="cover"><phr n="covers"><ent r="3" t="2" w="287" /></phr></stem><stem n="driven"><phr n="driven"><ent r="3" t="2" w="293" /><ent r="3" t="2" w="457" /><ent r="3" t="2" w="462" /><ent r="3" t="2" w="482" /><ent r="2" t="4" w="106" /></phr></stem><stem n="despit"><phr n="despite"><ent r="3" t="2" w="295" /><ent r="3" t="2" w="340" /></phr><phr n="Despite"><ent r="3" t="261" w="98" /></phr></stem><stem n="improv"><phr n="improvements"><ent r="3" t="2" w="296" /><ent r="3" t="90" w="41" /></phr><phr n="improved"><ent r="3" t="3" w="53" /></phr><phr n="Improve"><ent r="92" t="15" w="441" /></phr><phr n="improve"><ent r="3" t="15" w="815" /><ent r="3" t="42" w="694" /><ent r="3" t="107" w="98" /><ent r="3" t="141" w="94" /><ent r="3" t="190" w="32" /><ent r="3" t="191" w="18" /><ent r="3" t="199" w="28" /><ent r="3" t="200" w="112" /><ent r="3" t="275" w="26" /><ent r="3" t="282" w="328" /><ent r="3" t="289" w="234" /><ent r="3" t="293" w="15" /></phr><phr n="improves"><ent r="4" t="59" w="364" /><ent r="5" t="191" w="204" /><ent r="5" t="191" w="272" /><ent r="3" t="207" w="98" /><ent r="4" t="278" w="96" /></phr><phr n="Improving"><ent r="92" t="74" w="570" /></phr><phr n="improvement"><ent r="3" t="74" w="586" /><ent r="3" t="191" w="184" /></phr><phr n="Improved"><ent r="4" t="186" w="91" /></phr></stem><stem n="increment"><phr n="incremental"><ent r="3" t="2" w="301" /></phr><phr n="increment"><ent r="3" t="99" w="14" /><ent r="3" t="99" w="235" /><ent r="4" t="99" w="315" /><ent r="4" t="99" w="420" /><ent r="3" t="99" w="893" /><ent r="4" t="99" w="906" /><ent r="4" t="99" w="944" /><ent r="4" t="99" w="960" /><ent r="4" t="99" w="980" /><ent r="4" t="99" w="1007" /><ent r="4" t="99" w="1017" /><ent r="64" t="251" w="250" /><ent r="4" t="251" w="282" /><ent r="4" t="251" w="320" /><ent r="4" t="251" w="336" /><ent r="4" t="251" w="356" /><ent r="4" t="251" w="383" /><ent r="4" t="251" w="393" /></phr><phr n="incremented"><ent r="3" t="99" w="64" /><ent r="3" t="99" w="109" /><ent r="3" t="99" w="122" /><ent r="3" t="99" w="246" /><ent r="3" t="99" w="442" /></phr><phr n="increments"><ent r="3" t="99" w="457" /><ent r="3" t="99" w="627" /></phr></stem><stem n="reek"><phr n="reek"><ent r="3" t="2" w="307" /></phr></stem><stem n="havoc"><phr n="havoc"><ent r="3" t="2" w="308" /></phr></stem><stem n="schema"><phr n="schema"><ent r="3" t="2" w="311" /><ent r="3" t="7" w="93" /><ent r="3" t="119" w="21" /><ent r="4" t="126" w="96" /><ent r="6" t="143" w="207" /><ent r="3" t="153" w="20" /><ent r="3" t="153" w="96" /><ent r="4" t="153" w="124" /><ent r="4" t="153" w="151" /><ent r="3" t="267" w="119" /></phr><phr n="Schema"><ent r="64" t="65" w="172" /><ent r="1000" t="118" w="3" /><ent r="100" t="118" w="8" /><ent r="102" t="118" w="13" /><ent r="3" t="118" w="48" /><ent r="100" t="119" w="4" /><ent r="100" t="120" w="4" /><ent r="100" t="121" w="10" /><ent r="100" t="124" w="13" /><ent r="100" t="125" w="14" /><ent r="1000" t="153" w="2" /><ent r="102" t="153" w="7" /><ent r="64" t="219" w="23" /><ent r="64" t="223" w="672" /></phr></stem><stem n="evolut"><phr n="evolution"><ent r="3" t="2" w="312" /><ent r="3" t="153" w="97" /><ent r="4" t="153" w="125" /><ent r="4" t="153" w="152" /></phr><phr n="Evolution"><ent r="64" t="65" w="173" /><ent r="1000" t="118" w="4" /><ent r="100" t="118" w="9" /><ent r="102" t="118" w="14" /><ent r="3" t="118" w="49" /><ent r="100" t="119" w="5" /><ent r="100" t="120" w="5" /><ent r="100" t="121" w="11" /><ent r="100" t="124" w="14" /><ent r="100" t="125" w="15" /><ent r="64" t="219" w="24" /><ent r="64" t="223" w="673" /></phr></stem><stem n="complic"><phr n="complicated"><ent r="3" t="2" w="316" /><ent r="3" t="227" w="52" /></phr></stem><stem n="problemat"><phr n="problematic"><ent r="3" t="2" w="322" /></phr></stem><stem n="keep"><phr n="keeping"><ent r="3" t="2" w="323" /><ent r="4" t="259" w="81" /></phr><phr n="keep"><ent r="3" t="17" w="388" /><ent r="3" t="34" w="293" /><ent r="3" t="38" w="430" /><ent r="3" t="40" w="221" /><ent r="3" t="42" w="27" /><ent r="3" t="49" w="307" /><ent r="3" t="88" w="21" /><ent r="3" t="116" w="76" /><ent r="3" t="117" w="64" /><ent r="3" t="134" w="172" /><ent r="3" t="150" w="128" /><ent r="3" t="166" w="436" /><ent r="3" t="171" w="20" /><ent r="3" t="188" w="231" /><ent r="3" t="191" w="126" /><ent r="3" t="200" w="153" /><ent r="3" t="230" w="98" /><ent r="3" t="238" w="234" /><ent r="3" t="243" w="40" /><ent r="3" t="243" w="57" /><ent r="3" t="267" w="64" /><ent r="3" t="282" w="152" /><ent r="3" t="285" w="40" /><ent r="3" t="285" w="150" /></phr><phr n="keeps"><ent r="3" t="38" w="217" /><ent r="3" t="47" w="55" /><ent r="3" t="69" w="29" /><ent r="3" t="99" w="229" /><ent r="3" t="99" w="242" /><ent r="3" t="122" w="21" /><ent r="3" t="131" w="90" /><ent r="3" t="179" w="56" /><ent r="3" t="188" w="143" /><ent r="3" t="224" w="291" /></phr><phr n="Keep"><ent r="3" t="240" w="118" /><ent r="3" t="240" w="793" /><ent r="3" t="240" w="980" /></phr></stem><stem n="sync"><phr n="sync"><ent r="3" t="2" w="326" /><ent r="3" t="174" w="42" /><ent r="3" t="174" w="47" /></phr><phr n="Sync"><ent r="1000" t="174" w="3" /><ent r="102" t="174" w="7" /><ent r="4" t="193" w="263" /><ent r="4" t="193" w="276" /><ent r="4" t="193" w="543" /><ent r="4" t="193" w="556" /></phr><phr n="Syncing"><ent r="4" t="193" w="271" /><ent r="4" t="193" w="551" /></phr></stem><stem n="intern"><phr n="internal"><ent r="3" t="2" w="329" /><ent r="3" t="2" w="513" /><ent r="3" t="11" w="77" /><ent r="64" t="17" w="171" /><ent r="3" t="20" w="88" /><ent r="5" t="31" w="1615" /><ent r="3" t="40" w="60" /><ent r="3" t="40" w="63" /><ent r="5" t="42" w="57" /><ent r="5" t="60" w="197" /><ent r="3" t="65" w="179" /><ent r="3" t="69" w="89" /><ent r="3" t="69" w="120" /><ent r="3" t="69" w="127" /><ent r="4" t="69" w="151" /><ent r="4" t="69" w="178" /><ent r="3" t="69" w="195" /><ent r="3" t="69" w="206" /><ent r="4" t="69" w="265" /><ent r="4" t="69" w="326" /><ent r="3" t="70" w="93" /><ent r="3" t="71" w="139" /><ent r="5" t="114" w="285" /><ent r="5" t="116" w="133" /><ent r="3" t="127" w="87" /><ent r="3" t="129" w="18" /><ent r="5" t="130" w="83" /><ent r="3" t="176" w="82" /><ent r="3" t="184" w="48" /><ent r="3" t="246" w="146" /><ent r="3" t="247" w="37" /><ent r="3" t="248" w="16" /><ent r="3" t="248" w="34" /><ent r="3" t="248" w="46" /><ent r="3" t="248" w="66" /><ent r="4" t="248" w="87" /><ent r="4" t="248" w="114" /><ent r="4" t="248" w="201" /><ent r="4" t="248" w="262" /><ent r="3" t="276" w="217" /><ent r="64" t="279" w="54" /><ent r="6" t="300" w="162" /><ent r="6" t="300" w="171" /><ent r="6" t="300" w="178" /></phr><phr n="internals"><ent r="3" t="2" w="433" /><ent r="3" t="108" w="58" /></phr><phr n="Internal"><ent r="100" t="69" w="5" /><ent r="92" t="69" w="73" /><ent r="92" t="247" w="31" /><ent r="64" t="247" w="57" /><ent r="64" t="247" w="69" /><ent r="8" t="247" w="76" /><ent r="1000" t="248" w="2" /><ent r="102" t="248" w="6" /></phr><phr n="internally"><ent r="3" t="69" w="103" /><ent r="3" t="115" w="99" /><ent r="3" t="121" w="52" /><ent r="3" t="131" w="8" /><ent r="6" t="270" w="393" /><ent r="6" t="270" w="423" /><ent r="4" t="277" w="135" /><ent r="3" t="284" w="268" /></phr><phr n="intern"><ent r="6" t="143" w="238" /><ent r="3" t="156" w="14" /><ent r="3" t="156" w="23" /><ent r="4" t="156" w="42" /><ent r="4" t="156" w="68" /><ent r="3" t="156" w="91" /><ent r="3" t="156" w="102" /></phr><phr n="Intern"><ent r="1000" t="156" w="1" /><ent r="102" t="156" w="4" /></phr></stem><stem n="primari"><phr n="Primary"><ent r="3" t="2" w="332" /></phr><phr n="primary"><ent r="3" t="2" w="371" /><ent r="3" t="5" w="21" /><ent r="3" t="70" w="28" /></phr></stem><stem n="fact"><phr n="fact"><ent r="3" t="2" w="338" /><ent r="3" t="166" w="132" /><ent r="3" t="191" w="148" /><ent r="3" t="208" w="88" /><ent r="3" t="243" w="169" /><ent r="3" t="258" w="25" /></phr></stem><stem n="be"><phr n="being"><ent r="3" t="2" w="341" /><ent r="3" t="2" w="525" /><ent r="3" t="39" w="84" /><ent r="3" t="40" w="204" /><ent r="3" t="40" w="273" /><ent r="3" t="43" w="125" /><ent r="3" t="55" w="203" /><ent r="3" t="95" w="97" /><ent r="4" t="102" w="118" /><ent r="3" t="169" w="44" /><ent r="3" t="245" w="88" /><ent r="3" t="276" w="207" /><ent r="3" t="305" w="12" /></phr></stem><stem n="&quot;relat"><phr n="&quot;relational"><ent r="3" t="2" w="344" /></phr></stem><stem n="&quot;,"><phr n="&quot;,"><ent r="3" t="2" w="346" /><ent r="4" t="193" w="175" /><ent r="4" t="193" w="206" /><ent r="4" t="193" w="245" /><ent r="4" t="193" w="272" /><ent r="4" t="193" w="432" /><ent r="4" t="193" w="474" /><ent r="4" t="193" w="522" /><ent r="4" t="193" w="552" /><ent r="5" t="277" w="176" /><ent r="5" t="277" w="227" /></phr></stem><stem n="rdbm"><phr n="RDBMS"><ent r="65" t="2" w="348" /><ent r="65" t="3" w="41" /><ent r="65" t="4" w="147" /><ent r="3" t="4" w="696" /><ent r="68" t="5" w="131" /><ent r="3" t="5" w="506" /><ent r="65" t="7" w="20" /><ent r="3" t="7" w="28" /><ent r="3" t="7" w="423" /><ent r="3" t="7" w="601" /><ent r="3" t="7" w="709" /><ent r="65" t="99" w="21" /><ent r="70" t="247" w="340" /></phr></stem><stem n="doe"><phr n="does"><ent r="3" t="2" w="355" /><ent r="3" t="14" w="1173" /><ent r="3" t="16" w="24" /><ent r="3" t="20" w="303" /><ent r="3" t="31" w="1275" /><ent r="3" t="31" w="1438" /><ent r="3" t="35" w="73" /><ent r="3" t="37" w="12" /><ent r="3" t="38" w="37" /><ent r="3" t="40" w="26" /><ent r="3" t="40" w="31" /><ent r="3" t="40" w="226" /><ent r="3" t="41" w="95" /><ent r="3" t="41" w="151" /><ent r="3" t="44" w="32" /><ent r="3" t="44" w="43" /><ent r="3" t="44" w="88" /><ent r="3" t="47" w="51" /><ent r="3" t="66" w="71" /><ent r="4" t="66" w="660" /><ent r="4" t="66" w="748" /><ent r="3" t="99" w="8" /><ent r="3" t="100" w="8" /><ent r="3" t="104" w="8" /><ent r="3" t="104" w="36" /><ent r="3" t="112" w="12" /><ent r="3" t="112" w="226" /><ent r="3" t="123" w="10" /><ent r="3" t="148" w="28" /><ent r="3" t="148" w="51" /><ent r="3" t="166" w="92" /><ent r="3" t="167" w="37" /><ent r="3" t="172" w="31" /><ent r="3" t="188" w="581" /><ent r="3" t="231" w="82" /><ent r="3" t="238" w="296" /><ent r="3" t="243" w="224" /><ent r="3" t="261" w="19" /><ent r="3" t="261" w="66" /><ent r="6" t="270" w="340" /><ent r="3" t="272" w="30" /><ent r="3" t="283" w="244" /><ent r="3" t="293" w="132" /></phr><phr n="Does"><ent r="5" t="92" w="211" /></phr></stem><stem n="store"><phr n="store"><ent r="3" t="2" w="357" /><ent r="5" t="8" w="85" /><ent r="5" t="8" w="183" /><ent r="3" t="10" w="178" /><ent r="3" t="10" w="206" /><ent r="3" t="10" w="485" /><ent r="4" t="33" w="182" /><ent r="3" t="38" w="31" /><ent r="3" t="38" w="377" /><ent r="3" t="38" w="389" /><ent r="3" t="38" w="405" /><ent r="3" t="42" w="318" /><ent r="3" t="44" w="24" /><ent r="3" t="44" w="59" /><ent r="3" t="44" w="82" /><ent r="3" t="44" w="229" /><ent r="3" t="44" w="244" /><ent r="3" t="45" w="21" /><ent r="3" t="45" w="40" /><ent r="4" t="45" w="182" /><ent r="4" t="45" w="310" /><ent r="3" t="45" w="333" /><ent r="3" t="45" w="346" /><ent r="5" t="45" w="393" /><ent r="4" t="45" w="418" /><ent r="5" t="45" w="454" /><ent r="4" t="45" w="475" /><ent r="3" t="45" w="497" /><ent r="3" t="45" w="511" /><ent r="3" t="46" w="32" /><ent r="3" t="46" w="348" /><ent r="3" t="47" w="37" /><ent r="5" t="49" w="1105" /><ent r="5" t="49" w="1253" /><ent r="3" t="58" w="63" /><ent r="4" t="59" w="372" /><ent r="3" t="60" w="62" /><ent r="3" t="61" w="24" /><ent r="3" t="61" w="46" /><ent r="3" t="61" w="56" /><ent r="3" t="61" w="89" /><ent r="3" t="61" w="163" /><ent r="3" t="66" w="356" /><ent r="3" t="66" w="377" /><ent r="4" t="96" w="377" /><ent r="4" t="96" w="409" /><ent r="4" t="96" w="502" /><ent r="4" t="96" w="992" /><ent r="3" t="103" w="27" /><ent r="3" t="103" w="77" /><ent r="4" t="105" w="118" /><ent r="4" t="106" w="76" /><ent r="3" t="109" w="11" /><ent r="3" t="112" w="40" /><ent r="3" t="112" w="200" /><ent r="3" t="112" w="261" /><ent r="5" t="114" w="296" /><ent r="5" t="114" w="361" /><ent r="5" t="114" w="433" /><ent r="5" t="114" w="571" /><ent r="3" t="114" w="825" /><ent r="3" t="114" w="850" /><ent r="4" t="115" w="42" /><ent r="4" t="115" w="54" /><ent r="4" t="115" w="76" /><ent r="3" t="116" w="46" /><ent r="3" t="129" w="98" /><ent r="3" t="137" w="111" /><ent r="3" t="146" w="148" /><ent r="3" t="155" w="16" /><ent r="3" t="166" w="368" /><ent r="3" t="177" w="32" /><ent r="3" t="181" w="13" /><ent r="3" t="194" w="34" /><ent r="3" t="218" w="14" /><ent r="3" t="218" w="25" /><ent r="3" t="218" w="54" /><ent r="3" t="221" w="14" /><ent r="3" t="221" w="26" /><ent r="3" t="240" w="298" /><ent r="3" t="240" w="786" /><ent r="3" t="246" w="49" /><ent r="3" t="251" w="273" /><ent r="3" t="252" w="33" /><ent r="3" t="252" w="40" /><ent r="3" t="252" w="51" /><ent r="3" t="253" w="14" /><ent r="3" t="253" w="53" /><ent r="3" t="253" w="319" /><ent r="5" t="254" w="165" /><ent r="5" t="254" w="309" /><ent r="3" t="260" w="333" /><ent r="3" t="260" w="358" /><ent r="3" t="263" w="83" /><ent r="3" t="263" w="453" /><ent r="3" t="273" w="83" /><ent r="3" t="275" w="59" /><ent r="3" t="275" w="83" /><ent r="3" t="275" w="108" /><ent r="3" t="275" w="130" /><ent r="3" t="275" w="148" /><ent r="3" t="281" w="306" /><ent r="5" t="281" w="354" /><ent r="5" t="281" w="470" /><ent r="3" t="284" w="140" /><ent r="3" t="285" w="134" /></phr><phr n="stores"><ent r="3" t="4" w="645" /><ent r="3" t="44" w="167" /><ent r="3" t="45" w="670" /><ent r="3" t="47" w="60" /><ent r="3" t="48" w="132" /><ent r="3" t="72" w="103" /><ent r="3" t="83" w="8" /><ent r="3" t="88" w="70" /><ent r="3" t="99" w="450" /><ent r="3" t="111" w="72" /><ent r="5" t="112" w="1222" /><ent r="5" t="112" w="1284" /><ent r="3" t="146" w="11" /><ent r="3" t="169" w="9" /><ent r="3" t="222" w="11" /><ent r="3" t="282" w="308" /><ent r="3" t="292" w="192" /></phr><phr n="stored"><ent r="3" t="7" w="392" /><ent r="3" t="24" w="538" /><ent r="3" t="27" w="91" /><ent r="3" t="27" w="1084" /><ent r="3" t="27" w="1092" /><ent r="5" t="27" w="1139" /><ent r="5" t="27" w="1204" /><ent r="5" t="28" w="736" /><ent r="5" t="28" w="808" /><ent r="3" t="28" w="885" /><ent r="4" t="33" w="192" /><ent r="3" t="34" w="90" /><ent r="6" t="37" w="138" /><ent r="3" t="38" w="53" /><ent r="3" t="38" w="227" /><ent r="3" t="39" w="85" /><ent r="3" t="39" w="174" /><ent r="3" t="41" w="30" /><ent r="3" t="44" w="103" /><ent r="3" t="44" w="150" /><ent r="3" t="44" w="217" /><ent r="5" t="45" w="130" /><ent r="5" t="45" w="243" /><ent r="3" t="46" w="42" /><ent r="5" t="46" w="94" /><ent r="5" t="46" w="225" /><ent r="4" t="47" w="105" /><ent r="3" t="48" w="121" /><ent r="3" t="49" w="271" /><ent r="3" t="49" w="333" /><ent r="3" t="50" w="978" /><ent r="5" t="50" w="1012" /><ent r="5" t="50" w="1073" /><ent r="3" t="55" w="165" /><ent r="3" t="55" w="204" /><ent r="3" t="65" w="163" /><ent r="3" t="65" w="203" /><ent r="3" t="66" w="345" /><ent r="3" t="67" w="32" /><ent r="3" t="70" w="53" /><ent r="3" t="70" w="99" /><ent r="5" t="70" w="106" /><ent r="4" t="70" w="147" /><ent r="5" t="70" w="161" /><ent r="4" t="70" w="219" /><ent r="3" t="70" w="229" /><ent r="3" t="70" w="274" /><ent r="3" t="70" w="286" /><ent r="4" t="70" w="440" /><ent r="4" t="70" w="597" /><ent r="3" t="70" w="638" /><ent r="3" t="70" w="648" /><ent r="3" t="74" w="35" /><ent r="3" t="85" w="36" /><ent r="3" t="88" w="15" /><ent r="6" t="97" w="73" /><ent r="6" t="97" w="90" /><ent r="6" t="97" w="261" /><ent r="5" t="99" w="710" /><ent r="5" t="99" w="832" /><ent r="3" t="103" w="146" /><ent r="4" t="103" w="185" /><ent r="3" t="105" w="25" /><ent r="4" t="105" w="86" /><ent r="3" t="107" w="84" /><ent r="3" t="111" w="86" /><ent r="3" t="111" w="98" /><ent r="3" t="112" w="128" /><ent r="3" t="112" w="138" /><ent r="3" t="112" w="185" /><ent r="3" t="112" w="1353" /><ent r="5" t="113" w="22" /><ent r="3" t="114" w="14" /><ent r="3" t="114" w="36" /><ent r="3" t="114" w="229" /><ent r="3" t="114" w="964" /><ent r="4" t="114" w="981" /><ent r="3" t="117" w="301" /><ent r="3" t="118" w="70" /><ent r="4" t="119" w="44" /><ent r="4" t="119" w="65" /><ent r="4" t="119" w="71" /><ent r="3" t="121" w="31" /><ent r="3" t="121" w="117" /><ent r="3" t="127" w="376" /><ent r="3" t="129" w="255" /><ent r="4" t="131" w="167" /><ent r="3" t="131" w="218" /><ent r="4" t="132" w="177" /><ent r="4" t="133" w="141" /><ent r="4" t="135" w="202" /><ent r="3" t="135" w="211" /><ent r="3" t="137" w="224" /><ent r="4" t="140" w="317" /><ent r="4" t="140" w="342" /><ent r="3" t="151" w="40" /><ent r="3" t="153" w="62" /><ent r="3" t="153" w="74" /><ent r="3" t="155" w="42" /><ent r="3" t="169" w="67" /><ent r="6" t="173" w="140" /><ent r="3" t="175" w="20" /><ent r="3" t="175" w="27" /><ent r="3" t="179" w="342" /><ent r="3" t="179" w="351" /><ent r="3" t="180" w="13" /><ent r="3" t="185" w="49" /><ent r="3" t="192" w="75" /><ent r="3" t="200" w="39" /><ent r="3" t="218" w="38" /><ent r="4" t="231" w="164" /><ent r="3" t="246" w="26" /><ent r="3" t="247" w="301" /><ent r="3" t="249" w="106" /><ent r="5" t="253" w="115" /><ent r="5" t="253" w="238" /><ent r="3" t="254" w="62" /><ent r="3" t="261" w="211" /><ent r="3" t="264" w="134" /><ent r="3" t="264" w="164" /><ent r="3" t="266" w="225" /><ent r="3" t="272" w="317" /><ent r="3" t="272" w="331" /><ent r="3" t="273" w="64" /><ent r="4" t="273" w="105" /><ent r="5" t="275" w="202" /><ent r="5" t="275" w="333" /><ent r="3" t="276" w="19" /><ent r="4" t="276" w="95" /><ent r="3" t="276" w="137" /><ent r="3" t="276" w="208" /><ent r="3" t="285" w="215" /><ent r="3" t="286" w="8" /><ent r="4" t="286" w="110" /><ent r="3" t="290" w="213" /><ent r="3" t="292" w="31" /><ent r="3" t="292" w="98" /><ent r="3" t="292" w="161" /><ent r="3" t="292" w="178" /></phr><phr n="storing"><ent r="3" t="8" w="62" /><ent r="3" t="11" w="55" /><ent r="3" t="39" w="138" /><ent r="3" t="44" w="18" /><ent r="3" t="56" w="17" /><ent r="4" t="56" w="95" /><ent r="4" t="56" w="155" /><ent r="3" t="65" w="236" /><ent r="4" t="95" w="137" /><ent r="4" t="96" w="987" /><ent r="4" t="99" w="509" /><ent r="4" t="99" w="608" /><ent r="3" t="103" w="56" /><ent r="3" t="105" w="160" /><ent r="4" t="112" w="1398" /><ent r="4" t="112" w="1433" /><ent r="4" t="113" w="45" /><ent r="3" t="114" w="95" /><ent r="4" t="119" w="36" /><ent r="4" t="140" w="348" /><ent r="3" t="159" w="20" /><ent r="3" t="166" w="381" /><ent r="4" t="224" w="149" /><ent r="4" t="224" w="179" /><ent r="4" t="224" w="242" /><ent r="4" t="224" w="273" /><ent r="3" t="240" w="15" /><ent r="3" t="272" w="546" /><ent r="3" t="275" w="463" /><ent r="3" t="285" w="66" /></phr><phr n="Store"><ent r="4" t="8" w="100" /><ent r="4" t="8" w="147" /><ent r="4" t="8" w="201" /><ent r="4" t="8" w="252" /><ent r="4" t="10" w="230" /><ent r="4" t="10" w="235" /><ent r="4" t="10" w="272" /><ent r="4" t="10" w="281" /><ent r="4" t="10" w="539" /><ent r="4" t="10" w="603" /><ent r="4" t="34" w="124" /><ent r="4" t="34" w="133" /><ent r="4" t="34" w="156" /><ent r="4" t="34" w="165" /><ent r="4" t="34" w="210" /><ent r="4" t="34" w="219" /><ent r="4" t="34" w="242" /><ent r="4" t="34" w="251" /><ent r="4" t="34" w="333" /><ent r="4" t="34" w="396" /><ent r="4" t="34" w="587" /><ent r="4" t="34" w="653" /><ent r="4" t="35" w="344" /><ent r="4" t="35" w="347" /><ent r="4" t="35" w="415" /><ent r="4" t="35" w="418" /><ent r="4" t="39" w="215" /><ent r="4" t="45" w="141" /><ent r="4" t="45" w="254" /><ent r="92" t="45" w="322" /><ent r="4" t="45" w="408" /><ent r="4" t="45" w="411" /><ent r="4" t="45" w="469" /><ent r="4" t="45" w="541" /><ent r="4" t="46" w="106" /><ent r="4" t="46" w="237" /><ent r="4" t="49" w="1036" /><ent r="4" t="49" w="1158" /><ent r="4" t="58" w="87" /><ent r="4" t="58" w="153" /><ent r="4" t="58" w="235" /><ent r="4" t="58" w="297" /><ent r="4" t="66" w="201" /><ent r="4" t="66" w="267" /><ent r="4" t="66" w="425" /><ent r="4" t="66" w="434" /><ent r="4" t="66" w="493" /><ent r="4" t="66" w="502" /><ent r="4" t="66" w="614" /><ent r="4" t="66" w="702" /><ent r="4" t="67" w="252" /><ent r="4" t="67" w="259" /><ent r="4" t="67" w="297" /><ent r="4" t="67" w="304" /><ent r="4" t="68" w="36" /><ent r="4" t="68" w="60" /><ent r="4" t="68" w="116" /><ent r="4" t="68" w="143" /><ent r="4" t="74" w="328" /><ent r="4" t="74" w="416" /><ent r="4" t="74" w="980" /><ent r="4" t="74" w="1062" /><ent r="4" t="75" w="270" /><ent r="4" t="75" w="361" /><ent r="4" t="75" w="876" /><ent r="4" t="75" w="960" /><ent r="4" t="76" w="245" /><ent r="4" t="76" w="337" /><ent r="4" t="76" w="824" /><ent r="4" t="76" w="827" /><ent r="4" t="76" w="895" /><ent r="4" t="76" w="898" /><ent r="4" t="99" w="498" /><ent r="4" t="99" w="585" /><ent r="4" t="106" w="226" /><ent r="4" t="106" w="246" /><ent r="4" t="114" w="856" /><ent r="4" t="114" w="867" /><ent r="4" t="114" w="880" /><ent r="4" t="114" w="891" /><ent r="4" t="121" w="361" /><ent r="4" t="121" w="543" /><ent r="4" t="122" w="271" /><ent r="4" t="122" w="343" /><ent r="4" t="124" w="142" /><ent r="4" t="124" w="203" /><ent r="4" t="124" w="281" /><ent r="4" t="125" w="150" /><ent r="4" t="125" w="211" /><ent r="4" t="125" w="289" /><ent r="6" t="128" w="320" /><ent r="6" t="128" w="327" /><ent r="6" t="128" w="377" /><ent r="6" t="128" w="384" /><ent r="4" t="189" w="40" /><ent r="4" t="189" w="67" /><ent r="6" t="209" w="306" /><ent r="1000" t="221" w="1" /><ent r="102" t="221" w="5" /><ent r="4" t="221" w="48" /><ent r="4" t="221" w="82" /><ent r="4" t="227" w="118" /><ent r="4" t="227" w="207" /><ent r="4" t="229" w="132" /><ent r="4" t="229" w="198" /><ent r="4" t="244" w="193" /><ent r="4" t="244" w="266" /><ent r="4" t="253" w="95" /><ent r="4" t="253" w="211" /><ent r="4" t="253" w="363" /><ent r="4" t="253" w="443" /><ent r="4" t="254" w="170" /><ent r="4" t="254" w="173" /><ent r="4" t="254" w="314" /><ent r="4" t="256" w="134" /><ent r="4" t="256" w="200" /><ent r="4" t="256" w="282" /><ent r="4" t="256" w="348" /><ent r="4" t="260" w="391" /><ent r="4" t="263" w="490" /><ent r="4" t="263" w="519" /><ent r="4" t="263" w="549" /><ent r="4" t="263" w="596" /><ent r="4" t="272" w="421" /><ent r="4" t="272" w="510" /><ent r="4" t="275" w="214" /><ent r="4" t="275" w="345" /><ent r="4" t="277" w="127" /><ent r="4" t="302" w="159" /><ent r="4" t="302" w="239" /></phr><phr n="Storing"><ent r="100" t="10" w="154" /><ent r="92" t="10" w="157" /><ent r="3" t="10" w="160" /><ent r="3" t="103" w="36" /><ent r="3" t="105" w="151" /><ent r="1000" t="112" w="1" /><ent r="102" t="112" w="5" /><ent r="67" t="188" w="635" /><ent r="1000" t="189" w="1" /><ent r="102" t="189" w="5" /><ent r="64" t="218" w="73" /><ent r="4" t="263" w="495" /><ent r="4" t="263" w="524" /><ent r="4" t="263" w="569" /><ent r="4" t="263" w="632" /><ent r="65" t="273" w="110" /><ent r="1000" t="276" w="1" /><ent r="102" t="276" w="5" /></phr><phr n="Stored"><ent r="92" t="103" w="137" /></phr></stem><stem n="direct"><phr n="direct"><ent r="3" t="2" w="358" /><ent r="3" t="2" w="446" /><ent r="3" t="26" w="25" /><ent r="3" t="45" w="70" /><ent r="3" t="51" w="126" /><ent r="6" t="299" w="379" /></phr><phr n="directional"><ent r="3" t="240" w="744" /><ent r="4" t="240" w="856" /><ent r="4" t="240" w="924" /></phr></stem><stem n="resolv"><phr n="resolved"><ent r="3" t="2" w="362" /><ent r="3" t="147" w="169" /></phr><phr n="resolve"><ent r="3" t="7" w="407" /></phr><phr n="resolving"><ent r="3" t="132" w="33" /></phr></stem><stem n="set"><phr n="set"><ent r="3" t="2" w="367" /><ent r="3" t="2" w="425" /><ent r="3" t="17" w="155" /><ent r="3" t="18" w="502" /><ent r="3" t="24" w="75" /><ent r="3" t="24" w="163" /><ent r="3" t="24" w="252" /><ent r="3" t="24" w="265" /><ent r="3" t="28" w="101" /><ent r="3" t="28" w="246" /><ent r="3" t="28" w="407" /><ent r="4" t="31" w="1498" /><ent r="4" t="31" w="1531" /><ent r="3" t="32" w="58" /><ent r="3" t="32" w="99" /><ent r="3" t="41" w="142" /><ent r="3" t="42" w="365" /><ent r="5" t="42" w="399" /><ent r="5" t="42" w="424" /><ent r="5" t="42" w="488" /><ent r="5" t="42" w="513" /><ent r="3" t="42" w="702" /><ent r="5" t="49" w="794" /><ent r="3" t="55" w="210" /><ent r="3" t="56" w="189" /><ent r="5" t="56" w="247" /><ent r="5" t="56" w="285" /><ent r="3" t="59" w="100" /><ent r="3" t="82" w="44" /><ent r="3" t="82" w="52" /><ent r="5" t="99" w="144" /><ent r="3" t="107" w="96" /><ent r="3" t="109" w="20" /><ent r="3" t="109" w="23" /><ent r="3" t="109" w="39" /><ent r="3" t="109" w="58" /><ent r="3" t="109" w="65" /><ent r="3" t="109" w="85" /><ent r="3" t="109" w="92" /><ent r="3" t="109" w="112" /><ent r="5" t="109" w="130" /><ent r="5" t="109" w="134" /><ent r="4" t="109" w="152" /><ent r="5" t="109" w="183" /><ent r="5" t="109" w="187" /><ent r="4" t="109" w="205" /><ent r="3" t="109" w="218" /><ent r="3" t="109" w="224" /><ent r="3" t="109" w="229" /><ent r="3" t="109" w="260" /><ent r="3" t="109" w="279" /><ent r="3" t="109" w="296" /><ent r="5" t="109" w="318" /><ent r="4" t="109" w="379" /><ent r="5" t="109" w="428" /><ent r="4" t="109" w="474" /><ent r="3" t="112" w="25" /><ent r="3" t="112" w="36" /><ent r="3" t="116" w="36" /><ent r="3" t="131" w="70" /><ent r="3" t="135" w="162" /><ent r="3" t="142" w="42" /><ent r="3" t="142" w="479" /><ent r="8" t="143" w="95" /><ent r="3" t="159" w="14" /><ent r="4" t="160" w="43" /><ent r="4" t="160" w="76" /><ent r="3" t="165" w="88" /><ent r="3" t="165" w="135" /><ent r="3" t="165" w="165" /><ent r="3" t="166" w="83" /><ent r="3" t="166" w="117" /><ent r="3" t="167" w="69" /><ent r="3" t="167" w="93" /><ent r="3" t="167" w="107" /><ent r="3" t="169" w="55" /><ent r="3" t="173" w="28" /><ent r="8" t="173" w="85" /><ent r="3" t="175" w="40" /><ent r="3" t="176" w="94" /><ent r="3" t="183" w="9" /><ent r="3" t="204" w="28" /><ent r="3" t="234" w="101" /><ent r="3" t="239" w="38" /><ent r="3" t="244" w="104" /><ent r="5" t="244" w="165" /><ent r="5" t="244" w="245" /><ent r="3" t="244" w="354" /><ent r="5" t="251" w="77" /><ent r="5" t="258" w="90" /><ent r="5" t="263" w="133" /><ent r="5" t="264" w="49" /><ent r="5" t="264" w="213" /><ent r="5" t="265" w="220" /><ent r="5" t="265" w="238" /><ent r="5" t="265" w="319" /><ent r="5" t="265" w="337" /><ent r="5" t="265" w="354" /><ent r="5" t="274" w="122" /><ent r="5" t="274" w="147" /><ent r="5" t="274" w="211" /><ent r="5" t="274" w="236" /><ent r="3" t="275" w="141" /><ent r="3" t="275" w="546" /><ent r="3" t="290" w="126" /><ent r="3" t="290" w="160" /><ent r="3" t="297" w="740" /><ent r="3" t="306" w="306" /><ent r="3" t="312" w="9" /></phr><phr n="sets"><ent r="3" t="7" w="343" /><ent r="3" t="15" w="619" /><ent r="3" t="18" w="908" /><ent r="3" t="33" w="32" /><ent r="3" t="42" w="775" /><ent r="4" t="59" w="396" /><ent r="3" t="77" w="14" /><ent r="3" t="109" w="13" /><ent r="4" t="140" w="266" /><ent r="3" t="150" w="164" /><ent r="3" t="165" w="45" /><ent r="3" t="241" w="593" /><ent r="3" t="264" w="29" /></phr><phr n="settings"><ent r="3" t="36" w="40" /><ent r="64" t="46" w="329" /><ent r="3" t="79" w="64" /><ent r="3" t="81" w="14" /><ent r="3" t="81" w="37" /><ent r="7" t="128" w="213" /><ent r="7" t="128" w="276" /><ent r="3" t="142" w="45" /><ent r="3" t="142" w="519" /><ent r="3" t="143" w="55" /><ent r="6" t="143" w="306" /><ent r="3" t="150" w="160" /><ent r="3" t="159" w="10" /><ent r="3" t="173" w="18" /><ent r="3" t="173" w="67" /><ent r="3" t="175" w="37" /><ent r="4" t="179" w="159" /><ent r="4" t="179" w="192" /><ent r="3" t="195" w="48" /><ent r="3" t="195" w="62" /><ent r="3" t="202" w="69" /><ent r="3" t="209" w="32" /><ent r="3" t="209" w="158" /><ent r="3" t="223" w="14" /><ent r="3" t="225" w="54" /><ent r="3" t="231" w="87" /><ent r="3" t="237" w="22" /><ent r="3" t="272" w="337" /><ent r="64" t="281" w="56" /><ent r="3" t="282" w="197" /><ent r="3" t="282" w="382" /></phr><phr n="setting"><ent r="3" t="36" w="52" /><ent r="3" t="36" w="158" /><ent r="3" t="36" w="170" /><ent r="3" t="112" w="118" /><ent r="2" t="127" w="242" /><ent r="2" t="127" w="250" /><ent r="8" t="143" w="71" /><ent r="8" t="143" w="91" /><ent r="6" t="143" w="397" /><ent r="3" t="145" w="32" /><ent r="3" t="149" w="9" /><ent r="3" t="149" w="74" /><ent r="3" t="152" w="71" /><ent r="3" t="152" w="145" /><ent r="3" t="153" w="86" /><ent r="3" t="153" w="102" /><ent r="3" t="168" w="15" /><ent r="3" t="170" w="10" /><ent r="8" t="173" w="81" /><ent r="8" t="173" w="112" /><ent r="3" t="175" w="9" /><ent r="3" t="176" w="62" /><ent r="3" t="176" w="74" /><ent r="3" t="176" w="90" /><ent r="3" t="177" w="41" /><ent r="3" t="177" w="54" /><ent r="3" t="177" w="98" /><ent r="3" t="179" w="268" /><ent r="3" t="180" w="62" /><ent r="3" t="185" w="19" /><ent r="3" t="188" w="403" /><ent r="3" t="204" w="25" /><ent r="3" t="218" w="19" /><ent r="3" t="221" w="19" /><ent r="3" t="223" w="315" /><ent r="3" t="224" w="110" /><ent r="3" t="224" w="195" /><ent r="3" t="275" w="434" /><ent r="4" t="278" w="55" /><ent r="3" t="279" w="37" /><ent r="3" t="279" w="70" /><ent r="3" t="284" w="29" /></phr><phr n="Set"><ent r="5" t="49" w="872" /><ent r="5" t="49" w="892" /><ent r="4" t="82" w="85" /><ent r="4" t="82" w="118" /><ent r="5" t="99" w="190" /><ent r="5" t="99" w="207" /><ent r="64" t="107" w="103" /><ent r="1000" t="109" w="2" /><ent r="102" t="109" w="5" /><ent r="3" t="144" w="56" /><ent r="4" t="145" w="192" /><ent r="4" t="145" w="224" /><ent r="4" t="146" w="225" /><ent r="4" t="146" w="257" /><ent r="4" t="159" w="62" /><ent r="4" t="159" w="89" /><ent r="6" t="173" w="146" /><ent r="6" t="173" w="164" /><ent r="6" t="173" w="235" /><ent r="6" t="173" w="247" /><ent r="3" t="180" w="55" /><ent r="4" t="183" w="58" /><ent r="4" t="183" w="88" /><ent r="6" t="202" w="84" /><ent r="6" t="202" w="99" /><ent r="6" t="202" w="110" /><ent r="6" t="202" w="119" /><ent r="6" t="209" w="259" /><ent r="6" t="209" w="267" /><ent r="6" t="209" w="297" /><ent r="6" t="209" w="313" /><ent r="4" t="216" w="61" /><ent r="4" t="216" w="93" /><ent r="4" t="217" w="61" /><ent r="4" t="217" w="93" /><ent r="1000" t="220" w="1" /><ent r="102" t="220" w="5" /><ent r="4" t="222" w="74" /><ent r="4" t="222" w="106" /><ent r="5" t="251" w="123" /><ent r="5" t="251" w="140" /><ent r="5" t="263" w="186" /><ent r="5" t="263" w="203" /><ent r="5" t="264" w="266" /><ent r="5" t="264" w="282" /><ent r="92" t="266" w="33" /></phr><phr n="Setting"><ent r="4" t="95" w="127" /><ent r="4" t="95" w="140" /></phr><phr n="Settings"><ent r="92" t="142" w="514" /></phr><phr n="Sets"><ent r="3" t="200" w="13" /><ent r="3" t="216" w="9" /><ent r="3" t="217" w="9" /></phr></stem></index>