﻿<?xml version="1.0" encoding="utf-8"?>
<Stylesheet>
    <Styles>
        <Style Name="AccordionItem">
            <Properties>
                <Property Name="FontFamily">Tahoma,Arial,Helvetica,sans-serif</Property>
                <Property Name="FontSize">12px</Property>
                <Property Name="FontStyle">normal</Property>
                <Property Name="Color">#404748</Property>
                <Property Name="BackgroundGradient">vertical #404748 #101313</Property>
                <Property Name="BackgroundGradientHover">vertical #404748 #101313</Property>
                <Property Name="ItemHeight">28px</Property>
                <Property Name="BorderBottom">none 1px #abcee1</Property>
            </Properties>
            <Classes>
                <StyleClass Name="TOC">
                    <Properties>
                        <Property Name="Icon">url('TocIcon.gif')</Property>
                        <Property Name="Label">Table of contents</Property>
                        <Property Name="FontFamily">Tahoma,Arial,Helvetica,sans-serif</Property>
                        <Property Name="FontSize">12px</Property>
                        <Property Name="FontStyle">normal</Property>
                        <Property Name="Color">#404748</Property>
                        <Property Name="BackgroundGradient">vertical #fefefe #cbcbcb</Property>
                        <Property Name="BackgroundGradientHover">vertical #fefefe #cbcbcb</Property>
                        <Property Name="ItemHeight">28px</Property>
                        <Property Name="BorderBottom">none 1px #abcee1</Property>
                    </Properties>
                </StyleClass>
                <StyleClass Name="BrowseSequence">
                    <Properties>
                        <Property Name="Icon">url('BrowsesequenceIcon.gif')</Property>
                        <Property Name="Label">Browse Sequences</Property>
                        <Property Name="FontFamily">Tahoma,Arial,Helvetica,sans-serif</Property>
                        <Property Name="FontSize">12px</Property>
                        <Property Name="FontStyle">normal</Property>
                        <Property Name="Color">#404748</Property>
                        <Property Name="BackgroundGradient">vertical</Property>
                        <Property Name="BackgroundGradientHover">vertical</Property>
                        <Property Name="ItemHeight">28px</Property>
                        <Property Name="BorderBottom">none 1px #abcee1</Property>
                    </Properties>
                </StyleClass>
                <StyleClass Name="Favorites">
                    <Properties>
                        <Property Name="Icon">url('FavoritesIcon.gif')</Property>
                        <Property Name="Label">Favorites</Property>
                        <Property Name="FontFamily">Tahoma,Arial,Helvetica,sans-serif</Property>
                        <Property Name="FontSize">12px</Property>
                        <Property Name="FontStyle">normal</Property>
                        <Property Name="Color">#404748</Property>
                        <Property Name="BackgroundGradient">vertical #fefefe #cbcbcb</Property>
                        <Property Name="BackgroundGradientHover">vertical #fefefe #cbcbcb</Property>
                        <Property Name="ItemHeight">28px</Property>
                        <Property Name="BorderBottom">none 1px #abcee1</Property>
                    </Properties>
                </StyleClass>
                <StyleClass Name="Glossary">
                    <Properties>
                        <Property Name="Icon">url('GlossaryIcon.gif')</Property>
                        <Property Name="Label">Glossary</Property>
                        <Property Name="FontFamily">Tahoma,Arial,Helvetica,sans-serif</Property>
                        <Property Name="FontSize">12px</Property>
                        <Property Name="FontStyle">normal</Property>
                        <Property Name="Color">#404748</Property>
                        <Property Name="BackgroundGradient">vertical #fefefe #cbcbcb</Property>
                        <Property Name="BackgroundGradientHover">vertical #fefefe #cbcbcb</Property>
                        <Property Name="ItemHeight">28px</Property>
                        <Property Name="BorderBottom">none 1px #abcee1</Property>
                    </Properties>
                </StyleClass>
                <StyleClass Name="Index">
                    <Properties>
                        <Property Name="Icon">url('IndexIcon.gif')</Property>
                        <Property Name="Label">Index</Property>
                        <Property Name="FontFamily">Tahoma,Arial,Helvetica,sans-serif</Property>
                        <Property Name="FontSize">12px</Property>
                        <Property Name="FontStyle">normal</Property>
                        <Property Name="Color">#404748</Property>
                        <Property Name="BackgroundGradient">vertical #fefefe #cbcbcb</Property>
                        <Property Name="BackgroundGradientHover">vertical #fefefe #cbcbcb</Property>
                        <Property Name="ItemHeight">28px</Property>
                        <Property Name="BorderBottom">none 1px #abcee1</Property>
                    </Properties>
                </StyleClass>
                <StyleClass Name="Search">
                    <Properties>
                        <Property Name="Icon">url('SearchIcon.gif')</Property>
                        <Property Name="Label">Search</Property>
                        <Property Name="FontFamily">Tahoma,Arial,Helvetica,sans-serif</Property>
                        <Property Name="FontSize">12px</Property>
                        <Property Name="FontStyle">normal</Property>
                        <Property Name="Color">#404748</Property>
                        <Property Name="BackgroundGradient">vertical #fefefe #cbcbcb</Property>
                        <Property Name="BackgroundGradientHover">vertical #fefefe #cbcbcb</Property>
                        <Property Name="ItemHeight">28px</Property>
                        <Property Name="BorderBottom">none 1px #abcee1</Property>
                    </Properties>
                </StyleClass>
                <StyleClass Name="TopicComments">
                    <Properties>
                        <Property Name="Icon">url('TopiccommentsIcon.gif')</Property>
                        <Property Name="Label">Topic Comments</Property>
                        <Property Name="FontFamily">Tahoma,Arial,Helvetica,sans-serif</Property>
                        <Property Name="FontSize">12px</Property>
                        <Property Name="FontStyle">normal</Property>
                        <Property Name="Color">#404748</Property>
                        <Property Name="BackgroundGradient">vertical #fefefe #cbcbcb</Property>
                        <Property Name="BackgroundGradientHover">vertical #fefefe #cbcbcb</Property>
                        <Property Name="ItemHeight">28px</Property>
                        <Property Name="BorderBottom">none 1px #abcee1</Property>
                    </Properties>
                </StyleClass>
                <StyleClass Name="RecentComments">
                    <Properties>
                        <Property Name="Icon">url('RecentcommentsIcon.gif')</Property>
                        <Property Name="Label">Recent Comments</Property>
                        <Property Name="FontFamily">Tahoma,Arial,Helvetica,sans-serif</Property>
                        <Property Name="FontSize">12px</Property>
                        <Property Name="FontStyle">normal</Property>
                        <Property Name="Color">#404748</Property>
                        <Property Name="BackgroundGradient">vertical #fefefe #cbcbcb</Property>
                        <Property Name="BackgroundGradientHover">vertical #fefefe #cbcbcb</Property>
                        <Property Name="ItemHeight">28px</Property>
                        <Property Name="BorderBottom">none 1px #abcee1</Property>
                    </Properties>
                </StyleClass>
                <StyleClass Name="IconTray">
                    <Properties>
                        <Property Name="FontFamily">Tahoma,Arial,Helvetica,sans-serif</Property>
                        <Property Name="FontSize">12px</Property>
                        <Property Name="FontStyle">normal</Property>
                        <Property Name="Color">#404748</Property>
                        <Property Name="BackgroundGradient">vertical #fefefe #cbcbcb</Property>
                        <Property Name="BackgroundGradientHover">vertical #404748 #101313</Property>
                        <Property Name="ItemHeight">28px</Property>
                        <Property Name="BorderBottom">none 1px #abcee1</Property>
                    </Properties>
                </StyleClass>
            </Classes>
        </Style>
        <Style Name="Frame">
            <Classes>
                <StyleClass Name="NavigationTopDivider">
                    <Properties>
                        <Property Name="Height">1px</Property>
                        <Property Name="BackgroundGradient">vertical #fefefe #cbcbcb</Property>
                    </Properties>
                </StyleClass>
                <StyleClass Name="NavigationDragHandle">
                    <Properties>
                        <Property Name="BackgroundGradient">vertical #fefefe #cbcbcb</Property>
                        <Property Name="BackgroundGradientPressed">vertical #fefefe #cbcbcb</Property>
                    </Properties>
                </StyleClass>
                <StyleClass Name="Toolbar">
                    <Properties>
                        <Property Name="Height">50px</Property>
                        <Property Name="BackgroundGradient">vertical #404748 #101313</Property>
                    </Properties>
                </StyleClass>
                <StyleClass Name="TopicToolbar">
                    <Properties>
                        <Property Name="Height">28px</Property>
                        <Property Name="BackgroundImage">none</Property>
                    </Properties>
                </StyleClass>
                <StyleClass Name="BodyComments">
                    <Properties>
                        <Property Name="Label">Comments</Property>
                    </Properties>
                </StyleClass>
                <StyleClass Name="RecentComments">
                    <Properties>
                        <Property Name="Label">Recent Comments</Property>
                    </Properties>
                </StyleClass>
            </Classes>
        </Style>
        <Style Name="TocEntry">
            <Properties>
                <Property Name="Color">#404748</Property>
                <Property Name="TopicIcon">url(Topic.gif)</Property>
                <Property Name="BookIcon">url(Book.gif)</Property>
                <Property Name="BookOpenIcon">url(BookOpen.gif)</Property>
            </Properties>
        </Style>
        <Style Name="ToolbarItem">
            <Classes>
                <StyleClass Name="AddTopicToFavorites">
                    <Properties>
                        <Property Name="Icon">url(AddTopicToFavorites.gif)</Property>
                        <Property Name="PressedIcon">url(AddTopicToFavorites_selected.gif)</Property>
                        <Property Name="HoverIcon">url(AddTopicToFavorites_over.gif)</Property>
                        <Property Name="BackgroundGradient">solid #404647 #e0e0e0</Property>
                        <Property Name="ControlType">AddTopicToFavorites</Property>
                    </Properties>
                </StyleClass>
                <StyleClass Name="Back">
                    <Properties>
                        <Property Name="Icon">url(Back.gif)</Property>
                        <Property Name="PressedIcon">url(Back_selected.gif)</Property>
                        <Property Name="HoverIcon">url(Back_over.gif)</Property>
                        <Property Name="BackgroundGradient">solid #404647 #e0e0e0</Property>
                        <Property Name="ControlType">Back</Property>
                    </Properties>
                </StyleClass>
                <StyleClass Name="CollapseAll">
                    <Properties>
                        <Property Name="Icon">url(Collapse.gif)</Property>
                        <Property Name="PressedIcon">url(Collapse_selected.gif)</Property>
                        <Property Name="HoverIcon">url(Collapse_over.gif)</Property>
                        <Property Name="BackgroundGradient">solid #404647 #e0e0e0</Property>
                        <Property Name="ControlType">CollapseAll</Property>
                    </Properties>
                </StyleClass>
                <StyleClass Name="ExpandAll">
                    <Properties>
                        <Property Name="Icon">url(Expand.gif)</Property>
                        <Property Name="PressedIcon">url(Expand_selected.gif)</Property>
                        <Property Name="HoverIcon">url(Expand_over.gif)</Property>
                        <Property Name="BackgroundGradient">solid #404647 #e0e0e0</Property>
                        <Property Name="ControlType">ExpandAll</Property>
                    </Properties>
                </StyleClass>
                <StyleClass Name="Forward">
                    <Properties>
                        <Property Name="Icon">url(Forward.gif)</Property>
                        <Property Name="PressedIcon">url(Forward_selected.gif)</Property>
                        <Property Name="HoverIcon">url(Forward_over.gif)</Property>
                        <Property Name="BackgroundGradient">solid #404647 #e0e0e0</Property>
                        <Property Name="ControlType">Forward</Property>
                    </Properties>
                </StyleClass>
                <StyleClass Name="Home">
                    <Properties>
                        <Property Name="Icon">url(Home.gif)</Property>
                        <Property Name="PressedIcon">url(Home_selected.gif)</Property>
                        <Property Name="HoverIcon">url(Home_over.gif)</Property>
                        <Property Name="BackgroundGradient">solid #404647 #e0e0e0</Property>
                        <Property Name="ControlType">Home</Property>
                    </Properties>
                </StyleClass>
                <StyleClass Name="Print">
                    <Properties>
                        <Property Name="Icon">url(Print.gif)</Property>
                        <Property Name="PressedIcon">url(Print_selected.gif)</Property>
                        <Property Name="HoverIcon">url(Print_over.gif)</Property>
                        <Property Name="BackgroundGradient">solid #404647 #e0e0e0</Property>
                        <Property Name="ControlType">Print</Property>
                    </Properties>
                </StyleClass>
                <StyleClass Name="QuickSearch">
                    <Properties>
                        <Property Name="Icon">url(QuickSearch.gif)</Property>
                        <Property Name="PressedIcon">url(QuickSearch_selected.gif)</Property>
                        <Property Name="HoverIcon">url(QuickSearch_over.gif)</Property>
                        <Property Name="BackgroundGradient">solid #404647 #e0e0e0</Property>
                        <Property Name="ControlType">QuickSearch</Property>
                    </Properties>
                </StyleClass>
                <StyleClass Name="Refresh">
                    <Properties>
                        <Property Name="Icon">url(Refresh.gif)</Property>
                        <Property Name="PressedIcon">url(Refresh_selected.gif)</Property>
                        <Property Name="HoverIcon">url(Refresh_over.gif)</Property>
                        <Property Name="BackgroundGradient">solid #404647 #e0e0e0</Property>
                        <Property Name="ControlType">Refresh</Property>
                    </Properties>
                </StyleClass>
                <StyleClass Name="RemoveHighlight">
                    <Properties>
                        <Property Name="Icon">url(Highlight.gif)</Property>
                        <Property Name="PressedIcon">url(Highlight_selected.gif)</Property>
                        <Property Name="HoverIcon">url(Highlight_over.gif)</Property>
                        <Property Name="BackgroundGradient">solid #404647 #e0e0e0</Property>
                        <Property Name="ControlType">RemoveHighlight</Property>
                    </Properties>
                </StyleClass>
                <StyleClass Name="SelectRecentComments">
                    <Properties>
                        <Property Name="Icon">url('SelectRecentcomments.gif')</Property>
                        <Property Name="PressedIcon">url('SelectRecentcomments_selected.gif')</Property>
                        <Property Name="HoverIcon">url('SelectRecentcomments_over.gif')</Property>
                        <Property Name="BackgroundGradient">solid #404647 #e0e0e0</Property>
                        <Property Name="ControlType">SelectRecentComments</Property>
                    </Properties>
                </StyleClass>
                <StyleClass Name="SelectTopicComments">
                    <Properties>
                        <Property Name="Icon">url('SelectTopiccomments.gif')</Property>
                        <Property Name="PressedIcon">url('SelectTopiccomments_selected.gif')</Property>
                        <Property Name="HoverIcon">url('SelectTopiccomments_over.gif')</Property>
                        <Property Name="BackgroundGradient">solid #404647 #e0e0e0</Property>
                        <Property Name="ControlType">SelectTopicComments</Property>
                    </Properties>
                </StyleClass>
                <StyleClass Name="SelectBrowseSequence">
                    <Properties>
                        <Property Name="Icon">url(SelectBrowsesequence.gif)</Property>
                        <Property Name="PressedIcon">url(SelectBrowsesequence_selected.gif)</Property>
                        <Property Name="HoverIcon">url(SelectBrowsesequence_over.gif)</Property>
                        <Property Name="BackgroundGradient">solid #404647 #e0e0e0</Property>
                        <Property Name="ControlType">SelectBrowseSequence</Property>
                    </Properties>
                </StyleClass>
                <StyleClass Name="SelectFavorites">
                    <Properties>
                        <Property Name="Icon">url(SelectFavorites.gif)</Property>
                        <Property Name="PressedIcon">url(SelectFavorites_selected.gif)</Property>
                        <Property Name="HoverIcon">url(SelectFavorites_over.gif)</Property>
                        <Property Name="BackgroundGradient">solid #404647 #e0e0e0</Property>
                        <Property Name="ControlType">SelectFavorites</Property>
                    </Properties>
                </StyleClass>
                <StyleClass Name="SelectGlossary">
                    <Properties>
                        <Property Name="Icon">url(SelectGlossary.gif)</Property>
                        <Property Name="PressedIcon">url(SelectGlossary_selected.gif)</Property>
                        <Property Name="HoverIcon">url(SelectGlossary_over.gif)</Property>
                        <Property Name="BackgroundGradient">solid #404647 #e0e0e0</Property>
                        <Property Name="ControlType">SelectGlossary</Property>
                    </Properties>
                </StyleClass>
                <StyleClass Name="SelectIndex">
                    <Properties>
                        <Property Name="Icon">url(SelectIndex.gif)</Property>
                        <Property Name="PressedIcon">url(SelectIndex_selected.gif)</Property>
                        <Property Name="HoverIcon">url(SelectIndex_over.gif)</Property>
                        <Property Name="BackgroundGradient">solid #404647 #e0e0e0</Property>
                        <Property Name="ControlType">SelectIndex</Property>
                    </Properties>
                </StyleClass>
                <StyleClass Name="SelectSearch">
                    <Properties>
                        <Property Name="Icon">url(SelectSearch.gif)</Property>
                        <Property Name="PressedIcon">url(SelectSearch_selected.gif)</Property>
                        <Property Name="HoverIcon">url(SelectSearch_over.gif)</Property>
                        <Property Name="BackgroundGradient">solid #404647 #e0e0e0</Property>
                        <Property Name="ControlType">SelectSearch</Property>
                    </Properties>
                </StyleClass>
                <StyleClass Name="SelectTOC">
                    <Properties>
                        <Property Name="Icon">url(SelectToc.gif)</Property>
                        <Property Name="PressedIcon">url(SelectToc_selected.gif)</Property>
                        <Property Name="HoverIcon">url(SelectToc_over.gif)</Property>
                        <Property Name="BackgroundGradient">solid #404647 #e0e0e0</Property>
                        <Property Name="ControlType">SelectTOC</Property>
                    </Properties>
                </StyleClass>
                <StyleClass Name="Stop">
                    <Properties>
                        <Property Name="Icon">url(Stop.gif)</Property>
                        <Property Name="PressedIcon">url(Stop_selected.gif)</Property>
                        <Property Name="HoverIcon">url(Stop_over.gif)</Property>
                        <Property Name="BackgroundGradient">solid #404647 #e0e0e0</Property>
                        <Property Name="ControlType">Stop</Property>
                    </Properties>
                </StyleClass>
                <StyleClass Name="ToggleNavigationPane">
                    <Properties>
                        <Property Name="Icon">url(HideNavigation.gif)</Property>
                        <Property Name="PressedIcon">url(HideNavigation_selected.gif)</Property>
                        <Property Name="HoverIcon">url(HideNavigation_over.gif)</Property>
                        <Property Name="BackgroundGradient">solid #404647 #e0e0e0</Property>
                        <Property Name="ControlType">ToggleNavigationPane</Property>
                        <Property Name="CheckedIcon">url(HideNavigation_checked.gif)</Property>
                    </Properties>
                </StyleClass>
                <StyleClass Name="NextTopic">
                    <Properties>
                        <Property Name="Icon">url('NextTopic.gif')</Property>
                        <Property Name="PressedIcon">url('NextTopic_selected.gif')</Property>
                        <Property Name="HoverIcon">url('NextTopic_over.gif')</Property>
                        <Property Name="BackgroundGradient">solid #404647 #e0e0e0</Property>
                        <Property Name="ControlType">NextTopic</Property>
                    </Properties>
                </StyleClass>
                <StyleClass Name="PreviousTopic">
                    <Properties>
                        <Property Name="Icon">url('PreviousTopic.gif')</Property>
                        <Property Name="PressedIcon">url('PreviousTopic_selected.gif')</Property>
                        <Property Name="HoverIcon">url('PreviousTopic_over.gif')</Property>
                        <Property Name="BackgroundGradient">solid #404647 #e0e0e0</Property>
                        <Property Name="ControlType">PreviousTopic</Property>
                    </Properties>
                </StyleClass>
                <StyleClass Name="SyncTOC">
                    <Properties>
                        <Property Name="Icon">url('SyncToc.gif')</Property>
                        <Property Name="PressedIcon">url('SyncToc_selected.gif')</Property>
                        <Property Name="HoverIcon">url('SyncToc_over.gif')</Property>
                        <Property Name="BackgroundGradient">solid #404647 #e0e0e0</Property>
                    </Properties>
                </StyleClass>
                <StyleClass Name="AutoSyncTOC">
                    <Properties>
                        <Property Name="CheckedIcon">url('AutoSyncToc_checked.gif')</Property>
                        <Property Name="Icon">url('AutoSyncToc.gif')</Property>
                        <Property Name="PressedIcon">url('AutoSyncToc_selected.gif')</Property>
                        <Property Name="HoverIcon">url('AutoSyncToc_over.gif')</Property>
                        <Property Name="BackgroundGradient">solid #404647 #e0e0e0</Property>
                    </Properties>
                </StyleClass>
                <StyleClass Name="Logo">
                    <Properties>
                        <Property Name="Icon">url('versant.png')</Property>
                        <Property Name="BackgroundGradient">solid #404647 #e0e0e0</Property>
                        <Property Name="ControlType">Logo</Property>
                    </Properties>
                </StyleClass>
                <StyleClass Name="AccordionTitle">
                    <Properties>
                        <Property Name="Color">#ffffff</Property>
                        <Property Name="BackgroundGradient">solid #404647 #e0e0e0</Property>
                        <Property Name="ControlType">AccordionTitle</Property>
                    </Properties>
                </StyleClass>
                <StyleClass Name="TopicRatings">
                    <Properties>
                        <Property Name="BackgroundGradient">solid #404647 #e0e0e0</Property>
                        <Property Name="ControlType">TopicRatings</Property>
                        <Property Name="EmptyIcon">url('resources:WebHelp/Default.flwht/Images/Rating0.gif')</Property>
                        <Property Name="HalfFullIcon">url('resources:WebHelp/Default.flwht/Images/RatingGold50.gif')</Property>
                        <Property Name="FullIcon">url('resources:WebHelp/Default.flwht/Images/RatingGold100.gif')</Property>
                    </Properties>
                </StyleClass>
                <StyleClass Name="EditUserProfile">
                    <Properties>
                        <Property Name="Icon">url('resources:WebHelp/Default.flwht/Images/EditUserProfile.gif')</Property>
                        <Property Name="PressedIcon">url('resources:WebHelp/Default.flwht/Images/EditUserProfile_selected.gif')</Property>
                        <Property Name="HoverIcon">url('resources:WebHelp/Default.flwht/Images/EditUserProfile_over.gif')</Property>
                        <Property Name="BackgroundGradient">solid #404647 #e0e0e0</Property>
                        <Property Name="ControlType">EditUserProfile</Property>
                    </Properties>
                </StyleClass>
                <StyleClass Name="CurrentTopicIndex">
                    <Properties>
                        <Property Name="Label">Page {n} of {total}</Property>
                        <Property Name="BackgroundGradient">solid #404647 #e0e0e0</Property>
                        <Property Name="PaddingLeft">2px</Property>
                        <Property Name="PaddingRight">2px</Property>
                        <Property Name="ControlType">CurrentTopicIndex</Property>
                    </Properties>
                </StyleClass>
                <StyleClass Name="Separator">
                    <Properties>
                        <Property Name="BackgroundGradient">solid #404647 #e0e0e0</Property>
                        <Property Name="ControlType">Separator</Property>
                    </Properties>
                </StyleClass>
            </Classes>
            <Properties>
                <Property Name="BackgroundGradient">solid #404647 #e0e0e0</Property>
            </Properties>
        </Style>
        <Style Name="IndexEntry">
            <Properties>
                <Property Name="Color">#404748</Property>
            </Properties>
        </Style>
        <Style Name="IndexEntryPopup">
            <Properties>
                <Property Name="Color">#404748</Property>
                <Property Name="BackgroundColor">#fefefe</Property>
            </Properties>
        </Style>
        <Style Name="Formats">
            <Properties>
                <Property Name="CrossReferenceFormat">See \"{paratext}\"</Property>
                <Property Name="CrossReferencePrintFormat">See \"{paratext}\" on page {page}</Property>
                <Property Name="CrossReferenceBelow">below</Property>
                <Property Name="CrossReferenceAbove">above</Property>
                <Property Name="CrossReferenceOnPage">on page </Property>
                <Property Name="CrossReferenceOnPreviousPage">on previous page</Property>
                <Property Name="CrossReferenceOnNextPage">on next page</Property>
                <Property Name="CrossReferenceOnFacingPage">on the facing page</Property>
                <Property Name="BreadcrumbsYouAreHereText">You are here: </Property>
                <Property Name="KeywordLinkText">Search Index</Property>
                <Property Name="RelatedTopicsText">Related Topics</Property>
                <Property Name="ConceptLinkText">See Also</Property>
            </Properties>
        </Style>
        <Style Name="Control">
            <Classes>
                <StyleClass Name="SearchButton">
                    <Properties>
                        <Property Name="Border">0px</Property>
                        <Property Name="Label">Search</Property>
                    </Properties>
                </StyleClass>
                <StyleClass Name="SearchBox">
                </StyleClass>
                <StyleClass Name="SearchFavoritesDeleteButton">
                    <Properties>
                        <Property Name="Icon">url('Delete.gif')</Property>
                        <Property Name="PressedIcon">url('Delete_selected.gif')</Property>
                        <Property Name="HoverIcon">url('Delete_over.gif')</Property>
                    </Properties>
                </StyleClass>
                <StyleClass Name="TopicFavoritesDeleteButton">
                    <Properties>
                        <Property Name="Icon">url('Delete.gif')</Property>
                        <Property Name="PressedIcon">url('Delete_selected.gif')</Property>
                        <Property Name="HoverIcon">url('Delete_over.gif')</Property>
                    </Properties>
                </StyleClass>
                <StyleClass Name="AddSearchToFavoritesButton">
                    <Properties>
                        <Property Name="Icon">url('AddSearchToFavorites.gif')</Property>
                        <Property Name="PressedIcon">url('AddSearchToFavorites_selected.gif')</Property>
                        <Property Name="HoverIcon">url('AddSearchToFavorites_over.gif')</Property>
                    </Properties>
                </StyleClass>
                <StyleClass Name="SearchResults">
                    <Properties>
                        <Property Name="RankLabel">Rank</Property>
                        <Property Name="TitleLabel">Title</Property>
                    </Properties>
                </StyleClass>
                <StyleClass Name="CommentsAddButton">
                    <Properties>
                        <Property Name="Icon">url('AddComment.gif')</Property>
                        <Property Name="PressedIcon">url('AddComment_selected.gif')</Property>
                        <Property Name="HoverIcon">url('AddComment_over.gif')</Property>
                    </Properties>
                </StyleClass>
                <StyleClass Name="CommentsReplyButton">
                    <Properties>
                        <Property Name="Icon">url('ReplyComment.gif')</Property>
                        <Property Name="PressedIcon">url('ReplyComment_selected.gif')</Property>
                        <Property Name="HoverIcon">url('ReplyComment_over.gif')</Property>
                    </Properties>
                </StyleClass>
                <StyleClass Name="CommentsRefreshButton">
                    <Properties>
                        <Property Name="Icon">url('RefreshTopicComments.gif')</Property>
                        <Property Name="PressedIcon">url('RefreshTopicComments_selected.gif')</Property>
                        <Property Name="HoverIcon">url('RefreshTopicComments_over.gif')</Property>
                    </Properties>
                </StyleClass>
                <StyleClass Name="CommentNode">
                    <Properties>
                        <Property Name="Icon">url('Comment.gif')</Property>
                    </Properties>
                </StyleClass>
                <StyleClass Name="CommentReplyNode">
                    <Properties>
                        <Property Name="Icon">url('CommentReply.gif')</Property>
                    </Properties>
                </StyleClass>
                <StyleClass Name="NavigationLinkTop">
                    <Properties>
                        <Property Name="Label">Open topic with navigation</Property>
                    </Properties>
                </StyleClass>
                <StyleClass Name="NavigationLinkBottom">
                    <Properties>
                        <Property Name="Label">Open topic with navigation</Property>
                    </Properties>
                </StyleClass>
            </Classes>
        </Style>
        <Style Name="Dialog">
            <Classes>
                <StyleClass Name="Rating">
                    <Properties>
                        <Property Name="CommentLengthExceeded">The maximum comment length was exceeded by {n} characters.</Property>
                    </Properties>
                </StyleClass>
                <StyleClass Name="AddComment">
                    <Properties>
                        <Property Name="CommentLengthExceeded">The maximum comment length was exceeded by {n} characters.</Property>
                    </Properties>
                </StyleClass>
                <StyleClass Name="ReplyComment">
                    <Properties>
                        <Property Name="CommentLengthExceeded">The maximum comment length was exceeded by {n} characters.</Property>
                    </Properties>
                </StyleClass>
            </Classes>
        </Style>
        <Style Name="Relationships">
            <Classes>
                <StyleClass Name="concept">
                    <Properties>
                        <Property Name="Label">Concept Information</Property>
                    </Properties>
                </StyleClass>
                <StyleClass Name="task">
                    <Properties>
                        <Property Name="Label">Related Tasks</Property>
                    </Properties>
                </StyleClass>
                <StyleClass Name="reference">
                    <Properties>
                        <Property Name="Label">Reference Materials</Property>
                    </Properties>
                </StyleClass>
            </Classes>
        </Style>
        <Style Name="FeedbackUserProfileItem">
            <Classes>
                <StyleClass Name="MiddleName">
                    <Properties>
                        <Property Name="Label">Middle Name</Property>
                    </Properties>
                </StyleClass>
                <StyleClass Name="Address1">
                    <Properties>
                        <Property Name="Label">Address</Property>
                    </Properties>
                </StyleClass>
                <StyleClass Name="Address2">
                    <Properties>
                        <Property Name="Label">Address2</Property>
                    </Properties>
                </StyleClass>
                <StyleClass Name="Address3">
                    <Properties>
                        <Property Name="Label">Address3</Property>
                    </Properties>
                </StyleClass>
                <StyleClass Name="Address4">
                    <Properties>
                        <Property Name="Label">Address4</Property>
                    </Properties>
                </StyleClass>
                <StyleClass Name="City">
                    <Properties>
                        <Property Name="Label">City</Property>
                    </Properties>
                </StyleClass>
                <StyleClass Name="State">
                    <Properties>
                        <Property Name="Label">State</Property>
                    </Properties>
                </StyleClass>
                <StyleClass Name="Phone1">
                    <Properties>
                        <Property Name="Label">Home Phone</Property>
                    </Properties>
                </StyleClass>
                <StyleClass Name="Phone2">
                    <Properties>
                        <Property Name="Label">Work Phone</Property>
                    </Properties>
                </StyleClass>
                <StyleClass Name="Phone3">
                    <Properties>
                        <Property Name="Label">Mobile Phone</Property>
                    </Properties>
                </StyleClass>
                <StyleClass Name="Fax">
                    <Properties>
                        <Property Name="Label">Fax</Property>
                    </Properties>
                </StyleClass>
                <StyleClass Name="Birthdate">
                    <Properties>
                        <Property Name="Label">Birthdate</Property>
                    </Properties>
                </StyleClass>
                <StyleClass Name="Date">
                    <Properties>
                        <Property Name="Label">Date</Property>
                    </Properties>
                </StyleClass>
                <StyleClass Name="Employer">
                    <Properties>
                        <Property Name="Label">Employer</Property>
                    </Properties>
                </StyleClass>
                <StyleClass Name="Occupation">
                    <Properties>
                        <Property Name="Label">Occupation</Property>
                    </Properties>
                </StyleClass>
                <StyleClass Name="Department">
                    <Properties>
                        <Property Name="Label">Department</Property>
                    </Properties>
                </StyleClass>
                <StyleClass Name="Custom1">
                    <Properties>
                        <Property Name="Label">Custom1</Property>
                    </Properties>
                </StyleClass>
                <StyleClass Name="Custom2">
                    <Properties>
                        <Property Name="Label">Custom2</Property>
                    </Properties>
                </StyleClass>
                <StyleClass Name="Custom3">
                    <Properties>
                        <Property Name="Label">Custom3</Property>
                    </Properties>
                </StyleClass>
                <StyleClass Name="Custom4">
                    <Properties>
                        <Property Name="Label">Custom4</Property>
                    </Properties>
                </StyleClass>
                <StyleClass Name="Custom5">
                    <Properties>
                        <Property Name="Label">Custom5</Property>
                    </Properties>
                </StyleClass>
                <StyleClass Name="Custom6">
                    <Properties>
                        <Property Name="Label">Custom6</Property>
                    </Properties>
                </StyleClass>
                <StyleClass Name="Custom7">
                    <Properties>
                        <Property Name="Label">Custom7</Property>
                    </Properties>
                </StyleClass>
                <StyleClass Name="Custom8">
                    <Properties>
                        <Property Name="Label">Custom8</Property>
                    </Properties>
                </StyleClass>
                <StyleClass Name="Custom9">
                    <Properties>
                        <Property Name="Label">Custom9</Property>
                    </Properties>
                </StyleClass>
                <StyleClass Name="Custom10">
                    <Properties>
                        <Property Name="Label">Custom10</Property>
                    </Properties>
                </StyleClass>
            </Classes>
        </Style>
    </Styles>
    <Resources>
    </Resources>
    <ResourcesInfo>
        <Resource Name="AddTopicToFavorites.gif" Width="23" Height="22" />
        <Resource Name="AddTopicToFavorites_selected.gif" Width="23" Height="22" />
        <Resource Name="AddTopicToFavorites_over.gif" Width="23" Height="22" />
        <Resource Name="HideNavigation.gif" Width="23" Height="22" />
        <Resource Name="HideNavigation_selected.gif" Width="23" Height="22" />
        <Resource Name="HideNavigation_over.gif" Width="23" Height="22" />
        <Resource Name="HideNavigation_checked.gif" Width="23" Height="22" />
        <Resource Name="Print.gif" Width="23" Height="22" />
        <Resource Name="Print_selected.gif" Width="23" Height="22" />
        <Resource Name="Print_over.gif" Width="23" Height="22" />
        <Resource Name="Highlight.gif" Width="23" Height="22" />
        <Resource Name="Highlight_selected.gif" Width="23" Height="22" />
        <Resource Name="Highlight_over.gif" Width="23" Height="22" />
        <Resource Name="Back.gif" Width="23" Height="22" />
        <Resource Name="Back_selected.gif" Width="23" Height="22" />
        <Resource Name="Back_over.gif" Width="23" Height="22" />
        <Resource Name="Forward.gif" Width="23" Height="22" />
        <Resource Name="Forward_selected.gif" Width="23" Height="22" />
        <Resource Name="Forward_over.gif" Width="23" Height="22" />
        <Resource Name="SelectToc.gif" Width="23" Height="22" />
        <Resource Name="SelectToc_selected.gif" Width="23" Height="22" />
        <Resource Name="SelectToc_over.gif" Width="23" Height="22" />
        <Resource Name="SelectIndex.gif" Width="23" Height="22" />
        <Resource Name="SelectIndex_selected.gif" Width="23" Height="22" />
        <Resource Name="SelectIndex_over.gif" Width="23" Height="22" />
        <Resource Name="SelectSearch.gif" Width="23" Height="22" />
        <Resource Name="SelectSearch_selected.gif" Width="23" Height="22" />
        <Resource Name="SelectSearch_over.gif" Width="23" Height="22" />
        <Resource Name="SelectGlossary.gif" Width="23" Height="22" />
        <Resource Name="SelectGlossary_selected.gif" Width="23" Height="22" />
        <Resource Name="SelectGlossary_over.gif" Width="23" Height="22" />
        <Resource Name="SelectFavorites.gif" Width="23" Height="22" />
        <Resource Name="SelectFavorites_selected.gif" Width="23" Height="22" />
        <Resource Name="SelectFavorites_over.gif" Width="23" Height="22" />
        <Resource Name="versant.png" Width="152" Height="34" />
        <Resource Name="TocIcon.gif" Width="16" Height="16" />
        <Resource Name="IndexIcon.gif" Width="16" Height="16" />
        <Resource Name="SearchIcon.gif" Width="16" Height="16" />
        <Resource Name="FavoritesIcon.gif" Width="16" Height="16" />
        <Resource Name="BrowsesequenceIcon.gif" Width="16" Height="16" />
        <Resource Name="GlossaryIcon.gif" Width="16" Height="16" />
        <Resource Name="TopiccommentsIcon.gif" Width="16" Height="16" />
        <Resource Name="RecentcommentsIcon.gif" Width="16" Height="16" />
        <Resource Name="Topic.gif" Width="16" Height="16" />
        <Resource Name="Book.gif" Width="16" Height="16" />
        <Resource Name="BookOpen.gif" Width="16" Height="16" />
        <Resource Name="Delete.gif" Width="23" Height="22" />
        <Resource Name="Delete_selected.gif" Width="23" Height="22" />
        <Resource Name="Delete_over.gif" Width="23" Height="22" />
        <Resource Name="Delete.gif" Width="23" Height="22" />
        <Resource Name="Delete_selected.gif" Width="23" Height="22" />
        <Resource Name="Delete_over.gif" Width="23" Height="22" />
        <Resource Name="AddSearchToFavorites.gif" Width="23" Height="22" />
        <Resource Name="AddSearchToFavorites_selected.gif" Width="23" Height="22" />
        <Resource Name="AddSearchToFavorites_over.gif" Width="23" Height="22" />
        <Resource Name="AddComment.gif" Width="23" Height="22" />
        <Resource Name="AddComment_selected.gif" Width="23" Height="22" />
        <Resource Name="AddComment_over.gif" Width="23" Height="22" />
        <Resource Name="ReplyComment.gif" Width="23" Height="22" />
        <Resource Name="ReplyComment_selected.gif" Width="23" Height="22" />
        <Resource Name="ReplyComment_over.gif" Width="23" Height="22" />
        <Resource Name="RefreshTopicComments.gif" Width="23" Height="22" />
        <Resource Name="RefreshTopicComments_selected.gif" Width="23" Height="22" />
        <Resource Name="RefreshTopicComments_over.gif" Width="23" Height="22" />
        <Resource Name="Comment.gif" Width="16" Height="16" />
        <Resource Name="CommentReply.gif" Width="16" Height="16" />
    </ResourcesInfo>
</Stylesheet>